1,6.699948657334806,5.872682237893343,5.872682237893343,8.283874052870033,1.0,0.0,1.0,1.0,1.0,1.0,2.255849526351038,1.2755388361207096,0.6514420505017318,0.31705920470513776,2.436447366351362,1.878306908129711
0,1.8762650616729815,2.036978453416091,1.8911207756074757,2.036978453416091,1.0,1.0,1.0,0.0,1.0,1.0,-1.155893737051529,0.2612262469705027,0.7173030782561671,1.976965893475446,-0.3295681926441625,0.5535645354296052
0,-2.798601098541189,0.6130420760726343,-3.0876134427600945,0.6130420760726343,0.0,1.0,0.0,1.0,1.0,1.0,-1.336914723971538,-2.1051900220539967,-1.713938225539862,-1.1145224273375147,-1.1593769727736705,-0.6687043462363137
0,0.8931497652634233,2.6873760984150836,1.609938996688711,2.6873760984150836,1.0,0.0,0.0,1.0,0.0,0.0,-0.3772133021416447,1.0942193633862978,-0.018083510564610772,-0.5566801523783657,-0.8341320822039766,-0.06382242809624551
1,4.5245167623358835,4.183958316673296,4.183958316673296,5.305550239813745,0.0,1.0,0.0,1.0,1.0,0.0,0.5951379656912368,2.0254560157296186,2.3387529644513307,1.872385812770617,1.9690285159042746,-0.43028857821078237
1,4.700442198993058,2.3199183773806027,2.3199183773806027,2.798051616224864,1.0,0.0,0.0,1.0,0.0,0.0,1.1882208630963258,-0.28684943127506707,0.10724309239785224,-0.43930519882245056,1.2737775557954638,1.7761072314922899
1,5.357130000163663,4.575950966938566,4.575950966938566,3.811663988900176,1.0,1.0,1.0,1.0,1.0,1.0,0.17893626802159365,1.1209638142910021,0.7023239428770813,1.1774230949867117,1.128372092237897,-0.01126810015203683
1,0.9719683116672461,-0.911725426724363,-0.911725426724363,0.17718754293997455,0.0,0.0,0.0,1.0,0.0,0.0,-0.4153683305304106,-1.3321966009113229,-1.5904154298492132,-1.553368608479779,-0.9276565527299524,0.34256911771039034
1,4.314324318540671,3.4828883770329604,3.4828883770329604,3.906963487370024,0.0,1.0,1.0,1.0,1.0,1.0,0.5428875668136801,0.4673406659524265,0.3514215009822689,0.7152728520472755,0.8656733099111928,-1.2575554881838615
1,5.090478148292602,3.622248038200673,3.622248038200673,3.4474641453461468,0.0,0.0,1.0,1.0,1.0,0.0,1.2934514836868651,0.6455704282457893,-0.35015877994777134,0.9136945721055671,2.066183376806313,2.1028721512648385
1,6.238550188982206,5.089395132526311,5.089395132526311,7.759792656221875,1.0,0.0,0.0,1.0,0.0,0.0,1.8306785177302565,1.909358141441395,0.03488304732514319,-0.03177774310966308,-0.8190752210743569,-1.099208131536648
0,0.06877041453237553,4.102776560716983,2.1990007931953857,4.102776560716983,1.0,1.0,1.0,1.0,1.0,1.0,0.4495086443522434,-0.3026924677915943,1.5252745604243674,-1.0744561139851738,-0.052183315383836526,-0.14944537448931822
0,0.6782838130074985,4.485467208217752,0.5331157820376328,4.485467208217752,1.0,1.0,0.0,0.0,0.0,1.0,0.16639407887945415,-1.0828926296346963,0.12695514884635228,-0.546952432237168,-1.286518469491769,-0.8880408550235583
1,5.04340611833535,2.072907584994378,2.072907584994378,4.06634312679573,0.0,1.0,0.0,0.0,0.0,0.0,2.1528510140185184,-0.08184338675595809,1.0595687351650667,0.2494009061092579,0.7146622862210535,0.23143288132634104
1,3.016638128616333,0.9928171684009924,0.9928171684009924,2.991799791756384,1.0,1.0,0.0,0.0,1.0,1.0,0.7568793516743717,-0.9198214679937433,-0.9053180780316313,-0.5927897847976046,-2.298650732907488,-0.7506115581422563
0,0.22181987560751437,1.567304126336779,-0.08588174173020009,1.567304126336779,0.0,1.0,0.0,1.0,0.0,0.0,0.7537611247651517,-1.591158240538809,1.299951154754206,0.9131385314941608,-0.20624780009652915,1.2444513792466014
1,3.6578454050772264,2.443833771586626,2.443833771586626,4.255283962497008,1.0,0.0,1.0,1.0,0.0,0.0,0.4868751947859637,-0.9769767314119301,-1.0756898230955103,1.9227216767816002,-0.7392049810740626,0.5537664766436962
1,2.471080884218185,-0.8607812425757229,-0.8607812425757229,2.0156380759812893,1.0,1.0,1.0,0.0,0.0,0.0,-1.6510768066257906,0.1311822207696806,-0.0402915299577673,-1.003068701897545,0.03426988512548199,0.2925334023081008
1,1.997309342807419,1.51936974909399,1.51936974909399,1.5124992933771078,0.0,0.0,1.0,0.0,0.0,0.0,0.3523509100860577,-0.04858449365802281,0.33208349659205183,-1.171714323445321,0.25147502530913574,-1.2871574542425215
1,4.422604285678832,4.035757213581286,4.035757213581286,4.939321042623212,1.0,1.0,1.0,1.0,1.0,1.0,-0.31121202355983424,0.8073808583040714,-0.39912737225476264,1.2223696600845446,1.0610047182231896,1.3457647595433468
1,0.5185658293725464,-0.5464913870545949,-0.5464913870545949,0.7362142911357461,0.0,1.0,1.0,1.0,1.0,0.0,-0.9297349210852591,-0.06089165963105361,-0.4674344650263309,-0.41922170887734245,0.05742550730020307,-0.1926189858630312
0,3.284364654905539,1.2772651536969035,0.390079823655203,1.2772651536969035,0.0,1.0,1.0,1.0,1.0,0.0,-0.2431564212829892,1.5741800923549338,1.5261625482387964,1.0367130429567428,0.34324853033378155,0.2099872133612195
1,3.165498255400489,0.6226347679984139,0.6226347679984139,2.1303444178892788,1.0,1.0,0.0,0.0,0.0,0.0,0.605883377694132,-1.29325585961713,0.7288656625067301,-2.0923301725505907,-0.6134549246998973,-0.42136273028222404
1,3.28130051918325,3.4161954000213455,3.4161954000213455,4.490735614013206,1.0,1.0,0.0,0.0,1.0,0.0,0.1107102042055115,1.1155607941774293,0.7977356671376684,0.499834211957941,0.7681217455076453,0.15022727025652272
1,1.9953803697335104,2.130522318777386,2.130522318777386,3.0499158073855415,0.0,0.0,1.0,1.0,1.0,1.0,0.7876700444343094,-0.0045270761279538885,1.2246209880018923,2.5130702126077153,-0.6540622298006264,-0.17660410052537845
0,3.974164722611442,8.428177108091946,4.609297556753107,8.428177108091946,1.0,1.0,1.0,1.0,0.0,1.0,0.5967063250092108,0.33157692117502213,-1.413650918943306,-0.21112846263592944,1.560245773399247,1.1915819730146668
0,3.5066747685618496,4.471953678272229,2.680012239086119,4.471953678272229,0.0,0.0,1.0,1.0,0.0,0.0,1.0485134691041587,0.3061192198380603,0.2784162203330011,2.3592719154044195,0.48984463451892146,-0.17287906529352215
1,2.860792235118687,0.47536391504703346,0.47536391504703346,1.8360694049911512,1.0,0.0,0.0,1.0,1.0,1.0,-0.25692837046207545,1.6938949687569145,2.014305815081086,-0.5390020235395686,-1.0105528736230602,-0.29234124791900307
1,0.3160290284049031,0.2802051528036005,0.2802051528036005,-0.5957606332535954,0.0,0.0,0.0,0.0,1.0,1.0,0.5331451897819357,-0.46946917597394483,-0.7269720433740625,-0.8151222443360441,-0.22108815476529342,-1.9616253455906838
1,5.290168893034186,2.4960620206748168,2.4960620206748168,4.083389426536672,1.0,1.0,1.0,1.0,1.0,1.0,0.3043972962844191,0.05719319999719963,-0.1736788165548553,2.0137858366710106,1.1806474330879075,1.375909693173352
1,3.6896716363012336,2.895683268376472,2.895683268376472,2.918775816287649,0.0,0.0,1.0,0.0,0.0,0.0,0.7864196069105565,0.9251613612683147,0.6356270942072222,0.6895986664352839,-1.848160160305656,0.10285957199265063
0,-3.3774753866487823,-1.6213411755728306,-5.30376772567348,-1.6213411755728306,0.0,1.0,1.0,1.0,0.0,1.0,-1.9741012489434446,-3.2179255839478236,-0.24061647346014547,-2.0434003640687988,-0.19009003740798813,-1.5796350988857355
1,3.092334889838607,2.526286276459537,2.526286276459537,3.288808957448549,1.0,0.0,0.0,1.0,1.0,1.0,0.7261929175142857,-0.5967221111247258,-0.03381925537419358,0.4203550436090573,-0.10001520776488415,0.7822714792364397
0,-0.9342983292416221,0.7000379876323417,-0.15073364062733557,0.7000379876323417,1.0,1.0,1.0,1.0,0.0,0.0,-1.1962761826352477,-0.2588347676992216,0.6440874378963911,-1.224267754514268,-0.7202695830807907,-0.342923935622052
0,0.9412976467951396,1.605079083269266,1.8244339656223585,1.605079083269266,0.0,0.0,1.0,1.0,1.0,1.0,-0.05069261743053651,-0.3008508923310003,-1.188353458919654,0.7326561757006782,0.12181333693232421,0.13825376516821608
0,2.7777522462007145,7.730722478877034,2.4102771432662893,7.730722478877034,1.0,1.0,1.0,0.0,1.0,0.0,0.4069828772310657,1.1147969504766901,0.6851973077833939,-0.8734666007467498,0.024598575893000907,0.15163968550161144
0,3.190753348727454,6.475311252883407,3.7917273104238314,6.475311252883407,0.0,0.0,1.0,0.0,0.0,1.0,1.0543586756096588,1.6919901219674673,-0.08043275933444805,0.70581336960384,2.054666852982745,-0.5695260038359795
0,3.674882859793507,4.43872083060804,4.438064031057397,4.43872083060804,0.0,1.0,0.0,0.0,0.0,0.0,0.2576627135199279,2.050017670844877,-1.3721806123733593,-0.967605188394989,1.310228140365402,0.3250354020978546
1,6.815721653040267,4.147360957910406,4.147360957910406,6.91956204329467,1.0,1.0,0.0,0.0,0.0,1.0,2.2780459753199165,1.1042032221938851,0.19751645597774126,1.2788684770236443,1.2922861527393907,0.7750145658040278
0,2.18370495582918,1.3776573859515637,2.587661223539133,1.3776573859515637,1.0,1.0,0.0,0.0,1.0,1.0,-1.1375785159298517,0.5145362195241927,0.7403369931135486,1.0269629599205334,-1.0473166379020866,-0.4766542775851667
1,-1.0669852898623244,-1.8777616041490615,-1.8777616041490615,-0.6607731241049235,1.0,1.0,0.0,1.0,1.0,1.0,-1.1592003611585584,-1.0324437887060383,0.43487430087306594,-1.1268072135286569,-0.6866391789590722,-0.13418481131479065
1,1.670743442814473,0.01827007935325775,0.01827007935325775,2.701033805050489,1.0,1.0,0.0,0.0,1.0,0.0,-0.6561695722114148,0.38361452407553864,0.9610696959448426,0.3926617691791545,-0.21560483922126633,-1.1633718882275306
1,5.7906789050321255,0.4923054592901641,0.4923054592901641,4.862193188860051,0.0,1.0,1.0,0.0,1.0,1.0,0.8423970697453922,0.7641990304709929,0.7654125387161772,1.4857900801156825,0.32700189523995876,0.22731204963552626
1,5.662704682583583,3.14574353304831,3.14574353304831,5.225653603639917,1.0,1.0,1.0,1.0,1.0,1.0,0.9916675300460479,-0.3315225520719379,-0.43926462149313605,-0.3511844850132201,0.42521383655840506,1.3578696955199205
1,5.710270490631162,4.0123530860609,4.0123530860609,6.568380762496581,1.0,0.0,1.0,1.0,1.0,1.0,1.7866475155775958,1.1461950925615048,0.8633088171848594,0.7582406881151545,-1.4578634119958127,-0.29967223153265693
0,0.5685512115349487,1.3105388782508345,0.5198542955675926,1.3105388782508345,1.0,0.0,0.0,0.0,0.0,0.0,-0.5293556639959693,-0.4931031187433817,-0.7014398626746701,-0.8820089383946051,0.642490963585812,-1.4546713765171968
1,1.4013629950044089,1.9712102724923017,1.9712102724923017,3.216587944588814,0.0,0.0,0.0,0.0,1.0,1.0,1.4863595554067983,0.5499346657868773,0.8101738065706315,-1.7648744263308591,-1.188354248808868,0.07814605952345993
0,1.0995116073936009,2.1769942355595204,-0.19492395032417853,2.1769942355595204,0.0,0.0,1.0,0.0,0.0,0.0,-0.8240558651917298,1.1999885161833959,0.6756497830605998,0.04699018177176384,1.9153991243461903,1.3559728458730025
1,1.5209529567920503,-0.30997612300939026,-0.30997612300939026,2.876863974815273,0.0,0.0,0.0,1.0,1.0,0.0,1.407967168124514,-0.6307008697926584,1.9441883436053515,1.4935708412319477,1.1399163464568758,0.5657367994727553
0,5.148529268673137,5.47305840748117,2.9429211784826066,5.47305840748117,1.0,1.0,1.0,1.0,1.0,1.0,0.329069385739691,0.48865026544921386,-1.015189568846332,-0.8442071096784961,-0.1926886840182493,-0.5578615549031597
1,4.995125168339248,2.565323644127869,2.565323644127869,6.222194738786979,0.0,1.0,0.0,0.0,1.0,0.0,0.4370857074462003,2.4361003018543688,0.9739968173786806,1.4329121472234312,-0.312303010159971,-0.10796427568868805
1,1.4959792433515506,-0.07159538902921803,-0.07159538902921803,1.063248608005898,1.0,0.0,0.0,1.0,0.0,1.0,-0.7245135413681458,-0.5564548815220046,0.31287205114134337,-1.4000479214012356,1.9585175005687834,-1.2013836536749356
1,4.510974119761538,3.624213877970837,3.624213877970837,4.684781179951922,1.0,1.0,1.0,1.0,1.0,0.0,1.3462735930399234,-0.35142261111626494,1.574268737587879,1.112948177240691,1.877814882542531,-0.6557316893557543
0,0.18335819856761404,3.341621032408321,1.6155342604332659,3.341621032408321,1.0,0.0,1.0,1.0,0.0,0.0,-0.6825404292809369,-0.3821215722098701,-0.9399377562775297,0.6447760614533887,0.08797465445365432,-0.5214312303054258
0,2.3057118142904027,-0.0035095183244727157,-1.4746823277702414,-0.0035095183244727157,0.0,0.0,1.0,1.0,0.0,1.0,-0.9567800912082371,0.07657704706220103,0.207740204352732,-0.5071648161437501,0.4821720518608578,0.11394822111691315
1,3.6837776896463383,3.9313750508138354,3.9313750508138354,6.193947019960298,1.0,0.0,1.0,1.0,0.0,1.0,1.2757651618458614,-0.4958036408749447,-0.7577581553792947,0.8807532174073447,-0.5245036279871634,0.9016314393060093
0,-0.2408931999999251,1.8106915338170004,1.1886451241150215,1.8106915338170004,0.0,0.0,0.0,0.0,1.0,0.0,-0.7822737517068222,0.6261487950578916,-0.5064240957556236,1.0846907405082682,0.6408467280387797,1.347359835567758
0,3.8835365551484093,3.8588851466743934,2.282969626323903,3.8588851466743934,1.0,1.0,1.0,0.0,1.0,1.0,0.3957844355161882,0.6780306131231663,1.1320309953649064,-0.06413796925467959,0.7929115608024128,0.7710402848726097
1,1.7062695778153483,0.5208942197426859,0.5208942197426859,-0.2475412342651473,0.0,1.0,0.0,0.0,0.0,0.0,-0.687992232881061,0.44527667020690515,-0.2626926003857538,-0.6379791197616569,-0.18554410768887153,0.22560191914982247
1,2.3888781493125304,0.7217744462037228,0.7217744462037228,2.013646868301955,0.0,1.0,0.0,0.0,0.0,0.0,0.6080079167006,-0.8865492148586754,-0.44442669016983993,0.1835965702654186,1.1552668546674403,0.8135504553163486
1,4.013638614735215,0.5506762009852196,0.5506762009852196,1.4381525507613744,0.0,0.0,1.0,1.0,1.0,1.0,0.3709048002715187,0.6418850782063107,0.48488875290649724,-0.08692628662235968,0.01564605090197302,-0.3507287244329883
0,2.9703537524550025,6.2688716344692965,5.391524576198187,6.2688716344692965,1.0,0.0,1.0,1.0,0.0,1.0,1.8261981062233272,0.266424191882386,0.6441476245978655,1.7393197322181966,2.053700448118067,1.3247469319628717
1,2.3331356675897723,2.668718041393211,2.668718041393211,4.937065060564349,1.0,1.0,1.0,1.0,1.0,0.0,0.131966279989232,-2.4854422545744175,-0.9753933284768719,-1.251105917302084,0.8242843439841795,-0.5915451469697715
0,2.0852570002762514,3.453951626457831,1.2639386680855973,3.453951626457831,1.0,0.0,1.0,0.0,1.0,0.0,0.4960133620364971,-0.6659625980630342,-0.392183495846172,-0.434008088779292,0.37392513233063224,0.2368932683281212
1,4.724904298176629,4.245944378910645,4.245944378910645,5.406681544553339,1.0,1.0,1.0,0.0,0.0,0.0,0.7810883559019177,0.5816763002198085,0.373042026667582,-0.06141526742432593,1.3162932838182009,1.3260324388606421
0,2.0200972569608586,4.1240173250524474,1.5501929242535721,4.1240173250524474,1.0,0.0,1.0,0.0,0.0,0.0,0.3922689264554647,-0.32757374677401707,-0.867709537157034,0.4219241098968761,0.003129613452696904,1.0501846775583348
0,0.17197217120710606,-0.3155245936062745,-2.49019799448087,-0.3155245936062745,0.0,0.0,0.0,1.0,1.0,1.0,-1.8535405745050877,-1.695590791950898,-3.0519284492135834,-1.82250500489452,0.5783023423879903,-1.8726980267889015
0,-0.7235714992941075,0.39220388786219784,-1.1039990853619688,0.39220388786219784,0.0,0.0,0.0,1.0,0.0,0.0,-0.2936666391655686,-0.874301262050917,-0.688498314063803,-0.036738379613503756,0.06564453249040608,0.3847247228354304
0,0.2242425609474581,3.6255154557033187,1.7691791521820042,3.6255154557033187,1.0,1.0,0.0,1.0,0.0,1.0,-0.5539958244759032,0.346031081417506,0.7686109895550579,-0.25123030180151845,-1.895764763072072,-1.1282111667643826
1,1.5099882465464916,0.12016204992492463,0.12016204992492463,0.04420323288219685,0.0,0.0,0.0,1.0,1.0,0.0,0.4959184758769974,-0.3171961909992951,0.9225499972769657,0.8075327863173019,-0.11769024607222611,0.9402652947030403
1,2.429774983450841,0.6269431165318851,0.6269431165318851,2.537395627080275,0.0,1.0,1.0,1.0,1.0,1.0,0.030501077567248715,-0.23696456910579772,-0.1921970742759489,-1.261205671319045,-0.5839759865133489,-1.2635636914894168
0,5.394263878202221,4.933484396894613,3.5901697736846345,4.933484396894613,1.0,1.0,0.0,0.0,0.0,0.0,1.276187645383984,-0.20001534432897639,0.02887790655558653,-0.48810896176633234,-0.8998212467453572,0.8378387685001937
1,1.3664414146738206,-0.4243752840757747,-0.4243752840757747,1.9076686947285768,1.0,1.0,0.0,0.0,1.0,1.0,-1.0887129877548267,-0.8883710571314087,-0.7425113531067488,-0.058067798492923296,-0.6356239238671454,0.09068680458492773
1,1.4240502321543307,1.565678848406998,1.565678848406998,1.140365299237325,0.0,1.0,1.0,1.0,0.0,1.0,0.8766083575386228,-0.8245336744496529,1.4854955502736125,0.42131465311960503,-0.31958446920681355,0.7078238786531967
1,4.138559114014104,1.6805681511808284,1.6805681511808284,3.3125200613734735,0.0,0.0,0.0,1.0,1.0,1.0,0.27084728653582085,1.9944194613265016,1.261937492466609,0.721960625211005,0.45962164500248104,1.4423427447659947
1,5.269836992667833,5.227989839917129,5.227989839917129,5.255043959863703,1.0,0.0,0.0,1.0,1.0,0.0,1.0556432003463594,0.6942462703426855,-0.034893994223498925,0.7874395696401191,-0.04610418003651057,1.140321926537462
1,4.876515463696228,2.089912500367607,2.089912500367607,5.1657278412886285,1.0,0.0,1.0,0.0,0.0,0.0,0.8968856326345246,1.2793997940830932,0.06602563546016593,-0.5593640187199426,0.8699268180913601,-0.1543440004391462
0,1.032991042940861,-0.9798651160567725,0.1730826501595374,-0.9798651160567725,0.0,0.0,1.0,1.0,1.0,1.0,-0.610216761251984,-0.6612855857903699,0.38521302127857526,0.3070683837015449,0.2831340434183453,0.5817475373666486
1,2.300871808597148,3.9978474955945575,3.9978474955945575,3.499989472582261,1.0,1.0,0.0,0.0,0.0,0.0,0.3319150162088423,0.11839408579439939,-0.6985761025975123,0.520775839111029,0.16347070700542443,-1.1869500251600256
1,0.24804029453223908,1.4507976257846311,1.4507976257846311,3.8109742908254503,1.0,0.0,1.0,0.0,1.0,0.0,-0.519382707163942,-1.7076655560801037,-1.2167312720457595,-0.40886493118319234,-0.6670571415660262,-1.325217967091781
1,2.497352173421869,3.0547591289042724,3.0547591289042724,4.966807285837145,0.0,1.0,0.0,0.0,0.0,0.0,0.935289513275525,0.680375271625812,0.41396592808929406,0.18598564348573826,0.10155567126340109,0.31326007367993697
1,-0.527027743774493,-0.9821100211259429,-0.9821100211259429,2.7542300329406673,0.0,1.0,1.0,0.0,1.0,0.0,-0.47263062342344686,-0.8006303939510946,-0.4103707923591528,1.067714141201988,0.48161283160437995,0.009282862703179948
0,4.263663597588344,4.32276647056368,4.602607046988905,4.32276647056368,1.0,1.0,1.0,0.0,1.0,1.0,0.4562557100779194,1.433311655638832,1.4406580196694982,1.135849775819324,1.0967923807662865,-0.47620801023843806
1,2.9160890075154224,2.0382492920321416,2.0382492920321416,3.0312660781106118,1.0,1.0,1.0,0.0,1.0,1.0,0.20743239289623824,-0.018080836259179833,0.6049442159024302,0.04585750089479251,0.6379429374726685,0.5471067691320739
1,-0.7359834935170735,-1.7035645778339883,-1.7035645778339883,-0.6632663545092128,0.0,0.0,0.0,1.0,0.0,0.0,0.5165865402685004,-1.6202311409249397,-0.6599245093938392,-2.055250713515278,-0.5034144289400946,-0.4106551090985369
1,1.9185634624327736,2.068705076090011,2.068705076090011,1.616565118536924,0.0,0.0,1.0,1.0,0.0,0.0,-0.4113412016301779,1.5123992223626805,1.428185138365436,2.350406888627766,1.5426358889440146,1.7669481483858278
1,4.506756155509118,2.402619759431015,2.402619759431015,3.1291511850628613,0.0,0.0,0.0,1.0,1.0,0.0,1.601047885377838,0.15170543626395977,-0.3621368606681867,1.6751663386543048,0.6940658888667531,0.06720187918504292
1,2.7475355323425394,1.3595094696494983,1.3595094696494983,-0.06748472474821554,0.0,1.0,1.0,0.0,1.0,0.0,0.07109545238388382,0.5282397222191095,0.3035600082146127,-2.5631672348286045,-0.9348979281213596,-0.3011077192601906
0,4.542216787098271,6.718383093255924,6.010156873242803,6.718383093255924,1.0,1.0,1.0,0.0,1.0,1.0,0.8938537699860494,2.0500730390932036,0.09890902447024597,-0.5657885857299976,1.8309336063225476,3.0269106168034177
1,1.2921647831267093,0.23559646234158504,0.23559646234158504,1.6736585334301177,0.0,0.0,0.0,0.0,0.0,0.0,-0.3542101424451377,1.095454294570054,-1.1180733828581144,-1.0083624512521108,0.23224410955642755,0.9530250175828943
1,1.0781080156330334,0.5865555643648609,0.5865555643648609,1.6881054947566665,0.0,1.0,0.0,0.0,1.0,0.0,-1.5072435499323984,2.1679665476409866,1.0079120598915114,-1.1114259993965545,0.36656221407658224,-1.4642413769872726
1,6.146334736204396,4.3265608296952855,4.3265608296952855,5.8527990616629895,1.0,1.0,0.0,1.0,1.0,1.0,0.22540931887820223,1.0046205445300989,-2.0742540946398127,-0.45681715280316915,-1.3744986682303564,-1.7601650107591071
0,1.718489428914878,2.1699393448269273,0.2073708008733526,2.1699393448269273,0.0,0.0,1.0,0.0,0.0,0.0,0.1288894157945307,-0.39603380560392853,-0.10137532881811528,-0.9839122336725512,0.4618262912548811,1.771242902758984
1,5.3950213289677205,3.3144483138180307,3.3144483138180307,4.59296975693785,1.0,1.0,0.0,1.0,1.0,0.0,1.1166177744638366,0.23786117860892303,-0.8498098413233051,-0.3644916563869446,-1.2716295772969222,0.4758846349748304
1,4.582818407946396,4.062512175085053,4.062512175085053,5.876607140823465,1.0,0.0,0.0,0.0,0.0,1.0,1.6341518788275626,0.7781216345638277,0.8950996227367451,0.579017235367288,0.20418867946564423,0.6154456823683089
1,5.600530781300074,2.198733341885458,2.198733341885458,4.890244264691655,0.0,1.0,1.0,0.0,0.0,1.0,0.6836444627715248,1.5197551048659284,-0.8745905281941585,0.6635966641835264,-1.3011566356023967,0.925363167293087
1,0.46807450230617653,1.6199152202478988,1.6199152202478988,1.8772967554182982,1.0,1.0,1.0,1.0,1.0,0.0,-1.42789367496951,-0.13233871955160526,-1.0084777157030431,-2.8563538452786714,-0.6609969358981552,-0.37826032795352943
0,4.86935844859769,8.827872219972518,7.078550050078779,8.827872219972518,1.0,1.0,1.0,0.0,1.0,1.0,2.07738594005447,1.4849393967429925,1.2491857132799693,1.6717340050349336,-0.45438528875618556,0.1992800391285764
0,-1.4694993760531947,2.4621941276553234,1.8492202900654164,2.4621941276553234,1.0,0.0,1.0,0.0,1.0,1.0,-0.5964808903478687,0.05731208814606038,0.7411932910338859,0.6273423028512626,-0.3279499489632455,-1.3517058955542942
0,1.4699870344410892,2.9054665418206866,2.393622690564076,2.9054665418206866,1.0,0.0,1.0,0.0,0.0,1.0,0.08629101117584011,-0.3624841762713486,0.17674169762347103,-0.7179671408442744,-0.27461736284240634,-0.8905087261838532
0,-1.624418825007013,-0.6901517354684394,0.1313978222136929,-0.6901517354684394,0.0,0.0,1.0,1.0,0.0,0.0,-0.6811287599120475,-1.0077024353259008,-0.6181029768181215,0.28944660285956086,-0.14687095248073045,-0.11265314156577316
1,-0.34205513138137966,-0.6296139163533739,-0.6296139163533739,0.8375982111905039,1.0,0.0,1.0,1.0,1.0,1.0,-1.5816393937334372,-0.07027238113537576,-0.7840370530003031,-0.6243780722407679,-0.21030627663992196,-0.3592373908808996
0,0.11301389103751136,4.285646134086575,2.595254380352162,4.285646134086575,1.0,1.0,1.0,0.0,0.0,0.0,0.33241694996190796,-1.7537381271228027,-1.0900708013976352,0.5897119190499138,-0.8337953215168278,-0.7505150945953172
0,-0.6345375611484075,-0.052507992217435795,-1.2751267380561913,-0.052507992217435795,0.0,0.0,0.0,1.0,0.0,1.0,-0.5085750405142783,-1.0035124001133844,-1.102171295124478,-0.5455267612962743,0.31551864037098437,0.5152810338085101
1,5.003481855559507,1.4678745442530357,1.4678745442530357,5.226802671081071,0.0,1.0,1.0,0.0,1.0,0.0,1.1808181827786788,-0.275616617152618,0.2291539579366041,0.11636178150555974,0.09170155266752006,1.0256523776846485
0,2.174497152722795,4.241616235294154,2.6094178792669664,4.241616235294154,1.0,1.0,1.0,1.0,1.0,1.0,1.826853649703811,-1.3923916825363063,-0.36823631247297506,-0.2462252904900324,0.2727197562154161,-0.7067296857286287
0,0.5600877748520621,1.9074783003283382,0.24171422299211764,1.9074783003283382,1.0,1.0,1.0,1.0,0.0,0.0,-1.7868276685528042,-0.2867818777405294,-0.49442994675305735,0.9491604237694868,0.5855862183367628,-2.1508994489560895
1,4.446031464706781,2.006241477344939,2.006241477344939,3.619702581561611,1.0,0.0,1.0,0.0,1.0,1.0,0.45355261880016146,-1.0665913274392174,-0.5596491563550151,1.4060032694368554,0.5426057761299445,0.7642677613948297
1,5.204836658628048,1.3312992779706687,1.3312992779706687,5.5388892822959335,0.0,1.0,1.0,1.0,0.0,0.0,2.0855786145334423,0.27117023761342257,0.7553839100691389,-0.23157291343294348,1.1164246086225167,1.0235783723398773
0,-1.051853740511548,0.3426776429204672,-0.00655105211573026,0.3426776429204672,1.0,1.0,0.0,0.0,1.0,0.0,-0.745554214712338,-1.9459905860405546,-1.9473079692090955,-1.0561310364921621,-1.159945897857502,0.7030678085952211
0,3.4108990035274007,1.8681641691731357,3.1154178273882422,1.8681641691731357,1.0,1.0,1.0,1.0,0.0,1.0,-0.552939314108827,0.834567400806057,-0.36071909581875505,0.26218060063333537,-1.5347342602892597,0.503490736502089
0,3.4438123919482413,1.7859757291552523,-0.3762922886348621,1.7859757291552523,0.0,0.0,0.0,0.0,0.0,1.0,0.9443561018669725,-0.7048882130329385,-0.08583446130486899,0.2904200117276423,0.14258870597907058,-0.984157002529427
0,0.662628866723163,2.460217815830777,1.6880932797145198,2.460217815830777,0.0,1.0,0.0,0.0,1.0,0.0,1.2484192501754714,-0.5481083055131483,0.18926409794862128,-1.9254998394970744,-0.3168121273565771,-0.20474337441616947
0,1.0736147377267604,1.4313263467669937,-1.71376041244522,1.4313263467669937,0.0,0.0,1.0,0.0,0.0,0.0,-0.9108622024410536,1.2277265417994336,1.2650859945823967,1.0099022377032763,1.3160407006473465,0.5103349253475455
1,8.432945509554623,3.892774367059811,3.892774367059811,8.213254112656388,1.0,1.0,1.0,0.0,0.0,0.0,0.6529916736861335,2.1155092066610504,0.4249785992719082,0.5264958703458641,0.5487249604991131,1.5218381085560415
1,6.012121531062364,4.7054808636145715,4.7054808636145715,6.438584145931227,1.0,1.0,0.0,0.0,0.0,0.0,2.1651837456118566,0.37821865779051517,1.3800095989271377,0.01460380902751221,0.04588424055910856,0.40049958508264094
0,0.7219360589347584,0.10341443240613221,-0.34185145188377286,0.10341443240613221,1.0,0.0,0.0,0.0,1.0,0.0,-2.0110255659777994,-0.224314813689648,-1.0640075119287837,-0.42124203940444416,-0.44178870144830906,-1.4794620083221517
1,4.425578734852155,2.613379212724893,2.613379212724893,4.15021582052055,1.0,1.0,1.0,1.0,0.0,1.0,-0.7934695063915578,0.07239456120436547,-1.5262778568304314,-1.2212201900145767,-0.07938284719103311,1.5294403842706739
0,2.4835800403007706,4.0328758644350255,-0.10468216930313656,4.0328758644350255,1.0,1.0,0.0,0.0,0.0,0.0,-0.3633818947101329,0.06892942673914937,-2.1290334044007677,-1.5936531452768956,0.08813898994058511,-1.7779503071596707
1,3.286885160154096,2.3608006862224533,2.3608006862224533,5.695177759813123,1.0,0.0,0.0,1.0,1.0,1.0,0.357087304726313,1.0282395818085912,-1.414475657579303,-0.5792803930594831,0.13388214610359966,-0.9522580225910513
1,2.08568258607894,1.4820522226612085,1.4820522226612085,2.686534908217607,1.0,1.0,0.0,0.0,1.0,1.0,-0.33001507203096647,-1.0513727021560342,0.7370414162891498,-0.6787460672646838,0.9705133295373023,1.117974698158423
0,4.1860709206394535,4.886704197834782,4.146998606531822,4.886704197834782,1.0,1.0,1.0,0.0,0.0,0.0,0.35811859439602706,0.8102586735463774,-0.555624562664081,-0.17259894585153232,0.31208422492579263,1.1517734688372467
0,-2.0079694063655698,0.18444917251399828,-0.17302326363305331,0.18444917251399828,0.0,1.0,0.0,1.0,0.0,1.0,-1.5029527579470203,-1.572525772856831,-1.097379242979903,0.3423139382786089,-1.4971608355952695,0.25916921708826157
0,1.3769494887539857,2.075941815327006,-0.355693952186494,2.075941815327006,1.0,0.0,1.0,0.0,0.0,0.0,-0.38292434335497116,0.5498871134731752,-0.1619484816569205,-1.6093430698304674,-1.3402275273070505,-0.4654858675293591
1,2.3496110676414452,2.2797944631409517,2.2797944631409517,2.45666828915885,0.0,0.0,1.0,0.0,1.0,1.0,-0.305940394725753,0.9548368366462078,-0.45794297140903084,1.4120905489002193,-0.2860170803353064,1.0073605216949626
1,4.567495630972903,-0.07746338430678246,-0.07746338430678246,3.1763357471261586,0.0,0.0,0.0,0.0,0.0,1.0,1.426057811768214,-0.47719733523560404,0.10380492757408419,0.46548282148378106,-0.12296678502864675,-0.10301736115684833
1,7.825078374708386,4.017011820998048,4.017011820998048,5.10126424825015,1.0,0.0,0.0,1.0,1.0,0.0,0.7392332135210369,1.7189639889269164,1.0444209650639609,2.7033777439492215,-0.07506889044808596,0.16938005424771518
1,1.1810625976322413,1.0945577919495668,1.0945577919495668,0.9358645286152195,0.0,1.0,0.0,1.0,1.0,1.0,-0.21211168244235884,-0.4653262613066389,-0.6267053159808791,-0.38340756352840194,0.3329968937197539,1.4695720280423545
1,2.5587942426939465,1.5843903837090925,1.5843903837090925,1.3820114150056109,1.0,0.0,1.0,0.0,0.0,1.0,-0.7459042440474802,-0.37332145797072847,0.009069427239692986,-0.35116223495960464,-0.5526268058181876,0.3397436296016356
1,1.734271330270564,0.46179655619950966,0.46179655619950966,3.425191434078754,1.0,1.0,1.0,0.0,1.0,1.0,-0.42434672884029684,0.8980270886788184,2.206162667008652,-0.8202996764818887,1.803502677996931,-0.4110894861034411
0,-1.5197293864966785,1.1611312390545705,-0.05000051615797618,1.1611312390545705,0.0,0.0,0.0,0.0,0.0,0.0,0.1027975615438744,-0.9883856064968218,-0.29889619631963316,0.5230871333323914,0.41387909540801393,0.8062688895601272
1,6.030523119203842,4.254913111656126,4.254913111656126,4.344562072717212,1.0,0.0,1.0,0.0,0.0,0.0,0.6437869756413452,1.2081736460941945,0.3574266481660371,1.8159624002346082,1.762564981535857,2.715829689721463
1,1.8536560038578622,-1.6959553883605425,-1.6959553883605425,0.8386660023531123,1.0,0.0,1.0,0.0,0.0,0.0,-1.500424524553409,-1.959973227765142,-2.1152290224341717,-2.300158532060644,-0.6843968248530349,-0.23585223093078
0,1.5358221320899632,0.09160851593733188,1.6778713621086203,0.09160851593733188,0.0,0.0,0.0,0.0,0.0,0.0,-0.04200038092550457,0.8245758493436495,0.5141173751610042,-0.20221654720315085,1.182560270314775,-0.10755260989607995
0,2.3376975097817176,-0.4868089280208201,0.8588008437769781,-0.4868089280208201,0.0,1.0,1.0,1.0,0.0,1.0,-1.561386992736824,0.4310872810544562,-0.1408859929377222,0.24890649503458823,-0.08645539349442968,-0.3725178333853913
1,4.813541236913508,1.7759443056399529,1.7759443056399529,3.1032697037678605,0.0,1.0,1.0,1.0,0.0,0.0,0.30954494536765625,0.8073240737168619,-1.150401348278012,-0.6241713448389571,-2.0309173734683554,-2.1253818966537392
1,2.4373503289776917,0.5721316908731846,0.5721316908731846,0.667598910014791,0.0,1.0,0.0,0.0,0.0,0.0,-0.3603195260226403,-0.4296736226502381,-0.9893110982715101,-1.2837013480484643,-0.038164636991324885,-0.6458840410705681
1,0.013402321028249675,0.9776317948508025,0.9776317948508025,1.171272944232217,0.0,0.0,1.0,1.0,1.0,0.0,0.6936526122613731,-0.7520037025226134,0.7220498926649793,0.2964226023898606,0.1969483012958055,-1.3652829137068654
0,0.06429917458404588,1.589646995130506,3.0961945077681596,1.589646995130506,1.0,1.0,0.0,1.0,1.0,1.0,-0.7152337819094984,-0.6613299320725363,-0.32784997468370936,0.5915777671711735,-1.2309728378702296,-0.786446926495823
1,2.351632526641633,1.509542686377267,1.509542686377267,1.7746346834807447,0.0,1.0,0.0,1.0,1.0,0.0,0.6336259069230624,-1.1781651721778585,-1.3910600127587682,0.11635116377641044,0.7908571505582634,1.7537023709510848
1,6.573833970932365,2.423453920624364,2.423453920624364,5.895902526496453,0.0,1.0,0.0,1.0,1.0,1.0,1.2348938279559378,1.0133942621177559,0.1968013024679579,1.331471780358447,-1.7359488744002407,-1.0621246528217643
1,3.9002920453980723,1.0691324587151978,1.0691324587151978,5.798211522598528,1.0,0.0,1.0,0.0,1.0,1.0,0.13725496213101376,1.2890410545276048,1.6522593472303244,0.5396237085452786,-0.9593804645629216,1.8251049131522512
1,2.1639719064864793,1.0803912253042824,1.0803912253042824,0.47229857364617556,1.0,0.0,0.0,1.0,1.0,0.0,-0.5913364891571045,-0.08392220047112983,0.22897885953578287,-0.2887066029599397,0.3478464255202634,-0.2906224138332983
0,2.8210554570476036,4.387215870635259,1.6457993618106634,4.387215870635259,0.0,0.0,1.0,0.0,0.0,1.0,0.7769174774099158,1.197377619656557,0.4710738148167707,0.9444219175435312,-0.37471801843685626,-0.45136984065064445
0,4.916441100594962,7.090558904369835,4.47910917132839,7.090558904369835,1.0,1.0,1.0,1.0,1.0,1.0,1.5460647774087068,1.2551441784649384,1.182540512230298,1.274016881933641,1.821572647911804,2.4857813396567527
1,3.395819340361487,-0.1649595818449206,-0.1649595818449206,0.8998250005111545,0.0,1.0,0.0,0.0,1.0,0.0,0.27984510338131596,-0.8082039220643409,-0.018445631132576246,-1.455273043773319,0.06067217967716754,-0.32025847674167285
1,8.316894687482636,3.0930754087480934,3.0930754087480934,4.457888071772899,0.0,1.0,0.0,0.0,0.0,1.0,1.2184259551934113,1.8457145473482837,1.278644666511818,0.8143023759281691,1.7377842728505517,-0.04394252673814569
0,-1.3778073801187551,-1.140666393928184,-2.922324372176668,-1.140666393928184,1.0,1.0,1.0,1.0,0.0,1.0,-2.0852823362782,-1.116563119324124,-0.388518081240668,-1.1221884743604842,-1.3776175381572364,-1.9912054143249533
1,1.920784170152084,1.3715433811168654,1.3715433811168654,2.892412106692953,0.0,1.0,1.0,0.0,0.0,0.0,0.1279945535942752,0.27121501726048175,1.4688342762325264,0.17300317140738253,0.08811567907576578,1.5106403220859035
0,-0.7366380746850649,0.7680494555908574,-1.9877694742818321,0.7680494555908574,0.0,1.0,1.0,1.0,1.0,1.0,-1.6725257129384803,-1.6516566390104184,-0.12344417750073843,-0.6368997659487148,-0.26505122449297136,0.4461940753735081
0,0.20598073056241997,1.6108513436885872,0.14409778982833538,1.6108513436885872,0.0,0.0,1.0,1.0,1.0,0.0,0.04190485350885657,-1.2312472215913335,-1.7939393073647496,-1.2750498670576431,0.5603562786034897,-1.609529208091693
1,0.1907929711894255,-1.969901753797952,-1.969901753797952,0.07277953390112402,0.0,1.0,0.0,1.0,0.0,0.0,-1.768732072185225,-1.0759380113617716,-1.1186571922315025,-1.038812951831407,-1.4076032875185414,-2.0463009120314206
1,0.32918349547716685,0.8528117887359106,0.8528117887359106,0.5285722055889754,0.0,0.0,0.0,0.0,0.0,0.0,0.39489014862824046,0.2688570254845819,0.6355970228587359,0.19254976593396375,-0.30620709523191564,-0.4888902432594476
0,2.365903450786239,2.7583019933175086,1.8947233369185952,2.7583019933175086,0.0,1.0,1.0,1.0,1.0,1.0,0.9045537812259249,-0.929301104102863,0.5778025457552498,-0.7229157051064583,-0.6604368196361652,0.49414527382709494
1,2.639355271996415,-0.004727839346409191,-0.004727839346409191,1.3688744915119853,0.0,0.0,0.0,1.0,1.0,0.0,-0.03506437840045227,0.9096173479383558,0.1852330382575884,-0.9455682611127518,1.0338210337581675,0.31691118087076087
1,6.885949013773537,2.683696359827833,2.683696359827833,7.42235262940104,1.0,1.0,1.0,1.0,0.0,1.0,0.09454578253197905,1.2127866267890344,-0.9000841577673114,1.2377580992952086,-1.4621500252942812,0.2173308812366194
0,1.7750283344009248,3.8530169854484018,2.904730261551424,3.8530169854484018,1.0,0.0,1.0,1.0,1.0,1.0,-0.3099039550495706,0.6637407257112042,-1.014093900361525,0.40051745753269186,-1.5519235213578555,-0.8402307206236301
1,3.314916334072742,0.15815490704309143,0.15815490704309143,1.5214710649046583,0.0,1.0,0.0,1.0,0.0,1.0,0.21150844202316868,0.12572762105600366,1.5226235996213418,1.6074153283066814,0.5356361712579828,1.3509982690351072
1,0.48399268468509526,0.6063279274450485,0.6063279274450485,1.7067061559203218,1.0,1.0,1.0,1.0,0.0,0.0,-1.230749614400464,-0.34294132008728867,-0.3951489040783037,-0.5763436289870438,-0.16174149679619787,-1.5649291218825048
0,0.2540958811830758,3.764023321699711,3.05673763606871,3.764023321699711,1.0,1.0,0.0,0.0,0.0,1.0,-0.6161564508031971,0.5466925311260574,-2.215664105622799,-1.0110586085386184,-0.639744499167366,-0.527811723416219
0,2.600855420118069,3.349137368421835,1.7951472635888126,3.349137368421835,0.0,0.0,1.0,0.0,1.0,0.0,1.2433112185608552,0.5771602702289059,0.027624461161914915,0.15878620807412297,0.145600683516536,-0.08240988452425918
1,10.223479303367656,6.140271325541065,6.140271325541065,8.28641654306861,1.0,1.0,1.0,0.0,1.0,0.0,2.4778814381430676,0.43237146450973973,0.39201854410046044,0.46615532893669637,1.3653985829617785,1.3238364388851473
0,-2.0178705965434824,-0.5834960016401252,-2.8433798566114903,-0.5834960016401252,0.0,0.0,0.0,0.0,1.0,1.0,-1.2240915664049203,-1.7420907814329945,-1.4981508799799912,-1.1551199950193973,-0.6894750457893799,-2.299382918439356
1,1.1339818004771598,-0.6452589624208852,-0.6452589624208852,0.39967386381963343,0.0,0.0,0.0,0.0,1.0,1.0,0.5233098078024453,-0.799130486742303,-0.2168266082875967,0.2306685476550672,-1.2728352102176317,-0.5294357746534324
1,3.9391146572955664,3.3606772604354274,3.3606772604354274,4.459089038740711,0.0,0.0,0.0,0.0,1.0,1.0,1.364548393243903,1.5385018166735576,0.1522131963113194,0.27030323083570096,0.06273318412562878,1.0447123898285733
1,3.1106555973489143,3.8518706060995758,3.8518706060995758,4.8409360432208715,1.0,0.0,1.0,1.0,0.0,0.0,-0.485638330992683,0.8846532625689649,-0.5770042440446788,0.2543193366963062,1.4387463771778815,-1.3071317855402018
0,-0.017541148789109173,2.2134829522160118,1.2888891694584417,2.2134829522160118,1.0,1.0,0.0,0.0,0.0,1.0,-1.4052788576421023,0.4842521497769232,-0.9426453962502543,-2.0669088108355296,-0.26264376322983385,-0.3047141579852688
1,4.675322815001222,1.6114610437665562,1.6114610437665562,6.472785739026707,0.0,1.0,0.0,0.0,1.0,1.0,0.8067718537585767,0.9688387785246491,0.9614564437938065,0.48506950250287084,-0.05989176985735545,0.2100477592995576
0,0.3386667250764988,1.4703405948056365,0.30332194697815285,1.4703405948056365,0.0,1.0,1.0,0.0,0.0,0.0,-0.4487667618380204,-0.7620936303870147,-0.2574558326024843,1.422986725459638,0.25695842799449375,-2.077666302294026
1,3.780123356336187,5.2777992698533485,5.2777992698533485,7.070420971912169,1.0,1.0,1.0,0.0,1.0,1.0,1.2106392611275107,0.9324139907598881,1.2097998838843376,0.7894517894444733,-0.3889675032338913,1.8580536173661661
1,4.188847013709276,2.783406625936571,2.783406625936571,4.4176748366955,1.0,0.0,0.0,0.0,0.0,0.0,1.4713009434364757,-0.09171034858532506,-0.7447225757558578,0.6046401933479736,-0.6562623901474761,0.013544258050207647
0,1.7168036343318,0.7461468431836557,0.37979038577377555,0.7461468431836557,0.0,0.0,1.0,0.0,1.0,0.0,-0.6763256931224132,1.1521727039150624,0.7294302154147654,-0.17154951549220362,-0.02001197838255553,-0.06307546583269208
0,2.1228866208297967,2.860430397835017,-0.2798359997129223,2.860430397835017,1.0,1.0,0.0,0.0,1.0,1.0,0.3479785031901819,-0.8738219956444429,1.9064221852270808,1.1080505137108045,0.15888882204552512,1.0785093276222406
1,8.459606688653167,3.8129160954435304,3.8129160954435304,4.23494552112907,0.0,1.0,1.0,0.0,0.0,1.0,1.6795148037767118,1.3813696282763854,0.6159580337892147,0.22500805774153385,-0.5247083260978375,-1.1728738302060464
0,1.070405359204574,0.5697112273773877,1.1091985008504424,0.5697112273773877,0.0,0.0,0.0,0.0,0.0,0.0,0.812038006587428,0.7395002480686417,1.2403398277687812,-0.44678997065490483,0.2788542048514333,0.870625731815347
0,0.5249831611132825,1.6273810595921196,0.7170619087315728,1.6273810595921196,1.0,0.0,1.0,0.0,0.0,0.0,-0.4937238309759045,-0.7968189616396837,-0.17082861712689476,-0.9080348463502022,-1.093080095661972,-0.07549161088884382
0,0.485598452206734,4.485825173459845,-0.7874220070627378,4.485825173459845,0.0,1.0,1.0,0.0,0.0,1.0,-0.8426367440836731,0.4490588550947307,-0.2444989533102933,0.012603039016065444,-0.7912368880781739,-0.88658103814458
1,3.8498358484618986,0.3217811314955643,0.3217811314955643,3.0184604038038705,0.0,0.0,0.0,0.0,0.0,1.0,0.5863136866082411,-0.2615005313880715,-1.2321527431213706,1.0826986549778506,-0.6027552373735267,-0.14719624280587096
1,4.753287921428656,3.0279913905947877,3.0279913905947877,4.769893702970673,1.0,1.0,0.0,0.0,0.0,0.0,0.4567278460216873,1.3801086471954902,0.5478053739507662,-1.1113694396220917,-1.0229808880758464,0.7084373079307669
1,-2.064277757046382,-2.5887612823227304,-2.5887612823227304,-1.4235220879578872,1.0,0.0,0.0,1.0,0.0,1.0,-1.8569007620774465,0.22961075050171592,0.5457463118596089,-2.0375570191029415,0.2825445241958884,-0.9408218686940196
1,0.2945070113804918,0.3053678819090858,0.3053678819090858,0.03983484393297042,1.0,0.0,0.0,0.0,0.0,0.0,-0.8007745906703436,-0.33630661805943346,1.4238433898422806,-0.5292322323607682,1.052559265637777,0.6893895010889216
1,5.397876025072024,5.176601564876888,5.176601564876888,3.44753915851676,1.0,1.0,1.0,0.0,0.0,1.0,-0.5086959110390101,1.3666150253124554,-1.2216444533112403,-0.9136940889548283,0.24778791561003008,1.028595042307322
0,2.5696976712961104,5.986008485745695,3.2337550232997443,5.986008485745695,1.0,1.0,1.0,1.0,1.0,1.0,-0.37857777860347436,1.4263291394272561,0.07797531598219543,-0.770411438165673,0.9355192083986554,-0.012453372332867807
0,4.18045328307149,7.075884470149665,5.559457403792987,7.075884470149665,0.0,0.0,1.0,1.0,1.0,1.0,2.096050102880001,1.3562903001269444,-1.283656092269819,1.213430232942846,0.7221429874746894,0.6506821984432738
0,0.1289091839207256,2.0028362749698663,2.229030574883977,2.0028362749698663,0.0,1.0,1.0,0.0,1.0,0.0,-0.02361208629167061,0.3519804224321395,1.2260890446585326,-1.1983781236231108,2.537222065038991,0.2280305328237019
0,0.5128704029736527,1.772371459058147,0.43941693448112973,1.772371459058147,0.0,0.0,0.0,1.0,1.0,0.0,0.3697794556661204,0.48660069054026694,-0.13977211616606922,-0.5115741844870565,-0.9379965069921685,0.8574834940578112
1,3.083037961676298,3.11744584065954,3.11744584065954,4.690681762908891,0.0,0.0,1.0,0.0,0.0,1.0,1.5593664437708716,1.2856182005970984,1.4828956861402676,-0.00017707596203644232,1.0070978872885827,0.5317953180892774
1,2.2820723372207645,1.0964486458299278,1.0964486458299278,2.920345413685495,1.0,1.0,1.0,1.0,1.0,1.0,-0.6211897767974979,-0.38698634515667973,1.3960726565931858,-0.05227797141190321,-0.09040973325382012,-0.1772735862009433
0,-0.36839969675192696,1.0334786510853016,-0.17279451643430055,1.0334786510853016,0.0,0.0,0.0,0.0,0.0,0.0,-1.895344317330205,0.9573135668236386,-0.19914632018842493,-0.6608881237862505,-0.572035113918893,-0.16383829795273427
0,0.1334625144464082,0.9448585820201855,-1.004357356718732,0.9448585820201855,1.0,0.0,1.0,1.0,1.0,0.0,-0.4690550426752482,-0.8541124548067797,1.1960308614049162,0.6667664166153533,0.1333001066216239,0.22067881747044066
0,0.9509073252460709,3.994617890359549,0.4262789703931493,3.994617890359549,1.0,0.0,1.0,0.0,0.0,0.0,1.1390790064223364,-0.9388298554480751,0.8352370163272831,-0.12498503268342809,-0.9415480291666731,-0.7289841020858214
1,3.7556384561994527,1.3813564094138502,1.3813564094138502,5.564441199618143,0.0,1.0,0.0,1.0,0.0,1.0,0.688787536092948,1.1027172250380244,0.4874316056781733,1.2405848540601412,1.0494276032408854,0.4903515254598725
0,0.5945242873022949,2.071102683552822,1.891588105915407,2.071102683552822,0.0,1.0,0.0,1.0,0.0,0.0,-0.5632328520683307,0.7365851338879996,0.7399072572739593,-0.27933893938303234,1.4465156972410054,1.4710984486843484
1,1.891531423413967,0.15776033775589715,0.15776033775589715,3.486315238560265,1.0,1.0,1.0,1.0,0.0,1.0,-0.6208195012231021,0.04853069861004722,0.4792967804592991,0.5648300776031262,-1.5206253925278712,-0.1738220839845111
1,1.428857094377991,1.1083848196260777,1.1083848196260777,0.7716572100971901,0.0,0.0,1.0,1.0,0.0,1.0,0.04013172906121421,-0.6356816288092768,-0.28095106443788365,-0.48625740845105886,0.7768109516370223,0.2299091001383038
1,0.9551544921865001,1.0766814760086993,1.0766814760086993,2.3458685926696017,1.0,0.0,1.0,0.0,1.0,0.0,-0.3235938162127548,-1.6982823670961664,1.1064428689504853,1.349540060263223,0.32268010038858064,1.2206619032903552
1,4.560589778251674,2.061799346112564,2.061799346112564,2.7687637941057135,1.0,1.0,0.0,0.0,1.0,0.0,0.49820464864364333,-0.227407026933933,0.2540872588625264,0.5541719777507416,0.0075930523317914245,-0.2052218482165331
1,3.624262697969951,3.829304554454163,3.829304554454163,5.6221207124016,1.0,0.0,1.0,1.0,1.0,0.0,0.3696240087135918,0.3200447567649678,0.6392476342850301,1.4659777800091471,0.983613868524678,0.32070963853000495
1,4.7447155613351235,2.556620236668218,2.556620236668218,3.6965242126479376,1.0,0.0,1.0,1.0,0.0,0.0,0.8893989140862094,-0.28400714373014835,0.15121558236673427,1.1480263075561599,-0.9079720267886672,0.015872249246394854
1,3.6087434018912603,3.788292455828108,3.788292455828108,5.9256500051793,0.0,1.0,0.0,0.0,0.0,0.0,1.8235631081066286,0.3417847787496786,0.4220021549360132,0.9755363907686944,-0.047267107825106555,-1.312185708910338
0,4.02789346880467,5.064230804828519,3.9647344612273,5.064230804828519,0.0,1.0,0.0,0.0,1.0,1.0,2.011195964530161,0.8030157893435139,1.7165193678148856,0.7618240714007036,0.7294094716857994,0.6426226857086526
0,1.6842712458726756,3.247928063710896,1.3079814972826338,3.247928063710896,0.0,0.0,0.0,1.0,1.0,0.0,-0.2590734831380064,0.7170343976618173,0.13290403671754253,0.36588643954211153,1.7626485828388367,-0.11220538075983488
1,2.5169667047417943,1.6834839720174841,1.6834839720174841,3.586025249461916,1.0,0.0,0.0,0.0,0.0,1.0,1.1099162066582338,-0.7210475071915721,0.29414371644351744,-1.4095049934046602,-0.6501037111093244,-1.0748196546691016
1,3.869638184560886,2.222629113062107,2.222629113062107,5.554058451835012,0.0,1.0,1.0,1.0,1.0,0.0,1.0461184924520464,0.46502476831935513,0.4796780471197192,-0.21100404208346774,0.7512615078555713,1.0018052048594455
0,0.7177223416440157,2.6991234771190316,1.3226743079395082,2.6991234771190316,0.0,1.0,1.0,1.0,0.0,1.0,-1.3922518239178856,0.5676632822150222,1.6471171850092263,0.3766726157104369,1.934112549639849,-0.09227754261066856
1,2.8039725419799777,2.040707392410323,2.040707392410323,4.075345920153814,0.0,0.0,1.0,1.0,0.0,0.0,0.7341416846184019,0.664995683588999,0.24820490361729852,-1.6741248410209404,0.3791855091332446,0.37007004695874895
1,-4.387970322312877,-2.998055664247474,-2.998055664247474,-5.861882850639125,0.0,0.0,0.0,0.0,1.0,1.0,-2.146639344910951,-0.8721137921902952,-0.6865974091265779,-2.8433358268647355,-0.8580966843153683,-3.4772490305421266
1,2.7477078130009214,0.29826619526011877,0.29826619526011877,2.085353728022586,1.0,0.0,0.0,1.0,0.0,1.0,0.1240670816277622,0.12694437457363164,0.08930788602132178,-0.8983041482448096,0.8427797863557793,0.8567010248396203
0,1.8190176891577505,3.23914424261149,1.4357582513855882,3.23914424261149,1.0,1.0,0.0,0.0,1.0,1.0,0.9515634434243312,-0.82506535745219,0.5538776701712469,0.08437482782746375,-0.14985827637223864,-0.32822038478919446
0,3.167649765180328,6.064394593960513,2.476396307771158,6.064394593960513,0.0,0.0,1.0,0.0,1.0,0.0,2.0604540896588293,0.0363872114977396,0.3450718169793826,1.7660229967844843,1.0619157558756342,-0.0006701864444763617
0,0.45534586044204384,1.621967337123933,0.7482415644499586,1.621967337123933,0.0,1.0,0.0,1.0,1.0,1.0,0.4473705054535921,-2.0800502504972087,-0.23095705440882836,-0.7862528514218312,0.4406205032575775,-0.39612435444113814
1,3.1359358196949394,3.8885635579611275,3.8885635579611275,5.356703759211284,1.0,0.0,1.0,0.0,1.0,0.0,1.0709458264325307,-0.0043743554801712325,-0.5431596808604693,0.5470048916961817,-0.18823826749267797,0.6401443595130086
1,4.39626722190793,2.4206674090125504,2.4206674090125504,6.0435301336559615,1.0,1.0,1.0,1.0,1.0,0.0,0.010221879879770496,1.181092503739462,0.3081643654405793,-0.014246189358812361,0.19350664533830803,-0.545733360367126
1,0.9600577024102541,1.6455492704108643,1.6455492704108643,0.591756752806957,0.0,1.0,0.0,0.0,1.0,0.0,-0.5305371176738031,-0.10248815401469324,0.6833424380454335,0.8614725888747954,1.7968184268282885,0.845339084981203
0,2.701356394168865,4.285225373928428,2.393916767350575,4.285225373928428,1.0,1.0,0.0,0.0,0.0,0.0,-0.4396972614351095,-1.1405345889455134,-3.1551297812624126,-0.6399212208826179,-2.2067259494108042,-2.0186601847860635
1,3.885267552959246,3.1846489729914635,3.1846489729914635,4.083933900305691,1.0,0.0,1.0,0.0,1.0,1.0,0.13756019241168946,0.17234312757443035,-0.22212187845139544,0.5546167803812446,0.8200950318419761,0.23994543372608723
0,0.9398891494449864,4.652384433604981,2.124370429201853,4.652384433604981,0.0,0.0,0.0,0.0,0.0,1.0,1.1600943874568919,0.4655387719131928,0.18045655202503014,0.9141858768615982,0.3962925697280314,0.06918206841820296
1,2.39857807586435,-0.24617936753511815,-0.24617936753511815,2.434309514171508,0.0,1.0,0.0,1.0,0.0,1.0,-0.8356701080085991,0.6599611612426335,0.6948964509948373,0.4754079907424181,-0.345575958868231,0.6937281668126205
1,0.9341196364219619,1.0194017024024777,1.0194017024024777,1.537093377002908,0.0,1.0,0.0,0.0,1.0,1.0,-0.3454313425053376,-0.25053572925663836,0.18895118566039235,0.3600738768719457,-0.11345335123436298,0.12309933808711354
0,2.3445013103212258,3.8757354075373587,0.7117141739371666,3.8757354075373587,1.0,1.0,0.0,0.0,1.0,0.0,-0.8270446058348956,1.115924336008057,-0.8323915426591793,0.4213584768459338,0.5248437591217533,0.8833144770609421
1,2.4537642323685316,1.0883906665192493,1.0883906665192493,3.558891358025309,0.0,0.0,1.0,1.0,0.0,0.0,0.6216915784277549,-1.016383048077393,0.38844458444567054,2.3161188155804138,0.06926908061562406,0.6705571891492978
1,3.1619596041381235,1.5700442306405828,1.5700442306405828,3.3394543022530465,1.0,1.0,0.0,1.0,1.0,1.0,0.2574930958161284,0.03801363028933083,1.939238850491977,0.36800547333815437,-0.09816959764819366,-1.3979749900505887
1,1.462310969812013,0.1661789950728918,0.1661789950728918,3.5455785060620117,1.0,1.0,1.0,0.0,0.0,1.0,-1.479781789531506,-0.35169818933349073,-2.431064704769366,-0.8508632100962031,-1.4490221888804644,-0.7089457653613213
0,-1.8736302652796695,0.03470578800169141,-2.655633953907497,0.03470578800169141,1.0,0.0,0.0,1.0,0.0,1.0,-1.2673868726454323,-2.772323166010792,0.03497385574640399,0.10259862894063099,0.793529928003357,-1.5880291592889555
1,1.2600539878623906,-0.4268108050536552,-0.4268108050536552,2.434426042640765,0.0,0.0,1.0,1.0,0.0,1.0,0.05186294833282747,0.52484048761382,-0.782327146876563,-1.0710686372412912,0.050390860693905026,-0.8427304579260368
1,2.7442391555450683,2.290175108478558,2.290175108478558,2.9798906936366167,0.0,1.0,1.0,1.0,1.0,0.0,-0.01610029087511449,-0.6869077169373412,-1.1317847528113822,-0.19648800962445115,0.9930128919827412,0.6192149043778427
1,4.333919402129327,2.8374439559359392,2.8374439559359392,6.449407959177177,1.0,0.0,1.0,1.0,0.0,1.0,1.4643642197165894,-0.06448207883886417,-0.2884009973006093,-0.2195421806228947,-1.1677940011751415,0.4315369542574438
1,5.953150856409171,2.3783370952639484,2.3783370952639484,3.747162436003348,0.0,0.0,0.0,1.0,0.0,0.0,1.517114527783477,1.719667680970804,1.3142478421581092,1.3694607150633804,0.05930607580156466,-0.5673923980235066
1,2.921037571719462,1.7794449339499043,1.7794449339499043,4.939225367898289,0.0,1.0,0.0,1.0,0.0,1.0,0.004426445992781277,1.6262693812911522,0.4738424957686791,-0.8504208482466165,0.6804531995220996,-0.8253367389694648
0,1.4100903459310998,1.3101604073514055,1.2058922056342682,1.3101604073514055,0.0,0.0,0.0,1.0,0.0,0.0,0.716493541864705,1.0932463906280938,1.9260781833397846,-2.099229302840146,0.3031392172036296,-0.7857853242759741
1,2.2486620695532706,1.5858499612736978,1.5858499612736978,0.8663444678070404,1.0,1.0,1.0,1.0,1.0,0.0,-0.6082180410260333,-0.6843065830591974,-0.809270029126075,-0.6556283593881049,-1.9605507668331819,0.11661894734606582
0,5.163928872458267,5.9371204081097995,5.029216957674968,5.9371204081097995,1.0,1.0,1.0,1.0,1.0,1.0,0.4396533119107684,1.2238367854659375,0.4473731524502613,0.2061052764082626,0.728545619590035,1.654881412581115
1,2.8527278849274715,0.5064967686821042,0.5064967686821042,2.5835955108080575,1.0,1.0,1.0,1.0,1.0,0.0,-0.3580914356174527,0.27135867117832807,2.1963586539180904,1.0216318182917608,-0.4940026278139533,0.7480412125848817
1,3.922573504894231,1.8889545755341337,1.8889545755341337,4.861699360259983,1.0,1.0,0.0,1.0,1.0,1.0,1.3231646002370798,0.1909012921921915,1.9902162082006223,-1.0222701216334582,-0.1640328827616192,0.6253606059803882
1,3.6789323116758785,3.389938846828472,3.389938846828472,4.590550424014479,0.0,0.0,0.0,1.0,0.0,1.0,1.7529584142455628,1.2236388991203708,0.6070323009851236,0.7418434685777147,0.2405359604245379,0.6748061017058262
0,0.2628665670567549,0.4988243153794797,0.6990902841712465,0.4988243153794797,0.0,0.0,1.0,1.0,1.0,1.0,-0.7921704472706295,-0.727583426645174,-1.6816290606472823,0.12162743123191833,0.13797261084528917,1.0783098429744045
1,-1.0166642127399057,-0.7734258122801425,-0.7734258122801425,0.21261767665338938,1.0,1.0,1.0,0.0,0.0,1.0,-2.8413684619092785,-0.6141647929789036,-0.5826342558090486,-0.6611577912710892,-0.7429310520045762,0.2527165327070913
0,-0.5335788717718619,1.9735276745227432,-0.11154396707182679,1.9735276745227432,0.0,1.0,1.0,1.0,0.0,1.0,-0.40718612034041274,0.365560217796109,0.7666351684581796,0.1630602375443917,-1.3275204987838778,1.717241544784477
0,4.351555026538044,4.9499002057548305,3.1215970927640733,4.9499002057548305,1.0,1.0,0.0,1.0,1.0,0.0,-0.49969477917902255,0.5787918131612299,-0.98689545341877,2.1453794458176936,-0.46758619827811343,-0.2781411057744848
1,2.586502282991929,1.3206563228646613,1.3206563228646613,4.7376089321693176,1.0,1.0,0.0,0.0,1.0,1.0,0.25636856253053103,-0.3731237269716983,0.13720196002392832,1.0808446143700587,0.2401661789190572,1.3363311977561503
1,5.728696312440681,3.9705091374058314,3.9705091374058314,4.761362476528424,1.0,1.0,1.0,1.0,1.0,1.0,0.9714015727463313,-1.2990572543257717,0.45201826791053223,-0.3176123218059952,1.5608200320560655,-0.029497739360144576
1,4.78557994163394,2.345961050928721,2.345961050928721,3.405692160512873,1.0,0.0,1.0,0.0,0.0,0.0,-0.20094435823138693,1.4986621588361921,-0.5152385306076164,0.5997465608535296,2.2566112068953808,1.0821958608600908
1,4.70657890000925,0.811941688636675,0.811941688636675,4.568353802354634,1.0,0.0,0.0,1.0,1.0,1.0,0.7493648890501601,0.7931944951912452,0.21460512652049224,0.7739774614840236,-0.059257522580428434,0.9287348417507792
0,0.577332096117247,4.480071396091942,2.1785722347646406,4.480071396091942,0.0,1.0,0.0,1.0,1.0,1.0,-0.439126572059475,0.5086997802749678,0.5455118127224432,1.077392078536824,0.9136460382299167,-0.2573023566988261
0,0.9922947231643727,-0.5266432269164718,-0.12081681325126817,-0.5266432269164718,0.0,0.0,1.0,1.0,1.0,1.0,-0.8206641746215598,0.2739141604184939,0.08016531266055327,-0.5495037188450738,0.2492746235061446,0.5719784083967402
0,2.1457844151688983,4.896765793448131,2.003525556029681,4.896765793448131,1.0,1.0,1.0,0.0,1.0,1.0,-0.3196827811958811,0.028446539993332493,-0.013082166499901335,-0.28437624423912045,0.2155514444547087,-0.7390845263843994
1,0.30494028132629625,2.00464275074481,2.00464275074481,3.7548552838702625,0.0,0.0,1.0,0.0,1.0,0.0,0.29635934665236446,-0.13979933735693095,-0.8726422619336949,-1.4737282241376704,1.5795773109788482,-0.007441074725421699
0,1.7396537670579248,3.5129582421783137,1.4494040803536956,3.5129582421783137,1.0,1.0,0.0,1.0,0.0,0.0,-0.16834368440735012,-1.205788586260892,-1.2920286523216236,-0.4975717440180083,-0.09692832857980449,-0.27386091505086374
0,-0.13176085029729168,0.522353483145973,-1.0150347444595667,0.522353483145973,0.0,1.0,1.0,0.0,0.0,1.0,-0.35039846547903336,-1.1573875582690785,-0.5351954271589547,-0.9987880270073675,-0.8208384524588542,-0.15674913142730307
0,-1.0492584156644629,2.847799127296579,0.329924574004982,2.847799127296579,1.0,1.0,0.0,1.0,0.0,1.0,-1.956296750914798,-0.9880034856445197,-1.272004209809365,-0.6657132068693281,-1.213273384649039,-1.2406831768143038
1,2.3810521053508316,3.608505204888549,3.608505204888549,3.073569287838206,1.0,1.0,1.0,1.0,1.0,0.0,-0.4746992135121011,-0.029421768577008844,0.8830368102445337,0.937003373863158,1.539150902541829,0.4757373348913413
0,3.910433191620481,6.99804270417551,4.766341809782601,6.99804270417551,1.0,0.0,1.0,0.0,1.0,0.0,2.349017592913543,-0.46744365313527764,-0.6217724625586055,1.1735484193378363,1.7549975180822863,0.6013702304289754
1,1.647405352455872,-1.4340016055171994,-1.4340016055171994,-0.8504264912265422,0.0,1.0,0.0,0.0,1.0,0.0,0.06742059208688317,-1.038204769691858,0.5876825924244242,1.5839809343666469,-0.6286660934054674,-0.7258922980071978
0,0.7403149042274856,-0.405365210933438,0.7103051189090649,-0.405365210933438,0.0,1.0,1.0,0.0,0.0,0.0,-0.7301983302652191,0.06695415265592164,0.419636381409735,0.6304318424722597,-0.09632540675042583,1.0056938584922448
1,3.21777346518782,1.2010195971597535,1.2010195971597535,0.9851609051532867,0.0,0.0,1.0,0.0,0.0,0.0,0.25168470589406017,0.4039548111594594,-0.569591497986168,-1.1420327933129286,0.7685173977819981,0.35244173033669324
1,1.8805760363860555,1.5802722113598169,1.5802722113598169,2.497232955411017,1.0,1.0,0.0,0.0,1.0,0.0,-0.20581279516289158,-1.5587101141013175,0.42698811044010476,-1.3278391501639901,-0.6323877836840648,-2.332188636457668
0,1.081130609473761,4.010568760328918,1.8077592921507837,4.010568760328918,0.0,0.0,1.0,1.0,0.0,1.0,1.6664904121711392,-0.8927487444910247,0.33051694251953967,1.254818903316357,0.10458001366326455,-0.35947466184389143
0,2.5715342931733685,7.006093828435429,2.8128262608359536,7.006093828435429,0.0,0.0,0.0,1.0,0.0,1.0,1.8027957796614904,1.463363464053981,2.198372381771503,1.4609406282364648,1.3460196253921444,1.029050586974806
0,2.765377650051518,5.372898741634053,4.561965507135947,5.372898741634053,1.0,1.0,0.0,1.0,1.0,0.0,0.5398285111885107,1.1499272470342747,-0.7449930418299651,-0.06285588554487437,1.26469316493844,0.9689379814338253
1,3.2750484171749803,2.1573335542344036,2.1573335542344036,2.9772451542784197,1.0,0.0,1.0,0.0,1.0,0.0,0.015738067932773093,0.8554650101865592,1.4951178555370297,1.77156015006577,0.01753631310400261,0.05146862439876132
0,-0.3063766207384081,0.48450079880582086,-1.7984383512323592,0.48450079880582086,1.0,0.0,1.0,0.0,1.0,0.0,-1.7154071215027051,-0.4663630233957478,-0.25828182425702767,-0.6604424783790936,1.4174209381712322,0.3722274823881828
1,-3.5635173387668253,-2.5148302223812533,-2.5148302223812533,-0.8325709997419313,0.0,0.0,0.0,0.0,0.0,0.0,-1.1184970281198232,-1.8657064004956543,-0.6500203838027928,-0.8436466784326402,-1.3879234083065208,-1.445802323595799
1,4.729480432927374,4.03550141617571,4.03550141617571,2.9635699347668485,1.0,1.0,1.0,1.0,0.0,1.0,-0.5021635831771254,-0.6008467509112994,-1.7317317833862351,1.17981167412094,0.29713172412524713,-0.4789179118821178
1,3.8523269866227574,3.302735441992531,3.302735441992531,6.964801800881168,1.0,1.0,0.0,1.0,1.0,1.0,1.3154468503175056,-0.7197993675025418,-0.23418447884513,0.9646845097796967,0.5597697205285498,0.6115105855091515
1,2.1674624596241108,0.4111822181449032,0.4111822181449032,4.767075713137557,1.0,1.0,1.0,1.0,1.0,0.0,0.5104231773875721,0.13749360752570472,1.7115159169974923,1.2350104648884908,0.7156707770680764,-0.42840181627571117
0,0.8334589370589984,2.1122816459679075,2.3645393953557052,2.1122816459679075,1.0,1.0,0.0,0.0,0.0,1.0,-0.9567048634150888,0.5038096895361175,0.8853318619994633,0.13816824523281004,0.6104627574999841,-1.7509091712146285
0,3.7106955105519557,4.981153276720068,2.9478644820538205,4.981153276720068,1.0,1.0,1.0,1.0,0.0,1.0,0.5580542412656503,0.41140066315689594,0.43969115335941766,-0.9868492169180598,-0.3499870848101801,-0.49397169120539786
1,2.2863031710815953,3.0747844144692387,3.0747844144692387,4.695289787276173,0.0,0.0,0.0,0.0,0.0,0.0,0.78170361006877,1.5733512987827196,1.5435504985117299,0.8994646881862476,0.27916934581846264,1.5577427526909182
1,2.421745952363061,-0.773179025261405,-0.773179025261405,-0.1892836998903118,0.0,0.0,0.0,0.0,0.0,0.0,-1.3408477088566828,1.4717858728371882,-0.047268667887518656,-0.5562771384166272,-0.17262033847087868,-1.90993128744672
1,5.751282173565945,1.9330801183492663,1.9330801183492663,3.40156947482048,1.0,0.0,0.0,0.0,0.0,0.0,0.5716474179827203,-0.04305657835281751,-1.7059078995643824,-0.9207429743329998,0.5060094929819978,1.0225765826376079
1,1.9313440865425537,1.7019528945546276,1.7019528945546276,1.5873522667297844,1.0,0.0,0.0,0.0,1.0,0.0,-0.32188919114548037,0.35905761356319454,0.30128179707448044,-0.02450455033931624,-0.708894358075781,0.402929092533985
0,0.2697794544967729,0.13381027635359466,-1.7470066512163802,0.13381027635359466,0.0,0.0,1.0,1.0,0.0,1.0,-0.5344916031587718,-0.7459296805260349,-0.4973863897303449,-2.9060366048624435,-0.32366144516187734,1.5831053760029352
1,2.6556799218071836,0.6659009582564096,0.6659009582564096,2.8953727128637814,1.0,0.0,1.0,1.0,0.0,1.0,-0.09308819588149811,0.03412387735167666,-0.3786448522206163,-0.6993897542420013,-1.0652657934049163,-0.4367615294091315
1,1.9522215444513542,-1.4598342682618675,-1.4598342682618675,2.083015012760158,0.0,0.0,1.0,1.0,1.0,0.0,-0.24394414829157024,-0.41266401801310454,-1.8802183575058886,0.6769221727277396,-0.6193827817593642,-1.8547046823364899
1,0.5505986094892961,0.9673873142479663,0.9673873142479663,0.10569530330888155,1.0,1.0,1.0,1.0,1.0,1.0,-1.8226466280021083,-0.4799564388453064,-0.41592875773809124,-0.8169967891087948,2.0967420381956137,-0.15048121025162295
1,5.342388248610433,0.677710869686684,0.677710869686684,5.998538470834632,1.0,1.0,1.0,1.0,1.0,0.0,-0.3807495509933068,-0.28361246102933985,0.46318978953679274,0.3615858856082626,0.892547362622275,0.9476597678332832
1,5.367096923057172,2.7246580467167427,2.7246580467167427,4.343134928318126,0.0,1.0,1.0,1.0,0.0,1.0,0.7159922712479946,1.9773705823373207,2.7505882322118556,1.4497604212175983,1.3423231227097068,0.292021191270017
1,6.39223241023974,4.9408778785870995,4.9408778785870995,7.462644996003438,1.0,0.0,0.0,1.0,1.0,1.0,2.0266252723090687,1.3393511867657635,-0.6694276255458168,1.2170438162085941,1.0947350274211427,1.4784064731434334
1,-2.8013761367106733,-2.9524157722409963,-2.9524157722409963,-1.4739729653700209,0.0,0.0,0.0,1.0,0.0,0.0,-1.1954874029553524,-3.375430779410602,-0.8744885379754,-1.8866875820783018,-0.8393105330687118,-1.6661344868666446
0,3.963888337794202,0.5660721451882083,-0.031140285349154695,0.5660721451882083,0.0,1.0,1.0,0.0,1.0,0.0,-1.23562235693047,0.3129793601100658,0.2998120665319721,2.2733492709065035,1.9036705740376276,1.1389498615244522
0,2.5208922994758334,0.700519032297233,0.9006755264373403,0.700519032297233,0.0,0.0,0.0,0.0,1.0,0.0,-0.2184379926089241,-0.08015678087799405,-0.8418451214902813,0.23602313903197647,-1.8332335970415654,-0.3000552180256455
1,1.3447238311854441,0.19095816529565912,0.19095816529565912,1.2196924576622974,0.0,0.0,0.0,0.0,1.0,0.0,0.46264824228008267,-0.7356723406622279,0.09337235617512993,1.1785373307628335,0.5529333580362802,0.04490608541864101
1,3.855498792553589,3.430738037943798,3.430738037943798,4.209871157695062,0.0,1.0,1.0,1.0,1.0,1.0,1.1550610455279124,-0.7119668259690003,-0.6989175990811946,-0.37041205788877707,-0.8195173835544871,-1.009745870755691
0,2.1376083318964483,-0.031787694545674094,1.6947343934127326,-0.031787694545674094,1.0,1.0,1.0,1.0,0.0,0.0,-0.18901339006714962,-0.8405890454712857,1.266633236261315,-0.46482133188557206,-0.5918666747809118,-1.7771115521135266
1,1.3760952514891556,2.2649689675039286,2.2649689675039286,3.0966300684338686,1.0,0.0,1.0,0.0,0.0,1.0,0.47184398149330403,1.0517012633756229,0.9562638280394591,0.18700081606238372,-0.8503119579324798,0.2282179179113054
0,1.316705954900141,2.30640809587259,0.05216246715291062,2.30640809587259,1.0,1.0,0.0,1.0,0.0,0.0,-0.22430950962736154,-1.162303916890777,-0.5448769259591573,-0.6864288906935123,-0.9913801381899853,-0.9119530757377255
1,-0.3067938495365632,-0.34700302603385524,-0.34700302603385524,1.5707579440759942,0.0,0.0,0.0,0.0,0.0,0.0,-0.261484566218638,0.6700639467242007,0.829656701470675,0.6434618800158819,-1.0653346505057995,0.6721935619881739
1,1.1047660105037829,1.2389820835034135,1.2389820835034135,1.88969086143935,0.0,0.0,1.0,1.0,0.0,0.0,-0.0999493335467862,-1.0779827815030911,-1.0918134588384525,-0.5805578390257115,0.4198618870411391,0.792306365531245
0,-0.07428522451131092,1.3218449150780056,0.20396819093630442,1.3218449150780056,0.0,1.0,0.0,0.0,0.0,1.0,-0.7129999326214517,-0.5888004816292154,-1.3328504448872724,-0.046724854635105895,-0.6133248446648145,0.5658932409268554
0,-1.3074050153587689,-0.2595770843734462,0.9569680622628756,-0.2595770843734462,0.0,0.0,1.0,1.0,0.0,1.0,-0.6151180405727303,-1.8804789419972476,-0.01834469053183333,1.2964437219251606,0.5984773219915156,1.783210743227265
1,5.97662179321609,3.062064471582785,3.062064471582785,6.710720239413112,1.0,0.0,1.0,1.0,0.0,1.0,1.9060752705814716,-0.2636529240834526,-0.6459328823945696,0.09830366715180867,0.3015467789539786,-0.9827352066466271
1,-0.3557867022580963,-2.038711516518621,-2.038711516518621,1.713080219768097,0.0,0.0,0.0,1.0,0.0,1.0,-0.8112187763578872,-0.8707604454709318,0.044185647565805675,0.43695571141286266,-0.1553664127556243,-1.6936344380063584
1,1.0109470202239317,-0.292496351380638,-0.292496351380638,2.7778334888728997,1.0,0.0,1.0,0.0,0.0,0.0,0.056476532425517374,-1.2583734355723366,-0.20506809476956317,-0.14968950148124652,-0.02222984002172762,0.4944294209903647
1,0.38502089851413607,-0.032175432254631375,-0.032175432254631375,1.1857894084651197,1.0,1.0,1.0,0.0,1.0,0.0,-2.284448868674449,-1.0155035229512293,-1.460992928740187,-0.6773037487122939,-1.003918356719958,-1.8971078371672703
1,3.88068066564016,1.867543423605361,1.867543423605361,3.7910258967057415,0.0,1.0,1.0,1.0,0.0,1.0,0.9927602012761476,-1.5616305511409978,-0.14014557916496562,1.3809531784634124,0.5916350037146372,1.5508169967964194
1,2.763988384403804,0.6955711287060983,0.6955711287060983,3.6808974743639116,0.0,1.0,1.0,0.0,1.0,0.0,0.6126617679938906,0.2322789043778728,0.6527173576457073,-1.7655523080280584,0.7880805217541991,0.4461198751100431
0,2.306064700416957,3.0017335355878383,-0.3683594798279384,3.0017335355878383,1.0,0.0,0.0,0.0,0.0,0.0,-0.7260201321486548,0.49176547028921536,-0.4027664489842252,0.9333411935414606,-1.5236543516641166,1.878590022766944
1,0.9242326930156384,1.4253009782351451,1.4253009782351451,1.2102742636634343,1.0,0.0,1.0,1.0,0.0,1.0,-1.534310718636119,0.4728500321692707,-0.5472817075599693,-0.695156910860568,-1.0834590453110418,1.2019094837407471
0,1.1167881838324154,0.8333140323689698,0.4180207466097794,0.8333140323689698,1.0,0.0,0.0,0.0,0.0,0.0,1.04004551018294,-1.337020725328129,-0.24918717031628945,0.765408600202824,-0.6445778609146954,-0.20020068772324834
0,-1.681724951097253,1.8118630920766545,0.12759731950034947,1.8118630920766545,0.0,0.0,1.0,0.0,0.0,1.0,-0.7962908002678316,-0.4688821775116476,0.04893163311574711,-0.5194450271990387,-1.035782982869416,0.014689575985461667
0,-1.289075106515573,-0.9240907882864197,-1.1335065543768457,-0.9240907882864197,0.0,0.0,0.0,0.0,0.0,0.0,-0.7349864751741355,-0.13598531641951905,-0.6635594326901857,-1.6954305685604127,-0.5164792902653874,-1.619861658488885
0,0.12224968450096219,-0.7382490484686863,-1.1970654662145683,-0.7382490484686863,0.0,0.0,0.0,0.0,1.0,0.0,-0.6111752185172223,-1.0878654643955699,-1.1721375565109278,0.8684566598199647,-0.6276471369533065,-1.0449264214547305
0,0.45345640005747956,0.722553035042725,-1.3289554212015353,0.722553035042725,1.0,0.0,0.0,0.0,1.0,0.0,-0.7849218165776544,-1.1292448511605029,-0.5501712717228838,0.1523231794652322,-1.9547866588460256,-0.4954885701927087
1,2.763695725947695,1.8070658383088947,1.8070658383088947,3.386512208477756,1.0,1.0,0.0,1.0,1.0,1.0,0.3204311809288605,-1.0025629102957505,-0.8881102285052482,-0.4819553973279873,-1.075213102077524,-1.8435810546041775
1,0.20427331951024347,-0.005645118886815181,-0.005645118886815181,-0.007108259259368949,1.0,1.0,1.0,1.0,1.0,1.0,-1.838042275576154,-2.2158132368713224,-0.46953263263018663,-1.3219006986976751,-0.1663738156526452,-0.7571526541972448
1,-1.6779279903200115,0.020926908091602026,0.020926908091602026,1.9287179623622501,0.0,0.0,0.0,0.0,0.0,0.0,0.3313798636080798,-1.0397029173088554,0.7783532127918446,-0.04427796172523363,1.2482411224178622,0.40768276653036045
0,0.9167843295783835,0.6433198143929992,0.3988975250889227,0.6433198143929992,1.0,1.0,0.0,0.0,1.0,1.0,-1.397423030335542,-0.4357676635248977,-0.09470301784653452,-0.049711247735185,0.19907062851202162,0.4967905939605563
0,1.8929327971852001,2.075663819473487,-0.7241472093437916,2.075663819473487,0.0,0.0,0.0,1.0,1.0,0.0,-0.10100925995329559,0.44026760316878644,-0.36665458569980874,-0.600555566083025,-0.15346691483590014,1.6953904046668424
1,3.0812151775983763,0.5107025966048643,0.5107025966048643,2.854934659004394,1.0,0.0,0.0,0.0,1.0,1.0,-0.3258479361670392,-0.03179795802492158,-0.8933053528104447,-0.32061694565193477,-0.027152650523681987,-1.4002786916463057
1,2.8003772542746805,2.5895190579891136,2.5895190579891136,4.122834231793435,1.0,1.0,0.0,0.0,0.0,0.0,0.32443089314493445,-1.132006484534128,0.29173644662759235,-0.5981226819247119,2.3044306177814735,0.034146074439456386
1,4.125524808391543,1.8354194831610946,1.8354194831610946,4.245668088483218,1.0,1.0,1.0,0.0,0.0,0.0,0.02422428354984421,0.7916304366520291,-0.05459502043170328,-0.1890747223293748,-1.5973591949258517,-1.3142804623899018
1,2.950876402216683,2.1866527272638745,2.1866527272638745,1.1650507695973902,1.0,1.0,1.0,1.0,1.0,0.0,-0.7023164575520511,-0.992589531079983,-0.8694935154083909,-0.8661799411963136,1.014677965769996,-1.0531621258843993
1,2.642331466733271,0.4597872635933149,0.4597872635933149,0.4690055585525523,0.0,1.0,1.0,0.0,0.0,1.0,0.1381750132563865,-0.3487701894646929,1.0375526945390108,-0.4124566254867753,0.7220613631891828,0.7337642978263903
0,1.2064769100498052,3.1782546139900907,0.9651301096508177,3.1782546139900907,1.0,1.0,1.0,0.0,0.0,1.0,-2.06257311005134,-0.014015585285280241,-1.5538889190814715,0.19600568943626978,-0.6888523260227212,-0.6696776231479189
0,2.861096414502863,4.876986214412208,4.556582423399636,4.876986214412208,1.0,0.0,0.0,1.0,0.0,0.0,0.8731318039385744,1.6440050825242758,-0.5260677955523871,-0.10437540795217426,1.83163401793792,0.8200290520105525
0,0.291896630203739,0.7228566013520068,0.9491278541280278,0.7228566013520068,0.0,1.0,0.0,0.0,0.0,0.0,-0.0397887929690703,0.1163666297553036,-0.5065875087053681,0.0010010750653843131,-1.1315123034017556,0.5381427320846037
1,3.7352877523942,4.091922712946081,4.091922712946081,4.749947153748584,1.0,1.0,0.0,1.0,1.0,1.0,0.6877820339106551,-0.08379691045542381,-1.439571597894822,-0.26981567077569524,-0.14520160781929498,0.6429817558019317
1,6.766816297686992,3.582891447437378,3.582891447437378,4.221729974155349,0.0,1.0,1.0,1.0,0.0,0.0,0.09542449616765439,1.7073506163407943,-1.2851189411494721,0.6144774814902857,0.22590742387659377,0.7429963516162064
1,4.543831477268725,1.6897977579614072,1.6897977579614072,3.170577711073601,1.0,0.0,0.0,0.0,1.0,0.0,1.355682544116471,-0.9296872529586074,-0.4852492432099852,0.5221630213673485,-0.13660827228084044,-1.2692740288975746
1,4.148858989121735,-0.4384187486680593,-0.4384187486680593,2.1198557402463383,0.0,0.0,0.0,1.0,1.0,1.0,0.6181208949961293,-0.05723646851547215,-2.2970597300704942,-0.9802668501135567,-2.074003748777459,1.1964519066434804
1,5.730668161912961,2.650560235068955,2.650560235068955,5.361244129420541,1.0,1.0,1.0,0.0,1.0,1.0,0.6513508904786482,0.06878040991771464,0.4416873202079459,0.4557938875937715,0.901472287074646,-0.9161296827384751
0,3.249266342398436,4.909284190494342,2.99608398085309,4.909284190494342,1.0,1.0,1.0,1.0,1.0,1.0,0.988070740699986,0.3403370512235928,1.1815121617821798,-0.623512901709039,0.7606824380031292,1.4881236446048405
0,1.9156716502733375,3.971884288606458,-0.6624665735926126,3.971884288606458,0.0,1.0,0.0,0.0,1.0,1.0,0.21143941530929644,-0.9213312992446426,-1.108349181904972,-0.7538310487196035,0.8397416559307088,0.6933187334122916
0,1.257048507476448,3.2613368230664608,1.3211785595049916,3.2613368230664608,1.0,1.0,0.0,1.0,0.0,1.0,-1.1052745382154678,-0.33124299194338513,-0.47992570033513926,-1.1636599982653715,0.9860100314901278,-0.4361964674071016
1,0.566695609298721,1.9920128004003164,1.9920128004003164,1.5346101533917071,1.0,0.0,1.0,0.0,1.0,0.0,0.15289608626194645,-0.7970824343683275,1.885444650449736,1.230100714450478,-0.7314121304819293,0.4355975883433169
1,3.350961634775734,2.2445518195825063,2.2445518195825063,2.5634098884693906,1.0,1.0,0.0,1.0,0.0,1.0,-0.6090415191543567,0.5969465961192704,1.4099443388805741,1.908860100328322,0.7085200339604038,-0.38476567318205324
0,-0.35622725917900566,1.0286712703481746,-0.33529276426843746,1.0286712703481746,0.0,0.0,1.0,0.0,1.0,0.0,0.058766649328622605,0.429945268971772,0.4038357460905499,-1.134340214571562,0.11992781064265909,-1.1599555173595302
1,3.9010275715911895,3.5536970471349187,3.5536970471349187,3.9221626939206176,0.0,0.0,0.0,1.0,1.0,1.0,1.1416128430554622,1.0780946468408341,-0.06089093452149685,-0.288024625118449,0.3601787621077951,0.7880223270000648
1,0.16286856614925582,-1.2901994358866473,-1.2901994358866473,0.13554794790771374,0.0,0.0,1.0,1.0,0.0,1.0,-0.4360534162210597,-0.016865460458111214,0.23579792022565366,-0.9176788984012199,-1.5093375123116695,-1.085704521808001
1,3.688974219726482,1.7307522053980113,1.7307522053980113,2.773760752653038,1.0,1.0,1.0,0.0,0.0,0.0,0.1257640408755853,0.37298169894698696,1.3544929036137656,-0.48653148538221336,0.17687394918180105,-0.9156284238067371
1,4.871954846318351,2.9955627935012736,2.9955627935012736,5.563911835443947,1.0,1.0,0.0,0.0,0.0,1.0,0.6238913315826026,0.7171536995638481,-0.0803990029433943,-0.47239720662206747,0.8775863880541895,1.97824767646183
1,-0.8038646776027079,0.993617844868828,0.993617844868828,1.7726099383781375,0.0,0.0,0.0,0.0,1.0,1.0,-0.7874688172604691,0.48252708319321824,-0.4674508773541901,-0.11764267272721757,1.0211662615938397,-0.7121922008560038
1,0.843778928114818,-0.08945173261383133,-0.08945173261383133,1.6687291800961233,0.0,1.0,1.0,0.0,1.0,0.0,-0.41552478308212437,0.5552520515219288,1.8971391940854647,0.3408299369262858,-1.3033178093042252,-1.0521319760042445
1,2.7100311077584918,2.9190358013726447,2.9190358013726447,6.507735536907335,1.0,1.0,1.0,1.0,1.0,0.0,0.9308650990960334,0.23543247621353935,1.0202984489365798,-0.8544616061953563,-0.17080376347403836,0.15728005902489423
0,2.5206068334251084,2.6799953501516445,3.2984092382744903,2.6799953501516445,1.0,1.0,1.0,1.0,1.0,0.0,-1.5126634497880591,1.5932611254260052,-1.0382534434171484,0.6364999877992561,1.0504102999114289,0.7994968995607981
1,-0.7662452736839523,-2.026729588486007,-2.026729588486007,-2.1696602784187085,1.0,0.0,1.0,1.0,0.0,1.0,-2.5620515414800464,-0.9988859781238685,-0.03067515538738491,-0.21860959651810047,-0.7432341036926698,-0.256053078273494
0,1.458175421680218,2.784144586933769,2.4766180888013007,2.784144586933769,0.0,1.0,1.0,0.0,1.0,0.0,-0.6489398384528506,0.8754479407433696,-0.72751912615947,-0.4674001547900491,1.5825603895862876,-1.6173259562427087
1,2.3442498831998373,1.7116655236227978,1.7116655236227978,4.564779713235565,1.0,1.0,1.0,1.0,0.0,1.0,0.600305295385684,-0.037444115244628595,-0.4873820043447119,-0.3640597062376515,-0.6115165840834016,-0.6974875017336893
1,-0.49463034914009235,0.5115069293672547,0.5115069293672547,1.4869135558275561,0.0,1.0,0.0,0.0,0.0,1.0,-1.4499705966189358,-0.12436305473979414,-0.9958893730212915,-0.056615442327569765,1.1361047407095233,-0.8393433425382036
0,4.3319171934048,5.98904053076957,1.7640421071598995,5.98904053076957,0.0,0.0,0.0,0.0,1.0,1.0,1.696605214960697,0.4282023424437587,0.3142876356349327,-0.2894398081575815,0.8106512055279879,0.720144990648313
0,3.813567526856362,2.3225610241000183,4.34715972067493,2.3225610241000183,1.0,1.0,1.0,0.0,1.0,1.0,-0.8383786462687853,0.5327497584558195,-2.3532101094282285,-0.6211430030275406,-1.7041139774262217,-0.04830087128346683
1,1.4187475949749997,0.12085647390444526,0.12085647390444526,1.8312762465279588,1.0,1.0,0.0,1.0,1.0,0.0,-0.9999369802842586,-0.5941057607613799,-0.5028131834652427,-1.159365662484574,1.0089046665608992,0.37417595151674143
1,4.564384894164647,3.274389221788466,3.274389221788466,2.133857016983066,1.0,1.0,1.0,1.0,1.0,1.0,-0.6743914038752005,1.3675184218090046,0.8343315059924685,0.2770565583829674,1.0430053331749325,0.607894285522391
0,2.511617607168642,4.899981558203458,1.20659282821435,4.899981558203458,0.0,0.0,1.0,0.0,0.0,0.0,0.45303859981302474,0.8843211857672992,0.6750153033934716,-0.6808687992758791,1.8552719098867358,1.0332744442990727
1,2.6847766579009935,-0.26555213569548786,-0.26555213569548786,2.138862667086843,1.0,1.0,1.0,0.0,0.0,0.0,-1.3649872906348768,-0.9885327075578616,-1.5316327205349793,-0.16401636763294544,-1.442375657534363,-1.7146877719094842
1,0.34524259538980206,-0.8264415235598992,-0.8264415235598992,0.019807652699792067,1.0,0.0,0.0,0.0,0.0,0.0,-2.3709232362209356,-0.40341699884232307,-1.1691051024218475,0.15471428168579118,-1.7241545221375087,0.2778160444834269
1,-3.2406795490273854,-2.315139945873417,-2.315139945873417,-2.318540736719287,0.0,0.0,1.0,0.0,0.0,1.0,-1.2852744733630301,-1.539491191160569,-0.7244898916783711,-0.7816080492249665,-1.091663590519393,0.44955122475338916
0,2.909214265248123,4.706458866019954,2.3152136620320096,4.706458866019954,0.0,0.0,1.0,0.0,0.0,1.0,0.4809588224485874,-0.1610486819764197,-1.1743420833482516,0.8350511845653288,1.1595286834283485,1.267890711128521
1,4.390028771769803,1.7600034117752152,1.7600034117752152,3.016217076053704,1.0,1.0,1.0,0.0,0.0,1.0,0.6109309801036421,-1.4692477440278686,-0.19591648132815667,-0.11602322053687095,-0.678402906537001,0.7032794124323827
0,-0.5612171498148268,1.3633985854733646,2.074655994783747,1.3633985854733646,0.0,1.0,0.0,0.0,0.0,0.0,0.023626295548339376,0.623439626957526,-0.5777054428263275,-0.5673312227892391,-1.1678478753828812,0.16923750151116057
1,5.522094203929467,1.9865540044994792,1.9865540044994792,3.359579591907564,1.0,1.0,1.0,1.0,1.0,1.0,-0.699706788129511,0.4206944264283572,-1.5521254252309555,-0.58723165904998,-1.9683639361941614,-0.4298447360074025
1,5.945109837995991,2.010895650715474,2.010895650715474,4.676663449768731,1.0,0.0,0.0,0.0,1.0,1.0,1.326099457203045,0.6112851828012358,1.7099276966565977,0.8958612486481417,0.7604503931841384,-0.7210561581752082
0,1.0271099666011692,0.4692229332195066,0.44047343056620103,0.4692229332195066,1.0,1.0,0.0,1.0,1.0,0.0,-1.2136700420973099,-0.19097427285854676,0.11842914957444406,0.4482161180550569,-1.5071220443379494,-1.0155543380696206
1,-1.5538939414340973,-2.742069713985267,-2.742069713985267,-0.919956564573499,0.0,0.0,1.0,1.0,1.0,1.0,-1.7560824627099298,-1.287475523060118,-0.8645239221529482,-1.824460583684392,-0.014962781749636167,-0.24884976177322388
1,2.62178485651859,0.3379685992481005,0.3379685992481005,1.4171967423146672,1.0,0.0,1.0,1.0,1.0,1.0,-0.030958422256996385,-1.1412755295517292,0.12448596504150944,-0.4422411708055707,0.8203707446782202,0.9777055067710811
1,3.0819250077084646,1.2515738259661724,1.2515738259661724,2.125559318474878,1.0,0.0,1.0,0.0,1.0,1.0,-0.019208864061657713,-1.6737180386533754,0.1587645034260444,-0.43572147998020405,0.518311628470971,1.0664103067806883
1,2.8949648519543296,1.4835898060654125,1.4835898060654125,0.15137302558406307,0.0,0.0,0.0,0.0,0.0,0.0,0.21863059357924916,0.018080741431123037,-0.9127552952971311,0.24279976796917366,-1.6746527735650365,-0.5894863400271797
1,2.887712404979673,5.08537072663435,5.08537072663435,4.750498049313246,0.0,1.0,1.0,0.0,1.0,1.0,0.7549761901945192,0.9039561200223147,0.4567584121684587,0.31209492076928413,2.045407750224672,-0.4887189157934385
1,1.772419518073594,0.6611668913666474,0.6611668913666474,0.9103204790300427,1.0,0.0,0.0,0.0,0.0,0.0,-0.46405942017185087,-0.8856910370210087,-0.5644220710961824,0.6469958201706545,0.3516173054587164,-0.2545609410548347
0,0.7743083516706131,1.4758194194890542,0.6620803110239277,1.4758194194890542,0.0,0.0,0.0,0.0,0.0,0.0,-0.2311627488824753,1.1080849434074633,1.750721591113824,0.08230506881985522,0.5915380170185826,0.40520990671171153
1,4.798445968727156,1.1351942796666397,1.1351942796666397,5.037381350936472,1.0,1.0,0.0,1.0,1.0,1.0,-0.1597525421284127,-0.18649636969634675,-1.252672275611064,0.20689459021890055,-2.0421338842952426,-0.2554712799863528
0,-0.6349985491092626,0.9636911033260095,-0.7035237397265416,0.9636911033260095,0.0,1.0,1.0,0.0,0.0,0.0,0.16719198800918575,-1.4801585920483484,-0.4398277505613195,-0.14237113714581362,-0.21142714089597736,-0.5673028764440764
1,1.4876578135944105,-0.8806770264856003,-0.8806770264856003,0.5297648572071461,0.0,1.0,0.0,1.0,1.0,0.0,0.44677569532413114,-1.139895623717037,-0.5997115138029694,-1.471532211233911,0.9778053161967566,-1.4176890754980682
1,4.99606883305283,4.540595418993086,4.540595418993086,5.447243659697923,1.0,1.0,1.0,1.0,1.0,1.0,0.7087034377053864,1.1270617402645804,-0.22976691758884138,-0.8626576047843069,0.18566721443425707,-0.7608659321665578
1,2.7623571986756494,1.6189342081297635,1.6189342081297635,2.7275254051876137,0.0,1.0,0.0,0.0,0.0,0.0,-0.04234768982588341,1.1086429557825288,1.3663951440587128,0.7736628914361834,1.3604178148618098,0.4347845733136062
0,1.182904905426899,2.668229609297547,1.6432637904667906,2.668229609297547,1.0,1.0,0.0,0.0,1.0,0.0,-0.7026784127245556,1.1416818971241542,-0.16484535930104066,-1.6295499832055083,-0.9373298746123931,0.34148726673491164
1,2.428494797495455,1.0365694876213933,1.0365694876213933,2.165389884533729,1.0,1.0,1.0,0.0,1.0,0.0,0.07598672382971039,-0.04648995893819846,-0.06678503414632966,-1.0607678305065957,-0.4456151187056666,-0.16039190062189856
1,2.7455466220436238,0.891561003306449,0.891561003306449,0.6061251079422767,0.0,0.0,0.0,0.0,1.0,1.0,0.02718830266853959,0.18532551990029555,-0.4483221036959268,1.239359739188507,-0.10727156807071506,0.11901270565589378
1,3.8548711018632096,1.0713834755526601,1.0713834755526601,3.0158007615931153,0.0,0.0,0.0,0.0,0.0,0.0,0.48909173502128694,0.867959097315451,0.628375712808989,0.404092803776881,0.09050496633311528,-0.04030854774526932
1,3.622780278521395,1.8898175745543095,1.8898175745543095,3.3038412979848246,1.0,1.0,0.0,0.0,1.0,0.0,1.0958357248562984,-0.41528929831470746,0.9512060524594961,-0.6285609621527449,1.1496724690759217,1.3729969897937555
1,1.9933023375852408,0.019981029204148792,0.019981029204148792,1.1927083681749722,0.0,0.0,1.0,0.0,0.0,0.0,0.8621250189710858,-0.021948210635786003,2.590647100947012,1.0332644692864548,-0.4115671427020713,-0.43832948143304074
1,-3.304106110630616,-4.089986108193257,-4.089986108193257,-2.5661512971149842,0.0,0.0,0.0,1.0,0.0,1.0,-1.826962936292477,-1.4392695515731448,1.0857760825833684,-0.18113778957229298,-0.5258919670524154,-1.2863255443202997
1,5.590972004285155,2.6140877363979556,2.6140877363979556,5.42973002069335,1.0,1.0,0.0,1.0,1.0,0.0,-0.13454927209385786,1.4249151361916474,-0.4110892834795057,-0.8129690480713652,1.420506299920311,0.863008777005185
1,4.31987066892694,3.6757535300115287,3.6757535300115287,5.176959083758646,1.0,0.0,0.0,0.0,0.0,1.0,1.3466258854844224,0.8225027449145649,1.2680622775950976,1.1008569814574696,1.181736890210693,0.2933849423965912
1,2.111261387216135,-2.216924349949203,-2.216924349949203,1.5870081338735553,0.0,0.0,0.0,1.0,0.0,0.0,-0.2345910607826829,0.4626302631359659,1.8227217550811845,0.8207572150809502,0.4874113292363482,1.4867703251147042
0,0.4139679475081066,1.3334817646641874,-0.3250186584977076,1.3334817646641874,1.0,1.0,1.0,1.0,1.0,1.0,-0.9338268714864153,-0.7831669429298183,-0.17355422293644948,-0.3819322914263733,0.20396883801083954,-1.003331162251163
0,0.18179332363812983,4.908014564985775,1.4117453526637709,4.908014564985775,1.0,1.0,0.0,0.0,1.0,0.0,-0.37297686484247833,-2.204121094180405,-1.6641178275174064,-0.35826296170381017,-1.143990910336041,0.6464283240931863
1,0.8821395042800904,1.5404306341164888,1.5404306341164888,1.2036109452050263,1.0,1.0,1.0,0.0,0.0,0.0,-0.8903034065241449,-1.534375900265276,-0.5270286255062785,-0.6203456370623535,-1.1615613032728949,-2.658455391923783
0,3.5036873474313026,3.3880670284400107,3.4697485241177475,3.3880670284400107,1.0,1.0,1.0,1.0,0.0,1.0,-0.5639604621964263,0.7749775820823563,0.337415283972016,-0.3809672728801534,0.3655020473380971,0.487827928353233
1,0.6997608012762871,0.6946224926119859,0.6946224926119859,0.37934677934135197,0.0,1.0,0.0,0.0,0.0,1.0,-0.1110212348550011,-1.1556468902605603,-0.6229396619802718,-0.5094865509720734,0.644549543447327,-0.23049436478658303
0,-1.3620758403441888,3.2953413357836725,-0.8043416962352476,3.2953413357836725,0.0,0.0,0.0,1.0,0.0,1.0,-0.04385640323236793,0.9260602139192076,1.0974744822238454,0.7203980326700747,0.373755263556606,0.8538271372484381
0,1.0540091086895491,2.6082553738468244,0.9252655025701915,2.6082553738468244,0.0,1.0,1.0,0.0,1.0,0.0,-1.0966393388294393,1.004440442133258,-0.35525408811425097,-1.195259718021558,-1.1083356598049132,1.4285868947879539
0,-0.6693333833812237,0.130542441749256,1.3522054405916684,0.130542441749256,1.0,1.0,1.0,1.0,1.0,0.0,-0.5609468323296769,-1.0082156308480357,0.22624097600719106,-0.26949532116499963,-0.2577492182741144,-1.534128124836844
0,-0.665078532028383,2.031114013348689,-0.3183339268041435,2.031114013348689,0.0,0.0,0.0,0.0,0.0,0.0,0.1428936988381899,-0.9337410461722639,-1.5791735276924417,0.18330034141839027,-0.08384814496885595,-0.38126248374816946
1,1.037538187191936,0.18777902536281943,0.18777902536281943,1.3475897119913758,1.0,1.0,0.0,0.0,0.0,0.0,-0.7117818451211685,-0.7120829932748326,-0.6901788046520387,0.7584765133823749,-0.6564377696985008,0.5126379390931155
1,0.5755689591625934,-1.1594643117145425,-1.1594643117145425,0.8058073676510576,0.0,0.0,1.0,0.0,0.0,0.0,-1.3633011952945464,-0.1788163865042579,-2.223386452607113,-0.21240307690615878,-1.390652973445308,-1.2951609211755795
1,3.3244620538564478,-1.3178460504133893,-1.3178460504133893,0.4436923658124825,0.0,0.0,0.0,0.0,0.0,1.0,0.5420610546875121,-1.5879921982746745,-1.0689382142369102,-1.3730176271474985,-1.3113654114250772,-0.9224373473423553
1,1.7253320728555845,0.4118375851207452,0.4118375851207452,0.48143875653687385,1.0,0.0,1.0,0.0,1.0,0.0,-0.31554488539003256,-2.0911094595834783,-1.1227653995523734,-0.05546075336515094,-1.7595134746552021,-2.3130802197197773
1,0.017667467091371458,-0.9043802147800164,-0.9043802147800164,1.1360045044541875,1.0,0.0,1.0,0.0,1.0,0.0,-0.01600916655246106,-0.3842942732060515,1.981590100966633,-0.17157821539156148,-0.5456961404474879,1.3394525596921933
1,-0.31996895737489317,-0.3160900366242305,-0.3160900366242305,-0.29103355743839593,0.0,0.0,0.0,0.0,0.0,1.0,-0.12422744848249556,-1.9496108312135687,0.6750208582197121,-0.5310365232145995,-0.08362268539354384,0.01188406476871201
1,2.956368118101161,1.3447650515882972,1.3447650515882972,6.7263736809740395,0.0,1.0,0.0,1.0,1.0,0.0,0.5811858913986283,1.6746691840923267,0.9813591273268758,1.309401373688792,1.6435003828863581,1.9990073555778356
0,-0.27748609808330094,1.561795653861724,1.992847888474818,1.561795653861724,1.0,1.0,1.0,1.0,1.0,1.0,-0.5224323349518405,-0.7556543817912814,-0.7547043451311665,-0.5070720588487414,-1.60559745614708,-1.3737342700960662
0,0.6059553485971293,2.4506209164743895,-1.0685608634372585,2.4506209164743895,1.0,0.0,1.0,1.0,1.0,0.0,0.07033869295977255,-2.092341593835989,0.3410377366393805,0.24178024712489965,-0.6319517504251654,0.8662054427131575
0,1.8477006993162235,3.6042720475533434,1.4843283251592472,3.6042720475533434,0.0,1.0,1.0,0.0,1.0,1.0,-0.12854366135148437,-0.21662686151030214,-0.4674497463733342,-0.26558902143608487,0.13989607897152204,1.0695249231559723
1,2.910776806055976,0.309037113975947,0.309037113975947,1.8514355572526213,1.0,0.0,0.0,0.0,0.0,1.0,-1.0006108230446318,-1.550107052445326,-0.9821028023390126,-0.07990768003989052,-0.13477170372588798,-0.5363066099934415
1,1.5446863003884288,1.856781774337859,1.856781774337859,0.5320744690557013,0.0,0.0,0.0,0.0,1.0,1.0,0.13153573165132298,0.4571659507899133,-1.1739823710333783,-0.5595536942126993,0.3494054926834117,-0.9001456522369575
0,6.591155923780033,6.457723786321241,4.127440640318916,6.457723786321241,1.0,1.0,1.0,0.0,0.0,0.0,1.7622510247540146,1.5168491813154328,0.15082281940714914,0.30125917200001284,1.1298664025632592,1.8393214318193851
1,0.8457179357086057,-2.3680866026412133,-2.3680866026412133,0.953198740691863,1.0,1.0,0.0,1.0,0.0,0.0,-1.0150290208760506,-1.3137311952758803,1.6098433427877998,0.4359872961821155,-0.8648378805276814,-0.4744875436249986
0,4.403968215086676,6.001383732661263,4.042381699083109,6.001383732661263,1.0,1.0,0.0,0.0,0.0,0.0,1.045090751800616,1.3462507622008866,0.5207983244978514,1.4649514471743532,0.8175568722760311,1.1342270385673856
0,-0.4482126474074306,2.8931373366599926,1.890685071796135,2.8931373366599926,0.0,0.0,0.0,1.0,1.0,1.0,0.1689896560260808,1.2680312321476226,1.117978612181055,2.0397715450021745,0.48495702097973126,0.853944916966289
0,-0.5520563040024484,1.4891171898882267,-0.4832557276935777,1.4891171898882267,0.0,1.0,1.0,0.0,1.0,1.0,-0.7895030533590304,-1.3669294627342137,0.7371948078079641,0.3706809265482924,0.5236615486015149,-0.7043831899246656
1,2.120625899280191,0.28052310383009793,0.28052310383009793,0.9561133116682294,0.0,0.0,0.0,0.0,1.0,0.0,-0.6257143314294171,1.3640374762930587,0.6046169047633965,0.12971636321560498,-0.6240050904392563,-0.5514024291764217
1,1.6267557904722016,0.48086708187469973,0.48086708187469973,1.4136187277257473,1.0,0.0,0.0,1.0,1.0,1.0,0.19845109139771408,-1.5460964412175975,0.0329224218805636,-1.764949312196453,-2.2775381470325087,-1.1277465829663185
0,2.599217476228309,3.0440117341048514,1.9086207119559389,3.0440117341048514,1.0,1.0,1.0,1.0,1.0,1.0,0.09487381848888922,-0.5512113729490119,0.05625376531641684,-0.11064788490924106,0.8060872096463909,-0.4922139464918091
0,1.4283947371808492,4.9517692714672545,1.3194560490988283,4.9517692714672545,1.0,1.0,1.0,1.0,1.0,1.0,-0.27440010667048886,-1.651387596519509,-0.5832403194345861,0.3169716222058162,-0.7136380138160876,1.2819333515239948
1,5.098510288276661,1.2021349530747685,1.2021349530747685,2.2376358199881032,0.0,1.0,0.0,0.0,1.0,1.0,1.3889185941770543,0.3403779801299109,-0.8196063525610919,-0.5041998557734515,-1.203497711274411,1.6502744969942094
1,-0.5162842875036384,-0.24183515687841894,-0.24183515687841894,2.2738970705313317,1.0,1.0,1.0,1.0,0.0,1.0,-1.5177051291834571,-1.4814554944501341,-0.8725018674804015,0.5547147410417407,-1.2526022763743703,-1.4605707608062084
1,4.422388146142813,1.435695509573173,1.435695509573173,2.4117130850037896,0.0,1.0,1.0,1.0,1.0,1.0,1.4638038910652533,-0.7165157289978508,0.8484203328340056,0.05111404809291514,1.0187391047577963,-0.5851311764233447
1,4.094051821799274,-0.9393548812969568,-0.9393548812969568,0.8603227946126835,0.0,1.0,1.0,0.0,0.0,0.0,0.1920550754266417,-0.5897114635939699,0.5194700839614779,0.2796604901434324,0.702796215722319,0.06519989781361621
1,0.9091302490367053,-1.1477090600298363,-1.1477090600298363,1.6761168395648671,0.0,0.0,0.0,0.0,0.0,0.0,-0.4790565570507192,0.8342273269759576,-0.050079448175125496,-0.6320750244890284,-0.0014921392530357347,-0.07954240722305696
1,5.17051603006408,3.0507523541856494,3.0507523541856494,6.688569239721389,1.0,1.0,0.0,1.0,0.0,1.0,0.34985277268917925,1.0409810859512358,-0.6873966584355037,-0.6929540765563796,0.7817416212901469,0.5538905279422461
0,0.8037164859330195,2.750378295803172,2.09272885735819,2.750378295803172,1.0,1.0,1.0,1.0,1.0,1.0,-0.7512068303920696,-0.030292118337335222,0.09129857587820488,0.16661787212374635,0.9146178164645598,-0.36599309668498164
1,2.998740618536772,2.2902893038615053,2.2902893038615053,5.160245868851607,0.0,0.0,0.0,0.0,0.0,1.0,-0.598056565623897,2.7702564686586095,-0.059342115935883344,1.2917475411125061,0.9126293933692181,0.7653528494111619
1,3.4626697584025647,1.6180038547237592,1.6180038547237592,1.889659294369562,0.0,0.0,0.0,0.0,0.0,0.0,1.270329072970661,-1.1293777504490727,0.23320719598899106,0.1595815658203539,0.9563157951192267,0.9864257505985423
1,3.1770858402589806,0.7359247550426784,0.7359247550426784,2.204302145673042,0.0,0.0,0.0,0.0,0.0,0.0,0.32795365495833173,0.08764199454352994,0.8354928123907726,0.4755191965068353,-0.021921179505876798,0.8558093159463851
0,1.007600935779683,1.3922185365086563,0.24187550918124015,1.3922185365086563,0.0,1.0,0.0,0.0,1.0,0.0,-0.9306251280451439,0.17771226600094467,-0.4228477195917198,0.4499531574950466,0.5485001113641851,-0.8827775211169799
0,4.5322803226849935,2.944278283134005,2.9717734833373206,2.944278283134005,0.0,1.0,1.0,1.0,1.0,0.0,0.3016133590780184,0.029388881882252527,-0.29580499924830417,1.1388920895062653,1.2680942328881666,1.3792119185449168
0,-0.4645222039445539,0.6833304239654789,-3.0905731449049867,0.6833304239654789,0.0,0.0,0.0,0.0,0.0,1.0,-0.8834038242137886,-0.800007150682271,-0.7251762296603148,0.4208922843339069,-1.637918203492688,-0.9872544069432427
1,-1.3023307193132867,-0.6801436286427412,-0.6801436286427412,-0.8967888339604161,0.0,1.0,0.0,1.0,0.0,0.0,-0.8141497727491674,0.16234741523473928,-0.3159228805456268,-1.6835337681878546,0.4295289168231568,-0.3616177851947031
1,2.815962777421534,1.684169975522094,1.684169975522094,2.6171085050277303,0.0,0.0,1.0,1.0,0.0,0.0,0.12677299635480052,0.6210204556738367,0.5518893890256826,0.22990747410945506,0.06275503919717867,0.8859103619405879
0,0.7384401857414016,6.168799719482415,2.530376734161177,6.168799719482415,0.0,0.0,1.0,0.0,0.0,0.0,1.8334673054379358,0.9288240887966643,0.9485411859997814,0.6400876861122311,0.8178535698546427,-0.6731136045582243
0,3.0766502162125398,5.0400866643813345,2.4409460205301983,5.0400866643813345,0.0,1.0,0.0,0.0,1.0,0.0,2.1340463003352492,1.0176348627811116,0.9817933698514466,1.0114553422590014,0.27178438233108676,0.3994837546373406
0,2.299648082829635,4.189120443109339,1.9301960785394483,4.189120443109339,1.0,1.0,1.0,1.0,1.0,1.0,0.7492395036525287,0.10870659161449125,1.0639914896486353,-1.355784029255795,-0.5506778571084587,-0.732048555282181
0,0.13726446116770816,2.1901019727824815,-1.153438152524718,2.1901019727824815,0.0,1.0,1.0,1.0,1.0,0.0,-1.4070983203900282,-0.5375859240250019,-0.11097283438812726,0.22885196941171326,-0.1385007923022573,0.6945277400357165
0,3.0248048327550454,5.851100270195403,4.391166275851576,5.851100270195403,0.0,0.0,1.0,1.0,1.0,0.0,2.443390349885952,1.3779799415324994,-0.3277786769587574,-0.2984670889187196,1.9299338094852285,-0.4567928102800173
1,3.8042865567957564,2.154747667832769,2.154747667832769,4.811747681699465,1.0,0.0,1.0,0.0,0.0,0.0,0.5208252205330329,0.24258149527465858,-0.057023191188912636,-1.479945040851628,0.5420035251405443,0.20368593626405757
1,0.6741152820735485,1.4195426881988444,1.4195426881988444,1.097165573708179,1.0,1.0,1.0,0.0,0.0,1.0,-2.7664496893389487,-0.7103230865182008,-3.0198559656064248,-0.16898461547655885,-0.16038067478054996,-0.47172471072086586
0,-0.8713254771189863,1.3486792543664616,-0.9598125690320862,1.3486792543664616,0.0,0.0,0.0,0.0,1.0,1.0,0.31993738546278055,-1.3427561701803001,-2.17453306722582,-2.717708518013697,-1.1733925469497781,-1.3109460544265612
1,5.706176409330291,4.019307492652447,4.019307492652447,4.996178466516542,1.0,1.0,1.0,0.0,1.0,1.0,0.2954337180228754,-0.29344724300411973,-1.8068577889204203,0.2590343078569006,-2.246143712451712,0.24507999090249144
1,4.851967447778073,4.6172650788252465,4.6172650788252465,6.495608440120154,1.0,1.0,1.0,1.0,0.0,0.0,0.7580470858732603,-0.12577040358138578,-1.2514059768954082,-0.26115503276493507,2.557638678637888,-0.47585011304872604
0,1.986943246233659,3.438180748297401,1.7818687309817698,3.438180748297401,1.0,0.0,0.0,1.0,0.0,0.0,0.42072301683972524,-0.012556960620777047,-0.9957539739485369,-0.31863111079814926,-1.4430055029458093,0.924808707568416
0,0.26970995792851127,0.012860840009190744,-0.350361484951737,0.012860840009190744,1.0,1.0,1.0,0.0,0.0,1.0,-1.295599364447629,-1.4039553873641775,0.5032905780047976,-0.1954948298486553,-0.7917014513538156,-0.6753650226068515
1,3.9116804617592758,2.322543593229108,2.322543593229108,2.243774062519914,1.0,0.0,1.0,1.0,0.0,0.0,-0.652384493373197,1.2061681266874964,-0.34539874244191676,0.559151748620015,-0.5084126238359037,1.8617231552803106
1,3.0357147897886545,0.4826753773344423,0.4826753773344423,2.0860105796691393,0.0,1.0,0.0,0.0,0.0,0.0,0.37718751712527976,-0.8532336269791971,-1.5159961244290594,-0.018249357094778026,-1.4974787736757875,0.44762524661231384
0,3.5320101116669718,3.752511768382089,2.505975139881325,3.752511768382089,1.0,1.0,1.0,1.0,1.0,0.0,0.3885988020777007,0.5116875704878378,0.08447569085550358,-1.3124961011235892,-0.29948632240650075,-1.6793442253921589
1,3.596995210724966,2.470926819600728,2.470926819600728,2.359103632851382,0.0,0.0,1.0,0.0,1.0,1.0,0.3481370958303249,0.7855487004655799,0.730687373840847,-0.26856777980940355,2.0512632396544235,-0.016772287742156555
0,1.6431228490264476,5.9664324898051575,3.4244916133538554,5.9664324898051575,0.0,1.0,1.0,1.0,1.0,0.0,-0.011822319204530744,1.8096058017929977,-0.14218180227247787,1.2589907876009614,0.10762229863733086,-0.15386834618282264
0,0.4368072654244994,3.156221694182452,0.2749738834656308,3.156221694182452,0.0,0.0,1.0,0.0,0.0,1.0,-0.370591158865405,0.6784809912403582,-0.3724259541457934,0.5836950524508056,-1.3389415544256056,-0.5145716264824779
1,2.17039938329865,0.4138503350678428,0.4138503350678428,0.5634945501250301,0.0,0.0,0.0,1.0,0.0,0.0,-0.6439053192048592,-0.6853633798672247,-1.46206067967907,0.524597875648204,-0.7757082687013712,-0.3564207988818142
0,-0.578606913590819,-1.3318851268484946,-2.2699100551883507,-1.3318851268484946,0.0,0.0,0.0,0.0,0.0,1.0,0.4230142785106155,-1.7384852300719282,0.06829023531642431,-0.8599756925109556,-1.7600447228122533,-0.9246411628055408
0,1.0862101317387265,1.8044865532527745,-1.2389756541630945,1.8044865532527745,0.0,0.0,0.0,1.0,0.0,0.0,0.4901672109292933,0.7884317497500782,1.3591243626404486,-0.17485079784150248,0.8210292730919081,1.430402139568627
1,5.266108342454163,3.7607018262708225,3.7607018262708225,4.123206442073805,1.0,0.0,1.0,1.0,1.0,0.0,0.06605055592601637,0.9602925626559962,0.6447530673134949,-0.17270647133460518,-1.2566988759421092,-2.171047101152528
1,3.8978531636494553,4.890043630071077,4.890043630071077,3.529584965674376,1.0,1.0,1.0,0.0,1.0,0.0,0.11168426281221651,-0.24996890548877027,-1.1291777068697793,0.5148526894076151,-1.2948933693236093,-2.046999635924977
1,5.888473142760235,4.200148307874459,4.200148307874459,4.571454229929836,0.0,1.0,0.0,1.0,1.0,0.0,1.484424392896905,0.8154734242136404,1.930403133242849,0.5986767282153092,1.067279576979412,-0.23542332827384183
1,4.534476557921936,4.2681837303621935,4.2681837303621935,3.3416512310013706,0.0,0.0,0.0,0.0,0.0,0.0,1.4362575151327193,1.4371346627280122,-0.6914733192492265,1.9257540061118064,1.9421729886846957,1.6082240481232926
1,3.050518258863388,2.4176393498340367,2.4176393498340367,4.5863494120550685,0.0,1.0,1.0,0.0,1.0,0.0,0.017596853702806847,0.944845435885233,-1.2511774128856954,-1.374794146364357,-1.3399755541578475,0.36480582285673974
0,4.052543540338726,7.272513246231481,5.175792700251603,7.272513246231481,1.0,1.0,1.0,1.0,1.0,1.0,1.6662242561957725,0.8535206976855845,-1.5047656549704154,-0.2139812699543185,0.7382364510165171,0.296619274173004
1,6.519459156583,3.622828320014393,3.622828320014393,6.836909737327041,0.0,0.0,1.0,0.0,0.0,1.0,0.3206492171851904,1.8195872952036347,-0.8033817400719807,1.1880233810626777,0.02746583496317001,2.2649650209522294
1,1.9254131163704034,2.336469036630388,2.336469036630388,5.640020020887401,0.0,1.0,0.0,0.0,0.0,1.0,0.27499949097423226,1.4914432915409748,0.1476303839528587,0.9694231401802219,-0.6345768801137561,0.7851164995036732
1,-0.6276024036660833,0.036960565782635846,0.036960565782635846,1.2292901264082423,0.0,1.0,0.0,0.0,0.0,1.0,-0.5701532756120532,-1.3088781036912858,-1.3941636786022138,-1.4350055639411678,-0.4308985056390504,-1.0470224182073309
1,1.539926124298855,1.120746739738089,1.120746739738089,2.2046711762926767,1.0,0.0,0.0,0.0,1.0,1.0,-0.6084923637898113,0.3368947634391075,-1.7921355047926038,-0.26845998746801725,-0.40608417613964587,-0.4842865014362239
1,1.1379187173875898,-1.1819520050449277,-1.1819520050449277,1.8792973950283627,0.0,1.0,1.0,1.0,0.0,0.0,-0.0881359048742856,-1.4809986175890497,-1.3029159708996745,-2.0931729132784813,0.0938635636114511,-2.429643464908357
1,0.3475175194791771,-2.107934691901127,-2.107934691901127,2.5369136537872157,0.0,0.0,0.0,1.0,1.0,1.0,-0.29487055289697717,-1.1409470335188328,0.4227221775289398,1.79416162737872,1.9759445795589472,-0.29110472233135376
1,2.1601338278466993,0.8863202580775191,0.8863202580775191,-0.5909311754156414,0.0,1.0,1.0,1.0,1.0,1.0,-0.30621095184438235,-0.8748523558932575,0.3326173176090552,-1.2278150138965893,0.0974123027546979,-0.5080178872622009
0,1.6493019571130412,3.5710695570821134,0.9385201773356749,3.5710695570821134,0.0,1.0,1.0,0.0,0.0,1.0,-1.092737364873638,0.6224108680999765,-1.5561733119806567,-0.23727541488846737,0.5213389878781609,-0.431591211635308
1,0.40670889608155414,1.1739458863294154,1.1739458863294154,-1.2946783385997922,0.0,0.0,0.0,1.0,1.0,0.0,-0.264724863803164,-1.3442126413635758,-0.6078889285263082,-0.3226319353343533,0.5435334087588097,-1.637840449554451
0,-0.32005867757742834,0.7876546515667001,0.8852046840177147,0.7876546515667001,0.0,0.0,0.0,0.0,0.0,1.0,0.5784183636708017,-0.9340209960376007,-0.24820119932775386,0.8292678180847273,0.9434462037830194,1.6078151613820044
1,3.2611304911391903,2.594260233295258,2.594260233295258,5.881420566511353,0.0,0.0,1.0,1.0,1.0,0.0,0.2957720357197854,0.797805599763825,-1.2181238078250158,0.2936046460224224,0.6728606446875802,0.191948110999272
1,1.4370019084422803,1.5553659070978898,1.5553659070978898,2.719298322436244,0.0,0.0,0.0,1.0,0.0,1.0,0.553414707752808,-0.11687047475257561,-0.5103513766428207,-1.0741787663525286,0.2860163190630916,0.055719260713811836
0,1.7609258328067516,4.594636609649475,4.540838386673076,4.594636609649475,0.0,1.0,1.0,0.0,0.0,1.0,-0.9985811050833188,1.380603236204703,-1.153250389387068,0.602495941675996,-0.12562257235695368,0.5247140202180558
0,4.009697418000449,5.809059872152046,4.433877744433324,5.809059872152046,1.0,1.0,0.0,0.0,1.0,1.0,1.383430857921842,1.3075091137502182,0.549217709632857,-0.5549068111400592,-0.7748647668733433,-0.6885022296790958
0,4.042159168377391,4.631758565865084,4.419994237315857,4.631758565865084,0.0,1.0,1.0,1.0,1.0,1.0,0.31761411379671006,1.0612568430015232,-0.5220228134817051,1.6640125101461951,1.485313330239758,2.116957056359605
1,-0.28318254908891133,-0.33373386601991784,-0.33373386601991784,-0.04290020680225226,0.0,0.0,1.0,1.0,1.0,1.0,-1.8450474536737418,0.17658947401130065,-0.3545953057945024,0.14227491471991865,0.5502735115667481,-0.44596564124523475
1,1.9919187058774457,3.7009991957256987,3.7009991957256987,4.504939279629233,1.0,1.0,0.0,1.0,0.0,0.0,0.8668193191411743,-0.92781726538047,0.6259331649727186,-0.43520829752202583,1.5563148531138977,-0.3646936491804659
0,1.1057257408178556,0.8209062112492326,-0.14235917967662137,0.8209062112492326,0.0,1.0,1.0,1.0,0.0,1.0,-0.39553013007755183,-1.2061597734983853,-0.9527731417567193,0.5315279929268012,-1.3023581235349686,-0.19282544769529963
1,2.843967819364937,0.5128658492570022,0.5128658492570022,4.429682795326977,1.0,0.0,0.0,0.0,0.0,1.0,1.1545573258041748,-0.813324185711191,0.8856187665192097,-0.32177469973899575,0.4052987478573152,1.2728676994678776
0,-0.47060233865122525,1.5040009726922614,-1.1790995543073106,1.5040009726922614,0.0,1.0,0.0,0.0,0.0,1.0,-1.265471203832536,0.9659431556315972,0.815815125550364,-1.242454328168022,0.2732095706094602,0.19451497378251692
0,1.1773057826077145,0.755797890134811,-0.5634552163216101,0.755797890134811,1.0,0.0,1.0,1.0,1.0,1.0,-1.307596034845816,-0.8199057269747574,-1.172021937857953,-1.0219324743630545,-0.3985568590389516,-0.6001855276991136
0,-0.4932220252728278,0.7693321376918674,0.005631823788088686,0.7693321376918674,0.0,1.0,1.0,0.0,1.0,1.0,-1.380529673984084,-0.617291804539179,1.0175286451192587,0.30096124427540744,0.17609924922937326,0.11474245240307462
0,2.701925464059579,5.496730040015606,2.612619819588581,5.496730040015606,0.0,1.0,0.0,1.0,1.0,1.0,0.8394604016469053,0.9104964280549239,0.8091366540597966,1.1791092055045995,1.3687298089421946,1.060704460900313
1,2.759000213193142,-0.742872696041158,-0.742872696041158,2.415144298711717,0.0,1.0,0.0,0.0,0.0,0.0,0.05085567883721926,1.3777280804976058,1.3781459247249541,0.09737264308598673,0.060914051038524875,1.3708310858571675
1,6.512937006221783,2.9891993183951935,2.9891993183951935,5.827385485290676,1.0,0.0,1.0,0.0,1.0,1.0,1.0998751963250946,0.7571159776961365,0.37303242265961006,1.4754390533369919,1.410469182799217,-0.7528994085288142
0,5.676760186181455,7.864986426750857,4.941421168293717,7.864986426750857,1.0,0.0,1.0,1.0,1.0,0.0,1.9681463408780142,1.227164881179044,-0.07555260092599017,1.8049882748221397,0.20942177284094085,0.33589438226512564
0,-1.115438696780791,1.6639585904992469,-0.5633653517580669,1.6639585904992469,1.0,0.0,1.0,1.0,0.0,0.0,-1.3549369368715332,-1.555895989157875,-0.49363614000669953,-0.8526447822060474,-0.12843362604003572,-0.8931407269054759
1,2.6852691424672086,1.68111143538913,1.68111143538913,2.9436734956900477,1.0,0.0,1.0,0.0,0.0,0.0,1.1237300687340726,-0.06951040237583261,1.6095211357525079,0.21559228827236612,-0.35131399888609194,1.3212228108242
1,2.5029629073975905,0.13570681861539446,0.13570681861539446,4.83521933660811,0.0,0.0,1.0,0.0,1.0,0.0,1.373883488653508,-1.7134321862474322,0.17092055122774358,1.8346141414326838,0.7659775527025805,0.40787813514818844
1,2.5853495886191973,0.6805599605867313,0.6805599605867313,1.9750728587855007,0.0,0.0,1.0,0.0,1.0,1.0,0.803492743711791,0.20526926121305544,1.143355669081087,1.0914242189884118,-0.42680828906224655,-0.6711626688505
1,-0.02052598662582758,-0.5804902306241411,-0.5804902306241411,-0.3867490154048606,1.0,0.0,0.0,1.0,1.0,1.0,-1.264351998189083,-1.9786934794278124,0.00953018783009374,0.4824921220281076,-0.9243783399436758,-0.17416666025789151
1,2.885955471498884,1.7334835155721622,1.7334835155721622,2.107438947094738,1.0,1.0,1.0,1.0,1.0,1.0,-1.7850642212386696,0.6121840187819647,0.1912069081049983,1.298467832104775,-1.484952828698592,-0.9913317124496199
0,1.9300097909776275,4.358275895250752,2.3717172917220295,4.358275895250752,1.0,1.0,1.0,1.0,1.0,0.0,0.6970533447028432,-0.9003034976759372,-0.09492941828723256,-0.12644398960133618,-1.15426691856687,-0.5947587704212138
1,2.579226072490762,3.638549805692816,3.638549805692816,5.043662329454119,1.0,1.0,1.0,1.0,1.0,1.0,-1.026209658074526,0.018460828639109583,-1.6917408399113403,0.059496887371086105,-0.1386804790135196,-0.43020250085898465
1,6.426761025241005,3.848422253597046,3.848422253597046,6.887619428259667,0.0,0.0,0.0,0.0,0.0,0.0,0.9435965993365282,2.65030087251741,0.2819557329144231,0.8746576530102552,1.3956821654033806,2.490035258669863
1,4.08558848915157,3.6372453205488684,3.6372453205488684,2.962023907667395,0.0,1.0,1.0,1.0,1.0,1.0,0.41488088814516527,0.584632307639086,-0.2660383800514815,0.11409673038009865,2.1778457801971642,0.9117057732060515
1,-0.6546405610568395,-2.0745818978276565,-2.0745818978276565,0.7542704597509855,0.0,0.0,0.0,0.0,0.0,0.0,-0.2135708980640566,-1.9194293530375781,0.7356801816145258,0.41707396889933,0.13796352925186106,0.5461428805149109
0,-0.2308537415600419,0.02298573162921347,-0.3484201791479718,0.02298573162921347,0.0,1.0,0.0,1.0,0.0,0.0,-0.781467882411695,0.2894097715456678,0.4413358697983071,-0.5217972241297933,2.118334982570698,-1.55794431702307
0,1.520608204711272,-0.2544498529813226,1.2536953072533705,-0.2544498529813226,1.0,1.0,0.0,0.0,0.0,0.0,-0.5322535137817098,-1.1652680442020427,0.8433096155086567,-0.5159303729257527,0.5285858465072277,-0.712430779741806
0,4.021196136183922,6.93739217028989,3.0791826637461837,6.93739217028989,0.0,0.0,1.0,1.0,1.0,0.0,0.5378894953195131,1.7423473215331984,1.5543992421674693,0.8228624263613348,-1.7586858010075939,0.2867644503033159
0,-1.7779608705710874,-0.6486930377513589,1.3055455688957704,-0.6486930377513589,0.0,0.0,0.0,0.0,0.0,0.0,-0.6444722619306874,-0.9076170945578168,-0.9201654484219348,0.4522057280779398,0.22782173930762284,-1.4473543148788037
0,1.235095024659416,4.420234589473871,2.9379432892850996,4.420234589473871,1.0,1.0,0.0,0.0,1.0,1.0,0.09515843261970201,-0.7894251949111537,-1.5865584731375248,0.038120941259426944,0.5797839082681864,0.9579075924009537
0,-0.29881632390072266,1.1064940801007341,-1.8687461087916923,1.1064940801007341,1.0,0.0,0.0,1.0,0.0,0.0,-1.0654088837083762,-1.7355962210631573,-0.22066240818249694,0.5484775080193923,-1.17074310523956,0.23849315914478675
0,1.6001411627567466,4.193732738941199,2.4413747690080156,4.193732738941199,0.0,1.0,0.0,1.0,0.0,0.0,0.6332663319535607,1.2402061635144916,1.3971709452145256,2.0261770046027796,-0.07314400995973225,1.4491998825033336
1,5.473688291508927,3.08006402943178,3.08006402943178,5.2431214108814554,1.0,0.0,0.0,1.0,1.0,1.0,1.0688623444698366,1.3343325512449606,-0.20451622243557205,0.8223754486985061,0.3963801769034981,-0.6210788739331872
0,1.406849890649867,-0.7010270104024359,-1.0142854029974622,-0.7010270104024359,0.0,0.0,0.0,0.0,0.0,1.0,-1.4728862549432775,0.8548641931501544,-1.4262086203314908,-0.8331144305017403,0.22665260426918382,-1.0498435914841484
1,-0.28719343048150237,1.0327589177039194,1.0327589177039194,-0.2741948587294342,0.0,0.0,0.0,1.0,0.0,0.0,-1.4622789878701608,0.8902419123330215,-0.5614390160294527,-0.23184307101204632,0.22098920887992707,0.34881593141881817
1,0.1314180047214797,0.40731830957015447,0.40731830957015447,2.1970718514683227,0.0,0.0,1.0,0.0,0.0,1.0,-0.09292231147768314,-0.13430382843693978,0.16479390562007804,0.5725554076477375,0.7098941638985968,0.6611447952212692
0,-0.7182453167031574,1.2897095229064264,0.23736426092417984,1.2897095229064264,0.0,1.0,1.0,0.0,0.0,0.0,-1.7830049336841511,-0.7432263609999457,-0.09914963315267158,1.2998384656719963,0.647490185100529,0.9110053324453813
0,2.9489514325967,5.356292171535685,2.9000530751642657,5.356292171535685,1.0,1.0,1.0,0.0,0.0,1.0,0.8804278735618086,0.2020432978686685,0.032728804465853245,-0.8574099284450051,1.2620155764368142,1.3364779274213294
1,2.1070569051129127,0.815465523855527,0.815465523855527,2.596618429987883,0.0,1.0,1.0,0.0,0.0,0.0,0.5244984610792539,-0.26515379619661,1.1082935642124525,1.0226130977923296,-0.27567616950507023,0.3386280566773064
1,1.396355349259764,-0.2620250190113985,-0.2620250190113985,1.9991247430197279,1.0,1.0,1.0,1.0,0.0,1.0,-0.01146656625695139,-2.3838847883706484,0.7136025112142746,1.1562169054674325,0.08900033012333841,-0.24716307128987366
0,1.3620316415573592,2.406594288745514,2.711143718291509,2.406594288745514,0.0,0.0,0.0,0.0,1.0,1.0,0.1164890313262308,0.6740177274744854,-0.39568930687401466,1.1897006479282985,-0.08443889594248986,0.10795837246706619
1,3.452193060477069,2.2720177774007637,2.2720177774007637,3.829363644097169,1.0,1.0,1.0,1.0,1.0,0.0,-0.2215970522216243,-0.11719251289618515,-0.1269245492149187,0.3792288949519301,0.23465635496113907,2.1720086812244506
0,-1.5907396335805393,1.6756357017184582,1.383664443092242,1.6756357017184582,0.0,0.0,0.0,0.0,0.0,1.0,0.20142344293095674,1.1944595365029713,1.04019954897606,-0.5045497096808161,0.7705098107321666,1.5074440162835328
1,6.985583647149342,2.255945120114665,2.255945120114665,6.154892294676877,1.0,0.0,1.0,1.0,0.0,0.0,0.7168926711377385,0.22973308560217648,-0.8188512025419783,0.952069588822603,0.012158550458231943,-0.7918300965788289
0,-1.3143099080307137,2.922290512002699,0.5942997948042125,2.922290512002699,1.0,1.0,0.0,1.0,0.0,1.0,-0.7662752223022513,-2.107558269400013,-2.163792498224326,-1.2671588636772095,-1.1124937094623641,-1.2110359105205588
1,2.282900897515903,1.81261686789589,1.81261686789589,1.255229970146632,0.0,0.0,1.0,1.0,1.0,1.0,-0.2492439861278436,-0.21790120240001043,-2.3312902900021917,-1.4328546409998295,0.026983169306464827,-0.7611918863143263
0,-1.0877735284128347,2.243307269928063,-1.039963778166256,2.243307269928063,1.0,0.0,0.0,0.0,0.0,0.0,-1.3794699314567365,1.1703683915502912,-0.6618361151182,-1.5788177485801245,-0.2990277946115576,-1.4211078897474367
0,-0.32887392116751346,1.5584948221995312,1.1795701305268302,1.5584948221995312,1.0,0.0,0.0,0.0,0.0,1.0,0.15562999376856976,-1.0217267320165846,0.2924646453394363,1.2054608874867951,-0.6066794916803412,-0.6187951384155754
1,4.9113546261104934,2.5261144228741315,2.5261144228741315,3.090056510567422,1.0,0.0,0.0,1.0,0.0,0.0,-0.13744291574669482,1.6025984448390838,1.4037436984564367,1.0285651266655982,2.7285220275007207,1.5529170316607117
1,1.9708787691796443,-0.32577328995951454,-0.32577328995951454,1.5302340800605592,0.0,0.0,0.0,1.0,0.0,1.0,0.15449686855993366,-0.23688106705518022,0.4424605353591381,0.4572573067047137,0.794600454314625,-0.7415850828451211
0,1.777293247532107,0.7337673394656496,-0.04482468795599279,0.7337673394656496,0.0,0.0,1.0,0.0,0.0,0.0,-0.7593978527377719,0.5336657138414647,-0.19536052532977366,-0.3902738108711057,-1.1619173659731168,0.5883530150967878
0,4.262033275864418,7.593918775372149,4.0411628227354095,7.593918775372149,1.0,1.0,1.0,1.0,1.0,1.0,1.277529558240237,0.4634292852191644,1.3551320495012424,0.4188649200345298,0.8895960121922073,-0.6084071739754373
1,4.956320277812033,2.506318520992742,2.506318520992742,2.418533559976169,1.0,1.0,0.0,1.0,1.0,0.0,-0.5739118972970026,1.4808400471290126,-0.33005648212301775,-0.6834508975999714,-0.41364432747528945,-1.0123709232229023
1,4.0962416987320935,2.770264339143841,2.770264339143841,4.098453861917081,1.0,1.0,0.0,0.0,0.0,1.0,-0.8480995687463339,1.0159151272396216,-0.9675452251781784,1.2190254153644955,0.8698220884766268,-1.6160208479127733
0,3.008293011641711,8.541235208459302,4.321227603872357,8.541235208459302,1.0,1.0,0.0,0.0,0.0,0.0,2.82062743357801,-0.5789160355051882,0.22794162201023982,0.05251946198583787,0.7565966116019477,-0.7561233947174829
1,1.7878844696537963,0.6915202314654338,0.6915202314654338,0.45707080818516066,0.0,0.0,1.0,1.0,0.0,1.0,0.6692962960177906,-0.6634524780729391,1.2345356020868956,1.212560590280488,1.496766127723558,0.004310367127230763
0,0.9472410904042274,4.383300620069105,1.4513316315945768,4.383300620069105,0.0,0.0,1.0,0.0,0.0,0.0,0.08411139121404879,-0.7782465065568742,-0.8995551630450331,-0.28852406185838414,0.31039318353700973,0.8801262031810679
1,-1.6271949609656002,-2.9235613207865656,-2.9235613207865656,-0.7676223933644074,0.0,1.0,0.0,1.0,1.0,1.0,-1.4629870623387222,-2.0958957423804634,-1.1136861186138085,-1.007690310054346,-2.6965864840925704,-0.9279580754978121
0,7.719468409800565,8.244235237268724,5.197585098107144,8.244235237268724,1.0,0.0,1.0,1.0,0.0,1.0,1.7708833052576254,3.0718081291321044,1.2191582330371886,2.973672664120676,-0.49105092056869815,1.1713179240404101
0,1.08518978524739,2.640230182698772,2.649938383454244,2.640230182698772,1.0,1.0,1.0,1.0,1.0,0.0,-1.1203299873993242,-0.4450477639978869,-1.2588259615319668,-1.6361845587302135,-0.4612936713615211,-1.1207789388651133
1,2.297758421087516,2.3491570660279772,2.3491570660279772,2.0464650464397898,1.0,0.0,1.0,1.0,1.0,1.0,-0.26050986479829447,0.17694503158428207,-0.4769174958228709,0.4860818246201379,0.028695551201540437,-1.2367460936037313
1,2.3319922775658815,2.2820777819436753,2.2820777819436753,1.5909604232958117,0.0,1.0,1.0,1.0,0.0,1.0,-0.05209593181348798,-0.577870357264614,0.31158016663329535,-0.7346563538840756,-0.5144396723179355,0.5499984258336198
1,2.4291096270179273,1.0616429084373373,1.0616429084373373,3.3846440052170004,0.0,0.0,0.0,1.0,0.0,0.0,-0.06891053894540855,1.5227990284005055,-0.26109834162311507,0.7579653989891575,-0.0017005656937885139,0.4389178891624005
1,1.5869571572851955,-0.8298217638614488,-0.8298217638614488,4.444939012211212,0.0,1.0,1.0,1.0,1.0,0.0,-0.4470031305833969,-2.192769313679948,-1.7148436774977922,-0.8927856986290241,-1.099242549625588,-1.290663613932335
1,2.9240752216865338,3.6562480509033692,3.6562480509033692,5.490432100768052,1.0,0.0,1.0,1.0,0.0,0.0,0.4702460906058527,0.5493119995429506,0.5200828088107359,0.5448274764582065,1.719359879133255,0.7826454005701001
0,1.0117945218882278,-0.662610788285715,0.574672169817577,-0.662610788285715,0.0,0.0,0.0,1.0,0.0,1.0,-0.910885428716687,0.08505295852634809,-0.9484433140091624,-0.39567132348548856,0.7892367755606537,0.6763964294958822
1,5.7648457293133895,3.2774061939054313,3.2774061939054313,5.2951787412923395,1.0,0.0,0.0,0.0,1.0,0.0,1.1985040208855924,1.988306017624249,0.876747995974851,0.8079012116218973,1.4270407709783548,0.9679683683709139
1,1.9367186801271572,-1.4041995312558182,-1.4041995312558182,-0.1348662104916727,0.0,0.0,0.0,1.0,1.0,0.0,0.26518759785727275,0.6466633887326549,0.7954477108983941,-1.0172817365518116,-0.07380162671714072,-1.0033441284806774
1,4.293624419187282,2.7293382278700564,2.7293382278700564,3.0001042612562197,0.0,0.0,0.0,0.0,1.0,0.0,0.8219017486248532,1.0957107401483301,1.448186166220033,0.9513366622512861,0.006952906084889632,-0.28414596960810323
0,0.5388810313085008,3.266089080744739,1.1467543086664396,3.266089080744739,1.0,1.0,1.0,1.0,1.0,1.0,-0.7381263921912582,-1.473369394425646,-0.5069695056277619,0.3940681352838368,-0.049433486994724385,-1.1621882835463513
1,0.6307547261313147,0.8028336640145481,0.8028336640145481,2.0929807084777594,0.0,0.0,0.0,0.0,0.0,0.0,0.0892595590693283,-0.5152555681893437,-0.8988966773259153,-0.26168643785416157,1.7422384088779712,0.21890070736856426
0,3.1794437268081093,3.285262767358153,1.214214797317553,3.285262767358153,1.0,1.0,0.0,1.0,1.0,1.0,0.513105608132778,-0.6165462022644195,1.0471387610597318,0.6475091172493491,0.923748647759731,-0.7796269933845177
1,2.5738434464420523,-0.46195315550286387,-0.46195315550286387,1.8505526326984547,0.0,0.0,0.0,0.0,0.0,1.0,-0.2501894064218486,0.23579288934502735,-1.037533861766651,0.744331561970702,-0.864585938229535,1.8788061502066868
0,1.9704984138010448,2.4879289122872716,-0.740344892351458,2.4879289122872716,0.0,0.0,0.0,0.0,1.0,0.0,-0.606133620979234,1.4401719342332322,0.5332631977707628,0.7282988450162177,1.3427757949665884,1.4078171821310583
0,2.9352452421845556,5.106988615369092,3.3079989542490025,5.106988615369092,1.0,0.0,0.0,0.0,1.0,0.0,1.7671316878430288,0.3539397047140941,0.3442025656862556,0.6073717328373608,1.4582587003723302,1.7688872424470037
0,-0.8069935592422859,1.1127235264636774,0.39927980954775255,1.1127235264636774,1.0,0.0,1.0,0.0,0.0,1.0,-1.0472659056587106,0.05673896293817224,0.12342414416983008,0.768224108511809,1.3373049354861253,-0.7783774269595125
0,1.9098085563532476,3.551453998839191,1.4560044220288275,3.551453998839191,0.0,1.0,1.0,1.0,1.0,1.0,1.0417603942604519,0.19964067045099781,0.332867833034826,-0.10932912412410836,-1.6358634448628493,-0.5878983764408348
1,2.3423566833688834,1.632036683825239,1.632036683825239,0.9082147508688703,1.0,1.0,1.0,1.0,1.0,0.0,-0.9887555379156158,0.019250522576893248,-0.9313129471553121,-0.06930872221421452,-0.5449381962119859,0.6917347990543481
1,-0.03149336214126908,0.2140186114575663,0.2140186114575663,-0.35883129850004336,0.0,0.0,1.0,0.0,1.0,0.0,-0.1452936727582821,-0.44709607074647284,0.6039159135258265,-0.241404397670257,-0.4869261744844004,-0.814488497837535
1,0.6910275976710747,2.603973664998961,2.603973664998961,2.99440632430574,0.0,0.0,1.0,1.0,1.0,0.0,0.6931721978810126,-0.44353606550594704,0.5073035617573076,-0.013209559159844647,-0.6022324973088269,1.1823711299513817
0,3.1227354246553656,2.9238357494824245,3.1032484369088746,2.9238357494824245,1.0,1.0,1.0,1.0,0.0,1.0,-0.6039834573186328,0.10362321536322353,-0.9712084891562468,0.13523715898577907,0.5200056322141792,-0.46804151412124484
0,0.5572128454735484,1.8982655046406065,-0.19738490377361195,1.8982655046406065,1.0,1.0,1.0,1.0,0.0,1.0,-0.871601836515826,-1.7271545142368177,-0.1967680833612151,-0.931901706237159,-1.6729580071726824,-1.2028542511089855
1,3.332010170232418,-0.38653338408006954,-0.38653338408006954,1.8527708397842322,1.0,0.0,1.0,1.0,1.0,1.0,-0.6449753781838968,0.5717876117011043,1.4603723142454132,0.010217824412759646,0.861887080539283,-0.015688815487697294
1,7.846947840519638,2.9489195111413995,2.9489195111413995,7.1970036630110545,1.0,1.0,1.0,1.0,0.0,0.0,0.8534119192082389,0.9165572265240436,0.5182502217984115,-0.14845775810192768,-0.6390078484514351,-0.8357618751122725
0,-3.8049300684926033,0.7276241072951669,-2.025841707816191,0.7276241072951669,1.0,1.0,0.0,1.0,0.0,0.0,-1.4014922961187908,-1.23537899430819,0.7129683409039438,-1.41328763002015,1.4878995526259744,-0.8727540174416443
1,-0.026668958946421073,-2.3374300843572335,-2.3374300843572335,1.159428004319476,0.0,0.0,1.0,1.0,0.0,0.0,0.1855947315392062,-1.5947269212139186,0.40246135106598246,0.08168668646992389,0.8873647098388912,0.3423620182864491
1,4.798304508416251,1.256562448794106,1.256562448794106,2.5202472895631125,0.0,1.0,1.0,0.0,1.0,0.0,0.6226075647218606,-0.7474314890717266,-0.17671277644140046,0.8483527270925577,0.6247885582942063,1.3960585221511854
1,3.002038883700463,2.9413467786584473,2.9413467786584473,3.7737547149369712,1.0,1.0,1.0,0.0,1.0,1.0,0.20360517911893125,0.09980556251394983,-0.042369014423315254,0.8652278313525876,-0.6549530796450586,0.1289370224166247
0,-0.644853079081432,0.7544050842915153,-0.9339137529440227,0.7544050842915153,0.0,0.0,0.0,0.0,0.0,1.0,-0.9575973032238912,-1.1257971525445707,-1.0143042885194749,-0.003767675555858302,-0.6800691663684533,-0.9889462975270185
1,4.150338351676663,2.0811690745602927,2.0811690745602927,2.4039947987575543,1.0,0.0,0.0,1.0,1.0,1.0,-0.11724206217986881,0.937617912348256,-0.3486745705310338,0.8179272533539356,-0.8938288589864192,0.14169218147232512
0,0.31583181699110513,1.470417196010324,2.099156200283244,1.470417196010324,0.0,0.0,1.0,1.0,1.0,0.0,-0.4701561857293773,0.4394253419093619,0.12986029157757606,0.02243726595723197,-0.9576476097126397,-0.704507481859705
1,1.9848680683213182,-0.04325236845267544,-0.04325236845267544,-0.3102984019037145,0.0,0.0,1.0,1.0,1.0,1.0,-0.05886931825671288,-0.6414186284083702,0.8091779209164818,-0.40413155663173217,0.9749739823362341,1.8991158055946111
1,1.374321071647608,-0.3449542279963891,-0.3449542279963891,0.36417545267944473,1.0,1.0,0.0,0.0,0.0,1.0,0.12730136022471428,-1.612322672977021,1.6726221782293549,-0.00827139051327197,-1.2705289677565634,-0.4182477541225729
0,4.5641179403623955,4.836566136698143,3.188688106405243,4.836566136698143,1.0,1.0,0.0,1.0,1.0,1.0,0.46314535058199346,-0.20344740148323964,0.3971255474262886,1.9914833535892007,0.22948039117946498,-0.6879888955155474
1,5.678441466286385,2.343142804420356,2.343142804420356,5.976703797028688,0.0,1.0,1.0,1.0,1.0,1.0,1.0931851642810657,1.5162682082416583,0.8840728491962837,1.337902164221757,0.9668142324762976,0.1637742945362769
1,-2.4456393528377474,-1.7533453190016468,-1.7533453190016468,0.539334310353403,0.0,0.0,0.0,0.0,0.0,0.0,-1.143365673834897,-1.0404993687849886,-0.6719716210363745,0.2489546037501725,-1.0154666039330698,-1.8843431481508985
1,6.705498762456244,5.3024524162462825,5.3024524162462825,4.737910462144422,1.0,1.0,1.0,0.0,1.0,1.0,1.7955755121074686,-0.3071633678849084,1.7764774253608142,0.19874473840178278,1.2389592436344803,0.17865285120572416
1,3.6684862706229784,0.3115305726851344,0.3115305726851344,2.405732009756416,0.0,0.0,0.0,0.0,0.0,1.0,1.4595398630757241,-1.5294472929997687,-0.33089130980107223,0.4199235120302532,2.0057909457592746,0.7581838080025212
0,3.6380384914791275,3.459090339257064,4.099269253797349,3.459090339257064,1.0,1.0,0.0,0.0,1.0,1.0,-0.7280749663314171,0.701546237709598,0.17148020513741938,1.1526998605376853,0.6288513143686626,-0.03313708518378278
1,8.096667615941055,3.2868599491403243,3.2868599491403243,3.9991031505144425,1.0,1.0,1.0,1.0,1.0,1.0,0.4445168819903047,0.6382980940979324,0.2619973542731748,1.469257918834883,-0.8110956637771713,0.259271385693438
1,1.5442077098454363,1.9709174914139702,1.9709174914139702,3.0728379846374434,0.0,1.0,0.0,1.0,0.0,0.0,1.2035845514830752,-0.2989582822009854,1.4074524931249788,-0.8506613286144714,0.6493145120593582,0.1816764486385235
1,0.9435052185840682,-2.2347090777916065,-2.2347090777916065,1.0121761471126447,0.0,0.0,1.0,0.0,0.0,1.0,-0.03390493769736232,-0.9509609429953845,0.026142836381850942,-0.23392135615329102,0.6813747636659058,0.7905503813523183
1,2.7964709401053414,0.669033276217752,0.669033276217752,3.2098700593738045,1.0,0.0,0.0,1.0,0.0,0.0,-0.10082327137985404,-2.711992271214114,-1.830307155510359,0.06055131701422341,1.112160008881748,-0.6029028621188648
1,-4.040247829871628,-3.3563477281037075,-3.3563477281037075,-1.586939238764737,0.0,0.0,1.0,0.0,0.0,1.0,-2.432158200901489,-1.4303695669779852,0.34733832051168345,-0.892081184543722,-0.8100936322231521,-2.2986337079717827
1,2.967033820151302,0.9082107957124618,0.9082107957124618,1.6847645865327447,1.0,0.0,1.0,1.0,1.0,1.0,-1.2469354585626364,-0.9609123729722895,-1.0280897849886868,-0.25321389993721977,-0.05191617116749503,-0.3344197557754734
0,-2.59650961330901,-0.7970408766190527,-4.801885234501794,-0.7970408766190527,1.0,0.0,0.0,1.0,1.0,0.0,-1.463080440453489,-2.416559086229809,-0.6266349078526638,-1.0869666584790494,-0.7092487490717189,0.5540287376271246
1,1.0102504641729213,1.3436011109890458,1.3436011109890458,1.2592462337302104,1.0,0.0,1.0,1.0,1.0,1.0,-0.9085405778450829,0.6930497695939061,0.49990116445852817,-1.830062774367838,0.7946252848632716,0.4470229131240717
1,3.863323953123766,2.1587583777797636,2.1587583777797636,2.98477754682465,1.0,0.0,1.0,0.0,1.0,0.0,0.4312684082430869,-0.8941497358475857,0.7379078184928122,0.6969389069025961,-0.17805463125566043,-0.1546844222750042
0,2.3986985303276795,1.75839107464093,-0.3225236132236069,1.75839107464093,0.0,0.0,0.0,1.0,0.0,1.0,0.6236229524809802,0.8280593839613594,2.30210426950075,0.454581941396225,-0.42118541981011903,0.20243058957440252
0,2.743026654878922,3.4543336265639892,0.9306819651805385,3.4543336265639892,1.0,1.0,1.0,0.0,1.0,0.0,-0.3315099390232581,0.9332793454273272,-0.4311719455682922,-0.6543806992477648,0.2899412233150593,-1.5318699418316875
1,-0.4825225219054947,-0.08558704173789522,-0.08558704173789522,-1.6530554767049073,0.0,1.0,0.0,0.0,0.0,0.0,-1.4288721554664192,-1.2031540174649562,1.075659930795433,0.11514861861094772,-1.0682164056179042,-1.2126125540661041
1,3.0120952826989362,0.6377533193261529,0.6377533193261529,4.261149319845591,0.0,0.0,1.0,0.0,0.0,1.0,0.06919952472013209,0.015706230895605966,-1.7299569299170772,-0.07760580581763246,-0.5472898352153266,-0.6141679416752476
1,0.21496809611569578,-1.671295844102639,-1.671295844102639,-0.24072616789808354,0.0,0.0,1.0,1.0,1.0,1.0,-0.6292849160111854,-0.8022766003558941,0.2804287467312957,0.20930571793771963,-0.3341024555780202,0.2252462262976831
1,4.470521181491677,2.8080606158729493,2.8080606158729493,4.636709711403903,1.0,1.0,0.0,1.0,0.0,1.0,0.715351707216946,1.6571046741461999,1.4209545312057261,-0.0009524292329676776,0.6957632534395144,1.1189989658872468
1,3.025090376583561,1.0265732977437994,1.0265732977437994,1.8892816867524247,0.0,0.0,1.0,0.0,1.0,1.0,0.29014750243475906,0.9352412173618687,1.8760480075337698,0.45190876524092094,0.8597693018253787,2.1595742173017722
1,2.543666984021353,1.2103585358016518,1.2103585358016518,1.8212558908906535,0.0,1.0,0.0,1.0,1.0,1.0,1.35503313647983,-0.46323642840330015,1.118741127353032,-0.07971904685918818,-0.3612108464668885,0.29135708588591624
0,0.9910020684445252,0.4923554785560985,1.545876610288038,0.4923554785560985,0.0,1.0,0.0,0.0,1.0,0.0,-0.8429829283744033,0.7248225880056928,1.2515174265464069,0.8867412341638965,1.4358874502431578,0.71903866560683
1,1.6172287585431964,2.5578442074337917,2.5578442074337917,2.9816271100029037,0.0,0.0,1.0,0.0,0.0,0.0,1.0153136730155952,-0.509255383721722,-0.10146545062742077,0.782226398804659,0.603469069608142,0.3005838125161711
0,0.632324381375685,1.5869705341667726,0.30251979581257915,1.5869705341667726,1.0,0.0,1.0,0.0,0.0,0.0,-0.28609765189310066,-0.19853125716422113,0.6344838928641944,-0.23927819357436214,-0.6937490356597256,-0.7737293271935061
0,2.7768978474808472,6.449059017650697,4.142063238135057,6.449059017650697,1.0,1.0,0.0,1.0,0.0,0.0,1.8766882329986976,-0.4354609815184591,0.9610895873529568,0.8734326184013047,-0.3016047403645925,0.8895644019542018
1,4.470484743500064,2.10744548153817,2.10744548153817,2.7410511624593004,1.0,1.0,0.0,0.0,0.0,0.0,0.3148294646748001,-0.5207428371529368,0.8704307495710164,1.0557289702646346,-0.8128859638304209,1.2583925080716107
1,0.677216204900597,0.607921879471911,0.607921879471911,-0.35969408082108634,1.0,0.0,0.0,0.0,1.0,0.0,-1.2214178720896383,-1.0271858088692984,-0.3640888772767127,-0.8718692546488227,-2.0660288240774487,-0.03771323217763156
1,4.295237256856434,4.163396465724052,4.163396465724052,8.705027368225226,1.0,1.0,0.0,1.0,1.0,1.0,1.65320873687229,0.4323544204760918,1.5532623671689259,1.3775792629373127,-0.3713751995333643,0.7463942864568907
1,7.026481521558992,5.45894531369893,5.45894531369893,7.828022632662235,1.0,1.0,1.0,1.0,1.0,1.0,0.37290853620835807,2.2765986649582635,1.1801439365892752,0.646522878110686,1.3432607409763075,2.131260926577727
1,8.185954769568152,4.231931779715376,4.231931779715376,6.536851671431851,1.0,1.0,0.0,1.0,1.0,1.0,1.9990824532514182,0.5090870928208386,0.07616642876731772,1.6271526905639886,1.6578132851160101,0.3801029389249303
1,4.135768129194299,2.006989246090769,2.006989246090769,4.703903693695481,1.0,0.0,1.0,1.0,1.0,1.0,0.34115103394704116,0.8205487049813012,0.07889430013893828,-0.16598632084176684,1.6923681816177405,-0.22756750940811932
0,3.2859737562001183,3.6635766041250317,1.3078801465556675,3.6635766041250317,0.0,1.0,0.0,0.0,0.0,1.0,0.0993674197199576,0.09947258961078576,-0.4431960553801411,1.7271482045748878,2.283626634679888,0.7626373820870552
0,-0.9604196772008369,2.785680869709275,-1.0337722212258391,2.785680869709275,1.0,0.0,1.0,1.0,1.0,0.0,-0.03878046084550087,-2.720778795884565,-1.6466452355132633,-3.4770660422846005,-1.4565152964762684,-2.4975245105317345
1,7.739621983274086,2.2819788960671223,2.2819788960671223,5.151052798768505,1.0,1.0,0.0,0.0,1.0,1.0,0.08217186168014046,0.7855624288384089,0.274995608674547,-0.030503963072875992,-0.38503530966274674,-1.8007137182640427
1,0.6874565445358038,0.05431603357905246,0.05431603357905246,-0.46198697947947076,0.0,0.0,0.0,1.0,0.0,1.0,-0.09786050693269101,-1.260894779364081,1.1100053643800634,0.7949709181353177,1.3158006727723133,1.775185936538079
0,-1.61723240612366,-1.836716498328548,-3.337522327544721,-1.836716498328548,0.0,0.0,0.0,1.0,0.0,0.0,-0.8904572920604475,-2.0181351372000647,-0.7061274288530343,-1.0066318050672132,-0.9771281879025772,-1.0739288374894524
0,3.1427666883187473,4.387284875349946,0.6972498708619246,4.387284875349946,1.0,1.0,0.0,1.0,0.0,1.0,-0.35951790184787824,0.7109292999963678,1.2435885322627747,1.2321262841094351,0.42334627717514794,-0.40606540603062613
0,5.719966286705416,7.871619294259682,5.363250162977718,7.871619294259682,0.0,1.0,1.0,1.0,0.0,1.0,2.2822426048861852,2.4947857099480997,-0.4952898744838933,-0.2790788772559003,-0.2986296368069897,-0.8660881248884895
0,2.4010782237352215,2.6215681593128624,2.6317428343078095,2.6215681593128624,0.0,0.0,0.0,1.0,1.0,1.0,-0.35777585891874597,0.9851227641444933,-1.3553063531334795,0.5918917991045215,1.875185879627794,-0.1949489242973231
1,0.8804712083095714,1.9011234899052392,1.9011234899052392,1.5347928000403064,0.0,0.0,0.0,0.0,1.0,0.0,0.18840605643155378,-0.2139916445828931,-0.6028003950150429,0.4798671241535448,0.16590483869833816,-1.1028857035955772
1,3.3249315066613265,0.8066374413372556,0.8066374413372556,2.9907105436849357,1.0,1.0,0.0,1.0,0.0,0.0,-0.6930614259663046,-0.5184384806945858,0.029696335200702917,-0.3891180547199826,-0.21895479546183705,1.9074901805865934
1,5.125107780528624,3.1466571240440486,3.1466571240440486,6.868273048227281,1.0,1.0,1.0,1.0,1.0,0.0,0.24377976662572012,0.8098760731872279,0.13261958379048852,2.0252491404171744,0.49743671804155226,0.596216367301393
1,0.4662653063179518,0.9275977163654605,0.9275977163654605,2.51425450537307,0.0,1.0,1.0,1.0,0.0,1.0,-0.39761713466388104,-1.5817006453874183,0.30104152856378186,-1.612854734601937,1.6051663696198357,-0.8493088451898858
1,2.719288058721686,4.345049807620003,4.345049807620003,3.744576158622939,1.0,0.0,1.0,1.0,1.0,1.0,-0.23139723601355666,-0.3679225708244359,0.05375023794001865,-0.016869356018927282,0.7147666107212599,0.39600061158720434
1,1.078902726781241,0.6951597991662638,0.6951597991662638,1.8694916667452677,0.0,1.0,1.0,0.0,0.0,1.0,0.0887704809716973,-1.1263932239783088,-0.8756190257255154,-0.5729724875409895,-0.03392826847078462,0.34467036119114436
1,4.419110596547252,1.15593187701286,1.15593187701286,3.2412248018120255,1.0,1.0,1.0,0.0,1.0,0.0,0.29137596925694453,-0.0481539006475864,-0.9798579362162692,-1.3220268075628647,-1.2958282486020005,0.5503036705972841
1,4.8248163414258265,0.44933365749759113,0.44933365749759113,2.2254313028635657,0.0,1.0,0.0,1.0,1.0,1.0,0.9446110375809665,-1.8099090716708246,-1.6443404613508468,-0.9582136523301138,-1.1192696370243866,-1.1461873573353873
1,4.373672761143578,3.503922432223975,3.503922432223975,3.357757633515261,1.0,0.0,1.0,1.0,1.0,1.0,1.2279790727749802,-1.0066468083881,-0.8693383378751678,-0.010148702475436977,-1.7431209380780492,-0.9190664498601007
1,5.701980209151518,3.577413978642194,3.577413978642194,5.715613491955862,1.0,1.0,1.0,1.0,1.0,1.0,0.564124279233139,-0.5633959256093712,-0.819996963979807,0.32618604481379065,0.5283013074569127,0.9161215103039776
0,2.6009917527274125,4.116926748105182,2.928807495647801,4.116926748105182,1.0,0.0,0.0,0.0,0.0,0.0,-0.016177338956577022,0.6729454698233043,-0.7193294457542709,-1.1230287900047657,0.10551218893546878,0.4531472927124938
0,1.2529655194374822,2.652958962028498,2.573307757069234,2.652958962028498,1.0,1.0,1.0,1.0,0.0,1.0,-0.2737356235453628,-0.508511826214584,-1.1178418899294382,-2.8136988287382807,-2.8492892003591175,-0.6138512129226451
1,7.325759139649304,3.248585809729481,3.248585809729481,6.271520923970002,1.0,1.0,1.0,1.0,1.0,0.0,0.9460302507480723,1.9117974471488588,1.2497443972479338,0.8755445413711322,1.1020683533214903,0.9303435628925723
0,0.1897930467142285,2.3869862804641464,-0.5679387385842284,2.3869862804641464,1.0,1.0,1.0,0.0,1.0,1.0,-1.493068159277469,-1.390484170951734,-0.23266013075534797,0.8503770610957976,-0.3865541904219666,-2.3705712947152615
1,3.8392291134027587,2.633653080837217,2.633653080837217,5.488099050838781,0.0,0.0,0.0,0.0,0.0,0.0,1.6965037629200606,0.8347327073850345,0.4081906250165044,1.722590940024478,2.0286000708183476,-0.09021921155821633
0,1.4013326361189948,0.8280694003118434,-0.35102573568268436,0.8280694003118434,0.0,0.0,1.0,0.0,0.0,0.0,0.9901369532196367,-0.6805103807784266,2.069569498869881,0.10467963045549972,0.32314909426029315,1.524293224806315
0,-0.04199020243364013,-0.4847761031757243,-0.40200037954368795,-0.4847761031757243,1.0,1.0,0.0,1.0,1.0,1.0,-1.685514549917459,-0.3761013229942275,-1.0320300653848147,-1.641116047637432,-0.10299060194651166,-1.92195446008636
1,4.796474878081271,1.9690528963202247,1.9690528963202247,4.590933741049648,0.0,1.0,1.0,1.0,1.0,1.0,0.9026896746037671,-0.5351186788692951,0.47494213079996783,1.059351841164128,-0.24857371701165265,1.275242706407794
1,4.135370534226064,1.523483020662041,1.523483020662041,5.608095122514033,1.0,0.0,0.0,0.0,0.0,0.0,-0.12457162613062343,2.2205214441662995,0.7510121729299337,0.28426288841433733,1.3640926182388515,-0.19775786285182306
1,3.581907133621546,3.316814912654287,3.316814912654287,4.2287317425296855,1.0,0.0,0.0,1.0,0.0,0.0,1.1488560236878156,0.14745453755438043,0.27097257233441074,0.12687740381688956,-0.6614070340082342,-0.6331013968105558
0,2.8043196487598117,3.801004235781503,2.345023281079905,3.801004235781503,1.0,0.0,1.0,1.0,0.0,0.0,-0.2680460779450785,1.257364228032984,0.036534217912186306,0.7889022373793827,0.2539760835686343,0.502921255703507
1,7.155303120035462,3.1780963053884532,3.1780963053884532,7.699311033702059,1.0,1.0,1.0,0.0,0.0,1.0,1.4651675398419768,1.0588233163717815,1.295493802780252,0.8518968074671698,1.0560940998225403,-0.38570455898540923
0,-0.1611435368630042,0.9924347351389611,-1.0105339111080813,0.9924347351389611,1.0,1.0,0.0,1.0,0.0,1.0,-0.4983288449481898,-1.2948337895162898,-2.1769476176629423,-2.3010758894891787,-0.5883156788021788,-0.4273304527699562
1,5.785955183664328,2.014697210592887,2.014697210592887,4.189662279022456,1.0,1.0,1.0,1.0,1.0,1.0,0.3897223046706075,0.03164191293993615,-0.011978618743140934,1.3792026586103483,0.18571077214031245,-0.29967950221135187
1,1.8751969662661938,-0.932415714537114,-0.932415714537114,-0.4776349556268934,0.0,0.0,0.0,0.0,1.0,0.0,0.25267149626042884,-0.07141169213780763,-0.4731233063337519,-2.405950811052545,-1.0415160437556334,-0.6851964417631788
1,1.7280023773742492,1.2851298964612585,1.2851298964612585,2.7861533772232825,1.0,1.0,0.0,0.0,1.0,1.0,-0.29646831660411277,-0.5799128000375171,0.4053470289994909,0.7491453247377005,0.9618161046425039,1.3185466723029398
0,-0.17541593033297287,0.9684369215731694,0.9127793563269108,0.9684369215731694,0.0,0.0,0.0,1.0,1.0,0.0,-0.022799982923395856,0.19517584590120438,1.114648704216163,0.4840563172514302,0.36685088551578754,-0.19228880092366557
1,2.9906500868438544,-0.9691261236040505,-0.9691261236040505,1.4142572890012324,1.0,1.0,0.0,1.0,0.0,0.0,-0.7235328013914089,-0.7239790664033792,-0.3029392280306101,-0.7435065629336426,1.149326959962438,-1.5551200553690152
1,3.107185631075672,0.9582426049363726,0.9582426049363726,2.445307628336427,0.0,1.0,1.0,1.0,1.0,0.0,0.33824209187642784,-0.5367074703766217,-1.0958452661831268,-2.48384641104756,-0.33770051095433795,-0.1706442390587568
1,4.267981605541074,0.9029237878141139,0.9029237878141139,3.093458243118783,1.0,0.0,0.0,1.0,1.0,1.0,0.3723287076942488,0.5729862714006446,0.19790542848427273,-1.4729951463834705,1.1542322899911857,0.9299573201610722
1,4.599436688906392,0.5545189120240641,0.5545189120240641,2.883999976522104,1.0,1.0,1.0,0.0,0.0,1.0,0.1805963296921226,-1.3882759197889807,-1.0201975538098467,-0.9805659586867784,-0.3583831044521677,-1.675222049936677
0,7.1232608539521465,8.724252945317843,6.053602154785157,8.724252945317843,1.0,0.0,1.0,1.0,1.0,0.0,2.496984959629401,1.9616095853074784,0.3671789359003541,1.5258007119399557,1.539847084869361,0.044366581315845366
1,6.99126733589038,2.0747374010784885,2.0747374010784885,3.4893593814918504,1.0,1.0,1.0,1.0,1.0,1.0,1.5982307456102973,-1.6668338986827278,-0.18847735836403667,1.5671433040884524,-0.28992913071001986,1.2477631793090713
1,5.184523271772133,3.161151698898299,3.161151698898299,6.217467911737742,0.0,0.0,1.0,1.0,1.0,0.0,1.885198852558985,0.3623370058900248,0.15055797106897584,0.7502356273343624,2.676885041246518,0.9781701269754154
1,-0.05039907297414664,1.2788292686789637,1.2788292686789637,1.3112257650803123,0.0,0.0,0.0,1.0,0.0,0.0,-0.6472137072020764,1.1570322271667308,1.7936771399763802,-0.31677422412237927,0.714423553551619,0.8107610775905048
0,0.5179184673892112,1.8278359163156577,-0.4010151333922809,1.8278359163156577,0.0,0.0,0.0,1.0,0.0,0.0,-0.33667485870461666,0.4448576876028292,-0.5178373959174223,0.25098019783130954,-0.6972713769904936,-0.8550088305377843
0,-1.297376486743996,-2.207607493970159,0.43811985786157126,-2.207607493970159,0.0,1.0,0.0,1.0,1.0,1.0,-1.8351223653967497,-0.12442836739171859,-0.471073231024528,-0.9757517047421012,-0.23528970888328088,0.08210604735745408
0,-0.783066968609154,1.8672823131713285,-0.5836385036198602,1.8672823131713285,1.0,1.0,1.0,1.0,1.0,1.0,-0.6787997629267386,-1.3543981593820782,0.800936489676818,-0.20369595838405058,0.21782067817704254,-0.3751426552318101
1,4.783273169378779,2.1485597491361323,2.1485597491361323,5.391690210202346,1.0,1.0,0.0,1.0,0.0,0.0,0.5582179053079841,-0.6100187766960686,0.4796824483460327,0.6248172347326443,0.19267761384779103,0.06364271995094437
1,1.1939479258632406,-0.30200644197174387,-0.30200644197174387,2.819639700201466,0.0,0.0,0.0,1.0,0.0,1.0,0.34339050537938215,-1.512118375682182,-0.7644938786834858,0.35388526138508924,0.2298847167485265,-0.09278946285200301
1,4.826689424508977,4.595119991342536,4.595119991342536,2.2621355489966266,0.0,1.0,1.0,0.0,1.0,1.0,1.0322423381487376,0.42417473027146163,1.4783447815632045,-1.0801861822876722,0.9917588389594508,1.1698764579692886
0,2.615030835959459,1.1688487408073878,0.6502851503139522,1.1688487408073878,0.0,0.0,1.0,0.0,0.0,1.0,-0.6563158441498368,1.2357888244794326,-0.8593861478276106,-0.7059232651118892,-0.7186305085709686,-1.2861835553662933
1,3.0316950754162884,2.4529267351003545,2.4529267351003545,1.5267147137638146,1.0,0.0,1.0,1.0,1.0,0.0,-0.47390402324369885,-0.6670364150930876,-1.2904395126822388,-1.407491695531848,-2.7204582165711613,-0.18674535433105088
0,0.5460691180556274,1.0267820263927994,1.0338172480936276,1.0267820263927994,0.0,0.0,0.0,0.0,0.0,0.0,-0.21745816646731575,0.202520059882849,-0.9534163640641113,-0.27256364223561313,-0.41479064376923,-0.17809126838824385
1,3.1739482108096992,-0.03403682603376268,-0.03403682603376268,1.6685625039908167,1.0,1.0,0.0,0.0,1.0,1.0,-0.36152233307530546,0.46420305182709376,0.20516169600543221,-0.6835137932349242,-0.7016233297996932,-1.4961979264369532
1,4.592950056571054,2.6879435665202998,2.6879435665202998,5.42870410294495,1.0,0.0,1.0,1.0,1.0,1.0,0.942219343014521,0.21134558861497077,0.7051802040708526,1.128448835670939,1.2426718334101947,0.5827351768247397
1,5.800192148254348,1.9369526019438064,1.9369526019438064,6.693837406950205,1.0,0.0,1.0,1.0,0.0,1.0,0.24253697407364747,1.9072605708399026,-0.2174317832605791,0.4045902389063686,-0.3396227410411746,-0.5576224549853355
1,0.8312139043535242,-2.2730252985640407,-2.2730252985640407,0.06980501886085377,1.0,1.0,0.0,0.0,0.0,1.0,-0.4434192323177259,-1.492353752457559,1.7671236353173443,-0.6076600126600615,1.5354785839963783,-0.2746575529489183
0,-0.35533475114151686,1.146917764671692,-0.1821297706970671,1.146917764671692,0.0,0.0,0.0,1.0,0.0,0.0,-0.6979798967710895,0.8732834982216888,-0.24335972420647045,-0.7123037065584641,-0.36554385458557626,-0.9807771898880967
1,2.1710952220666346,3.207466028623385,3.207466028623385,3.1745376445487685,1.0,1.0,0.0,0.0,1.0,1.0,0.4562809082345303,-0.3254058814741803,-0.2872513382831948,-1.001658045248955,-0.8331967765732621,-1.2539580741578977
1,1.1004049477669715,0.9635262309106376,0.9635262309106376,2.355881710869692,0.0,1.0,1.0,1.0,0.0,1.0,-0.6332151763298663,0.8649435474076259,-1.1727425092679027,-0.5033319431212974,-1.1525181777426468,-3.3996570713142718
1,5.091446023085793,2.766643492426459,2.766643492426459,4.954799092784472,1.0,1.0,1.0,1.0,0.0,1.0,1.3140649256196268,-1.6902991585515021,-0.6294003455163839,1.2218031443357125,-0.03722676773401051,1.198973419643413
0,3.1802953471275015,4.145211548384219,4.437371840389417,4.145211548384219,0.0,0.0,1.0,1.0,1.0,1.0,1.799290939640804,1.3704675955626153,0.602105814174795,-0.9119205408883155,0.693285747389834,0.8243349260307749
1,1.6080313402634479,-0.1402399163040826,-0.1402399163040826,-0.9653165626143055,1.0,0.0,1.0,0.0,0.0,0.0,-1.3099292608284028,-1.37672692494809,0.06562925084828303,0.6951739516135677,0.8795544637013188,-0.09762770559807263
0,0.8436283697585735,0.6049924270473638,0.7847427708370379,0.6049924270473638,1.0,1.0,0.0,0.0,1.0,1.0,-1.8918235688897949,0.13788554194197322,0.46680593069120246,0.20886724340913265,-0.2783732282739996,0.6797411093600396
0,1.1537685244196494,1.7816927695553888,1.2635209880987437,1.7816927695553888,0.0,0.0,1.0,0.0,1.0,1.0,-0.01067220882741945,0.40165388047541367,-0.9367626206800984,0.0892191052515896,-0.9846479719762804,0.3320622231186932
1,2.6520990930144537,0.5423405633751188,0.5423405633751188,1.71802295761526,1.0,0.0,0.0,0.0,0.0,1.0,-0.3389840819729289,-2.9705346711263845,-2.131094137514199,0.430415112243586,1.1036080872773988,1.276366629449801
1,0.12787991518502773,1.260007566047022,1.260007566047022,0.14681872858964162,0.0,0.0,0.0,0.0,0.0,0.0,-0.23388370992695828,-0.8027435361326126,-2.9976524877825774,-1.1575899885112184,-0.6852069848705296,-1.8264335929427737
1,8.57764386420517,3.269963967415502,3.269963967415502,7.353103509939872,0.0,0.0,1.0,0.0,0.0,0.0,2.053258980898764,2.7102991433003654,2.1462802963840217,1.5150015187996773,1.5311335891315077,1.015861983130686
1,2.517703635586883,-0.1976266728727425,-0.1976266728727425,4.754934921764848,1.0,1.0,1.0,0.0,1.0,0.0,-0.21477005706060104,-1.3636429077354943,0.2628857891964541,-1.9913838142032747,0.43414608044591596,0.2893071523413018
0,1.3011988047227154,3.4493411959407476,3.0507344737370783,3.4493411959407476,1.0,1.0,0.0,0.0,1.0,0.0,-0.7200462075148548,1.6023331589436303,0.9089495097508302,-0.34862287176062967,1.3893803744509114,-0.6174308835887766
1,3.7353737478764018,0.5670793438316117,0.5670793438316117,1.0502251797713629,1.0,1.0,0.0,1.0,1.0,0.0,-0.8053385186911416,-0.03045986476894441,0.0068463684445422,-1.227295011428237,0.5438630693644557,-0.8999352111620063
1,0.6817043576005736,0.016926191022705928,0.016926191022705928,0.3133385318505697,0.0,0.0,0.0,1.0,1.0,0.0,-1.1704480397030776,0.9238682733921124,1.1127120908229973,0.963311768117583,0.22033320981390325,0.008973590491471395
0,0.18291140666673583,1.0474910143395926,-1.8018835890767417,1.0474910143395926,1.0,1.0,0.0,1.0,0.0,1.0,-2.5650989186272786,0.7645275644037587,0.45964770179508707,-0.8326976557242072,0.37809597355342617,-0.2716272941320976
1,4.357497374166063,1.8990706252369542,1.8990706252369542,3.046684026233887,0.0,0.0,1.0,0.0,0.0,0.0,1.1124312514938588,1.373785778039134,0.10869832023055792,0.5853627635805445,2.0315177775151314,0.9235594163762731
0,-1.379705340577178,-1.60852744046146,1.1591281921316838,-1.60852744046146,1.0,0.0,0.0,0.0,0.0,0.0,-0.7951150644973294,0.6947309822956572,1.7008378126587904,-0.9340922174397298,0.42361906215331807,0.5777497021587777
0,-0.7171765218669411,0.25924316136845826,1.7215102762211507,0.25924316136845826,0.0,1.0,0.0,1.0,1.0,0.0,-0.9759288026041284,0.8795211094015093,0.5319801440994932,0.6650057315403732,1.1190846773495142,0.6503704067514635
1,3.8232157611931163,1.7517649269342406,1.7517649269342406,4.2387625924188885,0.0,0.0,0.0,0.0,0.0,0.0,2.2737524090571237,0.39105600490641357,0.13865381289007356,-0.6336904866677597,0.2773570011730562,-0.18939463702537843
1,1.4849763380222414,-0.2543194308433585,-0.2543194308433585,2.2862559587386704,0.0,1.0,0.0,1.0,1.0,0.0,0.11250543063158455,0.8254783853205403,1.0945812426669828,0.9934678971534447,-0.057324908813453535,-0.4912430567470642
1,4.732905564698659,1.2837801014772214,1.2837801014772214,4.140325763612898,1.0,1.0,1.0,0.0,0.0,1.0,0.45793993474745753,0.09384095171221282,0.5968872275401662,-0.0076087545762818926,-0.8982957380852156,0.9825781055069828
1,0.7593791046616929,0.44012558697150084,0.44012558697150084,2.844932122029351,0.0,1.0,1.0,0.0,0.0,0.0,0.012783406583275024,-0.22770424582309565,-0.5298950932319413,0.560417641374227,-0.005041978669790503,-0.8233852334629764
0,0.0011020133655650355,3.521344154186182,4.011147381796421,3.521344154186182,1.0,0.0,1.0,1.0,1.0,1.0,-0.0280931844268942,0.037058559912306235,0.13706126688323372,-0.1722555062348018,0.4611054115681962,0.30506011282891804
1,4.210516582404052,1.4816361415895116,1.4816361415895116,2.6849378795861734,1.0,1.0,1.0,1.0,0.0,1.0,0.25598672173727294,-1.1964188310933934,0.3594876248521991,0.5095773844685866,-1.068183005934891,-0.8124227518662293
1,-1.1648614395394405,-2.397553076519999,-2.397553076519999,1.513555092362003,0.0,1.0,0.0,0.0,1.0,0.0,-0.1527878103274718,-1.5262882971809981,-0.018308458459419336,-2.2827643286982378,0.8894760892774549,-2.3395035279928984
1,2.198217775866911,3.5029499775031185,3.5029499775031185,4.102547444893724,1.0,1.0,1.0,0.0,0.0,1.0,0.7412163408516785,-0.4298050019914936,0.876660836025245,0.42022452870354793,0.09596603598293493,-0.1032172360254977
1,5.115334709930103,2.4710517857488785,2.4710517857488785,5.16357111316822,1.0,0.0,1.0,1.0,0.0,1.0,1.2404522748175022,0.6063388816665312,0.45022080869156245,0.3891711716441558,0.27452752415213116,1.282902798792934
1,-2.4775832506389754,-2.8436312281365526,-2.8436312281365526,-2.2324046238857758,1.0,0.0,0.0,1.0,0.0,1.0,-2.366091088315088,-0.8406610808265877,-0.6026856782683114,-0.7703300944582987,-0.7328573955301436,-1.5845238230649081
0,-0.5540411719495119,1.804052294864753,-1.5897120570837764,1.804052294864753,1.0,0.0,0.0,1.0,0.0,1.0,-0.21767019201973112,-2.0401420671372557,-1.023503983523979,-2.0542573560852277,-1.464614459896415,-1.2980063407642997
1,0.22187454232581305,-1.2909288326042732,-1.2909288326042732,1.530029730336881,1.0,1.0,0.0,1.0,0.0,1.0,-1.4341514211412754,-1.3238516317252151,-0.4971345445030633,-1.1347676785963332,-0.7009581825427899,-0.5193371612299912
0,-0.6375642085775723,1.3287528357010383,0.029259273122135054,1.3287528357010383,0.0,0.0,0.0,1.0,1.0,1.0,1.133166291893302,-1.0373256528729111,-0.5061644300455476,-0.9534032904292348,-1.1231009810312502,-1.9528901135865109
1,2.988868977294923,-0.4253742182929092,-0.4253742182929092,0.4853805846733634,1.0,1.0,1.0,1.0,0.0,1.0,-1.2715702390456955,-0.6410249820785513,0.2907540128192748,-0.6937951150051881,0.18295724731907131,-0.07233563478578364
1,0.016040408701079922,1.0304022714573753,1.0304022714573753,-0.5699880177651577,0.0,0.0,1.0,0.0,1.0,1.0,-1.4461514793589765,-0.33878491495572,-1.6376243788837221,0.9186903091661477,-1.327781427276793,-0.2377565504037179
1,2.5851976889710206,-0.3385422802061129,-0.3385422802061129,3.075513170806422,1.0,1.0,1.0,1.0,0.0,1.0,-1.797110842960715,-0.5698037015423645,-1.6826899408609044,-1.0148021154171694,-2.1999349766430143,0.4346729267352263
0,-0.7134181391078747,-1.7973948051316433,-2.1045219199999075,-1.7973948051316433,0.0,0.0,0.0,0.0,0.0,1.0,-0.5864552709515465,0.0029008360388920185,-0.1433148828898405,-2.196793736078759,-0.49417403182249875,0.22164257152227052
1,8.639428924568083,5.0390379309558115,5.0390379309558115,7.13638547627884,1.0,1.0,1.0,0.0,1.0,0.0,2.4552327177484585,-0.6507025285948832,-0.27718272154611034,1.4072959425162797,0.8289088481517617,1.5175681687977571
1,0.520246439860603,2.1044877115209366,2.1044877115209366,1.004810367258851,1.0,1.0,1.0,0.0,0.0,1.0,-1.0289836248020692,-0.2868489541453757,2.052990537548129,-1.2046324179445886,1.408690641138024,1.0122990341904945
0,-0.341799648621155,1.5779670710680032,0.951277599900971,1.5779670710680032,0.0,0.0,0.0,1.0,0.0,0.0,-0.33856953330661227,-0.20220916337403605,-0.9966858922253806,1.0438490095925366,-2.066750956089779,-0.323740755621227
1,4.313832981198514,3.254274522401797,3.254274522401797,3.4555926707174622,1.0,0.0,0.0,1.0,0.0,0.0,0.8153000133333438,0.596066653611447,1.0647108599046797,1.6866792239009558,0.8852395007691917,-0.29181335016741883
1,3.3611830011573227,4.649164826765643,4.649164826765643,4.85187935354751,1.0,1.0,1.0,0.0,0.0,0.0,0.4830861494772034,0.3178358505084148,-0.394456878705013,1.3287226319966405,0.8442052910138902,0.21369209816641033
1,2.6292134853005775,-0.35700822650921893,-0.35700822650921893,2.6762803063864493,0.0,1.0,0.0,1.0,0.0,0.0,-0.09130099229985487,-0.2509084261694583,0.7183395251724372,1.0919941742295258,1.3554254390289522,2.848314401069442
1,0.8446421791481207,-1.1079373799846226,-1.1079373799846226,0.1992213690390795,0.0,1.0,1.0,0.0,1.0,0.0,-0.9722620861520312,-0.6877427421556985,-0.786207944352698,0.24263719451840848,0.4756574623595996,-1.3408936595830707
0,0.5422343625274508,1.299728972563987,0.6590100742479957,1.299728972563987,0.0,0.0,1.0,0.0,1.0,0.0,-1.307048580353738,1.888931602666334,0.5281113846616191,-0.47140468399784236,-1.1450378531018466,-0.8514356515909485
0,1.5014452850022113,3.861532178533488,1.2792652461667922,3.861532178533488,1.0,0.0,1.0,0.0,0.0,1.0,-0.30103967904224704,-0.510705375773891,0.20256509958681,-0.8086313264215143,1.491237878038957,-0.5957968562443707
0,-1.0792740027081467,1.697754641606076,0.2395624261399389,1.697754641606076,0.0,0.0,0.0,1.0,0.0,0.0,-0.9088500949632057,0.16845829939350254,0.21301249521784738,0.9415715099578114,1.7054481833585888,1.147433288658568
0,-0.45107514669637266,-0.06238817185111545,-0.7242600081677721,-0.06238817185111545,1.0,0.0,1.0,1.0,1.0,1.0,-0.2754970426876173,-0.1895887389183197,1.985890304035213,-0.6521777724535185,0.03392631388053491,-0.3962984328689506
1,3.633688406934291,2.216083420534875,2.216083420534875,4.389780373819169,0.0,0.0,1.0,1.0,0.0,0.0,1.2364639942313334,0.2935323293988369,0.5110435567743445,0.7241184277612822,-0.12143036139403432,-0.10136145048415898
0,-0.6625587434740651,2.1405571444276634,1.5268614663932514,2.1405571444276634,0.0,1.0,1.0,0.0,0.0,0.0,0.24892789889330982,-2.1185841421460276,-0.49994805856500896,0.4106828387079868,0.7598807797070581,0.2586987475299408
1,6.317562321629441,4.530594288310592,4.530594288310592,5.265195008425575,1.0,1.0,1.0,0.0,1.0,1.0,0.04821224425971635,1.538485565467436,1.0774162578652733,0.21699758088847507,1.2470386631288355,1.6950847483632425
1,6.442875987694282,3.514454425496911,3.514454425496911,5.475220282591343,1.0,0.0,0.0,1.0,1.0,1.0,1.7708550965990495,-0.4177037916079617,0.5000682361892635,0.8763314567017912,1.4327504137292204,-0.20873488230119464
0,-0.23951122585528248,2.5740264650185907,-0.2949382537797462,2.5740264650185907,1.0,0.0,1.0,0.0,1.0,0.0,-0.6704891927827817,-1.8139178244154186,-1.3139069894689357,-1.0058839265646349,-0.661140490359567,-0.7457684366235383
1,3.879697832354005,3.657756367660465,3.657756367660465,4.702776840843397,1.0,1.0,0.0,0.0,1.0,0.0,0.24937752045711659,1.1185987353380509,1.094981347591586,-1.5426744981348373,1.3903475147883961,0.28422045771677895
0,3.8034758574025216,6.922280194517305,3.581250086629698,6.922280194517305,1.0,0.0,0.0,1.0,1.0,1.0,1.2087577907226543,0.950872453440117,-1.0162816354972244,0.6747134136454882,0.6770868761933262,0.2787319960503452
1,5.906463124219742,4.458088679472638,4.458088679472638,3.2021792569201213,0.0,1.0,1.0,1.0,1.0,1.0,1.2176363197139428,-0.2064486039162015,0.20416868104075503,-0.8738916062461505,1.960964489034137,1.2125710452377985
1,0.7749141224742554,0.011821399449147951,0.011821399449147951,-1.1023561736991054,0.0,1.0,1.0,1.0,0.0,1.0,-1.288540322961314,-0.7278184379170954,-0.25093397664576705,-0.6400799536352758,-1.130211166873649,-0.4326663232095861
0,0.45669451062298116,3.286176784999488,-0.1646936393645556,3.286176784999488,1.0,0.0,1.0,1.0,1.0,1.0,0.4721390845788923,-2.107615078522733,-1.8939045813707847,-2.12587748308943,-1.293259893297346,-0.9068743689606592
1,2.3166697591821532,1.664842887206779,1.664842887206779,4.189679095872191,1.0,0.0,1.0,0.0,1.0,0.0,-0.7259762993782617,-0.7953002575268433,-1.3828991139748048,-1.184960478121802,-1.0259033460411835,-0.5719112815892895
0,5.191011473583885,6.782056251817881,4.305388978252636,6.782056251817881,1.0,1.0,1.0,0.0,0.0,0.0,2.132224054971875,1.889339169319889,-0.2976502641180197,-1.100468631863595,-0.4644100674521443,0.07367326101851654
1,-1.3754640705961672,-0.15742030154177034,-0.15742030154177034,-1.8464775816403156,0.0,0.0,0.0,0.0,0.0,0.0,-1.2437521893829184,-1.5599934086889782,-1.5523121835219251,-1.0739954714858122,-1.8373864387476564,-1.8832602425488336
1,5.469361735662716,1.032495651723944,1.032495651723944,5.011286705149294,1.0,1.0,0.0,1.0,1.0,1.0,-0.2809096502448111,1.4235694292970966,-0.45254119541947535,-0.540830085162247,-1.473548485100123,-0.05850019539937562
1,2.737770611090093,-1.0595461636943608,-1.0595461636943608,2.185598248305524,0.0,1.0,0.0,1.0,0.0,1.0,-0.9320386849687882,-0.22692337660458134,0.4557272884052811,-0.8648099019725004,0.515660425548131,-0.9221803956294609
0,0.6406275757584057,6.589764154458152,3.7150449190191646,6.589764154458152,1.0,1.0,0.0,0.0,0.0,0.0,0.2096326342480282,0.6953713580615112,0.7227611715739212,1.0599781564914332,0.4037932883695716,1.459486205157338
0,1.8658543637907687,1.7199675023594554,2.331654376316179,1.7199675023594554,1.0,0.0,1.0,0.0,1.0,0.0,0.7334059555516057,-0.02149442928978962,-0.8769335697158838,-1.4251803945266555,-0.2532798276268172,-1.6148588294787722
0,0.8854574988185857,1.258964978584528,-0.49101516271875834,1.258964978584528,0.0,0.0,0.0,0.0,0.0,0.0,-1.205372119119837,0.5397591637176604,-1.6768003089143413,-0.42088380801119935,-0.8392609041910857,-0.20232933946698922
0,1.8018166769954218,3.0938207489412477,-0.8285604976030159,3.0938207489412477,1.0,0.0,0.0,1.0,0.0,1.0,-0.6616407849073209,-0.17948689198357315,0.008011221490709097,-0.6169024895271114,-0.37565834058847747,-2.683128926595618
1,4.8941814223075095,3.589527394352687,3.589527394352687,5.187854088099824,1.0,0.0,1.0,0.0,1.0,0.0,0.3373912655154455,1.2294704385094242,-0.9573879366927915,-0.9594819273698045,1.088646867612312,-0.6763448252305906
1,4.733494648085157,0.6124697046080816,0.6124697046080816,5.041004638083077,1.0,1.0,0.0,0.0,1.0,0.0,0.743166556606759,-1.193781529949442,0.6875968101558398,0.7677557356395506,0.7777361174695967,0.3546750958205637
1,3.9631381505414587,2.0355402822306874,2.0355402822306874,2.907567165312059,0.0,0.0,1.0,1.0,1.0,1.0,0.88273137824333,0.26924650240012293,0.6598447230682964,0.5853817177303308,1.1268083306352343,0.3754362833718486
1,3.777446530763444,4.082809743323836,4.082809743323836,5.276197056326459,1.0,1.0,1.0,0.0,0.0,1.0,1.2873910629639842,0.8627616589074434,1.0404169794605087,0.4701005937403596,0.5890423991525175,0.04632418937797078
1,6.449845267395178,4.610221928767484,4.610221928767484,4.290278611661242,1.0,0.0,0.0,0.0,1.0,0.0,1.108518187741527,0.9841170811309241,-1.2184355796235593,1.824362872586018,-0.88058924936118,0.6165289548112083
1,8.476079794901251,5.6157871762317475,5.6157871762317475,6.662384556460598,0.0,1.0,0.0,0.0,0.0,0.0,2.590182837872188,1.6937327290458515,-0.6094796224122918,0.47022642020713756,-0.2674705446734319,0.7577849317452315
0,1.0165852640555444,1.6455895051624545,0.8681896319485766,1.6455895051624545,0.0,1.0,1.0,1.0,1.0,0.0,-0.5632283335379545,-0.3461100050525896,-0.22330858063281714,-0.4648373368248856,-0.04620610494715942,0.058916916060035324
0,-2.190036294059694,0.9576974730966582,0.17694998884029545,0.9576974730966582,1.0,1.0,0.0,1.0,1.0,1.0,-0.25858849904808734,-2.3952616649064,1.1550762135315102,-0.9120832346303527,-1.3097692663145244,-1.5795769501367374
1,7.408720187948297,3.6644319359585444,3.6644319359585444,5.209583866765055,1.0,1.0,1.0,1.0,1.0,1.0,1.0104044510918038,0.8725437815152198,0.1838579214158031,-0.5708217288862645,-0.5835770752970273,0.738904592638338
1,-0.8323217699317568,0.1091255247203935,0.1091255247203935,-2.10489390921615,0.0,0.0,0.0,0.0,1.0,1.0,-0.8488743709514698,-1.4201125032737258,-1.028058667252502,0.02547882189163924,0.7352400430765439,-0.9979681674596343
1,4.907796311116486,0.13528821822522108,0.13528821822522108,2.7533869721550137,1.0,0.0,1.0,1.0,1.0,0.0,1.1234251678700156,0.11377504020505051,1.2985336952043958,-0.49790454050001376,0.4089734636257517,-0.2944509671304848
1,-0.27109891806260666,-1.727888779246429,-1.727888779246429,0.4071804138079798,0.0,0.0,1.0,0.0,0.0,0.0,0.05648020767705312,-1.4503955713679604,-0.12975467540344965,0.23329305737897446,-1.4788923454435419,-0.46292548418814217
0,2.181882159054063,0.317223403402094,0.4217566909173217,0.317223403402094,0.0,0.0,0.0,0.0,0.0,0.0,-0.5788927791437466,1.5239168962689447,-0.3301794677570998,-0.3791665146131309,0.6393283289868432,0.2628961678114696
1,2.3250235438977604,0.5488124678624099,0.5488124678624099,0.31048875175111534,0.0,0.0,0.0,0.0,1.0,1.0,0.053455685923796056,-0.228467140202012,0.737252156693525,1.4334741738577987,0.03643798630876652,-1.0521431654226276
1,1.6099686760807361,1.1189218448152118,1.1189218448152118,2.2568618859358396,0.0,0.0,1.0,1.0,0.0,1.0,0.6449294661947322,0.4991715479145641,-0.3691585891524786,0.2746271005447277,0.3353864652834919,-0.5964364801612253
1,3.374350810581598,0.27196443248574176,0.27196443248574176,3.577083854908586,1.0,0.0,0.0,0.0,0.0,1.0,0.3214989498978494,-0.1902056866214033,-0.057528020577771066,1.01989541214362,-0.5543518831348431,0.9582514074910773
1,6.721793683356621,4.974414943456894,4.974414943456894,5.984712396797165,1.0,1.0,1.0,1.0,0.0,1.0,2.4249866560159923,0.9803378771404488,1.803805297541015,-1.0947048844959493,2.0331739060589733,0.16486445511297265
1,4.005410637383548,1.5056836970196539,1.5056836970196539,1.6221682347128528,1.0,1.0,0.0,1.0,0.0,0.0,0.16010550214327007,-0.5195134414244804,0.7984003737088159,-0.6144197101503392,-0.6351915451797708,0.18644862461778025
0,0.46004239787382506,0.6745449590482282,1.936577237256905,0.6745449590482282,0.0,1.0,1.0,0.0,0.0,0.0,0.021092077842025495,-0.01349580933883665,0.6098526929596212,-0.47635533078644654,1.0119622618767186,0.28241405143186654
1,2.8543902578822573,-0.8712753920076673,-0.8712753920076673,-0.2864138050911469,1.0,1.0,0.0,0.0,1.0,1.0,-1.9623022327468973,0.23391392141566358,-1.4086662119339217,-1.2437803691966498,-1.0415245347461957,-0.5499329160798685
1,4.429961885942068,1.7738373190125682,1.7738373190125682,5.381751964843767,1.0,1.0,1.0,0.0,1.0,0.0,-0.04906676105559688,0.862026686162263,0.4982339694000951,1.2780876192034574,0.6289611929688385,0.6539948915068228
0,4.041741055830993,5.675384216618914,1.1801692475344774,5.675384216618914,0.0,0.0,0.0,1.0,0.0,0.0,1.1698219571787067,2.422915324311712,0.31205166262916917,-0.35591003483924144,2.253515861476849,-0.07908552475922148
1,0.45007797458267224,-0.29507133362195254,-0.29507133362195254,1.1247320123243087,0.0,0.0,0.0,0.0,0.0,0.0,-0.6304095555437527,-0.7013353397438032,-0.8966994027871705,1.3393876494048271,-0.19980228392612598,0.28134123216934487
0,2.6196123157712767,5.305869887437704,2.4400849250421692,5.305869887437704,1.0,0.0,1.0,1.0,1.0,0.0,0.037957786846538555,2.453911526256212,0.9597239407394854,-0.4645308654386456,0.6329215085290336,2.1074223068977793
0,0.1261830554786264,2.6695629800199043,0.3618660524094503,2.6695629800199043,1.0,1.0,1.0,1.0,1.0,1.0,-1.3569296348066067,-1.4026625344149233,-1.4704400956901194,-0.5324733257791233,1.1645227173490467,-1.5268263666326916
1,1.5123549011714899,1.913546424999829,1.913546424999829,3.0487311261079926,1.0,0.0,1.0,0.0,1.0,0.0,-0.3977851682855494,-0.5514364959999544,0.4629427446532934,0.6150036178566205,1.1008015611326154,1.431270209850531
0,2.134583926119619,3.9172557278790126,1.8817557079740883,3.9172557278790126,1.0,0.0,1.0,1.0,1.0,1.0,-0.52530434706169,0.916175297040109,0.3197131466541388,-0.027451786038537027,0.43710404063185876,-0.29214528554386476
0,1.3738720238735889,3.551856964524486,1.5637331748597756,3.551856964524486,0.0,0.0,0.0,0.0,1.0,1.0,-0.05224103165352001,1.7285972541128645,0.28807562880763793,-1.1144996192063368,-0.9270013539657508,0.3571870535701973
1,5.700709862527492,3.1792689227616604,3.1792689227616604,5.447534686754006,1.0,1.0,1.0,1.0,1.0,1.0,1.2004987915765257,0.9308303011144852,1.2760217537134022,0.5076629940236898,1.2690116449485513,1.4608922631503067
1,-0.6199469137010771,-0.46302062302513003,-0.46302062302513003,0.8212186198836032,0.0,0.0,1.0,1.0,0.0,0.0,-0.18229128518252816,-0.21719352147487736,1.1208028003588177,0.37136759968080346,0.06916412325926163,-0.8580460728907475
0,0.17131621339141617,2.5654533900164505,1.0869170212551484,2.5654533900164505,0.0,1.0,0.0,0.0,0.0,1.0,-1.0195422441357238,1.05765406142218,0.9639183265280797,-0.059109843181359534,-0.026463041383900265,-0.4196748391948322
1,3.6589517065408566,1.9458081231532791,1.9458081231532791,2.81914681390835,0.0,1.0,1.0,0.0,1.0,1.0,0.45248157246906867,0.5129210989606963,1.0006884130533429,0.2288979452280736,0.18647200338226105,1.0595050041096241
1,3.113109340294246,2.655911001361445,2.655911001361445,3.1545429136041854,1.0,0.0,1.0,1.0,1.0,0.0,-0.024014663500787726,1.0304447003387454,0.6812685339886005,-0.5841889260360831,2.4450400880054124,0.04542064213660768
0,1.0182233633067195,0.09081000014357232,1.1415464342797261,0.09081000014357232,0.0,1.0,1.0,1.0,1.0,1.0,-0.971645049945535,-1.0738641376069158,-1.1809405879754815,-0.04319247049696438,-1.4856561840340785,-1.145606207450249
1,-0.1435787842410683,-6.036233118891795,-6.036233118891795,-1.0735229253828475,0.0,0.0,1.0,1.0,1.0,0.0,-1.5108570207891991,-2.146467394126026,1.1021974962159298,0.2677691521316376,-0.2077372534784487,0.10038978751057767
0,-3.0949069470114456,-1.5090102846402473,-3.958619404438227,-1.5090102846402473,0.0,0.0,0.0,0.0,0.0,1.0,-1.1168329207211682,-2.0341768195549683,-1.1148144526410864,-2.7969574176380965,0.29176802971607674,-0.6981951736236216
1,-0.45433862873963604,-1.1199580048756408,-1.1199580048756408,1.2820818797819755,1.0,0.0,0.0,1.0,1.0,0.0,-1.2986907305426387,-1.0374875340466698,-1.4571512591814806,-1.0924639193964436,-1.7266417083694077,-1.9428848145271573
0,1.687442439199339,3.6586146966818807,-0.39735096495841304,3.6586146966818807,1.0,0.0,0.0,0.0,0.0,0.0,0.03240580871569444,1.0434682352924376,-0.6461596655164852,0.058948803866166966,0.8146630961724897,-0.021160111305376844
1,4.651837748755609,2.5058938162653916,2.5058938162653916,5.899917674907675,0.0,1.0,1.0,1.0,1.0,0.0,0.37730884073082527,1.4028842704361972,0.9603141206452266,0.3910494541271772,1.0673577907364793,0.8567330882616111
1,6.151920452073217,3.6277268233725604,3.6277268233725604,7.426240801249975,1.0,1.0,0.0,1.0,0.0,1.0,1.6928387016614368,0.26922071606976866,0.5565724570867796,1.4139119930389237,-0.8902128806102876,0.19407680451896958
0,2.5686071493070264,3.1369949190289166,1.7393312429117473,3.1369949190289166,0.0,1.0,0.0,1.0,1.0,0.0,-0.4047490136403012,1.2251665798621083,0.8114936789505945,1.8312467823595715,1.340688049823429,0.6008514074389228
0,1.0953167776686725,2.174886597432141,-0.2033399502805342,2.174886597432141,0.0,0.0,0.0,0.0,0.0,1.0,0.2621760469076064,0.8530752949069108,1.594573110627608,1.198013227772674,-0.6093670611108614,0.6715541244454177
0,-0.8168966048987183,2.558453059969106,1.8364152939630345,2.558453059969106,0.0,0.0,0.0,0.0,0.0,0.0,0.5266099397198265,0.27762522113542387,0.7242813711803566,0.5078333402514756,-0.17154262065802667,1.0278710362992634
0,0.1520991754535873,0.9423100116749972,0.4048921084198268,0.9423100116749972,0.0,0.0,1.0,1.0,1.0,0.0,-0.9122755648206127,-0.824320471456317,0.8167305660936085,1.585226461612963,1.1268194144962447,0.08479314755706874
0,2.3521522863742024,5.52768151910745,1.7286841823894807,5.52768151910745,1.0,0.0,1.0,1.0,0.0,0.0,0.03290060907156661,0.5390452391196663,-0.9085477540513746,-0.43638575528990076,-1.3664634035699743,0.22242438376241386
0,0.7248585462811845,1.9510685969806612,1.40528160905601,1.9510685969806612,1.0,0.0,0.0,1.0,1.0,1.0,-0.7638241479200274,-0.008081511403639385,0.2038669442371624,0.20863365199385153,1.095644936309099,0.4859596070294384
1,2.1644780148457827,0.10587729782215538,0.10587729782215538,1.5189044850041873,0.0,1.0,0.0,0.0,1.0,1.0,-0.4518789078056983,0.9364752880464415,0.05218872590885004,-0.9680289595534308,-1.0203844661390655,1.1981852950054823
1,3.412200280233903,1.2277139692185797,1.2277139692185797,3.9083765441754674,0.0,0.0,1.0,0.0,1.0,0.0,0.48761396926072204,0.133816351998375,-1.4052295463185565,0.2232571200431871,0.19512806301365204,1.3287845055992045
1,3.7141922524086657,1.9288374435847144,1.9288374435847144,3.7259388089136936,1.0,1.0,0.0,0.0,0.0,0.0,0.9328297187541119,0.0348155746143074,-0.23683529261498082,-2.050253441740439,1.125288685375383,-1.448280589859143
1,5.126793749441019,4.939563105933204,4.939563105933204,6.445317815440599,1.0,1.0,1.0,1.0,1.0,1.0,1.2227431673211158,0.7836300960764795,-0.4837531753142662,1.0816538160092062,-0.9943478113468542,0.5051478731787111
1,6.152333173617233,5.234767441077188,5.234767441077188,3.114495307789142,0.0,1.0,1.0,0.0,0.0,1.0,1.3635464280524139,1.7285190511727073,1.5203745780253277,0.670723006299443,0.6322561612247671,1.0222637914882158
1,0.5526310729702697,1.1935211435715039,1.1935211435715039,1.1689927499113761,1.0,0.0,0.0,1.0,1.0,0.0,-0.8907504565248087,0.5568117164619382,0.6127333583981605,-0.9513001705936993,0.05120177197046347,-0.2309334786999541
1,-0.04741662964308935,0.6384278842118147,0.6384278842118147,0.10014854248019411,0.0,0.0,1.0,0.0,0.0,0.0,-0.14557169522287203,-0.5112711343464313,0.20508103750837284,-0.6564306475903087,-0.8316878244244859,-0.4888896302607307
1,5.552440797115484,3.4652302391032856,3.4652302391032856,3.5573619392411224,1.0,0.0,1.0,1.0,1.0,1.0,1.0433557788033232,0.4354063420718236,0.8964744687029201,1.051272225448273,0.3348466500208407,0.7921287846009988
0,-0.4650744734088795,3.0715489522985813,-3.019848085561344,3.0715489522985813,1.0,0.0,1.0,1.0,0.0,1.0,-1.0690272869594386,-1.1471274683438901,-0.031481447393150175,-0.11705732788075224,-1.1798620516694809,0.1536474291956501
1,2.9852119410880427,1.9769341539662775,1.9769341539662775,4.745423421687935,1.0,1.0,1.0,0.0,1.0,0.0,-0.6940724391245107,-0.7863713638237865,-1.435493677746471,-0.6514865139917964,-1.070524090786422,-1.653238813329624
0,2.385782871431015,2.562380982971847,1.3354716816213594,2.562380982971847,0.0,0.0,0.0,1.0,1.0,0.0,1.42403362460372,-0.9235336800743094,-1.0697609894439788,0.8505415462751544,-0.09913012882791303,0.5298733348784652
0,0.21696926130957273,1.3052628131812374,1.2761309280135924,1.3052628131812374,0.0,0.0,0.0,0.0,0.0,0.0,0.9052438326846205,1.262567929247808,1.4634219679247935,-0.43245560724289334,1.0176345693014286,-2.115654635912001
1,3.7336138657591915,0.06933791154585256,0.06933791154585256,4.241187575923716,1.0,1.0,0.0,0.0,1.0,0.0,-0.3310682805005213,-0.29147127131806366,-1.6603828065974033,-0.5067364470412707,-0.2388912399575459,-0.6755907802733905
1,5.464104388118897,4.2458057062209615,4.2458057062209615,6.6285678961793435,1.0,1.0,1.0,1.0,0.0,1.0,0.2923582158994704,1.0532660828810294,-0.6163253257858681,0.45183370867676986,0.7258232832886748,0.7711376422380888
1,0.11932864612801364,0.23547263793671502,0.23547263793671502,1.8510932163957863,1.0,0.0,1.0,1.0,1.0,0.0,-0.3484468307211373,-1.0571642056623185,0.7301200750277861,-0.45761675181572153,-0.8044910276281029,0.16714389543810962
1,1.8156393505689334,1.3589844120616368,1.3589844120616368,1.674514477871993,0.0,1.0,0.0,1.0,0.0,1.0,-1.0285910700840035,-0.21525904762466125,0.5637633550815697,0.6134098715842612,-0.24082564440817988,0.8464562625786676
1,3.5161733655979774,2.171700382957573,2.171700382957573,2.6529736221674356,1.0,1.0,0.0,1.0,0.0,0.0,-0.8257307085158593,0.7723200750598003,-0.46438853641031763,-0.057935011216524876,-0.49663408048439395,-1.0463065734937769
1,3.570211102919826,2.0072572952639574,2.0072572952639574,3.707471736113081,0.0,0.0,1.0,0.0,0.0,0.0,2.64560461931053,-0.1267759401941034,-0.5376173954494592,-0.32418626883889134,0.22877127695898808,-0.8289152024419488
0,1.3643063263162745,0.9226711039989235,-0.23941825233344072,0.9226711039989235,0.0,0.0,1.0,1.0,1.0,1.0,0.38858067904928123,0.19439211182519345,1.6423756199357482,1.4587885209266154,0.5350643498058201,2.512003684956654
0,-0.840331758625979,0.8138742176074452,-2.6961062821307253,0.8138742176074452,0.0,0.0,0.0,0.0,0.0,1.0,-0.6034776472506105,-0.6960479883941261,-1.0146262131472539,-0.32641826325918194,-1.3926950400358389,-0.5776175188467498
1,5.306222887614657,2.201878220341528,2.201878220341528,5.168377935801415,1.0,1.0,1.0,1.0,1.0,1.0,-0.1466652985111211,0.2315864279164757,-0.18422542465676217,0.418329460839632,-0.28472405456773003,1.1771003765981116
1,3.6923087926088387,2.8562470095619883,2.8562470095619883,4.918733700216438,0.0,0.0,0.0,0.0,0.0,0.0,2.2962304754991805,0.6011610275430531,-0.00014231094140643163,-1.7955927502838924,-0.7655136943444147,-1.2897136489919496
1,3.4113021487060684,0.48946475440510073,0.48946475440510073,3.3055488060348175,1.0,1.0,1.0,1.0,1.0,1.0,-0.5246670973314209,-0.4221003890257745,-0.3121190262740425,0.061548221214375115,1.2826748409814033,0.7980520648188584
1,5.870677406515607,4.11403960209599,4.11403960209599,9.383043800972938,1.0,1.0,0.0,1.0,1.0,1.0,2.5193657701338377,1.630171227231642,2.9454214866402473,-0.8431900141955542,0.8645456673586397,0.9085034239067131
1,4.047173994294986,1.3924287562546394,1.3924287562546394,3.6945055066511356,1.0,1.0,0.0,0.0,1.0,0.0,-0.39492722627282895,1.0332984107739014,0.22994186002718,-1.1913112034119406,-1.9514894863128935,-0.5122170200389643
0,2.2835006755504024,3.0030185887641676,2.8193589661885303,3.0030185887641676,1.0,0.0,0.0,1.0,1.0,0.0,0.04774048509264964,-0.3868454208083978,-0.38064330155546655,0.48998847198263007,-0.4661127057205081,0.1902789809572409
0,2.608036117414982,2.564530879376477,0.36539953713161455,2.564530879376477,0.0,1.0,0.0,0.0,0.0,0.0,0.01885628390352443,1.012162078629305,1.502196713925624,-0.8280740320248116,-0.017896838706448037,-0.9920566892799926
1,9.249748065891986,4.019722011711918,4.019722011711918,6.2227964083183505,1.0,1.0,0.0,0.0,1.0,0.0,1.555276605582386,1.8984943488937043,1.6410554361503187,2.522124279939042,1.3172583368654571,1.4818764904948363
0,1.4050585649740943,3.863204809153525,2.609400698232232,3.863204809153525,0.0,0.0,0.0,0.0,0.0,0.0,0.6928719385896946,1.8823733579789979,0.6299141974320264,-0.3594508976614238,0.42957929829643127,0.8607436191456002
1,2.7564714299036615,1.085874774836638,1.085874774836638,3.771667612043561,1.0,1.0,0.0,1.0,1.0,1.0,0.4985194249100886,-0.6318809197993611,-0.45365439624011167,-0.017454521975279927,0.6938830547653401,0.5412766895452464
1,6.798482980839934,5.867427686497675,5.867427686497675,7.969847429193625,1.0,1.0,1.0,1.0,0.0,1.0,1.8454929200423336,1.221588568362836,0.7003366519324412,-1.1851129686162376,0.24118819182216356,2.0064575637956485
0,3.0066169420160596,2.6161282955959058,1.070405069534698,2.6161282955959058,1.0,1.0,1.0,1.0,1.0,1.0,-0.9298017437472789,-0.4787553485580679,-0.43795062424662756,0.68678837285777,-1.3588380765537245,-0.44622426922710046
1,5.413420522525397,3.427130886057335,3.427130886057335,5.58169015172844,0.0,1.0,1.0,1.0,0.0,1.0,1.05646594822531,1.6063795449880338,1.6920185815700235,1.5299718359684578,0.25150795625231837,2.476368925724809
1,1.1691738960720406,-0.9301944880574029,-0.9301944880574029,1.9476108093329216,0.0,0.0,0.0,0.0,1.0,0.0,-0.12741645802336685,0.48981479713126036,-0.12850329458488874,0.2551764855901338,0.09401500839823582,-0.10496647202617522
0,1.7265647087219806,2.266835052221725,4.154187932927268,2.266835052221725,1.0,1.0,1.0,1.0,1.0,1.0,0.9094902950207474,-1.0872146249958556,0.6738414072044492,-0.676248486127586,1.2505364801981966,0.5885181488273838
1,1.0809616626531424,0.4759623878031995,0.4759623878031995,2.480129988534972,1.0,0.0,1.0,1.0,1.0,0.0,0.21633915652636984,-1.5302413074617986,1.6271108659669284,-0.12038114097474073,1.0101943732490788,0.4737393766619655
1,3.0125066266444622,0.7369696492715017,0.7369696492715017,3.073636717806827,1.0,0.0,0.0,1.0,1.0,1.0,1.3454919592320327,-1.6607067588727096,0.7250706123683496,-0.28285559261387644,0.4527908144313242,-0.4174162266377546
1,2.0889253264142127,0.06792427283663466,0.06792427283663466,1.9895786880334234,0.0,0.0,1.0,0.0,1.0,0.0,0.8994324084330122,-0.7558786214236435,0.7422520426307334,-1.9936228433263101,0.022731054059141775,-0.5177654044204314
1,2.369368079717567,0.5089229877003968,0.5089229877003968,0.8944512758587712,1.0,0.0,1.0,1.0,0.0,1.0,-0.36482368551974076,-1.5432961584497524,-0.6673581657506826,-2.0827116685045284,-1.3366800865507664,-1.7010801874261032
1,3.229986861611013,1.658856099344142,1.658856099344142,4.887485546346233,1.0,1.0,1.0,1.0,1.0,0.0,-0.19300578220909606,1.4028257285171453,2.270853709177951,0.6970144258413394,1.187453732669733,0.3407152529855395
0,-0.1535498087208348,0.4206723458439474,0.9091107374685878,0.4206723458439474,0.0,0.0,0.0,0.0,1.0,0.0,0.5174962384238547,-0.7377270506301034,0.14896880929930792,-1.312138719498512,-1.1397602467967916,-0.2870082574258712
1,2.710277545905666,2.3433449841936413,2.3433449841936413,3.691337632579259,1.0,1.0,0.0,0.0,1.0,1.0,0.5103138315150298,-0.2771870355654741,1.35691264978669,0.2879408863862135,-0.9221470540846781,0.05754262295249969
1,1.2069987010953651,-0.20548569747110162,-0.20548569747110162,1.4222688136970212,1.0,0.0,1.0,0.0,1.0,0.0,-0.5819093869578592,-0.7432713344683816,0.23068605326581054,-2.2860364565467446,-0.5323018402367891,0.37808412510246414
1,7.774518900777673,3.4929876867174405,3.4929876867174405,5.605254636451288,1.0,1.0,1.0,1.0,1.0,1.0,1.0878474163495417,0.9443567207930201,0.2254703837762807,0.9331414062719194,-1.4719337057981354,0.3656187321989242
1,3.873068876288666,3.080687542027807,3.080687542027807,4.774699854687172,1.0,1.0,1.0,1.0,0.0,1.0,-0.6034802342159846,-0.9576292451570733,-1.296614076390406,1.829917678772254,0.2310080526423423,0.3532976251019749
0,-4.832177374013759,-1.7200711571893594,-3.4117278644803135,-1.7200711571893594,0.0,0.0,1.0,0.0,0.0,0.0,-0.8818394766725376,-1.8495496931096942,1.2381631659384496,-1.4686376124810803,-0.23954670795419705,-0.7817138338712948
0,0.9598470315022183,1.3082952549033768,1.7891338468793538,1.3082952549033768,1.0,1.0,1.0,1.0,1.0,1.0,-0.10414105664033387,-0.6539503130446792,-0.7104661028004139,0.037217427758066086,-0.5734469706716676,0.087379559742771
0,4.122134100390799,4.01437409996956,3.92518953801686,4.01437409996956,1.0,1.0,1.0,1.0,1.0,1.0,-0.06810576604409495,0.36430531359686663,-0.23279215027109817,0.6198963921219548,1.1072396235200987,-0.12909285360473532
1,4.091985348125173,3.0320405699099426,3.0320405699099426,4.559759461266897,1.0,1.0,1.0,1.0,0.0,1.0,0.27500220520777563,-0.180118997821754,0.470500404248486,1.5742390285885408,-0.8250951791958867,0.6972569874681067
1,1.7834104276957945,2.156764756886906,2.156764756886906,1.648021308907686,1.0,0.0,1.0,0.0,1.0,1.0,-0.7928713248323751,0.701180307449313,-0.7550291673016721,0.6133007066227809,-0.11327807966437375,0.42884691680155096
1,4.426772976152044,1.4459471794950212,1.4459471794950212,4.753759552462892,0.0,0.0,1.0,1.0,1.0,0.0,0.34154213267226147,1.3774264941666168,-0.16617749916201255,1.077103211153911,0.0558306036536671,-0.16874585564121458
1,1.9637307079045896,3.940929124142424,3.940929124142424,2.782841426869775,1.0,1.0,1.0,0.0,1.0,1.0,-0.7892285827049497,-0.1467728548990616,-0.5630675833399167,1.1870455347365836,0.3507654106435897,0.8475040801884034
0,-0.07513856285102216,2.999699261240861,1.611115646267924,2.999699261240861,0.0,1.0,0.0,1.0,1.0,1.0,-0.1978095199078112,0.9906862548942734,-0.7335626372730939,1.7727013744658244,-0.3935052345015018,0.025527546401297292
1,5.571463757024934,2.934965342555098,2.934965342555098,5.607472708709021,1.0,1.0,0.0,1.0,1.0,1.0,1.7115742991295666,0.26837263559658375,0.21150052217780674,0.40086300798181834,-0.7810084976979451,0.6247099393031386
1,2.333291042028809,0.2972312631860058,0.2972312631860058,2.2604191527918367,0.0,0.0,0.0,0.0,0.0,0.0,1.479757351261509,-0.5901942900108669,0.5837826578060705,0.2166357536792607,-0.21867309760087433,0.698820590399599
1,4.774957330878536,2.3042860279445394,2.3042860279445394,4.972685385488708,1.0,0.0,1.0,0.0,1.0,1.0,1.1067139677855926,0.2738884699185457,-1.1266048905447454,-1.7880962892332462,-0.6034681600180272,0.8580234644366228
0,2.2400342590862063,4.67427770899635,0.39682335046178996,4.67427770899635,1.0,0.0,1.0,0.0,0.0,1.0,-0.21556606185505792,-1.1946114085897406,-1.7400284881669619,0.8859914955075932,-0.5201968630612602,-0.11164741335785944
0,1.182250205219281,7.69400393850791,0.8515139616357716,7.69400393850791,1.0,1.0,0.0,1.0,0.0,0.0,0.6908632710208079,0.3795780774394038,0.7589239169337245,0.06318034103854077,-0.3430955900369951,0.6755365020287996
1,3.511696366202313,3.4396469728275356,3.4396469728275356,4.173840597946509,1.0,0.0,0.0,1.0,1.0,0.0,1.1034632121595054,-0.007445226590427401,0.3299477822169685,-0.11983146627791263,0.42791269970615997,0.38309107165050554
0,2.650777274405363,5.280923927495278,2.3501979884393163,5.280923927495278,1.0,1.0,1.0,0.0,1.0,1.0,0.7755569487786633,-0.2868347849356414,-0.05725661366796442,-1.9480786917483124,-0.27956836381177763,0.09883961323145316
1,3.0419738709068955,1.4599634944961928,1.4599634944961928,3.8015902452098667,0.0,1.0,1.0,0.0,1.0,0.0,0.94737916103033,-0.2648851009712768,0.5378432671110296,-0.716001223741052,2.024311857562053,-0.2076479950018255
1,1.5259159823558741,0.1831817310990006,0.1831817310990006,1.8498867247226114,0.0,0.0,1.0,0.0,1.0,0.0,0.6986916464695259,-0.9412339447952383,0.7416149494130136,-0.3938529131523777,-1.3936962432484634,0.05953248952918011
0,2.183836868612822,2.723198481312985,2.191604952794047,2.723198481312985,0.0,0.0,0.0,0.0,0.0,1.0,0.8735072062050458,0.04976567156501549,0.17415575165169442,0.8207625598534621,0.34803526585248556,0.13251428238618673
0,0.5307561036554004,3.0605204531793593,1.2572587528696926,3.0605204531793593,1.0,1.0,1.0,1.0,0.0,0.0,-0.8521334957644576,-1.8278067344825142,-2.326969132784069,-0.4647556141786721,-0.1533655620322093,0.35567405353288195
0,0.5785034197895267,0.4030542622392589,1.4581682083662169,0.4030542622392589,0.0,0.0,1.0,0.0,0.0,1.0,-0.31689213650396075,0.5399922588521996,0.8796128204633225,-0.26120462970216707,0.6397673228509475,-0.9896514667672422
1,1.595044213230032,2.0359971391627054,2.0359971391627054,0.2663641389397515,0.0,0.0,0.0,0.0,1.0,1.0,1.372985790605495,0.35874457157442496,2.161581422571729,0.5828091842722735,1.7460993035478716,0.7503786626466488
1,3.855180158825594,2.2507611479683525,2.2507611479683525,5.285766990771522,0.0,1.0,0.0,0.0,1.0,1.0,0.8102750180052883,1.7361908021830752,0.4729526508970362,-0.6625220049779572,-0.8642587008118947,0.7930173773356244
1,1.4378662444014025,0.5820688850330926,0.5820688850330926,0.8295626969898194,1.0,1.0,0.0,1.0,1.0,0.0,-0.33682404132920957,-1.0384823262064478,0.05857524970448806,-1.854654274516738,-0.6004177337649347,0.3391260427631274
0,-0.7884551651196746,1.6222243629818425,1.9072879156423497,1.6222243629818425,0.0,0.0,0.0,0.0,0.0,0.0,-1.1784757393817225,1.2233452144722832,0.5342051311706916,0.23544217791053,-0.3952072215608804,-0.7681249368770441
0,-0.2558407120371236,2.5795240448155283,-0.536199416712542,2.5795240448155283,0.0,0.0,0.0,0.0,1.0,1.0,0.03627993357819405,0.28808682181837436,0.7114201785038831,0.10399442941990059,0.1332360905067255,-0.2516992219732517
1,0.5842433665979966,0.7551217800889503,0.7551217800889503,3.0479970170595143,1.0,0.0,0.0,0.0,0.0,0.0,-0.040623848161460106,-2.1340979704974785,-1.000443504362333,-1.7975452327756292,-0.48204331920006704,-1.5373363905252677
1,3.0143606624436545,2.644541137894022,2.644541137894022,4.143686663052492,1.0,0.0,0.0,0.0,0.0,0.0,-0.8036982992556949,0.22520124507923217,-0.5224273044288112,0.28059987673597914,0.25401097532788586,-1.0392261363749362
0,5.319152843683494,3.8560723182213374,5.590342507186188,3.8560723182213374,0.0,1.0,1.0,0.0,1.0,1.0,1.4866821167422177,-0.003257508314367885,-0.11642314088581163,1.2257365843256132,0.34541969450422344,0.8770970534703835
0,4.770805761815211,6.0424823297310795,2.08842771934254,6.0424823297310795,1.0,1.0,1.0,1.0,1.0,0.0,1.206904048688569,1.044716696550931,0.37772282865626694,0.21454325315035855,-2.926677897421914,-0.9355431747064213
1,1.4906829631985308,-0.17141538366893433,-0.17141538366893433,0.7412399003069878,0.0,1.0,0.0,1.0,1.0,0.0,0.6002577084803438,-1.0855458458481224,-0.677519812316345,-2.0648895790710107,0.20037421378810394,-1.5440728210618304
1,3.617142265001865,2.000264369981097,2.000264369981097,3.359008338087188,0.0,1.0,1.0,0.0,1.0,1.0,0.8821335076734835,-0.015569301061453655,0.07795422594482894,0.3483379014061427,0.8698256411601629,-0.7474548741615055
1,6.451355325795516,4.7070793416196235,4.7070793416196235,6.26559786251982,1.0,1.0,1.0,0.0,0.0,0.0,1.4113822215042497,0.6772632090607825,-0.08679369078332821,1.2983072257327324,2.616964808133331,1.929589285490949
1,4.519134432256039,3.273111599991251,3.273111599991251,4.9841760856302635,1.0,0.0,1.0,0.0,1.0,1.0,0.23139548930986628,0.925855037549686,-1.615707184715422,-0.6889954483152785,-1.5771881517148112,-1.248291140986881
0,0.9012493604984608,-0.24244438815837677,0.23061138690950506,-0.24244438815837677,0.0,1.0,0.0,0.0,0.0,0.0,-0.6541308547804133,-0.3151134815889572,0.11418328471634698,-0.8381359972613778,0.8045386181836218,0.8621823133031636
1,3.9779854465426663,1.4281658610497097,1.4281658610497097,3.4894592839020584,1.0,1.0,1.0,1.0,0.0,0.0,0.36192915030470785,-0.4775603458509254,0.3968302551139636,0.7496675785461069,-0.7836051973407024,1.0028541649685638
0,1.3218893474848925,2.415832051803782,2.2614654457216785,2.415832051803782,0.0,1.0,0.0,1.0,1.0,1.0,-1.6168482502935662,1.2636571513628942,-0.8517097114887644,-0.7368183243351187,-0.7426777254547346,2.4603246485627577
1,2.5419816385724605,4.685387340337809,4.685387340337809,5.887026044451265,1.0,1.0,1.0,0.0,0.0,0.0,1.191023570934555,0.09454479186435277,1.336675447990194,0.2960264562197707,1.3999152872893614,-0.2062126638004711
1,6.786928551342599,6.1981459210447,6.1981459210447,6.059143525024566,0.0,1.0,0.0,0.0,1.0,0.0,2.686900285327103,1.7526654015934628,1.2483530163616758,-0.3350176957662267,0.8390157267039224,1.1150030579153027
0,3.988875195979504,6.124976831788652,2.9716691882828914,6.124976831788652,1.0,0.0,0.0,0.0,0.0,0.0,1.9107769214830146,1.319608996951789,1.830429170120269,0.10107630310207408,1.5758499226770462,-0.21008947380190324
0,-1.5639689561733603,0.5481816606633733,-0.9645284023879299,0.5481816606633733,0.0,0.0,0.0,0.0,1.0,1.0,-0.7412852228583101,1.104575646593725,2.816869312630551,-1.2230269415987722,1.6081177683400387,-1.4728603304700525
1,4.485810966947529,3.6121630570217125,3.6121630570217125,6.667023008644753,1.0,0.0,1.0,0.0,0.0,1.0,1.7034959545126036,1.1768102817209054,1.9893022158120544,1.1510174395589872,0.054361133207995294,0.1156996894375435
1,2.1624438055873667,1.5014146021837957,1.5014146021837957,3.363135135408075,0.0,0.0,0.0,0.0,0.0,0.0,0.9076645872524871,-0.10341025562867029,-0.20141379751081678,-0.6473304515752263,1.0878322246487442,0.16820335581538454
1,2.927332884082051,3.688225784856625,3.688225784856625,4.756045730966512,1.0,1.0,0.0,0.0,1.0,1.0,0.9089561123072248,0.20089578032550942,-0.041110693456871295,0.11004078074085798,-0.0740261367888691,-0.9960961996076346
0,-0.5705783270850662,3.095228360104965,0.16514472700479343,3.095228360104965,1.0,1.0,0.0,1.0,1.0,1.0,-0.4282492736691994,-0.7619011247055689,-0.4327402122164494,0.2891371696458253,0.7866164783543005,0.10669950638773759
0,0.1101279271359972,1.9132051486774568,0.7722747479198255,1.9132051486774568,1.0,1.0,1.0,1.0,0.0,0.0,-1.1974794910961974,-1.0872007006250455,-0.9119535533918289,-1.629320648299688,-1.368143002443055,-0.7195654060295489
1,2.7043600428791765,-0.8507913305024599,-0.8507913305024599,2.857493060253881,0.0,0.0,1.0,1.0,0.0,1.0,-0.3980755313215503,0.8323731367469835,-0.10735483298214868,0.4683226043645222,-0.5463180834813562,0.4290680001029011
0,0.35882902117724097,2.2954246266484204,-0.17050404035184175,2.2954246266484204,1.0,1.0,0.0,0.0,1.0,0.0,-0.6930699214579233,0.35904163002621886,0.4235716271827508,-1.9814589301711247,0.37835846870648965,0.05852769735336237
0,1.2053537728033175,-0.11953413729546514,0.579697170121124,-0.11953413729546514,0.0,0.0,1.0,1.0,0.0,0.0,-0.4811909447782963,-0.40380247458485874,-2.394346865683203,-1.6749139946822615,-2.0460417764876233,-0.9151609510519944
0,0.19347922073449259,1.9589906145856364,-0.7418846360935767,1.9589906145856364,1.0,1.0,0.0,0.0,0.0,0.0,-0.8328820064997011,-0.613114876588908,-0.25698527080940303,-1.5497018201476727,-0.5080305260863759,-1.4934472517418929
0,1.8246154422990035,3.0795470913732386,3.3970900248412663,3.0795470913732386,1.0,1.0,1.0,1.0,1.0,1.0,-0.3350816424942795,-0.2687356073145507,0.19541248627696334,0.5623220827139558,-0.33700790147840615,0.261931015396018
1,2.852209419689313,1.743841449096175,1.743841449096175,3.020953092390599,1.0,1.0,0.0,1.0,1.0,1.0,-0.18205330356302568,0.1758153499475653,0.4951001726119446,-0.6693887889445813,-0.8636267508043405,-0.09057115618415257
1,1.006279740924228,1.4223105406635805,1.4223105406635805,0.9545322042397537,1.0,1.0,1.0,1.0,1.0,1.0,-1.4646402329772652,-1.8300283273240956,-1.4153127627169246,-0.88858701831304,-1.3282343769722147,-1.6921253484307166
0,-1.0458043130926753,-2.726269624890418,0.008172522117545489,-2.726269624890418,0.0,0.0,0.0,0.0,1.0,1.0,-1.2242085120258004,0.32013464514585743,-0.21440295242442844,-0.4546899436796964,-1.3767716556630147,1.2477231767556043
1,2.2362948768274324,-0.2932830643192923,-0.2932830643192923,2.7434727262337453,1.0,0.0,1.0,0.0,1.0,0.0,-0.8521840371675827,0.2300679794731945,0.9275927079529371,1.266536213726935,-0.4579361097628405,-1.050888438266241
0,2.0798986587016834,2.1642383018907765,2.1133203042644886,2.1642383018907765,1.0,0.0,0.0,1.0,0.0,1.0,-0.9398757081958214,0.8679388375316774,0.7739683381068979,0.5561676352273934,-0.6865958599800642,-0.3375357290985085
0,3.109434213413383,2.1783612839064173,1.0912215214182817,2.1783612839064173,1.0,1.0,0.0,1.0,1.0,1.0,0.18138002483594579,0.14150540755130325,1.3687487019635833,0.30295260791205564,2.089218678501681,1.1210207628616937
0,-0.3461882125786896,1.0021923530516592,-1.3811377835420975,1.0021923530516592,0.0,1.0,0.0,1.0,0.0,1.0,-0.845059975838149,-2.1192328115913486,-1.8744103249418693,0.0913097768466405,-0.37601297747999296,-2.220422672619543
1,1.6133389531750255,-1.4032065067573196,-1.4032065067573196,3.775167312296274,1.0,0.0,1.0,0.0,0.0,1.0,0.382142512320204,-2.8572881562675048,0.7092015104683854,0.5037503409310659,-2.070290599118571,0.1889594629583854
0,2.647784056648801,2.2906127638177587,1.819336409452534,2.2906127638177587,1.0,1.0,0.0,1.0,1.0,0.0,0.02896006888756564,0.7951768868561628,1.1433092609677191,-0.49384392977318864,-0.07784993145498231,1.0039188842254627
0,-0.9142478385033549,1.8385807944778214,-0.6283710190451817,1.8385807944778214,1.0,0.0,0.0,1.0,0.0,0.0,-0.008462556394742457,-0.7751961741208087,0.13634934191472306,-1.7616916579027397,-1.5663790809538747,-0.03606758464987081
1,4.733840430454142,0.3343867402813847,0.3343867402813847,4.081152130001245,1.0,0.0,0.0,0.0,1.0,1.0,1.0755035635285426,0.36979465458272653,0.7660643265716647,-0.34988849618046747,-0.5900743804592549,1.1235059128879352
1,6.989550794526415,4.192068210787214,4.192068210787214,6.128430021739351,1.0,1.0,1.0,1.0,1.0,0.0,0.7820392651905868,1.4208531497495942,1.9870213819566929,1.0593666708681932,0.05867812480503609,1.077316515643834
0,0.44442150533711894,1.5394554531409819,-0.2643733286131227,1.5394554531409819,0.0,1.0,1.0,0.0,1.0,0.0,0.6408621816087827,-1.4819412360511188,1.6739236569151599,-0.3666532807478061,-0.029911334199237218,-0.8761181565145327
0,1.481561958368722,5.241720519337563,2.2541812287375302,5.241720519337563,0.0,0.0,0.0,0.0,0.0,0.0,0.10518529457499647,1.9525660749180882,0.6273420235250426,2.1406541285488623,1.011221101399294,0.27966769908243894
1,1.9920309738830855,0.6233550456343155,0.6233550456343155,2.8043103431014518,1.0,0.0,1.0,1.0,1.0,0.0,0.23552470770127648,-0.48313114576074967,0.018212457140461047,0.33652280007850693,-0.8832704012905079,0.4248175700014898
0,2.7056884777371346,2.785436792262776,1.9619594678784245,2.785436792262776,0.0,0.0,1.0,0.0,1.0,0.0,0.6301871917604671,0.10920316369740399,-0.654992971314952,0.009097006983853129,1.1619710880871497,-0.6840296539263032
1,4.002705654130336,2.466906034886189,2.466906034886189,4.7210002826394755,0.0,1.0,0.0,0.0,0.0,0.0,1.5923727830349206,0.5244438885522482,-0.9185574655684429,1.2689273358291944,1.0006159973756974,1.2821560551421585
0,2.2451908479661995,3.8513608437083264,0.7239891199884585,3.8513608437083264,1.0,0.0,0.0,0.0,1.0,0.0,1.2251099192855255,-0.01136902603160933,-0.12935717668349667,-0.9756980050482381,-0.096613298588352,0.6084872413373794
1,4.5862203292188966,-0.46913554523956513,-0.46913554523956513,3.8443010721300706,0.0,0.0,1.0,1.0,1.0,1.0,0.5254401118106892,1.1920893588278343,0.9314665809164879,-0.728995241152463,-1.4160733918330175,0.4109940532672376
1,3.390987766883341,1.3228356534983772,1.3228356534983772,1.5398855971811138,0.0,0.0,1.0,1.0,0.0,0.0,1.049741535576425,-0.5217095974629694,-0.7754695511646968,-1.3398558166457613,0.36723212977429,-1.0539870829274651
1,2.9963126398335294,2.831857740016604,2.831857740016604,1.9491552618591415,1.0,0.0,1.0,1.0,0.0,0.0,0.27989344713121206,-0.19540316990973644,-1.1713987449462513,-0.5249459656357086,-0.4241621719127013,0.7282846941176678
1,2.661284826993575,-0.062445853987272454,-0.062445853987272454,2.6878140005198685,1.0,0.0,1.0,1.0,0.0,1.0,0.1214681593348135,-2.6235275575285835,-0.14769521730580248,0.20863092251482052,0.6779715183291422,-1.885559679496242
0,1.595559484536047,1.463032043887193,3.301900191889972,1.463032043887193,0.0,0.0,0.0,0.0,1.0,0.0,1.5488439397847464,1.4519260182109106,1.1802942845219875,-0.5355815990704316,-0.7084115102647358,1.2380555532958812
1,0.5384969921351129,-0.3845999640970936,-0.3845999640970936,0.63259813012688,1.0,0.0,0.0,0.0,0.0,0.0,-0.15105013313173968,-1.0208936124710568,1.9572139658971213,0.19194984889943767,1.0510035617426963,-1.2971575595150548
1,5.205832315829142,3.865341691745308,3.865341691745308,2.3088497845169056,1.0,1.0,1.0,1.0,1.0,1.0,-0.1553486939985416,-0.5332317439564553,-0.2734011143064562,0.7676658734193843,-0.46401658541610785,0.4403053344999839
1,5.584855857411471,6.03177878582847,6.03177878582847,5.206950657080196,1.0,1.0,1.0,0.0,0.0,0.0,1.1962842652853705,0.5687820037386184,-1.2278633968661752,-0.472144951172288,0.24217917541316067,-0.14401998912177233
1,2.8192723391204666,0.9457628093489503,0.9457628093489503,3.546378153781678,0.0,1.0,1.0,0.0,0.0,1.0,0.2421031287130535,-0.059822054107467264,0.4632603383686763,0.44991406908414633,-0.7015570085460517,0.023639300279811155
1,3.345596557909734,1.7499278097083963,1.7499278097083963,0.45464285833665374,1.0,0.0,1.0,1.0,0.0,1.0,-0.5733622927700328,-1.1989432238095121,0.23306500099677824,-0.9923633977414552,0.26628646983826726,-0.2897492454211009
1,3.171686896783817,1.7823914866788413,1.7823914866788413,2.4414954465608916,0.0,0.0,0.0,0.0,0.0,0.0,0.8270472293825096,1.1303046673876802,1.5265470277764726,0.5115626539150261,0.4135661015685782,0.8570271134943246
1,4.2992897361907945,3.558645399519958,3.558645399519958,3.9719127044446325,0.0,1.0,0.0,0.0,0.0,1.0,0.7500732096737268,1.0626017405118997,-0.1740995730546948,0.7289865018785069,1.9472524108921456,0.09449101869310084
1,3.3896208825851137,1.9860775916055742,1.9860775916055742,4.557451498219696,1.0,0.0,1.0,0.0,1.0,1.0,0.5836161432327812,-0.6780735944614829,-0.3202602733762102,0.7268183471737231,-1.3666178867529928,-0.7741537211902486
1,3.7518890201219466,1.7400502342023416,1.7400502342023416,1.4298417081706059,1.0,1.0,0.0,1.0,0.0,0.0,0.21606949604900258,-0.5141929329187399,0.03644176615178989,-1.2455196625430724,0.049223015302712336,-0.232126864212859
1,2.111622494873462,0.778717958460527,0.778717958460527,1.7543237252701707,0.0,1.0,1.0,0.0,0.0,0.0,0.35047627539827586,-1.7600579912627266,0.398885285951892,0.2531596017790026,-0.7443801732176282,0.8063427083911465
1,5.045766548775028,2.271726392473164,2.271726392473164,5.725284119124258,0.0,1.0,1.0,1.0,0.0,0.0,0.8110798896823614,0.6926306356771306,0.2579580992855795,1.0948951015070074,-0.7215919348493489,-0.8816025628598375
1,1.0201821862758262,-0.24745298408907046,-0.24745298408907046,-0.05352027886794677,0.0,0.0,1.0,0.0,1.0,0.0,-0.6588397648544692,-0.8964881138930935,0.24001630850068542,-1.0137972807481073,0.7455171861664776,-1.6329626575057004
1,3.7493537717536656,1.14511927517932,1.14511927517932,3.3020244716330547,0.0,1.0,0.0,1.0,1.0,1.0,0.6340470419466274,-2.007410648409844,-0.8859932171732433,-1.1259002062235794,0.23340714756377368,0.10090448980876732
1,2.4651954569085675,-0.148302379778662,-0.148302379778662,3.9166146019468058,0.0,0.0,1.0,0.0,0.0,1.0,0.32091075042733336,-1.3174865171097372,-2.941846416481267,0.06565492273371776,0.4101880360736896,-0.568741158567
1,5.802152437263172,5.598075109712985,5.598075109712985,7.268973358186703,0.0,0.0,0.0,0.0,0.0,1.0,2.6873768377320695,0.4619275571466236,0.6652555554094415,2.5113435981016012,0.05391658983288117,1.314999920142637
1,0.668632976938645,0.2575554457503355,0.2575554457503355,2.6556155594516744,0.0,0.0,1.0,0.0,0.0,0.0,-0.638227189704362,1.2580163260628725,1.913008626470065,-0.19611459517871221,1.294160068228494,0.4760607371456752
1,1.8692648236795084,2.7242187397583795,2.7242187397583795,2.574277600385262,0.0,0.0,0.0,1.0,1.0,1.0,1.375338044682434,0.44471115551020374,1.263188314721396,0.0516287795847975,-0.27590416902222115,0.2750012682825579
1,5.042038284570469,4.5758285687112235,4.5758285687112235,5.9494355099681755,1.0,1.0,0.0,0.0,1.0,0.0,1.4530447484899638,-0.5518703096817406,-1.008778815092031,0.877095044602965,-0.21320110828904318,0.06059571401748026
1,5.472912785780885,-1.2622397715068003,-1.2622397715068003,2.8304893384939467,0.0,1.0,1.0,1.0,1.0,1.0,-0.08856453861422066,0.11224392845509779,-1.8777521580384793,-1.0516965452458071,1.0468127600937045,-1.4662822120251553
0,-1.7298772867029186,1.2276500392235334,-1.0949613972459464,1.2276500392235334,0.0,0.0,1.0,0.0,0.0,1.0,-1.3514334202622669,1.4738689220925592,0.40221380216313396,0.7017032302899764,-0.8244145227358033,-0.9506878862207114
0,-2.628359770135104,-0.028819461288498216,-4.942999278605457,-0.028819461288498216,0.0,0.0,0.0,0.0,0.0,0.0,-0.6937477415724795,-2.7706270364126278,-1.6405616185643637,-0.3148425688925238,-1.2808398239818444,-0.8735069626568129
1,2.5162917176663515,2.9399751568627948,2.9399751568627948,4.341238500285051,1.0,1.0,1.0,0.0,0.0,1.0,-0.10084678553999654,0.19379807793961634,0.18915667058959032,0.023584739210500777,0.3196346750382024,0.014871738833807269
1,4.832140752894947,3.508242083370188,3.508242083370188,4.254094288124043,0.0,1.0,0.0,0.0,0.0,0.0,2.423066176657335,0.03782623540254054,-0.011096484393165032,-0.7265409990328509,-1.0387334020589387,0.2122114541732311
1,1.3582448604196684,0.9208699235521429,0.9208699235521429,1.8760129269036958,1.0,0.0,1.0,1.0,0.0,0.0,-1.2028034618399757,0.40155266484167196,-1.0936183175890197,-1.2071560224152669,-0.9296797826808556,-0.004370771719929056
1,2.542732742577214,4.571331769173912,4.571331769173912,6.146007178722794,1.0,1.0,1.0,1.0,1.0,0.0,0.06800165213713695,0.9872297121749393,0.19522381045858728,-0.6679157727722582,0.5147281433630757,-0.8303819091421426
0,0.8373387590066522,2.6774781347319356,0.15213533088966474,2.6774781347319356,0.0,0.0,0.0,0.0,0.0,0.0,0.14689211672162408,0.5249027593720549,0.5409376799943004,-0.5935482490640088,1.0185284210602439,0.1319529599310605
0,2.8712647869213987,1.0670572537981313,1.3697926497481603,1.0670572537981313,0.0,1.0,0.0,0.0,0.0,1.0,-0.053071751357634235,0.48171117258657203,-0.17062550907159346,-0.5026297203096055,0.4420977473873797,1.418840835141881
1,5.750653973176839,4.587932407700668,4.587932407700668,4.4670815955672785,1.0,0.0,1.0,0.0,0.0,1.0,0.6154021677249875,1.4707767825945612,0.898947758009561,0.16677401912081508,1.151132366822375,0.27753151654927943
1,6.998476363309657,4.450560244888338,4.450560244888338,6.713230113704951,1.0,0.0,1.0,1.0,1.0,1.0,1.0403787298722562,1.8564415168834443,-0.32189648411870564,-0.006306714840305538,0.7067695374781239,0.3051500961224092
0,-0.959730058873808,-2.1063314315855575,-1.3174938510129774,-2.1063314315855575,0.0,1.0,1.0,0.0,1.0,0.0,-2.7615071305307617,-0.013111837722893926,-0.6667892152298964,-1.5066697002685157,-0.22732769741338077,0.7411065577354274
0,4.338925726809855,6.660929157036805,5.884785710654354,6.660929157036805,1.0,0.0,0.0,1.0,1.0,1.0,1.61174840579129,0.9885659951269656,-0.09878577165148877,1.3117734101866692,-0.41010686533051643,0.03207661867223574
1,3.119433939684831,1.258610071068679,1.258610071068679,2.1305818263808716,1.0,1.0,1.0,1.0,1.0,1.0,-1.0768281937838469,0.09983036359365191,-0.44165905869092204,1.1655469378898378,-1.9122120822422848,0.4263913720938629
0,-0.9935122723671799,2.6340745732911524,-0.9368510135026399,2.6340745732911524,0.0,0.0,1.0,0.0,0.0,1.0,-0.05369483643190438,0.25987459430442994,0.7779204736600781,-1.0699323938719416,-1.5683045143309133,-0.7794511932588508
1,2.779423244634895,0.8263063917135449,0.8263063917135449,3.718055648647425,1.0,1.0,1.0,1.0,1.0,0.0,-0.889607389671744,-0.5820046796124483,-0.8735589457165308,-0.6747739600923218,-0.15589346765848572,-0.5772109721288807
1,3.1933793947291047,1.698370226025484,1.698370226025484,2.444336409415068,1.0,0.0,0.0,1.0,1.0,1.0,0.7583304281887797,0.5224168984342898,1.3275762728848626,0.31543276719592234,-1.4833422667827645,0.7748393298226728
1,3.9103567590948725,4.036828785218679,4.036828785218679,4.701557743609109,1.0,1.0,0.0,0.0,1.0,0.0,-0.10851430333782656,1.044144461455292,0.08773185928864402,-0.9592812751158637,0.287420845967509,0.8040944879779179
0,-1.1978052472738216,2.07018212934747,-0.039640134902778734,2.07018212934747,1.0,0.0,0.0,1.0,1.0,1.0,-0.7718666696181867,-0.6073768680478799,-0.6868379714092011,0.057616615485916,-1.4202496605620674,0.4652215684325707
0,4.4056980644661845,3.9433248298052486,3.629900064711216,3.9433248298052486,1.0,0.0,1.0,1.0,1.0,0.0,-0.10046113298472006,0.996710446455897,0.2597454902591182,-0.9334119664635294,1.1859334664995744,0.48319034499761426
1,3.486306853128207,1.037220538156652,1.037220538156652,4.837950762214546,1.0,0.0,0.0,1.0,1.0,1.0,1.107109592975608,0.07520806184063997,-0.4262110800577222,0.47259576451476437,-1.1141349014273951,0.42117763506647776
0,2.1369144938321547,3.0026352016344893,1.570522120085493,3.0026352016344893,1.0,0.0,0.0,1.0,0.0,1.0,-0.4870638498112322,1.4751605471555487,0.3433059631622754,0.6049469165767046,-0.08607055795222314,-1.413134266064349
1,-0.06051066976979946,-1.240340256662001,-1.240340256662001,-1.6980709226928665,1.0,0.0,1.0,1.0,1.0,1.0,-1.7697647253601763,-0.9608899989940709,0.7191144770571076,-1.513375800400038,-2.0862413161562863,-0.23778798910978666
0,-0.93080441400842,3.8889118836542123,0.06406526346069485,3.8889118836542123,1.0,1.0,1.0,1.0,0.0,0.0,-0.35775139262563693,-0.7576263113452805,0.8969703990016811,-0.9462316743470215,0.8182858136035231,-0.3873696299744061
1,5.6837611511590485,0.8078813488660093,0.8078813488660093,3.755573037177811,1.0,1.0,1.0,1.0,0.0,1.0,-0.48460074515694035,0.5444212291078121,-0.35182814446881705,-0.02713298232597261,2.058224776556073,0.073705608065181
1,5.79107097331827,3.3250530033808356,3.3250530033808356,6.8630611708097575,1.0,1.0,1.0,0.0,0.0,1.0,0.29978638069350344,1.715797732071167,1.4909836330011583,1.3573321657030308,1.5492523492833539,0.2797110959763217
0,2.9851093680098253,3.706079880992126,1.7897400309967932,3.706079880992126,1.0,1.0,1.0,0.0,1.0,0.0,-0.022541730014055215,0.6746299016281858,0.8266671466017305,-0.32921586153593935,0.4936691158566928,-0.2546172942129304
1,3.9513638738952173,1.0693652188651854,1.0693652188651854,2.090187222475468,1.0,0.0,0.0,1.0,1.0,0.0,-0.3078882933551419,-0.03824007373008986,0.0797593215055962,-0.7988675954490793,-0.11904390420487819,-0.7821456717940775
1,0.3845681076720543,-0.7100071482325607,-0.7100071482325607,0.9111176685289515,1.0,0.0,0.0,0.0,1.0,1.0,-0.40955836339990065,-0.22139448796907318,0.9691575965812377,-0.11419461772607298,-2.9175373815410413,0.343080825920945
1,0.7772776077460735,-0.7653680491341153,-0.7653680491341153,1.433025324073491,0.0,0.0,0.0,0.0,1.0,1.0,-0.3197091058674522,-0.8248652536028526,-1.6407227356114773,-0.6202478801322211,-0.6217946646357932,0.6491105305487044
1,3.469255077689623,-0.5645986306086961,-0.5645986306086961,2.2783999650352857,0.0,1.0,1.0,1.0,1.0,0.0,-0.5975510935717697,-0.13149116994050447,-0.011337422313297485,-0.2548519541174638,-1.9591479768973592,-1.3710993225596413
1,-0.07718473683095461,-0.4453542143463953,-0.4453542143463953,0.8202793947016193,1.0,0.0,0.0,1.0,1.0,1.0,-1.4739636869124173,-0.6421634901999209,-0.06331455740590747,-0.9921784985684133,-0.3537065253139977,0.508967631332261
1,2.080390109800086,-0.42611119839534733,-0.42611119839534733,0.3348022058157378,0.0,1.0,0.0,1.0,1.0,0.0,-0.7115910360920832,-0.2686405666613162,0.6734013242724062,-0.46291525987520415,-0.20852932965716506,0.11893753987376024
1,5.0246202856467255,3.2459522844177338,3.2459522844177338,3.4970754433329807,1.0,0.0,1.0,1.0,1.0,1.0,0.603619880786159,0.9871733987108291,1.0453273938332892,0.8458414383377897,0.25850856478664846,0.6628479650932169
0,0.31340048903651596,2.7259290107373766,-0.2095869099715486,2.7259290107373766,1.0,1.0,1.0,1.0,1.0,1.0,-0.49056335923507305,-1.0477077829292885,0.020799546800703395,0.03574022697711471,-1.0065071842678606,-0.3418098609313251
0,0.806872916808653,3.391766635997177,1.1396087141149873,3.391766635997177,1.0,1.0,0.0,1.0,0.0,1.0,-0.10026585584921434,-0.5096745235797705,1.6043155446425776,1.3208650067088006,2.083995146355797,0.073401027413037
0,-0.2761871316854865,-1.1444014463410024,-2.2263885563504444,-1.1444014463410024,0.0,0.0,0.0,0.0,0.0,0.0,-0.41509967776154266,-1.05175462536978,-0.5259483308366278,-1.8068944406279634,0.7062260379548616,-1.238026723320619
0,-0.7684548313016129,0.6152162857128513,1.318236503537813,0.6152162857128513,0.0,0.0,1.0,1.0,0.0,1.0,-0.05326966953696952,-0.32535596795646976,0.7110700997695243,0.35240345959467334,0.20365790813780588,0.5844314562830735
0,2.7027843007316,2.498753352599917,2.6977205449404744,2.498753352599917,1.0,0.0,1.0,1.0,0.0,0.0,-0.6038592220216066,0.4441728196394687,0.3478805679997377,-0.981004935314692,-0.5587691538012518,-0.6002273194479161
0,3.623109829557156,3.930540869418037,2.022418967754109,3.930540869418037,1.0,0.0,0.0,0.0,0.0,0.0,1.1344375039042705,0.49177644103875556,0.584524043226191,0.6606944246289306,-1.3059632129903442,-0.884163984158909
1,1.7013867307035881,2.755982972695775,2.755982972695775,1.5710888226140631,0.0,1.0,0.0,1.0,1.0,0.0,0.8431198225472976,-0.5279077224557456,-0.2085297189539373,-1.0626199277567887,0.7123549843490738,-0.55228928563455
0,-2.2375519818325076,-0.8006917703205433,-2.62661121099434,-0.8006917703205433,0.0,1.0,0.0,0.0,1.0,0.0,-1.8755807955875374,-0.2136556536967943,-0.8919508581176842,-0.1222135874701602,-1.7364281013998482,0.17942257202131295
1,2.6067622949710434,2.876838494481607,2.876838494481607,3.592395868527475,0.0,1.0,1.0,1.0,1.0,1.0,-0.052331718347357226,-0.31889015779364,-1.2468177757686842,-0.43334360519070053,-0.7013380156682325,-0.16471616083075774
0,1.5022276243777883,2.8035948404032554,-0.21816271426478817,2.8035948404032554,1.0,0.0,0.0,0.0,1.0,1.0,-0.463952854936169,0.35788946976219116,0.2256939813270527,1.328656293651682,0.8451670801797664,-0.6116735885077416
1,1.2340125893878002,0.1052207510474848,0.1052207510474848,1.4938797380506614,1.0,0.0,0.0,0.0,0.0,0.0,-0.07159294962027823,-1.027153296835325,-0.060416710586070135,0.2142806038648905,0.6171280619472446,-0.09382888691071471
0,-1.4584493090124997,-0.5069543287563033,-1.7768896703554387,-0.5069543287563033,0.0,1.0,0.0,0.0,0.0,1.0,-0.9692277373539208,-1.581089030984418,-0.9089149578485253,-1.2888893550294283,-1.3260614704615947,0.10147239280902043
1,3.6175584498046507,1.28581760809415,1.28581760809415,4.508915744088894,0.0,0.0,1.0,0.0,1.0,1.0,0.91494298380533,0.8250789190950241,0.3248258796159953,0.3138655679413128,-0.7578905147077614,-0.3295669839282154
1,2.8116762889824543,-0.6015999011981288,-0.6015999011981288,3.4100189922570743,0.0,1.0,0.0,1.0,0.0,0.0,0.16877042448381102,0.6645154404212981,-0.40729077814012754,-0.514358125663799,-0.8793730446192997,0.5006753724975831
0,-0.2475059835727017,2.357543874734307,1.853098723419141,2.357543874734307,1.0,0.0,1.0,1.0,1.0,1.0,-1.6537287584342082,-0.2752241029185398,-1.1539538709444637,0.04821157190289904,1.3966140459632934,-0.5318268645990156
1,4.628288521964569,4.388453128309109,4.388453128309109,3.6317893904259964,1.0,1.0,1.0,0.0,1.0,0.0,0.20092835104171497,-0.9006711945154965,-0.24243679906290927,0.24090394116357033,-0.04009011865799632,0.8962674235329493
0,1.4920950682274656,2.347265746842352,2.0784804530075656,2.347265746842352,1.0,1.0,1.0,1.0,0.0,1.0,-0.5326763099797673,0.5605706272037563,-0.1444482977216866,-2.5893928707091076,-0.9737953138379025,-0.002832387552000104
0,-1.7133024802956458,2.495340405650458,-1.2058379203018368,2.495340405650458,0.0,1.0,0.0,0.0,1.0,1.0,-1.0610457226014507,-1.6827727947628188,-1.4832890177762021,-0.17741247751601696,-1.3258734967686392,-0.19635039421477085
0,1.7040697470245756,0.47245451638425295,0.7064344606041153,0.47245451638425295,1.0,0.0,1.0,0.0,0.0,1.0,-1.4204635908285612,0.12663315399371194,-0.1383098985026726,0.1497897996452654,-0.5928017996338488,-1.1242247449979264
0,0.3748316313699487,3.39793853753809,1.134581139863986,3.39793853753809,1.0,0.0,1.0,1.0,1.0,0.0,0.5459535479243952,0.030724055177227205,-0.41633597738119954,-0.7617795337662252,-0.006340227428771314,0.4640858279928924
0,3.5852587863899825,5.220777396047418,4.55599222014615,5.220777396047418,1.0,1.0,0.0,1.0,0.0,0.0,2.137375252373449,0.8887526259953049,0.9498941273097431,1.0380721461578872,-0.9436450876867749,-0.265261835862008
1,-1.251355980165181,-1.1643043108060767,-1.1643043108060767,-2.6234439862407215,1.0,0.0,0.0,0.0,0.0,1.0,-1.639346752951179,-1.2427897787691131,1.112649729766714,0.22525307535254518,-0.6160429519945151,0.9985981131951146
1,1.6287907821273035,-1.4109799358078359,-1.4109799358078359,0.23837413297428028,1.0,1.0,1.0,0.0,1.0,0.0,-1.9472509660359916,-0.6380252032624564,0.8151340669165594,0.936635184294502,-1.2252716957486043,-0.20426016233069869
1,-0.5222722269089393,-1.9456130669117901,-1.9456130669117901,0.022298308206233186,0.0,0.0,0.0,0.0,0.0,0.0,-0.10605921894196703,-0.09411978691343742,1.078057767016467,-1.2861305151336395,-0.5306784025393996,-1.6010260366817037
1,2.091756835957146,1.1679327555885286,1.1679327555885286,4.224973548339028,1.0,1.0,0.0,0.0,0.0,1.0,0.23339803168412826,-0.1730114111748784,0.8794889827515597,-0.2641011754472605,0.39240018637448737,-0.7357621296855142
1,6.0258338800170606,2.7806372679295963,2.7806372679295963,5.685163151878823,0.0,0.0,0.0,0.0,0.0,0.0,2.339555037573189,1.0438009226581126,-0.024370707615002263,0.7803292228346772,0.7832624140539539,1.038165568015649
1,1.3146487591711589,0.7408354434344379,0.7408354434344379,2.038299367034606,0.0,1.0,1.0,0.0,1.0,0.0,-1.8437501508550989,0.24844619018639053,-1.150945994657362,1.4723346828987824,0.18871905148313062,-1.908446639639342
1,1.4111915384860556,-0.721397829244913,-0.721397829244913,1.616484208012509,1.0,0.0,0.0,1.0,0.0,0.0,-0.5058317799235251,-0.48091270460663454,1.0845089943722388,0.9254265199939288,0.6777229963826923,-0.32105160659666854
0,-3.6755141218144365,0.5412705053811651,-1.7289933743077255,0.5412705053811651,0.0,1.0,0.0,0.0,1.0,0.0,-1.5249168211271171,-1.7507123578358743,-0.24456289304386292,-0.7658759549472949,-0.9134133600962058,-0.8169110161655042
0,2.2963410478937267,3.1320891323811537,2.534381009505162,3.1320891323811537,1.0,1.0,1.0,1.0,1.0,1.0,-0.7800827999822371,-1.6752264917966684,-1.1461419463217921,-0.12423915077466838,0.27998470375843043,-1.7092479356315828
1,3.6089102687252512,2.367169353838862,2.367169353838862,1.4509001578282827,0.0,1.0,1.0,0.0,0.0,1.0,0.8928403319705859,-0.14863849227664255,0.671299196334266,0.3374021876282869,0.8276088532236163,0.3504364864681491
1,5.6806814286314005,3.0667057111265215,3.0667057111265215,3.719665806129255,0.0,1.0,0.0,1.0,0.0,1.0,2.6173204906805423,-0.41197482688956294,1.182365729777771,0.6317789176962598,-0.059716682648181474,-0.0035869687456924204
1,1.3953698103401053,-1.7666614222107075,-1.7666614222107075,1.3353544553715815,1.0,1.0,1.0,0.0,0.0,1.0,-1.6224426878708902,-0.9711694269651113,-1.0308870423972576,-2.2884852983618016,-0.5704816120933449,-0.7800936545500788
1,3.910829584436866,2.746025340676387,2.746025340676387,4.33630544500486,1.0,0.0,0.0,0.0,0.0,0.0,0.9457766458670407,-0.41212285159659845,-1.7962300659809736,-0.5153722963149562,0.1201121929899901,-1.4331090827701747
1,-1.5810754763970243,-0.6841447386504673,-0.6841447386504673,-0.059664255475482764,0.0,0.0,1.0,0.0,0.0,1.0,-1.4641758471411912,0.4670789366392513,0.3591512599886341,-1.0369635261936072,-0.3806157662551682,-0.06726171938473326
1,3.709828998639716,2.8837374469540284,2.8837374469540284,4.564636362164773,0.0,0.0,1.0,1.0,1.0,0.0,1.758206048804888,0.45936159584998787,0.34639336999306736,1.4195531528842085,1.1453981660046784,0.6120451754346297
0,2.280526723043244,2.0355647538724835,0.1921128074113413,2.0355647538724835,1.0,1.0,0.0,1.0,1.0,0.0,-0.4211889959127483,-0.18539854219136342,0.6292148719344407,-1.3943937030760687,-0.6684283541301844,-1.3844021994566604
0,3.351057617254606,4.166522229078346,3.0900030609723004,4.166522229078346,1.0,1.0,1.0,1.0,0.0,1.0,0.19313804785891459,0.6465831094450233,-0.0617094045946424,1.643677224430534,0.467766703560313,0.485869880854947
1,3.731722728888677,-0.1573428213931376,-0.1573428213931376,1.8232607304451058,1.0,0.0,0.0,0.0,1.0,0.0,-0.020141416685761117,0.1619238370330991,0.04667372461336061,0.8128888918063221,-1.7684116190382948,-2.3161660334760894
0,-0.7772204932245043,0.13458812830376596,-1.470079489405271,0.13458812830376596,1.0,0.0,0.0,1.0,0.0,1.0,-1.4642615525286238,-0.7003080220146922,0.07871924029247485,-0.6415366840362066,0.4855491423512265,0.6286362614712387
1,5.272131373817676,4.593265835028756,4.593265835028756,4.244674760052877,1.0,1.0,1.0,1.0,1.0,0.0,0.4847330030106666,1.336478760756759,1.3958996716800858,0.2454441600078538,0.44290713967014644,-1.3127975028165286
1,5.333239506842742,1.310162382996578,1.310162382996578,3.8261054514889885,1.0,0.0,0.0,0.0,0.0,0.0,1.9230039668024026,0.699839065508576,0.017574418223798127,-0.42836655960481007,-0.09738345987359354,0.7463157864906231
1,2.7146955919432187,0.554917861750698,0.554917861750698,2.584571068396432,1.0,0.0,0.0,1.0,0.0,0.0,0.09439590294156931,-0.7692630719087747,-0.4282864734709198,-0.5712737890236926,1.1277943977300777,1.2453226705951472
1,4.94191521692036,2.9818216980092913,2.9818216980092913,3.6356397861667986,1.0,1.0,1.0,1.0,1.0,1.0,0.20789703383702757,-1.0218379864575406,-0.27741094744917805,0.11700869081014624,1.2112691053987918,-0.3169056417537415
0,3.5417931331841808,3.0014394170417735,1.1786460928762785,3.0014394170417735,1.0,1.0,1.0,0.0,1.0,1.0,0.07251554777032922,-0.8146672893727218,0.4902853393489861,-0.734621304511027,-1.7224131565858851,0.011010361517929224
1,5.886214833247987,3.0848332366193123,3.0848332366193123,5.737422092518996,0.0,1.0,1.0,1.0,1.0,0.0,0.9182942530161661,0.9202066252954535,1.0218455292888158,1.7963896867811315,2.221609429490612,0.9373565720299704
1,-0.2431150823200855,-0.9275926313941126,-0.9275926313941126,1.00571093579567,0.0,1.0,0.0,1.0,1.0,0.0,-0.4752228796983485,-0.8462955037411661,0.7564040045917652,-0.4976676718223353,-2.2691430500004204,0.006539007221901705
1,6.314260924469104,5.425248600047189,5.425248600047189,5.446162755208561,1.0,0.0,1.0,1.0,0.0,1.0,1.5582161888029902,0.6214676178740721,0.9293124280032627,1.794261940875216,2.7143235799232293,0.5964356434747863
0,0.5462667507143789,2.67391692391208,0.7105604726223826,2.67391692391208,1.0,0.0,1.0,1.0,1.0,1.0,-0.014204459253299363,-0.9008117407163166,-1.2453811997748874,-0.42797736267118336,-0.735902218333113,-0.8519148470036412
1,0.8475073996029637,-0.5703061417710698,-0.5703061417710698,0.5029409508164105,0.0,0.0,0.0,0.0,0.0,0.0,-0.7535409147644168,-0.48019972597184635,-1.1960166014395588,-0.5776113960203648,-0.1476655424575295,-1.96856302216665
1,2.8387208105076995,1.7810286218229603,1.7810286218229603,2.348522689328245,0.0,1.0,1.0,1.0,0.0,0.0,1.0317649269929403,0.5118277105672258,0.8619501248642141,-1.166633767806038,0.3171504657448103,0.04852329459600552
1,-2.162573692376606,-0.04245537013251921,-0.04245537013251921,-1.1443722056716459,0.0,0.0,1.0,0.0,0.0,0.0,-1.2539570133299798,-0.6985048181884039,-0.3502114775007729,-0.648203654825911,-0.6531301210394259,0.30481703945431843
0,4.289921480916932,4.047418986991833,3.249223809689584,4.047418986991833,1.0,1.0,0.0,1.0,1.0,1.0,1.1576689699609328,-0.5146825899413239,-0.5108024344780543,0.10451870688695852,-0.043974811705681405,-0.4277067343567807
1,6.656474592674105,4.902963745720097,4.902963745720097,5.47944343509515,1.0,1.0,0.0,0.0,1.0,0.0,0.6808306985239225,1.0819628069152993,0.5209057633613533,1.0760925465186195,0.8444905169850291,0.8084087095777291
1,2.2127123268050286,0.8964779986460949,0.8964779986460949,0.7387473413102159,1.0,0.0,0.0,1.0,1.0,0.0,0.8114353221995059,-1.236668627470374,1.432366502231205,0.4978886606427235,0.8265361275014265,0.12886419163994023
0,5.129349031118965,5.870853781301536,4.138557028430748,5.870853781301536,1.0,0.0,1.0,1.0,0.0,1.0,-0.24765524458074883,1.8135641905191484,-1.182249176373965,1.3320115725430144,0.4565328558828961,1.0966134569138404
0,2.1245525691707483,1.1044998081152158,-1.0909701881734177,1.1044998081152158,0.0,1.0,0.0,0.0,0.0,1.0,-1.1206975138815267,0.10717107258947176,-1.3763891261238217,0.2373460847421734,0.03453383803979865,0.8655902824854507
0,0.9625508265339706,1.1589392277610715,1.6858137483935671,1.1589392277610715,0.0,0.0,1.0,1.0,0.0,1.0,-0.15671143042218894,0.5073482815298584,-0.11200731293957283,0.7119552328976436,-1.1074258428012502,0.4518717205733336
0,-0.15789930316478618,3.004221082578941,1.4938639501443607,3.004221082578941,1.0,1.0,1.0,1.0,1.0,1.0,-0.9907794355266678,0.2875602114834962,0.0017526055970583099,-0.6234088260018205,0.1617979695118447,0.2378672205369444
0,-1.7154905202804758,-0.1777822959396218,-3.6257014774803284,-0.1777822959396218,0.0,0.0,1.0,0.0,0.0,0.0,-2.024711668749855,-1.6128847381286247,0.08786736993892419,-0.7471235892354144,-0.9037537895155812,-0.6244932630164087
1,2.7050266553068396,1.8934516725261856,1.8934516725261856,2.619336107020294,1.0,0.0,0.0,1.0,1.0,0.0,0.176144793659905,-0.2134102022243322,-0.3631704051430866,0.8337805284231634,1.2086377357744127,0.4807725586144038
0,-0.8764921616615562,-0.09440029147050599,-0.38027291137334895,-0.09440029147050599,0.0,0.0,0.0,0.0,0.0,0.0,-0.6489314174472733,-1.217203457777634,-0.9205958293298904,-2.154309017866948,-1.8430656780437014,-1.8201361012672954
1,3.9302520816874837,2.121223934518861,2.121223934518861,1.525362809030782,0.0,1.0,1.0,1.0,1.0,1.0,0.4082738968794954,-0.4978500568635062,-0.27163777937914835,0.5136667844524168,-0.6961830886035512,-1.687453463948287
1,3.969239745764707,2.0097987743320695,2.0097987743320695,2.5010168177932615,1.0,1.0,0.0,1.0,0.0,1.0,0.32860183246363,0.2159085807759656,-0.1346471489669926,0.15425196767950825,1.8609884838045425,0.10846925258269724
1,6.020163515126575,2.309790194796673,2.309790194796673,2.2792406376109913,1.0,1.0,1.0,1.0,1.0,1.0,0.054004869690612974,-0.22397731796062012,0.4886979776568666,-0.6002444979351562,-0.44528053569843273,-0.5571326039083594
1,3.5417978429122305,3.70396952902364,3.70396952902364,2.0048700846529353,1.0,0.0,1.0,1.0,0.0,1.0,0.07961239141167072,0.26619669775287047,1.1765502962881889,2.469302342838586,0.283462285986422,1.115528908828912
1,6.0937152487734725,5.583342778752325,5.583342778752325,5.4075970552216255,1.0,0.0,1.0,1.0,0.0,1.0,1.637277947210542,0.6015049708682162,-0.19055898776155533,2.4019320631922816,-0.08355200653811073,0.40219931780115514
0,1.4278548965606448,0.9346337187495245,-1.1916315818793972,0.9346337187495245,1.0,0.0,1.0,1.0,1.0,1.0,-1.3156465221455234,0.3278235210328051,-0.5811983853491041,-1.7866360341827683,-1.4887109201095,-1.1964201526780107
1,2.6389668371758837,0.06567505126449724,0.06567505126449724,4.660815016738341,1.0,1.0,0.0,1.0,1.0,0.0,-0.2085467944074975,-0.4735127646534869,-2.3980348948718775,-1.8346504850682854,-1.943962978398773,-0.7954279442781722
1,0.6231906202233659,0.7128864180505418,0.7128864180505418,1.819022394653908,1.0,1.0,0.0,1.0,1.0,0.0,-1.8562930213787274,1.104018157704512,-0.12528095608320844,0.7344438164849322,-0.7829257252177054,0.45166479606234566
1,6.5127473785791015,4.533023238309975,4.533023238309975,5.506853563449559,1.0,1.0,0.0,0.0,0.0,0.0,0.7810402478955645,1.1797536812974114,-2.302693152604232,0.7914666298481208,-1.160853818785207,0.25889411885777514
0,0.9995878725537501,1.223953573989205,-1.262809789366466,1.223953573989205,0.0,1.0,1.0,0.0,1.0,1.0,-0.6357528782471263,-0.4644048411748548,-0.08607656901875527,-1.2103378326715275,-1.4885787056203228,-0.03661053419357807
1,2.424114690559797,2.8794413050153036,2.8794413050153036,3.4864744776121968,1.0,0.0,1.0,0.0,1.0,1.0,-0.3120609607863581,0.13288366782574615,0.5204423958861237,-0.31996344243351654,0.6004035484992609,0.9662390826139502
1,3.3853953019305902,0.8277184437574272,0.8277184437574272,3.712092490047204,0.0,0.0,1.0,0.0,0.0,1.0,1.3012871800520882,0.5869373346944282,0.8199567052388418,-1.0700230500150307,0.7728897165097368,0.07333802807837497
1,0.9642928583982178,1.4475581792985899,1.4475581792985899,2.420056384117249,0.0,0.0,1.0,1.0,0.0,0.0,0.3669654338068596,0.546552180170965,0.021948275912814535,-1.0526829343093365,-0.21164655358949097,-1.044522841377967
0,3.2840476711079463,4.196595606724029,2.0773526290871214,4.196595606724029,1.0,0.0,0.0,1.0,1.0,1.0,-0.25995419960434385,0.745138324813738,-0.0970941834359419,0.3166187590105177,0.4216580475096456,0.562184761871517
1,1.9579398831822632,0.9284577856885491,0.9284577856885491,1.1675232592416083,0.0,0.0,0.0,0.0,0.0,0.0,0.8825146745847592,-0.9588701315834813,-0.11610140191421939,0.1792623785756021,-0.44139823984785326,0.18487784629285886
