1,5.4765002392566355,3.3583408741035288,3.3583408741035288,5.608661649742561,1.0,1.0,1.0,0.0,0.0,0.0,1.0123948124659277,-0.29949959146032623,-0.1303312756965996,1.14878159105644,1.4431433080180578,0.43927294958709945
1,1.2105793276954544,1.1891714388892383,1.1891714388892383,0.44135111654559656,1.0,1.0,1.0,0.0,1.0,0.0,-0.41626201079166014,-0.09129221803810444,1.042996918915839,-1.196275815307207,-1.084783804316233,-0.7261961336773819
1,0.5594939204966649,-0.5834300040218402,-0.5834300040218402,0.4048962112285224,1.0,1.0,1.0,1.0,1.0,1.0,-1.0789821365626804,-0.5104498202322926,-0.7978706190035025,-2.0040207294550374,-0.7870784348121852,-1.4894204227635308
1,5.95737639555481,1.3160948925819695,1.3160948925819695,4.643520901155392,1.0,1.0,0.0,0.0,0.0,1.0,0.26772920583446247,0.6337352289354728,0.8938592398144295,0.9630122666439483,0.0690933279172426,0.3763738468524182
0,3.0244129862349776,3.790188168128904,1.5962345037801369,3.790188168128904,1.0,1.0,0.0,1.0,1.0,1.0,-0.9304494624642803,0.5776898625530379,-1.4449652283907048,0.5771959509058762,-2.467533219620167,-1.0499322290525424
1,6.468066684352987,3.427803144128932,3.427803144128932,6.841183019047978,1.0,0.0,0.0,1.0,0.0,1.0,1.6825104065847312,1.466630623764078,0.522007391437874,0.2663739547672896,1.4657820895730718,0.7488775268260959
0,0.23025826564533936,-0.15283979617920496,0.9938909788912415,-0.15283979617920496,0.0,0.0,1.0,1.0,0.0,1.0,-0.3131171752171506,0.4507319788133106,0.7694871354337933,-0.9452065089509916,-0.19555575342649234,0.3078645049694669
0,0.31800538301115955,2.1379972163130727,0.608596293781818,2.1379972163130727,0.0,0.0,0.0,1.0,0.0,0.0,0.05914192894037451,-0.20301630649018204,0.7596715953352504,1.7747416545082624,0.047959478170349595,-0.19758215945639807
1,2.3707553951880556,0.9405102760619413,0.9405102760619413,2.441954296452316,1.0,0.0,0.0,0.0,1.0,0.0,-0.2295819214368698,0.42975686799752383,0.2719763837539234,0.7377458379399929,-0.7714858291785016,-1.3928685424875655
1,3.5174530497267305,4.09920308162364,4.09920308162364,4.015963241905638,1.0,0.0,1.0,1.0,0.0,1.0,0.9058363852077421,0.07588637087131184,-0.6571159925369354,1.191118307136913,0.5809445569186404,1.2228798431841488
1,0.6601743835101953,-0.3994090179748977,-0.3994090179748977,0.3265766891924625,0.0,0.0,1.0,0.0,0.0,1.0,-0.7669458573478499,0.43091569061121515,0.3016054193193214,0.25057686516754135,-0.26954884157589726,0.7690665314862747
0,0.6324750060302952,1.100019475609014,1.9178536822954184,1.100019475609014,0.0,0.0,0.0,1.0,0.0,0.0,-0.20021656601939242,1.1707901350055876,-0.23775648327212606,-0.8451175282524421,1.0658785280971412,-1.7574109450791011
0,2.7514463380169474,4.188021108445598,1.16227069159137,4.188021108445598,0.0,1.0,0.0,1.0,0.0,0.0,-0.16096344059996098,0.6767776582388283,-0.5495284073812081,-0.5762083464012621,0.27461980798974683,1.309104005119536
1,6.671836996952124,2.0274228194330948,2.0274228194330948,6.135218769984371,0.0,1.0,1.0,1.0,1.0,1.0,0.5097758649277078,1.026436588029461,-1.2331160797342493,1.1484786961784983,1.339663536478423,-1.4431525894984145
1,1.8311605106111664,1.9624334023893861,1.9624334023893861,1.2219692394656416,1.0,0.0,0.0,0.0,0.0,0.0,0.2763978693201517,-0.06549103661138506,-0.33824657360829025,-0.9734183626905586,0.7691849794681221,-0.30232698669103303
1,1.2450508506289812,0.5710311753543496,0.5710311753543496,-0.3024572024160872,0.0,0.0,0.0,0.0,1.0,0.0,0.6295317328679729,-0.39561972395051864,0.8758343215730369,-0.03675695608373841,-0.3456545062583982,-0.4662048582397772
1,4.161810166297317,1.2381466791419902,1.2381466791419902,4.2413216998264245,1.0,1.0,1.0,1.0,0.0,1.0,0.038523029099528636,-0.5699485684619096,0.08801960905270342,-0.2638234899307371,0.2192304450464284,-0.6557066283912372
1,-0.7611767827053605,-0.40151155989210474,-0.40151155989210474,0.4271123647366484,0.0,0.0,0.0,0.0,1.0,0.0,-0.9118626333473475,-0.6836696660944763,-0.25202059356191253,-0.17711026091991913,0.5649440643084471,1.0312835506331393
1,2.507260124263052,1.1377986430954898,1.1377986430954898,3.2990480993049776,0.0,0.0,0.0,1.0,0.0,0.0,0.030225905052723042,1.1199669818230027,2.123522667280077,2.1381157759156975,-0.3365084507305873,2.2140622762488285
1,2.9997606056354797,1.849860472633873,1.849860472633873,1.7394221766651663,1.0,0.0,1.0,0.0,0.0,0.0,-0.5582265392839726,-0.4838478390190535,-1.4540713441845936,-0.35559973815763746,-1.6825675163849718,-0.17108084224081022
0,-0.10671480147616608,4.571509168264156,3.595162085655801,4.571509168264156,1.0,0.0,0.0,0.0,0.0,1.0,0.5521299872096773,1.0833523981547186,0.07289703408933161,1.1957718081660405,0.14687983665351634,0.510724550327684
0,-0.053128635058732554,0.033715294194390066,-1.6733266260863677,0.033715294194390066,1.0,0.0,0.0,1.0,0.0,1.0,-1.5411833044325203,-1.2825691892985287,-1.422192214859337,-0.8719118987472915,-0.1814529128205643,-1.581588164387664
0,0.08113162156695139,1.2514907569162625,-1.3325318784699616,1.2514907569162625,1.0,0.0,1.0,0.0,0.0,0.0,-0.43327587329243894,-0.602827690358495,1.3823002210964366,-0.19269587438004143,-0.07449816990656594,0.23210449692687862
1,4.907994319434258,1.996181378288177,1.996181378288177,4.0232781122264845,1.0,0.0,0.0,0.0,1.0,0.0,1.5482385352992403,0.8544169972444025,-0.2889775884727422,-1.1212838364684605,0.8402370359641279,-0.3508383032358746
1,-0.1853303993556248,1.3774929143753845,1.3774929143753845,1.0119942196053628,0.0,1.0,0.0,1.0,1.0,0.0,-0.3473919640791531,-0.41566391443026,-0.2781059061427632,0.6792987596096233,-1.0341397405470159,0.8270535051043694
1,2.3995973389810272,2.194769919372127,2.194769919372127,3.4523008850609225,0.0,1.0,1.0,0.0,0.0,1.0,0.23838993709465137,0.9194124956673595,1.2654342796391511,0.2735371927902359,0.5120244400096425,1.424995581144672
1,2.605783755405537,1.9506724916722984,1.9506724916722984,4.991528519456602,0.0,1.0,0.0,0.0,1.0,0.0,1.496528352370536,-0.022267882825441676,0.6826744138849549,1.1126782440173653,0.8067573613015823,0.511787523549039
0,-2.5304825983601065,-0.9016892975548831,-1.8754511351083543,-0.9016892975548831,1.0,0.0,0.0,1.0,1.0,0.0,-1.3099258058322238,-0.636571092327365,0.12933934148077367,-1.7161911334551156,-0.7074328903062814,-0.8299121793920115
1,1.6224027762587832,0.20068792202863217,0.20068792202863217,3.7452783801388017,1.0,1.0,1.0,1.0,1.0,1.0,-0.9778578063298422,-0.3106794975055299,-0.5828770456068335,0.08570629987769246,1.3963317111075733,0.06337870918130711
0,2.506676016075747,2.073123240174788,1.379874389474851,2.073123240174788,0.0,1.0,0.0,1.0,1.0,1.0,-0.7811136866416825,0.7242669982495746,-1.8523930710445775,0.37544329415428085,-1.614132741713493,1.0061387026143511
0,0.43278853516541194,-1.3757193940746366,-1.1937667548884174,-1.3757193940746366,0.0,0.0,0.0,1.0,0.0,0.0,-0.3763475117808135,-0.5855058303226552,-1.1047792699238435,-0.16759888234200015,0.9675618022874729,-0.8470567025311335
0,-1.5097046088811221,-1.3278861694225488,-0.31530692530183635,-1.3278861694225488,0.0,1.0,0.0,0.0,1.0,1.0,-0.9422387124283091,-1.4283139470988615,-0.2540128553024513,-1.1235104811017538,-1.6640947136184177,-1.4011235695815
0,3.2049870599036447,5.656753627001927,1.0113585053455165,5.656753627001927,1.0,0.0,1.0,0.0,1.0,0.0,0.5606756657354136,0.013769443771054178,-0.47156427823351627,0.03646973936766161,0.9654846678917356,-0.8504915866651007
1,1.6906282024079518,1.5653797573951187,1.5653797573951187,4.505606822124728,0.0,1.0,1.0,0.0,0.0,0.0,1.247289675415861,-0.25189407879457204,-0.2497043134575672,-1.1014508558317135,-0.45125938602557814,0.32707568857760994
0,-1.4334537055532817,1.621947021867349,0.27182458123222986,1.621947021867349,1.0,0.0,1.0,1.0,0.0,1.0,-0.739883409528581,-0.7000826589401135,-0.7434668807143126,-0.7321884579056089,-1.4372225550117295,-0.7620412495089092
1,5.241767992220527,3.204691667360159,3.204691667360159,5.456062165028671,1.0,0.0,1.0,0.0,0.0,1.0,1.4889383260288016,-0.6375885603259184,0.23736463776130434,1.0902373495771478,-0.5457966794731142,-0.4970701997624113
0,1.4485602760126133,1.8030025424568343,-0.34141493951578683,1.8030025424568343,1.0,1.0,0.0,0.0,0.0,0.0,-0.31333461101439214,-0.23699939317955107,0.49192090083641143,1.2509657239729273,0.35148014330276894,-1.5239289197037946
1,6.992595730522542,3.0735718307968574,3.0735718307968574,7.54757454981555,1.0,1.0,0.0,1.0,0.0,0.0,2.006482246090059,0.36643208788527937,2.742070912518461,0.48940599183551936,1.3468656882083314,1.4006018739694586
0,-0.09822018253200454,0.40268247773416815,1.0409093244670824,0.40268247773416815,0.0,0.0,0.0,1.0,0.0,0.0,0.05181245264733031,-0.5439477611804613,-0.5308939039093853,0.9023811899680981,-0.4301418496167809,-1.1296097040780366
0,0.8434745565757914,1.3696311189435457,0.9516361667947281,1.3696311189435457,1.0,1.0,1.0,0.0,0.0,1.0,-0.4762950384920853,-0.5471484254572937,1.4454855907767143,0.08743435094420288,-0.08677343342673866,-0.796343105068021
0,0.5708558658137204,0.7973014397010523,2.5013965223119157,0.7973014397010523,0.0,0.0,0.0,0.0,0.0,0.0,-1.4686605927959087,1.2126365837515638,-2.7070277000194203,0.36847022150368236,-0.3110959287418422,1.3103130524576596
1,6.3484977552039945,2.5109044223430845,2.5109044223430845,4.619438707215574,1.0,1.0,1.0,1.0,1.0,1.0,0.044057040786301974,-0.3718627032976591,0.2562679828002928,0.31685988261074566,1.455036188231698,-0.10500100947986751
1,2.1031606177812416,0.9890124242,0.9890124242,1.9426576683528498,0.0,1.0,1.0,0.0,0.0,1.0,0.2532869169358365,-0.7411992400425751,0.323816106151027,1.0343089444615399,0.2704077202603663,0.5694419616404558
1,-0.6047360188352244,-1.7215583000067494,-1.7215583000067494,1.1609431736496743,0.0,0.0,0.0,0.0,0.0,0.0,0.35593085983803807,-0.5275977139767789,0.7774319215215603,-0.24769031972146965,0.2901794698700449,0.7703402946596174
1,3.98101914108245,2.548023762299709,2.548023762299709,2.9583586708473453,0.0,1.0,0.0,0.0,1.0,0.0,1.6671236467571635,1.1326754974852387,1.5606643075926145,1.120299122837851,-0.07354538388552245,1.7580393272959411
1,2.146133028279629,0.22382731486942747,0.22382731486942747,3.2615358065521973,0.0,0.0,1.0,0.0,1.0,0.0,0.4761979774998316,-0.2650927157425013,0.7330079269642908,0.0895142822704546,0.17534650419305964,0.6676210806859229
0,-0.619390257652097,0.20034229855072944,-1.712484455700987,0.20034229855072944,0.0,0.0,1.0,1.0,0.0,0.0,-0.3620456090750557,-0.9286833364353567,-0.159389798540296,-0.25912104668407965,-0.6194124473763651,-1.1938245719543255
1,2.3124589091015575,0.3334253542451186,0.3334253542451186,-0.21297756077932295,0.0,0.0,0.0,0.0,0.0,1.0,0.8629385843665657,0.6787333720751632,1.7523249027572776,0.30793468915661315,0.2224700142372854,1.1911107440259585
0,-2.0212964470780292,2.1364655350775497,-1.5835083235159688,2.1364655350775497,0.0,0.0,0.0,0.0,1.0,0.0,-0.8783072128711874,-0.16008096821893217,-1.5150670385001992,-0.333792268859237,0.37332219221761936,1.5524644897969808
1,2.335084074682977,1.5638924554731353,1.5638924554731353,3.915260699366853,0.0,1.0,1.0,1.0,1.0,1.0,0.45868826247251904,0.6504390537672411,1.3345781908696006,0.39543843474371415,-1.1255983332284287,-0.8655857909263844
1,4.307193357367254,2.8961475086116044,2.8961475086116044,4.907126143603652,1.0,1.0,1.0,1.0,1.0,1.0,-1.7905314934620862,0.7984947572072147,-1.1312945551605489,0.07031382004288894,-0.8366139861426792,-0.5218821849869406
0,6.11775171619269,8.772187807542469,6.38627742931901,8.772187807542469,1.0,1.0,1.0,1.0,1.0,1.0,1.6932942272514215,1.6520231687102005,1.117159111423215,3.1016289245212207,2.311004518948865,0.40967815413958597
0,5.633801269496991,6.271918179143626,3.670688707913942,6.271918179143626,1.0,1.0,1.0,0.0,0.0,1.0,0.10411918065520769,0.5633167007584089,0.4103700752498636,-0.2963311532262425,1.173752615049112,3.364822662265074
1,8.00628693924612,4.721860961330001,4.721860961330001,6.579541275682155,0.0,1.0,1.0,1.0,1.0,1.0,1.9549867666527645,1.3208004189425642,-0.29676290817269424,0.495396114296828,0.9370630545575569,1.1125384153557492
0,1.4922493630541598,0.23095120750119302,-0.45056710798139943,0.23095120750119302,0.0,1.0,1.0,1.0,0.0,0.0,-0.45722311984675207,-0.45435835429904625,0.7292129564874765,-0.18856004527529124,-0.01786454421437733,0.8117838872121468
0,3.169854974537192,3.7061280155401546,0.11788678193418334,3.7061280155401546,1.0,1.0,0.0,1.0,1.0,1.0,-1.0109756226691025,0.7184526264030064,-0.9917995041854811,-1.033584072793223,-0.6993795544856034,-2.2792294789045124
1,0.33685382404645053,-0.3572741743115314,-0.3572741743115314,-0.8590667756380688,0.0,0.0,1.0,0.0,1.0,0.0,-0.8266982311675499,-1.2835199225762464,-0.4304357661542783,-0.004928150404955395,0.9394984778006719,0.3518044491364435
1,1.5759242621930813,0.551071386749888,0.551071386749888,2.255742238409683,1.0,0.0,1.0,1.0,0.0,0.0,-0.19283099182445948,0.29549443486218674,-0.3005896226595485,0.11474389975362355,-0.14861293404150006,-0.5707634731490729
1,2.143941300667943,0.7627914672411966,0.7627914672411966,3.5575139938681994,0.0,0.0,1.0,0.0,0.0,0.0,1.227079413093679,-1.3734018787202358,0.13735420849943605,-0.10381367789919921,0.19670163209106495,0.5432955733671609
1,2.5846196831956227,3.9464397415590957,3.9464397415590957,4.686418063280693,1.0,1.0,1.0,0.0,0.0,0.0,0.34037328953975216,0.010897477248340892,1.8722876041755996,1.4883939924451899,-0.2817081083609343,-0.15169909418958838
0,2.159765399514566,3.3949880383233824,2.314070531632977,3.3949880383233824,0.0,0.0,1.0,0.0,1.0,1.0,0.5414502384835965,0.7571859923548934,0.58792995254337,1.7912516247075807,0.5752544341028869,0.9425005256054462
1,-0.5028762411195415,-0.23559380636217742,-0.23559380636217742,0.057586480241863316,0.0,1.0,0.0,1.0,1.0,0.0,-0.2499803635261484,-1.0841990064747913,1.045195558853882,-1.3874767330574733,-0.3588334469439379,-0.7650776702866626
1,4.756550910271257,1.0934614864832954,1.0934614864832954,6.28093290526931,1.0,1.0,1.0,1.0,1.0,0.0,0.906502883706272,1.7779648816934945,2.278649191963333,-1.124122523266968,0.8197002672256775,1.0668421590366046
0,-0.04400914251889454,1.295195452219107,1.4761753680619503,1.295195452219107,1.0,0.0,0.0,1.0,0.0,1.0,-0.3373046017308362,-0.5645419714464434,0.360678688185288,2.0135083085530128,2.3407070354235087,-1.217417168623352
0,-4.012064826881084,-2.018724021684491,-4.740880748549363,-2.018724021684491,0.0,0.0,0.0,0.0,0.0,0.0,-2.1483324982512166,-2.069751055765966,-2.2346990243541076,-0.5575872730669273,-1.8909910423801723,0.04108480877018561
1,3.4998877380601074,1.5484951574462376,1.5484951574462376,2.611581806933426,0.0,0.0,1.0,0.0,0.0,1.0,0.31433279010265647,1.4404294115355696,2.4091460823861617,1.4432557681592475,0.44272035783484154,1.876478918966627
1,3.113391960417709,-0.9074738010507643,-0.9074738010507643,1.506962451630026,1.0,0.0,0.0,0.0,0.0,0.0,-0.07688989320072143,-0.0632954193694451,0.2296881885246324,0.22386652257866535,1.1912278330465034,-0.7568030550970605
0,1.569892157140149,3.9301730720501706,2.192630760671631,3.9301730720501706,0.0,0.0,0.0,0.0,0.0,1.0,-0.2234654081084402,1.7001666778873439,-1.5752632013596524,0.26943795005941673,1.1589179716168014,0.5644862400141095
1,5.377977649407609,3.113844216969812,3.113844216969812,3.644698505554923,0.0,1.0,1.0,1.0,1.0,1.0,-0.458281028328904,1.4685266719929133,1.0790066895582728,1.9539484076120053,1.4177298064923014,2.355556055867145
1,2.7222006782066592,2.254977397269931,2.254977397269931,2.892704886856352,1.0,1.0,1.0,1.0,1.0,1.0,-0.18198873818221534,-1.12748978157524,0.643933057051274,-0.635032814655984,2.2141301701664498,0.4145899435070747
1,3.8011776343856214,3.4609539265765736,3.4609539265765736,3.7251799700268022,1.0,0.0,1.0,1.0,0.0,1.0,0.9121764783275222,-0.27820748942531226,-0.14015179608478212,1.089015995586597,-0.6285884731468105,-1.0123921605826587
1,6.578215251852423,4.068142147466269,4.068142147466269,7.810162549258167,1.0,1.0,0.0,0.0,1.0,1.0,0.9132343903339007,2.383561171747141,0.8736776012216461,0.4819699263062164,0.12529606507576857,-0.8753022174623638
1,1.4164815584592316,0.6051025307100445,0.6051025307100445,0.0038734691925683684,0.0,0.0,0.0,0.0,0.0,1.0,-0.3024086746758913,0.6759826841619501,-0.055957679785549,-1.2661902052747502,1.2208863723429686,-0.6305062799466459
1,3.700021161137012,-0.1531751154576355,-0.1531751154576355,4.506607974880926,1.0,1.0,1.0,1.0,0.0,0.0,-1.1832685531047606,1.3069333778754548,0.37044014330896324,-0.347225462699491,-1.6201555283775355,-0.4117392902759792
0,0.8431745929712318,1.1874929726724484,0.9458991973646583,1.1874929726724484,1.0,1.0,1.0,1.0,1.0,1.0,-1.3908810095549604,-0.7734187323961852,0.7797297779451946,0.18184145119597528,-0.7091887074082392,-0.7291231133518974
1,0.8734419414522114,-1.7346701640716287,-1.7346701640716287,-0.4298557953616869,1.0,1.0,1.0,0.0,1.0,1.0,-2.2375618856096775,-0.40221713981584983,-0.7456504569233982,-1.4778091877537696,-1.7983857223038777,-1.439922341812027
1,3.2643770149899023,0.9985594906839829,0.9985594906839829,3.420808862727587,0.0,1.0,0.0,0.0,0.0,0.0,0.48970919145333147,-0.5974745362460203,-1.9204109099850184,-0.9493923783350189,-0.4786610979638206,0.9230307711310812
1,4.024730549070614,3.653343495686623,3.653343495686623,5.486110586531801,1.0,1.0,1.0,0.0,1.0,1.0,0.8684981930083653,-0.47162633927492553,-0.4917807712941413,0.01683757083402751,0.09980400055853611,0.6896750723402046
0,2.418941196938017,2.1312235896868463,2.2328929539531623,2.1312235896868463,0.0,0.0,1.0,1.0,1.0,0.0,-1.2710014629983521,1.6489287365648855,-0.6074755818499236,0.9697960279779969,-0.7512272460892662,-0.6501292195869625
1,6.771859043605298,1.7081732929515805,1.7081732929515805,3.968961141837446,1.0,0.0,1.0,1.0,1.0,0.0,1.3276388312880694,0.874457620546942,1.1131668408199413,1.1171805765130487,0.3586522579411251,-0.07592093777405784
1,3.108000056154208,0.980560823253753,0.980560823253753,2.670067728709136,1.0,0.0,0.0,0.0,0.0,0.0,-0.5256320914774469,0.5750054644568532,-0.9050973125518811,0.06610482372654858,0.13828023675014534,-0.03494455467449076
0,0.12948385537376073,0.8171630665969347,1.53862215507657,0.8171630665969347,0.0,1.0,1.0,0.0,0.0,1.0,-1.2711222658910628,0.5153106809059183,-0.11315254620013726,0.9060798757499349,-0.20642369474650862,-1.343259072077692
0,6.226951825599537,8.493099278120349,4.836429243870425,8.493099278120349,0.0,0.0,0.0,0.0,0.0,1.0,3.794875289305925,0.9823710396625207,0.8191665975215346,1.917202004613789,2.2022497283841735,2.832350948213431
0,-0.05550078248980528,1.5138192415219656,0.17856961131804294,1.5138192415219656,0.0,1.0,1.0,0.0,0.0,1.0,-0.9519985188843789,-1.1774496790140219,-2.8995461472445987,-1.2074233607631004,-0.6579483887942841,0.1696724791876134
0,0.45784067246840543,0.8883688137447776,0.2718606517995853,0.8883688137447776,1.0,0.0,1.0,0.0,0.0,1.0,-0.8795162636817566,0.7521294917042732,-0.26654717152413476,-0.47030329581445074,-0.08346514997130275,-1.5418339836235093
1,2.225390135659495,0.35938409450455233,0.35938409450455233,1.8343044262382355,0.0,0.0,0.0,1.0,0.0,1.0,1.6398377523373546,0.3572745317917193,1.2068748064177504,-2.3441079486472742,0.02850018812546362,0.3048842361968612
0,3.3156579677206257,5.568508327532373,3.3329128420862784,5.568508327532373,0.0,0.0,1.0,0.0,0.0,0.0,1.9553787360652921,1.758205042601547,1.759607945161041,1.8943660204767032,0.4013317923962848,0.951220136488168
0,-1.2255479809951544,-0.02260602841230297,0.07456030313628381,-0.02260602841230297,0.0,0.0,0.0,0.0,0.0,0.0,-0.14082949293627436,-1.5427600512512372,-0.5849992220950215,1.0424280940172475,0.49654304752020173,-0.301978936958221
1,3.8694457447100636,5.2149590126751395,5.2149590126751395,5.865458660816109,1.0,1.0,0.0,1.0,1.0,1.0,-0.33092387160622744,0.4833587635835589,0.10845015702463918,1.752578722014729,0.5301156987366944,0.3025146818002704
1,2.1557886716962584,0.9439225632485078,0.9439225632485078,2.1561301609232895,0.0,1.0,1.0,1.0,0.0,1.0,-0.6957639377475491,0.3126202696580743,1.5029736440573003,2.085079477891978,-0.12695986543122206,1.0528345217916928
1,2.165061655065515,1.153240760487568,1.153240760487568,1.529567728391728,0.0,1.0,1.0,0.0,0.0,0.0,-0.2187915911424432,0.578252668804305,1.4672531988894484,0.7505156327370619,-0.33123101990004145,1.221782725882078
1,4.83103748441579,3.313217755940876,3.313217755940876,4.545227514968462,1.0,1.0,1.0,1.0,0.0,1.0,0.2678098833446004,0.7266068586601883,-0.39606640568595625,-0.042343519017369546,-0.4676813358143909,0.3881707457532143
0,2.6902883112284863,6.82702613772215,0.992952596753713,6.82702613772215,1.0,1.0,1.0,1.0,0.0,0.0,0.01111639454750736,0.9970648254266401,0.6306613647460905,-1.1741852005490443,-0.6995974097115775,1.1683008790308833
1,3.724460566847124,2.0433298561630986,2.0433298561630986,4.032273233905576,1.0,1.0,0.0,0.0,1.0,0.0,-0.2365267254292582,1.1546339524364762,-0.4235422315792194,-0.9699211399461378,-0.6784908806336928,0.07438725451636678
1,2.1261612582712153,2.664774755047244,2.664774755047244,1.863626681542566,0.0,0.0,0.0,0.0,0.0,0.0,0.0855017800952204,0.41106716159408274,-0.13517895207803776,1.3195806986636796,2.858079488503842,1.9745105462114418
1,0.8387413045889287,-0.7463715770590607,-0.7463715770590607,-0.509966743649642,0.0,1.0,0.0,0.0,1.0,0.0,-0.6293080742623733,-0.15267280385723947,0.10011538136882692,-0.2165128229346615,-1.2610739782073526,-0.8520305894680427
0,-0.4902823482440588,1.0158747400448065,0.21844185553712847,1.0158747400448065,0.0,0.0,0.0,0.0,1.0,0.0,-1.2041970603920633,0.3235061313290607,-1.4879431046091378,-2.0115030978384167,-0.6670133885530679,1.375611041073847
0,-1.0913365853447135,-0.45617436978175374,1.0193799704904174,-0.45617436978175374,0.0,1.0,0.0,1.0,0.0,1.0,-0.42612580597568955,-1.3479293956947302,-0.7684556371568562,0.34977093228710154,-0.6764653894840008,0.5528878486613644
0,1.7711337422316258,3.40428894140597,3.4496165568900725,3.40428894140597,1.0,0.0,1.0,0.0,0.0,1.0,0.1027977650034301,0.1842500988825656,0.8134093165775446,1.151306820770338,0.43659747848734787,1.4046246898658281
1,3.325302738729846,3.592876778520109,3.592876778520109,2.7284439801033367,1.0,0.0,1.0,1.0,1.0,0.0,0.30654620041702346,1.1533397317790475,1.3453763554287652,0.4997237738149465,-1.3614983698634568,1.5374283549588421
0,2.2427704984170296,3.368714652427263,-0.1643896662161295,3.368714652427263,1.0,1.0,0.0,1.0,0.0,1.0,-0.6054547617196273,-0.11987455239769806,0.11715120964786623,-0.3190677902999338,-0.2970492158534447,0.23358203479879466
0,3.0608633628798296,3.2396359191493467,3.08665996498728,3.2396359191493467,1.0,1.0,0.0,0.0,1.0,1.0,-0.6086730854625285,1.5194069630990024,-0.8124516991759907,-0.10958400919126732,0.4512702270755514,-1.933985556330176
0,3.175968968911889,4.422242558190019,2.1773981426444577,4.422242558190019,1.0,1.0,1.0,1.0,1.0,1.0,1.0038915061096934,0.43665593622944154,1.6169851063024672,0.08033788902818419,1.522295502615723,1.4134000191306013
1,3.828986517842438,1.8478447793030432,1.8478447793030432,4.842214610974894,1.0,0.0,1.0,1.0,0.0,1.0,0.1957207446530492,-0.0075425934428337005,0.7292277828357329,1.2063523509172578,0.13826816915961132,1.1885982168101683
1,1.8519249851390316,2.328792800636762,2.328792800636762,2.929005925080833,0.0,1.0,1.0,1.0,0.0,0.0,0.04048682789692705,-0.5273395155021364,-0.7404443460825558,0.30600737714372084,0.5694944758488936,0.303346761634632
1,8.076764699473049,5.123576781970261,5.123576781970261,6.725908309336957,1.0,1.0,1.0,1.0,1.0,1.0,0.5520709709819489,2.130358929630101,-0.6658424039938532,-0.16360929056111811,-0.3498181766808142,0.5643635082940701
1,2.2181319301305877,1.838766317888584,1.838766317888584,3.3880943320056884,1.0,0.0,1.0,0.0,0.0,0.0,-0.28888447591073807,0.11723095636843776,0.8275507517224304,-0.06278272202266413,-0.014676301528593824,-0.5674170085097904
1,3.7292253761426473,2.8946029507073234,2.8946029507073234,4.2173697714855765,1.0,0.0,1.0,0.0,1.0,1.0,0.942017352888582,-0.388972284119643,-1.0254715343708896,0.3324665727834124,0.39462253960302224,-0.6351538477446831
0,2.2580765214475527,0.06305864522111493,0.4667530362994683,0.06305864522111493,1.0,0.0,0.0,1.0,0.0,1.0,-1.1154494791635046,0.7276969949940825,1.8860041583990559,-0.44044509522524566,0.7737352981281757,0.28838312910785757
0,1.4487118180146186,3.243238998794793,-1.3118266452953258,3.243238998794793,0.0,0.0,0.0,0.0,0.0,0.0,1.8714529574595755,-1.3049586394888257,0.34313255430533063,0.42398414277254215,-1.6984651260661354,-0.4065020096826609
1,2.666831933442252,2.0626730129239417,2.0626730129239417,2.260416620047944,0.0,0.0,1.0,0.0,1.0,0.0,0.7092939529047819,0.6347860390405473,0.7434849454708328,0.27025377786986227,0.13593406969017358,-0.13235415716392845
0,-0.3443192944630469,3.5882937803120987,2.130338764188778,3.5882937803120987,1.0,0.0,0.0,0.0,0.0,0.0,-1.0026884182568665,0.8747659056972561,-0.12856508734126482,0.6780128881122012,-0.41004906924754103,-1.0845935264362234
0,2.7246966925468947,3.8189989716507684,5.384558541239999,3.8189989716507684,1.0,1.0,1.0,1.0,1.0,1.0,0.28838690599819633,1.2429037901496591,0.10771568242893001,-0.06425761613435377,0.9283239016783181,-2.4168147960695663
0,1.5026527534280696,3.9803219129578613,1.3888342642471887,3.9803219129578613,1.0,1.0,1.0,1.0,1.0,1.0,-0.739725346650277,0.21721296846200738,-0.6518511552733601,-0.32576672523788375,0.44084663500840277,-0.16967956879743445
1,0.6485785824113259,-0.021198419123059864,-0.021198419123059864,0.9383702960594814,1.0,1.0,0.0,0.0,1.0,0.0,-0.8857641815007857,-0.8312446277667993,-0.7738023562138799,-0.5654118083086015,0.7660192966722672,-0.4530111675560188
1,7.46867086517429,1.8912628778905156,1.8912628778905156,6.335343107104495,0.0,1.0,1.0,1.0,0.0,0.0,1.2055915872925729,0.9120880465983755,0.9237272363755236,1.2357030143746093,1.376635433877024,0.3594351395807517
1,0.2754348008905687,-0.9178040894710527,-0.9178040894710527,-0.35385360904416574,0.0,0.0,0.0,0.0,0.0,0.0,-0.13064063916753998,-0.39190828343716944,0.6859975350956801,-1.0082853492565245,-0.9886253398232626,-0.20854274377761603
1,2.30518887074578,1.6443350947780735,1.6443350947780735,1.8395784400600803,0.0,1.0,1.0,0.0,1.0,0.0,-0.3052995303658568,0.27003208853744287,-0.2715357175445319,-0.3650007505015023,2.309962780538682,0.20802522439704813
0,2.0396536770582467,3.269348435208627,1.0180712983755709,3.269348435208627,0.0,0.0,1.0,0.0,0.0,0.0,-0.2738757309630017,1.719168793406712,0.3946424249280305,0.48990381474407163,1.0187921625275131,1.2101220679821807
1,5.3586561996924225,2.756452208243493,2.756452208243493,6.331024819576586,1.0,1.0,1.0,1.0,0.0,1.0,1.0463604833038842,-0.5185778217682596,0.049878234278659575,0.14880676160536538,-0.46704811026283394,0.7791466394837414
0,-2.5465862177662646,1.0837653652940316,-0.3385243680814565,1.0837653652940316,1.0,1.0,1.0,1.0,1.0,1.0,-1.9429621538942397,-0.729420605865418,-0.03738500212893081,-0.12721563943014072,-1.5775970426200565,-0.06861638118046565
1,3.6724079680349972,2.704550299600079,2.704550299600079,3.3135244946995352,1.0,0.0,0.0,1.0,0.0,1.0,0.9951724439941856,0.390526579261431,0.8916398788636117,1.1732027432946532,0.5836316979324649,1.041428599767646
1,4.93298528630589,3.9889623311703404,3.9889623311703404,7.292860540472638,1.0,0.0,1.0,1.0,0.0,0.0,0.752072485788968,1.3401128124105475,-0.434901425366384,0.8264056778686795,0.6174953257227098,1.3736049119157463
1,3.7163083762723264,3.755121600154467,3.755121600154467,4.254061317207896,1.0,1.0,0.0,1.0,0.0,0.0,0.6674368531684298,0.3560422324465496,0.3997365276899217,0.6756236435156974,0.5148339663357911,-0.45354842364597425
0,1.5207594963915645,3.269972307563197,2.9596628686063733,3.269972307563197,0.0,0.0,0.0,1.0,0.0,0.0,0.8151552032287176,1.666643722323117,2.741928953073085,0.6372045373406149,0.6873404925181557,0.23469518937186518
1,-0.7258958653623749,-0.641056271115044,-0.641056271115044,-0.6633929318829236,1.0,0.0,1.0,1.0,1.0,1.0,-1.8071886744639774,-1.6954604336861754,-2.4506507396492374,-1.6796312216813758,-0.647203822622427,-1.6404514727762234
1,2.991896025091076,5.251204373388054,5.251204373388054,3.8931368543060465,1.0,1.0,1.0,1.0,0.0,1.0,1.6617349231713114,0.2701194856781877,1.2701071600390557,1.115857484933918,-0.6876092110968566,0.9128199200869298
1,0.0527066993067411,-2.589006889183132,-2.589006889183132,1.0669892325880734,1.0,0.0,1.0,0.0,1.0,0.0,-0.5421750187851773,-2.5313994076112833,-1.1510615849653363,-0.4752433565345521,0.32482885616413404,-0.8674922779584179
1,1.0668613224079797,1.0237502058823635,1.0237502058823635,2.9168813384185466,0.0,1.0,0.0,1.0,1.0,0.0,0.02711390491091322,0.3203610386981272,-0.45786756196177025,-0.9391038791778752,1.7252864933351455,1.3725868603608817
1,3.198177321394675,3.375603635418371,3.375603635418371,4.640412184752252,1.0,1.0,1.0,1.0,0.0,1.0,-0.6314140568410231,0.026724424357177645,-1.2355818065192368,-1.041321062516387,1.3412531702469324,-0.2821053064272826
0,-0.44385308576446314,0.9516560841771022,-1.0479601229396576,0.9516560841771022,0.0,0.0,1.0,0.0,1.0,0.0,-1.2795110703710388,0.3435284795503846,-1.4624332570171834,-1.6925552066962641,1.6837008021599675,0.9711956164420985
0,1.6949068622626675,5.836299996869691,1.6184735484330302,5.836299996869691,0.0,0.0,0.0,0.0,1.0,0.0,1.391846424729974,0.19628702415210209,0.8919689015192733,1.804878308422108,1.2507073148506653,0.677906582377988
1,2.999137897411693,2.2103588948798785,2.2103588948798785,1.7858886945443462,1.0,0.0,0.0,0.0,1.0,1.0,-0.6555711564229834,1.6321083166248496,1.1247632265264094,0.6669538391782557,0.7572616254165543,-0.647463993309861
1,3.8856923246912465,1.6582270739312004,1.6582270739312004,4.544538577076837,0.0,0.0,1.0,0.0,1.0,1.0,0.11343252970032418,1.7994400913138708,-0.21129182960281034,-0.6956885848806751,-0.6499481973138685,0.9069994202176959
1,3.7692284245938925,3.3142004015707096,3.3142004015707096,7.81547101996969,0.0,1.0,1.0,1.0,1.0,0.0,0.13230204087393246,1.9385526835001339,-0.527595555020731,0.9934522168315256,0.9554171617004522,0.6625988296971973
0,1.73329069305695,2.802730473798634,2.2003601844370286,2.802730473798634,1.0,1.0,0.0,0.0,1.0,1.0,-0.6721517430696345,-2.0794135382374965,-0.8445201348994846,0.019910530970981166,-1.0975703474889977,-0.018555688119667568
1,3.0488896858132972,0.8718544539362781,0.8718544539362781,3.92149085200273,0.0,0.0,0.0,1.0,0.0,0.0,-0.434076825302049,1.6167106889215068,-0.6330278394572006,1.925778568705299,-0.5343080717279588,-0.3876937930795362
1,4.237939688697086,3.7911523724403304,3.7911523724403304,3.8839435235696724,1.0,0.0,1.0,1.0,1.0,1.0,-0.2998832271925209,0.6561824832751724,-0.28169363070835224,0.8743198615785365,0.7154981745657326,-1.1242720142354738
1,3.5643510164168117,1.7713179718116738,1.7713179718116738,2.5417711863905845,0.0,0.0,0.0,1.0,0.0,1.0,0.8818094600082521,0.6002267985744811,1.1483102542440389,-1.558226813673763,-0.07015903560857373,-0.6961858955025482
1,2.772833213794734,2.2437074976368225,2.2437074976368225,4.297270197349926,1.0,1.0,1.0,1.0,0.0,1.0,0.19443072563718525,-1.5136410276874617,-2.1087904407926317,0.17308875580437474,0.050774918928178314,0.6278434157726919
1,2.500507317378297,-0.18592464496018515,-0.18592464496018515,1.890562034315055,0.0,0.0,0.0,1.0,1.0,1.0,0.6533809489688583,-0.648202203416386,0.30017695384003285,0.364090104013707,-0.816054703030147,-0.8429143694072376
1,0.9610341055886259,-0.11600389435327263,-0.11600389435327263,0.5823930602658507,1.0,1.0,0.0,0.0,0.0,1.0,-1.4808910224741796,-0.009449548086490789,-0.3929481122195715,0.3365278944857151,-0.5297213807077957,-0.7901948332068347
1,6.930811257534151,2.0592259065009793,2.0592259065009793,5.805620996312424,0.0,0.0,0.0,1.0,0.0,1.0,2.8897794963932597,0.5189811188116319,1.1060390758485517,2.36196861957771,1.0102022874548973,0.6251520091605545
1,1.892239809296375,1.3962045683112851,1.3962045683112851,2.9372261609544936,0.0,0.0,0.0,0.0,0.0,0.0,0.45723511034205966,0.7140664404855082,0.38899277070449395,-0.48320917578790956,0.5445574481945837,0.6376163675635648
1,4.421145075799532,2.211030595683074,2.211030595683074,4.637132738003633,1.0,0.0,1.0,1.0,1.0,1.0,0.35441884936988094,0.04364716962417495,0.17430828761191614,0.3172958887786783,-0.21594668434640668,0.2887213203493141
1,7.378080399717908,2.5938054562440533,2.5938054562440533,7.0951485442941316,1.0,0.0,0.0,1.0,1.0,1.0,1.6548865853217014,0.7871947469833332,0.6491643031485623,1.323310591654851,0.585707547916533,0.9731288771620028
1,2.434557012938876,0.16568719848744662,0.16568719848744662,2.794297588181363,1.0,1.0,0.0,0.0,0.0,0.0,-0.044406293288573304,-0.7861651699099119,0.881433582103452,0.3341857878215901,0.39952966964092196,-0.34877757740808335
1,0.1132544524040682,-3.7102647997296865,-3.7102647997296865,1.3338853688456094,0.0,0.0,1.0,0.0,0.0,1.0,-0.4145589381314656,-1.986467584310685,-1.1263293896738626,-0.8698183755085337,-2.482722525513514,-0.33175884945483247
0,4.292675957661725,3.748184978740022,-1.6643468439432474,3.748184978740022,0.0,1.0,1.0,1.0,1.0,1.0,0.6081604176213184,0.6706725634707086,0.5604465130219172,-1.055336979621718,-0.4649733687006409,0.21383892573693744
0,3.525850440575419,1.1783227700334886,0.4264989009837936,1.1783227700334886,0.0,1.0,1.0,1.0,1.0,1.0,0.19798657768392064,0.29994168486151845,-0.18651250879660675,-1.4585568580448731,-0.9069154668717236,0.03868929581403174
0,-2.009706267078915,2.5657946271636587,-0.9182543134323679,2.5657946271636587,0.0,1.0,0.0,1.0,0.0,1.0,0.1272854458491049,-2.550235583992007,0.025893153501319155,-1.6159198492978901,-1.2077537008089139,0.4062315292879428
0,2.848702680874526,3.837999192981493,0.6369683163441104,3.837999192981493,1.0,0.0,0.0,1.0,1.0,0.0,0.26160204947558774,0.820056478275631,1.0577976520688412,0.80169112720567,0.6852042074807165,0.21096031690378103
1,-0.018174622839954635,-2.203212969665305,-2.203212969665305,-0.9644819785006318,0.0,0.0,0.0,0.0,0.0,0.0,-2.237734364693149,0.11245803693324097,0.26312160974596144,0.09135460701246129,-1.4803212820513496,-0.10447199005240898
0,0.20504058626585708,0.3153405295889311,-0.43751477231800695,0.3153405295889311,1.0,1.0,0.0,1.0,0.0,0.0,-0.37009207417479595,-0.31309350734212155,1.3539280389571782,-0.03773670596588846,-1.3518032086860474,0.06556171715749541
0,0.26710820350766773,3.712974728028252,0.8581907073685469,3.712974728028252,0.0,0.0,0.0,1.0,0.0,0.0,0.37608667371216087,0.9065398934040427,1.053020643971486,1.1172054211931248,-0.08764447742705661,1.1491458225582396
1,0.6631004778499914,-0.8390287114588815,-0.8390287114588815,1.2853701415304424,0.0,0.0,0.0,1.0,1.0,1.0,0.3873810703617109,-0.37287466074571746,0.4886923664267722,0.4838155683359152,-0.13597132940553408,-0.7824916537468221
1,1.875713717504013,1.2422231052476915,1.2422231052476915,2.411789023514779,1.0,1.0,1.0,0.0,0.0,0.0,-0.3545185370671415,0.597615203196573,-0.24791195677347194,-0.6915669446074644,-0.7806651226613859,-1.6086170804001703
0,-0.3154139621537996,2.400452402396872,2.0808397232072857,2.400452402396872,1.0,0.0,0.0,0.0,1.0,1.0,-0.14567140098419015,-1.2218407628323733,-0.25048344264715455,0.13202240474878132,-0.30389500014180015,1.2864694617562382
1,2.7502593285119894,4.185535247349319,4.185535247349319,2.3218857270271043,0.0,0.0,0.0,1.0,1.0,0.0,1.091484709920037,0.6638532275339433,-0.7119218186548805,1.2222215364372613,-0.2067557802143822,-0.04254738320943348
0,1.389345363160381,3.6611260007330673,1.808050789701885,3.6611260007330673,0.0,0.0,1.0,1.0,0.0,0.0,0.6848997697144168,1.6448391615867806,1.1033618148363862,1.0932276965534495,0.35176036744864436,0.4002788556688402
1,3.524736271403954,1.2124753062231555,1.2124753062231555,2.3239677175106905,0.0,0.0,1.0,0.0,1.0,0.0,-0.10381631549879948,0.47342450113956636,0.302437948230582,0.28922186152120033,-0.24024241208047603,0.23642477996920325
1,5.105566515844321,3.2007125916676014,3.2007125916676014,2.9294314937422534,0.0,1.0,0.0,0.0,0.0,0.0,0.09035718612136183,1.5496552713783116,0.4251073628032416,0.4668543084261973,0.28864093570984606,-0.34838262633131983
0,-0.9802112791646148,0.05763266949355483,-1.0861119499826861,0.05763266949355483,0.0,0.0,0.0,1.0,1.0,1.0,-1.247450636869894,-0.27795166327744814,-0.13695236349489703,-0.1341406750966204,-0.2195122033457865,0.6330178589420997
1,1.3778258573754505,-0.7447454519382806,-0.7447454519382806,1.506139154723154,1.0,0.0,0.0,0.0,0.0,0.0,-0.132494175180715,-1.9942606868443042,0.7301146728346796,0.007935282870261906,-1.237968679813146,-1.1678308730248583
1,3.8512526343999895,1.959485602974346,1.959485602974346,2.398706082517613,0.0,1.0,0.0,1.0,0.0,0.0,0.4352803079034668,0.421300281573232,1.015126629177656,1.2018103653934884,0.6871610087116005,-0.22598895250230522
1,3.7146974733306792,0.8915691990837065,0.8915691990837065,3.7655035593799964,1.0,0.0,0.0,0.0,0.0,1.0,0.6611751789320092,0.17028922531644003,-0.6502272905271357,0.32381328790701513,0.6373887814847694,-1.4500071265123635
0,-2.0625545208718443,0.4783106857045958,-0.7863572068626686,0.4783106857045958,1.0,1.0,0.0,0.0,1.0,0.0,-3.003744562157543,-0.49495173833786804,-0.3525428543440189,-0.743386327409214,-0.6555045600272361,0.0423804920693206
1,3.7573809304090697,2.2877415220648367,2.2877415220648367,2.6472856218676766,0.0,1.0,0.0,1.0,1.0,0.0,1.075539108750357,0.6726102166661168,-0.016274662649963634,-0.015619630317958377,0.9222786343640219,0.34077968743931275
1,6.136360816671684,4.33839582082404,4.33839582082404,5.978638942653169,0.0,1.0,0.0,1.0,0.0,0.0,1.8282231842300127,1.8168921481676579,-0.749542335524762,-0.17577787650276722,1.5784646152373432,-0.2640835451843276
0,2.440459404274682,2.384238899435911,2.181852909419149,2.384238899435911,0.0,1.0,1.0,1.0,0.0,1.0,-0.8997775595283313,1.158244627875319,-0.30619862647444607,-0.31758073129037345,-0.35327064152181453,0.7217000759396635
0,1.4241325886276668,2.4539109615720593,3.85256250719818,2.4539109615720593,1.0,0.0,1.0,1.0,1.0,0.0,-0.16221167415219734,-0.5847830686935409,-0.7498602310122411,0.3912554126035948,1.046256088606778,-0.2360160446948511
1,0.5660883462938286,2.4734692296077085,2.4734692296077085,2.3185695862072655,0.0,1.0,1.0,0.0,1.0,0.0,-0.1843706461830804,0.45415580931726085,0.05293515159048523,-1.4821207819256457,1.5365295948178064,-0.32292807317479
0,2.9333984650612615,2.475647970853025,1.0022196750951011,2.475647970853025,1.0,1.0,0.0,1.0,0.0,1.0,0.19199831424690383,-0.532942502921147,-1.9439689601877466,-0.2418593125444721,-0.43885604870049394,-0.6532914288316247
0,0.581406449396587,3.213999543909943,0.08101194504361703,3.213999543909943,0.0,0.0,1.0,0.0,0.0,0.0,-0.19871637257361513,-0.6768626197675007,-1.323500651907561,0.2777685463876108,-0.6513831033534725,0.4566574445413354
0,-0.17497433642482918,1.5957346129488883,2.342799053685546,1.5957346129488883,1.0,0.0,1.0,1.0,1.0,0.0,0.6057558231482236,-2.620785558591045,0.263930345446979,0.9944219978886415,1.083581380551635,0.8224788207076905
0,0.8920971344364107,1.2226610123656036,-1.032842432579731,1.2226610123656036,0.0,0.0,0.0,1.0,0.0,0.0,-0.5374366439237772,-0.2826145944677877,0.3191122134970735,0.7511579520789122,-0.22440699019579563,0.8189390492786415
1,2.030835944442579,4.261594962652437,4.261594962652437,3.6813041626011542,0.0,1.0,1.0,0.0,1.0,1.0,0.7872333615410375,0.653598473699554,1.091122802503409,0.91460072179231,1.4987718678631676,1.0154815728608246
1,2.2406759784944663,2.39730695573024,2.39730695573024,3.095381827614661,1.0,0.0,0.0,1.0,0.0,0.0,0.3444718574539379,-0.2511542460806792,0.1357066422448674,0.577422375812308,-0.04721335337205923,1.2017734555494308
1,5.062331305339427,3.9787796991003814,3.9787796991003814,3.2304384004946174,1.0,1.0,1.0,1.0,0.0,0.0,0.27570531894128397,0.3994085092748235,0.2778856676299595,0.03655123749237666,0.433323004313101,0.1296834702542031
0,5.307915057579985,6.1088941085328905,4.657879149271535,6.1088941085328905,1.0,1.0,1.0,1.0,1.0,1.0,0.4850774854042678,1.7434746909614995,-0.06884591477989699,-1.325539738169637,0.7792668081375731,0.9225935408894752
0,0.3785183312965256,-0.2520118282395867,-0.3345045466553276,-0.2520118282395867,1.0,1.0,0.0,0.0,1.0,1.0,-1.2134998968844932,-0.34830340156977024,-0.4451481467337987,-0.772233645302835,-1.4438280586137484,-0.19504407963617298
1,2.922894355937413,2.180805010399779,2.180805010399779,0.662878949192309,0.0,1.0,0.0,0.0,0.0,1.0,0.8449676888416203,-0.08012586002371203,1.2848710151722842,0.30006359894768614,0.7318925785751493,0.8641544959362996
0,1.8057978889604374,2.2150032743628394,1.8320385794926826,2.2150032743628394,0.0,0.0,1.0,1.0,0.0,1.0,-0.4560467353341458,0.17314720669435302,-1.3719598095404104,0.49147749851959277,-1.2669775851289167,-0.5626204069906997
1,4.831308008265105,1.6262042639596546,1.6262042639596546,3.339670885633198,1.0,0.0,1.0,1.0,0.0,0.0,1.5197520156276465,0.4113570767532121,0.4873952048416664,-2.2228529788858307,-0.7908589366891552,-1.661627848579108
1,4.197281769771688,1.7759908396377178,1.7759908396377178,2.533346769537333,1.0,1.0,0.0,1.0,1.0,1.0,0.6816576291309377,-1.3075641319891451,-0.7666033725212107,-0.04876976454608126,-0.280479435568029,-1.5947133561837714
0,0.9726144858915687,1.3349632111564824,0.20956233770567512,1.3349632111564824,1.0,0.0,0.0,0.0,1.0,1.0,-0.8684853422858471,-0.7723210458490427,-1.4024275526294752,-0.9080898418306632,-1.1986875555046665,-0.018362144385242973
1,1.9715322553367634,0.5124500943152825,0.5124500943152825,1.9828087230952214,0.0,0.0,1.0,1.0,1.0,1.0,0.7969517151755426,-0.9114769035515398,-0.06485915876803394,0.24626400840363938,-0.1422922034963483,-1.4781630122424532
0,3.247178317570403,3.4498880031239176,3.221402156157084,3.4498880031239176,1.0,1.0,1.0,1.0,1.0,0.0,-0.2733506499980367,1.01130220717155,0.24813842582389795,0.5127265104635033,-0.9542865246171636,1.513406015934963
1,5.833363574736857,2.998591505482208,2.998591505482208,8.173133864326708,1.0,1.0,1.0,1.0,1.0,1.0,1.7592738222427462,0.3563621707588214,2.0658057387856745,1.5472066770742963,1.488792572511209,1.4356819478916887
0,0.9749231420159448,2.254931262851719,-0.4292485057896057,2.254931262851719,1.0,1.0,0.0,0.0,0.0,0.0,-1.4683612397916963,-0.4049986701442445,-0.5286333902072988,1.1192528616168618,-1.6491943127210962,0.13149648745785136
0,-0.7679523341889267,1.5441224446673845,-1.1440117114744024,1.5441224446673845,0.0,1.0,0.0,1.0,0.0,0.0,-2.016866515911533,-0.5578222130117068,-2.0386428969058383,-0.4897989595209079,-0.899826812111308,-1.1075774844355828
1,4.892702901685689,5.163384927956656,5.163384927956656,3.6118247552742297,0.0,1.0,1.0,0.0,0.0,1.0,0.8834075394876021,0.24134468602723136,-0.1138454890356938,0.32738648184983155,0.6546283510815916,1.207553288406656
1,5.542302918645712,4.0538426113085135,4.0538426113085135,7.918814291724772,1.0,0.0,1.0,1.0,1.0,1.0,1.073189386469046,1.5853133609727297,0.14937554611295256,2.574180897617056,0.5224932125027432,1.2447274696470614
1,2.288830121818726,0.9190757210675274,0.9190757210675274,2.4082849919077094,0.0,1.0,1.0,1.0,1.0,1.0,0.24106474856446547,0.1321558305403717,-0.7265535038778335,-2.519276070460399,0.8059586213126687,2.440401403508006
0,-0.9674915557682615,-1.5215250676495016,1.8761908560868608,-1.5215250676495016,0.0,1.0,0.0,0.0,0.0,0.0,-0.5468919382236787,0.018826484174964797,1.0958432404597456,0.4625566869109958,0.3191470648378717,1.899197746787254
0,1.1814031163176932,2.2209562310103017,1.7444124370582654,2.2209562310103017,1.0,0.0,1.0,0.0,1.0,1.0,-0.2444681814933257,0.959404098384339,0.8873044622663768,-1.2502149599597006,-0.6908772945961534,1.1290565669920722
1,3.5064222057596273,2.329577441592133,2.329577441592133,2.2908078085023234,1.0,0.0,1.0,0.0,1.0,1.0,-0.6107118598968553,0.3193253426734617,-2.577698978395294,-1.3773539676804059,0.35995243391809106,-1.8944443023991782
1,1.7947161568163188,-1.5749710256997833,-1.5749710256997833,-1.2782794499623886,0.0,0.0,0.0,1.0,0.0,0.0,-0.18929734208197724,-0.5783868107074058,0.38557298546515595,-0.8327046744405902,0.35244864404133247,-0.38089676200656175
0,2.053654819282247,3.811008631073664,2.865929280532973,3.811008631073664,0.0,1.0,1.0,1.0,1.0,1.0,1.3396923935372496,-0.20939110174644404,-1.2862988591710707,-0.6811520112335291,-1.700246045240144,-0.2875239676715149
1,2.6419518260003167,-0.30127346811851424,-0.30127346811851424,1.4871845430447057,1.0,0.0,0.0,0.0,0.0,1.0,0.039561888635354814,-0.7976239106924834,-0.5157792839561698,-0.9483769711525883,-0.4998522355967093,1.1129860691384996
0,2.9157314056555985,4.948056433536475,2.228596298244799,4.948056433536475,1.0,1.0,1.0,0.0,1.0,0.0,-0.5073264473975138,1.6104892775147923,-1.4911478432206575,-0.7917147830900874,0.8281249747288542,-0.6690104470350928
1,3.4116115108339344,2.2010893831526825,2.2010893831526825,4.351089701759463,1.0,1.0,1.0,1.0,0.0,1.0,0.07088577281707135,0.1701040619468489,0.3700509141147637,0.18874983591802902,-0.048206292419926355,0.7644979045254153
1,2.061649838001235,1.65727042151681,1.65727042151681,0.8516781377561231,1.0,1.0,1.0,0.0,1.0,1.0,-0.20006045590226004,-1.3274294332070444,-1.0093361007456747,-0.8729351690333494,-0.15135870578207622,-0.7655625325376954
0,-0.04913338298580333,-0.3170092926626562,0.2886716083297556,-0.3170092926626562,1.0,0.0,0.0,1.0,1.0,1.0,-1.6109953963831545,-0.013872769723599913,-1.0226039731023349,0.33660696687955505,-0.39411656398679085,1.0515630978753823
0,-1.1722813179411395,1.9718192741035834,-1.3388673408273792,1.9718192741035834,0.0,0.0,0.0,1.0,0.0,0.0,-0.06550843577336893,-0.9862415640318154,0.5807939741289048,0.8369552718705424,-0.5894498298674213,0.7766236182773183
1,6.048660592491257,4.071174378152759,4.071174378152759,5.637686280996494,1.0,1.0,1.0,1.0,0.0,0.0,0.7472768552303125,0.5089397231830787,-0.30741789816647935,0.9718371542814784,0.3008376819263291,1.263249836313887
0,-1.015994234318577,0.5394246728147387,-1.5990577930373657,0.5394246728147387,1.0,0.0,1.0,0.0,0.0,0.0,-2.011028564881916,-1.5928542564357155,-1.5876092288307821,-0.9812698445955852,-0.36484261616992947,0.20775417912425398
0,3.054920875553904,6.24499079264166,3.532916305699132,6.24499079264166,1.0,1.0,0.0,0.0,0.0,1.0,1.6747138534674608,0.5891274811955818,1.2665608718131094,0.07668547590902955,-0.5778371076034341,-0.7765880582042439
1,0.3596157339121351,0.7243233073126336,0.7243233073126336,0.4827467215574287,0.0,1.0,1.0,1.0,1.0,1.0,-1.200101483043666,-0.4105028138895461,-0.7979484448477485,-0.12018993652543433,0.036184531111597806,0.19720262324367138
0,-0.7812037942325312,2.6094262566882866,0.6486274274488949,2.6094262566882866,1.0,0.0,0.0,0.0,0.0,0.0,0.10191076870653615,-0.2604401319088589,-0.580444108048423,-0.7039012989501008,0.16407082722786792,1.0629931682255764
1,3.9934282973036077,2.486596709836911,2.486596709836911,3.437285161146483,1.0,1.0,0.0,0.0,1.0,0.0,0.04154530916480371,0.5221244177821238,0.6270427311566542,-0.2202791610131172,2.2537562108358875,-0.49708491467402016
1,-2.586008179536906,-0.3896852488773559,-0.3896852488773559,-0.886036882510594,0.0,1.0,0.0,0.0,0.0,0.0,-1.9049217738355269,-1.0321324381254136,-1.2265657800060141,-1.5006844528467647,-1.354243328152951,-0.733539942265711
1,1.9065524838227776,1.6335401047062326,1.6335401047062326,4.234341534593552,1.0,0.0,1.0,0.0,0.0,0.0,0.7648453862616669,0.03776154299942182,1.1298221743154302,-1.0226211939161691,-0.21851247828753467,0.11558647130039007
0,-4.2282759810385455,-2.104494340065438,-0.6207755285242582,-2.104494340065438,0.0,0.0,1.0,0.0,1.0,0.0,-1.0104783857894708,-0.5967738891298828,0.0567732234266809,-1.6539300821378005,-1.5245352751894394,-0.6342048822205465
0,3.6675425476781767,3.938024402323123,3.9861686531478076,3.938024402323123,1.0,1.0,1.0,1.0,1.0,1.0,0.012389865575958683,1.0124421964619628,-0.16611171827449042,-0.38602122247142956,0.050686190230141606,-0.11561980345754232
1,4.214703135531034,4.079415239467699,4.079415239467699,4.545863042857113,1.0,1.0,1.0,1.0,1.0,1.0,1.201595777605301,-1.2528510062267861,0.08807740575094701,1.1013929526276647,0.8197667057952794,0.8610848307541802
0,0.3878330072899132,0.8341175962303711,-1.1746005827112513,0.8341175962303711,0.0,1.0,0.0,0.0,1.0,0.0,-0.9581485631178509,-1.4484631805772539,0.6131452695266177,-0.7075240860995298,0.07123785738226618,-1.0013309247557782
1,3.1723076873994915,-0.1964898282845613,-0.1964898282845613,-1.1401764173104034,1.0,1.0,1.0,0.0,0.0,1.0,-1.2342649956401321,-1.5516307701245289,-0.5099773098520419,0.9968137208022447,0.10220253430642279,-1.0869930717811997
0,0.7378310718090478,0.3770865627040223,1.9571804383894738,0.3770865627040223,1.0,0.0,0.0,0.0,1.0,0.0,-1.227240237828659,-0.722234141585983,-2.1285685794379603,0.3953529984467752,-1.2402711499219286,-1.0841557958918704
0,-0.6278849380699294,0.32026680674496266,-1.5222581008989142,0.32026680674496266,0.0,0.0,0.0,0.0,0.0,0.0,-0.4552501515993197,0.2200457696126873,0.41166900819891833,0.7627742461903255,-0.27942986948361365,1.3801912123933215
1,2.4005587208813446,1.1949973360685555,1.1949973360685555,1.5150724132357005,0.0,1.0,0.0,0.0,0.0,1.0,-0.5739625129483067,0.24579346635857843,-1.4142131606026265,0.6059550662500549,0.07741080089666658,-0.3078482254736491
0,3.303006285517328,4.762854504940699,1.3176554551260728,4.762854504940699,1.0,1.0,1.0,0.0,1.0,1.0,-0.18199156964767513,-0.2639041505420414,-1.373760685629789,-0.276415436574304,-1.4240510403367967,-0.6523221753872768
0,-2.6622458740568096,1.1125840496535404,-0.6545189265202584,1.1125840496535404,1.0,0.0,0.0,0.0,0.0,0.0,-1.3297546127188153,-2.033507010186398,-0.9407133262889231,0.10946715752117066,-0.0015361903815032107,0.30396795015746114
0,-2.9104361839732924,-0.7946196106568955,-1.7726758365280264,-0.7946196106568955,0.0,1.0,1.0,1.0,0.0,0.0,-1.5839784765607132,-0.23452216384969682,0.048556863570331926,-3.3787829737484616,-0.7421675832109208,-0.9705063220848673
1,4.634093706286436,2.4221777649997693,2.4221777649997693,2.4456741295380233,0.0,0.0,1.0,1.0,0.0,0.0,1.4360333674485206,-0.8147336560597616,-0.039459724332870094,2.0191618537598797,-0.041197976667320724,1.3617054989766653
1,1.559318994493143,-0.09263240571668052,-0.09263240571668052,0.7414860888869246,0.0,1.0,0.0,1.0,0.0,0.0,-0.5581817518357626,0.3735998828740666,-0.17810927233798843,-0.2301140524816103,-0.891346887915299,0.27478969635691575
1,4.77177002741985,2.794651255139713,2.794651255139713,5.240367457379326,1.0,1.0,0.0,1.0,0.0,1.0,0.5967998368698866,0.5167063685957971,-0.7801098973035919,-0.010644988666158428,-0.6687649289893718,-1.0440819958573728
1,0.09326465461640798,-1.5100844045839907,-1.5100844045839907,1.6962602131870361,1.0,0.0,0.0,1.0,1.0,1.0,-0.6665954353721477,-1.2852805174678283,-1.4458221962403046,-3.162686474415477,-0.9420193049197246,-0.5612130271644404
1,-4.577519607849777,-2.9393242974811744,-2.9393242974811744,-2.8553235050230508,0.0,0.0,0.0,0.0,0.0,0.0,-2.393834228094824,-0.1871738819738491,-0.004962263781245542,-0.3571194590254342,-0.10084576594300518,-0.19281584527639956
1,2.170013504022009,1.1456651770347355,1.1456651770347355,2.761024614592038,1.0,0.0,0.0,1.0,0.0,1.0,-0.5133821836398393,0.9611261870731624,0.034201623845549894,0.6223085158763162,0.5468008422612609,-0.3912382444775064
0,-1.4639648797700986,0.24879066721153753,0.9907553131184457,0.24879066721153753,1.0,0.0,1.0,0.0,1.0,1.0,-1.4498522652481511,0.2666374660419527,-0.41664914687523624,-0.2744477295661305,0.4461461223458669,-1.111946456374062
1,4.243971969776292,3.593903076067983,3.593903076067983,3.199360097206267,0.0,1.0,0.0,1.0,1.0,1.0,0.6578261418721021,1.0232985018536875,1.0392374148062837,0.027598918914876105,0.6830989006728084,0.9761139334070806
1,0.9844434088726901,1.1850430281629682,1.1850430281629682,0.8551223157645825,0.0,1.0,0.0,1.0,1.0,1.0,-0.7301727513419233,-0.24201003931416254,0.2568195274152646,-0.16851809506063611,0.4018250884206708,0.36278507716169983
1,1.2709581026545673,1.0369922776228435,1.0369922776228435,0.16314559288269576,0.0,0.0,0.0,0.0,0.0,0.0,-0.3501042422863964,0.40624956505850895,-0.1621896519781726,-0.336851435147366,0.4352533572605825,-2.396681456619207
0,1.8530197123660979,2.952774241091167,-0.02999249103972701,2.952774241091167,1.0,1.0,1.0,0.0,0.0,0.0,-1.3189629611941425,-0.5903464524102783,-1.444841880837017,-0.18205957307185383,-0.36336489540393313,-2.0806608947388536
0,1.6849941242045356,1.371533874078077,-0.11191085978122273,1.371533874078077,0.0,0.0,0.0,1.0,0.0,0.0,0.7072321568989771,-0.23010973730357,-0.4954034293535289,1.006104968102824,-0.7894714391715594,-1.7136333779908393
1,4.699234795219045,4.837125152448927,4.837125152448927,4.702767926244234,1.0,1.0,1.0,1.0,1.0,1.0,1.040875651332589,0.550993676597613,-0.27134234839088717,-0.05765551707603864,0.503264050972877,1.1114657007763793
1,5.085245369776867,2.450587004806419,2.450587004806419,4.5441295428513975,0.0,1.0,0.0,1.0,1.0,0.0,1.2020593091548755,0.8438757194715242,2.1871901349727456,0.6272572283296283,2.108067640719691,1.198181202009667
1,-1.13585784887258,-2.1577467582471317,-2.1577467582471317,0.12232019773192362,0.0,1.0,1.0,0.0,1.0,0.0,-1.1488787616326994,-1.7973421965791636,0.12420117959768075,-0.27414200588712495,1.0672925167222034,0.6543701540311209
1,-0.16960871487612422,-1.3590092769281812,-1.3590092769281812,-0.1501629749476321,0.0,0.0,0.0,1.0,1.0,0.0,-1.2281249023181273,-0.5454454021654733,-1.2269669893576738,1.0180161934765704,-0.004165092128409986,-0.5324638755826998
1,-2.1162863210467515,-2.836619663796256,-2.836619663796256,-3.9089836201813646,0.0,0.0,0.0,1.0,0.0,1.0,-1.8863477653354375,-1.7975456470214,-1.46804383372183,-1.7132176081582764,-1.4701505801995245,-0.4022545186214608
1,0.6312095508957268,-3.777326379650636,-3.777326379650636,-0.5538956087442921,1.0,0.0,0.0,0.0,1.0,1.0,-0.22599839593204826,-1.641066864629924,-0.1257386777387116,-2.090841203150216,-0.8690648030955923,-0.7597565873397598
1,2.9216060785475717,0.679842731548059,0.679842731548059,1.797206610130509,1.0,1.0,0.0,1.0,1.0,1.0,-0.6146799733111498,-0.533622873608078,0.1412310092381393,-0.37056787249201983,1.2975689115067752,-0.7788823478009216
1,1.3375651498850638,0.0461021261685437,0.0461021261685437,-0.01105246490351175,0.0,0.0,1.0,0.0,1.0,1.0,-1.5090080534607992,-0.8717305046852206,-0.7590783947247769,-0.3066725042025316,-0.04580078422252265,0.013454535467551876
0,0.20975750493250012,1.7074233916232202,-0.8488553783890248,1.7074233916232202,1.0,0.0,1.0,1.0,0.0,0.0,-1.4494567552134383,-1.4424501905835658,-2.055458616719762,-1.1155642927034024,-0.6954969270330552,-1.5217872968956516
1,0.6598207891217565,2.212062537687617,2.212062537687617,1.9690754197441436,0.0,0.0,0.0,0.0,1.0,1.0,-0.07759079578355088,-0.7765158331754565,-1.2149791901248885,-0.5606741897073259,-1.0528401846433324,-1.0756043333191703
1,0.4895776579749369,-0.8354954325431346,-0.8354954325431346,2.4877349586203543,0.0,1.0,1.0,1.0,1.0,0.0,-0.537164278890566,-0.011311936566508637,0.5175227849895119,-0.26428091346640786,-0.1211205627211073,-0.24108127490288034
0,-2.6646032289360457,-2.8586319983583737,-2.0631881316523506,-2.8586319983583737,0.0,1.0,0.0,0.0,0.0,0.0,-1.6592079591927518,-0.28489542998314665,1.4133744662445722,-1.5272006008698056,-1.087802126532937,-0.7700520942148666
1,-2.5666573838162696,-3.84384840370071,-3.84384840370071,-1.5753918814004209,0.0,1.0,1.0,0.0,1.0,0.0,-2.0824063978604577,-0.9780060676413826,2.30970679139919,-1.16407160089807,0.6165360838913492,-0.45941536796253346
0,-0.49114043487147935,2.874752216513367,-0.9074664950813209,2.874752216513367,0.0,0.0,1.0,0.0,1.0,1.0,0.22342166134991234,-0.18928180672363865,0.5951985131314035,0.13682226714325574,-0.025360286395837928,-1.20940697960653
1,7.120745067108554,2.895184457842732,2.895184457842732,4.525581477994558,0.0,1.0,0.0,1.0,0.0,0.0,1.842487033345311,0.9521588982631108,0.35360233372915606,0.42964056943442663,1.0283936078668152,2.3115526025972963
1,1.5337781068356586,0.5721468395047216,0.5721468395047216,2.226861473046523,0.0,1.0,1.0,0.0,1.0,0.0,0.49151790746199486,-1.395190837165075,-1.0369396438393093,-0.6452949197896721,-0.48126164263535137,-0.24608102044768165
0,0.1544303492862087,1.9078887171931378,-0.4361631937537864,1.9078887171931378,0.0,1.0,1.0,0.0,0.0,0.0,-0.08403607502263012,0.5041969273106628,-0.06480585653602686,-1.1699575514892115,-1.3178950797618347,-0.17376502998847057
1,4.791734554653009,4.690346247531697,4.690346247531697,4.550707700787719,1.0,1.0,0.0,1.0,0.0,0.0,1.4298421757280892,-0.956070522540539,1.2733647715649536,0.45848473746468144,1.943470228295899,-0.8115829353823689
1,2.993986664673505,1.9009530940481771,1.9009530940481771,4.361729138415831,0.0,0.0,0.0,1.0,0.0,0.0,0.04389589719975778,1.5518552561774617,0.24374886882243263,0.7630522228478192,0.9109528377300019,0.3039267824810676
1,4.609484379920739,2.181962093238908,2.181962093238908,4.210925488027984,1.0,1.0,1.0,1.0,1.0,0.0,0.3391030672261572,1.1984372117798332,1.239325324835621,-1.620857668539895,0.4346279429707071,1.1493881418848058
1,2.0040356339251524,-0.5167689862490595,-0.5167689862490595,1.7748149765481627,0.0,0.0,0.0,0.0,1.0,0.0,0.1828560261764813,0.4095181830849851,0.8889456434791652,0.38764219816100476,-0.6126016510928617,-0.995541055763808
1,5.379866204499482,0.6582253542187942,0.6582253542187942,5.80062361729165,0.0,0.0,0.0,0.0,0.0,0.0,1.730745560685885,-0.2437818474509343,0.4334614988507437,0.7277655250111078,0.3323531676042024,-0.42256229664838263
0,3.0446146740302997,3.725233159663729,0.7357378290893308,3.725233159663729,1.0,0.0,1.0,1.0,1.0,0.0,-0.35321803450317907,-0.40375424155618633,-2.0840991279560623,-0.4905353282987568,-0.17169405637418367,-0.05247198433501521
1,-1.3299263134770893,0.04306214309059511,0.04306214309059511,1.6388733721116662,0.0,0.0,0.0,0.0,0.0,0.0,0.10606161361658216,-0.036460129469984615,-0.15248383687457617,-1.280818188679795,0.5215647601343371,0.34354708906209097
1,3.2210859105286738,2.685366844684608,2.685366844684608,4.416592356756976,1.0,1.0,1.0,1.0,1.0,1.0,-0.0480743194751867,-0.21785061971216152,-0.7891113392876533,0.1293756729958533,0.43714109882664753,0.23884437785969564
0,2.3844740487770046,3.1586988734083863,1.509161812767932,3.1586988734083863,1.0,1.0,1.0,0.0,0.0,1.0,-0.9294014585507078,-0.8016321187169324,-1.3519177023879279,0.3854374484581414,-1.564371774968585,-0.9400551834254643
1,5.480332383491449,4.815585919129386,4.815585919129386,4.205259284172637,0.0,1.0,1.0,1.0,1.0,1.0,0.4099908040988539,1.1856529585442108,-0.8430999713494458,0.8889932747377252,-0.5965849609612441,-0.34660803412831453
0,0.272347706243461,3.513557406454723,1.9312763243940954,3.513557406454723,0.0,0.0,1.0,1.0,0.0,0.0,0.6301214952355162,-0.23863632703629895,0.38636679328507423,-0.475898447313879,-0.626024113162271,-0.05880561288370717
0,-3.497917547543991,1.4097778121712388,-1.4759492895187583,1.4097778121712388,1.0,0.0,1.0,1.0,1.0,1.0,-0.8459817206898919,-2.212123104100967,-0.02067295275206893,-0.9283756258595219,-1.5441631946685832,-0.9901397100460824
0,-1.3967321681825364,-1.6505928749231313,-3.10556214805632,-1.6505928749231313,0.0,1.0,1.0,0.0,0.0,0.0,-2.4740514350927065,0.47440800443151876,-0.10348878221690525,-0.29003900110662373,-0.2636340672079259,0.08958668583778659
0,2.0225832508131174,3.0808984357782982,1.3191340012059358,3.0808984357782982,1.0,1.0,1.0,0.0,1.0,1.0,-0.5933356288222937,-0.4670797934318187,-1.2214732140865863,0.7451698382696612,-1.0878360145912047,-1.8126962380715428
1,2.3122728112538447,1.1309519187918506,1.1309519187918506,2.972781399011658,0.0,0.0,1.0,1.0,1.0,1.0,0.8939344519478406,0.44996127448447215,0.8292993508051428,-0.06812330271546062,0.6767840557147564,-1.2800251320061278
1,4.232717555689726,7.214652806168331,7.214652806168331,6.264709122699863,1.0,0.0,1.0,1.0,1.0,1.0,0.9286743643119804,0.9662187242715838,-0.11142055572697523,1.5264040371471865,0.30006496638668473,0.00235715964356209
1,5.494289609299246,2.828208860744393,2.828208860744393,5.134930216862906,1.0,0.0,1.0,1.0,1.0,1.0,0.17403511642719413,2.147648458793271,1.4283532724215475,0.035891928187065034,0.48439977526280426,-0.6893813015824074
1,5.419047248509423,1.2232139407694977,1.2232139407694977,5.3909837906331415,1.0,0.0,1.0,1.0,1.0,0.0,-0.1349292274740817,1.352361982567917,0.22750354227206993,-0.10431010049392242,1.6964571874953132,0.5263028650901895
1,2.430256949512168,4.572482198142126,4.572482198142126,4.098977684482482,1.0,0.0,1.0,1.0,0.0,1.0,0.020550453331501347,0.30508413026835846,-0.6271206446992672,0.3735471772631069,-0.4276712168889315,0.9341964542705237
0,2.664525816595817,2.569292115548945,1.7405276851872906,2.569292115548945,1.0,0.0,0.0,0.0,0.0,1.0,0.032398178927335465,-0.4693868029277578,-0.855832476112758,-0.7081158380876186,-0.835758589251511,-0.04095863860909488
1,1.1874641566459163,-0.25759354809907,-0.25759354809907,2.126220809896035,0.0,0.0,0.0,1.0,0.0,1.0,0.309088883344568,-0.5104345748225698,0.871172698447833,0.39973476323349844,0.5291858920886378,0.6301958827096723
1,4.546518504774145,2.217300441267055,2.217300441267055,5.332780319902587,1.0,0.0,0.0,1.0,1.0,0.0,1.8263757214252385,-0.2170513959604583,-0.4486409352451845,-0.8603883068492557,0.6432991118775055,-0.5623576255548051
1,0.9765793487373822,0.767267450355187,0.767267450355187,-0.012093641056929894,0.0,1.0,0.0,0.0,0.0,0.0,-0.4175407987074699,-0.18700880851524193,0.5894755589442932,1.9954471049516513,0.30577196871460205,0.4141418549842339
1,2.2764890111006792,0.056847411955126326,0.056847411955126326,0.2057857155383238,1.0,0.0,1.0,0.0,1.0,0.0,-0.761145586064097,-0.3107201760649258,-0.10032204829253977,0.11768970025649547,-1.6875901881954136,-1.8417227290974227
0,1.2526841311871844,2.836664606647213,1.0639998558287103,2.836664606647213,1.0,0.0,1.0,1.0,1.0,1.0,-0.44409194183196565,0.5182346285123531,-2.1344214125240235,-1.2059521374681288,-1.9139689249641312,-0.9236060351988762
0,0.9365196216894109,2.852564738410948,1.324156092741895,2.852564738410948,0.0,1.0,0.0,0.0,1.0,0.0,0.8238987708025213,-0.34904766666124387,-1.079180646349636,-0.2880375939818214,-0.23886891647361547,-0.466668318566719
0,1.0185221699777571,1.7361755175098366,1.3894382072066234,1.7361755175098366,1.0,0.0,0.0,1.0,1.0,0.0,-0.894102134001155,-0.41176032238646587,-2.0434782439594543,0.858457065878302,1.0537276142109124,-1.1247946442472998
0,2.187171119588134,3.6531380999873035,0.9905679941766874,3.6531380999873035,1.0,1.0,1.0,1.0,0.0,1.0,0.006268894829341355,-1.197596826345965,-1.4360005690456945,-0.6773607998598499,-0.9387883389252598,0.7225549843616614
1,1.2524321377625927,-0.8485199225046787,-0.8485199225046787,0.624402443634457,0.0,1.0,1.0,1.0,1.0,0.0,-1.916014752320686,-0.12127230301788416,-1.0906490300987088,-0.605149503442331,-0.16893898837879218,-1.693793671812402
0,0.8500223431845366,1.188765358165862,-0.29925652653251256,1.188765358165862,1.0,1.0,1.0,1.0,1.0,0.0,-1.2424402227589715,-0.9977442015134294,-0.2672350089855299,0.268472244728223,-1.395886649347984,-0.29910476015778764
0,1.7944654970112175,1.689617529879071,0.23889162548236265,1.689617529879071,0.0,0.0,1.0,0.0,1.0,0.0,0.676643523848544,-1.1312372502914463,-1.3441657058537628,-0.54939386344368,-1.015460461043163,-2.1970725074254185
0,1.2603144550266203,2.4214711924637617,-0.6917235308232342,2.4214711924637617,1.0,0.0,1.0,1.0,1.0,1.0,-1.0622239485277956,-0.6673014260943076,-0.8019556726907087,0.08648930245227292,0.44850990483852105,-1.7592876060136082
0,0.8389393834931389,2.168554944511472,1.4106813887969014,2.168554944511472,0.0,0.0,0.0,0.0,0.0,1.0,-0.619741357662083,1.3692520224716618,0.8415247961462426,0.7756350227028952,-0.15930017407111263,-0.053167831948143784
1,2.0533606007836287,0.029380568054501177,0.029380568054501177,1.1533213614717914,1.0,0.0,1.0,1.0,1.0,0.0,-0.04452904957468303,-1.260824622672121,0.7600025307405787,1.5958624873505696,1.0564471997448615,0.7960413051846694
0,0.24742830937563065,2.6035786076747405,2.4201025598179466,2.6035786076747405,1.0,0.0,1.0,1.0,1.0,1.0,0.1705173313682134,-0.11584486398700156,0.121982278236067,-1.2955633380780984,1.2244664113521864,0.23750376781933114
1,-0.7973077915941689,-0.46908930796939674,-0.46908930796939674,-0.8478063766910153,0.0,1.0,0.0,0.0,0.0,1.0,-1.7435556798931031,-2.2129830372442205,-1.8664659417813616,-0.7488993694403262,-0.2987846847513793,-1.3437387860551142
1,5.054558841700595,1.9653689889575325,1.9653689889575325,5.407493205850059,0.0,1.0,1.0,0.0,1.0,1.0,1.43506766585243,-0.19745365291975048,0.7049037649419215,0.04737012038571745,2.23694246656913,1.5981154832327111
1,-0.9572409215890849,-1.1277050847691399,-1.1277050847691399,-0.7825211893300412,0.0,1.0,0.0,1.0,0.0,0.0,-1.2586395333224096,-2.415306199780824,-0.7087705855928781,0.42377139975809397,-1.0380456082581366,-1.7489292951192925
1,2.927210854204563,1.7207463788388948,1.7207463788388948,1.8479094225617398,0.0,1.0,1.0,1.0,1.0,1.0,0.41988883093743923,0.08668474794142908,-0.2746056223065084,-0.5866489856866676,0.6347642702201393,-0.2664299064938667
1,1.3803076980967401,-0.8030952955201267,-0.8030952955201267,2.3490055123629956,1.0,1.0,1.0,0.0,1.0,1.0,-0.16638653663782263,-1.6060988715777795,-0.28487015839417773,0.3062196223510668,-1.7369999351082726,-2.0815969585570486
0,-0.1412020931273733,0.5512436884875886,1.3034068046408973,0.5512436884875886,1.0,0.0,0.0,1.0,1.0,1.0,-0.8182850180134165,-2.030248376738413,-2.484512535937787,-2.066244958346133,0.045449671939958414,-1.2269684288009204
1,4.823429757813088,0.8998799934961939,0.8998799934961939,2.79568075192409,1.0,1.0,0.0,1.0,1.0,1.0,0.07211246461751913,0.9921006883305623,0.9089941192550662,0.4231140616312859,-0.8636515981604787,-0.9800993094550401
1,4.7319146904183365,2.7540853082379537,2.7540853082379537,4.8162490722611375,1.0,1.0,0.0,0.0,0.0,1.0,0.012244733758983894,2.063846202448625,1.6811255809384813,1.0732194190377375,-0.2909509164496462,-0.5956914841516372
1,4.455501367201693,3.019735467676454,3.019735467676454,3.5320328364300195,1.0,0.0,1.0,0.0,1.0,1.0,0.6341536692188459,0.9596146482030012,0.8884314132157485,0.215951261542004,1.9877664381113407,0.06231092051331133
1,5.306717143531197,2.418795864164388,2.418795864164388,2.9265460870965314,0.0,1.0,0.0,0.0,0.0,0.0,0.732685697146285,0.564075194052155,-1.0594824101369418,-0.9445562015572899,-0.3815331207726126,-1.2108189954564552
0,0.07034489370626962,2.1089990491658246,0.5946988847621887,2.1089990491658246,1.0,0.0,1.0,0.0,1.0,0.0,0.0035276888201901863,-0.8226223239867719,-0.5222058991467291,-1.2532944240379151,0.06288895195832978,-1.0217242330916825
1,0.776034459413847,-1.523523240013047,-1.523523240013047,1.0266169849744622,1.0,1.0,0.0,0.0,1.0,0.0,-1.8773235344022394,-0.7968896783946116,-1.0589797426934742,-0.8899310171516477,-0.695566881006708,-0.9281933066843913
1,2.8609807264324694,0.19590599402009745,0.19590599402009745,1.8942155555686198,1.0,1.0,0.0,1.0,0.0,1.0,-1.123525808969778,0.3601252951849768,0.6537132705735553,-0.4415503005080311,-1.4203210370505404,0.4783615671878842
1,3.1789769460695076,1.9711047521955056,1.9711047521955056,1.0830234529065823,0.0,1.0,0.0,0.0,1.0,1.0,0.025419567731348177,1.0816060491978852,1.5260193159310225,0.7687301779117364,0.8890729277632246,-1.8306745119082277
1,2.5585758378051944,0.8857113633056535,0.8857113633056535,2.9104662070537275,0.0,0.0,1.0,0.0,0.0,0.0,0.8729100600609556,0.7649528920580204,0.09913538843126907,-0.9403357208409622,-1.0690913141189096,0.9586275216937047
1,-4.119527244247419,-1.4923949073592244,-1.4923949073592244,-2.775395579902453,0.0,0.0,1.0,1.0,0.0,0.0,-1.9901348428690309,-0.5980291663895878,0.1367170984153221,0.26284798035903556,-1.6301755540757337,-2.9934291932267962
1,5.52404927489313,4.930088536260706,4.930088536260706,6.205178102039373,1.0,1.0,1.0,0.0,0.0,0.0,0.481236733260274,0.225914094613734,-1.0221802861163847,-0.29826228767064444,-0.1564207132616532,1.8887784766901583
0,-0.7970609274648741,-0.2025835929082982,2.1397529146904968,-0.2025835929082982,1.0,1.0,0.0,0.0,1.0,1.0,-0.3795139587488744,-0.8065559280082641,0.8509730115839786,-0.9158219843557839,0.5404072351847322,-0.07687762435349452
1,2.5252288252599566,0.7785558772435688,0.7785558772435688,4.419122531165122,1.0,0.0,0.0,1.0,0.0,0.0,1.1995372602907446,-0.14549400147124109,-0.0077395042603876085,-0.13363859479818566,-1.1699205359219964,-1.2668608163668253
1,3.820925797445759,0.5875178477748606,0.5875178477748606,1.9406479061631177,1.0,1.0,1.0,0.0,1.0,1.0,-0.32278556204088266,-0.05499558550808642,-0.10204984396447903,-1.0895455516860468,-0.6605492734791545,-0.2604411305312194
1,1.2162534342530058,1.0829916647334055,1.0829916647334055,1.5286201665329273,0.0,1.0,1.0,0.0,0.0,0.0,-0.16520936511223852,0.06463077543740303,0.29578199681218753,0.05526275814491821,-0.2536627831065547,-2.851402662521725
1,2.597295798164626,0.2465857311517219,0.2465857311517219,3.8255322152899787,1.0,1.0,0.0,1.0,1.0,1.0,-0.42761237377886974,1.197551007363365,1.9407596716008313,0.8233307433883158,0.27565177050350953,1.2497886071202027
1,1.478630699802932,0.07316431930849787,0.07316431930849787,1.4036021709203799,0.0,1.0,0.0,0.0,1.0,1.0,-0.14885949408752994,-0.20256479672206568,0.040189444478346936,-0.10116321948901096,1.2294214833248667,0.6992069131695786
1,5.031117228832574,4.872824905913679,4.872824905913679,5.546442583512962,1.0,0.0,1.0,1.0,1.0,1.0,1.247293181607627,1.498337722641195,2.3084505042369763,1.2627077826627287,-0.15884055229505578,0.734169151025346
0,-1.6819098760982891,-1.3101906745773129,-4.622287734005124,-1.3101906745773129,0.0,1.0,0.0,0.0,1.0,0.0,-2.170325432424015,-2.0665218128761613,-0.17192491809604854,0.11100040451177001,-0.22154574561496215,0.10499339730013058
0,-0.4372235365410695,-0.6827166119328067,-0.5303775853053274,-0.6827166119328067,0.0,1.0,0.0,0.0,0.0,0.0,-0.9631611556821971,0.16416872130412008,-0.3454994161078349,-1.2983446288933531,-2.3435781405193614,-1.1557708465310095
1,0.9564374506681284,-1.3025273812786524,-1.3025273812786524,1.2356662349801886,0.0,0.0,1.0,0.0,0.0,1.0,-0.23590393827828451,-0.8444950009876331,-0.16172717396505926,-0.24092549938921504,-0.37599108813193427,1.0755899303041654
1,-0.3825906770125018,-1.1006305737923374,-1.1006305737923374,-0.3419674680832221,0.0,0.0,1.0,0.0,0.0,0.0,-1.0060851897358543,1.318220246104028,1.0996902417605388,0.1333037076761453,-0.07016369225166619,0.23899298976458166
1,3.055268221860856,2.082635062857786,2.082635062857786,5.0444795258805595,0.0,1.0,1.0,1.0,0.0,1.0,0.3473552798791698,0.9331250448156858,0.5941522241994905,0.7891966594676204,0.9611468833147252,0.31981848384514167
0,-2.1157232580737375,0.504366925192409,-3.6876400973919505,0.504366925192409,0.0,0.0,0.0,0.0,0.0,1.0,-0.9912171873940023,-0.3961712683578006,0.058783396049702064,-1.6092359327065795,1.0144723595971803,0.8649904785712901
0,3.1764258987028597,5.073857146813234,3.798779682121369,5.073857146813234,1.0,0.0,1.0,0.0,1.0,1.0,1.0104092358508403,0.8619110157654333,0.11268156531666085,-1.3082733580727401,-0.011776711063617794,-0.8415830428301956
1,2.981336439261036,-0.07693516762158215,-0.07693516762158215,2.2547295826191696,1.0,0.0,0.0,0.0,0.0,1.0,-0.31936334519738235,1.0224729822872156,1.536227640623206,0.812932416854391,0.011972324234555298,0.45513668405050967
1,4.943483013045464,2.9272326347615913,2.9272326347615913,5.074094152563754,1.0,1.0,0.0,1.0,1.0,1.0,1.0513680639481968,1.1091944810713925,1.507489268773178,-0.37479719049580257,0.785860642506768,0.018308408763956008
0,-0.1673920399096629,2.5510620094783008,2.374857602390666,2.5510620094783008,0.0,0.0,1.0,1.0,1.0,1.0,0.05605513410191046,0.8976987056729178,1.0120780597096233,0.5082728159365197,1.7389474936491554,0.43748161652597184
1,3.067966327037374,1.3835039390103292,1.3835039390103292,5.074971390065437,1.0,1.0,0.0,1.0,1.0,1.0,0.04088584700814652,-0.23610628039163561,0.8185641591504422,0.46895736575458896,0.9634695637209894,1.6424538840380065
0,-2.065828018794444,-0.46367841707263635,-2.792715302217969,-0.46367841707263635,1.0,0.0,1.0,1.0,1.0,1.0,-1.4503786463465667,-2.140401247611054,0.44635502185223686,-1.6157015466543423,-0.5809779344821966,-1.1284112018135166
1,-0.05320793761260119,-0.3878242395765684,-0.3878242395765684,-0.0933396401338002,0.0,1.0,0.0,1.0,1.0,1.0,-1.1568900742616912,-1.1373123684987763,-0.9643654445882412,-1.648622093882947,1.6121859088771004,0.17522103813217219
1,2.869277450739828,0.8503887505306473,0.8503887505306473,1.99377614572838,0.0,0.0,0.0,0.0,0.0,1.0,1.6481704917231341,0.8565685921349135,1.2967357496773155,0.5130180560937467,1.1020320434169715,1.7516956501477674
1,3.5167228909851636,1.9666480830860709,1.9666480830860709,2.246572747283394,1.0,0.0,0.0,1.0,0.0,1.0,0.21564047105829892,0.5421446816545673,-0.4452949566045071,0.3913494007412247,0.6779947987952548,0.3570022927512704
1,2.1638169892281613,1.0910035531745435,1.0910035531745435,3.631341933499976,0.0,0.0,0.0,0.0,0.0,0.0,0.4041378751918014,0.23548536957227317,-1.911848903389099,-1.4132214364340807,0.026325956126569072,-0.47283290995985616
1,2.3824485439882177,0.07578193720038873,0.07578193720038873,1.7476202477798495,1.0,1.0,0.0,1.0,1.0,0.0,0.263515184522793,-1.894979556199104,-0.1682051287646053,-1.0934734302032982,-0.01486076264460745,-0.7672704467406567
0,-0.2991098794915056,0.4079508083057561,-2.0242493321356076,0.4079508083057561,1.0,0.0,1.0,1.0,0.0,1.0,-0.7870130047271998,-1.388878491519017,0.5320879639428827,-1.3586716000225119,-1.1731495916130408,-1.5847616736775503
1,2.2998903835151627,-0.2519734267140835,-0.2519734267140835,0.21569068654929158,1.0,0.0,0.0,0.0,1.0,1.0,0.18345488083667216,-1.4633599103207457,0.4407637875086722,-0.7138620345158938,-2.5413793123952857,0.1603579691509922
0,0.292998074401934,2.196220285489644,1.0065285615694652,2.196220285489644,0.0,0.0,0.0,1.0,0.0,0.0,1.2040595962338698,-0.3264349618632614,1.4059183139432954,0.571237789297736,0.4806200694404835,-0.11847296251377265
1,-0.8686954431583456,0.42626829177557174,0.42626829177557174,0.44902749316169477,1.0,0.0,0.0,0.0,0.0,0.0,-0.3094889436413347,-0.870085891421754,1.0126399472593943,0.9060508694234484,-0.3008362385601003,-0.45850509937383993
0,2.434975951964165,2.591083857286659,0.997339918237095,2.591083857286659,0.0,0.0,0.0,1.0,1.0,0.0,0.24160869221487255,1.639325453090113,-0.7478580515907873,0.39890260824393325,0.9195628838113576,-0.24342442388004432
1,-0.7381044526721257,-0.06112720993591647,-0.06112720993591647,-0.6587039917070889,1.0,0.0,0.0,1.0,1.0,1.0,-2.0184939806064435,-0.40786919222111284,-1.328909259100317,-0.7106883384714912,-2.3798591256279007,-1.4091078995771629
1,3.7109383879246067,2.5548391824387258,2.5548391824387258,6.697233216736634,1.0,1.0,0.0,1.0,1.0,1.0,0.07788902290363976,0.37112626966874174,-0.5103133365006703,0.9585720747776423,1.8231454967165281,1.3699816724433675
0,-0.41954913425609275,1.5760731030207216,0.14869813685247446,1.5760731030207216,0.0,0.0,0.0,1.0,0.0,0.0,-0.5914118560061737,1.267241417411731,-0.5013957275956877,0.19527328372901642,0.9266077304261795,-0.9856996938540625
0,0.32551675837520433,1.622507787431959,2.145655113899287,1.622507787431959,1.0,1.0,1.0,1.0,0.0,0.0,-1.041486709723763,-0.5666249724334688,0.6447448581715001,1.5895820378809848,-0.6535239196909166,-0.2227378324812021
0,-0.8177867549452864,-2.1308828364888397,-1.5760731299017179,-2.1308828364888397,0.0,0.0,0.0,1.0,0.0,0.0,-1.3260099298907606,-0.0066956121504734845,0.7007410966228504,-0.22187172413673442,-0.6734485425006357,-1.1029216215034239
1,2.2878001347541956,0.5823891534689313,0.5823891534689313,-0.5388551577003914,1.0,0.0,1.0,0.0,0.0,1.0,-1.598746138618368,-0.1637267944231957,-0.6480048909938149,-1.2290214177234209,-1.9841123109777965,-1.8525220193078793
0,2.3853040314320277,2.1361208280307835,1.42624006843752,2.1361208280307835,1.0,1.0,1.0,1.0,0.0,1.0,-0.17776522930425542,-0.7802996449106443,1.142568610912915,1.0390332681544234,1.170189730855904,2.532437827140573
1,1.8834796323774232,-0.9994449783328778,-0.9994449783328778,0.4386669659236746,1.0,1.0,0.0,0.0,1.0,0.0,-1.3726511201464155,-1.4554969585667723,-1.0763078794777279,-0.7396457168789297,-0.5240935849665995,1.1677091176488703
1,1.624749867580497,-3.1459060509328793,-3.1459060509328793,-0.12128619200498882,0.0,0.0,1.0,0.0,1.0,0.0,-0.24975822612270152,-2.0864120468728595,-0.18918340149736318,-1.587466676219746,-0.02517359281335707,-1.5443485187359585
1,1.434926158532753,1.8442333509356308,1.8442333509356308,2.2271967625072584,0.0,0.0,0.0,0.0,0.0,0.0,0.14758057584389137,1.4597563993882452,-0.5241152157852682,0.2903943789745906,0.2748681151908594,0.5551255714725557
1,4.437721041965829,4.20320225930381,4.20320225930381,5.231006531409081,1.0,1.0,0.0,0.0,0.0,0.0,1.409008422053014,0.4412853830318599,-0.4205649522859828,-0.4967307577469058,1.6060407083748913,0.7272374584571685
1,-0.3297716630668406,-0.5569615544456631,-0.5569615544456631,1.3623960483463384,0.0,1.0,1.0,1.0,1.0,1.0,-0.7091242857433752,-0.836757454645995,0.9458909572506266,-0.2878403551750022,0.11351838696445776,-1.4772721199994534
1,2.8312927134913637,1.3311524322770154,1.3311524322770154,4.018915324037721,1.0,1.0,1.0,1.0,1.0,1.0,-0.9328665046974638,-1.3383351388887226,-1.4301377742546642,-0.9221982844202606,-0.010688662285562311,0.48995917098202557
0,-3.6404275683924756,-3.4642772069709977,-2.255747157728968,-3.4642772069709977,0.0,0.0,1.0,0.0,0.0,0.0,-1.1177405815558532,-1.2350404281834515,1.1818259086732759,-2.518459676186044,-1.2069617281075768,-1.8886959896722986
1,6.990231906317337,4.981226044894013,4.981226044894013,6.512588230724933,1.0,1.0,0.0,0.0,0.0,0.0,1.1285835979748673,0.47274355673063195,-0.2872722586942752,-0.6726451540053713,2.048836712020355,0.03871951512118221
1,0.8310916545426206,-1.1347419031151496,-1.1347419031151496,1.1894451463140252,0.0,0.0,0.0,1.0,1.0,0.0,-0.5158717897999744,-1.8740724580055597,-0.697797189408814,-0.1995659229317062,-0.33718240958537277,0.24718075311245147
0,0.6488327179630056,3.7367539328888517,2.21062387526561,3.7367539328888517,0.0,1.0,1.0,0.0,1.0,0.0,0.4797528015967986,0.907269270241821,-0.943241030343062,0.038223049179153035,0.2704937503931107,-1.1218771145518787
1,2.6735907440181617,1.0677241368811725,1.0677241368811725,0.4634041899022847,1.0,1.0,1.0,0.0,1.0,1.0,-0.6748584134435665,-1.4316625847239406,-0.5569632991023639,-1.0175265303672592,-1.0941967375457085,1.2507813887929455
1,2.5220874095085417,0.3293706669599442,0.3293706669599442,2.871503007720343,0.0,1.0,0.0,1.0,0.0,0.0,-1.6360653887300594,1.966875365219661,0.303079612114609,0.4921464565708119,1.7311706963152307,-0.38097157277040683
0,2.1368853302466597,2.769187948550918,1.8113461279130105,2.769187948550918,1.0,1.0,1.0,1.0,1.0,0.0,-0.8943392554020022,0.2105995193497641,0.05903202421133891,-0.5817493398632532,1.61816373767668,-0.18071113458447607
0,1.6900244297828375,1.869142298046108,0.4518128051392151,1.869142298046108,0.0,0.0,0.0,0.0,0.0,1.0,0.25479166624522437,-1.1164164673499517,-0.9101725497543918,-0.7395141247054766,0.4604321840290848,-0.3035786715265744
0,1.6480638464178754,2.973772417202021,2.4932878924782083,2.973772417202021,1.0,0.0,0.0,0.0,0.0,1.0,-0.3529454556619945,0.306585494165059,-2.3311644778284544,-0.6086821126459034,-0.9633576446901746,0.37549936665416994
1,0.4178753102266314,-0.3750751892170294,-0.3750751892170294,0.6681673962905865,1.0,1.0,1.0,0.0,0.0,0.0,-1.852177920066782,-0.41012739445923296,-0.4127877541111944,-0.5706366605152206,-0.7775623513717491,0.40410367651226664
1,2.3106573262181294,1.451986097384148,1.451986097384148,3.6676760320305126,0.0,0.0,1.0,0.0,0.0,1.0,0.6424545126188796,-0.9107613822005968,-0.9926421454153518,0.33554886041175025,-0.01696708729229013,-0.3814770741117288
1,-0.9153533974817114,-1.172176808552682,-1.172176808552682,1.487136788709966,1.0,1.0,1.0,1.0,1.0,1.0,-1.6122208442946118,-1.279811740490473,0.2745452204443314,-1.7653154119604022,-1.7092423175437297,-1.9453374675716697
1,2.1934910097439104,3.516287304100642,3.516287304100642,4.382324249000253,0.0,0.0,0.0,0.0,0.0,0.0,0.5531606946303559,1.2510477470993104,-0.6269066594415802,2.5227251383064404,-0.4191394404324379,0.456749524323927
1,2.409596116181505,1.3212396062549927,1.3212396062549927,4.7703638489739895,0.0,1.0,1.0,0.0,0.0,1.0,0.5594658990748759,0.4548032913953668,0.5815263927891448,-0.02637658291525748,-1.419857024096557,2.033945619453456
1,-2.1201829143442685,-3.502718787769641,-3.502718787769641,0.5307658283795988,0.0,1.0,1.0,0.0,0.0,1.0,-2.6804154150592163,-1.4890869321811406,-1.5431646305070275,-1.6446967250313307,0.3902855728920034,0.19740073245010836
1,6.423823133165497,2.883211288484759,2.883211288484759,7.4250612484174034,0.0,0.0,0.0,0.0,1.0,0.0,2.7294027855797744,0.8674343181236225,1.7917997972682187,2.885278263708742,1.6661772600583118,1.7645115065020682
0,4.641609339408481,6.504618641884521,5.216656290485036,6.504618641884521,1.0,1.0,0.0,1.0,0.0,1.0,0.8298246070422746,1.843123722018973,0.70087030603069,1.2464700436680671,1.4040279494869112,0.9582923143874074
0,5.92384363314791,4.410012856198995,5.059400783821999,4.410012856198995,1.0,1.0,1.0,1.0,1.0,1.0,0.9368779332102076,0.4576020727079081,-0.1864486143640414,2.024253851051325,-0.04243760230780819,0.2687634504180565
1,4.0172027748580295,1.7981492128236245,1.7981492128236245,4.128491733230158,0.0,1.0,0.0,1.0,1.0,0.0,2.1422811987143957,-0.37619942189758326,0.9074888100996956,0.989075938218112,0.5230224502239075,0.125999452073687
0,-0.7202379960000669,-0.9925000869739429,-2.579542126750036,-0.9925000869739429,1.0,0.0,1.0,0.0,0.0,0.0,-2.0310396814453218,-0.09026809957022874,0.003655981317181256,-2.452772400707102,-1.728629960700002,-1.8764610490985394
0,3.339119177226756,3.1285431024561654,3.1446923284551396,3.1285431024561654,1.0,1.0,0.0,1.0,1.0,1.0,0.4041514962216311,-1.2741206661161926,-0.2688082110401523,0.9654425446301114,0.9561107916236171,-1.8379144237511444
1,3.1169413762899754,-0.5596376792184939,-0.5596376792184939,1.146283095974296,1.0,1.0,1.0,0.0,0.0,1.0,-1.4112081153666272,0.5917623182810261,0.7545365837689729,-1.0208024109765894,-1.5553782291621303,-0.2973903616293022
1,1.2349305706088347,0.30282154261461613,0.30282154261461613,-0.19174613183817524,0.0,1.0,1.0,1.0,1.0,0.0,-1.1741394356629413,-0.453996210595636,0.2691482875928118,-0.6805469456388975,0.17096394025274375,0.8110560228193089
1,-0.01702708101485273,0.38815609237929183,0.38815609237929183,-0.6429992487593933,1.0,1.0,0.0,1.0,1.0,1.0,-1.9366428984455837,-0.918887913126228,-0.6384595410213636,-0.6483574966360725,-0.623882920146015,0.3059197852630697
1,4.495991779804514,1.181726865218775,1.181726865218775,5.2355444852429605,1.0,0.0,0.0,1.0,0.0,0.0,1.4015803767705426,-0.3013918943130516,-1.7117669199513377,-0.23186865580756302,0.697436023428267,0.36948694046424263
1,5.866328448383381,3.196746180099691,3.196746180099691,5.722771945766834,1.0,1.0,0.0,1.0,0.0,1.0,0.23303728174847355,-0.03769495925049959,-0.31253157688319266,1.3964162249177825,0.9417059336688329,0.49084533269157127
1,4.060607845766295,2.972945614875944,2.972945614875944,2.7529117703927177,1.0,1.0,1.0,1.0,1.0,1.0,0.1132553599925243,-0.29303039618477167,-0.4293769552770603,-1.3099186477556324,0.2786952724985099,-1.6864494718129195
1,2.181033466725882,1.68694923174609,1.68694923174609,3.7812893919084,1.0,0.0,0.0,0.0,1.0,1.0,0.6348940827414472,-0.5101187454678433,1.0799822813449063,1.260748826671528,0.2587170755649164,0.5289661882290272
1,-0.38731738614773276,-1.1546093218952715,-1.1546093218952715,-0.2688379340408,0.0,0.0,0.0,0.0,0.0,0.0,-0.9789340558656487,-0.3375326799829593,-0.8703420689024427,-0.8222194362819484,-0.14703535016707275,0.9444293455204945
1,1.8849994479787393,0.5634493934633065,0.5634493934633065,2.2638117096099677,0.0,1.0,1.0,0.0,0.0,1.0,-0.19417028283104124,-0.04062640043035404,0.03698317880720409,0.1721161427446252,-0.5743356878355552,-0.8645050787610027
0,-5.612625127111652,-2.865574460943231,-3.1820344188854506,-2.865574460943231,0.0,0.0,0.0,0.0,0.0,0.0,-2.722153978929326,-1.8099904447124624,-1.6318754007794118,-1.1069074375188337,-0.5740838776811144,-0.8008380612742765
1,5.500989439373042,4.569229545019757,4.569229545019757,5.407825313351712,1.0,0.0,0.0,1.0,1.0,0.0,1.0121368130698418,1.390893305047457,-0.8153754686969524,-0.4098610235784381,0.9715992255033792,0.2742201864787186
0,1.789756622604613,3.2623564251606445,2.9310249176999674,3.2623564251606445,0.0,1.0,1.0,0.0,0.0,0.0,0.9302083692333203,-0.38487254620744604,0.945994888292987,0.7686395618953363,1.5718846529349988,0.3937105402629637
1,5.132767221035565,3.186975260719125,3.186975260719125,3.4803766181321003,1.0,1.0,0.0,0.0,0.0,1.0,1.2244870411669853,-0.7809854417971218,-1.2830014810860102,-0.09696619576261176,-0.8027856610089752,1.1573597194049494
1,3.0803685602070034,2.0651098430516512,2.0651098430516512,3.4304584862927787,0.0,1.0,0.0,0.0,1.0,0.0,0.5229844908943806,0.5389429621843319,1.0480918887248154,0.9421677928856005,0.4725819643384429,0.41583966547450646
1,5.804073726719196,4.3466290006800286,4.3466290006800286,6.254483275017018,1.0,1.0,0.0,0.0,0.0,0.0,0.6904669097183015,1.2434639023519054,-0.16531052559787013,0.5667966837937732,0.4451137204687081,-0.47744424246496453
0,-0.3458356743208786,-0.8878542487253525,-2.747010364244106,-0.8878542487253525,0.0,1.0,0.0,0.0,1.0,1.0,-0.7679667984224553,-0.9114435966268546,1.1304160874376719,-1.1140847866282946,-1.1242135390699466,-0.45559900397947856
1,1.841968670295365,1.2610391753673345,1.2610391753673345,-0.6352057667924345,0.0,1.0,1.0,1.0,1.0,1.0,-0.4637734504107662,-0.06197429360058676,-1.9475559386870893,-1.050683124791472,-0.4880206060036012,1.5100779235225006
0,3.533400258706643,6.059483069156804,4.644328433383533,6.059483069156804,1.0,1.0,1.0,1.0,1.0,1.0,0.0595620888265102,1.0668073850209912,-1.017353932371116,0.5765539851705805,0.1283529876150243,1.461746181258768
0,1.390972377537043,0.8729776888930167,-0.9294494680379776,0.8729776888930167,0.0,1.0,0.0,0.0,1.0,1.0,-0.7601936799841789,0.753119744112118,-0.2746011236702726,-0.7956080170114908,-1.0147959143937575,0.5403386417913805
0,2.1915925733674366,1.2975774333772145,-0.8324092686439459,1.2975774333772145,0.0,0.0,0.0,0.0,0.0,1.0,1.1229493555127184,0.2503641985859121,1.1047840445146666,1.994843344250735,0.004947219516818979,2.7576473693165457
0,1.3084070684188451,4.084094104362215,1.481065864758147,4.084094104362215,1.0,1.0,0.0,0.0,1.0,1.0,-0.350815167700738,1.0181236918340149,0.13673058702823687,-0.9388694528843815,0.727814361304991,-0.28541059453536743
0,2.262159187020967,2.1349610688515597,0.927243251025176,2.1349610688515597,0.0,1.0,0.0,1.0,0.0,1.0,-1.5182141584298083,1.828374668003507,0.872200996815419,1.2183580130941905,1.2872366224864782,1.684804711538907
1,4.077456225414115,4.885494115067396,4.885494115067396,4.521353647709577,1.0,0.0,1.0,1.0,1.0,0.0,1.3791515331712685,-0.07294738087102598,0.551443798800036,0.44221160999349907,1.1514604829457253,-0.4927673940960844
1,1.179868638682799,-1.3908414072036408,-1.3908414072036408,0.5869367999218289,1.0,0.0,0.0,1.0,1.0,1.0,-0.5031249285640871,-0.5181058695876208,0.5899218011067127,-1.88406844202315,-0.21115806239633464,-1.1549379844714789
1,2.3220350019155926,-0.6743769865914362,-0.6743769865914362,3.8873995316856202,1.0,1.0,0.0,0.0,0.0,1.0,0.05067507229125287,-0.10845419169819748,1.2702956903020735,-0.38240095186309236,-0.4718503142838334,-1.764680522680836
0,0.10643248811788386,1.0668358088411822,-0.7027029575630394,1.0668358088411822,0.0,1.0,0.0,0.0,0.0,0.0,0.008093214052328563,-1.8540197543893995,-0.9406908567830763,-1.6866144564702596,-0.7025327296313146,-1.0121195409442638
1,3.0585131006636788,1.8569276970581394,1.8569276970581394,2.6258861609666284,0.0,0.0,0.0,1.0,0.0,1.0,1.8521483787592112,-0.1941547217160032,-0.8921456853078644,0.19258955640547448,0.9803653179888414,1.1593635326235712
0,4.108967855443746,3.7361791770244444,2.3680950508952403,3.7361791770244444,0.0,0.0,0.0,0.0,0.0,0.0,1.2959369421724256,0.9697185115582826,0.0738059080683344,2.475606930523843,1.420985520554129,0.5827804413972083
0,2.581146038959913,3.995526147726235,3.526476368817655,3.995526147726235,1.0,1.0,1.0,1.0,1.0,1.0,-0.702626294195255,0.5998196796655648,-0.9736210058630419,0.8316955025402396,-1.8516635228384217,0.010551530033627965
0,0.25796896985321327,-0.44440191749595925,-1.5599413517336784,-0.44440191749595925,1.0,1.0,1.0,1.0,0.0,0.0,-1.4679653895905773,-0.12164973901843557,-0.3203969216377238,-1.1050604601177572,-0.8182468270270715,-1.1605806675293757
1,5.021037029713884,3.5983009919104174,3.5983009919104174,3.857261763858703,1.0,1.0,1.0,0.0,1.0,0.0,0.7743407108641057,-0.5030978204603853,0.15141518696787223,-1.2734099731990305,0.5475526373155941,-0.16694801771455264
1,6.086487415817155,5.239963300743463,5.239963300743463,7.1091837140046135,0.0,1.0,0.0,0.0,0.0,0.0,1.898666904558151,2.1421410553722184,-0.2723270958984129,0.6243260883195902,-0.5078613492382493,0.7907052569694069
0,1.1194582777504822,3.5939047864132965,2.6016904941706116,3.5939047864132965,1.0,0.0,1.0,0.0,0.0,1.0,-1.3085914112613486,0.36958799475836795,-0.0033939815698776077,0.07143709234458209,-0.66604899689383,0.5782448945420957
1,3.2804090895987303,1.185476929629033,1.185476929629033,4.648424084734666,0.0,0.0,0.0,1.0,0.0,0.0,0.3182036644261338,0.8073995148268721,-1.6720822903009946,-0.47162770183529645,0.27024273284318207,-0.6933899278251952
0,2.938310667516166,4.015174311886045,2.986544147310842,4.015174311886045,1.0,0.0,1.0,0.0,0.0,0.0,0.7691367479656781,0.6624459762797162,-0.779056669235968,0.002308275573808416,-0.5047256024618811,-0.2780955809373479
0,-0.9959315935048147,1.4416862926298513,1.5893221148028325,1.4416862926298513,0.0,0.0,0.0,0.0,0.0,0.0,0.5447921581847818,-0.8428682828290701,-1.0184356460764639,0.6859092783047624,-1.556598617738821,-0.36907659713453034
0,2.8502919863296974,3.27349073572332,2.502336644330509,3.27349073572332,0.0,0.0,0.0,0.0,1.0,0.0,0.45838870409817656,0.2605143433172813,-1.7341853552544586,0.3270259969946018,-0.32883290977344,0.9786439871434169
1,3.0696856606439464,1.8135956811503355,1.8135956811503355,2.301594077614988,1.0,0.0,1.0,0.0,1.0,1.0,-0.19404874799150187,-0.7448092934512394,0.9674932731922303,0.7349134658834802,-0.4678953542024958,-0.124685670861434
1,3.9815014464901783,0.06077935990011618,0.06077935990011618,1.99812368174367,1.0,0.0,1.0,1.0,1.0,1.0,-0.2843043696871727,-1.2775013651980465,-0.8674793632839364,0.3453645800618309,-0.8104675467907774,0.7559672650609908
1,0.9061445472138119,-0.7308923282374618,-0.7308923282374618,2.659920223572175,0.0,0.0,1.0,1.0,0.0,1.0,0.08061324664352945,0.7049868240534484,-0.08712583947351726,-1.3269469418125368,0.13460406799057065,0.5557647382992303
1,4.879420540722433,3.889069669226001,3.889069669226001,4.07788754215302,1.0,1.0,1.0,1.0,1.0,1.0,0.14757673956356562,0.8623092524279169,0.5324390031909226,-0.6021010235101553,-1.0527226414959854,0.9954657005048996
1,5.388755532390782,3.6400978169149067,3.6400978169149067,4.998099075607397,1.0,1.0,1.0,1.0,0.0,1.0,0.9236620786217064,0.03941426340258719,-0.19812766105174587,0.9338865736179982,1.563456412602131,-0.1657049353327365
1,4.124792594761407,2.539823349959967,2.539823349959967,3.7449895540334794,0.0,1.0,0.0,0.0,0.0,1.0,0.0064866336032737264,1.1833894600122363,-0.3693566894816851,1.610669405459957,0.8635038757828266,0.5845825811590921
1,2.0809599027667662,2.4587955816710956,2.4587955816710956,4.355643017018481,1.0,1.0,1.0,1.0,1.0,1.0,-0.5311440639612864,0.6552234165459665,0.04705227038693449,-0.35883108704318767,-0.8672725673711994,-0.8606088199492967
1,-0.2203451460850221,-0.7499188039544209,-0.7499188039544209,-0.9989664956396285,0.0,0.0,0.0,1.0,1.0,0.0,-2.184696866147287,-0.6132734830135794,-1.1785073796422485,-0.6215006626989069,-1.0398779628736459,-1.2027541861734723
1,3.16470770221218,1.7056048909625379,1.7056048909625379,5.126811238315644,0.0,1.0,1.0,1.0,1.0,1.0,-0.43577063221166196,-0.16371746179090024,-1.2400890536924771,0.8440391903936852,0.32480775724199434,0.9920930033182683
1,3.570578191784267,1.3692330998221207,1.3692330998221207,3.5750482994567636,1.0,0.0,0.0,0.0,0.0,1.0,0.026384219407789535,0.49134069684013787,-0.018531595469214762,1.3909503391510742,0.2596677346848359,-0.18193495314390212
0,0.3379825107690382,5.907802241509799,3.0631696723403055,5.907802241509799,0.0,1.0,0.0,1.0,0.0,0.0,0.6673817212704557,0.44850498676414574,0.591212955442235,1.3536660802113665,0.10279221916820547,1.5130397328404783
1,2.048009514209828,-0.0926229796514566,-0.0926229796514566,4.816478242722203,0.0,1.0,1.0,0.0,1.0,1.0,0.30643203748776926,0.2926358083998331,1.1324563563155865,-0.6495783431664238,-0.2723517459375128,-0.4869383161208873
0,1.611647340075402,3.044514097815531,2.4558091164043048,3.044514097815531,1.0,1.0,1.0,0.0,0.0,1.0,-2.082738198974361,1.6321016627780724,-0.048216430570486024,1.1629418274867556,-0.10925421709315641,1.1252553912098584
1,2.216074034695152,4.518674656497853,4.518674656497853,3.1198557753148797,1.0,1.0,0.0,1.0,1.0,1.0,0.3180897857519274,0.6816811048283866,-0.413037050630772,0.11111370139615961,0.8062232369096342,0.6260373584839494
0,1.2804618581920257,1.7553107619955923,1.6457231656869462,1.7553107619955923,1.0,1.0,0.0,0.0,0.0,0.0,-0.46480001747211247,0.23891203438541486,-0.9695321640325053,-0.9111872179205673,0.6059018958177844,-0.30226616579382654
1,-3.264313125537643,-3.929719160505416,-3.929719160505416,-1.5345570835873248,0.0,0.0,0.0,1.0,1.0,1.0,-1.933832271959644,-0.7554371230113868,1.2992789385891286,1.700361763165525,0.21646254718020985,0.8185081528547637
1,3.877292839050373,3.4175091208904282,3.4175091208904282,2.0233944130794494,1.0,0.0,1.0,1.0,0.0,0.0,-0.08696144005672503,0.7226709831086997,-0.6973354419594722,-0.2903798374598309,-1.0676635480087084,0.05677509175164591
1,3.13927192241814,2.6731343010618205,2.6731343010618205,3.6301404684642744,0.0,0.0,0.0,1.0,0.0,0.0,0.976648509928513,0.8708550443188994,0.14744295525708373,1.4828291242587794,1.5063434462663423,1.1077864525603642
0,-1.4056144150713867,1.8299150193819522,-1.4562065057603697,1.8299150193819522,0.0,0.0,0.0,1.0,1.0,1.0,0.34168059558542385,-1.8408595905783223,-0.311006803887226,-0.9474387023450302,-1.5256624629025952,-0.7114931083723619
0,0.5712549223362445,0.6360608621698527,1.1964970762532925,0.6360608621698527,0.0,1.0,0.0,1.0,0.0,1.0,0.2768674231891311,0.2796738627514165,0.7512879897703549,-0.2813827512980987,-0.025353995898225734,0.8782963092896096
0,3.8849512900034537,8.290394571587004,4.447209387032535,8.290394571587004,0.0,1.0,0.0,1.0,1.0,0.0,1.4853012660130955,2.4664020495174936,0.14386764231045257,0.3935488598188125,0.891319990011004,1.9541567755541431
0,0.8799773320565565,2.0183654176693246,1.0969900161504256,2.0183654176693246,0.0,0.0,1.0,1.0,1.0,0.0,0.10554668001227224,1.1920078356824133,1.638614947759144,0.3247465573873577,0.6404586987680104,-0.9221423860537754
1,1.6103494971813672,-0.22178376112237785,-0.22178376112237785,2.606601274606675,0.0,1.0,0.0,1.0,1.0,0.0,-0.41262049960358615,0.6664891945192783,0.7525549010220338,1.0744574631243244,0.6387367739206338,0.38492791639642343
1,4.601596433015966,2.6443878823804376,2.6443878823804376,3.5014327846889524,0.0,0.0,0.0,0.0,0.0,0.0,1.3195477384540315,0.8490107952896475,-0.9068346293456289,1.598026185067372,0.2757861797746526,0.17874893920724952
1,0.8983339740548107,0.283332247114146,0.283332247114146,0.37304501600299944,0.0,0.0,1.0,0.0,1.0,1.0,-0.33135929806933767,-1.0407627299017341,-1.8722106762766821,-1.7182189550352376,-1.2552700814305342,-1.973438340245361
0,-1.5693059449529008,2.6438840474484593,1.4230478639956992,2.6438840474484593,0.0,1.0,0.0,1.0,1.0,0.0,0.6717617584421762,-0.8355422283565695,1.8545955549175508,0.983661062101518,-0.5943198647094481,1.5623115159352374
1,-1.336921436035198,-0.8109966537382656,-0.8109966537382656,0.41522636409346236,0.0,0.0,1.0,1.0,0.0,0.0,-2.0244708508553884,0.9247240025654715,-0.7753299016311044,-0.9305356555874265,-1.0193283746765947,0.07419357158129514
1,2.334551339218728,1.973104337771455,1.973104337771455,5.079712618456541,1.0,1.0,0.0,0.0,1.0,0.0,-0.3141806274513393,0.17670997966870994,0.6239440917987599,2.3681588566777125,2.0116734609799436,2.684445075776954
0,1.2067314768392663,3.8362566937882834,1.10649822683269,3.8362566937882834,0.0,0.0,0.0,1.0,1.0,0.0,1.1805217436290176,0.5219735156562448,0.8646479752543528,1.2009295197401753,-0.2654400648315485,1.6074369602237004
1,0.5468968405202034,0.4512467829360107,0.4512467829360107,2.0253653778025433,0.0,0.0,0.0,0.0,0.0,0.0,-0.14438462436259525,-0.136941870748927,-0.03822874307715757,1.8299874672411223,1.0310174621611483,-0.6945619230864093
1,5.1986729601574115,4.215543425122053,4.215543425122053,3.4063223491621715,0.0,1.0,1.0,0.0,1.0,0.0,0.4238205209990339,0.6759515928299829,-0.14777228081422422,0.942860534434693,-1.2993512915737322,-1.2783396931744708
1,5.291760128463586,2.2277285512893084,2.2277285512893084,4.8401496148291026,1.0,1.0,1.0,1.0,1.0,0.0,0.9480447323605015,0.17371260090643703,2.526707590429398,0.35906793570419193,1.0693809180737202,1.0563574430167182
1,0.7409009269898016,-0.15486552668382442,-0.15486552668382442,0.5642281100182789,0.0,0.0,0.0,1.0,0.0,1.0,-0.012911569950502782,0.37547206550335804,0.6576424099334545,0.7742752605855725,0.06814809787185272,0.6261695628206658
1,4.792237255567885,3.6863264076480093,3.6863264076480093,3.009034666551638,1.0,1.0,1.0,0.0,1.0,1.0,-1.695135108670752,0.6537888799404106,-1.5072349023239555,0.34895501966938175,-0.07662338141893954,-1.055951701223523
1,3.8690607346735315,0.5135019289911585,0.5135019289911585,2.7984800970384396,0.0,0.0,0.0,1.0,0.0,0.0,0.7566090636088345,0.7241507182924821,0.7986784142723367,1.33391094634036,0.1704029277759243,0.40893519876772727
0,-0.46103560498790125,1.0214326864720755,0.1958810924635593,1.0214326864720755,0.0,1.0,0.0,1.0,1.0,0.0,-0.624441694830455,-0.9587472393894478,-1.186583002162859,0.24348688197361756,-1.6986944095172796,-1.2916338522581285
0,1.7245708053371058,3.2409173498958372,1.0086581457441317,3.2409173498958372,1.0,0.0,1.0,1.0,0.0,1.0,-0.05258737596325607,-1.0073743070782526,0.10943539921554124,0.993319425853255,2.3306253930905947,2.0561905550901303
0,0.7682236643982977,2.0195441991552006,1.4645970546392464,2.0195441991552006,1.0,1.0,1.0,0.0,0.0,1.0,0.20029863983058976,-1.4053896523891576,-0.38593317669868604,-0.7634929330121003,-0.37679841791318885,-0.8310979788011967
0,-3.1803371388090156,0.5453378215896255,-1.356654572787621,0.5453378215896255,1.0,0.0,0.0,0.0,0.0,0.0,-0.773267064418072,-2.932719759809927,-0.5998915481496377,-0.33346530938766106,0.23704534929784182,0.42039089782171224
1,4.672203891199038,2.7324961074555416,2.7324961074555416,4.322357346081807,1.0,0.0,0.0,1.0,1.0,1.0,1.3639510826204064,-0.16418579134410022,0.8152874686725009,-0.18375903637664387,0.5006051679104354,1.3805391308961557
1,-0.11503910004452655,-0.8189558439578666,-0.8189558439578666,1.2329852573788336,0.0,0.0,0.0,0.0,0.0,1.0,0.23230917893307726,-1.1171935954556502,-0.47551847563139804,-0.4936546271624895,-0.6541353723460513,0.42150968982803766
1,6.824571971786978,5.219987452764023,5.219987452764023,7.431189126711968,0.0,0.0,1.0,0.0,0.0,0.0,2.046204639742938,1.779313930601958,1.0880899352893825,1.2678551381371705,0.5217004028370984,3.5931678432903835
1,2.9098940636143555,4.346886604137835,4.346886604137835,3.225338152160534,0.0,0.0,1.0,0.0,0.0,0.0,1.3444831255315999,0.9611578318295326,1.0715564855111077,-0.3925482220664381,-0.2428515677028859,-0.09036820182357852
1,0.24969318236279614,-1.3840188342190116,-1.3840188342190116,2.535155876562828,0.0,0.0,0.0,1.0,0.0,0.0,-0.2774723703341346,-0.8111865978939786,-0.8873980944939907,-0.762157302915785,-0.6231421971481497,-0.22591140250579372
0,1.5150717866498957,2.6528082825425554,1.305905073884897,2.6528082825425554,0.0,1.0,1.0,0.0,0.0,0.0,0.4202229841374289,0.13028789026048793,0.5136428273100447,-0.9964048216566102,-0.7596929164425381,-0.8571670279612731
1,-0.6174331990469262,-2.6683967069131533,-2.6683967069131533,-0.5162549291273253,0.0,1.0,0.0,0.0,0.0,0.0,-1.0375534126822632,-2.118090611075841,-0.3048066344230679,0.4176086766683863,-0.277216854478558,-0.6159699491284611
1,0.7873685272725343,2.216726715232659,2.216726715232659,2.4453772436498107,1.0,1.0,0.0,1.0,1.0,1.0,-1.2970218726484322,-1.1369575856453955,-0.7865258223832698,0.8647006396187895,0.6303462579797148,-0.5541049739486748
0,-0.5002366180128484,1.436632056570365,-0.5328747057445206,1.436632056570365,1.0,0.0,0.0,0.0,0.0,0.0,-0.3371731180375835,-0.7959975972809543,0.13957533002843855,-0.9110025167713232,0.0304200441892713,-0.7975581495960786
1,2.6695572559999357,-1.3502926693358863,-1.3502926693358863,1.9039361305059104,1.0,1.0,1.0,0.0,1.0,1.0,-0.23410704555070994,-1.2846879959695006,0.9279159264643215,-1.4367322161219824,-0.4411330039846094,0.2677440584602554
1,1.6937985400442024,2.1423806440187603,2.1423806440187603,3.4692756041407975,0.0,0.0,0.0,0.0,0.0,0.0,0.11679632863280323,1.007405660930189,-0.13789778186070079,0.9981897962089273,0.3880873372453248,0.42628452748026874
1,0.4346239525595047,-0.3912196184554649,-0.3912196184554649,-0.9298738177766639,0.0,0.0,1.0,1.0,0.0,1.0,0.11983682076329301,-1.6604945179277013,-0.9928217902855931,-0.6181929381597169,-1.079879428559103,0.08584154364916796
0,-0.6498722326481987,2.6469159681618066,-0.2052693317810535,2.6469159681618066,0.0,1.0,0.0,0.0,1.0,1.0,-0.017831329798464614,-0.6867374447501478,0.3386885731838393,0.45266367494544946,0.9392677724777464,-0.16835617972260272
0,-1.1014584541023535,0.6277386628711454,-0.8182840796808106,0.6277386628711454,1.0,0.0,0.0,0.0,0.0,1.0,-1.2178672154202628,-0.34000115286139265,-1.8592546040291866,-1.8553841936883844,-2.347982326059527,-0.8853712596248773
1,0.7652078432651739,0.964146193468156,0.964146193468156,1.3014981736167384,0.0,0.0,1.0,1.0,0.0,1.0,-0.8512063779723916,-0.161493493831697,-1.0567201970851714,-1.4632839388169474,0.23120400269985864,0.44552394667093803
0,-2.816725757208601,2.320992866850551,-2.2901474782270848,2.320992866850551,0.0,0.0,0.0,1.0,1.0,1.0,-1.673712418324299,-2.2075618004993736,-1.8458521937295909,-0.7219281094544623,-0.49400846721836245,-0.34088785337790994
1,1.1232219258941882,0.4701893316930281,0.4701893316930281,1.049496744507198,0.0,0.0,0.0,1.0,1.0,1.0,0.7350505740857676,-1.7647519042890867,-0.7369726411582136,-1.2134119447092604,-0.8985937813286273,0.2333985537344363
1,0.5244882766796183,-1.183246358027452,-1.183246358027452,-1.130775460672219,0.0,0.0,0.0,1.0,0.0,1.0,-0.4973301039009213,1.0950766120180164,1.4208819141221702,0.3284783570649017,0.3239076437638335,0.8773789034696049
1,-1.154434202399106,0.039455994407344486,0.039455994407344486,0.4912644007565123,1.0,0.0,0.0,1.0,1.0,1.0,-1.1955397131361523,-0.5629752602235508,0.09771147116318542,-1.3676241882688431,-1.3069414089068183,0.11692993881783803
0,0.8748007729682524,2.273872539932612,0.17957619085646204,2.273872539932612,1.0,0.0,1.0,0.0,0.0,1.0,-0.10241924534974602,-0.656376407958573,-0.48392255396997114,0.06549790482536348,-0.17682364513462331,0.13107972518344208
1,2.1290237012439066,-0.21871975102818686,-0.21871975102818686,1.2422490636750465,0.0,0.0,0.0,0.0,0.0,0.0,0.8450125484253672,-1.5316026951776711,-0.0996369416627999,-0.637099477440247,0.20977107798720412,0.2548455794036887
1,4.623349079685368,1.860217763264223,1.860217763264223,3.3552108461623784,1.0,1.0,0.0,1.0,0.0,0.0,1.1916041158492459,-1.0793852059169435,-0.21282338543408266,-0.5205051368840767,0.13537865299049245,-0.8751116085939667
0,3.147348228099581,2.794175925999364,2.3419421172214197,2.794175925999364,1.0,0.0,0.0,1.0,1.0,0.0,-0.5074255704460364,0.5293638475554518,-2.0688813495996294,-0.4005849247204016,-0.1351746417983063,-0.26458980267158594
1,3.8122018271723004,1.601344469229248,1.601344469229248,3.3047456412586,1.0,1.0,0.0,0.0,1.0,1.0,-0.5556720046196046,-0.08223165488532289,-0.7918987759665749,0.778206037607134,1.1477673906530361,-0.003959952983649442
1,1.511582806570344,0.048614223320403605,0.048614223320403605,0.34313894896895336,0.0,0.0,1.0,0.0,1.0,1.0,0.45591252514748204,-0.164822424817633,0.48465953729732036,-0.29433589494523493,0.6154388501171346,-1.9649010092420485
1,2.9892023514442587,2.2195770985594123,2.2195770985594123,2.184240201345216,1.0,1.0,0.0,0.0,1.0,0.0,-0.9466039281820842,-0.3844433943582196,-1.3905418319041134,-0.2774054626663655,-1.2056075291432955,0.2792161464558147
1,2.2178265259575833,1.523409989264485,1.523409989264485,4.54441173483793,0.0,1.0,1.0,1.0,1.0,0.0,0.5309721612402077,0.18300277011459998,1.143488690355976,2.544905327416208,1.2135625220736546,-0.06662515444250161
0,1.6787468205212184,7.339700530328645,4.798925470805854,7.339700530328645,0.0,1.0,1.0,0.0,0.0,1.0,1.0055137382712664,2.17339883028294,0.46946702170765586,-0.0377612865621364,1.1540288133594006,-1.2294341118119307
1,5.035433559503904,1.1157634825334117,1.1157634825334117,5.922283159318684,1.0,1.0,0.0,0.0,0.0,0.0,1.919972815569982,-1.6784084921702487,0.3411945113534905,-0.8000624974414359,-0.5869090282148602,0.8775792328890276
0,2.0783655064404987,0.20024003583122552,-0.25971776721341944,0.20024003583122552,0.0,0.0,1.0,0.0,0.0,0.0,-0.46164129194093356,-0.10747231813330443,-0.703207195648212,1.021922621387655,1.1363901269798737,0.053023318879060165
0,-1.134386057097102,1.2773395573530537,-2.661083529006952,1.2773395573530537,1.0,1.0,0.0,0.0,0.0,0.0,-1.1888847870796533,-2.6296331199316167,-2.795855378931205,-2.035287642986258,-0.46142130972164397,-1.8111116388219455
0,-2.338784142048051,-1.8729967562366847,-2.4136683059506874,-1.8729967562366847,0.0,1.0,0.0,0.0,1.0,1.0,-2.447970192335374,-0.49917529046185094,-0.4800044313734561,-2.00544044786788,-0.5795673787292411,0.31346851595582464
1,7.133011460660324,5.74491532805445,5.74491532805445,9.016460084395026,1.0,1.0,1.0,1.0,1.0,1.0,1.1636056344090786,0.46153248950401377,-1.4978021525975067,1.3424185847209085,0.9851397996122309,0.6385267124201887
1,1.3901141263617747,-0.5176787960301124,-0.5176787960301124,0.5926457397001121,1.0,0.0,0.0,1.0,0.0,0.0,-0.22291330143004132,-0.8602449569211654,1.6342574348835008,2.177367879764761,0.2840072376173448,0.49341576589731706
1,0.5789232872232009,-2.4551327399305274,-2.4551327399305274,-1.1397841780409443,0.0,1.0,1.0,1.0,1.0,0.0,-1.3419880597931948,-1.2064749589257828,0.9651240221596553,-1.5524999148843293,0.6908260218088832,-0.2517667252610538
1,10.103065610880181,7.500918449664511,7.500918449664511,11.20071365304556,0.0,1.0,0.0,1.0,0.0,1.0,3.2813638781472116,2.6267475916981273,0.7395193879469644,0.3975972984618629,2.2904345528742587,-0.46227680041088126
0,0.49489374348974424,-0.5034559410618293,-0.7437166581944947,-0.5034559410618293,0.0,0.0,1.0,0.0,0.0,0.0,-0.7585885951359674,-0.021225814622107597,0.8605528862175782,0.6317472026602747,0.7556420752035982,1.1519564304701628
1,4.306866096245656,3.2870852955173397,3.2870852955173397,6.817618849374869,1.0,1.0,1.0,1.0,1.0,0.0,0.011438807306965705,0.9729701840494223,-0.15092253957489854,-1.082694189606699,-0.5145566999138828,-0.3082425969938767
1,2.1091278559467828,2.2095132900988546,2.2095132900988546,2.66661859542219,0.0,0.0,1.0,0.0,1.0,0.0,0.10567127760540618,-0.7328880576325851,-1.3762881356111103,1.1986268586908242,-0.6224959910607292,0.498044537283814
1,0.29738681325212646,-0.30388854634149176,-0.30388854634149176,3.3012650524157428,0.0,1.0,1.0,1.0,0.0,1.0,-0.37180833746615627,-0.24723367546495,-0.35669409879608666,0.1380275252777176,-0.42707628301237244,0.06372761694490456
0,4.397464955255487,3.732879036908783,2.988419036507259,3.732879036908783,0.0,1.0,1.0,1.0,1.0,1.0,-0.7375686115132497,1.2798916213027454,-0.6622593963480935,0.24328237511305817,-0.3532333994153302,1.3342393524018865
0,-1.7822946027446163,1.5239553941864266,-2.3627351697078347,1.5239553941864266,0.0,1.0,0.0,0.0,1.0,1.0,-0.6499868338936352,-0.6539841850701661,1.3277300851543938,0.1850695094204579,-1.334528632278649,-0.053926781898130244
1,4.242690728197788,3.261554754441718,3.261554754441718,4.685556590117484,0.0,1.0,1.0,1.0,1.0,1.0,1.3293722141327249,0.5085342062626489,1.3654441832635875,2.147291290121111,0.6867461359412652,0.715684854804611
1,2.6495741784455284,2.8204678130320295,2.8204678130320295,5.0627303710652285,0.0,1.0,0.0,1.0,1.0,0.0,-0.19871538519779622,1.1408692446827469,-0.9712707585281405,0.8657823915600614,-1.1900838957609734,0.6711603532874725
0,2.182747443789363,2.577448090278624,2.547590322194053,2.577448090278624,0.0,1.0,1.0,1.0,0.0,0.0,0.4265362967352472,0.027043747744351324,-0.3426127241775168,-0.03062778232198063,0.6246674077912993,-0.026511577457814357
0,5.557506940536831,7.152323484422654,4.170770461228463,7.152323484422654,1.0,1.0,0.0,1.0,0.0,0.0,1.0756154856071984,1.5973122710570562,-0.43515277292335275,2.8257682659223256,1.1850068370199005,-0.3509444505819036
0,0.31474866777025945,0.9883968259857829,0.3854817941503397,0.9883968259857829,0.0,1.0,0.0,1.0,0.0,0.0,-0.3642041935592186,-0.4631884372596118,-0.6344116495743171,0.34159444153824964,-0.3303988886023328,-0.9546075706974584
0,0.57528931025282,1.7134131197747555,-0.07388833320871482,1.7134131197747555,1.0,0.0,0.0,0.0,0.0,0.0,-1.067901850859574,-0.3649006488287158,-0.016616239961941393,-0.14257866157962484,1.2588055605139714,0.02219448374239863
1,11.351185491199175,4.410921166680749,4.410921166680749,10.261765752581821,1.0,1.0,1.0,0.0,0.0,1.0,0.5276641771032649,3.0833774895857298,0.547994539335839,1.2988349946937707,2.784789566157799,1.9276591079547158
1,0.2606325291975209,-1.0550643720986543,-1.0550643720986543,1.4501459330994317,1.0,1.0,0.0,1.0,1.0,1.0,-1.5766069690326034,-0.8370839647773969,-0.33858762092128214,-1.2188536425517706,-1.4486740182119058,0.3375083956956617
1,3.52179110618036,2.819152077664754,2.819152077664754,4.266313338113971,0.0,1.0,1.0,0.0,1.0,1.0,0.09983995331424382,0.6344418814359634,0.3291428751849537,1.1717421323457793,0.6333399242587716,-0.013049945798745521
0,-1.5870630170344757,0.44985767670075605,-1.7557047012949862,0.44985767670075605,0.0,0.0,1.0,1.0,0.0,0.0,-1.2098220682061758,-1.090900919007806,0.4908333609750717,-0.2956857834752313,-0.8164484987274496,0.3364258138564201
1,2.18193144338965,0.9184740666322837,0.9184740666322837,1.726404452156085,1.0,0.0,1.0,1.0,1.0,1.0,-0.6096521163636709,0.6280906080444626,1.5315326374314737,-0.297948993618969,-0.5253738400086911,0.21044396206477617
0,0.4376192256356321,0.4485181774703451,-0.9839486027372646,0.4485181774703451,0.0,1.0,1.0,1.0,1.0,0.0,-0.7019366761067609,-0.5791488108893539,-0.16070760848167978,-0.3473848686565076,0.13221422541455247,-0.8885210712162551
1,5.653715247299589,2.938271326144104,2.938271326144104,3.5384936025645377,1.0,0.0,1.0,0.0,0.0,1.0,0.7312522642105667,0.3668528955678243,0.8057461958246226,-0.9279251252697414,0.9548906932129884,-0.42161781374451157
1,3.363021869360178,2.9728042470393303,2.9728042470393303,4.032930807951499,1.0,1.0,1.0,1.0,1.0,1.0,-0.6641435990155001,0.5704041396470845,0.24680788266779535,0.22176786332708143,1.5655873060200398,-0.48208369087076347
0,3.2670529901759786,4.941291637430154,3.708680031018496,4.941291637430154,1.0,0.0,1.0,1.0,1.0,0.0,0.10157431534368874,0.76545174077777,-1.0912951940846778,0.6308196747524908,0.485783330284248,0.9125593228824022
0,5.244754001914759,6.676836029485019,5.014040342547655,6.676836029485019,1.0,1.0,1.0,1.0,0.0,1.0,1.4690269142668972,1.6820106724305606,1.5245951929979897,1.2639990721899839,-0.10946370306506137,0.8723256144332012
1,4.090029666264836,2.4040455255297477,2.4040455255297477,2.3981524929278475,1.0,0.0,1.0,0.0,1.0,1.0,0.15650569339896978,-0.2567424233511058,-0.9787123870345544,-0.5883865548297346,1.925461560309759,0.024284187186519632
1,5.169357902900625,4.784782755796552,4.784782755796552,5.638645034478305,1.0,1.0,1.0,0.0,1.0,1.0,1.9851546868162986,1.3834731470136576,2.892295197553887,-0.17248177906382955,1.080853271994917,0.454014242993071
1,4.1801014323816,2.179800986250032,2.179800986250032,5.074626292137968,1.0,1.0,0.0,0.0,1.0,1.0,0.11669548807444141,0.2908684398874092,0.1775132488129581,0.5236674787806079,0.25835779909520423,0.2506896774967669
1,4.006732359002207,2.101681381377736,2.101681381377736,2.303333389526767,0.0,1.0,0.0,1.0,1.0,1.0,0.3217976432509491,-0.5954736445290556,-0.21148959973906456,0.09443329571206993,-1.039270670543818,-0.7353429690299422
0,2.3060013974915563,2.5830221148288373,1.0084492564360379,2.5830221148288373,1.0,0.0,0.0,1.0,1.0,1.0,-0.36633509385966073,0.5175182988839083,0.7460551576784125,0.5897835928924069,-0.3753149396435515,0.8092281150416212
0,3.2231317582514496,5.329600458291848,4.120867056819578,5.329600458291848,1.0,1.0,0.0,0.0,1.0,0.0,2.942990770551048,-0.2122017291544659,1.432959753745819,-0.5617271915098994,1.496041730468182,0.19773219254330754
0,-2.003185971908493,-2.2262068637118806,-3.3428400342728697,-2.2262068637118806,0.0,0.0,0.0,1.0,1.0,1.0,-1.3461239733157444,-1.452593182917625,1.6451584219680047,1.78710038991638,-1.0800130140631174,-2.3214812553478934
1,5.076082161517382,3.917835321568557,3.917835321568557,4.198903483925523,0.0,1.0,1.0,0.0,1.0,1.0,0.2078023791968783,0.8821743846577695,-1.4926706143349953,0.6639406234944536,-0.8776780625594651,-0.2222330883843374
1,3.5066554883041476,2.181414015748093,2.181414015748093,4.989930969611973,1.0,1.0,0.0,1.0,1.0,1.0,0.15010883773189876,0.050786423839739,-0.03971729853517875,0.9689786695878561,0.024642331299205865,-0.27776718612786716
1,0.011110192823436282,1.7797126366187541,1.7797126366187541,2.1765132595204473,1.0,0.0,1.0,1.0,0.0,1.0,-0.4184098305829444,-0.24037943768136125,-0.3957011342918761,-0.3146220539259633,0.06300232252954696,0.5644567563715374
0,0.40195348903559136,3.888720669666159,0.004137617933326565,3.888720669666159,0.0,1.0,1.0,0.0,1.0,1.0,0.1420393641883123,0.055577981495985584,1.1042066477879369,1.181074875321449,0.44325068019521985,0.8334825314696497
0,1.8236502775901031,3.1554250565717825,1.6356995702915431,3.1554250565717825,1.0,1.0,1.0,1.0,0.0,1.0,-1.1969758100244483,-0.09190734593057572,-0.6525664112384783,0.592718713344484,0.3712932802567035,0.06444979721438925
0,-0.5864472079039408,1.5891190922346654,-0.3571807693375566,1.5891190922346654,1.0,0.0,0.0,1.0,0.0,0.0,-0.6154315834297759,-0.7871440784327918,-0.22443707431681426,0.13707058190100102,-0.8984841360506273,-0.6047982395201694
1,0.7265614088444052,3.404022879704077,3.404022879704077,5.134326881345418,0.0,0.0,0.0,1.0,1.0,1.0,0.8385813606210288,0.3870497547600597,-0.5934631310753353,0.868979679945538,-0.12331299483847218,-0.7712273856619098
1,4.324522466443974,2.6706578379435952,2.6706578379435952,3.113365455429497,1.0,1.0,0.0,1.0,1.0,1.0,-0.02991586641857213,0.9527077968620838,0.07900144381909374,0.1542274972643751,-0.6718896135407346,-1.729020797032246
1,2.5702246511942035,-0.518328140753678,-0.518328140753678,1.8393927145071989,0.0,0.0,0.0,0.0,0.0,0.0,0.8339934957660766,-0.24835076948511287,-0.14064761288643052,-0.2619941110569439,0.599707668778729,0.8330647472256107
0,2.4948461377059443,2.3180937172813696,3.29635667477511,2.3180937172813696,0.0,0.0,1.0,1.0,0.0,0.0,0.21399088864327281,0.694848529737621,0.09966428567349706,-0.4070085769786472,2.512191714155487,0.8522829123537362
0,5.144911364580739,7.5515610577063095,5.894226220150494,7.5515610577063095,1.0,1.0,0.0,1.0,1.0,1.0,1.9084259896575482,1.0827925044880673,-0.6616301612955937,1.2542016293904303,1.1301911660834507,0.933696528570705
0,-0.28441067566951317,2.6411888910040267,-1.6892942389633605,2.6411888910040267,1.0,0.0,1.0,0.0,1.0,1.0,-0.8978445266492839,-0.9669317699020381,-1.1148533446308153,-0.3859101708379055,-0.6149883641900743,0.4855094412973866
1,3.6593738327229177,2.2978037070318296,2.2978037070318296,3.9247331022906655,0.0,1.0,1.0,1.0,1.0,0.0,1.3322703949921233,0.4450373536197474,1.646327926045163,0.6473338327764089,1.233058108175574,0.11525901620594792
0,-0.7421836531891561,0.2540654984030285,-3.1321589339013483,0.2540654984030285,0.0,0.0,1.0,0.0,0.0,0.0,-0.5131356029563121,-0.6313007760667037,0.5650727109743101,-0.8878798021349096,-0.3097109043989477,1.7268083966956633
0,-2.4737831587762242,1.5675753500931833,0.6383842626153207,1.5675753500931833,1.0,1.0,0.0,0.0,1.0,0.0,-1.2852767296790761,0.34234583352457304,0.2787729779782886,-3.202535159033548,-1.7523097262943228,-1.6711068651286243
1,2.0235710632387245,0.9774914992361958,0.9774914992361958,2.4289927544346352,0.0,0.0,1.0,0.0,0.0,1.0,-0.1307819965311592,0.9871991838774407,1.1581042046824943,-0.15035673922488618,0.2511918894733999,0.9377422375478021
1,-0.18161749864514742,2.525931437115148,2.525931437115148,-0.9334458030240008,1.0,0.0,1.0,1.0,0.0,0.0,-1.0822173893091642,0.24007651471634173,-0.11354790222229616,-2.0625321835233494,-2.0216451404680056,-0.33478640141522203
0,0.003498830762619476,-1.4202564297853817,0.5551978958479387,-1.4202564297853817,0.0,1.0,0.0,0.0,1.0,0.0,-0.5310131390325399,0.22087958300400887,1.0099709130012289,-0.46960456269837425,0.6360580317976268,-0.028464447895081957
0,1.5305800504209386,2.4626090716944136,2.9331424948027633,2.4626090716944136,1.0,1.0,1.0,1.0,1.0,1.0,-0.6076988808849502,0.3503898830284626,0.48699352274221375,-1.2872327332272357,0.22029842216671025,2.6531966026770006
0,3.5550389989171793,4.625766400197668,4.307361418604902,4.625766400197668,1.0,0.0,0.0,1.0,1.0,0.0,1.1746726102061065,1.7245297525744199,0.32347471741485634,-0.9791275202092411,-0.47533977847835185,0.41176345795780983
0,0.8899443562206517,1.5669207454788676,0.7021474271884498,1.5669207454788676,0.0,1.0,0.0,0.0,1.0,1.0,0.4344513098816588,-0.6640718117456628,0.822579676766477,1.2065408764652106,1.6317771535297665,0.04348937267424413
0,0.8837361387857832,0.4156764132954225,2.7253748998286316,0.4156764132954225,0.0,1.0,0.0,0.0,0.0,1.0,-0.3731865085657847,0.9478738790559342,-0.305695240510287,-0.2617885852978555,-0.37377624575564206,-0.9154923435569734
0,2.5590813593417208,1.9009319121490758,2.924575718610394,1.9009319121490758,1.0,1.0,1.0,0.0,1.0,1.0,0.2433833407360838,-0.8932382947352415,1.061944882919351,2.5748488080664553,1.3870948979942677,1.5856228285049005
1,0.18757595602619137,-0.5250207642617988,-0.5250207642617988,0.3550590922247775,1.0,0.0,0.0,0.0,1.0,1.0,-0.7769439264901971,-0.5005984253127392,1.9881143449855503,0.992332132185767,0.19519532975326098,-0.3328201560667712
1,-0.39770940008507055,-1.0294691444366648,-1.0294691444366648,-0.31762254555851754,0.0,1.0,1.0,0.0,1.0,0.0,-2.519388721271744,0.6311577070823784,-0.8925387559943343,0.7066949463050308,-1.1085289625666488,-1.802495156238809
0,-3.2203849316853264,-0.6676619908647214,0.11542542902790265,-0.6676619908647214,0.0,0.0,0.0,0.0,0.0,0.0,-0.7344087578280546,-0.10320689442599296,-0.445649135064337,-1.4457991286368308,-1.7361537730855798,0.006546143432752061
1,0.9076117887002513,-0.934979207131624,-0.934979207131624,2.268608409629646,0.0,1.0,0.0,1.0,0.0,0.0,-1.7739240943884804,0.02163062030913121,-1.3275593362720741,0.19585237934772923,0.17711250769169173,-1.616228106565076
1,1.5049991040927355,0.573291067339391,0.573291067339391,2.939484502036069,0.0,0.0,0.0,0.0,1.0,0.0,0.8951858111431253,0.31426226645421423,-0.03600893316107913,-0.0025553255642195016,0.220326359899986,-0.06632864092665179
1,5.087500264340337,4.288494494563098,4.288494494563098,4.331367845585282,1.0,1.0,1.0,1.0,1.0,0.0,0.16892871210241162,1.4208719241560552,1.542601740266624,0.20950281852220337,1.3989942213808366,0.9229737238598346
0,-1.227141122234162,-1.5120851079158713,-1.1357591884900768,-1.5120851079158713,0.0,0.0,0.0,0.0,0.0,0.0,-0.5359130019743348,-0.23722068108245042,1.1561345059061727,-0.351498438578492,-0.30548554307972203,0.37579215902738683
1,3.708368562293522,2.7159374074200824,2.7159374074200824,3.254425075505852,1.0,1.0,1.0,0.0,0.0,1.0,0.4593819147987126,0.2707571647499426,1.2545296608800247,-0.016402005809969963,1.3517634128310485,1.190258004187987
1,2.8006903720355574,2.835640933558479,2.835640933558479,4.611427222254624,1.0,0.0,1.0,0.0,0.0,0.0,0.49076659301587533,-0.15777212486802072,0.08063876298391015,1.0819919648877137,-0.023420564278501643,1.8717033492565711
1,2.174338272677995,0.6509982671876032,0.6509982671876032,0.6879028214501602,1.0,1.0,0.0,0.0,1.0,0.0,-2.052437604991663,-0.12900532474980886,0.4359811709215222,0.15563315616058632,-1.689297494686829,-0.2535662292500453
1,0.6432897165555729,-1.453958467101316,-1.453958467101316,-0.22535921344501053,0.0,0.0,0.0,0.0,0.0,0.0,-0.20940762327104104,-0.16374018234122506,1.3842784079325483,2.047084153534913,-0.6549513318656046,-0.8977107235188599
0,0.07235670715850749,1.550691007128386,0.9132193858540723,1.550691007128386,0.0,1.0,0.0,1.0,0.0,0.0,-0.6756749993798257,-0.7748066624437697,-0.6476362240431192,0.057577030560928305,-0.518624943217949,0.7241812068778611
0,0.6374070426304884,1.5525052203246728,0.21680900187898444,1.5525052203246728,1.0,0.0,0.0,0.0,0.0,0.0,-0.36234503967761494,-0.9414209762318139,-0.4851294408696961,-0.8988045297340408,1.4286865444570427,-0.23656908546592476
0,-0.4868547702459288,-0.699429536172025,-0.6196952773904192,-0.699429536172025,0.0,1.0,1.0,0.0,0.0,0.0,-0.6731254283963091,-2.2986380005589737,-0.41751706704349717,-1.2003776470106367,-0.3295931623516092,-0.7587532139250279
1,4.115850941703815,3.8174558478184055,3.8174558478184055,3.641569483659205,1.0,1.0,1.0,0.0,1.0,0.0,0.6382790209787516,0.034167345709352676,0.9165684676770323,-0.39685511314386585,-0.08809938061904149,0.8890432346904354
1,-0.7447516577426201,0.2321000018517969,0.2321000018517969,1.0288423377534786,0.0,1.0,0.0,1.0,1.0,1.0,-0.5003376431186264,-0.5217090016921835,-1.1620245505997542,-0.30261685415615747,-0.7751685229267392,-0.42947014147167445
1,-0.1531373374028986,0.4381999367800604,0.4381999367800604,3.2936858745368998,0.0,1.0,1.0,0.0,1.0,0.0,0.40893563170595043,0.21925078733136572,1.8030900155631011,0.3379910536665134,1.3240210457432977,0.4375296583001784
0,0.45050720157581114,0.8016095226801186,-1.8158487718475507,0.8016095226801186,0.0,0.0,0.0,0.0,0.0,0.0,-0.29045320156329923,-0.34999924549367467,-0.10030405351751748,0.6180759669764849,-1.235045636460523,-0.26013824480253533
1,3.2386871599777853,3.1371461518889188,3.1371461518889188,2.463341569965437,0.0,0.0,0.0,0.0,0.0,0.0,-0.01742540697458175,1.1064091711623325,2.308304220698255,2.0748192819142424,0.9454779126608891,1.6063469167342774
1,5.32044233193459,4.063711031877298,4.063711031877298,5.491573168537267,0.0,1.0,0.0,1.0,1.0,1.0,1.3919285750967223,0.4474202278685032,0.008467014929247008,-0.26350262284626774,-0.5186771913027303,1.0838806295577972
1,6.846345211888919,3.1356428403085386,3.1356428403085386,5.2190392597527575,1.0,1.0,1.0,1.0,1.0,1.0,1.1024385014983633,0.49007886004025214,1.7184404542760054,-0.33117138119127376,0.8706689523581425,0.4086400408048581
0,3.222594274809757,4.191620630646275,2.2745788880720785,4.191620630646275,1.0,1.0,1.0,0.0,1.0,0.0,0.03771247738357991,-0.6318743860307665,0.3136889969618524,1.0162073224454613,1.0680832086887646,-0.3350912766089573
1,3.74117720325055,2.164903713584606,2.164903713584606,4.7060358958178,1.0,1.0,1.0,1.0,1.0,1.0,-0.46898270496242256,-0.7617138114814731,-1.1351004817537713,1.0991525817134449,-0.5901840747974568,-1.2595185493543573
1,1.2644208546907527,-1.4792625308875749,-1.4792625308875749,0.3157318201764172,0.0,1.0,0.0,1.0,1.0,1.0,-1.9096002058528503,-0.3897710334247357,-0.8063711255961012,0.1824570753389288,0.9960409035419249,-0.2000201764898343
1,5.405240082505049,4.688211944727403,4.688211944727403,5.88787618590043,1.0,1.0,0.0,1.0,0.0,1.0,2.69719434889843,0.05565100759045477,2.1015628580544865,-0.22250173719297933,0.7199807647625163,-0.7762533139743036
0,1.6965406089953325,-0.15962520947233272,1.1653841357931638,-0.15962520947233272,0.0,1.0,0.0,1.0,1.0,0.0,0.01264104490486296,-0.6634580647805484,-0.21752021762930585,-0.20579899386332878,0.594224310407492,-1.066572173772101
1,7.143795506378388,3.261944837981054,3.261944837981054,7.20030755330711,1.0,1.0,1.0,1.0,1.0,1.0,0.3351786762409301,2.048018735427955,-0.20462177626488343,0.47361977772741237,1.4895187615750065,-0.6381003169500364
1,7.501578401064176,5.300799060737216,5.300799060737216,9.601046975101012,1.0,1.0,1.0,0.0,0.0,1.0,1.0301646569519183,2.4937978488961927,-0.406534689851063,-0.2169631091501839,-0.13271133950483438,1.2916090938697091
1,3.45850884819329,1.0545465598624313,1.0545465598624313,5.3156141777935915,1.0,0.0,0.0,0.0,1.0,1.0,-0.7117306522835003,1.6946413445102178,0.9549113617225684,0.5228415337032746,1.010906665283707,3.7209014293018914
1,1.3821436775924274,0.6454165095112951,0.6454165095112951,1.340920407253592,1.0,0.0,0.0,0.0,1.0,0.0,0.5066521021128795,0.19309756489915209,0.18037020139094767,-2.0114280268738165,-0.3290634311524714,-2.1275123570875425
1,2.8708646331080683,0.17627292673273853,0.17627292673273853,3.00974016909135,1.0,1.0,1.0,0.0,1.0,1.0,0.4449390368880979,-0.6725435838998669,0.8166665617386204,-0.48498467197772965,-0.5237300059704378,-0.4390898686143463
1,-1.1544650962573355,-0.6004375596325566,-0.6004375596325566,0.05643516021857897,0.0,0.0,0.0,0.0,0.0,1.0,-0.21834300821566516,-1.7133139529553016,0.971826359212948,1.747092078488104,-0.45778550944393204,-0.3169072081258506
1,-2.472883629372996,-2.5732914938667877,-2.5732914938667877,-2.5794998658587476,0.0,0.0,0.0,1.0,0.0,1.0,-1.400725351688013,-0.03132770042008712,1.197844036342227,-1.102159101861459,-0.7270600443545564,0.09505434542316821
0,4.857128973455436,6.795381301239247,5.534201440698155,6.795381301239247,0.0,1.0,1.0,1.0,0.0,0.0,1.7412882182786311,0.8075765862948268,-0.03520316760722614,1.7397323548728774,0.41960994125859885,1.3734921097997868
0,-1.6432318377536645,-1.7816666716965974,-1.4047782398069584,-1.7816666716965974,0.0,0.0,0.0,1.0,1.0,1.0,-1.5961056115323946,0.6132880984854618,-0.5594560559272566,0.6216602230977174,-0.2981918798216404,0.789512686286381
0,0.8077794633218651,2.57240911395337,3.565936284230945,2.57240911395337,1.0,1.0,0.0,1.0,0.0,1.0,0.06366195285441553,0.2279346744971974,1.5550444426298646,0.8896351153669085,0.21666559285538367,2.4541034241808317
0,-1.5054673113122776,-1.1087973217031026,-4.492059126305119,-1.1087973217031026,0.0,0.0,0.0,1.0,1.0,1.0,-1.3367914298980432,-1.4966540621016384,-0.6356180159298138,-1.2400682215301089,-1.0594890746128058,-0.9010484945292107
0,1.162810586439994,3.6719408385942427,2.7574352915719884,3.6719408385942427,1.0,1.0,1.0,1.0,1.0,1.0,-0.622910174741999,0.2415895087272354,-1.2282001949287058,-0.006156774237252777,-1.6187899274123985,-0.7469048563315452
0,0.7616509079219798,2.852081927767547,2.446270860157213,2.852081927767547,1.0,0.0,0.0,0.0,1.0,1.0,-0.2934376048875612,0.22622410735200738,-0.3871723505820883,0.74690742515875,0.3972349500583253,0.5219411283521151
0,-3.9729047214395994,-0.1312125220010667,-0.9647777854300281,-0.1312125220010667,0.0,0.0,0.0,1.0,0.0,0.0,-0.9951483545358752,-2.090430610453536,-0.9827365808623169,-1.209966951932485,-1.1296446905963788,-1.4017617224755567
0,1.0871839061964506,0.9686788284395678,-0.8146512207154689,0.9686788284395678,0.0,0.0,1.0,1.0,0.0,0.0,-0.127627499716186,0.41270037146442096,-0.27661999013115535,-0.554029900505411,1.3861013648103369,-0.7147688523295802
1,2.1820693531242403,-0.7725056991544235,-0.7725056991544235,2.522009213917174,0.0,0.0,1.0,0.0,0.0,1.0,0.6034469215036417,-0.8846767881041746,0.4368709693815825,1.005248916412649,0.19676700525226828,1.4988465301980876
1,3.9828481159579283,2.0691914457965983,2.0691914457965983,4.611052297809653,1.0,1.0,1.0,1.0,1.0,0.0,0.1457981216657456,0.047379317312354674,1.6504422784976827,-0.0007125569777965413,0.12532355232645775,-0.3794426255657975
1,1.3751902956226065,1.6581665692223453,1.6581665692223453,3.739730577011761,1.0,0.0,1.0,1.0,0.0,0.0,-0.3904919923527884,0.05836342736747113,-0.5764715908395499,-0.8174115211617642,0.5889737161515555,-0.7528542864552276
0,-1.002586789329539,0.2638553798951991,0.7681112747201011,0.2638553798951991,1.0,0.0,0.0,1.0,1.0,0.0,-1.5035496236497596,-0.4068053867709558,0.18678509996864934,0.2564277062075028,-0.8155310134852594,-0.9498390837329977
1,-2.7675050882729133,-3.8170210998568015,-3.8170210998568015,-2.4208105821416996,0.0,0.0,0.0,1.0,0.0,1.0,-2.560467338925181,-0.40119788914301147,-0.13746143602024674,1.1911772899057944,0.01925782861419656,0.8773860680531397
1,2.423637622381312,-0.5558383138296552,-0.5558383138296552,2.818222441377853,1.0,1.0,1.0,1.0,0.0,0.0,-0.16689737199003946,-1.6232633226219586,-1.5289408405839249,-1.179926846024318,-0.8025584759140381,-1.0939591045317096
0,-0.9863335641133498,-0.042468295859927396,-0.4950822827175103,-0.042468295859927396,0.0,1.0,0.0,0.0,0.0,1.0,-0.4532283749223185,-1.043831565662441,-0.9130227159593769,-0.011064602964625497,-0.9932225852803671,-0.25652875514223616
1,2.5484038974683454,1.7324958050808406,1.7324958050808406,1.3516642251537287,1.0,0.0,0.0,0.0,0.0,0.0,-1.0802541485012263,0.49247793142028207,-0.7059820887033528,-0.42975107923346906,0.45318816516071175,1.2077594000229668
1,5.564340210294539,5.008432243824251,5.008432243824251,4.884351209800342,1.0,0.0,1.0,1.0,1.0,1.0,0.26114983308871126,1.9851815317101114,-0.014832029820198767,0.742287425023456,0.01589952857157445,0.23416921648459793
0,0.4452119053494698,2.2230626446318418,0.3350176199080871,2.2230626446318418,1.0,1.0,1.0,1.0,1.0,1.0,-0.9338673401413413,-0.634760426609601,1.1024687942734002,0.5815206541044715,1.2588255537187887,1.0061503233699893
1,1.2984849429769805,0.7388141677560377,0.7388141677560377,0.8307277738735874,1.0,1.0,0.0,1.0,1.0,1.0,-0.8025902910492181,0.08605172791834245,1.1769544261392983,0.06070408830171567,-0.28342875333328266,0.5533512763764556
1,1.584112110643667,0.9238676736948679,0.9238676736948679,3.133911735328139,1.0,1.0,1.0,1.0,1.0,1.0,-0.6771272377194124,-1.0310542440257677,-1.700275852390006,-1.507953209558279,-0.4081396564347781,-1.382274812836851
0,6.7319321453004894,8.435933548827604,4.807996763821901,8.435933548827604,1.0,1.0,1.0,1.0,1.0,1.0,2.0689935403571877,0.5610392984013536,0.286396796950487,1.584719078879976,0.3876669829702498,1.1411677020857471
0,1.836714909915827,2.2732441630892057,-0.25602120838061637,2.2732441630892057,1.0,1.0,1.0,1.0,1.0,1.0,-1.2970044357067696,-0.45605642944141234,-0.7104070433638645,0.2666706045125779,-0.3502462015491191,-0.484596741146319
1,5.217006756578567,4.713438645768317,4.713438645768317,5.11591037140749,1.0,1.0,1.0,1.0,1.0,1.0,0.173274031502022,0.4920150229933661,0.7756870501980689,0.8207103450765302,1.5259503543096886,0.2670084914936701
0,-0.1562684818915817,2.67789614897489,1.4320604632389258,2.67789614897489,1.0,1.0,1.0,1.0,1.0,1.0,-0.7990708843345664,0.010428666545946402,1.4683052829639405,-1.1207219580658971,-0.19193893902612968,0.5077838273386561
0,2.0145742993034395,0.8741903750655,0.9281283457189788,0.8741903750655,0.0,1.0,1.0,1.0,1.0,1.0,0.40302145182211696,-0.21241569615183972,0.11094213180272529,-0.17982525927853907,-0.17032930131860727,0.2673979066802444
1,4.294658202275492,1.6714932729365517,1.6714932729365517,4.994877768671193,0.0,1.0,0.0,1.0,1.0,0.0,0.32086648287945696,1.1019526210152246,0.19095878911410769,2.468067977038219,0.4179976182808256,1.3217418547667088
0,1.2833720914990545,2.5335903332462455,1.5528037216272228,2.5335903332462455,1.0,0.0,0.0,1.0,0.0,0.0,0.4337013905161947,0.7786062456617036,1.091197361517058,-1.0367649215130863,0.12125816449573945,-0.20383019756059279
0,-1.3274587451658777,-0.6171923173797104,-1.53392654825523,-0.6171923173797104,1.0,1.0,1.0,0.0,0.0,1.0,-1.2473010666444737,-2.3664252331639144,1.3522245211353445,-0.4364200175759415,-0.14349259173911666,-1.0597441084111001
1,-0.10449639640156351,0.10287964071479005,0.10287964071479005,1.924380314174625,0.0,1.0,0.0,0.0,1.0,1.0,-0.5887209479644543,-1.4084302145714984,-0.570888263173515,-1.2126731608633854,0.06714912652481042,-1.7903204630823377
0,1.2119332337334856,4.092726587530902,1.44373955447836,4.092726587530902,1.0,0.0,1.0,1.0,1.0,1.0,1.1853765525349858,-1.4387612160553953,0.9255178329899557,-0.09146108062797792,-0.20353536516523774,0.013501845786363681
0,-0.0912975041997135,2.4162815682601875,0.44028199400032264,2.4162815682601875,0.0,0.0,0.0,0.0,0.0,0.0,-0.4294140097068824,0.3023791767259939,-2.1900511410784604,0.4749691562385074,-0.7490897964716721,-0.2531890958256231
1,0.5820392293176916,0.35229670606418584,0.35229670606418584,0.564607735109983,1.0,0.0,0.0,0.0,0.0,0.0,-0.08799467044686139,-0.38739804919032433,1.0568358282759815,0.30677178180463843,0.44424981762121346,0.14902728078152022
1,1.552772818868449,-0.7571538171664012,-0.7571538171664012,-0.1695056145862145,1.0,0.0,0.0,1.0,0.0,1.0,-1.3909294593471053,-0.6344231683412238,-1.062991739156689,0.235413930669643,-1.268956318499643,-0.5945905380635254
0,2.735629965437848,3.83965939438386,2.5299544147909536,3.83965939438386,1.0,1.0,1.0,1.0,1.0,0.0,-1.023289066795831,1.7228085449597532,-0.27569472652058213,-0.8531964707425158,0.302365206367485,-0.8750312674904427
0,0.1281197607256701,2.9645275429754507,1.5111409090078916,2.9645275429754507,1.0,1.0,0.0,0.0,1.0,0.0,-0.6286083000136613,-1.1177995208359082,-1.3282664914591766,-1.4096689600487,-0.06716793902011509,0.1799066154272717
0,2.0433642958186002,0.47410487723283845,1.3731906834579113,0.47410487723283845,0.0,1.0,0.0,1.0,1.0,1.0,-0.5846583194443682,0.7643938115273328,0.028427255847811583,-0.5265433139999662,1.326343767862439,0.32992081348026614
1,3.721367881709111,1.9909955210291317,1.9909955210291317,3.263234614492177,1.0,0.0,0.0,1.0,1.0,0.0,0.3686395474965192,1.1011001745456581,-0.42581827661558846,0.3500000281924978,2.1332990705990924,0.14699040695299442
0,4.067402620827139,6.4582443080596885,5.027648272026087,6.4582443080596885,1.0,0.0,1.0,1.0,0.0,0.0,1.5425450389266928,1.7648253148073105,1.5149644464769594,0.22846668458305613,0.3438779797368242,0.9317823314614544
0,1.2903802802323718,2.526302416469482,0.7277526655371234,2.526302416469482,0.0,1.0,1.0,0.0,0.0,1.0,0.1556698594128626,-0.03985157876823828,0.4767092584133408,-0.43383112577218064,-0.4022813297871104,-0.7357181166514547
0,5.325302870646287,7.8831089604505955,4.825213050926748,7.8831089604505955,1.0,1.0,1.0,0.0,0.0,1.0,0.07910293791930402,2.8746136692621067,-0.14268259273669415,-0.4597187269706506,0.24833320670628123,1.3378450603199428
1,2.3075670331164306,0.8671985705468291,0.8671985705468291,3.219340024991406,1.0,0.0,0.0,0.0,1.0,0.0,-0.7259044002199,1.1216584625789332,-0.04216554338943991,-0.5764688472132045,-2.1991859978791832,0.5389089164855642
1,3.4901893940434996,0.5336810379601131,0.5336810379601131,4.2413297452869365,1.0,1.0,0.0,0.0,1.0,1.0,0.40428919710694805,-0.46795957817778855,-0.07092717172122867,0.018989138607736652,0.2460478428635823,0.3254566252679951
1,0.7475106838386585,-0.7591249195118717,-0.7591249195118717,1.69312213095322,1.0,0.0,1.0,1.0,1.0,1.0,-1.7972598093040781,-1.8853534309224307,-4.00069482298161,-1.0125461459538245,-2.589634364701058,-2.594836324684685
1,3.926007573642436,0.7622960305496446,0.7622960305496446,4.542463700885788,0.0,0.0,0.0,1.0,0.0,0.0,0.04968779372424816,0.5862987430663226,-2.1525708166792232,-0.6675890689682471,-0.31095681043177137,-1.8706908051669102
1,4.144435684472682,1.4021742570415712,1.4021742570415712,2.208428472646717,1.0,1.0,1.0,1.0,1.0,0.0,-0.5487982218010368,0.7137904142988986,0.9938405995611288,0.12398902552285056,-0.2698759524049826,-1.587730460149536
1,3.2222253660311084,1.352206492618639,1.352206492618639,1.7073567804891603,0.0,1.0,1.0,1.0,1.0,1.0,-0.24084029383964253,-1.262066710362933,-2.836102707347778,0.594393168138123,-1.092971245035041,-0.12452981661580131
1,2.684201402361841,-0.4382660363051172,-0.4382660363051172,1.0976273115990285,0.0,0.0,0.0,0.0,0.0,0.0,-0.43243361698322774,0.8134804832762097,-1.695151481326074,-1.469446545051675,1.7789945701961005,-1.1192952561788454
1,6.30311847613263,3.8306927643608883,3.8306927643608883,6.144815951244161,1.0,1.0,1.0,1.0,1.0,0.0,1.0312880849372212,-0.1743402236004643,0.4207041233058902,0.4952943580151479,0.2746244326933197,-0.06762559607717933
0,-0.19127033801805648,-1.3667442249355937,0.28409012255388966,-1.3667442249355937,1.0,0.0,0.0,1.0,0.0,0.0,-0.5583707676313197,-0.7488806983776204,0.0023007026628436567,-1.470246806370876,-1.4356643459251557,-2.2033064058665746
1,1.2497102411957481,-0.4788216902826564,-0.4788216902826564,2.405347822814352,1.0,0.0,0.0,1.0,0.0,0.0,-0.6738892779766619,-1.123729135762844,-1.6391734868193812,-1.0747934421914447,0.07375135839038738,-0.9850411300551157
0,0.1032675666296394,1.5676720831286557,-0.5232003573522914,1.5676720831286557,0.0,1.0,1.0,0.0,1.0,1.0,-1.0858098426529759,-0.7953118434657019,-1.4015595076754161,0.3460293875802248,-1.8264872990592962,-1.5625505724228712
1,2.708533067860948,2.938836160898575,2.938836160898575,4.334751738415337,0.0,1.0,0.0,1.0,0.0,0.0,0.5296380437659334,0.42868574886606625,-0.8134751943596489,1.6643242442834136,1.1837371548616753,0.6022989738286065
1,4.005930046424956,3.6771952524043394,3.6771952524043394,6.162632077393913,1.0,0.0,0.0,0.0,0.0,0.0,0.2826749926219809,0.23799785989593947,-1.8927016245093142,0.7204388254677035,-0.808573745840835,-1.3042017096030016
1,2.8181527581008012,1.2011733374359874,1.2011733374359874,3.4590474424366278,0.0,0.0,1.0,1.0,0.0,0.0,1.0310593915337878,0.6654252384467259,-0.3725048154529053,-0.07906794113853417,-0.9654509734279315,0.11589683416813581
0,-2.7926398885382833,-0.33702265870333326,0.4408117848289834,-0.33702265870333326,0.0,0.0,0.0,0.0,1.0,1.0,-0.3464182669984604,0.1813868626267086,0.48012165529153233,-0.40968867650611684,-0.3911861554118985,-1.6985572404207878
1,7.16435802490501,4.893409695756672,4.893409695756672,9.031779222381738,0.0,1.0,1.0,0.0,1.0,1.0,3.378944503149086,1.827005736236048,1.8549897866721055,0.4257600440451511,1.178182681656521,1.0927840301068306
1,2.6866303499918485,0.7098653399797452,0.7098653399797452,3.4905796147732104,1.0,0.0,1.0,1.0,1.0,1.0,0.011481381492427667,-2.8557731753876334,-1.8517257614321954,0.6540229818433543,-0.36260099015083935,-1.426195905166803
1,3.884937914928439,3.712786371100197,3.712786371100197,4.923223561067167,1.0,0.0,1.0,1.0,1.0,1.0,0.4410537479929741,0.5458127053533113,-0.5729245397167628,-0.3973025962769525,-1.2419943309940327,0.6801234604640615
1,1.301663436046638,0.24895390954660065,0.24895390954660065,1.3506865347944321,1.0,0.0,0.0,1.0,1.0,0.0,-0.4959370646297093,-0.9143266481454217,-0.23700731725603633,0.8609048777231972,1.5645312617987335,0.002679912212610658
0,1.0019616127614637,2.6195707106113635,1.8657031224865888,2.6195707106113635,0.0,0.0,1.0,1.0,0.0,1.0,0.4439926850459664,0.38034663110608624,1.3000285500703945,0.16567589262787727,1.5467358603168482,2.221718027496908
0,-1.8138046009289785,2.043949403982048,-0.7335144070249086,2.043949403982048,0.0,0.0,1.0,0.0,1.0,1.0,-0.3866719991238643,-0.5810500199398783,-0.07941164132497897,-1.8865397850508134,0.09987402735866197,-1.1212827675878259
1,2.477345003966904,-0.3139029044794898,-0.3139029044794898,0.8899782240540025,1.0,0.0,0.0,1.0,1.0,0.0,-1.9138946296485158,-0.09715164812663202,-1.2133173432843187,-0.9219651705812472,-0.8952710106251791,-0.7613188486248387
1,4.3898785149893,1.8404086218392615,1.8404086218392615,3.692756803667119,0.0,1.0,1.0,0.0,1.0,1.0,-0.1454851819444683,2.100177761914165,0.015819214254500058,0.24562629663966395,-0.04803733568367463,1.0544644542970287
1,0.519370912169282,0.4940341319777277,0.4940341319777277,1.3121301586767125,0.0,0.0,0.0,1.0,0.0,1.0,0.2170811071849325,-1.7798634166456737,-1.1678634157714993,0.6723601037897227,-0.7754939374890214,-1.2809760486362416
1,5.600400332167303,3.129201428418906,3.129201428418906,6.515266332269788,0.0,0.0,1.0,1.0,0.0,0.0,2.085685638945484,1.791840893971233,1.9680169374762406,1.3399260430193154,1.4528891612587018,0.13270685654223802
1,0.8863759432237733,-0.12800553233802847,-0.12800553233802847,2.9874256433953743,0.0,1.0,1.0,1.0,0.0,1.0,-0.9599588101760247,1.2161221474232875,0.21499149023320796,-1.2928549726203258,-2.1631773493652164,-1.1202737676430687
1,3.1884260658010253,2.9748621623812648,2.9748621623812648,4.729718803680811,0.0,1.0,1.0,1.0,0.0,1.0,0.4292556539582312,-0.10606788005228263,0.3788672731426287,1.0309131863058731,1.7371950291901934,-0.8527808107298416
0,2.6895813016105325,2.556683029667797,3.127100675828821,2.556683029667797,0.0,1.0,1.0,0.0,1.0,0.0,-0.02998431562628982,1.2061923383598088,-0.6236217346281406,-1.073849746516574,0.6640733034139419,1.5855763271537149
1,-0.5216799863547699,-1.889927226074716,-1.889927226074716,-0.15389931564062767,1.0,1.0,0.0,1.0,1.0,0.0,-2.6556905005639013,-2.0608599576045585,-2.556641851616535,-0.6253766580961313,-2.306529270534042,-0.3005489490499733
0,2.6420462032922085,3.720499614017873,2.5923493206946704,3.720499614017873,1.0,0.0,1.0,1.0,0.0,1.0,-1.3422102532655122,1.5461704166635928,-0.9930411040211213,-0.002182080845757439,1.4268032230033858,0.462210736506301
0,2.226995369110015,2.893601601123752,2.2673705284381267,2.893601601123752,1.0,1.0,1.0,1.0,0.0,1.0,-1.4094496533614538,0.6124567094382294,0.1260603290118133,-0.8487440137950995,-1.3085262153731074,-0.06284153854976232
1,3.5598962671254966,0.7203678971367395,0.7203678971367395,3.9308154557444284,1.0,0.0,0.0,1.0,0.0,1.0,-0.04397038303143802,1.0145171108084519,0.6621006757930691,0.8542427676167743,0.6464485480728743,0.10880332136742155
1,-0.04100415606733562,-0.33807911559215575,-0.33807911559215575,0.6227207839941866,1.0,0.0,0.0,1.0,1.0,1.0,-1.2901304024379239,0.2772325244186659,1.1137474312416082,-1.243228422987016,0.7850776065199718,-0.4224145899742586
0,-0.2606438632165985,0.8346100442418886,3.046848786785454,0.8346100442418886,0.0,0.0,0.0,1.0,1.0,0.0,-0.20425800477249534,0.5637684852919459,-0.6740377690976098,0.12243541641449196,0.5558180464142273,-1.0240320725933716
1,2.8638554726368244,1.8577347589366497,1.8577347589366497,3.6951617108664983,1.0,0.0,0.0,0.0,0.0,0.0,1.2668683074333644,-0.3963329481620572,1.7111895016778798,0.9663337280416373,2.1241791699498154,0.5263014979275031
1,4.604409566206444,0.5329581571184792,0.5329581571184792,5.048274751901914,0.0,1.0,0.0,0.0,1.0,0.0,1.0886451901757819,1.1452884035051547,2.255359919169549,0.7898932533989188,1.011036115418804,1.267317806547284
0,-1.7347653969100398,-0.934916178539659,-1.8095404479377615,-0.934916178539659,0.0,0.0,1.0,0.0,0.0,0.0,-1.3335233338166144,-0.2356450756295656,-0.7330286007323178,-1.4929743407408258,-1.6848832290814493,-0.47307324735169515
1,5.69146946348162,3.4153595225391973,3.4153595225391973,5.691636739843709,1.0,0.0,1.0,1.0,1.0,1.0,2.5010230816961867,0.18476322841415582,1.6815014325805535,1.449730507292689,0.30351430176427974,-0.2484448520766971
1,0.00018783771826802464,-0.28407085206131527,-0.28407085206131527,3.402587665385601,1.0,0.0,0.0,1.0,1.0,1.0,-0.9246571686962217,-0.8385517402876657,-0.6077615565478179,-1.2848779915745685,-1.021918901215085,-0.42117603299244555
0,3.312753379095125,2.0964826435783745,0.9541988014963003,2.0964826435783745,1.0,1.0,0.0,1.0,0.0,0.0,0.3190489581340309,-0.015275878718918112,-0.5730447027115656,-0.2674053574122585,-2.0163082729700195,-1.8378101011078232
1,-1.5071726968342758,1.603151105821905,1.603151105821905,0.7359752803730351,0.0,0.0,1.0,0.0,1.0,1.0,0.01023734191195433,1.0727457863634926,1.3863132646269136,-0.3627744440867753,0.13867893488452954,-1.220244024613009
1,5.17063092061027,4.683511396083538,4.683511396083538,6.54632337447069,0.0,0.0,1.0,1.0,1.0,0.0,2.334254206798837,0.9877040890025681,0.9600209514436595,0.39463175248802085,0.6282667000657469,-0.19417837703590846
0,1.5545810091496512,4.514999941009851,2.576441713255453,4.514999941009851,0.0,0.0,1.0,0.0,1.0,0.0,0.5832200692182588,0.5738329694857741,0.7629811523939192,0.6807879306288073,1.186841042099291,0.4317462865252973
1,2.235169705981236,1.100155038794732,1.100155038794732,1.1551169300928004,0.0,1.0,0.0,0.0,1.0,1.0,-0.9384967965540508,0.6142734721825097,0.19052245887202246,0.7643335698829891,0.7913941874746913,-0.21826613757754437
1,2.776681661787326,-0.17716298147595833,-0.17716298147595833,3.765250206984203,0.0,0.0,1.0,0.0,0.0,0.0,1.579732645730589,-0.13301256727991703,1.6027913411866948,-0.6102707111528085,0.6693916767767432,-1.0312669103422856
1,2.683913725618315,2.156635082212098,2.156635082212098,4.068834749318659,1.0,1.0,1.0,0.0,0.0,1.0,-0.24476586190610236,0.22991132142754991,1.0457640972161442,1.8143368380510225,-1.8456791987487102,-0.5575269050069603
0,2.348361847953617,4.388654182576335,3.520670349910292,4.388654182576335,1.0,1.0,0.0,0.0,0.0,1.0,-0.6007865109611633,1.5419486326883558,-1.1530420116148137,-2.14953282877484,0.02970534493338925,-0.15144551470403447
1,5.109705549383897,2.1521789372899423,2.1521789372899423,5.2664811323862795,1.0,1.0,1.0,1.0,1.0,0.0,0.5797282870644421,1.522846723503756,1.426522806123674,1.4717851174571255,1.014938492183914,0.31193803978174717
0,2.5103478335121285,5.106863898764784,2.1792041386363965,5.106863898764784,1.0,0.0,1.0,1.0,1.0,0.0,1.7776716891738165,0.33846663718874226,0.2603614449766239,-3.0899230047878707,0.0898331316465554,-0.5033816541114358
0,0.7220758520470867,-0.10600543909548998,-0.8366747273289101,-0.10600543909548998,0.0,0.0,0.0,0.0,0.0,0.0,-0.5332610023823957,0.465966143842532,-0.09334197148847134,-0.915553095269982,1.2118511276795647,0.5364426681015255
1,2.3781292868219484,1.388958929877086,1.388958929877086,2.5241630677798477,0.0,1.0,1.0,0.0,1.0,1.0,-0.6554754711109945,0.44141698077322633,-1.3627950012809773,-1.9511982271972164,0.5838660471459844,-1.2605920167401377
1,4.770479370104357,0.9012496899096799,0.9012496899096799,4.460386390784167,1.0,1.0,0.0,1.0,0.0,1.0,0.603086924743504,-0.8436737330484012,-1.0814562639618914,-1.1221080283076175,-1.517459253432274,-0.9765979475422399
1,2.1330743313264517,-0.8626338184887122,-0.8626338184887122,1.5337671638358008,0.0,1.0,1.0,1.0,0.0,0.0,-0.26538504018967,-0.14179618318578213,0.8901382001281211,0.4157559636970368,0.3250487315923297,-2.0168436215551333
1,2.7988093392162714,1.8981797040631054,1.8981797040631054,3.7555471795836715,0.0,1.0,1.0,0.0,0.0,0.0,0.38873002342599733,0.2931179714620692,0.9818560186675518,-0.28432713287087635,-0.894669745180652,1.2308734623706592
1,0.9478664306012342,1.2802341801896906,1.2802341801896906,0.46915505826466997,1.0,1.0,1.0,0.0,1.0,0.0,-1.4594586859465624,-1.377792916413253,-0.5764882880918678,-0.6809905111625657,-0.5212218973685552,0.24972010911383802
1,0.21081657787399743,0.14598795075747406,0.14598795075747406,1.9842967598075631,0.0,1.0,0.0,1.0,1.0,0.0,-1.1318728460667502,0.03151804514947543,-2.6482257274112606,-0.18937129137992798,-0.3925574043727954,-0.7891923846912076
0,2.0685301793572903,2.470438579650341,-0.1868707615907219,2.470438579650341,1.0,0.0,1.0,0.0,0.0,0.0,-0.49339203569532275,-1.1245555057941226,-0.9324116227130645,-0.6051120118055182,-0.4330128995816535,0.647992946340522
1,4.610005918736155,2.17278194765078,2.17278194765078,5.070786453682072,0.0,1.0,0.0,0.0,0.0,0.0,1.1146107739139024,0.9231775882231276,-0.4193110312342337,1.6644666190697783,1.202387138430653,1.6623244723193187
1,4.2920156983936915,1.6588898326859005,1.6588898326859005,5.125734178776089,0.0,1.0,0.0,1.0,1.0,1.0,0.3005352637942819,0.9944268143908477,-0.13282079385102444,0.552819568574728,0.31783421158705405,-0.5919984209861155
0,0.8948988433908043,3.784781145014512,1.9017677518333382,3.784781145014512,1.0,0.0,1.0,1.0,1.0,0.0,0.3605928010239773,0.9653521553267113,0.6701532989442847,0.7781051075228209,0.9295013571375612,-0.21465105265591866
0,-0.5855148075139682,-2.4788921174280816,-0.148186382994091,-2.4788921174280816,0.0,0.0,1.0,1.0,1.0,1.0,-0.8338330145495503,-0.5837311101979596,-0.5893935310769705,0.7369163956950688,0.30636534965035683,1.5447575508639189
0,2.4383380521876434,3.791540165343846,1.4658172716947864,3.791540165343846,1.0,1.0,1.0,0.0,1.0,0.0,-0.47975937355669585,0.14174563612970706,-0.6716249309268209,1.3030890141505433,-0.5993604178398603,0.15360549782323416
0,-0.23151648928234064,1.3707312247376908,-2.574568967427632,1.3707312247376908,0.0,0.0,1.0,1.0,1.0,0.0,-0.776781514866553,-0.03758758778673932,1.7766159373614085,0.9045736253641781,1.46148658655276,2.0301484445304823
1,-0.8350151518554977,-2.047138055828542,-2.047138055828542,-0.08850540765845044,1.0,0.0,0.0,1.0,0.0,1.0,-1.2984146916343489,-0.09999425520886435,1.935362191629853,-0.8219617970175516,-0.1360462763532615,0.5516681277588488
1,0.8953136601567978,0.8028741373626559,0.8028741373626559,1.8537747821392498,0.0,0.0,0.0,0.0,1.0,1.0,0.560553504681133,-0.011174439232632366,-0.5672652489729821,-0.28948157767617566,-0.7513466292233064,0.7903385123961261
0,0.019494193885985167,0.5147158566077972,0.9657124694954498,0.5147158566077972,1.0,0.0,0.0,0.0,0.0,1.0,-0.3278370456725631,0.40148995087280326,0.836368856353839,0.4245784538350986,-0.02786344950969416,0.451287158117913
1,1.6844551525951506,-0.992619793317536,-0.992619793317536,2.413183041007552,0.0,1.0,1.0,0.0,0.0,0.0,-0.33911725121767783,-0.8563504763351071,-0.9368836963015221,-0.3887984851239023,0.5104692663649927,-0.9046803314238159
1,5.362363273504644,3.0628762182233324,3.0628762182233324,4.40435265007108,1.0,1.0,1.0,1.0,0.0,1.0,0.12971324579632673,0.10799791575954909,-1.220857136156051,-0.8261860939972283,-1.742148661350148,0.6955295058939737
0,-1.8644517347884075,-1.2508063911261948,-0.7338299308727814,-1.2508063911261948,0.0,0.0,1.0,1.0,1.0,1.0,-1.1296740216350987,-0.6013544833577594,1.0015837703694497,-0.4763534569845785,-2.4855048577500547,-0.6909374579497338
1,0.14851043678819742,-0.17994005701315685,-0.17994005701315685,0.7010395515646554,1.0,1.0,0.0,0.0,0.0,0.0,-0.8751252943768433,-1.511223656634536,1.0449003730856368,0.3209359685572429,-0.14223163700086572,-0.4884906568041517
1,1.6958967758855565,0.8271813019157259,0.8271813019157259,4.353651772956162,0.0,0.0,0.0,1.0,0.0,1.0,-0.08699727464203369,0.4907993755305411,-0.11270819892386341,0.8873314374342259,0.09083586749480389,0.2970200119360432
0,-0.8903475902788653,0.8927904543406671,0.6205021641071174,0.8927904543406671,0.0,0.0,0.0,1.0,1.0,1.0,-0.3464576596981577,-0.34897498794716747,-0.8337202190237544,0.42853633613934666,1.8337677415150149,-0.03367630807222813
1,3.3045514495611314,1.7191170308632886,1.7191170308632886,0.40706925653025694,1.0,1.0,1.0,1.0,0.0,0.0,-0.5245415566504698,0.3589997928401181,-0.1463448708502923,0.21776581285779523,-0.20311374448627156,-0.15413251447606158
0,2.8725884720985326,5.663387931097892,3.3943842409086993,5.663387931097892,0.0,0.0,0.0,0.0,0.0,1.0,1.7234336998713273,1.4568394646873672,-0.35830707388385497,-0.4026624558605464,1.118404657480136,2.5285901604279086
1,0.699573586146605,-0.9627409725938623,-0.9627409725938623,0.7605369173051111,0.0,0.0,0.0,0.0,0.0,1.0,-0.5335739612748629,-1.037628934500372,-1.8740164532993067,-0.6543017457722449,-0.5429483501848272,-1.6968445274852977
0,-2.132672860303825,0.6302660848490609,-0.21786010102986647,0.6302660848490609,1.0,0.0,1.0,1.0,1.0,1.0,-0.8033932671380487,-0.824930566221249,0.4907673299740925,0.10488228244304634,0.6941579277020068,-0.8339004507250928
0,-2.970323356782534,0.6103593652573115,-1.1013003728785336,0.6103593652573115,0.0,0.0,0.0,1.0,1.0,1.0,-0.7303823826680665,0.5138583763803701,0.8372009870911399,-0.0723495216205377,-0.934691251212937,-0.21743219417954224
1,3.20601288530177,2.527546846445059,2.527546846445059,2.573151501820673,0.0,0.0,1.0,0.0,1.0,0.0,0.2115943155414408,0.8077457280333432,-0.5945713984595269,1.3108895565052245,1.7805526457456993,0.5802054436767737
1,1.1373015511621964,1.2876500092891272,1.2876500092891272,1.697176422050111,1.0,0.0,1.0,0.0,1.0,0.0,-0.9165009636204843,-0.3794734741873732,-0.6321812751623249,-0.663988173792079,-0.6512771844109675,-0.18544218079541153
0,4.390930375777094,5.424974293335455,3.4768403922071247,5.424974293335455,0.0,1.0,1.0,0.0,1.0,1.0,0.8596644922999267,2.1922988291921173,1.365810346446727,0.8084404086347102,-0.3345979590047006,1.1828093170986547
0,1.3643530429421795,4.335733582079714,3.0654067731265195,4.335733582079714,1.0,1.0,0.0,1.0,0.0,0.0,0.8556608890823107,-0.2824645485542633,0.06213185138743538,-0.5799144844854992,-2.426021181701492,-1.0892465391689472
1,3.3768853118722486,2.5761905504465195,2.5761905504465195,3.431289713353482,0.0,0.0,0.0,0.0,0.0,0.0,1.3258512311039028,1.159266735255786,1.1668264588697415,0.651527775702993,1.9645331572130464,0.9077951144762197
1,2.74314452257436,-0.2207577457808565,-0.2207577457808565,3.5902779613147358,1.0,1.0,0.0,0.0,1.0,1.0,0.06841214625999525,0.052247646704509335,1.5055576459366917,-0.8081755363861873,0.23776635391488704,-0.3762058920661894
1,2.393135408526504,0.3818253544773842,0.3818253544773842,1.7879039453494043,0.0,1.0,0.0,1.0,1.0,0.0,-0.5238648639624748,0.6779722950422177,1.43172002074668,0.5421667970892292,-0.5669248113805474,-1.791201011289539
1,4.529094092552744,4.182379788432641,4.182379788432641,3.6953273185509192,1.0,1.0,1.0,0.0,1.0,1.0,-0.15833833630499605,1.376294724517722,-0.15611443248137857,-0.08773986584280141,1.2976126232681435,-0.8601210029785182
1,3.805371282839923,4.873298390984917,4.873298390984917,5.052457748560377,1.0,1.0,0.0,0.0,1.0,1.0,1.2938134957232745,-0.3463636369000169,-0.8893891403701834,-1.0973258522524223,0.25614783413101494,0.7690203041433796
0,-0.4705626319206818,1.6454680850012449,1.6328860961365868,1.6454680850012449,0.0,1.0,1.0,1.0,1.0,1.0,0.2828915981714115,-2.096211967278584,0.21721259977157045,0.3508132030819078,0.6103239853613565,0.756932441775373
1,4.497159688370695,1.9307632393949974,1.9307632393949974,4.979329793589955,1.0,0.0,1.0,0.0,0.0,0.0,0.441766718672028,1.050944783779026,-0.5725682752583217,0.021616374215395473,1.2135286087395023,1.343291977440534
0,7.068226932321893,8.455849007063259,6.777447976107344,8.455849007063259,1.0,1.0,1.0,1.0,0.0,1.0,3.215014889811243,0.6097272011368989,-0.27559751711003627,-0.19422342801653264,-0.357292278824408,-0.01840972489693421
0,-0.018225287523241707,0.6460673068284446,-0.2708172888752879,0.6460673068284446,0.0,0.0,0.0,0.0,0.0,0.0,0.37999962831237577,-0.013242717223185818,1.1018638414345618,-1.6890168104636756,-1.5145145046815836,-0.5795664209920828
1,5.59154975139244,3.3465081058520947,3.3465081058520947,3.888019796214571,1.0,0.0,1.0,1.0,1.0,1.0,0.5563231790918927,1.38906268537058,0.21976002958453533,-0.06734999581031959,0.6356240503773278,0.9849095117927344
1,-1.0657502231433005,-1.4084130373056198,-1.4084130373056198,-2.4461961753350803,0.0,1.0,0.0,1.0,1.0,0.0,-2.060632043557358,-1.9408555857890544,-1.3709018413855212,-2.084668351692462,-0.5669373535673883,-1.8954905390776533
1,-0.47899467779095684,-1.019397997208245,-1.019397997208245,2.484218859562105,1.0,1.0,0.0,0.0,1.0,0.0,-2.434484333202027,-0.03394810175869811,-1.5610648573110146,-2.200401470192017,-0.8006697367907185,-0.509865904381607
0,2.606016527606327,2.0026681650303315,-0.42358607650768076,2.0026681650303315,0.0,1.0,0.0,1.0,1.0,1.0,-0.7603869067422541,0.33216247789254916,-0.6817273148796749,0.09670755256155056,-0.9655259278800817,1.2250197413882935
0,3.8920487327061166,3.1778691811980253,3.214256763715693,3.1778691811980253,0.0,0.0,1.0,1.0,1.0,1.0,1.422658045055178,-0.08212087454439002,-0.16302564982141782,-0.2781737145975798,1.2458539384001073,-0.5215652145548274
0,-0.32814661726416794,-0.6713640207115061,-0.5339869050836084,-0.6713640207115061,1.0,0.0,0.0,0.0,1.0,0.0,-1.3332347702822562,-1.5112738404976727,-0.6967673129236486,-0.17332994436885918,0.17910309746494124,0.35275250318730655
1,2.8254814485901574,0.7237633858122634,0.7237633858122634,1.924838626510573,0.0,0.0,1.0,0.0,0.0,0.0,0.09966779740099867,0.29030869466128484,-0.5466923591421854,-0.0698503821877369,-0.24168683784573364,1.3922323770094374
1,2.6390581710885055,0.8018280753846573,0.8018280753846573,0.9117196637956408,1.0,1.0,0.0,0.0,1.0,0.0,0.03713506726590141,-1.3279298353690252,0.20506896972824584,-1.6581002657099366,0.48691400881531166,-0.6743369043589967
1,4.146090483896006,2.338839841566563,2.338839841566563,4.354210594993827,0.0,0.0,1.0,1.0,1.0,0.0,1.5058384973120695,-0.36550200284772494,0.6841907097610836,0.4239280149430449,0.8839219352521617,1.2471077927911611
1,3.2398848386441053,2.875224731799373,2.875224731799373,4.055029469359175,1.0,1.0,0.0,1.0,0.0,0.0,0.7066857202454083,-0.08243434581142764,1.0821931941456262,0.6402599698850537,0.10532135071617997,-0.7105626651188778
1,4.785530659072716,1.132122899613194,1.132122899613194,2.5043380736781904,1.0,1.0,0.0,1.0,1.0,0.0,0.4332841391004245,-0.08242305287240936,0.8769123874395673,0.5983078699634379,-0.19640761650636296,0.18485648479664618
1,1.5251913174685565,-0.48049675102628076,-0.48049675102628076,0.46562574212127283,1.0,0.0,1.0,0.0,0.0,1.0,-0.7856976370893738,0.2692717164771814,0.020623899663065416,-1.0134443167863159,-0.8238972289125532,-0.17832565796548022
0,3.190624820507516,2.1039792832384823,0.6751817203345933,2.1039792832384823,0.0,0.0,0.0,0.0,0.0,1.0,-0.3468188297864971,0.28566203194219986,-1.5747599281878801,1.6852239283433237,1.0637437387113744,-0.3143451572059466
1,0.36281889064286243,-0.6749326690232205,-0.6749326690232205,0.19634509169620235,0.0,1.0,0.0,0.0,1.0,1.0,-0.6120718644571354,-0.5498199385434078,1.0259723958511031,-0.7890645261274305,-0.40948056216551004,-0.39207051589012243
1,1.3009738992484794,0.9115954846676577,0.9115954846676577,0.9013508010498661,1.0,0.0,0.0,1.0,0.0,0.0,-1.3364031180409037,-0.5082626487187633,-1.2327483410143656,-2.217851517142863,0.33843938141160834,-1.8388614556073368
1,2.0452421837062804,1.444227374027423,1.444227374027423,2.0770712942935345,0.0,0.0,1.0,1.0,1.0,1.0,0.06779758738737694,-0.16671972349123404,-0.10885642303945739,0.7780072743744688,0.4701386824704407,-0.6566819332248397
0,1.7097551598035639,2.5171197340318123,2.28900061302524,2.5171197340318123,1.0,0.0,0.0,0.0,1.0,0.0,0.5504192318490885,0.6745888832216002,1.508401251281198,1.5494133821953033,1.821039940458304,1.6524301561980002
1,1.1623828756700805,2.0252950534422425,2.0252950534422425,1.3632363438499273,0.0,1.0,1.0,1.0,1.0,1.0,-0.04065521187745964,-0.13537065986056124,0.37704012436069584,-0.33681779320795585,-0.067035102657977,-0.774942304305262
1,3.9764840607004728,0.1987411097237486,0.1987411097237486,0.7548626871354063,0.0,0.0,0.0,1.0,0.0,1.0,0.34653530530194565,1.076869148758503,1.1008697790340143,-0.07681212651963575,-0.04609446169922632,-0.05824896049628597
0,-0.28843461788241376,3.160545627986938,1.4126775719078595,3.160545627986938,1.0,0.0,1.0,1.0,1.0,1.0,-0.6338953266077654,1.02332972242275,0.31695114676796415,-0.43224009708068317,0.3932623194229917,0.6699004511144133
0,-2.0965934072295367,-2.551326039211097,-2.2612602707971083,-2.551326039211097,0.0,0.0,0.0,0.0,0.0,1.0,-1.5209103121047023,-1.2782278145245929,-0.7409724389749712,0.38163269220516427,-0.2242645554101395,-0.3798183121792333
0,4.149833550119882,6.8005272557076495,2.8216723286806866,6.8005272557076495,1.0,0.0,1.0,1.0,0.0,0.0,0.17684427764817887,1.725280910564849,-0.7545615963481396,-0.3570757234165176,1.5293944862256081,0.05913957418118143
0,1.2049905738578712,2.981012283243873,1.5458744791082806,2.981012283243873,1.0,0.0,1.0,1.0,1.0,1.0,-1.36099342922686,0.3603001510900513,-0.7637208665579658,0.8863302092680837,-0.17826899599670792,0.11852996008886013
1,1.0545775683825933,-1.0019496096537917,-1.0019496096537917,1.284241803669158,1.0,1.0,0.0,0.0,0.0,1.0,-1.5175663592130268,-0.718323997657256,-1.424261534453827,-0.8276218743750886,0.2513424253489407,0.9434316054130328
1,0.02821977836259737,1.0424697410766228,1.0424697410766228,2.0892410091149483,0.0,0.0,0.0,0.0,0.0,0.0,-0.03350761476996759,0.4175657923305861,-0.16297340808591665,-1.1018868192838893,-0.63404581941119,0.7085311051966667
1,5.670300780928226,3.539865666773626,3.539865666773626,7.121977035834481,1.0,1.0,1.0,0.0,0.0,0.0,0.3294096536613767,1.3884809379054253,-0.4029815751397042,0.20694172719911885,0.6638221343423883,0.1937931409750498
1,5.586896716644937,1.36854761637501,1.36854761637501,5.607769321443018,1.0,1.0,1.0,0.0,1.0,0.0,1.2998577908404396,-0.08394787306947443,0.5801895281290537,-0.030470929026974652,-0.38669232250266405,0.177345195363865
1,8.545210420151756,5.975065417169046,5.975065417169046,6.214572548045607,1.0,0.0,1.0,0.0,0.0,0.0,1.994432584955878,1.6546595770394965,0.48649562431792376,2.5605268418618707,-0.18410089405835728,1.8263069862494632
1,4.024363038072025,0.872873889283331,0.872873889283331,2.438378384398054,0.0,1.0,0.0,1.0,0.0,1.0,1.0615578886229577,0.44437115929487014,0.8616355402358209,-0.7996744466471352,0.09192735736075498,-0.4478289769461987
0,0.3827750033498176,2.5248237837136376,1.698236887187837,2.5248237837136376,1.0,0.0,1.0,1.0,1.0,1.0,-0.9214312143504045,0.9739510395826222,-1.1906950992675396,-1.0003981643252624,-0.40643171008962053,-0.8117289652157578
1,2.6486344146920966,1.0894439297181164,1.0894439297181164,2.7879185841055154,1.0,0.0,1.0,0.0,0.0,1.0,-1.5510600279404962,0.8073597690513834,-0.35148361992215593,1.1784702275256742,1.7113735720875378,0.11830586774953228
1,1.3591539419231555,0.740994183789878,0.740994183789878,2.4462682716476354,0.0,0.0,0.0,1.0,1.0,1.0,-0.09411982816814302,0.7008764181202946,0.29136251099184485,-1.0756640327789682,-0.3136713835961923,0.20078017652012473
1,0.37169182044225035,-2.8413205125481564,-2.8413205125481564,-1.953394122307666,0.0,0.0,1.0,0.0,1.0,1.0,-1.6906932480371286,-1.2759564027564718,-1.0017126065191935,-1.1101850650803948,-0.6664595498415177,-1.0564871976653372
0,-0.16088437190910732,3.1277563679875446,1.7246905706829894,3.1277563679875446,1.0,0.0,1.0,0.0,1.0,1.0,-0.44997563646367583,0.5520046906196652,-0.27648497383338233,-0.6421944900225638,1.0733517647983801,1.76577043838447
0,1.1694929997949666,-0.521839841458613,-1.1728756445362765,-0.521839841458613,0.0,0.0,0.0,1.0,0.0,0.0,0.08204082781847415,0.02440749419221916,-0.30141464460509265,-0.07764983674295507,-1.123053204317858,0.06368989764753569
0,0.06320518105502038,1.416630445638978,0.27486286915159197,1.416630445638978,0.0,0.0,0.0,0.0,1.0,1.0,-0.3987456319513168,0.7388116265022107,-1.346255665032476,-0.37063135239525424,0.21987895053146128,-0.9131576842738387
0,4.315189912197113,3.5605002953695366,3.228464414785196,3.5605002953695366,1.0,0.0,1.0,1.0,1.0,0.0,0.6001945983813136,0.7603102005938813,-0.9140893502550399,-2.342477405728445,-1.16259853559643,0.11244341063692376
1,0.19569622154852984,-0.4426238967141373,-0.4426238967141373,1.9907198531893013,0.0,1.0,0.0,0.0,1.0,1.0,-0.4431273798463611,-0.562101263255109,0.8628359073261912,1.6687317391078538,1.5703501974357128,-0.8587481072556242
1,2.8345602342311857,2.351673777326876,2.351673777326876,0.9667709718702828,0.0,1.0,0.0,1.0,1.0,1.0,0.583497705877358,1.0101997340886104,1.0729737178083427,0.2954324199881991,0.3382197812116243,2.088672710828131
1,4.987235575818569,1.6461400900509042,1.6461400900509042,4.210164270344297,1.0,0.0,1.0,0.0,0.0,1.0,2.089369380894773,-0.7894242863798948,0.7959547433739631,0.26305675775090676,1.410666954003856,-0.21310886033676113
1,4.752751949517007,2.3580772572802,2.3580772572802,4.991697138190434,1.0,1.0,1.0,1.0,0.0,1.0,0.4200612753971466,-1.1446860339056695,-0.2831995737777457,-0.10691617701790568,1.5898651081003545,-0.18698437378501118
1,3.7927166213188115,1.725813658282481,1.725813658282481,4.11887093963936,0.0,0.0,1.0,0.0,0.0,0.0,1.576828926876664,0.8486872491808213,0.6262043049431609,0.355554494889848,0.1443110965691512,1.3150404582400244
1,5.017489312944115,3.145425432604604,3.145425432604604,6.763057105056206,1.0,1.0,0.0,0.0,1.0,0.0,2.019022108188321,-0.18344793984511398,0.46636880928429125,1.205529447403484,0.011057775997576708,-1.207771390541383
1,1.6924646124573997,-0.06819729826881815,-0.06819729826881815,2.449290339959577,0.0,1.0,1.0,1.0,0.0,1.0,0.13726268531123847,-0.8291150365014877,1.2034104461043036,0.34248156390968976,0.016899635067072927,1.6433074459845507
0,0.5307174661012263,3.290183727465654,1.264337028428307,3.290183727465654,1.0,0.0,0.0,0.0,1.0,1.0,0.4399931007894563,-0.20082000833109528,0.26767543574905944,-0.3875206473739884,-0.40178345326638226,1.0275513171717212
1,3.954153363827847,1.9212226383973445,1.9212226383973445,1.6905479007478013,1.0,1.0,0.0,0.0,0.0,0.0,-2.686996869942177,1.7398846014723917,-1.5215507274967488,0.8812401615756431,0.6252331141236331,0.41230233117511395
1,5.598151674854874,1.7523674382697938,1.7523674382697938,5.996715574054623,0.0,1.0,1.0,1.0,1.0,0.0,1.1271290693818548,0.48056577487101493,1.0292381621488902,0.0063526029269195955,2.03734238692667,1.1029860764639143
0,-1.0782692252533512,0.7691985954045543,-1.684991152582489,0.7691985954045543,0.0,1.0,0.0,1.0,0.0,1.0,-0.7369515646259384,-0.7946942330789111,-0.2765324026811346,-0.6758141344540679,-0.3524869303751455,0.9173220700580296
0,3.800277763641287,5.309199768387985,3.976590970916747,5.309199768387985,0.0,0.0,0.0,0.0,0.0,0.0,1.9831900232899056,1.6642652018482123,0.9400143053786292,1.0783609365696012,0.4486558861031559,0.17263943912759383
1,5.562993745323737,3.9711259830657264,3.9711259830657264,6.1401343078328665,1.0,1.0,0.0,0.0,1.0,0.0,0.6724964419748655,1.1269780145408947,0.27531771207533945,0.45545493140328336,1.6507988192823708,-0.2197821397036086
0,4.667376430029921,5.340014983996284,6.02766288003955,5.340014983996284,1.0,1.0,1.0,0.0,1.0,1.0,1.5177952494281457,0.9648162241396386,0.18664953248638153,1.1411598333158903,0.1363435202888267,-0.08931915990177286
0,-1.082807120378909,2.9233755163468134,-0.14459729773441077,2.9233755163468134,1.0,1.0,0.0,1.0,1.0,1.0,-0.8448478690336381,-2.0598969846156514,-0.48122872622235424,-0.2903994630324123,0.029312187807589263,-0.5451330598050265
0,2.3189907434649273,1.9674191538489805,0.037020935666989274,1.9674191538489805,0.0,1.0,1.0,1.0,0.0,0.0,0.18175408003780663,-0.464190702088549,-0.7874300605028742,0.6764914790232401,1.0445562887363196,1.7464069495426926
1,3.1369896206254153,-0.10804562078954838,-0.10804562078954838,1.5292529315518728,1.0,1.0,1.0,1.0,1.0,1.0,-2.1588153516040682,0.33925776953842,-1.3847449016290727,-1.3619591585438091,0.4515121556819829,-2.0275648177050543
1,3.7957992406972565,0.2942999224423102,0.2942999224423102,4.080461788953821,1.0,1.0,0.0,0.0,0.0,1.0,-0.01932791771590353,-0.6139522126625743,-0.9801395758487088,0.1269998846587842,0.875406618906146,0.27389207504246293
1,2.2770958377576145,-1.061564386152229,-1.061564386152229,-1.2642610422356304,0.0,1.0,0.0,1.0,1.0,1.0,-2.0970251596071825,0.16622484941299043,0.5864043261578291,1.3318117624483354,0.4552639213387801,1.6043751755251727
1,1.0391831881414955,0.16394983462702062,0.16394983462702062,-0.00024558403740426726,0.0,0.0,1.0,0.0,0.0,1.0,0.5032753087857731,-0.7900483683026549,-0.5213827339112267,-1.5714144154515328,-1.438403395996343,-1.8815765448238901
0,0.2545489195179307,2.22431658920614,1.1433811889673449,2.22431658920614,1.0,1.0,1.0,1.0,1.0,1.0,-0.7319552300368575,0.09236991654748127,0.4703599443450709,-1.8550069737560597,0.6597543579586029,0.6094787617946428
1,3.6943050235936705,2.2814191339626357,2.2814191339626357,5.743567111730794,1.0,1.0,1.0,0.0,0.0,1.0,1.0657676584289026,-0.09571367800704855,2.4642317145342125,1.6809083252265553,0.1227120091844488,0.09076901341297705
0,-2.7086418430386683,0.4468375961723956,0.4593037769152081,0.4468375961723956,0.0,0.0,0.0,0.0,0.0,0.0,-0.22945344274092272,-0.6474407024147477,-0.9499236197788853,-0.6241263726349061,-0.8456845407377127,-2.1076718403599166
1,4.101114989018646,3.0017738232612543,3.0017738232612543,3.4766458336544206,0.0,0.0,1.0,1.0,0.0,0.0,0.7571509274548501,0.08355365876354715,-0.9680271817798904,0.2044746949933962,-0.17707799905851984,0.0002655447367997388
0,-0.7380360188998942,-0.12567517130294692,-0.8500566156163643,-0.12567517130294692,1.0,1.0,1.0,0.0,1.0,0.0,-1.2696394613134707,-2.8113740143293513,-1.3089461545729235,-3.104802551466085,-1.652451804967964,-2.6897756707398566
1,4.595536100443299,4.8829490493996195,4.8829490493996195,6.168171206630556,1.0,1.0,0.0,0.0,0.0,1.0,0.753357551561921,0.7512500549881787,-0.13508790284078134,0.6151612034656508,0.6503192984138062,-0.053293087529714234
1,3.4467685846926504,-0.11372248963840748,-0.11372248963840748,-0.05918115240470856,0.0,1.0,0.0,1.0,1.0,1.0,-0.7437259592243356,0.42173439430678283,-1.002447720814768,-1.0658428474751722,0.9450099720216913,-0.3839301080092401
1,1.9469895328528122,-0.18680393816729912,-0.18680393816729912,3.0217554734254337,0.0,1.0,1.0,1.0,1.0,1.0,-0.5393792479497257,-0.41353185001265624,0.10216805813430446,0.3964299712967281,-0.29470500717036846,-0.42852436494803914
1,5.235339325766644,1.4901389658883946,1.4901389658883946,5.227938677972826,1.0,0.0,0.0,0.0,0.0,0.0,0.9808109443289896,0.03632876692846154,-0.9145510242757547,0.46080492138889734,-1.3264099277119208,-2.1429836765171015
1,1.780104530058995,2.3699282572395592,2.3699282572395592,1.921737697080955,1.0,1.0,1.0,1.0,1.0,1.0,-0.9031490096275117,-1.1121737155691895,-1.1831618415417338,0.466705432924554,-2.8170565392536187,-0.2090785571268159
1,0.25848137494796997,0.2841206209774263,0.2841206209774263,-0.7757560285564782,0.0,1.0,1.0,1.0,0.0,1.0,-1.3631114287627732,0.2634093804964048,1.8951468347463427,-0.7953534775550939,-0.1321523332541531,0.283169986608359
0,4.014690021855735,8.255571504921598,5.78518857339142,8.255571504921598,1.0,0.0,0.0,1.0,0.0,0.0,1.3818941113668433,2.6077692897892444,0.7586548279550845,0.8540281644800737,-0.043590247073261645,2.1736209430102686
0,1.8044544213676337,2.9364049365966496,0.028528066600860935,2.9364049365966496,1.0,0.0,0.0,0.0,0.0,0.0,0.3175113989892164,-1.1231683132234704,-2.669763436459865,0.2294709251285077,0.2619000751813122,0.2757015778258035
0,4.520270895644331,5.044545984421093,5.269918603254106,5.044545984421093,0.0,1.0,0.0,0.0,0.0,0.0,1.6232757860976543,1.3545066593647488,1.369759048400015,2.5703732710087768,1.8147842640399627,0.20174628395680494
1,3.6791186332601846,1.7501303207918735,1.7501303207918735,2.42484423244219,1.0,0.0,1.0,0.0,1.0,0.0,-0.31179374887801997,-0.07324473318768002,-0.018376992546448034,0.5700870866963899,0.40736782508111224,-0.8979555058793735
1,1.730794013723002,-0.3762775324260802,-0.3762775324260802,3.0390518450017425,1.0,0.0,1.0,0.0,0.0,1.0,-0.07432719992942038,-0.16569246171733099,-1.0227180692627211,-1.6815694220760375,-2.5733170049954817,-1.8741289920657687
1,1.8335780817447347,-1.3432273341775869,-1.3432273341775869,2.1409540787929124,1.0,0.0,1.0,1.0,0.0,0.0,-1.7191908635833533,0.4873107919765646,0.08299860135209813,-0.1475979978672623,0.21329078919570277,-1.1950943689230322
1,3.212976447378838,1.5478683448024764,1.5478683448024764,3.467150405621779,1.0,1.0,1.0,0.0,1.0,0.0,-1.2110916781502987,0.9561666625657106,0.6031647331790208,0.06460294998544877,-1.5826826712098239,0.03517820211691183
0,3.898029037546548,5.572938423813405,3.914896796986935,5.572938423813405,1.0,1.0,1.0,1.0,1.0,1.0,1.1251122291230908,-0.009038978118299137,-0.6190807974046725,-0.43976262584044223,0.5692355743616607,-0.009845129982195014
0,1.969910588630408,0.9350135446964418,2.4576943685540353,0.9350135446964418,0.0,0.0,1.0,0.0,0.0,0.0,-0.728324676652525,0.9451696034467437,-0.6039696206980687,0.6376495789990158,0.07200092117928564,-0.7208100824024419
1,2.558147650496516,0.716672358426298,0.716672358426298,2.368404512058438,0.0,0.0,0.0,0.0,0.0,0.0,-0.32284542540952976,0.9593192463751721,-0.6522171072677553,1.669903677836123,0.4473749690306045,0.44541897110838025
1,4.23588711586293,2.3659576808390543,2.3659576808390543,5.223981272916733,0.0,0.0,0.0,1.0,0.0,1.0,1.4034686775911653,0.1282662673926409,-1.0993989453371587,1.4746201625316016,0.7774993089022013,2.248481841852988
0,0.2549168599945979,1.7095762496764904,-1.7256432196135612,1.7095762496764904,0.0,0.0,1.0,1.0,0.0,0.0,0.0027150784144182923,-1.1768850668125423,-0.6014862298751482,0.1884851303511889,-0.5089042312195806,-1.5719949520630914
1,6.898824229946398,6.225762051096978,6.225762051096978,9.02783659017808,1.0,1.0,1.0,1.0,0.0,0.0,1.6922122492788796,1.3385186135656393,-1.0002281182255017,0.10930416961280043,-1.4481006645760397,0.8586772994200432
1,2.5099939452151814,2.3067486474567773,2.3067486474567773,5.2014666501092295,0.0,1.0,1.0,1.0,1.0,1.0,0.7826581008406531,0.06823654338933766,0.9266928399083894,0.3277491014364384,0.7891846349372731,0.01737278341461851
0,3.32057991787049,2.932704944542444,1.9278499608180284,2.932704944542444,1.0,0.0,1.0,1.0,1.0,1.0,1.3597247620572568,-0.1547767338486563,-0.3588475267604354,-1.6218332592321951,-0.6556739691787391,-0.639298766815058
1,1.342202685778528,-1.8506192339751377,-1.8506192339751377,0.40672935377818265,1.0,1.0,0.0,0.0,1.0,1.0,-1.6922586587360604,-2.2072605032448105,-0.8458740426791694,-2.3064039148607276,-0.12232938069993005,-0.6061437764107276
1,5.7191593649358,4.484176550285041,4.484176550285041,5.337874412013199,1.0,0.0,1.0,1.0,1.0,0.0,1.4172127145162994,-0.1108525769298585,-1.071615538361469,-0.27450311940898253,-1.2217756168297214,-1.106195434061612
0,-1.0220243656683836,-2.9793398377314046,-2.782481140926928,-2.9793398377314046,0.0,0.0,0.0,0.0,0.0,0.0,-1.103918622571869,-0.6025993203154061,1.431385764478733,-1.8886327593969985,-0.4172699494055937,0.6008932554866601
0,-1.102140896706766,-1.1105062350918484,-0.9582108654850937,-1.1105062350918484,1.0,0.0,0.0,1.0,1.0,0.0,-1.42432027923518,-0.9938087247202084,0.20121745584838907,-1.7894705162420557,-0.7553166041573749,-1.6664570902908558
1,2.8430152882623956,0.07861187197825106,0.07861187197825106,1.3623671466273755,1.0,1.0,0.0,1.0,1.0,0.0,-1.1195863952047027,-1.0840303802020306,-0.6738523965209078,0.16619164716565504,-0.358083620131309,-0.5686770366733293
1,1.631063979993658,4.235231528854656,4.235231528854656,5.348622195420704,0.0,1.0,0.0,1.0,1.0,0.0,1.7898254974919494,-0.07103777216394891,-1.1782973947942093,0.04336951995614402,0.4575243622966861,0.5104040952573812
1,0.9968971608152826,0.11670988677622122,0.11670988677622122,2.0886286622086336,1.0,1.0,1.0,1.0,1.0,0.0,-2.1175413812972725,-1.3105200264714356,-2.691740269234931,-0.4379264504890683,-2.0607228219852525,-1.0480973433013718
1,1.7674805151157171,-2.275098817494263,-2.275098817494263,-0.36681546249331787,0.0,0.0,0.0,1.0,0.0,0.0,0.05382413614031194,-1.1741067544646002,0.27143609550026393,0.685337413305315,-0.6294491643733252,-1.652577792446603
1,2.1782282990783224,0.06790196769494297,0.06790196769494297,0.7894514517605189,0.0,0.0,1.0,1.0,1.0,1.0,0.3847794338332053,-1.430036059077683,-1.0476577350276401,0.6403418746036716,-2.884668261425409,-1.71364307583794
0,3.4088297056472134,5.812266079834836,1.3737862014299473,5.812266079834836,1.0,0.0,0.0,0.0,1.0,1.0,1.4987375220672885,0.8044179054473768,1.2939561930634005,1.2742141717866038,0.6387510326936303,3.310020904008327
0,4.467514169292407,3.3613147528095824,2.976034496606268,3.3613147528095824,1.0,1.0,1.0,1.0,1.0,1.0,0.28323662571052227,-0.4773434083146787,-0.1762626043673347,0.31020410159402123,0.2804144182262691,0.8610468754063153
1,2.7298432218042645,-1.1919067015628306,-1.1919067015628306,0.12412244839023012,0.0,1.0,1.0,0.0,1.0,0.0,-0.5135049697937186,0.0021030160043161716,1.3854101587241756,0.6226978170915656,-0.060349196087188584,0.053379971056766395
0,-0.5624118374348178,3.3688363863180792,0.19740923698613894,3.3688363863180792,1.0,0.0,0.0,1.0,0.0,0.0,0.25149970159837254,-1.575575029785456,0.5757561007020732,0.760843073568417,0.9659119546426098,-0.997169594006464
0,-0.4234806560002313,2.9503281683380265,0.008705122062570014,2.9503281683380265,0.0,1.0,0.0,0.0,1.0,0.0,1.0414532882567387,-0.9670804365133239,-0.1609952519405121,-0.4144259432475081,-0.8662803956757923,0.14384504922929858
1,0.7804070491365229,-1.0997662518408062,-1.0997662518408062,0.6561410382051146,0.0,0.0,0.0,1.0,0.0,1.0,-0.43994940538953653,-2.1985361340959164,-1.930439623791659,-0.6614077401604137,-0.2129694141065328,-1.6028750416323054
1,3.9604021138973566,3.278338198191674,3.278338198191674,3.0492597281972476,1.0,0.0,1.0,1.0,1.0,1.0,0.8043430024646343,-0.1814152079719804,1.1218665634477447,1.3638968881782416,1.4828399962138417,2.7658033769467982
1,2.8125756123884047,1.9390417776722746,1.9390417776722746,2.2909302191518703,1.0,1.0,0.0,1.0,0.0,0.0,0.793633348158013,-0.1991016956622842,1.315192165673499,-0.2033786346771453,1.8171128300095003,0.5633585367829708
0,-3.254545402932367,0.8879121846627812,0.6271789202561631,0.8879121846627812,0.0,1.0,1.0,0.0,0.0,0.0,-0.3779023945351813,-0.28293117317231575,0.1627921338131123,-0.7031759918859539,0.7969544224652343,-0.5821459268056866
0,3.028952492547433,4.421955163414154,2.195388342167777,4.421955163414154,1.0,1.0,1.0,0.0,1.0,0.0,0.309374734177204,1.1764737975071515,0.5741649157676723,0.37678375667184294,-0.8776702007833257,-0.37032982881414767
1,2.3007480545557923,2.8827311315891473,2.8827311315891473,0.3637763104867313,1.0,1.0,1.0,0.0,0.0,0.0,-1.5541640807104,-0.12192033904530022,-0.4924495901232496,-0.9902070082791286,-0.015118659145268942,0.5972732936248408
0,1.2582711724185158,1.4177623005881905,-0.2102762665093143,1.4177623005881905,0.0,0.0,0.0,0.0,0.0,0.0,-1.1332750630566097,2.1574015862198106,1.3219876274863156,1.0012653327478493,0.13232154620428271,-0.8814274115529961
0,0.5373542566236639,1.2641687509542239,-0.45022679034595914,1.2641687509542239,1.0,0.0,1.0,0.0,1.0,1.0,-1.5147329897902246,-0.0989249434794327,0.1518665810532664,0.44252251008390353,0.06719625793887438,0.7813553874413914
1,3.831837042953944,0.6287006577077292,0.6287006577077292,2.9934347244562947,0.0,1.0,0.0,0.0,1.0,0.0,1.5875971781481115,-0.41386248632931194,0.004171660462759186,0.16246006626519413,-1.072172321721009,-1.2787028001124563
1,3.399705567370076,2.631941972773424,2.631941972773424,3.270207282071177,1.0,1.0,1.0,0.0,0.0,1.0,0.7293359215321644,-0.6369555838767567,1.7436430976776154,-0.2729450842277781,0.3920850719294197,0.22544297099361843
0,0.40710253630705934,1.217510972525703,1.036783115274223,1.217510972525703,0.0,1.0,0.0,1.0,1.0,0.0,-0.6790872165285896,-0.4724832405032493,0.06899787245969752,-1.1300502612003938,0.5145720565769402,-0.03554608671136657
0,4.74287711526056,5.59882033937285,4.17292265317449,5.59882033937285,1.0,1.0,1.0,1.0,1.0,1.0,0.901462871119906,1.4998058379148511,-0.03895679225773252,0.5479821752363168,1.8187535899129676,-0.44263139942251617
1,2.7890995659794338,-0.004368639128568885,-0.004368639128568885,3.0805473304438893,0.0,0.0,0.0,0.0,0.0,0.0,0.6922609678599534,-0.3687080787849274,-0.265317760412008,0.07130947567476899,-0.13067784124968954,0.8097953138613914
0,5.800203046712334,7.674030053932869,4.608808433608897,7.674030053932869,1.0,1.0,1.0,1.0,1.0,1.0,1.5523689717077271,1.893870270541887,1.825887988860463,2.5908946448018115,1.518618080414974,0.19868785391050126
1,2.388060662452588,2.807197111701488,2.807197111701488,3.9439934365561258,1.0,1.0,1.0,0.0,1.0,0.0,0.23921046225015952,-0.04513186170471345,0.4895688179027702,0.6878836194498409,0.1696986438152498,0.06680615995151987
0,-1.268518844945246,2.8706745957546422,-1.5581034712031785,2.8706745957546422,1.0,0.0,0.0,1.0,0.0,0.0,-0.8727107044437837,-0.9045100900699186,0.042325297210066504,0.17292882802434817,-0.2662100309413775,-1.0474298562159692
1,0.569393944560042,-2.460803821945384,-2.460803821945384,0.8559309767650782,0.0,0.0,0.0,1.0,0.0,0.0,0.1856710923009595,-0.32846765068324846,-0.7025516513928556,-1.3089160241235953,-0.9784960777866446,-0.9197081177959563
1,0.8865554147551872,0.4737185267705517,0.4737185267705517,-0.22189055698229965,0.0,0.0,0.0,0.0,0.0,0.0,-0.3176944869859179,1.1618722170145492,1.4713258957153226,-0.17139226788081158,0.036400429553694824,-1.2834555220342418
1,1.7878213197212536,1.9492115848608904,1.9492115848608904,0.41887489497205754,1.0,1.0,0.0,1.0,0.0,1.0,-0.4444044929255391,0.034760018087239775,0.30490930247773457,-1.6656711613291715,-0.6509715174454201,0.10853069438037591
0,1.4276438805738927,2.3648288701587714,0.5193457716210909,2.3648288701587714,0.0,0.0,0.0,0.0,1.0,0.0,-0.4912750481232475,0.3230555709529105,-0.7107250132668382,-0.6544298548986162,-1.2897870122888238,-0.09587242207652358
1,3.385255689339133,1.8351292176958824,1.8351292176958824,4.427474212616401,1.0,0.0,0.0,1.0,1.0,0.0,0.732257362581027,0.2838370222578953,1.0661705313332455,0.2972696560989838,0.8313040155479863,0.2950890191805044
1,-0.18261612377154884,0.6711285839782943,0.6711285839782943,-1.5417060228996529,0.0,0.0,0.0,0.0,0.0,1.0,-1.3728505236006883,0.2048694583929918,-0.735020273651291,-0.3800595035220843,0.7762401281280105,-0.038000761565631355
1,0.8657424306660069,0.2027897239123695,0.2027897239123695,2.9354046923446373,1.0,0.0,1.0,1.0,0.0,0.0,0.1479210916324197,-0.08963872675459744,0.6582700675815907,-0.7079316358128086,0.4833811760739182,1.9644247700876174
1,1.3429585327213385,-1.5336618742474715,-1.5336618742474715,0.9997682947196025,0.0,1.0,1.0,0.0,0.0,0.0,-0.7978671992989597,0.6990570552936921,2.241716860329776,-0.5117978418127827,1.9896725024568873,0.25418702352155176
1,7.150377180943076,3.9604266288021384,3.9604266288021384,7.180929554356826,1.0,0.0,0.0,0.0,0.0,1.0,2.0748444404152258,0.8289581256241747,0.7361427345144299,1.518111427979958,1.1400409965871117,2.3840225940606814
1,5.715830310912919,3.281718569523953,3.281718569523953,5.374705399473496,1.0,1.0,1.0,1.0,1.0,0.0,0.1256890590759639,1.3571439808747328,1.0458108569269946,1.3944073992876396,0.35499594985484006,0.9373452200135703
1,3.8619232648156987,3.1543309359249165,3.1543309359249165,2.378057047940773,0.0,1.0,0.0,1.0,1.0,0.0,1.003461858414479,-0.17667835551555144,-0.6519935788225,0.6741236544355833,0.9747431352598921,0.09379592524533391
1,3.7076941033559723,3.4381440928358207,3.4381440928358207,3.3784890311537867,0.0,1.0,1.0,1.0,0.0,1.0,-0.39762327233104483,1.0022246814983715,-0.854080708430033,0.024718622215526342,-0.4686772248303994,-2.7123982714732158
1,6.2817474502211645,3.4188214421520837,3.4188214421520837,3.6993558972582132,0.0,0.0,0.0,0.0,0.0,1.0,2.3234436092898934,0.8247034834017151,0.38254420319796706,1.175749660261398,-0.470196619163788,-0.7179468315492568
1,5.0224929842423816,1.7674493837092768,1.7674493837092768,4.947351419152406,1.0,1.0,1.0,0.0,0.0,1.0,-0.027040585300945833,0.24000403006667162,0.06778200239828097,1.9141598869861516,-0.3657840020409343,0.3596952395237848
1,7.576696808686007,6.0310139821148105,6.0310139821148105,5.50185594064478,1.0,1.0,1.0,0.0,1.0,1.0,0.6917884277820072,1.6074933374454372,-0.38531831648657633,0.560674424660228,0.768460259474096,1.7454220734915822
1,1.9167686317890198,0.04382452605024789,0.04382452605024789,2.895388349563066,0.0,0.0,0.0,0.0,0.0,1.0,-0.540474362214715,0.43434111882842963,-1.4153723241865976,0.5495783244255275,0.38742992140866395,0.2581359112357987
0,1.15267825263893,2.938386955604336,-0.14429060900932322,2.938386955604336,1.0,0.0,1.0,0.0,1.0,1.0,-0.008192818701999007,-0.24339342924930046,0.6828357952053596,-0.1310724490157234,0.9747791734747776,0.2909640317961575
1,3.965325241097446,1.455990653413083,1.455990653413083,3.19803043258455,1.0,1.0,0.0,1.0,1.0,1.0,-0.1799319108573756,0.15541449469980578,0.01110660472167295,-0.6169876079895864,0.17121881316917245,-1.0044300400631954
1,-0.4487271435299912,-0.6712177980519951,-0.6712177980519951,1.4315382904281653,0.0,1.0,1.0,1.0,1.0,1.0,-1.0009797988609646,-1.3453736079463154,-0.7943227482855915,-0.23641005088983122,-1.4275521658576413,-0.9532241572993152
1,2.1533611536423627,4.813446868264184,4.813446868264184,3.0710710545886077,1.0,1.0,0.0,0.0,1.0,1.0,0.47698025758202806,-0.807251095182119,-0.43121250266962097,-0.17676712278238585,0.311118687196813,0.2966876293158165
1,1.1251061346581424,-0.6157863678531517,-0.6157863678531517,2.071768002609265,0.0,0.0,0.0,0.0,0.0,1.0,0.6111307855937425,1.275012135493668,1.9599162451427303,-0.09085509761763896,-0.9655822520438664,0.0399831991510845
0,0.29025732197848675,0.5323878404004723,-2.0875377530923993,0.5323878404004723,0.0,0.0,0.0,0.0,0.0,0.0,-0.8648990566179546,0.17353837962961038,-0.7814785880619395,-0.678180951120031,-0.15383834020815418,-1.687368511357231
1,4.276124473968929,1.4622517521978202,1.4622517521978202,3.863007164915856,1.0,1.0,0.0,0.0,0.0,1.0,0.5163099046369313,0.2990037653105931,0.8628893617796303,0.6735328719222271,0.230043237892238,-1.8137076798823295
0,0.22471874059712466,1.4095678179531386,1.9741705198651864,1.4095678179531386,0.0,0.0,0.0,0.0,1.0,0.0,-1.1878914142800645,1.387394989056258,1.4981289653943253,1.3036956573411704,2.1787285769275826,0.3806008698217004
0,-1.073685703148272,2.464094619680108,-1.090378732738844,2.464094619680108,0.0,1.0,1.0,0.0,0.0,0.0,0.12914209643288999,-0.831629957278706,1.3461942869585912,0.30678017038078526,-0.3367524449894152,-0.5106886655823687
1,-1.0354727636546626,-0.42895346475248997,-0.42895346475248997,0.5260784325272386,0.0,0.0,0.0,0.0,0.0,1.0,-0.16247779844855395,-1.3624246706390903,0.17444306436965357,-0.713948459917384,0.3497057711802254,0.2550356733355513
1,-1.5079987061549804,-5.164435263271573,-5.164435263271573,-2.982082119531956,0.0,1.0,0.0,1.0,0.0,1.0,-2.8380523527126,-0.9759684357218867,0.22972133175028334,-0.7486837655080333,-1.4393841093894806,0.6604933032155436
1,4.452434929440087,3.1744022100028992,3.1744022100028992,4.300785277583616,1.0,1.0,1.0,0.0,1.0,0.0,0.6584038402983466,0.022672728033840184,-0.0922150892588699,-1.61338318040859,-0.08192068922177338,0.6787437167870516
1,2.746452372788564,1.1670528223400947,1.1670528223400947,3.1666224940241183,0.0,0.0,0.0,1.0,1.0,1.0,0.339120517026462,1.212575496779686,-0.5328556257247321,1.0209163225010462,0.6802955130751253,0.5890025175548926
0,0.9214083170381308,2.210535574897106,0.4535553877916446,2.210535574897106,0.0,0.0,0.0,1.0,0.0,1.0,-0.236928843881097,-0.1597084876894792,0.5306047445572732,1.668161877883964,1.4033342599060985,0.8703111328572399
1,4.5382130789889965,2.3314475348030967,2.3314475348030967,3.7518688214547966,1.0,1.0,1.0,0.0,0.0,1.0,-0.6670569838731486,1.7303230559610683,-0.7677607433317197,-0.49154343232170744,0.567882462108083,0.18681849939108092
0,-0.23314619367862577,-1.5744529263552847,-1.141880124211156,-1.5744529263552847,0.0,0.0,0.0,0.0,0.0,1.0,-0.9702487393178246,-0.41402927840566334,-0.9486853730064396,0.3641769199656116,-1.0272323912420798,-1.804130347933659
0,3.8796978182280104,5.988889042389928,3.7978107872043743,5.988889042389928,1.0,0.0,1.0,1.0,1.0,1.0,0.7857594171305842,0.7488450553429429,0.4615928546304423,0.4707148157353235,0.4050386785474712,0.7672540598938045
1,4.663066197994228,2.791715721306639,2.791715721306639,3.579674967216659,1.0,0.0,1.0,0.0,0.0,1.0,-0.09688916368854915,0.8582021296084428,-0.6378058692521527,-0.22574653973987438,0.5307032981492568,1.2993514093820864
0,0.32618304790769215,1.5614192572701324,1.1044822723383665,1.5614192572701324,0.0,1.0,1.0,0.0,0.0,0.0,-1.089859647314872,0.9099817014515087,0.2217966479779057,0.5543990142075916,-0.5317438179734979,-0.11217272676601872
1,4.364319626112596,2.629212410341408,2.629212410341408,5.450659508840085,1.0,1.0,1.0,1.0,1.0,1.0,-0.6550661178538775,-0.10856796549008452,-0.2747590543682157,0.6222983604167888,2.029005036975267,1.935053498144267
0,2.099876458268527,2.0726518009955064,-0.04240615495340827,2.0726518009955064,1.0,1.0,1.0,1.0,1.0,1.0,-0.15256333501040104,-0.7794369644813565,-0.7069070884904831,-0.5687649845721102,-0.6993662812092384,0.22638853263479042
0,-2.2455880944563296,-0.12637570396529652,-0.1910415408177335,-0.12637570396529652,0.0,0.0,0.0,1.0,1.0,0.0,-0.9415442159910831,-2.059810129484964,0.11265612722658613,-0.037353172796544154,-1.4607397658104349,0.22952026949638682
1,6.602294491893023,2.9855065951395856,2.9855065951395856,5.746314443659589,1.0,0.0,1.0,0.0,0.0,0.0,1.0604178559403743,1.3395578239648238,0.667888721972371,1.8902016517546847,1.1923234443055502,-0.02236150525527636
1,4.510016944445022,0.04532652255441327,0.04532652255441327,2.080806923051355,1.0,0.0,0.0,0.0,0.0,0.0,0.5564878900700192,0.4156787643463486,0.7727110246520807,0.826143602543301,1.4948603199975963,0.3719726014021747
1,0.25950467266867516,-0.4198460128946161,-0.4198460128946161,1.655341320471917,0.0,0.0,1.0,1.0,1.0,0.0,-0.6739824775264643,-1.826820478570754,-0.7657675586486496,0.1569288139402663,-0.9843967643401368,0.5443004546635801
0,6.370344241721352,7.989906047674889,5.290906181925352,7.989906047674889,0.0,1.0,1.0,0.0,1.0,1.0,2.2974196247052574,0.6315942448284517,0.9163804777768534,1.0596580943517528,2.024667952269064,1.155441132515547
1,0.9868104460359415,0.45731940045705877,0.45731940045705877,1.9086329260617032,1.0,1.0,0.0,1.0,1.0,1.0,-0.7996548417438887,-0.5504554346367634,0.4879570630478203,0.5203142905691946,0.4898418347080539,-0.34403817506068307
1,4.834121812326613,2.745582089647373,2.745582089647373,3.7253558356321457,1.0,1.0,1.0,1.0,1.0,1.0,-1.756441656677666,1.8057381519056859,-1.033479662596653,-0.09506239392480803,0.38676873275422075,-0.45750247446541903
0,-1.708807606727771,-0.8512468153656685,0.38131198230210755,-0.8512468153656685,0.0,1.0,1.0,1.0,1.0,0.0,-1.1726948121102807,0.6947237547045965,0.6033741526918075,-1.9073899941656833,-2.068841449511086,-0.8083460192155887
0,2.1194941280658766,2.8755970813967884,1.6184017411134672,2.8755970813967884,1.0,1.0,1.0,0.0,1.0,1.0,-0.1936630842441467,-0.10579060023364134,0.045097662272507055,-0.5117520536666946,-0.38896329476522234,0.6572836274051543
0,-0.7978622289519854,-1.782775010963745,-0.21223526062595144,-1.782775010963745,0.0,0.0,0.0,0.0,0.0,0.0,-1.2389972408386714,-0.11332719939296132,1.0064945623631272,-0.5556187367519196,1.0191970306543539,1.7302605162161013
1,3.1614439608282687,2.50475321493333,2.50475321493333,4.091007412414452,0.0,1.0,0.0,1.0,0.0,0.0,1.5472679588199607,0.6139504326142114,1.281787261716018,0.01545271633025283,-0.8922233382476952,-0.8727213076969818
1,2.4544080592740514,0.045159734841844795,0.045159734841844795,1.131798100529743,0.0,1.0,0.0,0.0,1.0,1.0,-0.5172708226707233,-0.19148359591769393,0.24456467270686816,0.6236701371167316,-1.0661571328176442,-0.19625346190874204
1,1.759338516178628,0.2882726361986124,0.2882726361986124,1.3194432821615973,0.0,0.0,0.0,1.0,1.0,1.0,0.45577925479713244,-0.4147837713405368,-0.09745537728289133,0.6882636293507128,-0.6142511156722851,-0.6875900068781351
1,5.24501501619483,2.683441816942153,2.683441816942153,5.293316943171604,1.0,1.0,1.0,1.0,1.0,1.0,-0.2557562439457235,0.6503068361673492,-0.41375989931460966,1.172209637449183,0.05972984079512306,1.0576095994305041
1,5.046931777002357,2.912885788909045,2.912885788909045,5.686747502130714,1.0,0.0,0.0,1.0,1.0,0.0,1.285860151566041,0.5826218476832622,0.29126652206922193,0.69391557113834,0.8753696890245435,-1.5526741413390384
1,0.8318096919285978,-0.8034505804034042,-0.8034505804034042,-1.5493744859523946,0.0,1.0,0.0,1.0,0.0,1.0,-0.5259685132115516,-0.8442517538399963,1.3131924607018457,0.7086675551406044,-0.9257609602438981,-0.9153173264431516
1,2.417056418105353,1.0140361675796494,1.0140361675796494,0.6631565972014211,0.0,0.0,0.0,1.0,0.0,1.0,1.5640420173260299,-0.4251061074253387,1.2275956856973869,0.34365301170807283,1.175097423214657,0.7085563821921131
1,5.396791288319642,2.8890676212990183,2.8890676212990183,3.1339060437531305,1.0,1.0,1.0,0.0,1.0,0.0,0.6339411356929668,-0.6951716843181299,-0.7321782401882435,1.7163238226206141,-0.3225206723611955,2.086512924388225
0,3.2869970286254357,6.758095072893746,1.9086041420400979,6.758095072893746,0.0,1.0,0.0,1.0,1.0,1.0,1.5483132844567458,0.7057726944747134,-0.07707834138232783,1.9988769588158646,2.659662738430039,0.9431622644901851
1,4.095112890736939,3.027558387653851,3.027558387653851,4.184183764548669,1.0,1.0,1.0,0.0,0.0,1.0,-0.6226188338703101,-0.6677778101949372,-1.7239443352632646,-1.0892232278090326,-0.5318914618994597,0.8839469748398868
1,3.1527063410815734,1.5688212212607853,1.5688212212607853,4.208547792919368,1.0,1.0,0.0,1.0,1.0,1.0,0.6178624381912773,-0.210675163538025,-0.689028780981459,-0.3825418893944116,0.31012747054118706,0.8796354049280066
1,4.2327120231433675,4.003495222791592,4.003495222791592,5.4061265740896856,0.0,1.0,1.0,0.0,0.0,0.0,1.00214476558446,0.8304133625606112,0.3508606819134218,0.6937692140881168,0.8697548261354451,-0.034293160199354744
1,2.1883757710882583,0.17102296511881926,0.17102296511881926,2.826175379158629,1.0,0.0,1.0,0.0,0.0,0.0,0.23068013767636136,-0.1604777246001426,2.307194576229631,-1.421707658908611,-2.169788717477796,-0.8604971549627153
0,3.344999139949303,3.777241469553251,1.796297471466735,3.777241469553251,1.0,1.0,1.0,0.0,0.0,1.0,-0.0458907984919115,-0.016815560621793724,-0.07446838261749511,0.8962179138468779,0.3359416148835121,-1.3203890840898362
1,2.250439236955126,0.4509088476529434,0.4509088476529434,0.18900716900431536,0.0,1.0,0.0,1.0,1.0,0.0,-0.18722588161762865,-0.14675953901223646,-0.047155733216923734,-0.3162832002445593,0.16614494848971872,1.3347274424747084
0,0.06309572004102137,0.5561966641061058,0.8198054194566995,0.5561966641061058,0.0,0.0,1.0,0.0,0.0,0.0,0.3378724994977759,0.18674436273947564,0.04215300450417579,0.33464253406294314,0.6791046438381054,-0.8077678175269883
0,-0.1534460513677367,0.4161512870077785,0.16758993117127807,0.4161512870077785,1.0,0.0,1.0,0.0,1.0,1.0,-1.0413674608635775,-0.67693039346054,1.5305003871450507,0.9453868166919144,-0.9279339264246024,-1.2092609923079902
0,1.5482866809028353,1.3617136432078714,0.3763235766133874,1.3617136432078714,1.0,0.0,1.0,1.0,0.0,1.0,-0.32392453141557687,-0.9857546482341233,-2.206164530589141,-2.8392517178857672,-0.656498993301927,-0.13049593928599368
0,-2.7146983081688347,-2.264763059507808,-3.026651733265297,-2.264763059507808,0.0,0.0,0.0,0.0,0.0,0.0,-1.2988016325029499,-1.3791075536838358,-1.217345667559897,-2.833418129927654,-0.34708585849437446,-1.8762070982985781
0,0.5846421511092745,0.22720428320040476,-0.7166329612690003,0.22720428320040476,1.0,1.0,0.0,1.0,0.0,0.0,-1.0555411196978306,-1.9813379771127053,-2.0016956759444526,-2.065579695358964,-2.4002789785438847,-2.2797981068782858
1,5.25061946983522,2.124183944664961,2.124183944664961,4.107624364104775,0.0,1.0,1.0,0.0,0.0,1.0,-0.02269982660004816,0.8098944975839826,-0.15536495062929634,-0.05823560124217675,0.5184600095364083,0.3639020715159297
1,0.9912888883162383,-0.6332100062796242,-0.6332100062796242,-0.5291821364771105,1.0,1.0,1.0,0.0,1.0,1.0,-1.323863729734855,-0.8879305426782496,-0.19957893435068433,-2.7599858519361122,-0.2566679118654399,-1.2009622960035737
1,1.257965892626206,-2.468297330998802,-2.468297330998802,1.1815958289842303,0.0,1.0,0.0,1.0,0.0,1.0,-0.9131375230432591,-2.809000419110734,-0.06396758592097229,0.35831238687090355,-0.6191390189483884,0.2535366779999876
1,2.546705267182751,1.0565330420044787,1.0565330420044787,2.928057036880485,1.0,1.0,0.0,1.0,0.0,1.0,0.2819079640135806,-0.24188841559134655,0.8757457516584417,-1.1655429258277996,-1.3006634530023444,-0.10446681813176548
1,0.36427673428246443,2.0511613152907184,2.0511613152907184,4.380091673176807,1.0,0.0,1.0,0.0,0.0,0.0,0.17323086170259205,0.6409519199416978,-0.21538998596811662,-0.7885148761463052,-0.2995769151135693,-0.32524538845790196
1,6.728237266781925,3.411610211776374,3.411610211776374,5.433918682092931,1.0,1.0,0.0,1.0,1.0,1.0,1.6235806724463064,0.14181498540085088,-1.008018179620059,0.0944128102586374,-0.0631061016232402,0.8141599346139604
1,0.6593769118491464,-2.7731553620995135,-2.7731553620995135,-0.5058093967342738,1.0,1.0,1.0,0.0,0.0,0.0,-1.3434977180275192,-0.9685529425644275,0.057708044931368885,-1.621930665911033,1.5516424290905628,-0.570216799778132
1,2.3783357647834813,1.9114823278195785,1.9114823278195785,3.982731228103927,1.0,0.0,1.0,1.0,1.0,1.0,-0.14014230764068406,-1.247177300936074,-0.22485577509577986,-0.6639137219374998,1.23683580255032,0.3236776512414091
1,3.9539161819742294,1.5577859983147642,1.5577859983147642,3.9418925582998248,1.0,1.0,0.0,1.0,1.0,0.0,1.0343364399485584,-0.11472473710933606,1.8377496052032334,0.544712513387162,1.2324386530529323,-0.7668796881192619
1,-2.2257774589170536,-4.931089693476759,-4.931089693476759,-1.172595064088948,0.0,1.0,0.0,0.0,0.0,0.0,-1.1231610663369676,-2.6192954400105775,-1.4373681538593677,-1.591077792608892,-2.379188544664011,-2.648361036989608
1,1.6712256271708075,2.390664959820107,2.390664959820107,3.3627124163321502,1.0,1.0,1.0,0.0,1.0,1.0,-0.3942909767317314,-1.0764369657975759,0.05221054179767698,-0.1956298062868771,-0.2621497654497923,-0.21925066458314324
1,-1.691607632271842,-1.652451985241446,-1.652451985241446,-1.2593705394630592,0.0,0.0,0.0,0.0,1.0,1.0,-0.4981479201787102,-0.9184479310837066,1.431212777000265,-1.4664210468200658,0.1696354710213452,-0.6810312542623205
1,0.6602467404931233,-0.8326295737647156,-0.8326295737647156,1.0759199267867483,0.0,1.0,0.0,1.0,1.0,1.0,-1.820049756188794,-0.014596555068823736,-2.8450881960974277,-0.4164533053514906,0.3652075145904998,-1.553325695946649
0,1.7752493736642716,2.069610448863266,1.297480727171191,2.069610448863266,1.0,1.0,0.0,0.0,1.0,0.0,-0.1007995927491652,0.7109127753352995,0.3694365893016012,0.6440883107112543,-0.4826016921013135,-0.7744103307587175
1,2.6781270246614257,0.5416854237348808,0.5416854237348808,2.525280877154911,0.0,1.0,0.0,1.0,0.0,0.0,0.457250844229902,-0.039126438464266236,0.2056350959958116,-0.8966576719414686,-0.23099140521676487,0.854559639427728
0,1.0237502915182133,1.8676787518513187,-1.4836925566887664,1.8676787518513187,0.0,0.0,1.0,0.0,1.0,0.0,-0.3329880115824776,0.01690030604606947,-0.6006668210226732,-0.03932011486868486,0.5780515780871985,0.6042093488259119
1,1.000113008843092,1.3325190825666964,1.3325190825666964,4.386047063181867,1.0,1.0,1.0,1.0,1.0,1.0,-1.3531833429240057,-0.010933648134483165,0.5894201476901225,-0.8928783332769981,-1.126675514842829,-0.18071312812408666
0,0.30531810632531237,1.9549862790964947,1.2905528849189563,1.9549862790964947,1.0,0.0,0.0,0.0,1.0,0.0,-0.0831859430623304,-0.2676718945018265,-0.15477233903933013,-1.5422578713330968,1.2373050276851323,-0.2897728830048866
0,0.6011390732562171,-0.5619738366962327,-2.4142336118295487,-0.5619738366962327,0.0,1.0,1.0,1.0,1.0,1.0,-0.7841784787370957,-1.2119493134076116,0.5260462847493803,-0.11229967211328268,-0.4942149605110475,-0.9956795931131681
1,4.884705989219499,3.8156566772654186,3.8156566772654186,4.765018947601575,1.0,1.0,1.0,1.0,0.0,1.0,1.2058325201237168,0.04741545755431675,1.1680673477930485,-0.5029420981973526,0.5241914899559345,0.9846927063331361
1,1.9153035143170656,0.34026200135858575,0.34026200135858575,2.1676428850382763,1.0,1.0,0.0,1.0,0.0,1.0,-1.1953070705762838,0.26621601744412504,-1.2544923370260066,-1.3305856205374322,-0.4852493565434138,-1.0486436859440116
1,3.196887866704877,1.4785778089724957,1.4785778089724957,2.8664432934377384,0.0,0.0,0.0,0.0,1.0,0.0,1.356473753289952,-0.5662366177443422,-0.5512412717165353,0.20908070346882554,0.6485709132607119,0.7850309832369211
1,5.274408839521036,2.480860377878627,2.480860377878627,2.965618767699622,1.0,0.0,0.0,1.0,0.0,1.0,1.451061542681992,-0.4032026721782357,0.9894672106810726,-0.8111201423827046,-0.8893401103330395,0.20280673332072394
0,2.369022824005124,0.43791576979983793,1.4497656558688627,0.43791576979983793,0.0,0.0,0.0,0.0,0.0,0.0,-0.08768018440823422,0.43650606479224396,0.8611881228857841,1.2307055476277386,-0.3367140187424248,1.1393739262456952
0,-3.0251117987279277,-0.42486521068342353,-1.5263944807768643,-0.42486521068342353,0.0,0.0,0.0,1.0,0.0,0.0,-0.27689557353497884,-2.2120548005790814,-0.7773829770066254,-0.8087657110091634,-1.119786315983858,-2.308114341482409
1,1.253321414022349,0.3511404964905921,0.3511404964905921,3.3468304886677163,1.0,1.0,1.0,1.0,0.0,1.0,-1.099390157836081,0.09052343850440325,0.8316042925015147,-0.7567555591459006,-1.5308639649957758,-1.675373220537148
1,5.60399912324761,4.335957686158645,4.335957686158645,7.572918041820228,1.0,0.0,1.0,1.0,0.0,0.0,1.038628968341816,1.2431662516713833,0.29779292428897375,1.2227334511030012,1.6948205198353525,0.581696912186654
1,3.6060980809258867,1.4386215561241407,1.4386215561241407,-1.0528169528744096,1.0,1.0,0.0,0.0,0.0,1.0,-0.3288463654505223,-0.3147634261213359,1.680251736455857,1.01793825446445,1.9408177985850135,1.1108473402066943
1,0.6594202387635998,0.20593269904312494,0.20593269904312494,0.6144360989944316,1.0,1.0,1.0,0.0,1.0,1.0,-1.7361158569503758,-1.6873948351690782,0.09126883748042702,0.388791855954923,-0.6095357794842102,-0.7964271044163886
1,0.5697245873817276,1.936440942782148,1.936440942782148,2.4269225547590407,1.0,0.0,0.0,0.0,0.0,1.0,-0.5481694570854732,0.57971116623393,0.7444066635722718,0.6377235707321338,-0.657129260687841,-0.8813925147411059
1,2.1942015952922667,0.5067048897230575,0.5067048897230575,2.0098106298243317,1.0,1.0,1.0,0.0,1.0,1.0,-0.8014658232404369,-1.3314004274845246,-0.6013605925674624,-0.6727221825456213,0.3375593339042773,0.9998159762330435
1,2.5166974673992857,1.6023765529485374,1.6023765529485374,2.2060117341601777,1.0,1.0,1.0,1.0,0.0,1.0,-0.24447932648481172,-1.9892714657083963,-1.0682851690761475,-1.3581358929318907,-1.6679903207211475,-1.5210349397775746
0,-1.7346697123443144,0.4878863218507532,-1.9052548073596365,0.4878863218507532,0.0,0.0,1.0,1.0,0.0,0.0,-0.6478268045419762,-0.5663035853290485,0.3894902568313259,-0.966222145527042,-1.9140487866574216,-0.17317155140028345
0,3.389648403022236,4.967606870039872,3.976927225643424,4.967606870039872,1.0,0.0,0.0,0.0,0.0,1.0,0.30826463569798157,1.0623556968916317,0.08890330521571274,1.0156830155234384,-0.2703995373011199,0.8523495809089618
1,1.6427145312325768,1.3600916383765593,1.3600916383765593,2.166214930142681,0.0,0.0,0.0,0.0,0.0,1.0,-0.10607353664087597,0.595681122566388,0.37930656516257305,1.4672957321310196,1.2420849554826394,0.7123758772822085
1,2.890188422099947,2.631144438671506,2.631144438671506,2.863712952028659,1.0,0.0,0.0,1.0,1.0,1.0,0.8021312317905118,0.2043465313030859,-0.8264281246911771,0.24338120138661679,-1.1085778189134636,-1.374343147033431
0,1.0787531774691383,1.601056945111695,3.0018711586006894,1.601056945111695,0.0,1.0,1.0,1.0,0.0,1.0,-0.014196726383587864,-0.28714953003478816,0.7435547500493008,0.4485399211398218,0.3163391106046375,1.0346283910579124
1,1.5289639587279553,2.0169479557308696,2.0169479557308696,4.849081757769243,1.0,1.0,0.0,0.0,0.0,0.0,0.8721058608511864,-0.22559467982146902,1.1517627114786708,0.263799143641141,0.3199246483610413,0.3261178423583513
0,-0.9926973917559618,2.9624681698074333,-0.3970347453995299,2.9624681698074333,0.0,1.0,0.0,0.0,1.0,1.0,-0.3186129575658021,-1.530672629358044,-1.08578132609039,-0.6032724524969459,-0.9188251786040932,-0.9949324225333926
1,-0.2809696064565811,-0.1318811088134378,-0.1318811088134378,0.9982876884500993,0.0,0.0,0.0,0.0,0.0,1.0,0.31452638982263265,0.5142542724016206,1.730102470926377,-0.2881234771056862,-1.2906300444246583,1.3915416512524232
0,1.2693128366126223,3.4090931538982985,0.6162382431020119,3.4090931538982985,0.0,1.0,1.0,0.0,0.0,1.0,1.0845794324384888,-0.7322996966829225,0.46461165375139735,0.38968567662352194,0.3755784565214557,1.6482567306687643
0,0.8608821298519602,1.23364444922288,-0.5732572852065572,1.23364444922288,1.0,1.0,0.0,0.0,0.0,0.0,-0.4009459620288152,-0.31435387521550606,-0.4131754383293113,-2.2331342322636334,-0.5333157327135597,-0.6508234526311406
0,1.9892691520480912,4.1327306409613795,2.0259702736713665,4.1327306409613795,1.0,0.0,0.0,1.0,0.0,0.0,-0.5931869781003138,-0.07720910571130116,-1.1000539089148615,0.31539165188467494,0.4377681322249094,1.0139070739912803
0,1.268872064759575,2.4528266712483537,0.875818630795931,2.4528266712483537,0.0,0.0,1.0,1.0,0.0,0.0,1.1335211884521639,-0.2873768882205085,-0.21166266538423437,0.558856279543211,0.04625903180221791,1.6616256009579762
1,5.764625019043273,4.289967996960496,4.289967996960496,3.796934455281739,0.0,1.0,1.0,0.0,1.0,0.0,-0.8001132296673639,2.093783164927436,-0.9211087473284783,0.0017263873229088622,1.1573567104547715,2.6979237102908833
0,0.5063474287589654,1.7779571630676863,1.07439358332666,1.7779571630676863,1.0,0.0,1.0,0.0,1.0,0.0,-1.5390327104150003,1.1154696321456747,-0.5199699879201872,-1.1662120663967637,-1.1035703181145735,-0.735458039021994
1,0.7732304113012498,0.016542707799724055,0.016542707799724055,1.9549667173004175,0.0,0.0,0.0,1.0,0.0,0.0,-0.32849221931947437,-0.6056874972268794,-0.6758698652526618,0.5397550140733502,0.980251382995485,0.27136564665232404
1,2.554341602582231,0.9517682696397859,0.9517682696397859,2.3219846683620853,0.0,1.0,0.0,1.0,1.0,0.0,1.419621576027093,0.04174962978656975,1.5455055536494844,-0.7661345675850599,-0.46673466477406444,-0.6509252335423
0,0.7364106396727716,3.936790015589982,2.106543949529464,3.936790015589982,1.0,1.0,0.0,0.0,1.0,1.0,0.1658782935972717,1.0264389917021206,0.8553781715849684,-0.4172681143977531,-1.8693052720685672,0.5591105677362915
0,3.849528050647911,6.469309944984023,2.5221615413992824,6.469309944984023,1.0,0.0,1.0,1.0,1.0,1.0,1.7042828699059547,0.2328490827191294,1.3560137251170752,2.112966670737517,0.8200636286979436,1.6118434975089784
1,3.243904154738588,-0.13254471291188527,-0.13254471291188527,0.1899322820917948,1.0,0.0,0.0,0.0,0.0,1.0,-0.5340651738300313,-0.7564223988725893,-0.4284767085675214,-0.8206553975154974,-0.497244309637639,-1.085946954819615
1,0.07054691104027505,-0.3042530387261778,-0.3042530387261778,1.2444646632506955,0.0,0.0,1.0,0.0,1.0,0.0,-0.9616045763212643,-0.5012877916308462,-0.8410014143229346,-0.7541064745510362,-2.00646555193766,-0.6525872757689823
1,3.2184231893166086,-0.18426840635764785,-0.18426840635764785,4.24764329534812,1.0,0.0,1.0,0.0,1.0,1.0,-0.032917273486841064,0.24218796414610522,0.43183316579377656,0.21539171951318692,0.4479632182763764,1.4380654763637346
0,0.7705296177284051,3.749095411744797,1.2075594185849647,3.749095411744797,1.0,1.0,0.0,1.0,1.0,0.0,-0.12840323388105218,1.27964897548706,0.7540534588314334,0.9239075878977475,-0.5353415845045367,1.2546838489305312
1,3.2891562586678242,1.4541450768143902,1.4541450768143902,3.8597665500201344,0.0,1.0,1.0,0.0,0.0,0.0,1.3144213644853868,-1.4788853992907638,0.1814732532472011,0.23262741346149143,1.685770799770436,0.287543843961403
1,4.993020666477246,2.5688274222124585,2.5688274222124585,5.321157690327916,1.0,0.0,0.0,0.0,0.0,1.0,1.1748124378864881,-0.14720630109131014,-1.1988934104176716,-0.325983808445247,0.516409122237935,0.45678614598031325
1,3.9118689080695592,2.090222101889656,2.090222101889656,2.80494062644055,1.0,1.0,0.0,0.0,0.0,0.0,0.24384318255635115,0.44679096376635186,-0.6473814308614025,0.7024741014287263,-0.022759504609820697,0.25885080784713854
0,1.25109041994248,1.4360487016622774,-0.697352530486212,1.4360487016622774,0.0,0.0,1.0,0.0,1.0,0.0,0.3521494117846817,-0.21676235348418105,0.46801798808319256,-1.8325718501051775,-1.3765228210762503,0.603749649630119
1,2.930692659332284,1.7548707327396071,1.7548707327396071,1.5790602441995656,0.0,1.0,0.0,1.0,0.0,0.0,-0.1021060865206134,-0.564816741071767,-0.9692174911284671,0.09583696828299358,-0.29683300153745207,-0.2715773731598132
0,4.394105273015375,6.4884395493257845,3.0301204046682693,6.4884395493257845,1.0,1.0,1.0,1.0,0.0,0.0,0.08064606633202258,0.04069293172619934,-0.6278115911400486,0.18050919340671767,-0.2876727913627911,-0.35330611740796286
0,0.43733507160101115,1.6743870884088938,-0.5579551896670822,1.6743870884088938,0.0,1.0,0.0,0.0,1.0,1.0,-0.4725716061268368,-0.45480403925173296,1.107113610784352,-0.3357562342450105,-0.9050224453438678,0.01964836875350274
0,-1.4045198022609608,1.3183980476482917,-0.5599832054601951,1.3183980476482917,1.0,0.0,1.0,1.0,0.0,0.0,-1.1794878706483745,-2.1489892566552635,-2.484129038354344,-2.173825472404498,-0.7486561288988134,-2.353033180388848
1,3.3920126405582325,2.9276043875037443,2.9276043875037443,3.73445454108722,1.0,1.0,1.0,1.0,1.0,0.0,-0.2761366038977841,0.09559088279028716,1.1912073102545415,0.7190978878408187,0.5102270950036756,0.7087252916561703
1,4.407846411174807,1.1171084952807955,1.1171084952807955,4.158178731911588,1.0,0.0,0.0,0.0,0.0,0.0,0.9598594748521483,-0.6723106148799225,-0.4633622887151747,0.27398098729504455,0.9192599883844275,-0.35110338246284734
0,6.520439005399971,9.74821279804594,8.15086560864012,9.74821279804594,1.0,1.0,1.0,1.0,1.0,1.0,2.2698655716074154,1.580679738990897,0.37660738409745687,1.9559815321202934,1.0971725735972648,1.8511975341275344
1,0.25480703901248436,0.8566893436280862,0.8566893436280862,3.392755678650512,1.0,1.0,1.0,0.0,1.0,0.0,0.45136641236428504,-1.799579421565662,-0.10377332186198676,-0.6689461451199012,0.22969427488691274,-0.2464227659052319
1,3.6825737191647026,2.918201125592045,2.918201125592045,2.1042329465376146,1.0,0.0,0.0,1.0,1.0,0.0,-0.25465129251022356,1.6541748246150747,0.18432850059781897,0.541651384751606,-0.8250321803365444,-0.40581372080351563
0,2.231801015018264,6.995133130968512,3.2198491294826743,6.995133130968512,1.0,0.0,0.0,0.0,1.0,0.0,0.9658375364296798,2.076793658941591,1.2994564656853889,0.5433264860088847,0.9041125689709549,0.1636645250172516
0,0.2840552094842974,-1.0490100678719627,-1.275336623070235,-1.0490100678719627,0.0,0.0,1.0,1.0,1.0,1.0,-0.6417430810345115,-1.563857926008263,-0.21105196824756917,-1.9052590540590137,-0.6239677442376562,-0.231846369873136
0,-0.3584462236386773,-0.1028975862434629,-0.9690683844675285,-0.1028975862434629,0.0,0.0,0.0,0.0,1.0,1.0,-0.4722878069249693,0.18243007683932888,-0.8481701390003646,-1.935310700683401,-0.9607973038590527,-1.1287461189347066
1,1.5731699893525257,2.12945019299746,2.12945019299746,3.374685386297224,1.0,1.0,0.0,0.0,0.0,1.0,-0.4892571839663598,0.16463765805432617,-0.8035883210549531,-1.2108008387666693,-0.924138360671867,-1.648291241462914
1,3.039925442116892,0.38388832536881967,0.38388832536881967,3.1435710949733107,1.0,1.0,1.0,1.0,1.0,1.0,-0.7081890893841192,1.1145449541563408,0.07439897015662429,-0.12214079925277276,-0.6850598430375922,-0.14897610933958355
0,2.3006945937062904,3.562596209715394,1.7572096331540215,3.562596209715394,1.0,1.0,0.0,0.0,1.0,1.0,-1.1226187229983824,1.0799421415331616,0.42298087752103664,0.274926967990315,0.31595899092435503,0.7591186280224222
1,5.060661516334351,4.796612666684549,4.796612666684549,4.88835572729731,1.0,1.0,1.0,1.0,0.0,0.0,0.5912862962055567,-0.38799329148662887,-0.43568773853483633,0.1077427496998385,0.12847339358030924,1.5952993360361893
1,1.5076235146394859,-0.21882261875406958,-0.21882261875406958,0.16080451144563512,0.0,0.0,0.0,0.0,0.0,0.0,-0.11390654526812062,-0.1799008665984072,-0.5667469341554207,0.7771731534544956,-2.0962854555299937,-0.4925340507903101
1,0.19005185480381453,-0.3276000829132597,-0.3276000829132597,-0.7289164566757211,1.0,0.0,1.0,1.0,0.0,0.0,-2.199517503501715,-2.116067003165731,-0.9613064500354962,0.16448955373634427,-0.5531227311477771,-0.26745558840946326
0,-0.0599913295179062,2.779782225619753,1.647460823474911,2.779782225619753,1.0,1.0,0.0,1.0,1.0,1.0,-0.7776995575812073,-0.22079552015978365,0.013366351188916603,-0.8047343062503567,-0.5884977193494191,-1.815362395330268
1,4.460712852180207,1.8519904116384898,1.8519904116384898,5.878133644309626,1.0,1.0,0.0,1.0,1.0,1.0,-0.10771662187174916,2.4294033155652097,0.9974895501137849,-0.3620614173583862,0.7321691283424373,0.07322661001803743
0,2.4671706041540267,2.736896406492563,1.1475885308136973,2.736896406492563,1.0,1.0,1.0,1.0,1.0,1.0,0.04925661705472292,-0.374086263206596,-0.16792386770671888,-1.6763502478811807,-0.014580445036772749,-0.6244997777050123
0,0.26697676496121453,0.5448081443903435,2.0228389741877004,0.5448081443903435,0.0,0.0,0.0,1.0,0.0,1.0,-0.3567917196802922,0.8174431166322212,-0.29057591851903053,0.01728589195135699,-0.18683514842251359,1.606441979248964
1,4.094693146382393,3.459907301480493,3.459907301480493,4.48367860872141,1.0,1.0,0.0,1.0,0.0,1.0,0.4114735402873958,0.040038216065429566,0.5231324136716825,0.57404383294193,0.9182260093493819,0.9450019415729797
1,5.776324278767073,2.154769244373659,2.154769244373659,5.601212919384837,1.0,1.0,1.0,1.0,1.0,1.0,0.1364320727022094,0.030242450113380004,-0.06006517381512044,0.9156459450948681,-0.3343520776827168,1.076866568581142
1,1.9290916651417822,1.0135246704134004,1.0135246704134004,2.540861065267558,0.0,0.0,1.0,0.0,1.0,1.0,0.46542434139465727,0.2957428947057315,1.0507052385768088,1.136698539585406,0.6916113834106368,-0.15447456361281364
1,2.4537129507840914,-2.7193619663344437,-2.7193619663344437,-0.49318843190756056,1.0,0.0,0.0,1.0,0.0,1.0,-1.5039950542604652,-0.28584788236267505,0.5637584552714338,0.6924711072433075,1.2243187859356635,0.16178867539842579
1,3.295302149740948,1.2974937586657256,1.2974937586657256,1.698995292133688,0.0,0.0,0.0,0.0,1.0,1.0,0.6431338137476359,-0.8094435325358124,-1.2151579769988787,-0.17684901657064572,-0.7932670510931821,1.101735690254285
0,-0.6529924586598727,1.1875954309989332,0.6139054743759914,1.1875954309989332,0.0,1.0,0.0,0.0,0.0,1.0,0.3162012422316475,-2.4901384892795493,-1.4342857430017033,0.5037510953231853,-0.7305817236136823,-1.7009233793377871
1,7.569823498308069,4.606598366069766,4.606598366069766,5.86093954235611,1.0,1.0,1.0,0.0,0.0,1.0,0.5559647366715785,2.0829824366313923,-0.00810053154004875,1.5739109992282803,0.9281045411740182,0.7720195911422743
1,-2.4539951315477713,-3.4248450826013888,-3.4248450826013888,-2.6314312793634906,0.0,0.0,0.0,1.0,1.0,0.0,-2.6866720746542176,-0.7104285466593105,-1.0886235608429802,-0.8533096363972992,-0.6344009338248764,-1.358981255113419
0,2.800829953493232,3.0256432771803805,3.004199860681621,3.0256432771803805,0.0,0.0,1.0,1.0,1.0,0.0,-0.4105323328292831,0.919738657370071,-1.727365208545017,0.6472852241121877,-0.9781231761458095,-0.16250212380620227
1,4.569347893167949,-0.11904123999487637,-0.11904123999487637,3.1917062391230817,0.0,0.0,1.0,1.0,0.0,1.0,0.3096639290859988,-0.8546506468923051,-1.124687887987674,2.417057642983942,0.19315732953043796,-1.2170463582855862
0,0.12327644086325629,1.4202699904753506,0.9184804006231735,1.4202699904753506,0.0,1.0,0.0,0.0,0.0,1.0,0.5195944839004186,0.26267836515096105,1.5495979196199259,0.20512471735826382,-0.14094913864127245,1.1420274709423697
1,2.1441160663039716,1.4179430052578215,1.4179430052578215,3.531596816365163,0.0,0.0,1.0,0.0,0.0,1.0,0.2575945100694773,0.4760080131161891,0.6221825611915472,-0.024851112835493933,1.5804807305017703,1.4174158409849893
0,2.3796469002509038,2.997398622029766,2.985832083311973,2.997398622029766,0.0,0.0,1.0,0.0,1.0,1.0,0.617908992187172,0.1958807471098702,-1.0746290245674885,1.6393793957489025,-0.11759665450495221,2.1670650880482243
0,-1.093117902835186,-2.445784004713812,-1.9431097099470882,-2.445784004713812,0.0,0.0,0.0,0.0,0.0,0.0,-1.520721654405954,-0.4205521655831992,0.061028269183312556,-1.1218022850192244,-0.9670303691897868,-1.1617601354192288
1,0.6234757716667156,-0.11668716752632446,-0.11668716752632446,0.07437668931569696,1.0,1.0,1.0,0.0,0.0,1.0,-2.1521440025298424,-1.427659077562825,-0.38821091882720343,-0.6104724171707113,1.0627794826147703,-0.367548073869005
1,2.367307440051321,1.236505855050121,1.236505855050121,2.868831709409795,0.0,1.0,0.0,1.0,1.0,1.0,-0.03647382332813683,0.19922104314997646,1.059358982889449,0.23798058248939624,1.223138663352607,0.13069292966728274
1,1.3825342767214899,0.6746017475364974,0.6746017475364974,1.5417443111741482,1.0,1.0,1.0,0.0,1.0,1.0,-0.7271027551190651,-0.989207826509025,-0.013904779984156679,-1.6239443577585717,-0.23365941331625972,-1.4175422713851087
1,2.139367234219128,3.410102851797967,3.410102851797967,3.8489902334093125,0.0,0.0,1.0,1.0,1.0,1.0,1.3477114253217328,0.7302132026034694,-0.5832872982926256,0.7320001951672781,-0.7305347142862235,0.17554450533354776
1,3.4838825316479256,1.827651588114219,1.827651588114219,3.7311759698172313,0.0,1.0,1.0,1.0,0.0,1.0,1.2807245131522986,-0.09223325723826244,-0.31639416812160537,-1.0515720378207987,1.7690964220967351,0.22126251780127418
1,1.8227536189171014,1.3983553684524321,1.3983553684524321,0.7262192762458399,0.0,0.0,0.0,1.0,0.0,0.0,0.2088143873996103,1.500400819530969,1.4535157599053043,-0.5220642139442749,1.0343546903993632,-0.1480084323381301
1,1.9614556783797548,1.184512605091574,1.184512605091574,3.719789336841343,0.0,1.0,0.0,0.0,1.0,1.0,1.0238763631040142,-0.7551920034961283,0.32333600788396377,-0.3455284663518231,-2.080562568211101,-1.1763613839233718
0,1.0661187931501002,2.893598850582341,1.8507465954535793,2.893598850582341,0.0,0.0,0.0,0.0,0.0,1.0,0.8398222641393831,1.3396723121416176,1.045950492496193,1.427149308127695,0.07515817843479,-0.7928830805933434
1,5.7886872147113255,4.180307834881031,4.180307834881031,8.003708556161465,1.0,1.0,1.0,0.0,0.0,1.0,2.12724332900937,-0.2532559748112744,-0.2737877304502576,1.1513755106548633,-0.3165856216390165,-1.8719539341345333
0,1.4307455078316313,2.5607144925291156,2.0191327117601254,2.5607144925291156,1.0,0.0,1.0,0.0,0.0,1.0,-0.45682900076287186,-0.841918463347055,-1.0356889795440165,1.5899281829166272,-0.6369293068110244,-0.655823728704371
1,1.4821595387638922,0.9563485079591116,0.9563485079591116,3.310609066748633,1.0,1.0,1.0,1.0,0.0,0.0,-0.7626504977730006,0.10184758435375149,-0.2788375689844389,0.34854473162199995,0.7551786039376436,0.3271744549396174
0,2.2419792755358015,2.0369848398006845,0.12923009582109346,2.0369848398006845,1.0,0.0,1.0,1.0,0.0,0.0,0.45670606028507443,0.6638408313507927,1.238427745296129,-1.1071329809813741,-0.05940573446275266,0.18048030533808568
1,2.1976637070478393,2.217035026438713,2.217035026438713,5.048733303713689,1.0,0.0,1.0,1.0,0.0,0.0,0.9182545289778163,-0.4896593181362189,-0.025651333761581907,-0.9704623361966958,0.4313652097402062,2.1463389193749087
1,3.029709753060222,1.1522801548890442,1.1522801548890442,2.1064837812670705,1.0,1.0,0.0,0.0,0.0,1.0,-1.1178767548050568,-0.654532541665718,-3.014104003918939,-0.26549024898497,0.16588749024258465,-1.1865132837411143
1,0.4744674413049263,-0.40544247301903913,-0.40544247301903913,0.008403650897392811,0.0,0.0,1.0,0.0,1.0,0.0,0.10390358839046861,-0.9825024470614806,-0.006543896916451075,-0.8786584600819144,0.7708529469340673,0.23190142069625488
1,0.0547602054710461,-0.3147893810633373,-0.3147893810633373,-3.2508786794865108,0.0,0.0,1.0,0.0,0.0,0.0,-2.0046318821354494,-0.8151305065933726,0.6644229674199744,0.5616479848507449,0.3656188134136652,1.7890744907494387
0,1.685704355787661,3.5291018720973875,3.2767769536672873,3.5291018720973875,0.0,0.0,0.0,1.0,1.0,1.0,-0.054940730656520824,1.0051551330777257,-1.165411274814554,-0.36738938134939336,-0.6259171210370169,-0.6337701279352119
1,4.271664433700883,2.3715927708675033,2.3715927708675033,3.774651879701892,0.0,1.0,1.0,1.0,1.0,1.0,0.9520680477214702,-0.01123790100330917,-0.6186755401720482,-0.298556414119955,0.4427086845956979,0.6222777021532306
1,6.952995532241201,2.823648095164981,2.823648095164981,5.429115731120081,1.0,0.0,0.0,1.0,1.0,1.0,0.7200350671722591,1.3754608352528286,-0.5093585071251283,1.0874346420681904,2.2962120644431154,0.6973091737913464
1,4.38922676667175,2.1095617473631876,2.1095617473631876,4.882815217052837,1.0,1.0,1.0,0.0,1.0,0.0,-0.06631553791422488,0.5830862175560194,-0.06498843141675949,-1.2214450650692084,-1.4438015038251608,-0.20399178147270886
1,3.8974971307131168,2.536022152495294,2.536022152495294,4.426496535043514,1.0,1.0,0.0,0.0,1.0,1.0,1.28695419015796,0.351264103358294,-0.39396584339765783,-0.4351363208654532,0.2155229917734975,-0.7363248957123721
1,3.7289683445340254,1.5481026928834578,1.5481026928834578,4.187833983583399,1.0,1.0,1.0,1.0,1.0,1.0,-1.6806552582057155,2.129271741902423,1.858279276983611,0.6511229902021025,3.550322596947013,1.2271700363823022
1,2.9146310762613457,-2.162335107415166,-2.162335107415166,0.48787160124129947,0.0,1.0,0.0,1.0,0.0,1.0,-1.077715579238577,-0.5211628039578095,-0.9552988429657876,-1.6271262633605394,-1.9793841066375648,-1.5315569849146544
0,0.0022912732223909285,0.6821823501414789,-0.23551951117735648,0.6821823501414789,0.0,0.0,0.0,0.0,0.0,0.0,-0.10397754643172166,-0.7222032953354702,-1.24626884099291,0.30238120184924744,-0.7304349516365019,-0.26849242895235975
1,3.778814052101047,2.650993102920068,2.650993102920068,4.818239940613252,1.0,0.0,1.0,1.0,1.0,1.0,0.038143808312999954,0.7011133822531714,-0.8360809555328883,0.031193198358245577,0.2910227649882709,-0.4175185534657272
1,1.8342524830099853,-1.1546113998812515,-1.1546113998812515,1.92084656989129,1.0,1.0,1.0,1.0,1.0,1.0,-2.0906427000764745,-0.733964266153802,-0.8932882322326663,-0.9892607326263108,-1.6382821531282925,-0.48471026939370204
1,2.116920202899594,-1.0696151732655796,-1.0696151732655796,2.4162337553256683,1.0,1.0,0.0,0.0,0.0,0.0,-0.5984239045945637,-1.4002958636551932,-0.2805397681615049,0.3007938551780563,-0.08433305118451895,-0.21520747814689395
0,4.840768872443858,5.767760387064251,4.427008112040314,5.767760387064251,1.0,0.0,0.0,1.0,0.0,0.0,1.1325329027215605,1.5414337666956435,0.10803077708076692,0.40444134320044073,1.0643628209070521,0.825537369301221
1,1.918522457457937,1.5536613596518787,1.5536613596518787,1.047740724727421,0.0,1.0,0.0,0.0,1.0,1.0,0.8799678970606679,0.7552004457139561,1.6062429665444973,-1.259751397898519,-1.5811750001672027,-1.1145098764129613
1,2.9125324674552746,0.3673883973441261,0.3673883973441261,3.9058647022824005,0.0,0.0,1.0,0.0,1.0,0.0,1.2101333862154569,-0.07806940076347313,1.375155738005788,0.6849711228823019,1.441408929771253,0.46592246285542116
0,5.426234989482843,7.685176138906431,6.818757823871577,7.685176138906431,1.0,1.0,1.0,1.0,0.0,1.0,0.614867244698788,2.3774446837596233,-0.4796382888592712,0.3984096132864219,0.7165786769834513,0.4961549875306901
