0,1.1004493955866532,1.612017872075723,-0.6350918497743019,1.612017872075723,1.0,1.0,0.0,0.0,0.0,1.0,-0.9537162683138705,-0.09789682466784662,1.3348598165365497,-0.676486964165846,-0.5085820486887672,-0.3805119595595469
1,1.8862047038249017,-0.8602606030906655,-0.8602606030906655,1.244787323085297,1.0,0.0,0.0,0.0,1.0,0.0,0.181744623678461,-1.2037143411177278,-0.7649190565683643,0.12364262974790395,-0.6430599743779006,1.3090105811314374
1,2.4523614915508025,0.590254786176131,0.590254786176131,2.2776814323747,0.0,1.0,0.0,1.0,0.0,0.0,0.7864395174068195,-1.335638843869089,-2.7689394196154082,-1.1366118662936975,-0.564490688099254,-2.5161273503709674
1,0.3746466204219411,-0.5589735300827402,-0.5589735300827402,0.11876239884418438,0.0,0.0,1.0,1.0,0.0,0.0,-0.883850931014175,-0.1043587956625932,-0.5565746191913191,-0.011265048478193124,-2.9979848796832,-0.8065633275249865
0,1.203226450718434,2.2209928225438373,2.4145555573600173,2.2209928225438373,1.0,1.0,0.0,1.0,1.0,1.0,-0.8539233241654971,0.2485108537562512,0.5482332949545023,0.6854679098994184,0.4651978417229352,1.7305562937638652
1,-0.3246656733409836,-0.986092487488403,-0.986092487488403,3.2972547633220275,1.0,1.0,0.0,0.0,1.0,1.0,-1.1643935119240192,-2.1235528402810946,-1.2684651662767639,-1.30479541607543,-1.6522807495194287,-0.772110230856826
1,1.709606590307223,-1.6752517488636276,-1.6752517488636276,2.26935181410461,0.0,1.0,1.0,0.0,0.0,0.0,-0.425969647428648,-3.292061894232419,-0.9201188713093035,0.630400578354916,-1.7521839086333468,0.4536317833288144
0,2.415875925477616,2.434598994175591,1.2332174346432463,2.434598994175591,1.0,0.0,0.0,0.0,0.0,0.0,-0.45565903794897,0.8066679252633127,-0.9848466279874942,-0.5553624194037646,1.0501808378699762,0.010742694933743815
0,2.910098066299514,4.229747877566552,1.5620610311242256,4.229747877566552,0.0,1.0,0.0,0.0,0.0,0.0,-0.1533955594739623,1.1105964572466216,-0.41143246919369636,2.4397977352824527,1.4154435975846877,-0.08348495296530023
1,1.9624518038064918,2.6821643502177115,2.6821643502177115,1.991847898171605,1.0,1.0,0.0,0.0,1.0,0.0,-0.38598892617500064,0.31776456547813503,-0.6330980067942716,-0.1542261307987535,-0.629207882038402,-1.0012691067899395
0,-0.8071450181238635,1.8917140224138929,-2.088256810636981,1.8917140224138929,0.0,1.0,1.0,1.0,0.0,0.0,-0.5579704404122902,-0.9391130690849665,-0.7930433899750328,-0.6380928182126373,-0.46455305379563067,0.6949510597677042
0,2.08432990831649,1.821596905462371,0.397932039803039,1.821596905462371,0.0,0.0,1.0,1.0,0.0,0.0,0.8033813206463164,-0.8591447835809044,-0.4422488885478234,-0.6335853024269418,-0.30141826988268783,-0.20996561569752814
1,6.594862699894674,2.3271988751779227,2.3271988751779227,6.451145462374287,1.0,1.0,0.0,0.0,1.0,1.0,1.2948758173233528,1.712710229610703,1.7164684775466283,2.797698108194088,0.48180468757601025,2.91988105784284
1,0.7410516509700154,0.4223364186179989,0.4223364186179989,-0.0030373737277529234,1.0,0.0,0.0,1.0,0.0,1.0,-1.4804606019069506,0.8209285079463424,0.30642977274780875,-0.21560949730144105,-0.6659274874997706,-0.161406721960155
1,-1.1589861637057908,-1.6993170117961482,-1.6993170117961482,-1.1196444731426316,1.0,0.0,1.0,0.0,1.0,1.0,-3.3895193677767446,-1.0762306167102977,-1.6272340336927824,0.74998135743302,-1.490648317924773,0.09374842397377625
1,1.1427400193647783,-0.694704649850811,-0.694704649850811,2.074934866311902,1.0,0.0,1.0,1.0,0.0,0.0,-1.2743375670652173,-1.3581009386402263,-1.7718604142301646,-0.5460979718866311,-1.2153602259622307,0.7594508384535675
1,3.489999001410146,0.9263660413609611,0.9263660413609611,0.6660394683603044,0.0,1.0,0.0,0.0,0.0,1.0,0.8039545983416432,0.4262311376004688,0.018533604745097493,-0.40411099613984386,-0.7256258422214064,-0.505859651546134
0,-1.7787227900688558,1.5040999730759255,0.975250145276422,1.5040999730759255,0.0,0.0,1.0,0.0,0.0,1.0,0.36045361067136605,0.39884766476742356,0.3790151180636718,-1.5665257085759052,-0.5302233573773374,-0.10102647464932796
1,5.519293393818838,3.0017461659538593,3.0017461659538593,2.176578529835259,1.0,0.0,1.0,0.0,0.0,1.0,0.48284505835456926,0.3103706250431896,-0.2003483849051128,2.1210148677479226,0.18172104828155564,0.3159633201682653
1,3.140973375821847,0.14865932216635913,0.14865932216635913,1.25544632704284,0.0,1.0,0.0,0.0,1.0,0.0,0.4157267754775879,-0.3981685968970237,-0.7017483021507106,-0.8471282545853417,-0.6057152095437034,-0.7990447567315655
1,3.960871727901463,3.0377066473784997,3.0377066473784997,4.146251289623876,0.0,1.0,1.0,1.0,1.0,0.0,1.7593879777659354,0.23661292087907282,1.5917327276127298,0.15905683946705015,1.1031396748891138,1.554104917891093
1,0.9393954919511696,1.6311042004322025,1.6311042004322025,1.5872772892477163,0.0,0.0,1.0,0.0,1.0,1.0,0.6716032086729806,-0.297667449267331,0.31301844897202463,0.4489669901023707,0.44813226476897033,0.8564658342704097
0,0.2430930074943738,2.362294444610115,-1.6799806937971378,2.362294444610115,1.0,0.0,1.0,0.0,1.0,1.0,-0.6176615294634732,-2.8525262300240657,-0.3040216836154829,0.9752797513208391,-1.1373363832909225,0.624737989344903
1,1.841988223203931,2.446186672667814,2.446186672667814,1.6630609454536072,0.0,1.0,1.0,0.0,0.0,0.0,0.011319737210835696,-0.024409248723781446,-0.4134160094076546,0.3726444456990865,-0.6068309856187054,0.09429050871505024
0,-3.5697408043524037,-2.218325473653339,-4.026565883294191,-2.218325473653339,0.0,0.0,0.0,1.0,0.0,0.0,-2.189877515362887,-2.4353424714746557,-1.4712477403424171,0.42348973885049007,-0.9628981538693007,-2.2639904086716434
1,8.673750457498874,5.244262202195391,5.244262202195391,8.981750212407755,1.0,0.0,1.0,1.0,0.0,1.0,1.5468897863444,2.3330132411761504,2.043719359048941,1.5338403522790724,1.4021263554943402,1.2538797785975713
0,2.2746446500534354,3.3597570039072675,0.4117080702716197,3.3597570039072675,1.0,0.0,0.0,1.0,1.0,1.0,-0.07785263421327657,-0.6515467722697643,-1.03168718069265,-0.44724472905685597,-0.6675154236032523,-0.07010679207907045
0,1.4915878679996961,3.3410694651384047,1.956372464093593,3.3410694651384047,1.0,1.0,0.0,1.0,1.0,0.0,-0.8317976131221207,1.3436254859986978,1.054974764187203,1.441865131693133,1.1584675961504847,0.6736434516406558
0,1.5379716663704601,4.270417442184734,2.740210776650672,4.270417442184734,1.0,0.0,0.0,0.0,1.0,0.0,2.289638583355171,0.8731593330267842,1.2576218607119094,-0.4711640189903517,-0.1504672128481651,0.31972383807578286
0,1.4054009250717625,0.3215401772917832,0.32505158612907803,0.3215401772917832,0.0,0.0,0.0,0.0,1.0,1.0,0.12877369797283497,-0.0721772509233442,-0.5673902030277358,0.7474165925296253,-0.23481082966016276,0.48196817141907633
1,3.057067521248638,0.557900274283451,0.557900274283451,0.6347400342973062,1.0,0.0,1.0,1.0,0.0,1.0,-0.13810776119414359,-1.1172817810808175,-0.6594766692607748,1.491528466786041,-0.586839438411111,2.0405383016700185
1,8.108299737783806,4.334704444886233,4.334704444886233,6.218813503472424,1.0,1.0,1.0,0.0,0.0,1.0,2.033402606715251,0.12733877508434266,0.660678358362459,0.7552609554375805,1.8002127126085452,2.341939483114152
1,2.639420805514816,1.9223115525624708,1.9223115525624708,2.5090520620974885,0.0,0.0,0.0,1.0,1.0,1.0,0.20338240995795276,0.9343997116328674,0.6477150684025876,-0.21720012430799795,0.37297042755371196,1.4589038707843078
1,-0.05500930232532808,-0.6083059926408606,-0.6083059926408606,2.0979612496643707,1.0,0.0,1.0,0.0,0.0,0.0,-1.453275081083298,-1.4618717034812614,0.6974699661190897,0.48857812249912747,0.8030319248034513,0.12715092689164093
1,4.792569666337958,3.961182416772435,3.961182416772435,4.851113581048403,1.0,1.0,1.0,1.0,0.0,1.0,-0.24507862345447667,0.9837742489865627,0.39577031375858196,1.68707752111512,0.29440124642410614,0.7141596949223585
1,5.985471488141439,1.2177159336305885,1.2177159336305885,2.4625526160137943,0.0,0.0,0.0,1.0,1.0,0.0,0.2012365366023796,1.0708592564940105,0.11790811674593904,1.3726767351514515,-0.5847318416715395,-0.4751642500088963
1,0.427816315387741,0.6237243559899182,0.6237243559899182,3.5339547688140884,1.0,0.0,0.0,1.0,1.0,0.0,-0.2446775167567447,-0.3384367860192461,-0.3982476013661821,-0.24296195571120954,-0.7801524674937171,-0.2689437241578163
0,1.80637739793447,3.355503529583446,2.618783234255977,3.355503529583446,1.0,0.0,1.0,1.0,1.0,1.0,0.5547859717894205,-0.4519107218152423,-0.16289333707387865,-0.09716047867339708,0.24475765987977877,0.031969827771808526
1,2.9592050497370908,3.226084488261178,3.226084488261178,3.840628883130015,0.0,0.0,1.0,0.0,0.0,1.0,1.4760614660925362,0.569815860750884,0.9514493775543047,0.8966089425823346,1.9773574707097754,-0.44051853758774917
0,1.9149417105001543,2.4716128318260187,2.4935815771780274,2.4716128318260187,1.0,1.0,1.0,1.0,1.0,0.0,-0.4778172610070836,-1.4059410285163576,-0.6070996387360323,-0.9250883035738179,-0.08801768800455773,0.2513560606682332
0,-1.2703466276831368,-0.6245893303311891,-1.2996312055777155,-0.6245893303311891,0.0,0.0,0.0,1.0,0.0,0.0,-0.9755240496208255,0.5381049625175737,-0.7728977323309935,1.0845428715129684,0.07638100872861525,0.35269478165921797
1,6.105099769068491,5.475616780496619,5.475616780496619,4.98319608337875,0.0,1.0,1.0,0.0,0.0,0.0,1.81917393623364,0.680206005918745,0.12250824901000501,-0.2879670747043926,1.278871418584032,0.359513246696794
1,5.628778710043095,2.8141805804216924,2.8141805804216924,2.882792955246634,1.0,0.0,0.0,0.0,0.0,0.0,1.1432097954470324,0.35125251169456556,0.21978696004053477,0.1947821802525501,2.7336633204538687,0.1266728337787585
1,0.5322595748132462,1.2545521058944866,1.2545521058944866,1.5020697574641755,1.0,1.0,0.0,0.0,0.0,1.0,-1.0194029712733532,-1.1263381974691473,-0.13499215514246576,-1.5477757179196507,-1.6651870884844622,-2.9571117970806093
1,8.283693817263327,3.2696286975427,3.2696286975427,6.515524347272949,1.0,0.0,0.0,0.0,0.0,0.0,1.1109904246226283,1.3502849718845633,-0.6113690461256329,1.47422818123843,1.0825768477346058,0.9100474674354226
0,2.144587735814175,4.40483741184195,2.783519712955965,4.40483741184195,1.0,1.0,1.0,1.0,1.0,1.0,0.3780220165036817,0.27155510062835053,-0.22902642209205903,-0.20004164977595285,0.7496150173996398,1.4073997317023648
1,-0.6901184775734418,-0.29922457289334087,-0.29922457289334087,-0.06697192587961448,1.0,0.0,0.0,0.0,0.0,1.0,-1.5559690691929506,-0.6782667484687316,-0.25841801018510374,0.9212340035134386,-1.8046255437542313,0.7717837753842944
1,5.064837304111951,3.330040018254187,3.330040018254187,5.277885421426155,1.0,1.0,0.0,1.0,1.0,1.0,0.909228258040791,-0.1083592838527728,0.19398048998731893,0.9984297157333817,0.38041638180458004,-1.1172708913935743
1,1.1184519981953902,-0.032501123553797834,-0.032501123553797834,-1.1945068813247064,0.0,1.0,1.0,0.0,0.0,1.0,-1.0792718924931548,0.42455102889250595,0.7598198574998948,-1.3926580163746756,-0.19774881143389583,-0.6301274785582962
1,2.3717503242079316,3.3366460372621005,3.3366460372621005,3.688455725355348,1.0,1.0,1.0,0.0,1.0,1.0,0.3034428157360754,0.06925383814068968,-0.4297066793851364,1.1503086375184073,-1.203257607365241,-0.00893658365434441
1,3.701398402687933,2.7009003427347267,2.7009003427347267,2.3861290832317783,0.0,0.0,1.0,0.0,1.0,0.0,0.2587087604616371,0.6725230546761501,0.8689717836732964,1.3019567226657036,0.8738070525039893,-0.7389087365037894
0,2.092942149128994,0.31500726544320384,-0.1810285948005661,0.31500726544320384,0.0,0.0,0.0,0.0,0.0,1.0,-0.635714857960668,-0.7094655941134692,0.1743759983743115,0.11602274644761056,0.8107444168970451,0.5976638485613166
1,4.46657269689979,3.734345671994786,3.734345671994786,1.9754662973703878,1.0,0.0,1.0,1.0,1.0,1.0,0.8278544526285356,0.14102663932216208,0.46452854743405586,0.24496742511713626,1.2094486790253718,1.09102551494914
0,4.575260021816341,4.474530414231085,1.0569299245911856,4.474530414231085,0.0,1.0,1.0,1.0,0.0,1.0,-0.21408427695856844,1.5083759315452943,0.4433925350129596,0.92734544662535,-0.20076503479818042,1.3501313481337684
1,3.1165131546726847,1.5259373458426015,1.5259373458426015,4.673945412584399,1.0,1.0,1.0,1.0,0.0,1.0,0.47714192309664755,-0.03507218890775793,1.0378755017515089,0.049749442614381495,1.2366375822400024,-0.9462935106456949
0,0.06813724916837549,2.3157090465948182,-0.8817186851038155,2.3157090465948182,0.0,0.0,0.0,0.0,0.0,1.0,-0.7950677149426395,0.31400189860933814,0.13464157748875594,-0.3084027329644915,-0.7231301799077403,-2.0945677890417684
1,1.6756762910305103,0.7754281643484766,0.7754281643484766,2.6888879990593892,1.0,1.0,1.0,1.0,0.0,0.0,-0.5785269539610022,-0.4825654164006224,-0.0927497190064338,-0.4845651918990713,1.5136731784940198,1.5108858087073314
1,3.429917308001582,3.4670836266414167,3.4670836266414167,2.107376797737312,1.0,1.0,0.0,0.0,1.0,1.0,0.22742208039994286,0.34056874112708224,-0.4207695160319513,0.8948975199224943,-0.9479390159220412,-0.7649022267957848
0,3.997384499244327,3.0786830270090415,2.877176953551766,3.0786830270090415,1.0,1.0,1.0,1.0,0.0,0.0,-0.27599777118644336,1.2588734875885728,1.48080388142309,0.4240049584196458,-0.9670930890677105,-0.27078265248864647
0,1.4528108957871548,4.341197231969786,1.7937808763306902,4.341197231969786,1.0,1.0,0.0,1.0,1.0,0.0,-0.01992967245879261,0.742575489268601,-0.28269260413635316,-0.3062499945479269,0.499005987293781,-0.39975905831677205
1,-1.7243309471975463,-1.1095597734173108,-1.1095597734173108,-2.164851924663813,0.0,0.0,0.0,0.0,0.0,1.0,-2.1926120501304855,0.23661333253269734,-0.03469965000543804,-0.6117193124187911,-0.36703737289627375,0.28529243193425624
0,-1.7396820794800854,0.2927214189661551,0.7974209292742174,0.2927214189661551,0.0,1.0,0.0,1.0,0.0,0.0,-1.0542291527789835,-0.72611986050374,0.3786549588748259,-0.5403420773041347,-0.1930869581514601,1.0796326367745954
0,2.3340088214593204,2.522300762238491,2.411793397346441,2.522300762238491,1.0,0.0,0.0,1.0,1.0,0.0,0.6221681796995319,0.1584775011663827,-0.25494226332865166,-0.0987806162259818,-1.3830203428861418,0.10059737612710307
1,6.408003216778313,3.9451807049343763,3.9451807049343763,6.483685257383373,1.0,1.0,1.0,1.0,1.0,0.0,1.5528406565501032,0.5867668817712991,0.7710564832501013,-0.8568186795516894,0.9658214772575253,-0.13140641282682203
1,-2.247452340448216,-0.9980626668850114,-0.9980626668850114,1.5772239732974502,0.0,1.0,0.0,0.0,1.0,1.0,-0.5853122112411987,-1.366388100621817,-0.443716715521736,-0.5629210497050384,0.05737121571862436,-1.808259861710403
1,2.8097668870618673,2.2784362453865845,2.2784362453865845,1.2294835759132137,0.0,1.0,1.0,1.0,0.0,1.0,-0.48137189340737074,0.008723375135091388,-0.060553839699452716,0.8524366695531708,0.4857950317447113,-0.8750479679254022
1,7.049121677537448,4.461485666379143,4.461485666379143,8.394792801928762,1.0,1.0,1.0,0.0,0.0,0.0,0.5909151113058556,1.831951837866566,-1.1860418943415316,0.5360653444735282,1.0324624566468406,0.5778524037900219
1,2.280814689098996,1.190484827433986,1.190484827433986,2.11631499976978,1.0,0.0,1.0,0.0,1.0,0.0,-0.14296354433301028,-0.12663155005695925,-1.4200146359633228,-1.7242153285824677,-1.7875780660481242,-1.0621714025924331
0,1.3000849247454058,3.7241930329099624,1.4160661752197088,3.7241930329099624,1.0,1.0,0.0,1.0,0.0,0.0,-1.0467737247481435,1.0555332936663546,1.3176958902531732,-0.7435241981876709,0.47935165637655003,1.1306197819617632
0,-0.4742154906076361,1.0960977917749315,-1.7496720706113886,1.0960977917749315,1.0,0.0,1.0,0.0,1.0,1.0,-1.053625426507049,-0.3837489156234792,0.3165556964050186,-1.1691467306934775,0.36696985333854915,0.7768652559324541
0,2.3536678922739123,4.165523190167066,1.1256679127962403,4.165523190167066,0.0,0.0,0.0,1.0,1.0,0.0,0.2516419778384433,2.1615832256701886,1.2935267610154935,-0.6377565118062698,-0.11595338760577778,0.26229555342290634
0,-0.9733863947390917,1.338930841734393,0.9487005064114947,1.338930841734393,1.0,0.0,0.0,0.0,1.0,0.0,-0.28738488113294974,-1.4717558572053377,-1.0156461787305566,-0.43494359588269826,0.6094148156593315,0.027605974963609003
1,7.271579470172894,5.257943189961891,5.257943189961891,7.589805427576351,1.0,0.0,1.0,0.0,0.0,1.0,0.6346975936505682,2.53562342486807,0.36963521511223196,0.2911089609524185,0.8039020734634613,-0.436600074482434
1,4.792925186687178,2.7030974389830487,2.7030974389830487,3.659394328433641,0.0,1.0,1.0,1.0,1.0,1.0,1.2703594039040134,0.8465413174080556,0.8345418283319798,0.24796550134337916,0.425528434488588,2.566013167606065
0,0.6758407422190147,0.5497060325548001,0.5553829895087885,0.5497060325548001,0.0,0.0,0.0,1.0,0.0,0.0,-0.08758623330914966,-0.21031831733108067,-0.3390171002083649,-0.35710809074188843,1.1702463789010982,0.7555260375267436
0,-1.600021462047271,-1.3254257937939153,1.9030026954083177,-1.3254257937939153,1.0,0.0,0.0,0.0,0.0,1.0,-1.386367738499995,0.25090884660662377,-0.09584896673272625,-1.3013990429167446,0.7787063140423349,-0.3452337486209386
0,3.1515249853403495,2.857984618527284,0.1638452977562017,2.857984618527284,0.0,1.0,0.0,0.0,1.0,0.0,0.08298564646613733,0.02960742647339487,0.5506228780655547,0.34331144399238994,1.113952306095759,1.3124910806030945
1,2.3809620037886927,-1.373194140922442,-1.373194140922442,4.79089551510508,0.0,1.0,0.0,1.0,1.0,0.0,0.050020744158263006,-0.12926644461751524,0.5536904628597821,-0.2889905744523577,1.7432427390429193,0.8504376996187502
0,0.16749517027303085,2.734371313793932,1.114978344106137,2.734371313793932,0.0,1.0,1.0,0.0,1.0,1.0,-0.05381049659859315,-0.05691360234626319,0.3222013915214693,-0.00420776308898585,-1.448642072014522,-0.9758454937281287
1,1.7911624553226675,-0.48479898921300724,-0.48479898921300724,2.6639887325229528,1.0,0.0,0.0,0.0,1.0,0.0,-0.13751677385265262,-0.9062886396150098,0.5094374743232931,1.3753132882000028,1.0994743154301991,1.2177494916777922
0,-1.5884655137623693,0.2990043064701031,-1.0229603469467978,0.2990043064701031,0.0,1.0,1.0,0.0,1.0,0.0,-1.3648432658932348,-1.183790021084178,-0.19747718867620823,-0.44250726435091703,0.3674658516134452,0.3935638360905727
1,1.1238226940836693,0.4150614728711304,0.4150614728711304,3.348567713284113,1.0,0.0,1.0,0.0,0.0,0.0,-0.4332207737053111,1.6594157911535727,1.4121972454343934,1.1776600277105733,-0.7596270289581436,-0.05845360389361853
0,4.86620105965882,5.329580945717034,4.5764853148478295,5.329580945717034,1.0,1.0,0.0,1.0,1.0,1.0,0.004664994554800446,1.4561788333234817,-0.46772322346012374,-0.6729655564653003,0.4681091886492237,0.5275028932203317
1,2.6320044874679622,2.221813075812472,2.221813075812472,3.3341467722681735,1.0,0.0,0.0,1.0,0.0,1.0,0.5464400351988492,0.37957042128436946,0.2698480257685602,0.33405901860754916,-0.15959753980061625,1.4724227222719293
1,6.4520175091058585,3.814617073570158,3.814617073570158,6.897822133737998,1.0,0.0,1.0,1.0,1.0,1.0,1.4376316114344287,1.3475168201310859,-0.29663613467745314,0.016368030118332322,0.11740711404321791,0.3198898998708765
1,5.736044976395158,6.085690942175703,6.085690942175703,4.559900338912698,1.0,1.0,0.0,1.0,1.0,1.0,0.6073590649361276,0.32353816912361577,-1.6054257307837592,-0.3554967688182252,-0.5949935747828353,0.8794825101565639
1,1.3717571629942529,1.8409361585269,1.8409361585269,1.109528029791742,0.0,1.0,0.0,1.0,1.0,1.0,0.5878951825673019,-1.5200628777007117,0.06840736152163199,-0.6335714829090606,-0.025744321398353615,0.6028145290252651
0,1.4495164510006437,1.8688749852027629,0.6949720218033869,1.8688749852027629,0.0,0.0,1.0,1.0,1.0,1.0,0.7859509910128969,-0.9622781269046095,-0.35412686910738167,-0.16984668340958947,-0.31068056363754293,0.23488911263823758
1,5.506904239670985,0.10591036399260867,0.10591036399260867,3.8598368167834076,1.0,0.0,1.0,1.0,1.0,1.0,1.193425836169438,-1.4238779993276691,0.09202336765273468,1.3981368485459336,1.9729022350894385,0.5304217694182558
0,1.9940155909496835,3.2045349757186914,1.7661453002205838,3.2045349757186914,1.0,0.0,1.0,0.0,0.0,0.0,-1.0642810744765934,0.075899999263219,-1.660774764208256,-1.882108787829091,-2.2437282993237875,-0.39567831416364496
0,4.571190189633214,2.777672087719311,4.050398061067862,2.777672087719311,1.0,1.0,1.0,1.0,0.0,1.0,0.10121404433502156,-0.11043176402759863,-1.07965350167062,-0.39893698637723973,-0.9364223234333928,0.5685371076018313
0,-1.7095536053423581,1.3256430346419743,-0.10544612378520823,1.3256430346419743,1.0,0.0,0.0,1.0,1.0,0.0,-1.4099090485890635,-0.4390016627676965,-0.11279250167332355,-2.091936601776307,2.3611835561861043,0.6082049378749874
1,1.7813190528710554,0.23352113072263722,0.23352113072263722,1.6407846236107955,0.0,0.0,1.0,0.0,1.0,0.0,0.3624215595600377,-0.8028121998133727,-0.3808488771592391,-0.45438072035739685,-0.8962669402857308,-0.8181544251586094
1,1.7218707667289905,0.9872206065690688,0.9872206065690688,1.0298582649295107,1.0,0.0,0.0,0.0,0.0,0.0,0.3337542012449164,0.019901886554653136,0.6383643275453557,-0.4674644462404426,0.5958885807348993,-2.372031173199392
1,2.2606312350309925,1.2024416651772913,1.2024416651772913,3.237135027704808,1.0,1.0,1.0,1.0,1.0,0.0,-0.37882798905998244,-0.19934002336815781,0.10141355658353624,0.07898817255371862,1.152287474851533,0.3751235002935981
0,4.193863200334572,3.5015726060253494,2.842530381479474,3.5015726060253494,0.0,1.0,1.0,0.0,1.0,1.0,0.05847134492493369,0.8953310338176217,-0.055658236255948956,1.1518105439556858,0.1277818533544577,0.6035038884055441
1,2.4029206016731743,2.049045402327309,2.049045402327309,1.5304075250151554,0.0,0.0,1.0,1.0,1.0,0.0,-0.4879801151992848,0.6191013669556493,-0.6437969224955413,0.021949549020380654,-0.8939959801256727,1.6911817113951364
1,1.5257739572258768,-0.5975540613493623,-0.5975540613493623,2.2572027318827805,0.0,0.0,0.0,0.0,0.0,0.0,-0.002706248134095998,0.3075972425775798,2.49307928227467,-0.31571759063044885,0.9584375638058946,2.028843012815917
1,-1.090011283703172,-0.4983720836216652,-0.4983720836216652,1.1110413232172733,1.0,0.0,0.0,0.0,0.0,1.0,-1.9995959590547407,0.9617082656595359,2.3541505686682997,-0.29966944633469106,-1.701726637059348,0.1903027748457154
1,4.063359892810272,2.7982600698278643,2.7982600698278643,5.0334267731761635,0.0,0.0,0.0,0.0,1.0,0.0,1.6926891659810996,1.5534009445354233,0.6299843476833009,0.5603349388014219,0.8930981125067385,-0.1787551289653978
1,4.257797277638177,1.2210478287227657,1.2210478287227657,4.2740028974230775,0.0,1.0,1.0,1.0,1.0,0.0,0.6727090905327736,-1.0294335409246425,-0.9429339789140725,-0.7079300493381763,-1.1100256366876546,0.38974970221365024
1,5.1683923353765895,1.4426589403942973,1.4426589403942973,3.855377519529695,0.0,1.0,0.0,1.0,0.0,1.0,1.6550590161800813,-0.4809188163540627,0.20355505394966433,-0.6332878580703886,1.9356796936016902,-0.11366810468159727
0,3.774055075649729,5.499022804250696,4.039743265459931,5.499022804250696,1.0,0.0,1.0,1.0,0.0,1.0,0.5054249376156861,0.08682995548513534,-1.30638569293379,0.6237036646958289,0.30724102656611396,-1.659867933672479
1,-0.34418690194385837,0.1494263117525061,0.1494263117525061,-1.3862544762038178,0.0,0.0,0.0,1.0,1.0,1.0,-0.24178016771837874,-0.8609237728676868,1.2028084406432868,0.05595969499340725,-0.4271397825485741,2.015592677639855
1,0.37782800962062135,1.651532362366736,1.651532362366736,1.2919627216883927,1.0,1.0,1.0,0.0,0.0,0.0,-1.8321797682533667,0.22118679330225488,-0.2815685096393692,-0.8925422309466936,-2.384540867665981,-1.8794450222309345
0,-2.722900695265648,1.311710896398696,-2.0080403588344247,1.311710896398696,0.0,1.0,0.0,0.0,1.0,0.0,-0.8626844127104026,-1.304370238831167,0.012539634890691598,-0.4031742502179992,-0.302987319832807,-0.8097241372834385
1,1.2460429619519018,2.8420536791176847,2.8420536791176847,2.0873011201424205,0.0,0.0,0.0,1.0,0.0,0.0,-2.6551199275019734e-05,-0.9164850363214416,0.7145929712336542,1.2255240174527113,0.18002568397305732,0.7448436867783459
0,0.08755886038280518,0.9324539258215365,-0.44323580904592413,0.9324539258215365,0.0,1.0,0.0,0.0,1.0,1.0,-0.9778180956095598,0.6439443720883722,0.35343188525189684,-0.8232757313224051,1.069334053645421,0.05777416757537279
0,1.2985031563324592,6.486969257471486,1.8650790044285668,6.486969257471486,1.0,1.0,1.0,1.0,0.0,1.0,0.15558207601670018,1.1125445800571665,0.7283694151442428,-0.11172065142821733,-1.5824589989021134,-0.21083957423697824
1,1.4734397494444407,1.9014177712751121,1.9014177712751121,2.6474464494372136,0.0,1.0,0.0,0.0,1.0,1.0,0.8146130448089348,-0.04236396892000542,0.838420991729926,-1.5163455846785434,0.17366911384400285,-0.1757533989139766
0,0.7649842142469463,3.2201711570401224,2.187390622570233,3.2201711570401224,0.0,1.0,1.0,1.0,0.0,0.0,-0.5155349531699712,0.9383174324510195,-1.0472082279183543,0.46109206941543857,1.4462681232885213,-1.2657280960745538
1,-1.5558725572014265,0.1339874998479098,0.1339874998479098,-0.31471320877062414,0.0,0.0,1.0,0.0,1.0,1.0,-1.433976028110316,-1.0851054904390267,-1.2491140135503644,0.9663729878952714,-1.6419524552009168,-1.9078955166387266
0,2.9698407910532945,6.488924300587034,3.2509247399648586,6.488924300587034,1.0,0.0,1.0,0.0,0.0,1.0,0.9366691398470389,1.2804374248573902,-0.7282113571228571,0.44819467058125373,0.3681513198428276,-0.49589992533442245
0,1.5660096075801841,3.400432454417534,-0.5056053309188403,3.400432454417534,1.0,0.0,0.0,0.0,0.0,0.0,0.01236783810446185,-0.11539068897166554,0.25255018818008446,0.34193429089298877,-0.24470976949426534,-0.6622929857441316
0,0.28426698997345057,2.4937457718114535,-0.05414611925774171,2.4937457718114535,0.0,0.0,0.0,1.0,0.0,0.0,-0.6654754921936888,1.1709531566260016,-0.995909283964528,0.04501757295159092,-0.37199880536915136,2.399661107223016
0,0.9219550573327998,2.8613218684893136,3.068154781827462,2.8613218684893136,1.0,1.0,0.0,1.0,1.0,0.0,-0.10080188612831552,0.16323655076642368,0.040817818752808266,0.1971473312236045,-0.7219424068358131,-1.055727298959364
0,-0.4022246495446067,0.581058161836235,0.9321744287531454,0.581058161836235,0.0,1.0,1.0,1.0,1.0,1.0,-1.206296810802608,-0.35901573058601133,0.4388337054015866,-0.42867396202915975,0.16405838108568904,-0.481254353669572
0,-0.49298205983320775,1.3512896937502634,-0.037044385559488247,1.3512896937502634,0.0,0.0,0.0,0.0,0.0,1.0,-1.12170490505947,0.6037863616754067,-1.1837558892608087,-0.90842078374895,-9.052449514784788e-05,-0.9548138520708545
0,-0.2892041319036663,1.8296824047231959,0.2560579276566444,1.8296824047231959,0.0,0.0,1.0,0.0,0.0,1.0,0.5980121603300241,-0.6683748204479635,1.1486117699132676,0.9519709578856457,-1.2774313323626827,-0.39393429772386657
1,3.4173228076666136,1.439547001326357,1.439547001326357,2.365475401628605,1.0,1.0,1.0,1.0,1.0,1.0,-1.1848040437399385,0.06922145203274305,-2.221875831893328,0.06823847951244832,0.10664604641687714,0.276982492465498
1,2.9980363094080174,1.2017570028560538,1.2017570028560538,1.7637785140628575,1.0,1.0,0.0,1.0,0.0,0.0,-0.9370176286514588,0.22719134878372865,-1.21515211768426,-0.8339577488574625,-0.0850580109736313,-0.1415801965745812
0,2.2604762083295884,3.664086663057917,0.8053058738821369,3.664086663057917,1.0,1.0,1.0,1.0,1.0,1.0,-0.5342209501370043,-0.4027775826774955,0.959169119758108,0.6550801385421255,0.9826418076989178,0.6936244534278412
1,2.777076411972364,2.8239678634650907,2.8239678634650907,3.371478548071349,1.0,1.0,0.0,1.0,1.0,1.0,-0.2718007968248026,1.2111750194454125,-0.37276294519338615,-0.17964611814786013,-0.6584266682767768,0.9642272977144617
1,2.2516144029346035,1.0110463773297576,1.0110463773297576,1.919692585754271,1.0,0.0,0.0,1.0,1.0,0.0,-0.17615501787539325,-0.6384718343190835,-1.0981550670715332,-1.2243005947709231,-0.34310440743891013,-1.5408926402607759
1,3.563077837131858,4.251448058745138,4.251448058745138,5.5827674760853645,0.0,0.0,0.0,0.0,0.0,1.0,1.8099307774095514,0.314941020532417,-1.9988840693308347,-0.9586177053620795,1.7274232758976962,1.7026115476542198
0,0.16714083550721442,1.9749231216895835,0.6271518302298393,1.9749231216895835,0.0,1.0,0.0,1.0,1.0,0.0,-0.6639256454517898,-0.2652486509465769,0.42617377099687676,0.7530511622266587,0.942931216468792,0.33032945434570227
1,1.5206352654404665,1.3561619638160223,1.3561619638160223,1.367764124077701,1.0,0.0,0.0,1.0,1.0,1.0,0.4685012210052894,-0.5728557412554123,0.01073820549328705,-0.004422920295129501,-0.7988901048158294,0.36754471417770945
0,-0.8406003625662579,1.802302844436972,-0.2995313240365778,1.802302844436972,0.0,0.0,0.0,0.0,1.0,0.0,0.5793532430430406,-0.47983333071282863,-0.7713001207009256,1.3134298087797134,1.2382202312681054,-0.23715251446042332
0,2.742681595577751,3.694485677224839,2.1099704975103677,3.694485677224839,1.0,1.0,1.0,1.0,0.0,1.0,0.4953007302506717,0.1500737116597348,1.0400461954114828,-1.6686603121449246,0.6031772296667605,-0.8326959164544459
1,-3.198107683262932,-2.450171575042658,-2.450171575042658,-2.4919842937988808,0.0,0.0,1.0,0.0,0.0,0.0,-2.6481071518182824,-1.9298599817272604,-0.7199760575151909,-2.0409026325945763,1.0204813910644073,-0.8133848614123944
1,2.808892251236893,3.1144612997230103,3.1144612997230103,4.095254852349544,1.0,1.0,1.0,1.0,1.0,1.0,1.1509083171273193,-1.1027834727034886,-0.24094788348099602,-0.6948611985476572,-0.35853400211446523,1.5493965266774352
1,0.29407182324856107,0.11512486495436725,0.11512486495436725,0.5601975590230434,1.0,1.0,0.0,0.0,1.0,1.0,-0.9694124872898513,-0.4901856885801451,-0.33041247830926035,0.0051093487531424925,-0.19262575291290202,-0.9894002765358614
0,-0.09708668248904317,4.165827862515849,0.8532113881784515,4.165827862515849,1.0,0.0,0.0,0.0,1.0,0.0,-1.0058226407712136,0.8305060255356755,0.23745933840699046,0.5213866601009987,0.34244317017452536,0.9209502750517561
1,1.930147037927743,0.3686222275263662,0.3686222275263662,3.2113772706780908,1.0,1.0,0.0,1.0,1.0,1.0,-0.34235084266007765,-2.0069751954761395,-0.28549581411850017,0.511390643690852,0.05147345640569562,-0.1644095520289004
1,-0.8483822203567127,-3.803981276067649,-3.803981276067649,-0.29639622519380954,1.0,0.0,1.0,1.0,0.0,1.0,-2.041989443355943,-1.7365814686533156,0.18824466743207624,0.24329600639952853,-0.4689241723504327,-0.9257958058054745
0,-2.6341239138168557,0.2720718104593033,0.15638110527682825,0.2720718104593033,0.0,0.0,0.0,0.0,1.0,0.0,-1.1219497214069358,0.23523238340155253,0.2211938473196331,-0.5212949872912039,0.2985265369558401,-0.9902341288209988
1,3.090412088270382,0.8489300485975253,0.8489300485975253,2.104618141446439,0.0,0.0,1.0,0.0,0.0,0.0,0.8658964366146943,0.9901731818179247,1.0883833175269844,0.6964081474225631,0.3678627958471077,1.2603849084934537
1,4.464210139200162,3.7492924434154618,3.7492924434154618,3.881430326413197,1.0,1.0,1.0,1.0,0.0,0.0,-0.4864991826656084,0.5785342238566538,-0.06302014067578321,0.5019745113454605,-0.11152167194962595,-1.3018943421616145
1,-1.4044223400479763,0.47428774843734633,0.47428774843734633,0.7790522640244164,0.0,0.0,0.0,0.0,0.0,1.0,-0.3822345159171681,-0.11946909515530424,-1.1466974476729033,-0.6018701191865725,-0.07980976898999492,-1.5812853056377945
1,2.5786804973474062,0.8939297027115692,0.8939297027115692,1.447477725193083,1.0,0.0,1.0,0.0,0.0,0.0,-0.8121087289881425,0.0024610996915258587,-0.21183915926519553,0.7869069642534605,0.7147542467894835,1.6937336878871065
0,2.8068219891899986,2.7066262789930127,2.969857882227197,2.7066262789930127,1.0,1.0,0.0,1.0,1.0,0.0,-0.4517001407295784,0.5268368158935726,-0.1449597595341205,1.1798466456537777,-0.12397470312544755,-0.9384748679948235
1,3.8647215093964666,1.8802800661308239,1.8802800661308239,2.2155028633028544,1.0,1.0,1.0,1.0,1.0,1.0,-0.25973299073028383,-0.04006124780346006,0.40496347817562395,-0.4369555796533704,0.378138015938756,-0.52916830868192
1,3.438381435515423,2.469010612126869,2.469010612126869,3.6974621289374863,1.0,0.0,0.0,0.0,0.0,0.0,0.4711918208784755,0.47344110746600165,0.7746136287357732,0.8456316450762406,0.6654772630595388,1.8792867043478523
1,0.17909004804837902,2.0836256230835577,2.0836256230835577,2.4165747495089667,0.0,0.0,0.0,0.0,0.0,1.0,0.8020064670100658,0.1656669954886204,-0.19777628783826107,0.18875900154793218,0.9092927103222854,2.1994217278219512
1,2.0170333417408335,1.8006433090385374,1.8006433090385374,3.094242247755446,0.0,0.0,1.0,1.0,0.0,0.0,0.9824005309470342,0.7034811301070997,1.3922490310607951,0.8363235368511375,-0.3861782643445657,1.8139892353765172
1,2.8341313550130174,1.4677502777061888,1.4677502777061888,4.323544297732551,1.0,0.0,1.0,0.0,0.0,1.0,0.5548376744654371,0.015029908244370137,0.42766875542206995,-0.8106819774196219,1.0808301927107704,-0.5515401382995957
1,4.114335103453143,3.1353590946213616,3.1353590946213616,6.413621384506248,1.0,1.0,1.0,1.0,1.0,1.0,0.4271927066530478,0.14367094187800572,-0.30322648588087564,-0.820298670055673,1.4840359905931122,-0.19859646149063434
1,2.641735484975019,-0.9520612913597545,-0.9520612913597545,0.2936480921040301,0.0,0.0,0.0,0.0,0.0,0.0,-0.33522626212006135,0.7053679222833967,0.20173496470644658,-0.7755087476159359,-0.4964316363933375,0.030986640397485842
1,1.3293416795066972,-1.1072489769316447,-1.1072489769316447,1.3776011908498726,1.0,0.0,0.0,1.0,1.0,0.0,-1.3119012641063816,0.4550667486762153,1.3641715448658516,1.3176737974743298,0.6852495417243862,1.1757626234819925
0,-0.583147489604081,0.41048994638590375,0.3623483393932059,0.41048994638590375,0.0,0.0,0.0,0.0,0.0,0.0,-0.587456617778891,-0.4417997965344774,0.28236696209372897,0.7495096173122676,-0.28033351262965417,1.2135302903351233
0,1.5866971519380142,2.631460149730149,-1.5739653579482402,2.631460149730149,1.0,0.0,1.0,1.0,0.0,1.0,-0.7821197469311753,-0.04747933204381988,0.5240070084967088,-0.1671825009938856,-0.4544318692705735,-0.7808181855875307
1,3.6869789641855477,1.7164836198976943,1.7164836198976943,2.8661981107739667,1.0,1.0,1.0,0.0,1.0,1.0,0.8688410697664741,-0.4458120699677789,1.2013158925986556,1.6336116912010716,-1.3658831545397205,-1.1923985231894605
0,4.997665539035849,5.653109932825903,3.5591421733733077,5.653109932825903,1.0,0.0,1.0,1.0,0.0,1.0,1.4043216165842105,0.8917482171593856,-0.33734390487640253,0.6043928188481864,1.3362876717643828,1.7421440275706397
0,4.809854770645628,5.279607641340004,1.9312369999489085,5.279607641340004,0.0,1.0,0.0,1.0,1.0,1.0,1.224750452052986,1.3892928610479092,1.7932349170494692,1.147881269818033,0.5497915776437536,1.776262044705991
1,1.242561969787158,0.9909986477335189,0.9909986477335189,-0.2490679114658061,1.0,0.0,0.0,1.0,0.0,1.0,-0.7919320990268679,0.41610116089271937,0.5847434943498464,-0.012371395706460522,-0.711021173050495,-0.04282195668922621
1,3.2102694298659973,2.2984213187461555,2.2984213187461555,3.217163602282434,0.0,0.0,0.0,0.0,1.0,1.0,0.9237944582173447,0.7849486623751769,-0.05801620029873433,1.2940931885449647,1.2318137368395583,0.7174037811968372
1,-1.2252507043763332,-0.49640577868627883,-0.49640577868627883,0.07569115594115075,0.0,0.0,0.0,0.0,0.0,0.0,-1.3003183359580022,0.2404059206726222,-0.4793161628195112,1.4502341494722015,0.4064614529306155,-0.4523853480104148
0,-2.6990895624751694,-0.07577504422024206,-4.632798500432277,-0.07577504422024206,0.0,0.0,0.0,0.0,0.0,0.0,-1.3773373578943449,-1.4551113451984619,0.28797926634979754,0.5874598917738132,-0.8023267865997938,-0.7781475285384448
1,4.8536707343710255,3.667256757320347,3.667256757320347,5.6135110646249995,0.0,1.0,0.0,0.0,1.0,0.0,1.2819756127611381,0.13248366900583586,0.340827012940778,0.8608828911011055,1.3004366195871588,0.6941623729051939
0,0.9236264074658198,3.030382308473103,1.4219793699301935,3.030382308473103,1.0,0.0,1.0,1.0,1.0,0.0,-1.6549809542805125,2.01641640016163,-0.3990447030435518,1.1708240465217143,-1.6533389915256855,-0.04302644120785454
1,3.2581071280693585,1.0513910007475027,1.0513910007475027,1.9897635859728862,1.0,0.0,0.0,0.0,0.0,0.0,0.22179311327981815,-0.5480590058035859,-1.239819973559883,0.1384381233730943,-0.20506799833470546,-1.3658745692253311
1,2.8342036403217854,1.6968044404766829,1.6968044404766829,1.3550264678636528,0.0,0.0,0.0,0.0,0.0,0.0,1.0553607480285259,-0.9402248297610238,1.0113718717649312,0.05385708236391429,-0.6530484715098671,0.8463443415059133
1,1.3273601839174272,-0.780699494514405,-0.780699494514405,1.5201128840119162,1.0,0.0,0.0,1.0,0.0,1.0,-0.8054365348398727,-1.0619291813432081,-0.9922220709550259,0.4111554482433504,-2.2661198143777903,-0.43712109220086603
1,6.815752549551141,4.64056671041035,4.64056671041035,7.788920928425209,1.0,0.0,0.0,0.0,0.0,1.0,1.826813099700821,1.8841108723343174,1.0030732848247537,-0.2661741061206007,1.5502972683625469,0.3611653684376117
0,0.5859766654608844,2.6998389445164657,-0.29760452207675453,2.6998389445164657,1.0,1.0,0.0,1.0,0.0,1.0,-0.7584200346927944,-1.3665341297122169,-2.184494460062003,-1.6789407056658896,-1.6859795518990375,-1.4951043967985815
0,-0.4493255801305168,0.9676113116547111,-0.9542158629322298,0.9676113116547111,0.0,1.0,0.0,1.0,1.0,1.0,-0.8529948925472125,-0.5635974400799169,0.47099911687828444,-0.687833226026156,-0.5315188697431792,0.8458669435503694
1,1.390595115148722,-1.8086830248140175,-1.8086830248140175,-1.0975410337159235,0.0,0.0,0.0,0.0,1.0,0.0,-0.7882668154027102,-1.001540694812002,-0.1914193114606662,-1.0181573470344054,-0.9629059146536383,-0.618136107885566
1,0.8083400459526815,1.4809669363479476,1.4809669363479476,2.9236523899854228,0.0,1.0,0.0,0.0,1.0,1.0,0.6124364776337753,0.10441967983052258,0.3961323489802836,-1.9304486371257592,0.25070058930641553,-0.538513938772133
0,0.4993867077063099,1.8290339615143099,0.3070858241100358,1.8290339615143099,1.0,0.0,1.0,1.0,1.0,0.0,-0.9330330905080697,-1.6923016984627126,0.3553677140732165,-0.14622646091193725,0.8281962999984046,0.015238961020905092
0,1.8823927859057756,1.8944537497890201,-1.4151771728557787,1.8944537497890201,0.0,0.0,1.0,1.0,0.0,1.0,-0.5661747120580514,0.21764256149590666,-0.5138987560030306,1.6005463180391888,-0.17626411154480506,0.9017231014350127
1,6.394601014679671,3.191346304654081,3.191346304654081,6.986068014186827,1.0,0.0,1.0,1.0,1.0,1.0,1.7431189497491237,0.46458033573084595,0.4233012394677581,2.222958947084332,0.09058183633473588,0.7772211058536738
1,3.819100586230641,1.1127268502893095,1.1127268502893095,3.4865561483053726,1.0,1.0,1.0,1.0,0.0,0.0,-1.3062956920917175,0.15275966309520178,-0.4907679723601003,-0.46353723413829545,-0.8249706003570247,0.23120728597173956
1,6.209527654064691,4.888338497038424,4.888338497038424,5.684661315524552,0.0,1.0,1.0,1.0,0.0,1.0,1.438161522782945,0.5001371488504716,-1.6062535648829304,0.4244893607870017,2.0380677613210763,0.6295328272366187
1,3.2738960196012474,0.8239795105771024,0.8239795105771024,1.822880197311661,0.0,1.0,0.0,0.0,1.0,1.0,0.2322193358104497,-1.040438294870214,0.3797323443942344,1.4748600436394907,-1.4987796425359703,-0.7658833876368156
1,2.602679018720305,1.9283013680003878,1.9283013680003878,2.9835312070845976,0.0,1.0,0.0,1.0,1.0,0.0,0.5950076408460621,1.5127237190316483,1.5010066194576024,0.3049390379330884,0.42520128499346244,-1.0513457545305889
0,0.11867225420803151,-0.27113225928177864,-0.8958926917377295,-0.27113225928177864,0.0,0.0,0.0,0.0,0.0,0.0,-0.9223849084892107,1.0329389705733318,0.7009946028632899,-1.1233540745326653,-0.20514333660103223,1.4877001633452482
1,-0.30837595673894225,-1.1775398731353688,-1.1775398731353688,0.3335953958040277,0.0,1.0,0.0,1.0,1.0,0.0,-1.3236743970850329,-0.531925413275819,0.16079631807274805,-0.13652391877937636,0.20802582901373165,-0.1009886380988343
1,1.4068539443257466,0.12963089064171474,0.12963089064171474,-0.2754586826191432,1.0,0.0,1.0,0.0,0.0,0.0,-0.8560016569768925,0.49998908263603853,-0.39808851373339776,-0.9614800921092388,-1.098797421954343,-0.3244402727905337
1,5.2630660591207015,3.8040567877907994,3.8040567877907994,4.004361229735092,1.0,0.0,1.0,0.0,0.0,0.0,0.9159578776368942,0.7230260940626952,-0.5975872931703998,-0.5224501605332237,-1.5763408017730727,1.2036481002168202
1,5.921468782718401,1.5488129234619106,1.5488129234619106,4.764665298159065,0.0,0.0,0.0,0.0,0.0,0.0,1.6885281971339505,1.7937272139486764,-0.03839843534973897,0.21817237388549132,1.2640584398284367,-0.5168640991010871
1,0.04908091643268225,-0.6751473354788341,-0.6751473354788341,-1.6869690502642858,0.0,0.0,1.0,1.0,1.0,0.0,-0.07854672524756291,-0.8655124241074841,1.397034068825528,0.16333196353382323,-0.7535738244596399,1.0716061246177138
1,2.840664454834376,3.3449857371715064,3.3449857371715064,3.7482284687684886,0.0,1.0,1.0,1.0,0.0,0.0,0.10280687468158575,-0.12280414642768767,-2.4744611363156923,-0.754545780322749,-0.22665430830606348,0.32565204590112784
0,0.6338785385238168,1.4865758162744371,1.5251979200307582,1.4865758162744371,1.0,0.0,0.0,1.0,1.0,1.0,-0.4841558292379907,-0.11387281594589821,-0.6431097959791076,-0.4830637466863493,-0.4247382591382529,0.0014836605194159525
1,3.6307848821302233,2.1191809026262103,2.1191809026262103,4.511131797294617,0.0,1.0,1.0,1.0,1.0,1.0,0.9590685842064393,0.20625497816933647,0.8026473584565372,-0.147738689336483,2.135525632624061,2.487795961371416
0,-1.1737300636357804,0.4308861639181124,0.053844665039573913,0.4308861639181124,0.0,0.0,1.0,0.0,0.0,0.0,-0.33436260275449786,0.3051560627889798,2.3516678284569723,1.5912206506751425,1.577685746970153,0.20464749396766502
1,1.751217686698992,1.7219156738808032,1.7219156738808032,0.7271952835674369,0.0,1.0,1.0,1.0,1.0,0.0,-0.7160735269370304,-0.6764579449765084,-1.0702269272554448,-0.23648137245390755,-1.4626318416031223,-1.0698065727850317
1,6.716697861885896,3.0300606895633777,3.0300606895633777,5.845576644684318,1.0,1.0,1.0,1.0,1.0,1.0,1.2661101946071982,0.46527619097484635,0.5103867711793196,0.42492844495188675,-0.23506510616285087,0.7744975501233262
1,5.617055105481344,4.222821206868229,4.222821206868229,6.86710172063382,1.0,0.0,0.0,1.0,0.0,1.0,1.3766210650366915,2.234041363209512,1.862529165867486,2.3506424679969604,1.2395657187588869,2.1185069293725616
1,5.931725047117676,5.15638939539655,5.15638939539655,4.94834354711663,1.0,1.0,0.0,0.0,1.0,1.0,1.0179037254925702,0.8491318582536015,0.002925276522068865,-0.5924410116087566,0.4942140483393279,0.8865937656390986
0,5.540048568632107,5.922050156952268,5.076933083935342,5.922050156952268,1.0,0.0,1.0,1.0,0.0,0.0,1.8224842616161732,0.27833834328689633,-1.116951254808131,1.0334662886799577,2.2994635296090755,0.501440154579071
1,3.7697029618192452,2.194864421782469,2.194864421782469,5.783936628663053,1.0,1.0,0.0,1.0,0.0,1.0,0.8103078438849486,-0.281865682841934,0.4473610156686345,1.2645004303508665,0.31157624206281037,-0.10875284483307202
0,-0.028353109843472002,2.14671141051652,0.3913963190176283,2.14671141051652,1.0,0.0,1.0,0.0,1.0,1.0,-1.119386487873971,-0.23588872800250577,-0.4519610444933761,-0.8737893031739399,-0.6804371530558233,-0.30145417098953653
0,2.4399072453180097,4.49019207117951,3.7417002978466716,4.49019207117951,1.0,1.0,1.0,1.0,1.0,1.0,0.09428487881520999,-0.54366330797158,-0.7964250079089346,-0.43435804374761877,-0.6349129714454618,-1.8530231848514438
1,7.614066662367135,1.4387283195529808,1.4387283195529808,5.922708835591365,1.0,0.0,0.0,0.0,1.0,0.0,1.8841712582431736,1.5751308297897961,2.088379273877896,-0.12618676506314586,0.27744147530825425,-0.22144764739724165
0,-1.8494770266487057,0.2552537439340433,-2.9135015065742884,0.2552537439340433,1.0,0.0,0.0,1.0,1.0,1.0,-0.8664556276523526,-1.6916084017340594,0.5783106539021856,-0.7012857957419886,-1.1303582129287075,-1.242137446276054
1,1.8702541998677817,0.5862902452303409,0.5862902452303409,0.9132652084696407,0.0,0.0,0.0,0.0,1.0,1.0,0.05911135290993564,-0.7612667985324562,-0.9839876449329872,-0.41595486429982054,-0.25013829510132835,0.5776789132098301
1,3.937935564183971,2.0569955195836536,2.0569955195836536,4.490398243263346,1.0,1.0,0.0,1.0,1.0,1.0,0.33730512397764517,-0.33397931195554564,-0.09052884179383142,-0.2967908493577759,0.7810836981362893,0.478778433954817
1,3.3849812495527574,-0.721536071436885,-0.721536071436885,1.8969148419199862,0.0,0.0,0.0,1.0,0.0,0.0,0.5514212059648856,-0.5135852493318556,-0.49411261301627174,-0.2982624733955228,-0.206503807027238,0.7060801364228475
0,1.0879319163005114,3.382768690583645,0.33730893759275177,3.382768690583645,0.0,1.0,1.0,0.0,0.0,1.0,-0.9254806337807985,-0.052512925191092186,-1.0563305869290784,0.0006127294192893873,-0.7593081991173896,-0.6828944044021772
1,-0.9532360310269643,-0.8913764171160947,-0.8913764171160947,2.1476481711040067,1.0,0.0,0.0,0.0,1.0,0.0,-1.1770333690490427,-0.6412027379304466,-0.5616480264672992,-1.593838403753154,-0.5710447648723278,-0.3735931027352486
1,1.4216749408910259,0.023355392946333042,0.023355392946333042,4.148273279325267,1.0,0.0,0.0,1.0,1.0,1.0,1.0307652016233568,-0.20019568177117558,1.0443977047976083,-0.9542525863864675,1.1321704830221078,-0.22735217845681227
1,2.5011408034455913,2.2030209271738195,2.2030209271738195,3.2990375560276903,1.0,0.0,1.0,0.0,1.0,0.0,-0.12227750464520722,-0.05040066262780407,0.6361555414514045,-0.026869780847246817,1.081041145853829,1.3257824508169682
1,0.6503931006028897,1.40475768857118,1.40475768857118,-0.0637292447346618,0.0,0.0,1.0,0.0,0.0,0.0,-0.6706459779130625,-0.5505619728374991,-1.956774453541821,-1.9841717747516998,-0.33564877927610604,-0.7281723565701226
1,4.33210558029919,2.8067373827710145,2.8067373827710145,3.476214481636652,1.0,0.0,0.0,1.0,0.0,0.0,0.9837651551931478,0.16706830059995342,-0.7678117043647643,1.1856761531917381,1.3591544540709275,-0.6835702942860311
0,2.327146728543131,5.0996430712660095,3.426659350756434,5.0996430712660095,1.0,1.0,0.0,1.0,0.0,0.0,-0.1060400198477781,0.3306229155340872,-0.9286594515355318,-0.1777553711004937,-0.5876182929635523,0.07797804823329285
0,5.482439759248827,7.558397632809092,5.02325822001603,7.558397632809092,1.0,0.0,0.0,1.0,0.0,1.0,1.2001690373847291,1.0681355869235996,0.608126783979892,2.8976225726273084,-0.8698696860846488,1.3687083614965587
0,0.7207585538625867,5.926320329632094,1.153543771171375,5.926320329632094,1.0,1.0,1.0,1.0,1.0,1.0,-0.27568956910586784,-0.2936721122310125,0.2732809214040339,0.09605231419083533,-0.28050473547479143,0.764538175237627
0,1.714784765820021,3.33083667756844,-1.0225750212360338,3.33083667756844,1.0,0.0,1.0,0.0,1.0,1.0,-0.2085494107514199,0.21510695111623657,2.3872248251130186,1.8430929770465965,0.11934739882762468,0.39757477167950084
1,-0.38837507501419055,-2.3849802270601304,-2.3849802270601304,-0.6083785818708471,0.0,0.0,0.0,0.0,0.0,0.0,0.01830008669171199,-2.010743813071517,0.5846152926108027,0.16877234286557857,-0.19891752497842613,-1.3733376409830074
1,2.008454543586986,0.46392365262496127,0.46392365262496127,2.277228253971719,1.0,0.0,0.0,1.0,0.0,0.0,0.3775430923698474,0.2793487398522145,0.3569850945783061,-0.6344644562766164,0.3148805245599789,-0.8082010727415371
1,-0.7866316541565463,-3.3221641533538877,-3.3221641533538877,-1.1223105537179905,0.0,0.0,0.0,0.0,0.0,0.0,-1.4124032229032724,-1.8782296218117258,-0.8622913309360671,-1.089069057066243,-1.0970384401313733,-1.3319228519804216
1,3.7391217926734432,4.206928351860215,4.206928351860215,5.818678363054775,0.0,0.0,1.0,1.0,0.0,0.0,1.398176950575829,1.4088200360604999,-0.22564657568580687,0.9794329230626279,0.8362485020541401,0.0699813692777898
1,5.765374543701705,4.912793601952681,4.912793601952681,4.850253571973848,1.0,1.0,1.0,1.0,0.0,1.0,0.5906446558883892,0.8520562209708195,1.338583740301218,1.4346521753203834,0.6954112117860409,1.271123193237336
0,-0.462805180356609,2.7274459567041283,0.36073047661294433,2.7274459567041283,0.0,1.0,1.0,0.0,0.0,1.0,-0.09934832252374233,-1.040723178255093,-1.3874035126882538,-0.8829215105588363,0.6047398154130944,-0.09705278086746333
0,2.0311575257150847,2.802166857781818,1.7794715244151822,2.802166857781818,1.0,0.0,1.0,1.0,0.0,0.0,0.18551510817483619,0.004863437742221102,-0.12020550774608835,0.4204200359960391,-0.4500923585596325,-0.19622344738549807
0,-1.3574326415194085,-1.0165816237224357,-1.3585924484589502,-1.0165816237224357,0.0,0.0,1.0,1.0,1.0,0.0,0.19059372128430696,-1.750350498714122,1.0192118330379671,-1.5487616747893584,-0.10148062169006333,-1.2015814574599126
1,1.5048483981225007,-0.17822628264883056,-0.17822628264883056,1.2310779527153668,0.0,1.0,1.0,0.0,1.0,1.0,-0.8370030806695902,-0.5913004409595686,-0.20958956227546138,0.1048878935270791,-0.8907417638686207,-0.05559118661655521
1,4.430483100121377,1.9858068751919564,1.9858068751919564,4.056629556381537,1.0,0.0,1.0,1.0,1.0,0.0,0.5165499854632553,-0.12250684477899842,1.0426778010751212,1.3738253732344399,0.6849858199576735,0.17071220552883792
0,2.4355029735441773,3.383695407523523,2.1633496733070956,3.383695407523523,0.0,0.0,1.0,1.0,0.0,1.0,-0.6082456113788914,1.9081681119403662,-1.4124299412473822,-0.22454523156003814,0.662992377803066,-0.3817655004224039
1,4.141718268785975,1.3397504101929139,1.3397504101929139,4.851159352428619,0.0,1.0,1.0,1.0,1.0,0.0,-0.10703654753004636,1.0589896805581236,0.032616752088420964,0.4530537831603931,1.9831520611907036,0.5008579066806473
1,-0.8660189962523526,-0.3099018808782201,-0.3099018808782201,1.0817541576655851,1.0,1.0,1.0,0.0,1.0,0.0,-1.0063368081914952,-0.6885347053260648,-0.8148418799537382,-0.45407185756928503,-0.493057631317443,-0.0636711775032448
0,3.7733304133010113,6.582258839240859,4.652709932354435,6.582258839240859,1.0,1.0,1.0,1.0,0.0,1.0,1.1805112718176998,1.2387411937395532,0.8223431868463367,-1.002840220839599,0.45770042518090104,0.4635450960433633
1,4.754941238872007,2.697010507854896,2.697010507854896,4.734971985809546,1.0,1.0,1.0,1.0,1.0,1.0,0.7270144228017416,-0.48788588558941254,-0.44545213171192205,-1.1561821192298392,-0.9843883831349025,-1.2693871587600585
1,4.850051750958832,4.512652444527593,4.512652444527593,7.498691259394373,0.0,1.0,0.0,1.0,0.0,0.0,1.0437526138214255,2.531048846654477,0.08604976291960453,0.6208448635574907,-0.15750810693025818,1.1225193948260217
1,8.096269357319134,6.307215588534454,6.307215588534454,8.194018574570869,1.0,1.0,0.0,1.0,0.0,1.0,2.6397494199567575,0.005653121384056714,-1.5168697520005126,2.910973006681009,1.6163698134049247,2.5772419093196124
1,-0.705908945385905,-1.5164193253025056,-1.5164193253025056,-0.8630592605086977,1.0,0.0,1.0,0.0,1.0,1.0,-2.005521734104199,-1.0403733071118233,-0.5639238585836766,-0.9094203473288933,-0.9003674480217084,-0.5631040254011872
1,3.632822016647958,1.1536371954328408,1.1536371954328408,3.2460045452064867,0.0,0.0,0.0,1.0,0.0,0.0,1.274431346322025,0.8120527591213242,2.1741627661085845,2.4151487760935595,1.4103480601186698,0.46146717059059683
0,2.9641907556148057,4.265178358793546,2.600824539212873,4.265178358793546,1.0,1.0,1.0,0.0,1.0,1.0,-0.4829781653300364,0.6214460252786004,-1.7517493182746322,0.09101668651701761,-1.4878197045254238,-0.3066474245205658
1,3.0601070669393016,0.9845513224124096,0.9845513224124096,2.118112845450936,1.0,0.0,0.0,1.0,0.0,1.0,0.42130300940310333,0.16643225744098433,-0.6402100870165208,-1.7687277248162026,-0.06959853079574252,-0.35230704493412945
1,2.6315559482193893,3.209420500251609,3.209420500251609,4.4271047109876,1.0,1.0,1.0,1.0,1.0,1.0,0.1456344072806924,0.2663766976075481,0.6080477933472695,-0.42950976319174056,1.196007532131333,-0.23858057306510672
1,4.751018615554084,3.0323945405339523,3.0323945405339523,5.280597713578043,1.0,0.0,0.0,0.0,0.0,0.0,0.3228872010163982,1.3172858272914307,-0.053410663485495,0.47697584311660296,0.5239470469592847,0.5123326689111086
0,-1.239217526738215,0.3393337712129798,-2.207624583112614,0.3393337712129798,0.0,1.0,0.0,0.0,1.0,1.0,-2.726833201862121,0.6000316448033222,-0.5104585617236932,-1.1672301347273597,0.777244734307213,-0.3330262247185497
1,2.9275000421680004,2.2781240092962696,2.2781240092962696,4.320273223778605,1.0,1.0,1.0,1.0,0.0,1.0,-0.5635749132521803,-0.4757149765868966,0.8869088224224879,0.8967748876715584,0.14137533305423428,0.9205819737143279
0,-2.204084205352506,-0.954860346964436,-2.6773811113083577,-0.954860346964436,0.0,0.0,0.0,0.0,1.0,0.0,-0.40184778884491656,-1.3189686655177795,0.7712647712294182,-0.18650395637696981,-1.1962182344904002,-2.5075592631907666
1,1.1534318798338588,-0.11806150812102933,-0.11806150812102933,-0.24068148703820524,1.0,0.0,1.0,1.0,0.0,1.0,-0.3790341850908838,-0.6979872175983806,-0.4617833397513303,-1.7256494881667654,-1.1284826208439451,2.1808853428885255
1,0.8423476370917209,0.26565335284669,0.26565335284669,0.7906790911483433,0.0,0.0,0.0,0.0,0.0,0.0,-0.505987678675206,0.6253575506324093,0.4603927782152566,1.2181835831067334,-0.0797323009994985,-1.2644902934017643
1,4.1777992122806245,0.03075789667885509,0.03075789667885509,4.836482843214212,1.0,0.0,0.0,0.0,1.0,1.0,0.9223392880388492,0.8825711529514925,1.2535993141861692,0.7234504501129257,0.9254327469901698,1.4213325946653035
0,3.2189637617082774,3.512428529435101,1.199011261297936,3.512428529435101,0.0,0.0,0.0,0.0,1.0,0.0,1.2111513295821603,1.4603699688015754,1.8002206075034586,-1.18609495680576,0.5202368902687295,2.7169904174391672
0,0.5752444958995417,0.9511197112966234,2.077016175150796,0.9511197112966234,1.0,1.0,1.0,0.0,0.0,1.0,0.105628287740361,0.12369256569449712,1.8465723182106557,-0.9218587304276582,-0.5971684199629756,0.7706559874703767
1,1.733411963789779,2.4038993221431144,2.4038993221431144,3.6204789095204015,1.0,0.0,1.0,1.0,0.0,0.0,1.269016688223161,-0.2633515642305292,1.0792312464076328,-1.0931981855180453,-1.2867270123715326,0.025495814737806197
1,2.38599148508883,1.7399425904572805,1.7399425904572805,1.1519169636854918,0.0,1.0,0.0,1.0,1.0,1.0,0.2486837452360544,0.37430512897622564,0.7752167295220694,-0.32908081349453944,-0.7559186862456191,-0.16579357232101435
1,3.9531841880408045,1.7927104124083124,1.7927104124083124,3.3033648045713186,1.0,1.0,0.0,0.0,1.0,0.0,-0.2968179199567752,-0.7432913559838472,-0.9768708764855834,0.6717556579095026,-0.9549662871507864,-0.7720287514592555
0,3.6949042831056187,2.401976469839883,0.9917420650801365,2.401976469839883,1.0,0.0,1.0,0.0,1.0,1.0,0.3278195751288487,-1.2456076301666958,-2.1421727207950627,-0.37615904565732416,0.0005441568972004429,-0.7690619970437393
1,-0.6561000055569656,-1.5059011204359498,-1.5059011204359498,-1.3221028273904438,0.0,0.0,0.0,0.0,0.0,1.0,-1.3174912359120277,0.6247679873610236,-0.012132518937208691,-0.18699985394238272,-0.7558032990339303,0.04244361721021521
1,4.302228521866096,3.6052022068063714,3.6052022068063714,5.158469556081928,1.0,0.0,1.0,1.0,1.0,1.0,0.9083886743666113,-0.3899679951258144,-2.0513314629781316,0.48215058700349855,-2.0572351503620308,-0.13689996797151804
1,1.6748879329229465,1.0775392362702592,1.0775392362702592,3.936659819444716,0.0,0.0,0.0,0.0,0.0,0.0,0.5552044528744597,0.5047435495797019,-0.4740094369478255,1.0144981830141047,0.7705942797055159,0.5352660990407929
1,4.841655005542304,1.3171193186848722,1.3171193186848722,4.33274641993038,0.0,0.0,1.0,1.0,0.0,1.0,0.40291989308274034,1.4126611597665717,0.7387878096536157,1.5752525066594376,1.8079377098517777,0.4622436191667346
1,1.9045434134468349,-2.705453930020719,-2.705453930020719,-2.0063212643860626,1.0,1.0,0.0,1.0,1.0,1.0,-0.24940857165380706,-1.4582038343368966,-0.03844598591481929,-0.4806260462098538,-1.068903440771726,-0.33826139473962735
1,4.528782873140548,5.226239223334595,5.226239223334595,5.56651705546934,1.0,1.0,0.0,1.0,0.0,1.0,0.7135153790259179,1.42307453374585,0.6290512134207424,0.21032334736499742,0.029689828013374164,1.0133836383648518
1,6.604767027310082,5.030664921955673,5.030664921955673,5.754924279323247,1.0,1.0,1.0,0.0,1.0,1.0,1.4050704300389674,0.05037251360913022,-0.22560395471390315,1.2887617742058781,-0.9453292855782518,-0.43655748223549495
1,3.566740103142212,2.4453277685506785,2.4453277685506785,3.247170158714252,1.0,1.0,0.0,0.0,1.0,0.0,0.6507542916799899,0.21585778494540278,-0.4245953191935765,0.7108067754946483,0.4834062837003758,-0.08640368410277105
0,1.633600033809535,4.071122413597959,0.09018304551397416,4.071122413597959,1.0,0.0,0.0,0.0,0.0,1.0,-0.3507478093695851,0.7022697273786778,0.9446054557048473,0.05064562824954635,0.2899826115346571,0.4803324154496225
1,4.868911164484467,2.975446068563617,2.975446068563617,6.78985057591373,1.0,0.0,0.0,0.0,0.0,0.0,1.6845121562012182,0.3975565283658752,-1.1724337019097228,1.3519491118268467,-0.7687027394371906,-0.17682171361120522
1,0.86037452930793,-0.7150105551017917,-0.7150105551017917,0.17237471932433007,0.0,0.0,0.0,0.0,0.0,1.0,-0.17467471418894756,-1.8988546786047578,-0.06733207210080705,0.2791715867375292,-0.4772286745913634,-1.6662944130760098
0,-0.5730457048908959,-1.4428976051147855,-3.402110491090948,-1.4428976051147855,1.0,1.0,0.0,0.0,0.0,0.0,-1.7598810028529026,-0.682790897501339,-0.5448962223607003,-1.9192649965400026,-0.8553764979445263,-1.3433741462946152
0,-3.1161951418049387,0.344337514413705,0.49903732596848105,0.344337514413705,0.0,0.0,1.0,1.0,1.0,0.0,-0.40196765094064496,-1.4299941942314605,0.1583556143943663,-0.3566826484780092,-0.25716791063405403,-0.15453393697783865
1,2.4111345595042746,0.5612397706105376,0.5612397706105376,2.9750943990744108,1.0,1.0,0.0,0.0,1.0,1.0,-1.1162580071804717,-0.3287627319326012,-0.7036136507417291,-0.6459460410769706,1.3090145332723206,-0.2726845340088615
1,2.4722165349501806,-0.13288703676311808,-0.13288703676311808,1.883063342524532,1.0,0.0,0.0,0.0,1.0,0.0,0.12085814147258014,-0.558154311116146,-0.23518019604326942,1.2759739978534834,0.7317706664719901,0.6447829168925472
0,-0.25850928430742715,1.072057532679765,0.2940455127869313,1.072057532679765,0.0,0.0,0.0,1.0,0.0,1.0,-0.7194032780811925,1.4071324027960963,0.19674525678879784,-1.3465955518380082,1.0934361200592355,-0.7586422689830739
0,-2.2421611839247255,-3.0363385446204507,-1.9333183588670617,-3.0363385446204507,0.0,1.0,0.0,0.0,0.0,0.0,-1.8557367439466836,-1.1076433865272837,-0.14089871463835596,-0.8928674341556626,-0.8087958280982026,0.6346734124583899
1,1.4979991014193703,1.0881410262356657,1.0881410262356657,0.1770630681855314,0.0,1.0,1.0,0.0,1.0,1.0,-0.5294040615217024,0.12358206541786648,0.5075660658378479,1.0948163150650896,0.1392396369423566,0.21127447991546278
1,6.031305395114543,4.9728981969382975,4.9728981969382975,4.473904838162871,1.0,1.0,0.0,0.0,0.0,1.0,0.8316485384153761,1.4534244742363451,-0.6849678807828967,-0.9230889729672161,-0.4808457609947051,1.3373711093122698
1,2.977128018223518,2.1514179144587895,2.1514179144587895,1.6276838269188043,1.0,1.0,1.0,1.0,1.0,0.0,-0.9240028098322536,0.6453453472750891,0.9134083647105078,0.1476657760410216,-0.44609092094040836,1.0291386076404299
0,4.052941575467804,1.8697195311635073,1.0645251946435765,1.8697195311635073,1.0,0.0,0.0,0.0,0.0,0.0,0.7149222322130508,-0.8693620334480577,-0.14888521470580618,2.5120116781622177,0.5358624517703512,-0.8649076282074188
0,2.1944050078605932,4.397865040756494,2.7812411694728034,4.397865040756494,0.0,1.0,1.0,0.0,1.0,0.0,-0.44101276430772246,1.1012117292129853,0.21389652248014046,1.1010823281135393,0.7217574020188665,0.8575091981619386
1,4.420115641015538,1.0792211059673786,1.0792211059673786,3.628775566649526,0.0,1.0,0.0,0.0,1.0,0.0,0.6219367092874966,0.18888260611682034,0.31894188959684583,1.9270624658792792,-0.37605492070957613,1.025461986683912
0,2.279603736663162,4.770242803757375,2.7640901005405047,4.770242803757375,0.0,0.0,0.0,0.0,0.0,1.0,2.323151265042449,-0.42290379497679986,0.22220474229798923,0.7205947016548352,0.6364380499051441,1.1719067615696244
0,0.709036671938501,2.2686438940857556,0.16164186689269,2.2686438940857556,0.0,0.0,1.0,1.0,1.0,0.0,0.2696530054980884,0.6272407838920268,-0.3055739418194504,-1.2636384744726006,0.673856357368561,0.4270617136159453
1,1.8820930692494058,0.23476303211367966,0.23476303211367966,2.82461540894302,0.0,0.0,0.0,1.0,0.0,0.0,0.8016643256561508,0.5136471287516815,1.8257767778842715,0.8122172294655903,2.1796720513531334,1.0287287500673872
1,1.0440159676763843,0.2944546356210762,0.2944546356210762,-0.64084896770273,0.0,0.0,1.0,0.0,1.0,1.0,-0.3237574979811913,-0.6294105443978366,-0.5518517955728754,-0.6895243564520521,0.45671997546128756,-1.1292827970443635
0,0.9118174724983643,1.1666254624065664,0.24376978904377067,1.1666254624065664,1.0,1.0,1.0,1.0,0.0,0.0,-1.6149128406878004,-0.07586969295177937,-0.9976740640917299,-1.4898072979219465,-0.8783768075406961,-0.7595145038495126
1,-2.4846711580242387,-1.116918857269575,-1.116918857269575,-2.082114664385623,0.0,0.0,0.0,0.0,0.0,0.0,-1.0797016488163809,-0.11251281104903055,1.525467857776168,-1.3281254333223362,-1.09868357598027,1.2985980934443209
1,3.3329642062554274,1.905109581077919,1.905109581077919,2.220277902342592,1.0,0.0,0.0,1.0,0.0,1.0,0.4043917909718822,0.0752691464490256,1.4591264136801971,1.3324467954115176,0.8512537172198866,0.03374276728625136
0,2.4930282911023154,2.324594178158683,2.1880473983177926,2.324594178158683,0.0,1.0,1.0,0.0,0.0,0.0,0.39199883122023604,-1.5692090611554332,-0.4180908943889829,1.757834526177265,0.9520563021006596,0.056707732235720815
0,2.4874034274666594,4.441503456303427,2.5951415563232736,4.441503456303427,0.0,1.0,1.0,0.0,1.0,1.0,0.7327504732443266,0.3818972549818198,-0.4408077437599143,-1.1184991951481271,1.4786019379949176,0.29007869334508884
0,2.9095206204301673,3.374090802159135,2.1539568607369572,3.374090802159135,1.0,0.0,0.0,0.0,0.0,0.0,-0.8971401577286333,1.889476576956107,-0.8675651578997862,-0.10621336415340232,1.8379318434114102,0.07762689269775386
0,0.18151362875794597,1.1380373762745772,1.124418170220251,1.1380373762745772,1.0,1.0,1.0,1.0,1.0,1.0,-0.6194156868888869,-0.9658488512671067,0.29007925082503794,-0.9296176142367654,1.0846967359124524,1.4358626943481534
1,3.596058429250455,2.2010141018331506,2.2010141018331506,4.386278195439781,0.0,1.0,1.0,1.0,0.0,1.0,0.47268533301174664,-0.42663043226549774,-1.3450411091100276,0.2728857880042985,-1.4166847203239994,0.8822294208612469
1,6.528095684241399,5.126069571734325,5.126069571734325,6.790920067900873,1.0,1.0,1.0,1.0,1.0,1.0,1.2281758666685125,0.1535007481589301,-1.018712895511174,0.2134082457900076,-0.14322183170132063,-0.48651565910415756
0,0.10974759808106238,0.06572602490466362,1.2352274474618254,0.06572602490466362,1.0,1.0,0.0,0.0,0.0,1.0,-0.8614048581238176,-1.2633868335055471,-1.0969249078723333,-0.38464275387668145,-0.036149599056614246,1.1033967434308414
0,0.5485743970522464,4.114987130057587,0.9191755944893323,4.114987130057587,0.0,1.0,0.0,0.0,1.0,1.0,-0.8291437495291819,0.7183365734412157,0.7890254500383549,0.765685309204235,0.3841000336171812,-0.5511619520101646
1,4.242753289217156,1.904200260308634,1.904200260308634,4.8671614307926685,1.0,1.0,0.0,0.0,0.0,1.0,0.201089157655435,-0.017243114547540794,-1.4524534384361505,-1.3603469120018639,0.09111369038914785,-2.2672446764015737
0,3.0923898179171325,2.453348959841528,1.4009385031901278,2.453348959841528,0.0,1.0,1.0,1.0,1.0,1.0,0.7626390499685628,0.40497411206891176,-0.36339048185737705,0.17526477181870578,-1.0813744973857633,0.20874321180580246
1,4.532801049610041,4.4709808257898915,4.4709808257898915,5.131505740083433,0.0,0.0,0.0,0.0,0.0,1.0,1.5978857449782244,1.1676636509161924,1.276697766310695,2.4026865597789575,0.5972640873285691,-0.019491757099455942
1,4.991742104398537,3.472553227089218,3.472553227089218,5.728287574810482,1.0,1.0,1.0,1.0,1.0,0.0,-0.07954456580624374,0.12984607357885586,-0.9093842771251403,1.0608557903731803,-0.3432677266996348,0.3033667321463749
1,5.078087034597451,3.5748814492905923,3.5748814492905923,5.697055943994337,1.0,1.0,1.0,0.0,0.0,1.0,1.5293442507159776,-1.341873136826971,0.4560380777921197,0.4810870908935737,1.109031182496648,0.01814917785661821
1,2.807508115033147,3.0401204532481856,3.0401204532481856,3.311135673599191,0.0,0.0,1.0,0.0,0.0,0.0,1.5939821173138449,0.5986104525182637,1.9426940305692262,1.9944359867539114,0.9863506424519842,2.3112909625795024
1,4.848116757436379,1.4354689422382645,1.4354689422382645,3.630596269518758,1.0,1.0,0.0,0.0,1.0,0.0,-0.09881639045550754,1.2455535552493946,0.36828602167359215,-0.3067792002764548,0.14155105967336568,0.14396060533615518
1,8.12649624632281,6.220986282304823,6.220986282304823,6.838450669247625,1.0,0.0,1.0,0.0,0.0,1.0,1.8731565712011486,1.408299576372855,-0.02852227751660452,2.1041493658184116,2.5960547033673604,2.9667719706693934
1,3.96269943097386,1.9367084079408439,1.9367084079408439,5.129415176809465,0.0,1.0,1.0,1.0,1.0,1.0,0.35210204385805094,0.8280809046949454,-0.5092353806070387,1.2784190581589148,-0.14889330460768602,2.3921481867026726
1,2.738747420151384,2.936807475936053,2.936807475936053,5.133659734043806,0.0,1.0,1.0,1.0,1.0,0.0,1.4130587928369196,0.19212232665848375,1.1434551804245026,0.04177169919632809,0.743785858994854,-0.20833870555651507
1,4.519243305338794,4.663711820804319,4.663711820804319,4.2030256916538,1.0,1.0,0.0,1.0,0.0,1.0,0.245965525040347,0.6138331261900165,-0.25233604915671837,-0.18524752897558563,-0.5383353910973205,0.7749388996815768
0,0.28362110304661114,3.981056776600385,1.3225079854663606,3.981056776600385,1.0,0.0,0.0,0.0,1.0,1.0,0.5797467401864831,-0.5569183341986219,0.24677091679079063,1.0172059009051924,1.2364558965974863,-0.21284687110998285
1,1.887854952947923,0.5587712403632816,0.5587712403632816,1.0180025441902678,0.0,1.0,0.0,0.0,0.0,1.0,-2.1950527777142113,0.6710671520574957,-0.6506576767275429,0.9105958732261208,0.7493884984866005,-0.29260414670724955
0,5.004882235468528,9.885520708822899,4.37392307038968,9.885520708822899,1.0,0.0,1.0,1.0,1.0,1.0,1.8035169196180316,2.098253705996174,-0.8803587272395502,0.36902940990749694,-0.2347956267895282,-1.6072700777304014
0,1.5939680008158765,2.6266355625652014,-0.7688350098908786,2.6266355625652014,0.0,0.0,1.0,1.0,0.0,0.0,-0.3836594735483739,0.636667790589885,-0.3286782386396719,-0.5737006973193333,0.41423182927305346,0.6777322338080118
0,0.8574050339148777,0.7478535201117308,-0.5418900615856705,0.7478535201117308,0.0,1.0,0.0,0.0,0.0,0.0,-1.6754754161299585,1.027683849213005,-0.9861270253869148,-1.4045794389725925,-0.3400415232241345,-1.3611463911732868
0,-2.1803213568618895,2.000023703069743,-0.3354119928175644,2.000023703069743,0.0,0.0,0.0,0.0,0.0,0.0,-0.6963366261296822,0.3189275692440624,0.709625930280133,-0.30525196998006565,-0.1063569092722691,0.5231452354280797
1,3.3256433801932777,0.6745820650467564,0.6745820650467564,2.5514021476833144,1.0,0.0,0.0,1.0,1.0,1.0,0.1546513918341291,-1.643145872973367,-1.5512575323644873,-1.8452368740187428,-1.3176062536781257,-1.309700412181127
1,0.4202473647834486,0.2091111577907836,0.2091111577907836,2.391782724527211,0.0,0.0,0.0,0.0,0.0,0.0,0.009515825121829432,-0.06286985835572423,0.32007086518137695,0.7066235743855963,1.505286135049847,2.4894805023194766
0,1.5739996527737259,3.4256666496612365,0.9055350837247429,3.4256666496612365,0.0,0.0,0.0,0.0,1.0,0.0,-1.6773795007327714,2.0557521242831456,-1.6595221132110443,-1.403427442796873,0.3185657686081964,0.42966712391427575
0,1.9997799377673968,4.077457280602792,3.136531598466598,4.077457280602792,0.0,1.0,0.0,1.0,1.0,1.0,-0.3929902131648336,1.1800477754911836,-2.2494368315625026,-1.0439915406315263,0.27814550016536965,-0.4866706024351398
0,2.434845206761851,2.9242483307261073,2.407203622368615,2.9242483307261073,0.0,1.0,1.0,1.0,1.0,1.0,-0.3771938961324514,0.3858799012324718,-0.6787189233833799,1.7092615037903027,-0.14606988388549275,-0.7578956765736138
1,3.608656614323668,4.121915769468874,4.121915769468874,4.808965658791172,1.0,1.0,1.0,1.0,0.0,0.0,-0.5297369429129928,0.9964989314387327,-1.2378037950913183,-0.5369975181499487,-0.4668033074979275,-0.2584819906827233
1,0.2747243707146052,1.0157345960262707,1.0157345960262707,2.0241194138348564,0.0,1.0,1.0,1.0,1.0,0.0,-0.9337919167733738,-0.8816103183712147,-1.6384675891660185,-0.6572216941601026,0.5876558837238547,-1.565703039365804
0,0.28834917835872054,-3.157403700181991,-0.24909315896824546,-3.157403700181991,0.0,1.0,1.0,1.0,1.0,1.0,-2.700671932956852,-0.4629896859178191,-0.3723496771429829,1.7859900057834546,-0.3883333820837885,0.8616267620330179
1,3.7176944869849144,2.326049954949699,2.326049954949699,4.2909494164150255,0.0,1.0,1.0,0.0,1.0,1.0,0.5716583373044799,0.954462547017421,0.01735405662907996,-0.6569185265471762,0.03752372759017575,1.422880262720307
0,5.778129605911441,6.325241478534673,3.4739116574728492,6.325241478534673,1.0,1.0,1.0,0.0,1.0,0.0,-0.6668316213946155,1.6392369535621527,-0.8469395516738027,1.5937846772042188,1.7682878085228533,0.8247337207570299
1,0.9985671943818019,-1.910333692137001,-1.910333692137001,1.1763743376551574,0.0,0.0,0.0,0.0,0.0,0.0,0.09724031650489304,-0.7902646610058162,0.7240755141116829,0.3628955759283815,0.6507461024532268,1.4752714923328494
1,6.41364320455938,5.203634758193226,5.203634758193226,7.414526022344848,1.0,0.0,0.0,0.0,1.0,0.0,2.525970454433171,0.44022165167871213,0.2070387598725993,1.8837966647633972,0.8528891626225852,1.201822908328063
1,4.144479904503574,2.7286999790434425,2.7286999790434425,2.331656104762021,0.0,0.0,1.0,0.0,0.0,0.0,0.37337886839293283,1.0661729775773336,0.23835111054352703,0.02334507711667566,0.2543504344536003,0.5001437362194903
1,3.5990614744306977,3.2761305800120377,3.2761305800120377,5.221160748955351,1.0,0.0,1.0,0.0,0.0,0.0,1.118149207632821,0.00233110272988174,-0.1290943003631797,0.7022590034344209,0.4829163206881401,0.8241717143088751
1,1.6269469598883928,2.5278139790838465,2.5278139790838465,3.2492794690783486,0.0,1.0,0.0,1.0,1.0,1.0,0.6108068630663015,0.8697651477923009,0.2276519304092917,-1.2383660909923537,0.4774094247823016,-1.4085543700419259
1,3.138280165271309,-0.1988717186654183,-0.1988717186654183,2.3769210393441886,1.0,0.0,1.0,1.0,0.0,1.0,0.49674462666710595,-1.6288985576698831,-0.004250073698534362,0.6062509216420187,-0.1188518714892447,-1.5390016761708143
1,1.1473562079720745,2.5543536164385183,2.5543536164385183,3.416458910396114,1.0,1.0,1.0,1.0,0.0,0.0,-1.0942995308357573,0.7800579231933622,-1.0083583192155898,-0.5443595636307197,-0.9684972274319572,-0.5451752981920418
1,1.4054718316582355,-0.4898794180224021,-0.4898794180224021,2.6209455753234656,1.0,1.0,1.0,0.0,1.0,1.0,-0.8679059271190241,-1.0863990212773067,-1.241181116800444,-1.3325693336343345,-0.6323990611341144,-0.8255335625516478
0,1.2974182830434036,4.071366254388902,1.5052753646041606,4.071366254388902,1.0,0.0,0.0,0.0,0.0,0.0,0.5983673053624892,-0.0816522644098399,-0.5151828616092106,-0.5217181654759456,-0.7146283000071673,0.9717096998971575
1,-1.3881448892245665,-1.36859729314603,-1.36859729314603,-1.393346204963748,0.0,0.0,1.0,0.0,0.0,0.0,-1.8337800688668715,0.13519530717997774,0.609306148044098,1.1330822726223646,1.1951904242195857,1.8448389495713862
0,2.3434277194132918,3.325038378433522,2.3091709254127006,3.325038378433522,1.0,1.0,0.0,0.0,0.0,0.0,-0.5374057243667552,1.319975592023606,-0.6084242453643036,-0.41238286688417086,-0.26847877421207894,0.877819514476096
0,3.4580882084373674,5.100235915070511,3.541756802442186,5.100235915070511,1.0,1.0,1.0,1.0,1.0,1.0,0.4418692041453421,0.8009264844687228,1.3219543107335037,2.462294455176956,1.679679829652027,1.3343300590749037
1,1.9579749606722712,0.6055151153798681,0.6055151153798681,5.074602460600943,1.0,0.0,1.0,0.0,1.0,1.0,1.2371084188366688,-0.5782293336669174,-0.5339767387957405,-0.8605430903385534,-0.3853033854713851,-0.7129032284606714
1,4.3932237324280585,3.046375649444423,3.046375649444423,4.792722016738119,1.0,0.0,1.0,1.0,1.0,1.0,0.8595514447305078,0.5331097640808115,0.8056419164963482,1.6386629702227415,-0.44776456844113455,1.1768519225875986
1,5.361410405246426,1.5631672657637965,1.5631672657637965,4.760722308129452,0.0,1.0,0.0,0.0,1.0,1.0,0.4657003393571345,0.971170584160905,0.2073144681140527,1.792524947850587,1.2169996750701904,0.18758883495109668
1,3.3770875959207403,2.984224727925081,2.984224727925081,4.51295761993134,1.0,0.0,1.0,0.0,1.0,1.0,-0.25472451200952534,-0.08533735130287126,-0.8486620694343129,0.49606703657619167,0.04650875670634494,1.5220981856550546
1,-0.7446369496209506,1.0058508034473603,1.0058508034473603,1.7694473217675137,0.0,1.0,1.0,0.0,1.0,1.0,-1.0873696218886915,0.047203937640334925,1.019789469063305,0.4923431476548513,0.7741342628855248,0.2413567133228242
0,1.3465679564542277,3.1391623964065203,3.851466209043317,3.1391623964065203,1.0,0.0,0.0,0.0,0.0,1.0,1.2524790013546743,0.1953631969331574,0.4437774591835295,-0.06496105605781213,2.3333224248634226,0.41121163852021625
1,3.0635674935992423,0.07408248424006103,0.07408248424006103,1.2599363365513496,1.0,0.0,0.0,0.0,0.0,0.0,-1.27783105134955,0.5362518862516317,-1.7697269140138683,-0.717808575536449,-0.5330654409300553,0.21834809229827057
1,0.5349748216916853,0.5349557334540352,0.5349557334540352,2.210827506330391,0.0,1.0,1.0,0.0,1.0,1.0,-0.7248930437975382,-0.011321957380677886,-0.39364509916562085,0.07741877668663591,0.594856670636117,-0.7555860623216217
1,7.478246870114799,3.0397016292044388,3.0397016292044388,5.414087522362258,1.0,1.0,1.0,1.0,1.0,1.0,1.9916609055767571,0.6353942846602789,1.8461152273273904,0.5031332059380993,-0.09460628191805959,-1.6515583809026733
1,2.484163363759958,1.8471594964802625,1.8471594964802625,-0.845008755984969,0.0,0.0,1.0,1.0,1.0,0.0,-0.14732364627488045,0.06558881826783625,0.328862250504083,-0.2039265604346788,-1.0777625357467757,0.05238255121408755
1,4.685578822030136,4.509891377902721,4.509891377902721,3.5424321974683015,0.0,1.0,1.0,0.0,1.0,0.0,0.4825523898661106,0.4835807719255024,-1.5791462154998834,0.17429925789464867,-0.3161823859453652,0.7167848980561284
0,1.9816996889344562,0.9977039923364343,0.06588901075177961,0.9977039923364343,1.0,0.0,1.0,1.0,0.0,0.0,-0.1916114202081919,-1.318542194843764,-0.09887586544134047,-0.38278688435258773,0.32032219093147196,0.4706680002395762
0,4.061049823123672,0.76827600856809,-0.37503935100625085,0.76827600856809,0.0,0.0,0.0,1.0,1.0,0.0,-0.04805484491765004,0.8703468849553511,-1.0444495111117345,-0.8138126969145179,-0.16953980086810788,1.0165493362403686
1,3.0016240952876996,1.2767332364858228,1.2767332364858228,4.305506716944254,0.0,1.0,0.0,1.0,1.0,0.0,0.42576553139421647,-0.5981791633221356,-0.04039714276072803,1.5031452352458448,0.9736550678471082,0.20319695952616554
0,4.3493241126005895,6.042983968016952,3.415425856844828,6.042983968016952,1.0,1.0,1.0,1.0,1.0,1.0,0.8799137207254527,0.3878330889920204,-0.25804527533629107,0.3564848556049054,0.4071416730412877,0.17893773171781754
0,-2.733595833424882,-0.3619029646966816,-2.0571970414119067,-0.3619029646966816,0.0,0.0,0.0,0.0,0.0,1.0,-0.3252472499476554,-2.440519957178176,0.22301899652609813,-0.26471841108676475,0.5000113077529281,-1.9087807374301438
1,0.011742647102068515,-2.339851836330069,-2.339851836330069,-3.048926329377734,0.0,1.0,0.0,0.0,0.0,1.0,-2.104663239169278,-0.05695718461326671,0.8761446492207297,-0.22729701147771947,-1.7159009274372983,-2.1621341714598143
0,-1.0800711782495138,3.8761291950353094,-1.3098626352360974,3.8761291950353094,0.0,0.0,0.0,1.0,1.0,1.0,0.1151693802678314,-2.1846148913245065,-1.3155058761105523,0.12239098593802694,0.6085460316643758,-0.5625208659518436
0,1.356000351202291,4.237845567110314,1.441968702740173,4.237845567110314,1.0,1.0,1.0,1.0,1.0,1.0,0.22824496269086947,-0.7981205194139572,-0.4041659061441625,0.8769206715603282,-0.7081450959153048,-0.6159236556355571
1,4.882661865978422,4.91379684175888,4.91379684175888,5.085763428664918,1.0,1.0,0.0,1.0,0.0,1.0,0.44603717426801565,0.21961844024880556,0.36540621902339376,0.9196955537845329,1.1921378315411504,0.44143474862995813
1,7.139211814329,3.5707030920653597,3.5707030920653597,5.916669530096784,1.0,1.0,0.0,0.0,1.0,1.0,1.6806017486834692,1.620637470212762,0.7200808786671216,-0.5732675103471356,1.0740680997948258,-0.19741204747611407
0,-1.0268795610387367,1.8055563899223264,-0.2818415082450939,1.8055563899223264,0.0,1.0,1.0,0.0,0.0,0.0,0.4867616862759086,-0.6885686742916302,1.487725278612181,-0.43229088403914684,1.03333555389232,-0.6747525269974717
0,1.5672995237660103,1.9585833021506867,1.3744558924618422,1.9585833021506867,0.0,0.0,0.0,0.0,0.0,1.0,-0.4678785680142361,0.5660332482628452,-0.5839415250794333,0.08855273335672934,0.28350687340901204,-0.2675627481819905
0,3.3836222718310403,2.4144294150670262,3.624015887144793,2.4144294150670262,1.0,1.0,1.0,1.0,0.0,0.0,-0.2753576700799875,0.026369493414138953,-0.8215949303999666,1.5806766470715696,0.5696134117440249,-1.096731961910715
0,4.1216117998586155,6.348092330274649,3.4618129403007893,6.348092330274649,1.0,1.0,1.0,1.0,1.0,0.0,0.43312852937065616,0.8953831154367613,0.4424288591595902,-0.315658675917244,-0.0738641186382053,1.5764510591644973
1,4.498510383476184,2.411782712360426,2.411782712360426,3.1747654494508546,0.0,1.0,1.0,0.0,1.0,0.0,0.8410628656511564,-0.37437415973820765,-1.2043148018062217,-0.6544393913221079,-1.4450521640556935,-0.3946014770184836
0,1.0586017601350282,3.395723583647916,3.056633838052844,3.395723583647916,1.0,1.0,1.0,1.0,0.0,1.0,1.4277333579230531,-0.8877820928030227,-0.06210155131406753,-0.5828709243698952,-0.772640450865549,-0.6755113356076535
0,1.1361022663075095,0.5269256906978437,0.9051836854633133,0.5269256906978437,1.0,1.0,1.0,0.0,1.0,1.0,-1.7585432743941112,-0.7587013754182884,-0.23621865320079705,0.9024607932664913,0.24240083931346526,0.14141974971286575
1,1.7624718697910573,-0.46557115941169114,-0.46557115941169114,-0.4752321634898935,0.0,1.0,1.0,0.0,1.0,0.0,0.21150206036549482,-0.08128136689507284,1.1373820541935014,-0.6552866317565784,-0.9895210169136167,0.6436056426730152
1,5.676284633559757,1.5781093487734827,1.5781093487734827,5.506077300481475,1.0,0.0,1.0,0.0,0.0,1.0,0.8047165049936621,1.77955397899169,0.1734862668699482,-1.9527941843552625,0.524563925007889,-2.448930901633177
0,1.8664641936329152,3.762396252845822,0.6626530099482286,3.762396252845822,1.0,0.0,0.0,1.0,1.0,1.0,0.4881188551596025,0.6740821992027342,2.1385205245224963,-1.8116822584095955,0.362443019710158,-0.3241410263015829
1,0.9525485624054167,-1.0885598467241773,-1.0885598467241773,0.34679199684795603,1.0,0.0,0.0,0.0,0.0,0.0,-0.06735873838762352,-0.19674612658746782,0.20101495861305363,-1.7208568115537028,0.20595124131083964,-1.1162286508022479
0,0.5295299271851465,-0.886998347253878,-0.37868212221837877,-0.886998347253878,0.0,0.0,1.0,0.0,0.0,1.0,-1.071190831510596,0.14266965196932876,-0.3923792863457836,0.5636177804935165,0.5505965114818178,0.614598386644126
1,2.8690034584858015,0.6612927275225586,0.6612927275225586,3.7090220509322895,1.0,1.0,1.0,1.0,0.0,0.0,0.008279488823341457,-0.641518008930945,0.4568717514598239,0.300563255563297,0.2811897049604859,-0.6396607030886938
1,1.2829163092868057,-0.8285432018049723,-0.8285432018049723,2.06527007244536,1.0,1.0,1.0,1.0,1.0,0.0,-2.270554139284044,-0.7809788488787442,-1.2475144995396896,-0.6152655946589657,-0.992450239282883,-1.2846708689674116
1,7.317200193837844,4.347090345985055,4.347090345985055,5.829716136571577,1.0,0.0,0.0,0.0,0.0,1.0,2.670411533729962,0.6441736807711019,-0.8541096506997327,0.3628646798191296,1.0282892784295603,0.2595089924729046
1,-2.9251573470455403,-3.1233743335162254,-3.1233743335162254,-3.7339856967720655,0.0,0.0,0.0,1.0,1.0,0.0,-2.16379519385089,-1.7763966889708727,-2.23627684040404,-2.6788319509038843,-2.3703585517138688,-0.1938646093357237
1,4.497073752945099,1.9008727089296964,1.9008727089296964,4.916891480460313,1.0,0.0,0.0,1.0,1.0,0.0,1.021218020429426,-0.68064531046317,-0.07719626039703387,-0.04126066988456731,1.5988752383772495,0.5120657195428187
0,-1.1879026591787314,2.1134014199933864,0.7580207050330816,2.1134014199933864,0.0,1.0,0.0,1.0,0.0,1.0,-0.4666708084917142,-0.06617145636384275,-0.2388127452047746,1.0795763523235993,0.7458807165119474,-1.195361911008914
0,3.5856416849915353,4.7106002698539715,3.612216615049413,4.7106002698539715,0.0,1.0,0.0,0.0,0.0,0.0,1.48072875188625,1.5664306314338137,-0.5041499724244274,0.19645122582352215,0.9144089210149765,1.1961832738110227
1,0.8087661204367681,0.9356079134213771,0.9356079134213771,2.6130071694975108,1.0,0.0,0.0,1.0,1.0,0.0,-0.05464808719493294,-0.10927015133637918,0.16163097835874043,-2.0665076157918136,-0.7583952537645421,-1.0901566773407683
1,2.926006524513937,0.5470842987776914,0.5470842987776914,2.3697470208787026,0.0,1.0,1.0,0.0,1.0,1.0,0.7533648465733594,-0.0888924466539758,0.25772696290607494,-0.5456279599098611,1.5805936217972794,-0.03412016838048676
1,1.4624697683935985,0.7242454976878829,0.7242454976878829,3.1385583522676512,0.0,0.0,1.0,1.0,0.0,0.0,-0.06530157725251448,0.28350585480375373,-1.0180947568811594,-0.9635985107257132,0.24486217098722735,-0.12709192366541533
0,1.2197135507136752,1.7253609999864659,0.5905476359569298,1.7253609999864659,1.0,1.0,1.0,1.0,1.0,0.0,-0.4062534524306672,-0.5884209317661748,0.06290833219629355,-2.2421136825547574,-1.5092574372193623,-3.336513049682152
1,3.1352948696973537,2.0151449909567707,2.0151449909567707,0.889658313886263,1.0,1.0,1.0,1.0,1.0,1.0,-0.6184644206349632,-0.09366089699886143,1.25306183782897,-1.099437700122773,1.4490450984473697,0.3855154480018309
1,6.4938030805791485,6.226431604375312,6.226431604375312,5.610228877114282,1.0,1.0,1.0,1.0,1.0,0.0,0.7118850243929753,0.14825256447482268,0.08337916361419587,0.6072812471015487,-0.29890594915767515,-0.02962157990531931
0,1.084362893533954,3.386956652528595,4.967138168672361,3.386956652528595,1.0,0.0,1.0,1.0,0.0,1.0,0.05315448464242756,0.22933629567144043,-1.300447589641509,1.03244632428476,1.1004336460390955,-0.36383310867818874
1,3.49703118990393,2.3352933962995785,2.3352933962995785,2.538964167178495,1.0,0.0,0.0,1.0,1.0,1.0,-0.17851425400893453,-0.08038307095514521,0.11334315399957862,1.6267467732995136,-0.41041245281848526,-0.4492470095621346
1,-0.2895653037464889,0.2484757026451943,0.2484757026451943,2.5731849191483738,0.0,0.0,0.0,0.0,1.0,1.0,0.7105439893360916,-1.0840417386894339,0.8762776115647594,0.43642754626083174,-0.4934463528622794,0.831365411989053
0,1.7589786339319877,4.44942605337684,2.47111521873838,4.44942605337684,1.0,0.0,0.0,1.0,1.0,0.0,0.6008280178129454,-0.592238337419295,0.842544195456509,0.9461071400318483,0.08877240193383386,-0.02274956314881657
1,1.0144832832514987,-1.0401618441606562,-1.0401618441606562,1.8502962365579467,0.0,1.0,0.0,1.0,0.0,1.0,-1.3902314422512918,0.21390558580062974,-0.12026738244481949,-0.19033054430750562,0.5488870121191938,0.32602446302953114
1,1.3526269251954604,1.892220801535707,1.892220801535707,1.4994399184497638,0.0,0.0,1.0,1.0,0.0,0.0,0.47477860454450194,0.3259165562445352,-0.05848490225673747,-1.5231149995273705,0.02174255472721759,-0.872597130412319
1,-2.182212518785471,-1.8177498213221384,-1.8177498213221384,-2.0140268322081263,0.0,0.0,1.0,1.0,0.0,1.0,-2.2100755352160597,-0.9130259541670855,-0.8220767479439371,-0.5255412560220192,-0.29349545988898623,-0.6744099315438111
0,2.1471845915492827,4.669225152747196,2.5189093078734115,4.669225152747196,0.0,1.0,1.0,0.0,0.0,1.0,0.47565627625899837,1.0433673328540882,0.19913565862151175,1.164998384807688,-0.07420092064374695,1.3899518901779468
0,1.2333272678744027,4.3200675699163815,1.9907815957339818,4.3200675699163815,1.0,1.0,0.0,1.0,1.0,1.0,0.4445255068072066,-0.9225794468286348,-1.296263750566569,-0.7922249049612423,-1.309408645586588,1.3220760616374776
1,2.3341353582860083,-0.7329515508851898,-0.7329515508851898,2.543527016399553,1.0,0.0,0.0,0.0,1.0,0.0,0.6790833726787908,0.19698761478295312,-0.1619765346504599,0.7363047442953358,0.2782393741349985,0.17435308920742287
0,0.8337117813491258,1.678118187550174,0.2645062026118392,1.678118187550174,0.0,0.0,1.0,0.0,1.0,1.0,0.5100567262062768,-1.2648002791364092,-2.877738111058046,-1.3879893734477042,-1.940407768409647,-0.9328909192637433
0,-2.8858158871247475,-0.35245225374938594,-4.200190006653567,-0.35245225374938594,0.0,0.0,0.0,1.0,0.0,1.0,-0.9078827254032132,-2.15166350723574,-0.5204734638810657,-1.3260135585947563,-0.5902836379777688,0.07233571124753624
1,-2.4997667211104555,-2.5838301816777585,-2.5838301816777585,-2.9630008515847632,0.0,1.0,0.0,0.0,0.0,0.0,-2.373381002038299,-1.0221484833290377,0.22123381904834766,-2.1899849725122977,-0.7579701605469268,-0.8322954248959713
0,3.8466044454657364,5.7102457262185125,3.1746516332527683,5.7102457262185125,1.0,0.0,0.0,0.0,1.0,1.0,1.577295521987647,0.29465348215619613,-0.14242667564319816,0.0430355459187336,0.6900986915360994,0.3147390742875682
0,0.8603234361204024,2.0956466668034373,0.3187657204877081,2.0956466668034373,1.0,0.0,1.0,1.0,1.0,1.0,-1.113002608807522,-1.1175974259928667,-1.7391966512128225,-1.5353906668853785,-0.5555664314159037,-1.2245732436019112
1,1.3994821325564077,-0.4251780089998982,-0.4251780089998982,0.8252494012328115,1.0,1.0,0.0,1.0,1.0,0.0,-0.5832943670133017,0.04881241204198107,0.4426910628570483,-0.34879338026964785,0.33407941302627403,0.20499272223661652
0,-0.7208401010674568,1.3748245245171136,2.6559879664598967,1.3748245245171136,0.0,1.0,0.0,0.0,1.0,0.0,0.06615271351465221,0.5921078785710441,-0.023032620754857777,0.7762844561811156,0.12041234820024044,-0.3731585988580317
0,-1.5076005655107616,-0.6020564616177726,-0.5993464324809952,-0.6020564616177726,1.0,1.0,1.0,0.0,1.0,0.0,-2.6627626006533904,-0.9020435223117975,-0.8141671324987871,0.5362510082152914,0.6465973972523614,0.3310580006057018
1,3.137010917450524,0.5623113453198654,0.5623113453198654,3.469025917140082,1.0,1.0,0.0,1.0,0.0,0.0,-0.0782117324057306,0.8325577705573594,0.18849649570525684,0.41900163935149837,1.6879643791995513,0.8423669047216606
0,1.4187906503672751,5.187763522954002,1.397155587177407,5.187763522954002,1.0,1.0,0.0,1.0,0.0,1.0,0.17390147094033837,0.43123248109022644,0.22242418401968447,0.38995902182819075,0.403616405707869,0.6165396881162974
1,-0.24694632217907864,-0.40229065579367895,-0.40229065579367895,0.16541766866950408,0.0,0.0,0.0,0.0,1.0,1.0,-0.8277528239242328,-0.8312952671745506,-1.6272590460153122,0.06840091550932426,-0.5147057451354352,-1.4407843083923246
0,-1.9265361668793473,1.92429306867836,-1.8262886809266825,1.92429306867836,1.0,1.0,0.0,0.0,1.0,1.0,-0.08958358420459255,-1.4343320915435498,-0.42778712222032306,-1.709550913396743,-1.1338755647169396,0.02848636217394862
0,-1.6838799637323851,0.1394410176855086,-0.35553482032813877,0.1394410176855086,0.0,1.0,0.0,0.0,1.0,0.0,-0.8821979065867457,-1.9241230232265925,-1.5136791652243395,-1.0270046993778714,-1.0812608450215597,-0.8608414388430281
1,2.1063054145273736,0.4900940778253007,0.4900940778253007,2.449670320565471,0.0,1.0,0.0,1.0,0.0,0.0,-0.7268366639846825,-1.0765711507842928,-1.2864973992871125,-0.22303326974842264,-0.9842041095209131,-0.2343511471836902
1,3.5149070142937173,1.4898862853159947,1.4898862853159947,4.314951325724306,0.0,0.0,0.0,0.0,0.0,1.0,0.9900961085877635,0.7810462502510427,-0.9878263470357428,0.1795645783061256,-0.8586524434631204,1.5223918464131538
0,2.844733941807072,3.379588632103873,3.4940733561343817,3.379588632103873,0.0,1.0,0.0,0.0,1.0,1.0,0.6416558859294756,1.8113684287632537,1.472365666039586,-0.19330272013713362,-0.21871156794060187,-1.208710461283814
0,-0.2511637371165521,-0.5092571758206097,-0.51803845684181,-0.5092571758206097,0.0,0.0,1.0,0.0,0.0,0.0,-0.6266493471711119,-0.6337310440487683,-0.9545935921847417,-0.383851719271998,-0.18963469823423934,0.5527966625849509
0,1.1606307985759174,2.759866901172054,0.3383034465227679,2.759866901172054,0.0,1.0,1.0,1.0,1.0,0.0,-0.49750934688572357,-0.1186948142736074,-0.6861506546224516,-0.8010608541093464,-0.6061159969633644,-0.12382320473789926
1,2.4578714449556647,1.0384880016456408,1.0384880016456408,0.983428703450507,1.0,0.0,1.0,0.0,1.0,1.0,-1.2029118889872412,0.49964565969497116,0.6794148316372334,0.27641276486703203,-0.859092416714516,-2.5259817867075016
1,6.788777829454325,2.8718070225223684,2.8718070225223684,3.9253231245076483,1.0,0.0,1.0,1.0,1.0,1.0,0.7536593287645356,1.1471107482308587,-0.3988253411946892,1.4139453234265364,-0.13933998619577156,0.3112913367905161
1,2.545858678341474,-0.27704192429931873,-0.27704192429931873,1.1746593922614874,1.0,0.0,1.0,1.0,0.0,1.0,-0.30528686779876185,-0.7192620326193817,-0.7189408271900862,-1.0238922343436385,0.8022036862392274,-0.5290026687202467
0,0.3599014485741925,-0.522857118294312,-0.7289035290829406,-0.522857118294312,0.0,0.0,0.0,1.0,0.0,0.0,-0.6699490445329048,0.1477026899535528,0.9888889871609123,0.8335048780092245,-0.9912629383347544,-1.758620451878151
0,0.953817276116908,2.9955237862603443,2.227733822680876,2.9955237862603443,0.0,1.0,0.0,1.0,1.0,1.0,1.5881159090051993,-1.5636703258178228,0.4319544854427235,-0.27294252810880315,0.9893100989152483,0.36965272970492
1,3.7114541895976947,2.3693849322109273,2.3693849322109273,1.6264633851024781,1.0,0.0,1.0,0.0,0.0,0.0,0.04182338348426738,0.42256681919209194,-0.6155119477863646,0.8728942108117913,1.0431466998572891,-0.10432503031543128
1,5.446143312192548,1.4889225807446764,1.4889225807446764,5.533243544217089,0.0,0.0,0.0,1.0,0.0,0.0,0.883734676547792,1.9758268030510908,-1.3336980104089,0.7147965221152695,0.5147262078103976,-0.25075489204317175
1,0.9071222021209282,0.7132891569163355,0.7132891569163355,2.6313103962477684,0.0,0.0,0.0,0.0,0.0,0.0,0.5268190984768667,0.8002385794143867,-2.1103816777626925,-2.6079040929087833,-0.5119235428755584,-1.1193034314016312
0,-0.9053314534054705,-0.35438389700017037,-2.170564547703468,-0.35438389700017037,0.0,0.0,0.0,0.0,1.0,0.0,-0.9291872020642883,0.4089965512255391,0.48927368112873937,-0.9482014682385446,-0.4293997361730684,-0.36873795153554567
1,3.517364776684267,0.9909366860108344,0.9909366860108344,3.934463453634585,0.0,1.0,0.0,1.0,0.0,1.0,1.0917535431031713,0.16619320310381064,0.07422382243998328,0.1761257584144234,-0.399361127317994,0.8496980388143709
1,4.047192768025593,1.6598100172636303,1.6598100172636303,3.4594315715397177,0.0,0.0,0.0,0.0,0.0,0.0,0.05514757124507691,1.1267962275879373,0.6062595304512124,2.438502631049788,0.7682014308869036,0.6551408995004907
0,4.292616821741269,5.777553809017544,3.557321051630775,5.777553809017544,0.0,0.0,1.0,0.0,0.0,1.0,1.7144795258729086,1.2006042398842822,-1.235021096541579,0.5468947622595495,2.446492822863723,0.7333515861904067
1,-1.523018545448629,-3.7855287769654247,-3.7855287769654247,-0.06397584947780988,0.0,0.0,0.0,0.0,0.0,1.0,-0.9039312571445134,-1.7603413084777144,0.2358161193171059,-0.2222307611901831,-0.9656205274804288,-0.8558060701282868
1,2.4199941326870418,-0.643398959416566,-0.643398959416566,2.2572514028427713,1.0,1.0,0.0,0.0,0.0,1.0,-1.4237426192061162,-1.9036663730410628,-1.422956341327472,0.17177055564210397,-1.4011238552485408,-1.0554753731917264
1,0.8767566272042444,-0.30287885628399214,-0.30287885628399214,2.9119182520722626,1.0,1.0,1.0,1.0,0.0,1.0,-0.6335796338002976,-0.32884663906975026,1.1055807124270147,-0.09216536101279932,0.9409577976628868,-1.0274397423823365
0,4.048793556537202,6.499614442460841,4.871934855837605,6.499614442460841,1.0,1.0,0.0,1.0,0.0,1.0,2.3360474781563254,0.8374048081587955,-0.579341826103252,-0.2891741588928347,-0.17919858520834048,0.716784263663609
1,3.272117306084854,1.853978682982281,1.853978682982281,2.954996842797388,1.0,1.0,0.0,0.0,1.0,0.0,-0.5080058272400175,0.8626282988521787,0.586306692275135,-0.11335990591747026,0.0934736223481254,1.0668509763709415
0,-0.7308334893132387,-0.29540029812476676,-2.420526068482747,-0.29540029812476676,0.0,0.0,1.0,0.0,1.0,1.0,-0.7359493644197356,-1.31795536179283,0.4021835532550978,-0.6509216128797068,-1.078606613628181,-0.6985325233880408
1,3.6112968195349877,1.8741370699983548,1.8741370699983548,2.919201548537559,0.0,1.0,1.0,0.0,1.0,0.0,0.6142403082790202,-1.1181824441221289,0.12141573346645083,-0.15046161348753415,1.1890770438137641,-0.9731255435553956
1,3.105037073899285,-0.495494329773037,-0.495494329773037,2.4527988895493875,1.0,1.0,1.0,1.0,0.0,0.0,-0.49011068483174935,-1.379002779802967,0.6886305853084875,-1.124604858114141,-1.067594126075028,-0.5413128758879562
1,2.4864896101689853,0.5683984086126362,0.5683984086126362,0.8232172890698449,1.0,0.0,0.0,0.0,0.0,1.0,-0.6856857870670495,-0.0798388534258761,1.091505864248825,-1.2472925391648584,-1.2290139276986183,-0.8382289884588906
1,3.602329806207311,2.333584113278281,2.333584113278281,5.126937215073551,1.0,0.0,0.0,0.0,0.0,1.0,0.9441545556751273,-0.01792830570686421,-0.8634495200281799,2.098732186013663,0.8682657395973041,1.2988943479034385
0,1.5926544087740284,4.823487817667861,4.17825264310248,4.823487817667861,0.0,1.0,1.0,0.0,1.0,0.0,0.9208342031124785,1.8329771333555414,-0.3804511058536128,-0.3528336058774454,-1.828936925296491,-0.7683346109215231
1,2.9979516785169533,1.2736185943216287,1.2736185943216287,2.5706656258616767,1.0,1.0,1.0,0.0,1.0,0.0,0.18557646705031497,-0.33007951547127323,1.0011659678313005,0.11121707754707758,-0.41045722418261926,0.3565382097216503
0,1.3037116176810921,-0.3226001824686272,0.6750415462141962,-0.3226001824686272,1.0,1.0,1.0,0.0,1.0,1.0,-2.199230086804858,-0.19151327872132815,-0.541910036251083,-0.54656777087402,-0.9760914479744482,0.2159987048220517
1,1.8953782731214999,0.3753895909358531,0.3753895909358531,0.41743208025857226,0.0,0.0,1.0,0.0,0.0,0.0,-0.13165717872108806,0.6185544260934039,-0.9247050886254244,-1.6740644428341125,0.7161054563588513,0.49281212850703027
1,-1.1929143904442374,-2.303252951236728,-2.303252951236728,1.3239740832197564,1.0,1.0,0.0,1.0,1.0,0.0,-1.7022311017682832,-1.241267338880312,-0.14714494070105394,-1.9380389700723848,-1.7932288642938796,1.1392818037053063
0,0.3537586240054984,2.6572522190156556,1.6171369023290092,2.6572522190156556,0.0,0.0,0.0,0.0,0.0,0.0,0.5937878867130805,1.0649758744708873,1.1097509136378476,1.281837099440745,-1.336305011567729,-1.480901712364488
1,5.125946231606512,3.245217052203278,3.245217052203278,3.046142821222713,0.0,0.0,1.0,0.0,1.0,0.0,1.5169024890260008,0.18083009259919547,-0.6351069565038941,0.7829174786635417,2.680382952932817,1.51971684584369
1,4.539070308153085,2.516242757567524,2.516242757567524,3.4054116806429997,1.0,0.0,1.0,0.0,0.0,0.0,0.29863451727064383,0.8188814351316558,-0.987708767851627,-1.8607308481991334,-1.0613553876064254,-2.031186368804689
1,2.260046680662272,1.4161141439575358,1.4161141439575358,2.554968464310725,0.0,1.0,1.0,1.0,1.0,0.0,0.6581642950226766,0.032934363133315374,-0.39592623098065693,-0.0740469829743591,1.2911742782223106,-0.4946630650852806
0,1.7344138923190286,6.116318782262912,3.9068906679399973,6.116318782262912,1.0,1.0,1.0,0.0,0.0,1.0,0.037036254271921774,1.4876177956908128,0.818315523953466,1.5114743234242902,-0.1305773178996441,-0.713840519848358
0,-0.42517061228868047,-0.003821352277083079,-1.884925070612904,-0.003821352277083079,0.0,0.0,1.0,1.0,0.0,1.0,-1.696703153263382,0.31491665610916253,-0.7777466038479928,-0.5972908142962098,-0.5433780857317696,0.5049152632439052
1,1.5597603056656721,2.4189086497201435,2.4189086497201435,3.48387969916903,0.0,0.0,0.0,0.0,1.0,0.0,0.6969154529150934,1.203741383943208,0.813231983401296,-0.5962428880624162,-0.7795231594788031,1.24150764677673
1,5.4048215038827605,2.206291350439163,2.206291350439163,3.189649838342543,1.0,0.0,1.0,1.0,0.0,1.0,0.0929013341675988,1.6101536707058912,-0.286336598802185,-0.7153223286586476,1.0701372437830328,-0.3006462779046408
0,-0.13225940009970444,1.5448788033001224,-0.7382653549397176,1.5448788033001224,0.0,0.0,1.0,0.0,0.0,0.0,-0.6623509544442382,-0.4250034387776068,-2.3491581447712497,0.02720616985851171,-1.0104030976278766,-1.195491768689922
1,7.052397075918053,4.654351244292147,4.654351244292147,7.902753335679404,1.0,0.0,0.0,0.0,1.0,1.0,2.2653068193421526,0.9775470293217692,0.39964471763768755,2.83187733191986,1.1250502250784005,1.3750055457283172
0,0.6438561453382552,1.0811934497952802,0.9718386167877063,1.0811934497952802,0.0,0.0,1.0,0.0,0.0,1.0,0.28776805950405926,-0.7740390697869604,-0.16954043577144248,-1.3785703981433586,-0.772817894100649,-0.04857618333447766
1,2.8556352034956993,1.9519971451822034,1.9519971451822034,3.450607485442001,1.0,1.0,1.0,0.0,1.0,1.0,0.12846431241196707,0.17213412434087436,1.0742938698728297,0.35144798412116496,-0.11675884259667388,-0.6245281082236512
0,-2.8731515919506654,0.27560630514147666,1.0054104968788584,0.27560630514147666,0.0,0.0,0.0,0.0,1.0,1.0,-1.3710442181808835,-0.8189836347206658,-1.0999101919644816,-0.12508544182880216,-0.48240401248257037,-1.0198433006582186
0,2.2702780200411348,4.576083028937835,4.922385192163294,4.576083028937835,1.0,1.0,1.0,0.0,1.0,1.0,0.5851975878857423,0.7206383080121808,-0.08002623607086473,-1.1298806641411938,0.5010346369720786,-0.8212277259358564
0,0.9573774882207045,4.331063180399069,3.044373693387047,4.331063180399069,1.0,0.0,0.0,0.0,1.0,0.0,1.1801749993122608,-0.07151350756325378,0.4893120842712026,-1.2608550989419443,0.8932895960365749,-0.5567684227336748
1,3.1650856829996536,1.3811429915217595,1.3811429915217595,2.634946318611421,1.0,1.0,1.0,0.0,0.0,1.0,-1.1290668586034116,0.2301080038376871,-0.03481943682572042,-1.9291106796565614,0.414793613978469,-0.25381654438891543
0,3.3947305599016517,4.123877993331494,3.437831782219038,4.123877993331494,1.0,1.0,1.0,1.0,1.0,1.0,-0.3833772086479965,0.5110950373599266,-1.0788517459307079,-0.0887184671015337,0.45868823120660773,0.04169454766879821
0,3.1035785880413713,4.631888457948761,2.799707606286747,4.631888457948761,1.0,1.0,1.0,1.0,0.0,1.0,-1.355871956014325,1.3880379254017001,-1.7779961790668835,0.5577928466168661,1.082624481858618,-0.5778351603707164
0,2.9486706006048924,3.010034450925665,3.157846723996885,3.010034450925665,1.0,1.0,1.0,1.0,0.0,1.0,0.11351815255592979,0.5878414262599345,0.30796876437283427,0.22469188922649697,-0.6793115756068726,-0.6769009095349895
1,2.5019488837974633,1.7351179758758732,1.7351179758758732,4.873638829380231,1.0,1.0,1.0,1.0,1.0,1.0,0.9944268500697346,-0.5033374496649272,1.9676672053259776,0.8713522367664764,2.078531257071827,1.7083135696668699
0,1.3139279139085966,2.285865347362292,-0.0013041950985825945,2.285865347362292,0.0,0.0,1.0,1.0,1.0,0.0,0.4263421725998808,0.6508084826474736,1.1865203041072627,-1.5261894123065887,1.45089268269023,-0.4704195759668164
1,-0.9626496537894844,-0.3701465652546856,-0.3701465652546856,-0.7674326912428722,1.0,0.0,1.0,1.0,0.0,1.0,-0.9326566419521696,-1.5651417549328825,0.7756444890678763,-1.2322397458126566,-1.3227593752608973,-1.5581475798874136
0,2.0819577271802236,0.37876079404161467,0.8156848593211398,0.37876079404161467,0.0,0.0,0.0,0.0,0.0,0.0,0.4984471142144533,0.12883181041203576,-0.8016138867355188,0.7432638879575968,0.4448955357469401,0.3849740106624786
1,-2.386016193001554,-2.309326495006661,-2.309326495006661,-3.0894042098716925,0.0,0.0,0.0,1.0,0.0,1.0,-1.6887119054327966,-0.8079010253906573,-0.44380319347617037,-0.7078162518269956,-1.3782833631294886,-1.3301012233476495
1,5.383973059399765,2.3873669242488638,2.3873669242488638,4.467425879714189,1.0,1.0,0.0,1.0,1.0,0.0,0.8896929967276581,-0.5316846683434724,-0.35453751830632063,1.3292504315085443,0.8601596533740281,0.8903941069470598
1,2.1976033652551,3.3555849477930253,3.3555849477930253,5.269260684119928,1.0,1.0,1.0,1.0,0.0,1.0,0.34748242513800304,0.6053781117656095,0.9514802016566942,-1.3608975644933883,0.5652613429327095,1.4892525619747348
0,1.4936556385193982,1.6081203137542384,2.1724721998398984,1.6081203137542384,0.0,0.0,1.0,1.0,1.0,1.0,-0.2574488428777868,0.6547510535287921,0.39190028328347004,1.2989259108384696,1.0571305471214154,2.3351431603819606
1,4.24314211142373,-0.9519433443614458,-0.9519433443614458,3.97389466694662,0.0,1.0,1.0,1.0,1.0,0.0,1.5052183641861587,-1.2585605833647056,0.4403645990363253,-1.6046060461096636,-0.4327992385835917,-0.986353049532676
1,-0.8018684299898915,0.3993186588098378,0.3993186588098378,-0.3526862732328762,0.0,0.0,0.0,1.0,0.0,0.0,-0.1238945844026687,-0.5266913513604456,-0.38876508847740743,0.039465279362378786,-0.036133332108462035,-2.140510791415784
1,2.8488213000403566,0.014698767222419362,0.014698767222419362,2.725146299484005,1.0,0.0,0.0,1.0,1.0,1.0,-0.34246190328741527,-1.1571306476107717,-1.785077245588703,0.4082706679708894,-1.9125086659162998,-0.3606422238687763
1,8.584601403220613,4.96710031076309,4.96710031076309,8.256734616101665,1.0,0.0,1.0,0.0,1.0,0.0,3.03966600648074,1.5559214831348536,1.8507400421078417,1.6357081625885341,0.9130096793880775,1.5746370645785566
0,0.4341300230920438,1.6908272776953228,0.1916307610280527,1.6908272776953228,1.0,1.0,0.0,0.0,1.0,0.0,-0.6470157068927358,-1.0310380392109595,-0.5675984204360998,-1.1192821177563674,-2.7970898309642633,-2.776956906912422
1,0.25674196001284766,-1.0505375607450076,-1.0505375607450076,3.101635692636099,0.0,0.0,0.0,0.0,0.0,1.0,-0.4493848908952081,-0.7906427863337708,-2.4766194690206307,-0.6824726790866893,-1.2226887185935997,-0.9478602503921538
0,2.8799814873069005,5.341031745857428,1.7587494454375419,5.341031745857428,0.0,1.0,1.0,0.0,0.0,1.0,0.35417717705032475,1.8015511475482917,0.10076352820868822,-0.9945535703955566,-0.014315538998494914,-0.2623356180776908
1,-0.4362321990535021,-0.7268395431254617,-0.7268395431254617,-0.45351707542876785,0.0,0.0,1.0,0.0,1.0,1.0,-1.2242730146940215,-0.6052107763930576,-1.8307170302084907,-0.7325246944707364,-1.0030903814145684,-0.25681770580662255
1,4.064278256580079,3.837464176176753,3.837464176176753,5.633129307859056,0.0,0.0,1.0,0.0,0.0,0.0,0.6730558581297947,2.205591462723137,2.487199471676986,1.161220459271365,0.18379867383366832,1.7711166362380277
1,4.286622731515961,1.9063805706740498,1.9063805706740498,2.684778793869734,0.0,0.0,0.0,0.0,1.0,0.0,0.2774092699502805,0.4583227971719025,-1.0001081451306815,0.8068092797627393,0.33668391140782095,1.7032902995350383
0,4.048585043709625,4.5543372911921125,2.117176552783289,4.5543372911921125,1.0,0.0,1.0,0.0,1.0,0.0,1.7486765815112155,-0.3471604378677074,0.08856987709846603,-0.34667315778466923,0.02635026378252775,-1.1365843216810743
1,0.03514099250654368,0.4433589246259679,0.4433589246259679,0.0731279227124384,0.0,1.0,0.0,1.0,0.0,0.0,0.20533370742505389,-0.9783208259804707,-0.0014929411282004756,-1.6272597932295263,1.2804032910104814,-2.4990578522233036
1,-0.4656484361718318,1.1232824053366075,1.1232824053366075,1.1433108576489743,0.0,1.0,0.0,0.0,0.0,0.0,-0.010554959358581924,-0.2164359768809121,0.09492076651051484,-1.1316666940184965,-1.6380707454884027,-0.9995499248968444
0,1.0652040425164544,1.6779428157105198,-1.4390725801851105,1.6779428157105198,1.0,0.0,1.0,1.0,1.0,1.0,-0.29447147824227965,-1.0153113001239766,-1.1501952099861106,-2.1547223854789523,-0.2837171880949749,-1.433123977804954
1,2.6422032490893184,2.765940954120368,2.765940954120368,3.0122170272891062,0.0,0.0,0.0,0.0,0.0,0.0,0.542315400989631,1.254257159754174,0.10775613957883651,1.7063400063395424,-0.04289431011655154,2.090856998251938
0,-0.14557107545547837,1.397873950023011,0.5913676745858876,1.397873950023011,1.0,0.0,1.0,0.0,1.0,1.0,-1.2668714146213815,-0.7250859947414814,0.23710360922651602,-0.42350054075536103,-0.5262075035039477,0.906896488407548
0,1.4602613547558159,4.7867674842186805,3.300607993442462,4.7867674842186805,0.0,1.0,1.0,0.0,1.0,0.0,0.5593130882001927,0.8001354753180223,1.897893734233525,1.1796202182830808,-0.0001444137010673252,0.9895716709319288
0,-1.1220181279349535,1.5886610408520425,1.5945209209019566,1.5886610408520425,0.0,1.0,0.0,0.0,0.0,1.0,1.1917787188190145,-0.8804567485027744,0.11578258316004561,-0.09945747554652612,-0.5881273399726513,1.5207941998117034
0,2.3239431924499723,4.461019243248959,1.4233620299922498,4.461019243248959,1.0,1.0,1.0,0.0,1.0,1.0,-0.05539130118169887,-1.4911348379096392,-1.1324475213347898,0.30281092789994224,-1.3290451486589483,-0.8639663624829389
1,0.8432095281975327,1.7257970310167547,1.7257970310167547,3.8426716386906143,0.0,1.0,0.0,1.0,0.0,0.0,1.1445860754576556,-0.007753120549691017,1.0405362975457866,-0.29295641286468277,1.7256278661439637,0.0322131003779309
0,0.7377870580167567,1.5231916136673158,1.813496355210205,1.5231916136673158,0.0,0.0,1.0,1.0,1.0,1.0,0.006519355912578096,0.5147049209673795,0.8961191740062263,0.6706776649318145,0.3533881581130667,0.9192600825703292
1,6.164588937589451,3.9303030219072186,3.9303030219072186,5.191197851189624,1.0,1.0,0.0,1.0,0.0,1.0,1.4680613592768423,0.5196227711504656,0.40775193993432746,1.3322774215880564,-0.09619760237340916,-0.616767658262652
1,2.276913272186183,0.1688430620297322,0.1688430620297322,1.9978134444762858,1.0,1.0,1.0,0.0,1.0,0.0,0.2849255056724073,-1.7045825756009474,0.2847448522007563,-0.384828651484815,-0.08879656305737144,1.6033904403726573
1,1.4160522292154405,0.7617499555158331,0.7617499555158331,2.3286215303833955,0.0,0.0,1.0,0.0,1.0,1.0,0.544512780675347,-0.06334556853016413,0.6316186399450404,-1.132099123656003,-0.3691204136956795,-0.03262188410812356
1,5.02495748634628,4.386435380657039,4.386435380657039,4.90923243991082,1.0,1.0,1.0,0.0,0.0,1.0,0.5240143376171181,-0.0691926767916825,-1.0928830452643141,-1.468856039647699,0.47781468358808876,0.18262241790044736
0,-0.18420020904154888,5.669417764186363,1.6230270137225553,5.669417764186363,1.0,1.0,0.0,0.0,1.0,1.0,-0.4494778664588077,0.8191726782421125,0.635964725951859,0.8578680421390524,-0.45720821523974664,-0.5415641524997167
1,5.1536637846929825,1.6490555266397278,1.6490555266397278,4.788621022270639,0.0,0.0,1.0,0.0,0.0,0.0,0.4973618082005915,1.607434483223202,-1.2717332254759262,-0.6848365355338281,0.6408472367453424,0.40842653584866306
0,1.2636611160731246,1.1133350635890074,-0.46044054968121906,1.1133350635890074,1.0,1.0,0.0,0.0,1.0,1.0,-0.4752867974172183,-0.8704087791298365,0.4420316776758096,-2.221118617293973,-0.16214662445623,0.2974217044967775
1,6.418437666228492,3.905601078624297,3.905601078624297,5.75148751309717,0.0,1.0,0.0,0.0,1.0,0.0,1.558313608198697,1.6419810457510677,0.31851887658824896,0.23938120307984215,0.0026082163276665016,0.010352332361791228
0,-0.21170440276590752,0.784700891059757,1.706777211439518,0.784700891059757,0.0,1.0,0.0,1.0,1.0,0.0,-0.240306645961095,-0.7961313188099424,-1.132751256558109,-1.1255940447848112,-0.14461311788599368,0.848550332131197
0,1.375449489858291,3.7681412398552063,3.724557516585852,3.7681412398552063,0.0,1.0,1.0,1.0,1.0,0.0,-0.5123705767037222,0.7379441706886534,-1.63147975191739,0.48135458292403743,0.39254930978635155,-0.48055403217870896
0,2.3699973395475262,4.711213007957527,0.917052443370858,4.711213007957527,1.0,0.0,1.0,0.0,0.0,1.0,0.24991752621337243,0.2366682463693961,-0.479759017367747,0.49610249540436113,0.24839244870902807,-0.8777104834984941
1,0.33723017450293363,-1.799163031090568,-1.799163031090568,0.740111414801844,1.0,0.0,0.0,0.0,0.0,0.0,-0.6392889560558803,-1.8015264264911781,0.1958563726439525,0.14233725316611628,-0.5006504072578504,-0.3262684243590801
1,3.6533492641750627,2.7258241723205234,2.7258241723205234,3.9712894300885107,1.0,0.0,1.0,0.0,1.0,0.0,0.9118681691368012,-0.31470350874131725,0.1352252738127946,-0.26577544664522945,1.9258023494610867,0.5169492125157327
1,3.4584070906032336,1.340614998463987,1.340614998463987,5.801065446153735,0.0,0.0,0.0,0.0,1.0,0.0,1.9488946366854178,0.6232269355118163,-0.14869943934333574,0.3728740856113793,-3.133573428444795,0.30912631109096533
0,1.8732525103794866,3.606209712953898,3.4403328144981877,3.606209712953898,0.0,1.0,1.0,0.0,1.0,1.0,-1.1154630127732512,1.9262815175233348,0.3414212535112798,0.5363585344338426,-0.13818555193114057,0.1573874847258746
1,2.826428166756031,3.18716395484351,3.18716395484351,2.045929216246699,0.0,0.0,0.0,0.0,0.0,0.0,0.7475215220365035,1.1679205371286079,0.28386191731477417,0.6158435241396514,-0.9776239578169725,1.7643402168733464
0,1.8434363699831955,1.8060704286107394,0.9103145041249455,1.8060704286107394,1.0,1.0,1.0,0.0,0.0,1.0,-1.627397938236281,-1.2350027009459057,-0.5791314653659605,0.14002554504723042,-0.37780198766505313,-0.7155434223841242
0,-0.18627170402383997,1.2524915610750877,-0.8951904802652788,1.2524915610750877,0.0,1.0,1.0,1.0,1.0,0.0,-0.5880213980292991,-2.7414975934393784,-0.7015968997380722,-0.2987759456608673,-2.137337129540518,-1.1776514282685828
1,1.5610042619274458,1.0764379376009472,1.0764379376009472,1.7115237573859368,0.0,0.0,1.0,1.0,1.0,1.0,-0.3484401319376056,1.1139820647288632,0.240371034260818,0.916158805938358,-0.4529767208075785,-0.5481494329310351
1,3.134362808000539,3.2746883430594935,3.2746883430594935,3.5976445040106477,1.0,0.0,0.0,0.0,0.0,1.0,0.9107879978386486,-0.2574452456034718,0.2569309685288768,0.4850697851734803,1.6967671938140905,-0.23548314303540807
1,3.0603516377273743,0.7894921985251376,0.7894921985251376,2.068227808230419,1.0,0.0,1.0,0.0,1.0,0.0,-1.10375595777516,0.8014163618983077,-0.08134481434787648,0.5914199670556051,-0.5679663441920372,0.6333454685697535
1,3.0188457750748308,1.1326423653646354,1.1326423653646354,3.742732442635597,1.0,0.0,1.0,1.0,1.0,1.0,0.7197003207591038,-0.15798543050201702,0.3698714302147585,0.2919106603786671,1.0518304375576661,0.16393649530506288
0,-1.6717051078548462,0.8733961305188862,-0.45611580055913536,0.8733961305188862,0.0,1.0,0.0,0.0,0.0,0.0,0.11198943725511809,-0.7188002189619082,-0.09951012969582695,-1.2010129737241073,0.7110360451158039,-2.009753183995619
1,3.670880236814566,1.659892480751112,1.659892480751112,2.9587571248228928,0.0,1.0,1.0,1.0,1.0,1.0,0.5929103974009501,-1.1336285669183859,-1.6396785814676829,0.18415701805199228,-1.4493464759389374,-0.35865487932633433
1,0.0648550182561346,-0.8044010432648964,-0.8044010432648964,0.2508417450868127,0.0,1.0,1.0,0.0,1.0,1.0,0.20526734598515775,-1.8789391740993282,1.8789493608283225,-0.2335738660423825,-0.7242437261985979,-0.0006516854975515268
1,0.09932245562367303,-1.8782173202926362,-1.8782173202926362,-1.3690317333920963,0.0,1.0,1.0,0.0,0.0,0.0,-2.3828978536046983,0.048133089210690434,-0.05608098406460381,0.19519543497087047,-0.2344744945688912,-0.17431888876885948
1,2.462086098237503,-1.1214959894368228,-1.1214959894368228,0.35481806807227245,0.0,0.0,0.0,0.0,1.0,1.0,-0.042581766866638227,-1.8856041633993739,-0.8860163751920145,-1.6753810949704708,0.5737498705066431,0.8337360751495095
1,8.921216154094363,5.831822141426353,5.831822141426353,9.258891966421247,0.0,1.0,1.0,1.0,1.0,0.0,2.9927484342494073,2.6815961262005623,2.4322362991678186,0.664020925343675,1.574703723398227,2.0725417123562377
1,2.049526482712211,0.8218360928244499,0.8218360928244499,1.0318636849087834,1.0,0.0,1.0,0.0,1.0,0.0,0.042214876664145216,-1.5334001366602363,1.7744775205316212,1.0059456577818655,-0.11472911438962552,0.17825722154173262
1,1.6362214114111333,1.8251090893840622,1.8251090893840622,1.765542585054959,1.0,1.0,1.0,0.0,1.0,0.0,-1.0498770486440494,-0.8688132634924117,-1.309383289778637,-1.5495807386886142,-0.5268109874719048,-0.9973842595926358
0,-0.05202742907964364,0.10077453911260958,0.6800421158437162,0.10077453911260958,0.0,0.0,1.0,1.0,1.0,1.0,0.2494189680931519,-0.14928277787831223,-1.0197933122457663,0.3796425680799645,-0.3582253057746512,-1.366443615126054
1,2.2023926040301873,0.19461344213258225,0.19461344213258225,2.7623447406278205,1.0,1.0,1.0,1.0,0.0,0.0,-1.3572554997743214,0.7156530330220022,-0.9597044975941489,0.6116407466760495,-0.6178746472068306,-0.31985408157214307
1,2.759190589314705,1.082377714792543,1.082377714792543,2.2770300172087494,0.0,1.0,1.0,1.0,1.0,1.0,-0.7803941729588406,1.0092497164560479,-1.2621937665089882,-0.619332455057083,-0.017615365097477853,-0.16133275671572267
1,1.7186418110311585,0.1862878206181388,0.1862878206181388,1.0133805160935485,1.0,1.0,1.0,1.0,1.0,1.0,-1.4337018595453344,-1.6205784368560372,-1.460170960267218,0.30428709547701605,-0.5822804024863376,-1.691307321146642
1,3.4337633078003305,2.272986297385449,2.272986297385449,1.0269888080362946,0.0,1.0,0.0,0.0,0.0,0.0,0.8803751948778104,-1.2690798130065255,0.5670476394595714,0.8492654990694333,-0.7692891629802183,0.20822576949739505
0,-2.7396134552594464,0.01625330600371655,-2.98807261460823,0.01625330600371655,0.0,1.0,1.0,0.0,1.0,0.0,-0.5527770231802702,-2.650978064206455,0.645936817653824,0.7191332933176278,-1.814573886033982,0.04432168145977433
1,0.6063803336212626,0.41336800831274906,0.41336800831274906,-0.44815144705900134,1.0,0.0,1.0,1.0,1.0,1.0,-0.010229860471449016,-0.3129107436190285,1.2989274659815713,-3.0980263674379387,1.2220690436871258,-0.4212261404398505
1,0.9439491791360801,0.7757662440908634,0.7757662440908634,2.887993350302251,0.0,0.0,1.0,0.0,0.0,0.0,-0.499243535513298,0.3518709805201512,0.7290521742549864,0.41485626274735204,0.9199438998949201,0.9717537773053566
0,0.9277974410796426,3.0164332169655883,2.581288573046197,3.0164332169655883,1.0,0.0,0.0,0.0,1.0,0.0,1.1997108589133247,0.7459852151773118,1.3480532034510622,-0.20989175587150444,0.46462143615372203,1.4395970747444102
1,3.058458149552194,0.571896229558791,0.571896229558791,2.689065301109629,1.0,1.0,1.0,1.0,1.0,1.0,-0.6207767791477821,-0.8380036310942123,-1.0903066631235758,0.5702877018798682,-2.389060360608384,0.48322446977813005
0,1.0246330309577922,0.10003374117750274,4.139831480961175,0.10003374117750274,0.0,0.0,1.0,1.0,0.0,1.0,0.962508239871453,0.1981991455772713,0.6254394617226102,-0.4062851546077966,1.1847330837170338,0.5162560312706732
1,2.730241851500256,1.5498300848313105,1.5498300848313105,2.719558326660975,1.0,0.0,1.0,1.0,0.0,0.0,0.22600653019373876,-0.8615909259145429,-1.0913412674375491,-0.2079033972222344,-0.31301365581221074,-0.47112462950290124
1,7.322349047028846,3.3074618186511433,3.3074618186511433,4.0000673767164745,0.0,0.0,1.0,1.0,1.0,0.0,1.3382168294452812,0.7075177872952969,0.30006225865313246,1.5753387501396052,-0.4589572695294426,0.5804167019366571
0,-2.53844488372334,2.205541399635184,1.3196526794783205,2.205541399635184,1.0,0.0,1.0,0.0,1.0,1.0,-0.16698891762779558,-0.9113669907732588,-0.23623026152012783,-0.21762308782777542,-0.891744963209644,-0.6585549742837382
1,2.337016941937052,-1.6745354591655652,-1.6745354591655652,0.08893090442941576,0.0,0.0,0.0,0.0,0.0,1.0,0.010260932150880557,0.09562889547937309,-0.18558956370126012,-0.5526384337899934,0.5475482969730293,-0.7501358453720214
1,1.714081604034554,1.3665229893660094,1.3665229893660094,0.9314315563210886,0.0,0.0,0.0,0.0,1.0,1.0,-0.6198518662449592,0.4512305066693483,-0.41381094938869234,0.9362170945109647,1.0045450975623549,-0.337426753940388
1,7.268952371581495,5.118820537702274,5.118820537702274,6.131944928921849,0.0,1.0,1.0,0.0,1.0,0.0,1.1613023783730136,1.5830602277326182,0.3200443126324631,1.345536455921693,0.26083594374598146,0.558941293705339
1,2.3004918843131206,0.5727175223079841,0.5727175223079841,3.0130401157681757,1.0,0.0,0.0,0.0,0.0,0.0,0.9686476714252393,0.8446521194871554,1.9304040627277455,-1.845793288629444,-0.15820148748032958,0.04717220546959322
1,5.460609002240949,4.411806363522096,4.411806363522096,5.63161968219279,1.0,1.0,1.0,1.0,1.0,1.0,-0.1536041860062275,0.7894598370689074,0.8360410583334628,1.6682088751098365,0.6218333085964376,1.199075557740792
0,1.179262077370369,2.526366836351017,1.1497864418669799,2.526366836351017,0.0,1.0,0.0,1.0,1.0,1.0,-0.6720784827815312,-0.39637423443729697,-1.195771018002652,0.5688451296176039,1.0002953993487702,0.4359356942302684
0,-0.4604718325715045,1.6323788173701306,-0.5372541148822683,1.6323788173701306,0.0,0.0,1.0,1.0,0.0,0.0,-0.2786662027254897,0.4658867904342071,1.0611113778709196,1.0606905073368098,0.3201933086296981,1.74775378092385
1,2.545845213918349,2.6926386568187084,2.6926386568187084,3.03660345684114,0.0,0.0,0.0,0.0,1.0,0.0,1.9603841896857794,0.28868406086428,0.9393455479673604,-0.9201023708057361,-0.10395401077804473,1.0186324028747507
0,-0.25384460544944976,-0.3820956975862555,0.9753309033396258,-0.3820956975862555,1.0,0.0,1.0,1.0,0.0,1.0,-0.5977717840591534,-0.865209260066775,-0.0074026976701282304,-1.729569373742987,0.017302698470568423,-0.538513963258056
1,1.1452983750555839,0.9470168330695748,0.9470168330695748,2.5231661588836625,1.0,0.0,0.0,1.0,1.0,1.0,-0.799876942442032,0.7780325910309158,1.2068234460690384,1.1950287207924215,0.9414448672865183,-1.4486519210891933
1,4.114746257125836,1.160814057158987,1.160814057158987,4.196413701476314,1.0,1.0,0.0,0.0,1.0,1.0,0.7385908320945681,-0.12645655735519795,0.32299793035204033,0.5071208036949252,-0.7702912445872707,-0.3641049363846768
1,2.7784690241476877,-0.5773519890056518,-0.5773519890056518,1.065379613299431,0.0,0.0,1.0,0.0,0.0,0.0,-0.20946493933031488,1.4573398264113897,-0.7975049329654704,-0.8061239563294804,-0.8086556691795961,-1.734683359396652
1,5.624764434783827,1.3019996997739733,1.3019996997739733,2.4736773203427376,0.0,1.0,0.0,1.0,1.0,0.0,1.1335706352452242,1.186968989988405,1.068075183751653,0.20791826549927928,0.2860591579275302,3.2917944572519757
1,1.7821918766112967,1.9835090182834254,1.9835090182834254,0.22051131349773234,0.0,0.0,0.0,1.0,0.0,0.0,0.2617827770211581,-0.08574822536268434,-0.16188721171468407,-1.2255113302339036,-0.5253416271876461,-0.205619857257769
1,5.212316175972282,1.3640652700210172,1.3640652700210172,3.234333526899511,1.0,1.0,1.0,1.0,0.0,1.0,0.7735838067142878,-0.3165981707434732,-0.6076411059661001,0.06913408244712343,1.2894359207695067,0.26050912457453623
0,1.6661247268715194,4.382541562186547,3.454535866212344,4.382541562186547,1.0,1.0,1.0,1.0,1.0,0.0,0.007250739436280919,-0.38830779494976136,-1.2050524648877234,0.2138523085695682,-1.1961918545827928,-0.869518466983376
0,2.5600304289225475,4.292973334509286,1.5128769758510106,4.292973334509286,1.0,1.0,1.0,1.0,1.0,1.0,0.7011011949048331,-1.1515889220221582,0.12561383116494945,-0.8417439322165587,-1.5766843912673876,-0.12606365305192413
1,1.6209056467104022,-1.9122001532422155,-1.9122001532422155,1.6812901251878622,1.0,1.0,0.0,1.0,1.0,1.0,-0.8441796823005505,-1.8561983163327753,-1.0570697075555304,-1.5230874907183245,-1.2412513589613445,-0.9924870093956397
0,0.2977574856130745,1.3579060391360105,1.3620499409136926,1.3579060391360105,1.0,0.0,0.0,0.0,0.0,1.0,0.15587365116004237,-0.3355592985670839,0.7118102113341257,0.24340055220458456,0.32284496039696287,1.2410254740123166
0,2.4757722210582096,3.3026942458113875,3.1445481992370263,3.3026942458113875,0.0,1.0,1.0,0.0,0.0,1.0,1.1288390003132598,0.21226241085058783,1.1002340725758994,1.4669425363378992,0.48189798788370863,-0.7660429466338377
1,7.364809909093355,4.0662146037087465,4.0662146037087465,7.9617012297019025,1.0,1.0,1.0,0.0,0.0,0.0,1.7893801996526177,0.11238070513755832,0.4543496167377421,1.3500140718475724,-0.19837392664530495,0.688194878322359
1,2.781165668915733,2.607625722889777,2.607625722889777,5.3027376165604405,0.0,0.0,1.0,0.0,0.0,0.0,0.7409305499576718,1.2108521748828176,2.706424212471231,2.513063557757299,1.4271222379261204,0.9179697707192885
1,2.2319917186827714,1.9122313815525027,1.9122313815525027,0.8345827644162147,1.0,1.0,1.0,1.0,1.0,0.0,-0.603482381536244,-0.5385062851103268,-0.09786535253618517,-0.6498578597254349,-0.9742671260865209,-0.6811474969319496
1,2.1897748507673684,0.5490711249008768,0.5490711249008768,1.8302135622771363,1.0,1.0,0.0,1.0,1.0,1.0,-1.386207318592005,-1.083231206881953,-1.0754103717522572,-0.04330220342586637,0.1994329203540317,-0.9084706752245915
0,2.1882864730775067,-0.1558414836599762,1.3506931423148114,-0.1558414836599762,0.0,1.0,1.0,1.0,0.0,0.0,-0.8853151694753498,0.3122754040739412,-1.2449965283635018,-0.743806887702221,1.513308464517516,-1.2300379726315882
1,5.152231005443461,5.424376478039801,5.424376478039801,6.261568913099404,1.0,1.0,1.0,1.0,1.0,1.0,0.5423491063065012,0.09684828294207248,0.27953924195287266,1.0953552577883963,1.2594999229010204,0.5647543588663272
1,4.682118326244559,2.8566454950823434,2.8566454950823434,6.593773702033445,1.0,0.0,0.0,0.0,1.0,1.0,1.1816727933846007,0.9971600003813104,-0.6452430034507992,0.023805591094777145,-0.5434675305174027,1.0340062370634915
0,-1.2984698123198575,0.09064269748785969,-1.6090583609361435,0.09064269748785969,0.0,0.0,0.0,1.0,0.0,1.0,-0.9058819234325481,0.3149845219789518,1.1776883521584136,-0.5938571389799081,-1.2150281101582043,0.013194069457121954
0,1.2278797338469198,2.8335744214341467,0.6201440255149814,2.8335744214341467,1.0,0.0,1.0,1.0,0.0,0.0,-0.9417701155707473,0.8438763760533159,0.295330647534118,0.16534553498166787,0.5494798644176189,0.3278632858744005
1,2.7527633808274556,1.883184554589492,1.883184554589492,3.030110198015501,0.0,1.0,1.0,1.0,1.0,1.0,0.2837413842195448,1.1639968243819607,1.6186278151252278,0.6424800674135569,0.6918239701542985,-0.14321684157356818
0,2.9910396425684054,3.5082333797917014,3.3678590626752896,3.5082333797917014,0.0,1.0,0.0,1.0,0.0,0.0,-0.3472102652233351,0.8229008482298406,-2.0927419778949914,0.05112101947051961,-0.028047179315814783,1.3987914491885243
1,3.713078474955702,3.95325253027068,3.95325253027068,2.7042766845963455,0.0,1.0,0.0,1.0,0.0,0.0,1.3862423792286542,0.9394452548292328,0.8138427509511766,-0.45596805078803815,0.7469460409942255,0.14700539643612498
1,2.7645197907672543,1.5971082759445314,1.5971082759445314,3.9793803506926566,1.0,1.0,1.0,0.0,1.0,0.0,-0.3155354716969528,-0.6280029620506988,-1.6415588414548339,-0.3393209860534881,0.6581918063253813,0.2636675131551309
1,3.1276327270614526,1.8319663343380002,1.8319663343380002,1.7902821895798395,0.0,0.0,0.0,1.0,1.0,0.0,0.16729930494486553,0.6351814169941936,-0.016480428291847635,0.444836187525587,-1.0111885222712138,1.2738934862258406
0,6.749650035356108,9.861567397251807,5.983391784004523,9.861567397251807,1.0,1.0,1.0,1.0,1.0,0.0,1.868452376110596,1.6360286683036065,0.5296047901282943,2.187036350684026,0.881877382379465,1.954139721511174
1,2.3518700025209722,-0.5482065740496789,-0.5482065740496789,2.238075193443895,1.0,0.0,0.0,1.0,0.0,0.0,-1.5738595007996248,0.28638674317838286,-0.9645881502016772,-0.612352989953694,-1.4650318314091255,-0.5784018701615136
1,2.6464908470308686,1.0379998218987931,1.0379998218987931,2.9275517588100533,1.0,0.0,0.0,1.0,0.0,1.0,-0.26043064210108235,0.549287582215659,-0.7470050284272507,0.048588083965735857,-1.1138642127929104,-0.4302665913877953
1,5.2069589852912435,3.5377297288006577,3.5377297288006577,5.987003672193287,1.0,0.0,0.0,1.0,0.0,0.0,1.2579154318200743,1.3069315951234606,1.4621599275849846,1.931862662086458,-0.968044948748968,0.16595303217511204
0,0.9090179281152062,1.4432372374602733,0.7347343136228206,1.4432372374602733,1.0,0.0,1.0,0.0,1.0,0.0,-0.16846494706687762,0.6760181608308651,0.9318246723539731,0.22718130492384286,-1.0859971660385805,0.28442382587090687
1,1.2346831560416807,-0.8015552265737518,-0.8015552265737518,1.5054165762598168,0.0,0.0,1.0,0.0,1.0,1.0,-1.5295541414964158,-0.6986919683232675,-1.0687438515350736,0.5783613808521773,0.23597907681668112,0.4510177183820401
1,0.5299743555363698,-0.1302667218996887,-0.1302667218996887,3.063617438992853,1.0,0.0,0.0,1.0,1.0,1.0,0.11142331314010337,-0.13796752783931154,0.5471855739121152,0.41992577338097153,0.7863556501340468,0.9679473831338186
1,-1.0586696794262576,-1.2828646881653383,-1.2828646881653383,-1.6054248710364833,1.0,0.0,1.0,1.0,0.0,0.0,-1.827561207839102,-0.6959278039254416,-0.19681660356788538,-0.386856964777185,-2.0530522440840446,0.6285397867045849
1,-0.04281551717661869,-2.658452404055856,-2.658452404055856,-0.42025018439217154,0.0,0.0,0.0,0.0,1.0,0.0,-1.1303676447944027,-0.6640955413704811,-0.07975319161215966,0.12096366200069794,-1.2030757128304068,-1.4977332844495015
1,1.2708651286232167,0.6599538707504712,0.6599538707504712,3.8924567451868928,0.0,1.0,0.0,1.0,1.0,0.0,1.3208504838383595,-2.418688607709666,0.6083476784797488,-0.5190335266633818,-0.13970892679755983,0.28433508574802363
0,2.4779641087607525,4.078761679731022,2.397480344602621,4.078761679731022,1.0,1.0,1.0,0.0,1.0,0.0,-1.1619536999902456,1.834356488751733,2.3268349062224276,0.9101573008020702,-0.7306955347868138,0.31422865702966885
1,0.6382272533606883,2.400839056789346,2.400839056789346,3.547872597204688,0.0,1.0,0.0,1.0,0.0,0.0,1.44980398936666,-1.148561015905685,1.2978733911277207,-1.1630348520625948,0.6490983713324068,-0.16090011733409493
1,2.6082667390784593,0.6343753941844535,0.6343753941844535,3.9918236638254276,1.0,1.0,1.0,0.0,1.0,0.0,-0.02355753254728417,-1.9141299753946144,-0.45337668506414114,0.5463725406753661,-0.05954695202036159,0.15764714490741422
0,1.2709477727870315,1.168449343323835,-1.2508024329963057,1.168449343323835,0.0,1.0,1.0,0.0,1.0,1.0,-0.7474679982820907,-0.681471832393902,-1.0892613650771068,0.7238659501963439,0.5471655348816715,-0.09990109282018478
1,4.36512749123589,3.6970676208104742,3.6970676208104742,5.1464859608243785,0.0,1.0,0.0,0.0,0.0,0.0,1.490776034205479,0.9692808559746366,-0.08259340841940974,1.8167215518435886,1.039574337936753,-0.7304707675898758
1,-1.6685527750835674,-4.566469383737985,-4.566469383737985,-0.7015647771654164,0.0,1.0,0.0,1.0,1.0,1.0,-1.4501838684120585,-1.5721227077275934,-0.44497524419112594,-2.2228895069502066,-1.9632316942809644,1.157368271625229
0,1.1670596359947574,2.217452033053327,-0.5449172878799463,2.217452033053327,1.0,0.0,0.0,0.0,0.0,0.0,-1.4429049099975382,0.24240944616494664,-1.5235356707979169,-0.8167386234349832,-1.9006318664082682,-0.10698642089670585
0,3.3273178457935937,4.677078924130109,3.7734065504257606,4.677078924130109,1.0,1.0,1.0,0.0,1.0,1.0,0.8119617290439913,0.36310955650059196,1.1249103356228236,-0.3110173053445535,-0.5181824303961367,-0.7173865939819998
0,-0.3961973115549293,1.1046344283979228,-0.18093965946726187,1.1046344283979228,0.0,0.0,1.0,0.0,1.0,1.0,0.3054134669920918,0.3386203328296374,-0.07627577411708347,-0.5277761457568524,0.35831442724468554,0.4539902587787483
0,-0.817485277292604,-1.844906113198238,-2.2231351980543725,-1.844906113198238,0.0,0.0,0.0,1.0,0.0,0.0,-1.3279016357070288,-0.5031400984315689,1.0571840658998157,0.6781067413782109,-0.49338303051660726,0.14940544915531478
0,-0.5754757418856883,-0.7934944804635597,-1.1023848810323897,-0.7934944804635597,0.0,0.0,1.0,0.0,0.0,1.0,-1.6153956239077523,-0.6349060180221712,-0.3274119514773534,0.8370976593597996,-0.9638181586892218,-0.2347250862624384
1,-0.24306386145532732,-0.03238354808428953,-0.03238354808428953,0.2071784605902447,1.0,1.0,1.0,0.0,0.0,1.0,0.1951411651089809,-2.1137929258351797,1.3904000825433163,-0.4446066449253331,-0.8171392947007585,-1.722150936380506
1,1.7667499024750066,-0.1460667260209112,-0.1460667260209112,1.2335388099481124,1.0,1.0,1.0,1.0,1.0,0.0,-2.2062514237735296,0.34718651269625905,-0.6068331411939991,-0.3793867911259327,0.3833034591574344,-0.09248267976133795
1,3.0290422761233593,0.8668385780361558,0.8668385780361558,3.868955482890942,0.0,1.0,1.0,1.0,1.0,0.0,-0.0154892344074333,0.05775313192737208,-1.497848165251679,-0.7600448154585445,-0.589943670401825,0.6100849175934198
1,-1.7334876552034681,-2.401785548493544,-2.401785548493544,-1.3133946012928277,0.0,0.0,1.0,0.0,0.0,1.0,-1.152673736371417,-1.2509139209947127,1.1522322386913513,-0.21092050625104092,1.9282988225347881,-0.36237188081072647
0,-0.15939206420707253,3.038380532774654,1.8161711556309883,3.038380532774654,0.0,1.0,0.0,0.0,1.0,1.0,0.5497421162969715,0.5144211302779418,-0.8391856272377937,-0.9546441683663052,0.2222077725990259,-0.8224079894070373
1,1.748974896532272,2.083499104881874,2.083499104881874,2.560277749108388,0.0,0.0,1.0,1.0,1.0,1.0,0.09777914344943181,0.09878244504915787,0.29541092653034945,-0.2010538074450955,-0.6906891228299055,1.30520548643995
1,2.5337716818739766,3.0962329039660457,3.0962329039660457,3.3174733634965454,0.0,0.0,0.0,0.0,0.0,1.0,0.6879643174572304,1.05910031761043,-0.18868906540950536,0.5436038104723911,0.4111005471481517,0.4225322823868174
1,0.9148455344334914,0.9468723855344504,0.9468723855344504,0.3684060472498803,0.0,1.0,1.0,0.0,1.0,1.0,-0.9736022462938215,-0.6883995766283371,-0.2267538427898848,0.2764786857793404,-0.02201437587172622,-0.8662020492761366
0,2.534446678957679,4.870970749987741,3.2349113771255293,4.870970749987741,0.0,0.0,1.0,0.0,1.0,0.0,1.2214917053481118,1.0904620004469172,1.1917902867379595,0.6303132311294375,1.2703178259794354,1.0463898439638113
0,-2.70185352220234,0.48856782051848346,-1.0812771287245408,0.48856782051848346,0.0,0.0,0.0,0.0,0.0,0.0,-0.793063164823487,-3.021847916925523,-3.5653769785604235,-2.2239871877495307,-0.133646547624084,-1.4726492090253567
0,0.09224960068148347,-1.3017900291817084,-0.27556318178038486,-1.3017900291817084,0.0,0.0,0.0,0.0,0.0,1.0,-0.00876994174524111,-1.1379720356530945,-0.40764998549192516,0.030343299503411338,1.3222667413851146,0.1377333790512944
0,-0.40141506170198216,-1.2342199015886748,-2.1584496348718987,-1.2342199015886748,0.0,0.0,1.0,1.0,0.0,0.0,-0.3230283561022068,-0.9891379844297126,0.36777336425171425,-0.6438308264770054,0.13598463765756247,-0.8129539262021401
1,2.3136466920883985,1.098532177833316,1.098532177833316,2.2386416933234976,0.0,0.0,0.0,0.0,0.0,1.0,1.0944269478217519,0.29117014444630374,0.23382088288524258,0.04113566254226522,-0.03189004223643796,0.17930056262115576
0,-0.7956365907544476,1.1632291870617806,-0.46585916889821677,1.1632291870617806,1.0,1.0,1.0,1.0,1.0,1.0,-1.307712390500433,-3.1449654405925447,-0.5227567051204635,-2.1337440451867105,-1.7459327073982258,-0.9966228066240672
0,1.2557701037596813,3.0204788668212617,1.913424027834366,3.0204788668212617,0.0,0.0,0.0,1.0,1.0,0.0,0.7568073806233514,-0.1927430204306504,0.49929851978699286,1.522104963217491,0.9676865815420939,0.0719882309763833
1,2.9372955513178853,3.5022735663557523,3.5022735663557523,2.67183632099376,0.0,0.0,1.0,1.0,0.0,1.0,0.8682822594421498,0.004347708186514088,0.8844321712328416,1.3822053619334458,-0.9225050144735019,1.4473995121623169
0,2.753117443533358,4.063139312286237,0.6160871921408151,4.063139312286237,0.0,1.0,1.0,0.0,1.0,1.0,-0.3222036807301982,1.400370224040179,0.1462480377145692,-0.7290040531395939,-0.3672395837889788,-1.812641709693332
1,6.058948638707879,2.0287030698896675,2.0287030698896675,4.890523479416872,1.0,1.0,1.0,1.0,1.0,1.0,0.8238996393230879,1.0695389201991,0.5414632718049203,-1.4587172744489405,-0.6987728235754388,-0.41623365308228333
0,4.053203079294435,5.072865994493209,3.0547885063637925,5.072865994493209,1.0,0.0,0.0,0.0,0.0,0.0,0.8958944392077428,1.1096787734589837,-0.7300184894010169,0.6132957288264473,1.2157798352082754,0.17782161405973404
1,4.544595745699428,1.9299329158923,1.9299329158923,4.932896735215239,0.0,0.0,0.0,0.0,0.0,0.0,1.0747571575788095,1.3922037657950936,-0.27361644489938153,-0.5190229442614626,-0.061047628401727574,-0.1711661504935677
1,3.2474683486888045,3.6423872757914233,3.6423872757914233,5.191311621602445,1.0,1.0,1.0,1.0,0.0,0.0,0.36313328610339657,-0.40809392728795935,0.2868879317169327,1.0136021055171371,-0.40852582815137056,1.6731687184010784
1,5.457632726185211,3.869011814912665,3.869011814912665,7.1114605241247535,0.0,0.0,0.0,1.0,0.0,0.0,2.347312491386015,0.5620351212986935,-1.2435796119745797,1.7654789795121792,-0.6929418772791658,0.23819111572446713
1,1.0590595850605193,1.353423979627846,1.353423979627846,2.3020636231487765,0.0,0.0,1.0,1.0,0.0,1.0,-0.2597595720520764,0.8875921969827824,0.5978692034102083,1.219573163936377,0.008384925323624948,-0.15932132569837348
0,1.236301123230807,2.09340586733723,1.2690622738090556,2.09340586733723,1.0,1.0,0.0,1.0,0.0,1.0,-0.5942999777796424,0.2169275397595669,-0.06252231317377227,-0.44359179183874375,-0.6167451882946199,-1.2768173982803315
1,4.121726451585875,2.4091192192746878,2.4091192192746878,4.015603628103574,1.0,1.0,1.0,1.0,1.0,0.0,-0.7889401410911314,0.7934046129385138,-0.23014189543674907,0.7122056410879644,0.17422604109136353,-0.8318285578353722
0,-1.3774084913800828,0.5715123380235252,0.33648910787647335,0.5715123380235252,0.0,1.0,0.0,1.0,1.0,1.0,-0.7235708613828429,-0.6336829558749367,-0.15919547380910215,-0.7532885347344898,-2.539363017364902,-1.9744281039480396
1,0.4263807807639277,-1.6702773829910897,-1.6702773829910897,2.175873384284877,0.0,0.0,1.0,0.0,0.0,0.0,-1.0241333699938837,0.04520086848554339,-1.2296665216011666,-0.22488815424256864,0.33995540429316284,-0.8106229021367308
0,-0.23333293354051388,0.6030799416154017,-1.5401417305647112,0.6030799416154017,0.0,0.0,0.0,1.0,0.0,1.0,0.012965559086357084,-0.19566267362372097,1.1415904828752579,0.2189153069611275,-0.15510310141663508,0.019191454579104206
0,1.8235636609547181,4.4121217734889315,1.8379510743162697,4.4121217734889315,1.0,1.0,0.0,1.0,1.0,1.0,0.12053777489924392,0.7230269338229733,-0.20459696760146207,-0.3320704919036376,0.6038702834459633,1.1408625208569059
1,0.48733517779833024,1.2795522959011139,1.2795522959011139,2.217766358371254,0.0,1.0,1.0,1.0,1.0,0.0,-0.9838763232009733,-0.620826730747446,0.2320530123572362,1.1279263059045068,0.6765171418190996,0.6773853431117596
1,2.0996772793859844,0.730929201828814,0.730929201828814,0.9522879367908732,1.0,0.0,1.0,0.0,1.0,1.0,0.9197740924417123,-0.5344137693329721,1.9275018843314937,-0.23691601170622256,0.6331188552018495,-0.7824769696341862
0,2.7110739415767413,4.79894288651702,2.330193498834722,4.79894288651702,0.0,0.0,0.0,0.0,1.0,1.0,0.5381887549837059,1.9164478489999417,0.6637819913598169,0.3104726983393411,0.4703286122340291,3.519008326255802
0,-1.3422209540470749,-0.1266242220669572,-1.0369942326878507,-0.1266242220669572,0.0,1.0,0.0,1.0,0.0,0.0,-0.5418065440389717,-1.0264642712502838,-0.5377184387172301,-1.082003470038599,-0.6110152333310075,-0.7818248428995783
1,4.626125668224012,1.7374638843628731,1.7374638843628731,4.027125699392626,0.0,1.0,0.0,0.0,1.0,1.0,0.7464481179901776,0.9151245532667007,1.50755220657244,1.1157328342238806,-0.4344250243917329,0.05328520992167107
0,-2.21352445804212,-0.16982167499476863,-2.8666502986405966,-0.16982167499476863,0.0,0.0,0.0,1.0,1.0,0.0,-0.8727342270258367,-0.9685207499705062,0.17744116971772833,-1.7026348705562644,-0.26159820554098157,-0.5525206375046022
1,2.1764719585969594,1.5456860739118448,1.5456860739118448,1.5677310241825377,0.0,0.0,1.0,0.0,1.0,1.0,0.44588576714441785,-0.5804415159839225,1.005922722930087,-0.8439981704221711,-0.15599755825418402,-0.3967750908567147
1,4.184102519953233,2.3481875776318244,2.3481875776318244,1.4240866855558194,0.0,1.0,1.0,1.0,0.0,0.0,0.8647484593703305,-0.5198675928948338,-0.587782433391635,1.1127967677307256,0.04861156607062167,-1.4098866612111922
1,2.5108431042206303,0.4742188149202093,0.4742188149202093,0.9649648784247146,1.0,0.0,0.0,1.0,1.0,1.0,-0.040329638834530925,-0.6935022911797781,0.4184458967883389,-0.5456862175822104,0.3108724000926402,-1.6105213413744113
1,1.962734643844032,-0.7780370256329654,-0.7780370256329654,-0.3200237033722966,0.0,0.0,0.0,0.0,0.0,1.0,-0.8059006228528511,0.8478345283640021,0.5954419751179221,-1.1600659241805633,0.7482619574793747,0.3926790028761584
1,4.601123172901876,3.914539185024534,3.914539185024534,3.8469085529112155,1.0,1.0,1.0,0.0,1.0,1.0,1.5069941757390386,-0.7769062835320859,1.0054088131288275,0.5022537922533201,-1.6796976306455682,-0.4451892132613953
1,-0.3954552357483601,-1.3662135570197396,-1.3662135570197396,-3.139157886485566,0.0,0.0,0.0,0.0,0.0,0.0,-1.4248959598168176,-1.6500213757526034,-1.50748890658438,-0.4612136879740088,-1.179130658199193,-0.3433482271241878
1,3.980241805636807,1.3726257654849179,1.3726257654849179,3.5279220119845403,1.0,1.0,1.0,0.0,1.0,1.0,-0.4678077297132138,0.09585975767598559,-0.45341253227125033,-0.48038526313588414,-0.3228924000179306,0.3649997227040385
1,1.4825959276370853,1.7079997077953673,1.7079997077953673,4.086545174763036,0.0,0.0,1.0,1.0,1.0,0.0,0.26410939779044934,-0.32867358573317906,0.17722955201541635,0.8754182906344552,1.4816980474375514,0.6958719204906413
1,0.9766282061077816,-0.2342279146978763,-0.2342279146978763,1.122344874344876,1.0,1.0,1.0,1.0,1.0,1.0,-0.6538798293957794,-0.42301799631914383,0.9458985443733773,0.12521800452772153,-0.22755684615363322,0.3891637640801683
1,0.7403341460513637,2.2348578132527823,2.2348578132527823,2.615540957093871,0.0,1.0,0.0,0.0,0.0,0.0,-0.7274461882974183,1.6533432881676609,1.117265395593814,-0.1331963041128213,0.1505229748425615,0.17333229290788255
0,0.6674024961762379,2.866220320339342,0.97299642280508,2.866220320339342,0.0,0.0,0.0,0.0,1.0,0.0,0.3212353946282919,0.4022375335547624,-0.2894412917377719,0.6109540323179488,0.014805420960711413,-1.944790043962859
0,0.8263435232300915,1.4030540113064431,0.28112950339897713,1.4030540113064431,0.0,0.0,0.0,1.0,1.0,0.0,-0.5873072181978336,-0.349968535078475,0.2314595735877017,-0.5195576768935183,1.9461567564579036,-0.1320946109756886
1,2.3450710267607846,0.5494371590500148,0.5494371590500148,1.628554339669087,0.0,1.0,0.0,0.0,1.0,0.0,-0.19007890270972483,-1.1241001182438293,-1.8474876895326635,0.5506804079097982,-0.5432564240776829,0.550507603849977
1,1.8416373918238904,0.5072554151562851,0.5072554151562851,0.690498855365848,1.0,1.0,1.0,1.0,1.0,0.0,-1.13804307506924,0.12617646913530678,1.4768319414303144,0.4254059602971831,0.2955472076733927,1.4082835124118929
1,0.5527789301228306,-0.8878868084580986,-0.8878868084580986,2.333634020936413,0.0,0.0,0.0,0.0,0.0,0.0,0.566906387418863,-0.43876687245327006,0.11913979198897817,-0.5962687994295838,-1.3325573832195379,-0.8621700647970154
0,2.2153882659623676,2.852446193761387,1.152131271845073,2.852446193761387,0.0,0.0,1.0,0.0,1.0,0.0,0.6664152556287718,1.1377334045225738,-0.701457757178385,-1.1677826088304797,-0.46616129790988475,-0.5763516330626335
0,0.1039510111790388,0.28026606588894143,1.8466272199398817,0.28026606588894143,0.0,0.0,1.0,1.0,0.0,1.0,-0.056174250837640556,0.09545057259599565,1.4087719813708572,0.43653271955124096,1.20263959810211,0.9321142371724549
1,7.360860044121317,4.044243417068287,4.044243417068287,7.439356880006436,1.0,0.0,1.0,1.0,1.0,0.0,2.2408703250576165,1.214626411400314,0.9668833056067287,0.2581749877165088,1.1585561308786452,0.9546784949806222
0,1.3993104148828444,1.731909331982215,0.43378660785924683,1.731909331982215,0.0,1.0,0.0,1.0,0.0,0.0,0.3471332246135613,-0.37910373557122656,0.5660974937930477,1.124611172717405,0.8414199593813971,0.5487110378494258
1,-1.5297836890458072,1.4656863936209046,1.4656863936209046,-0.8154533822406097,0.0,1.0,1.0,1.0,0.0,0.0,-1.8695305118953538,-0.697338826167153,-0.9387919877319606,0.20205577194327462,-0.4924914782807234,-1.719111337709267
1,5.535171000215114,0.32856182053934235,0.32856182053934235,3.8155717587264326,1.0,1.0,0.0,0.0,1.0,0.0,0.32441487609416836,0.5922444934629463,0.6408680324404918,0.33752082135939315,-0.17210786861647864,1.5327084638063397
1,1.8572356720854135,1.545417111218924,1.545417111218924,2.3354068130110517,0.0,0.0,1.0,1.0,0.0,0.0,0.9674393263429696,0.2189864684706592,-0.53707698106249,0.9166041100463367,-0.6531179276099186,-0.4783405849156035
1,1.430203690563668,1.6404377323539499,1.6404377323539499,2.7446187279096446,0.0,1.0,0.0,0.0,0.0,0.0,0.16309081830395317,0.7674082962516116,-0.2996940216310139,-1.8449185294918147,1.1187230537196087,-1.405148653056772
0,5.151587682574363,10.648179224282488,7.1596812152786615,10.648179224282488,0.0,1.0,1.0,1.0,0.0,1.0,2.3001799902604922,3.2587654697174915,0.8452587471123068,0.01709622123693577,1.358745659683605,0.6322661489494015
1,2.331734011201547,-0.31003948035933365,-0.31003948035933365,0.5186526923569847,0.0,1.0,0.0,0.0,0.0,1.0,-0.08382670502286466,-0.2631139197593359,0.19199769800278887,-0.003242463103425214,0.1322248042138772,-0.023839168384077767
1,2.1403845938702846,0.9904378759090606,0.9904378759090606,2.1815675879425886,1.0,1.0,0.0,0.0,1.0,0.0,-0.5364811947587262,0.6122334693491565,1.3473940253245693,0.6855289569180207,-1.453145031549965,-0.5541821125277971
0,2.151907153990564,3.8344337200230387,2.9479908997526008,3.8344337200230387,0.0,0.0,1.0,1.0,1.0,1.0,-0.4177912972235159,1.112009659310996,0.06306859752364108,2.6684580797394695,-0.6940525443171226,1.0309218040786274
1,4.79155899868616,1.7703943407581733,1.7703943407581733,3.4061626207831366,1.0,1.0,0.0,1.0,0.0,1.0,0.15575396973665245,0.8016752796760441,-0.38303505339177235,-0.3931228070978295,0.2522905839595379,-0.45718242186259533
1,4.893888852189337,2.1675410082679054,2.1675410082679054,4.762963197255986,1.0,0.0,0.0,1.0,0.0,0.0,1.434113040350085,-0.345834107865872,0.09108669393291774,0.015168808641477963,1.3974381379109513,-0.058795393556724584
0,2.286514359383947,5.396820549846026,2.744578711696099,5.396820549846026,1.0,1.0,1.0,1.0,1.0,1.0,0.36393634939522346,-0.6456375331661596,-1.1919303514428674,-1.1194338141738656,0.8384484910722572,-0.0293806614370688
1,5.55228833392363,2.8725522965569117,2.8725522965569117,7.090729146073061,1.0,0.0,0.0,0.0,0.0,1.0,1.2691299815691752,1.2119327539192548,1.0576598546512284,2.5062219363865577,1.3864398943138616,0.12634090944084708
1,1.7219109399717154,0.6902787451430987,0.6902787451430987,2.58599852822894,0.0,0.0,1.0,1.0,1.0,1.0,-0.1408477741766039,0.21501621399012108,-0.03870150864602104,1.2616638118250798,0.01868491958083196,0.1817355444705446
1,-0.3303436755987219,0.15445568159370446,0.15445568159370446,2.05972482732107,0.0,1.0,0.0,0.0,0.0,0.0,0.4685843301921906,-0.3571451342636641,1.4999576546154152,-0.7159459147040236,2.407212226211533,0.43876025873538926
1,-0.7776567316626785,-2.547441106301384,-2.547441106301384,-1.553667392108863,0.0,1.0,0.0,0.0,0.0,1.0,-1.7186429009195296,-0.932392370050302,-0.5446140118777003,-0.4167210938963266,-0.9301180302563847,-1.6954406455068591
1,3.1403615716125044,1.3973844346165072,1.3973844346165072,2.4268331243751176,0.0,0.0,0.0,0.0,1.0,1.0,0.8485079786892622,0.21481109901137063,0.011737453435093692,-0.25807567025076533,1.6720225275527225,0.2560711067197309
1,5.000667995006511,0.6125906823877383,0.6125906823877383,2.341576105475154,1.0,1.0,0.0,0.0,0.0,0.0,-0.8437299376451189,0.24067850339532593,-2.191199015933326,0.8045005601265875,-0.4522381961578422,-0.1395795203518988
1,5.005710508344663,3.1779338570581874,3.1779338570581874,4.303697725626877,1.0,1.0,1.0,0.0,0.0,1.0,1.727586596017277,-0.717412310842781,2.00990128915838,-0.030080762596290278,1.4274183188492144,0.5054756642293128
1,5.754911909686307,4.384253887668329,4.384253887668329,3.960348258161049,0.0,0.0,0.0,0.0,0.0,0.0,0.8860615851729858,0.9947054159302133,-1.93174583526243,1.2827372793347622,0.18546302655801766,0.9761692869289871
0,0.4536086973889751,2.0469284417530837,-0.12346756462359959,2.0469284417530837,0.0,0.0,1.0,1.0,1.0,1.0,-0.3801802430126189,-0.8940294226868979,-1.8858015501438308,-1.0975507023123918,-0.4057385417669558,-0.2270874365731802
0,-1.7153030344371327,2.143089828133849,-0.9924475112320996,2.143089828133849,1.0,0.0,0.0,0.0,0.0,0.0,-0.46653741194281617,-0.4338587629806526,-0.9254386902338791,-0.5730044131302421,-1.6317199699403733,-1.3483294913127808
0,-1.057723838749668,-0.6759146823623581,-1.3427732642658912,-0.6759146823623581,1.0,1.0,1.0,1.0,0.0,1.0,-2.4164417206920312,-1.1896885858853945,0.09512329609859027,-2.0350314021898965,-0.953665235503254,-2.5408200485695023
0,-0.09771974862532229,2.1726861518373766,0.8888070368910808,2.1726861518373766,0.0,1.0,1.0,1.0,1.0,0.0,0.07048497889675405,-2.0162259082176552,0.04726196437389196,-1.5106739026322487,-0.8748738390654633,-2.155944647520304
0,-0.42460709075119096,0.3196180893677215,-1.6373736971035115,0.3196180893677215,0.0,1.0,0.0,0.0,0.0,1.0,0.11258969014673838,-0.8143777522389137,1.7187048548886963,-1.3341540763795838,-0.09779576175258464,-1.3939957203248026
0,0.6206034781395275,1.521967598873625,-0.9925439456031635,1.521967598873625,1.0,0.0,0.0,1.0,0.0,0.0,-0.6879838355986923,-1.3875285359792735,-0.3697143404336227,1.3574324984893482,-0.7378806785691607,-0.8551607251020464
0,4.398446544162048,4.5130346313976055,2.7895126707294704,4.5130346313976055,1.0,1.0,0.0,1.0,1.0,1.0,0.593873608701478,0.3736441720751731,-0.2396296655714608,0.6295255637659292,0.8050468823935331,0.21109455242220657
0,-0.47981462074568615,1.4862216545375417,-0.2467981633959809,1.4862216545375417,1.0,0.0,0.0,1.0,0.0,0.0,-0.1522357568959593,-1.2823449479274407,-0.21496829412785462,-1.1795835948175648,-0.5049897989806234,-1.0198170006034115
0,3.8694915899098614,5.2963257252836975,4.339606854563073,5.2963257252836975,0.0,1.0,0.0,0.0,1.0,1.0,0.5728050136925739,2.680751557358108,0.14107310183990784,-0.43131766503913194,0.7068817770413163,0.6013095862039126
0,-2.628253699936783,-2.60236504142514,-0.1284432494614154,-2.60236504142514,0.0,0.0,0.0,0.0,0.0,1.0,-0.8811017699061933,-1.2773339995378865,-0.522693904583559,-1.0884342942371472,-1.327100633820108,-1.759243855906894
0,3.4813244295383936,3.810561523751318,2.9714364415204786,3.810561523751318,0.0,1.0,1.0,0.0,0.0,1.0,1.0151462475920223,-1.6303619779403455,-0.7652172001538603,1.649028514971515,0.09684995451164419,0.032670920599507214
1,3.082832889602625,0.9991025684947887,0.9991025684947887,3.660736934702032,0.0,0.0,0.0,1.0,0.0,0.0,1.347574954124631,0.7521957747381876,1.1264773551510308,-0.7726957822459061,1.070166348476826,0.42975839681973793
0,1.4104477233153456,4.338628161397884,3.1602359425531263,4.338628161397884,1.0,1.0,1.0,1.0,0.0,1.0,0.39104584655387026,-1.1035438525952317,-0.07734028233251095,0.8725971376666728,0.14804567067875912,0.21478446632366205
1,8.866101593770484,4.651502264656363,4.651502264656363,8.562368200483336,1.0,1.0,1.0,1.0,0.0,1.0,2.219551778967011,0.7559669276630177,0.5602316462663776,0.23690968470016577,1.5074975575419365,0.21807024104194822
1,0.0619765106455219,-0.5097859164745822,-0.5097859164745822,4.631219542274577,0.0,1.0,0.0,1.0,1.0,1.0,0.420540609488276,-1.0831314441277335,0.7474710101058579,1.9710495994658765,0.13443469427664434,1.9067267364849483
0,1.3752378527727676,3.559733776420986,2.8194821581044516,3.559733776420986,1.0,0.0,0.0,1.0,0.0,0.0,0.6776768420468751,-0.11188762921397685,-1.4443568955909685,0.20853220133616812,-0.4587423871334978,1.2462328697819316
0,0.8183999495789909,5.6198766589323785,3.4028377454719,5.6198766589323785,0.0,1.0,1.0,1.0,1.0,1.0,0.8685743346938072,-0.29033920510553946,-2.006849526001245,0.2935579969053878,-0.7854264375198355,1.0104763404566623
1,3.1056404989753013,2.6122405347319564,2.6122405347319564,5.48907921042028,1.0,1.0,0.0,1.0,1.0,1.0,0.738021703809197,0.38860751639739216,1.3463534790242346,1.082288601910639,0.4545332164997258,-0.19581288906503402
0,6.856021520832343,10.841307009321842,6.5876408057958695,10.841307009321842,0.0,1.0,1.0,1.0,1.0,0.0,2.189556693202911,2.8523526873963947,0.395091807287622,1.6523410818898483,-0.31686091256513627,1.9531606124510144
1,-0.8642704383502136,-1.4320132376381993,-1.4320132376381993,-0.12782527986749423,0.0,0.0,1.0,1.0,0.0,0.0,-1.5579992229564554,0.2152846356481138,0.16742838830810045,0.14912145504712243,-0.21319925366180828,0.5466229056398698
0,2.4687249389680628,2.255018841075009,0.7012501388987737,2.255018841075009,1.0,1.0,0.0,0.0,0.0,0.0,0.48930737347932635,1.146020345152429,-0.2984452151622276,-1.0876534307901664,-1.0366183942371126,0.0891664436056783
0,-1.6694402412997205,0.17128742056877133,-3.1028253378451014,0.17128742056877133,0.0,0.0,0.0,0.0,0.0,0.0,-0.7346260329110329,-1.6298872869504395,-0.33216829513536344,-1.299071345718253,-0.08144101934127446,-0.17477380602278986
1,4.847370548599662,3.1765516155044264,3.1765516155044264,4.297239189613072,1.0,1.0,1.0,0.0,0.0,0.0,-0.11669815872828401,1.1874110116539838,-2.120373952899871,0.7139205075032673,-0.9190800355219992,0.5232385566962119
0,0.11347394139250988,1.033193577638583,1.1471004352186644,1.033193577638583,1.0,0.0,1.0,1.0,0.0,1.0,-0.3620416981025466,-0.5751322934543667,-0.004348937688700066,0.1850441476955815,0.3022281506218611,0.4056080356791644
0,0.7511181006076129,2.5549739601111763,1.1120115924769591,2.5549739601111763,0.0,1.0,1.0,1.0,0.0,0.0,-0.08256345078793038,-0.07263855478165915,-0.237233845812177,-0.8686793242285596,-0.26366757198695434,-1.0309229546863183
1,1.9117192398684255,-1.5008610068112882,-1.5008610068112882,1.9212195195393855,0.0,1.0,0.0,0.0,1.0,1.0,0.09869968874674266,0.2502836152607807,-0.46233232333376006,0.042977919610620294,-0.702374424449034,-0.6322412836690808
0,0.2565245049633046,-0.4973769181361489,0.7157009954123708,-0.4973769181361489,0.0,0.0,0.0,0.0,0.0,0.0,-0.6523250450090484,-0.7674877535817094,-1.8098532074170428,1.1309399973080407,0.9768005180234417,2.0003039851352944
0,0.8523492037793614,4.13412862171837,3.001201539883741,4.13412862171837,1.0,1.0,0.0,1.0,0.0,1.0,-0.6998829258137151,0.9545599094137213,-0.3532438733033363,0.424441648977818,-0.7728600683668785,0.6062856674774159
0,0.5319738690276794,3.5304988884792627,3.194136748104464,3.5304988884792627,1.0,1.0,0.0,1.0,1.0,1.0,0.5801327142386247,0.12067367610223734,-0.857876682936562,-0.5697140176880044,0.21342815307034427,-0.19265494420853238
1,0.1885823031226036,-1.0795360693484957,-1.0795360693484957,1.3288465998031023,0.0,0.0,0.0,0.0,0.0,1.0,-0.4219468541868983,-0.6059943825931315,-1.368201611682423,0.5818604015514222,-0.27952654480367983,-0.9110479636273422
1,1.381457363880447,-0.66046917613872,-0.66046917613872,-0.07872144157072528,0.0,1.0,1.0,0.0,1.0,1.0,-1.1978995617724242,-0.4529197315531433,0.31588982128193566,-0.938768877898729,-1.2731199525171788,-2.0321004353905763
0,4.241522085372474,7.1796309891132335,4.014908780573091,7.1796309891132335,1.0,0.0,1.0,0.0,1.0,0.0,1.080633756821431,1.5502543050763455,-0.01378772677815776,0.5586284885797984,1.803239777907733,0.8898599927248451
0,3.552626935167678,2.754816737344356,1.2525244626454028,2.754816737344356,1.0,0.0,1.0,0.0,1.0,0.0,-0.1503415518935446,-0.31460459250601314,0.38764754912419197,0.9273431344662044,0.5810610217898505,1.3694865666112195
0,3.559011768830813,5.8505671434598305,3.7234966156088927,5.8505671434598305,0.0,1.0,1.0,1.0,0.0,0.0,0.3720062524955298,0.9769274266389896,-0.10812474273828493,0.5605299329755629,-0.3857790717175488,1.5301660249739828
0,5.664290068471519,6.598210572398317,4.942618392653012,6.598210572398317,1.0,1.0,1.0,1.0,1.0,1.0,0.937455885671825,0.4005388299596309,-0.07906080967592255,-0.5019363113754657,1.403081200680462,0.2608750012453542
0,-2.536005157291667,1.370380518409491,-1.9899878222220784,1.370380518409491,0.0,0.0,0.0,0.0,1.0,1.0,-1.2858575881406413,0.251429318647441,0.3806981375091578,-2.789472375347881,0.47191265595644327,-0.3317485946427715
1,0.8212641943643658,0.3360078618526581,0.3360078618526581,3.064492983931727,0.0,0.0,0.0,0.0,1.0,0.0,0.7133448343576423,-0.13552832334194775,-0.54936747700855,-0.8262956649275648,1.0047557201742774,0.8549757301429954
0,1.3726953607134176,-0.22486173014781485,-0.6115595258107606,-0.22486173014781485,0.0,1.0,0.0,0.0,0.0,1.0,-0.2760742094707786,-0.2052420343668331,-0.5807955296728945,-0.09148299492449045,-0.9316171983611858,-0.0740336179710529
0,3.3310699868086715,5.073159970265966,2.902938696225209,5.073159970265966,1.0,1.0,1.0,0.0,1.0,1.0,1.031973036565714,1.1393515825396667,1.8156601712665394,0.21715015762514428,0.018029840539331987,-0.8841232156456799
1,0.6830973716869506,1.8813682721233507,1.8813682721233507,0.9242419499641565,0.0,0.0,1.0,0.0,0.0,0.0,-0.4139300566577021,-0.2388383706692565,-0.6694146102165758,-0.7872352024742068,-0.22308904383979902,0.32563597479505185
0,0.23349805874234858,-1.3734601324296918,0.5611662508621056,-1.3734601324296918,0.0,0.0,0.0,1.0,1.0,1.0,-0.6082337604240751,-0.061749570443374036,-0.8425148638517488,0.44606136732753837,-1.3389038295830242,-1.1627682446054348
0,0.2233244359153524,1.835451090401365,-1.0576967924429368,1.835451090401365,1.0,1.0,0.0,1.0,0.0,1.0,-1.1438399411665066,-0.37717433591583177,1.2034989505387246,0.5968334314377982,-0.4068638122150496,0.41346065055934483
1,1.633457936630526,0.06448095179051949,0.06448095179051949,1.0413876192351679,1.0,1.0,0.0,1.0,0.0,1.0,-1.8298603429767704,0.4721972720977675,-0.07095107561905578,-0.5246602221311027,-2.0251476851323797,-2.207143811349499
1,4.027042365963498,2.668615081146064,2.668615081146064,6.312872584865959,0.0,1.0,1.0,0.0,1.0,0.0,1.3926826965947365,1.4535135290579573,2.225297885886257,1.6205499203539118,2.1840920617022457,1.1500043440014798
1,0.9447337282501919,1.9252714171913428,1.9252714171913428,1.036455306581796,1.0,0.0,0.0,1.0,0.0,0.0,-0.6198538437771923,-0.6713066654149935,0.28982024330488365,-0.6121085246282703,-1.087710476775233,-0.05703252652105473
1,4.455374450154612,2.3295127630522754,2.3295127630522754,2.454589762690445,1.0,1.0,1.0,1.0,1.0,0.0,-0.18903713237781972,-0.16430797230547056,-0.42855740815161475,0.35981168555371146,-1.0455365600537823,0.5103643274511718
1,6.454748086147841,5.273986419232018,5.273986419232018,6.227432092638196,1.0,1.0,1.0,0.0,0.0,1.0,-0.9955810094071281,1.5589017057891135,-1.6275454061553623,1.2615620163209496,0.8847924696477587,-0.4629648884575534
0,-1.4854870152869628,-0.7668477682708682,-2.447651192090669,-0.7668477682708682,0.0,0.0,0.0,0.0,1.0,1.0,-0.2748661033948464,-1.013355261622175,-0.033494815001671285,-0.8603942291637611,-0.2886791301476017,-0.9719050872155204
1,-0.6859997549810465,-1.8304607071413508,-1.8304607071413508,1.0570026526671306,0.0,0.0,0.0,1.0,0.0,0.0,-1.229187444868832,0.3979633916792845,0.8234599457293186,-0.5495391858114679,-0.9246584991903909,-0.2260050244115827
0,0.6209527843418282,0.7077530358476183,-0.23587321928362703,0.7077530358476183,0.0,0.0,0.0,0.0,1.0,1.0,-0.007878308488796903,1.243416852146796,-0.16409706211273167,0.12940166336722742,0.5896436474084762,0.6577647256563576
0,1.781068053791099,0.8250293585150477,1.3332461125089399,0.8250293585150477,0.0,1.0,1.0,0.0,0.0,1.0,-1.193016067062888,0.4708075996197763,-1.0333361615430292,-0.017561030420875035,-1.3015051108036815,-0.4330177873780582
0,2.5413511895488936,3.523747921210508,2.489787470210434,3.523747921210508,1.0,1.0,0.0,0.0,1.0,1.0,-0.6228346140660673,0.9596015281193706,-0.8269506168524995,1.3039348530721862,0.48941863863390406,0.4673488499482532
0,-2.4545785600667895,0.05791270508394608,-3.1209763402545216,0.05791270508394608,0.0,0.0,0.0,0.0,0.0,0.0,-1.2693727989567913,-1.529333493661695,0.26646178591672426,-0.8245391815594947,-1.0045297049868476,0.14085069552308027
1,0.7052307967971305,-1.6295124578012148,-1.6295124578012148,2.4092373468767745,1.0,0.0,1.0,0.0,1.0,0.0,-0.49709047400729994,-0.3127777150809348,-0.24886368796615893,-0.9326286726070621,0.4842936933847923,-0.16610573035813941
0,1.6707079027835734,2.8274511197828764,1.029030165687151,2.8274511197828764,1.0,1.0,1.0,1.0,1.0,0.0,-0.8493770428086257,0.7651844218346626,0.9200677573370157,1.0157825569783578,0.3732158775743528,-0.6378430512163598
0,0.14081582126154607,1.2408223073285254,-0.8561863352130363,1.2408223073285254,1.0,1.0,1.0,0.0,1.0,0.0,-1.232571835842722,-1.6317974748989819,-0.05627338973600839,-1.0387449986639694,-0.04566949936343462,0.3459580411141114
0,4.716120130980849,4.030769667995548,1.9555264809231996,4.030769667995548,0.0,0.0,0.0,1.0,0.0,1.0,1.5931208981425182,0.4483052874062364,0.358069716675549,-0.6381705674040457,0.5061258493330747,1.3350634002168036
0,1.0015651940523798,0.8413976680432023,-1.0695356218376524,0.8413976680432023,1.0,0.0,0.0,0.0,1.0,1.0,-0.6321035200235394,-1.3067968120246127,-1.1037052761804766,-0.8169812155018364,-1.2578849087044148,0.28787267823772034
1,3.4907369469957352,3.932215153158891,3.932215153158891,5.414628057345759,1.0,1.0,1.0,0.0,0.0,1.0,1.53784602076313,0.9528485153308178,1.805368234284579,-0.23212132081544928,1.1411394689220657,2.1849572818976872
1,1.082977896961363,1.0307294251055934,1.0307294251055934,-0.10803768030596428,0.0,1.0,0.0,0.0,0.0,0.0,-1.7452700310326414,0.8620131616730597,-0.2760069829624285,-0.06335478470779722,-1.024548077066153,-1.378641637032188
0,-0.6065060263957175,-0.5960549483408357,-0.9015560252726972,-0.5960549483408357,0.0,0.0,0.0,0.0,0.0,1.0,-0.610556580474669,0.578839043823919,0.1846644546677812,-0.18039764685580095,-1.2662547263637094,-0.3602578734504196
1,0.7211303114785972,-1.8765681477367233,-1.8765681477367233,1.736730578923637,0.0,0.0,0.0,0.0,0.0,1.0,-0.7820847972253441,-0.1720735232653945,0.34435999761143,1.5969602748270395,-1.0866944682726805,0.010091670491849475
0,1.2317280513263171,2.131087526153052,-1.2337079310606698,2.131087526153052,0.0,1.0,0.0,0.0,1.0,1.0,-1.3225050675878924,-0.23178731676103215,-1.5928922506720702,-0.47029520715132306,-1.6801725204298776,-0.21606446476114993
0,1.717360777850978,3.2352970387390796,2.1648530482305763,3.2352970387390796,0.0,0.0,0.0,0.0,1.0,1.0,0.2664438150084137,0.9274356586837949,0.1516006747622073,1.5257901554450435,-0.9475395281395829,-0.45385352117496985
0,5.004813034793602,9.292532847741159,6.968784068681055,9.292532847741159,1.0,1.0,1.0,0.0,1.0,1.0,0.5060699892948987,1.7556153090371658,-1.7145979144980368,0.2749279803303265,0.39389048801324616,0.4627722509426409
1,0.29936497227682946,0.857482971631915,0.857482971631915,2.1789623580773196,1.0,0.0,0.0,0.0,0.0,1.0,0.3893888541901554,-0.6749708992145875,-0.951526216393937,-0.13558936699997282,0.1823399827895132,-0.3542478016257438
0,0.0778079512288607,2.46331123907985,1.1190280722461103,2.46331123907985,1.0,0.0,1.0,0.0,1.0,1.0,-0.7654483749421112,0.21772063443052836,0.3213297670579577,-1.7339688406552545,0.08541789382856058,-0.29449298606315244
1,-0.8646616910178091,-1.6008422628337013,-1.6008422628337013,-0.15424960196626492,1.0,0.0,0.0,0.0,0.0,0.0,-1.5237043448434207,-0.7296042403968546,0.24529090601277778,-1.4229523496548355,0.07113268207404097,-0.3494938330916579
1,5.059334059760932,4.4770284465769405,4.4770284465769405,6.422813848392193,0.0,1.0,0.0,1.0,1.0,0.0,2.7021015958551944,0.020987382503455776,0.5783276833585951,1.3655016602124996,0.3983340835513386,0.7042605195359644
0,-1.9367402305256614,-1.1892352269730304,-2.713082425536752,-1.1892352269730304,0.0,0.0,0.0,0.0,0.0,0.0,-1.5335369557398482,0.05646818366824613,-0.766941892762979,-0.9505554821747404,-0.8159058637557591,0.8242681586457744
0,1.0245553647005374,1.2520157184505336,0.7871136671735375,1.2520157184505336,1.0,0.0,0.0,0.0,0.0,1.0,-0.5108120601276808,-0.23480870809911547,-0.28429026668014834,-1.2084267165424432,-0.8225593311621211,-0.701529309583835
1,0.3032218546051286,0.41311747823074335,0.41311747823074335,2.0322743298659525,0.0,0.0,0.0,1.0,1.0,1.0,-0.3504303575666777,-0.23273520266965572,-0.7445863578179054,0.2807504222239231,0.2655619521322482,-0.6135431523960397
0,2.5833126088697522,6.32343398558407,3.5966035444324236,6.32343398558407,1.0,1.0,0.0,1.0,0.0,0.0,1.5680454057727595,0.8759074932525925,0.05819810803025194,1.082464640858339,-0.07883746901434219,2.7188343329455718
1,3.0498236047661145,1.516438633605413,1.516438633605413,1.1675697038544297,0.0,0.0,1.0,0.0,1.0,1.0,0.03508773675976521,0.7899369723968029,1.002825698177088,0.5086944772306032,-2.010238000826019,-0.32673940668436446
1,5.151388155933358,4.36507645610237,4.36507645610237,6.039331902995839,1.0,1.0,1.0,0.0,0.0,1.0,0.4749011678442835,0.32464794216540505,0.3435737900933273,1.2281415414229448,0.01006173660332238,0.6811429022791926
0,2.1921097379926895,5.154007725202926,3.7854759839048135,5.154007725202926,0.0,0.0,1.0,0.0,1.0,0.0,1.0560660334799608,0.9711807736017231,-0.004477056436361648,0.865885950381289,-0.1047386598151383,2.0241254666316033
0,0.9124818859552952,-0.6084595775770583,0.02981455575192697,-0.6084595775770583,0.0,1.0,1.0,1.0,0.0,1.0,-0.5016603241630133,-0.8011307283679314,0.023727864047167063,-0.7510102422916343,-1.3812464354105818,0.4669823728560021
0,-0.7650583663503389,0.12882404866180558,-1.5415557010994279,0.12882404866180558,1.0,1.0,0.0,0.0,0.0,1.0,-1.9399471397890629,-0.9088413286689355,0.7846556932533129,0.009625490529903247,-1.3466891632561993,0.3502812155880655
1,3.1015382079103535,2.3688253210839685,2.3688253210839685,3.710252558715232,0.0,0.0,0.0,0.0,0.0,0.0,1.5523259985773958,0.664707259682198,0.5418564047974179,1.2001752170745967,0.44296801588736007,0.6053327619969441
1,0.1825322079918854,0.12749639119956835,0.12749639119956835,-1.2519011620386116,0.0,0.0,0.0,0.0,0.0,0.0,-0.9181002373754991,-0.26360703853608547,0.70109596846391,0.11341680176651864,0.0009368544399201983,-1.3167539825712937
1,5.9973760610211855,4.289877779219073,4.289877779219073,6.158264355212307,1.0,1.0,0.0,1.0,0.0,1.0,0.5521427140319338,1.2884781260571776,-0.2187094548210612,0.26400855008577495,1.6959582027577786,0.10231124338527009
1,2.9026593808964067,0.8444728310255167,0.8444728310255167,1.552652127026307,0.0,1.0,1.0,0.0,0.0,0.0,-1.219801014837788,0.11041027149259641,-1.7600632331930917,-1.834687510755611,0.29904297896488996,-0.8444528090437433
1,2.1458552132890674,-1.330939903239993,-1.330939903239993,0.4538125123910647,0.0,0.0,0.0,0.0,0.0,0.0,-0.2050247765939761,-0.46896536199858185,0.9413158522769911,1.219293411079585,0.09945227015278002,-1.1346190225462744
0,4.3473450324475476,2.5127043323730227,0.7766455539903612,2.5127043323730227,0.0,0.0,0.0,1.0,1.0,1.0,1.4339277142002267,1.2787136293276347,0.012690928730259177,-0.25269863365234113,-1.4168607452508895,-0.7335031199608416
1,0.7106964946722083,-1.4673923310449766,-1.4673923310449766,-0.2113283988166012,1.0,0.0,0.0,1.0,1.0,1.0,-1.1086688208560143,-1.3658352276031516,0.7925336046196709,-0.7911321288294826,-0.6632366230461084,-0.5778741181593299
1,-1.8893530864019996,-2.1631619633908823,-2.1631619633908823,-2.167367763228049,0.0,0.0,0.0,0.0,0.0,0.0,-2.3840425287787297,-0.6751668574829323,-1.754134800560599,-1.3389304107046514,-2.2050673532785137,-1.8988602029253032
1,2.7408521530613577,-1.4615375785432136,-1.4615375785432136,2.271150208158719,1.0,0.0,1.0,1.0,1.0,0.0,-0.1711303924457052,-0.817800524849321,1.1154125720314443,-0.24171051729915594,1.0125348707420412,0.018265385594698813
0,2.921858436334808,5.7167412820964625,2.308390169149577,5.7167412820964625,1.0,1.0,1.0,0.0,1.0,0.0,-0.011733580020342176,1.2852530887386124,0.16856446397293637,-0.6161516549367448,-0.4945814917253562,-1.1997922882081038
1,7.733584173537629,3.1382316866049864,3.1382316866049864,7.465344408146905,1.0,1.0,1.0,1.0,1.0,0.0,1.767986615558167,-1.7645901837171745,-1.1735529351748155,1.4033872241731058,0.9980295286859365,-0.703959663547993
1,4.321967354287123,2.725122357187043,2.725122357187043,4.8336593450633085,1.0,0.0,1.0,1.0,1.0,1.0,-0.24953051805602283,1.5032457582065395,0.21636568869187667,0.31141232497795135,-0.3031607937044772,0.7723185288206618
1,5.682013428377987,2.3413911744271196,2.3413911744271196,5.4275760251491345,1.0,1.0,0.0,1.0,0.0,0.0,0.6799411434552782,0.7731355590323247,0.9303845837299879,0.7285129721072685,0.8507112725981851,0.7973162897411867
1,4.159336876289572,3.899150297202147,3.899150297202147,4.5781902882190915,1.0,1.0,1.0,1.0,1.0,1.0,0.6733314871409302,-0.8604778781448953,-1.1619649967492363,-1.1575880916800614,-1.6289103627490058,-1.9349599259725196
0,0.7353274376880927,4.78706484955959,2.0819625476714676,4.78706484955959,0.0,0.0,1.0,0.0,1.0,0.0,0.40038942869542143,2.094512648521752,1.1413172341097055,-1.1993966774059073,1.0866004841270422,0.5424103788343521
0,1.4729673254574303,2.680653474635351,1.1735344288641678,2.680653474635351,1.0,0.0,0.0,1.0,1.0,0.0,-0.15305797974267776,-0.11308205373459354,-0.5312343102103195,-0.30218813549060275,-0.4215663161014881,-0.15309267054690567
1,4.291778098445615,2.9959474778344055,2.9959474778344055,5.892960217068154,0.0,1.0,0.0,0.0,0.0,0.0,1.1756516252685858,0.4946817212267586,-0.024342067343917747,1.531044129813324,0.3077538333611157,0.4879323871253499
1,3.2227865691030506,0.23350855034111884,0.23350855034111884,2.1624896631067183,0.0,1.0,0.0,0.0,0.0,1.0,0.5386898293237857,-1.2180984409137845,-0.5977598128295938,0.12141566947660432,-0.33342338733373095,0.07143663213175422
0,2.9356888017267084,3.9574052746026203,3.4315496633892266,3.9574052746026203,1.0,1.0,0.0,0.0,1.0,1.0,-0.4291829978452628,1.3165830420614397,-0.8987299360207783,0.8879040431682008,-1.1680278115537397,-1.3993813027961557
1,3.6203769515893867,2.8354775954170974,2.8354775954170974,3.5660868134837647,1.0,0.0,1.0,0.0,0.0,0.0,-0.024930547493377277,0.926356997722863,-0.14379935658220733,-1.228301767188797,0.9671490784841739,-0.00579519298274167
0,2.4239445786212057,6.595323207956602,1.6092279051130618,6.595323207956602,1.0,0.0,0.0,1.0,0.0,1.0,1.301140608122158,1.509914250678639,0.4032540784211568,-0.27001763838815634,0.31573419681933024,0.48786408448843355
1,0.7521377254672317,-1.8958986080298854,-1.8958986080298854,-0.3276348188961141,0.0,0.0,0.0,0.0,0.0,1.0,-0.696957884083928,0.4232723589171301,0.5624401442725411,-0.5363072547464057,1.363202909649384,0.7298757571919576
1,3.214659543126362,2.149118242604515,2.149118242604515,2.248322125012087,0.0,1.0,0.0,0.0,0.0,0.0,0.5933044981832292,0.3111778849545065,-0.32692866372682994,0.5272184903487391,0.5846115135642743,0.79419902835606
1,-1.6934100586796914,0.15235424613500026,0.15235424613500026,-0.13536536687069622,0.0,1.0,1.0,1.0,1.0,1.0,-2.4220994325229386,-1.54598614635756,-0.07352152846279769,-0.8306263263550124,-0.15319100431651533,-2.377760222898243
0,1.5704375447491605,3.0213957035150623,3.872380093197253,3.0213957035150623,1.0,1.0,1.0,1.0,0.0,1.0,0.40912346011325096,-1.421912449513788,-0.7573360435065433,0.03287459880496685,0.9586581073530195,-0.5905330281505783
1,0.735036322616688,-0.2582195724939032,-0.2582195724939032,3.7893631449992533,0.0,1.0,0.0,1.0,1.0,1.0,-1.537785126115239,0.9945558576953681,1.246527643706301,0.450599545312913,-0.2080085560827475,-1.0950581759366487
1,4.834977413191687,3.1144864963135555,3.1144864963135555,6.374321312188524,1.0,0.0,1.0,0.0,1.0,0.0,1.3167068650699447,1.2088119681472964,0.8938538020758383,0.048039144319198424,1.3917076000200015,1.5493495262041104
1,3.421001193292412,2.473076845064425,2.473076845064425,6.7927825197696565,0.0,0.0,0.0,1.0,0.0,0.0,0.8276866722588068,1.2634551947563868,-0.5709204066649873,0.8380138869503049,2.1442578281736364,1.5145389991478222
1,1.8661219240319367,0.5012511455351432,0.5012511455351432,2.245587327185847,0.0,0.0,1.0,0.0,0.0,0.0,1.1749498642618033,-0.8169734339141641,-0.676688810076669,-0.36300783280902893,0.7909568447756461,0.06674557979335369
0,5.926419238430028,9.540112627267051,6.2389865311946,9.540112627267051,1.0,1.0,1.0,0.0,1.0,1.0,2.7847980640592493,1.4171662255366866,1.4741432257901088,2.066118543166874,1.204598555768444,2.26355130146732
1,1.555261525286909,1.1113097380715962,1.1113097380715962,1.9365997793955716,1.0,1.0,0.0,0.0,0.0,0.0,-1.2915690328897422,-0.4981309367511596,-0.7929859862529561,-0.7614177339444081,-0.6227425721834235,0.3429011725085463
1,1.332282939115013,0.9410354530665227,0.9410354530665227,0.6518638253411382,1.0,0.0,0.0,0.0,0.0,0.0,-0.4586913078596319,-1.8220141670424295,-1.5106936986272501,-0.43598874792283493,-1.4397621867181107,-0.5251597006705335
1,2.2738067370393256,1.4599562295524766,1.4599562295524766,1.5104252041298765,1.0,0.0,0.0,1.0,0.0,0.0,0.010204599590886638,-0.1263217521377118,-0.5769359398947873,0.9541122684090322,0.5464071438569634,0.4700284528529602
1,1.499056033785553,0.2151454713162705,0.2151454713162705,1.894997683857052,1.0,0.0,1.0,0.0,0.0,0.0,-1.3357079558091687,0.029656016664331097,1.0049810055530268,0.20204464588129933,-0.7540043607865499,0.3243128576526646
1,4.217189418451469,3.461816620963764,3.461816620963764,5.028835111707203,1.0,1.0,0.0,0.0,1.0,1.0,0.649467811955927,-0.9859485967249638,0.03967948218478523,0.8495061500852413,-0.6507081732280177,-0.07821288948671928
0,1.3876370818985553,2.0033953218338603,3.029281789844114,2.0033953218338603,1.0,1.0,1.0,0.0,0.0,1.0,-0.6706623687026915,-0.1384103258518541,-2.518272335313349,-1.4163027085972306,-1.3884621912183726,-1.5626056209081105
0,0.15807808659680808,0.018953914909721203,-0.4644541988805032,0.018953914909721203,1.0,1.0,0.0,1.0,1.0,0.0,-2.566164780957445,0.019996739835937305,-0.9233207601258755,-0.11685904007646114,-0.4917326872232779,0.05627406513314559
1,3.1727952013542398,1.0506856452659359,1.0506856452659359,3.748942563323631,1.0,1.0,0.0,1.0,1.0,1.0,0.3359285149704445,-1.3704584798918615,-0.12946110367167452,-1.2455730089812147,0.39456720924506405,-0.5617008489933744
0,3.920290920131653,6.108631036629232,2.677522708606406,6.108631036629232,1.0,0.0,1.0,0.0,0.0,1.0,0.7036283369251307,0.7415756808285441,0.2790247684791142,0.20641277521090012,0.8591173256076448,0.2873071038906002
1,4.766379220488531,4.736318111875504,4.736318111875504,4.5798877826895055,1.0,0.0,1.0,1.0,1.0,1.0,0.7540373504246038,1.5949249942373314,1.3660208756414287,0.8032038529377855,0.3141357511839892,0.7823945254834681
1,0.025075358961342498,-0.033478993197729304,-0.033478993197729304,0.03319849031484823,0.0,1.0,1.0,0.0,1.0,0.0,-1.3897902155022308,0.08683465466173557,0.2350479793380088,-0.15660378555596122,-0.8574601062631405,0.6003744100757715
1,2.1094971075845823,0.8069774022273503,0.8069774022273503,3.202658784019564,0.0,1.0,1.0,1.0,1.0,0.0,-0.04621020580693893,-0.9491738111646921,0.22114019475434812,-1.613945311519584,-0.2822473315401294,0.8951091917354679
1,1.6763961551009976,2.145717780441455,2.145717780441455,2.249182780656221,1.0,0.0,1.0,1.0,0.0,0.0,-0.6695022327793336,-0.10808562200473815,-0.8002044416295082,-0.6523522140056373,-1.0684482760018659,0.6092953188369963
1,0.04983361453992605,0.2513062511415405,0.2513062511415405,-0.9215999414952831,1.0,1.0,1.0,1.0,1.0,1.0,-1.9559120759363486,-0.19317483061349372,-0.08304266598604487,-2.3670561834774837,-1.6878482246154562,-1.332540214581082
0,1.2763134826201332,1.481662766449411,0.4444403511250179,1.481662766449411,0.0,0.0,0.0,0.0,1.0,1.0,1.2385002576788495,0.720503266546477,1.1305492014034115,-0.720803142808557,0.7010145427399554,1.1132194694695965
0,5.269321883080453,6.868913556153012,3.5899289075267355,6.868913556153012,0.0,0.0,1.0,0.0,1.0,0.0,1.8431441860169928,1.6637538817111859,0.2900418346050426,1.211048590545479,0.4933145702849611,-0.420200614322114
1,4.696273965600043,2.7059761992578375,2.7059761992578375,4.93250594575448,1.0,1.0,1.0,0.0,0.0,1.0,0.29312397501162435,-0.6173317971975629,0.9604541944946021,0.38438548981056186,-0.9295976735041738,1.4713673613231484
1,1.9786343275653495,1.6956724666414837,1.6956724666414837,1.4807827640990148,0.0,0.0,0.0,1.0,1.0,0.0,0.061126065587122254,-0.06956570860521716,-0.6748824207478987,1.6586218140655302,0.7208309282410085,1.0415885230840414
1,2.608618214449311,1.7888379331143585,1.7888379331143585,1.4650046381998747,1.0,1.0,1.0,1.0,1.0,0.0,-0.6115557923141269,0.24066939399796342,0.14487120328625214,-0.2759155577155545,-0.2661883892047001,-0.9898427909920615
1,4.275837906241479,0.47366090844704145,0.47366090844704145,2.60392386060305,0.0,0.0,0.0,0.0,1.0,0.0,0.13645734054285621,1.2292386446557861,0.9851246421733482,0.05184422273528366,3.094458867348123,0.8465359933497391
1,-0.7661269382664307,-2.0391302250584364,-2.0391302250584364,-0.9819776436186355,0.0,0.0,0.0,0.0,0.0,0.0,0.3765127760567767,-1.9884724381484808,1.1302193620605978,-2.0173045677930155,-0.7869487425429708,0.7577317810843764
0,-0.28822826227690523,4.2038152377473486,0.8661698936801199,4.2038152377473486,0.0,1.0,1.0,1.0,1.0,1.0,-0.10657849382911527,0.5980260805893627,0.17804588487704612,0.7572035012271005,0.686818131058482,-0.2845558914448012
1,5.09477736731108,2.492744088688876,2.492744088688876,5.038234252215071,1.0,0.0,0.0,0.0,1.0,0.0,2.6219689521388476,-0.07665394469480252,-0.32210444573290564,-0.1278953147467488,0.0006053801025881385,0.6029283075325745
1,1.0554082011653207,0.2865126148649841,0.2865126148649841,2.541278140361606,0.0,0.0,0.0,0.0,0.0,1.0,0.4143721963535445,-0.11726739837254571,-0.8643839515159135,-0.30800526741873613,-0.5808845274265724,0.2826105073239866
0,1.9353135647955348,3.8626623012048604,3.3385462005569018,3.8626623012048604,0.0,1.0,1.0,0.0,1.0,1.0,1.182370666714515,0.6185957626347011,2.1397226139901937,0.9533564874952265,-1.184963589870693,1.7344764513246758
0,4.283868417180983,4.86018659073989,4.112998521077377,4.86018659073989,1.0,0.0,1.0,0.0,1.0,1.0,1.0501334575321735,0.4717894765973583,-0.7809846199015167,-0.5433225663886903,0.20108361958848414,1.555941241189957
0,3.711770122757296,6.844503370036843,4.723569908679727,6.844503370036843,0.0,1.0,1.0,1.0,0.0,0.0,1.1264626917707803,1.2853556471037484,-1.0004334411971376,0.5681365574896441,1.57144192535709,0.801480989832675
0,-0.6729400568581879,2.4454648764916866,0.511090207164955,2.4454648764916866,0.0,1.0,0.0,1.0,1.0,0.0,-0.6455545562519479,-0.4898232666444331,1.0800488875712801,1.7314919163302651,0.7849656649244798,0.4188725264496832
0,0.40472653613079224,0.8034079727664143,1.395187716127825,0.8034079727664143,1.0,0.0,1.0,0.0,0.0,0.0,-0.6474234252324894,0.49999399550321205,0.2560317670797894,-1.3318905579344686,-0.22314727649914798,0.5065979987000089
0,-2.7476568402706905,-1.3280280791981773,-2.6948148779036796,-1.3280280791981773,0.0,1.0,0.0,0.0,0.0,1.0,-0.675245649643948,-1.8033369285161367,-0.08757403693773283,-1.6225949488574245,-1.6494522672178018,0.7574317836008375
0,1.3758116853624176,0.9318718965626354,0.8820434436851039,0.9318718965626354,1.0,1.0,1.0,1.0,0.0,0.0,-0.9267999578766907,-0.27982590119737066,-0.181337479464718,-0.7447924308852072,-0.89545053018924,0.26535221530441766
0,-0.9561944821775696,1.3594858210349843,-0.23981161480026647,1.3594858210349843,1.0,1.0,0.0,1.0,1.0,1.0,-1.0631889846780889,-0.8182609591944973,-2.1224871533349727,-0.8736236590345079,-1.0007925329005172,-0.6518655623083889
0,0.6029819783613274,2.6502855306598234,0.8148847301080453,2.6502855306598234,1.0,1.0,1.0,1.0,1.0,0.0,-1.5459690595722582,-0.390142253558642,-1.3956055558405644,-0.4914957571745028,0.20932981972954945,0.41853368616726216
0,4.089892396581594,7.135704474348304,5.781540373305927,7.135704474348304,1.0,1.0,1.0,0.0,0.0,1.0,2.2108527318589615,1.9292488194379662,3.176219156883638,0.8326854462433496,2.5337728892434304,2.1459148909744394
1,6.241933751594311,2.3150821638939223,2.3150821638939223,3.998531063671456,0.0,1.0,0.0,0.0,1.0,1.0,1.3961871952801852,0.8198176904525236,0.2759022309464464,-0.060552354682415876,-0.21400442577879575,-1.152796256740046
1,6.614535680545235,3.535801358925485,3.535801358925485,5.035038864792242,1.0,1.0,0.0,0.0,1.0,1.0,1.1196192636639513,0.2934022546374816,0.44635274154488047,-0.4106781624563663,0.2976076112274689,0.28501561236125295
1,7.9154032563491485,7.3331113362087645,7.3331113362087645,6.51972940935731,1.0,1.0,1.0,1.0,0.0,1.0,1.7797160897126054,1.3861905972380937,0.8142078310370426,-1.061731977848491,0.9263952976369427,0.9395865165830173
0,2.3428218364591267,3.4368176575692844,2.4783033029739574,3.4368176575692844,1.0,1.0,1.0,1.0,1.0,1.0,0.8823000251408154,0.15509750618566276,0.9190963597330474,-1.1804464689466645,1.8963602339375198,-1.8405833127089082
0,2.8254921345448363,3.5333183556411285,1.9532490644997353,3.5333183556411285,1.0,1.0,0.0,0.0,1.0,0.0,0.7067704255287184,-0.5504477461689561,-0.7592675541838807,0.6482661648452034,-1.2477584576277998,-0.05775063681787218
1,3.4408406514230716,1.0769366907294922,1.0769366907294922,2.387233460323098,0.0,1.0,0.0,1.0,1.0,1.0,0.4477083195132116,0.09555243845492428,0.7759818316347601,1.0493882100313532,0.3842516291470568,-0.5206450595229988
1,0.7834454647611824,-4.035744616500353,-4.035744616500353,-1.240139749921607,0.0,0.0,1.0,0.0,1.0,0.0,-1.8484223188260323,-1.6186531140262699,-0.961898729106576,-0.47200282780614666,-0.7809638426130533,-0.7045564739621073
0,-0.50230930220888,1.9252318949466325,-0.007515510943416348,1.9252318949466325,0.0,0.0,1.0,1.0,0.0,0.0,-0.06484549261396144,-0.5055587900617847,-0.2475750058448028,-1.2557676393611696,-0.7402605098243902,-0.28782373615268503
1,1.5315630458253944,-0.5814710673512389,-0.5814710673512389,0.2750690187889522,0.0,0.0,0.0,1.0,1.0,1.0,-0.45923779324451436,0.5488966056364724,0.2486723758482049,0.6744648331998165,1.0488393004981023,-0.9861824085890432
1,2.966405533561744,0.5474864096543286,0.5474864096543286,2.080903299217885,1.0,1.0,0.0,0.0,0.0,1.0,-1.3536072431234452,-0.9646856910770083,0.2593717555082703,0.4991265066910645,0.012581862233826346,-0.20825013783767887
1,5.705603788915497,2.6724196485251492,2.6724196485251492,4.096769022396102,1.0,1.0,1.0,1.0,1.0,1.0,0.15432103027859212,-1.299512686010056,-1.1414430409669365,0.497705634301005,-0.46439662255891556,-1.7081360670834047
1,-1.0242449027839426,-3.5869533614690683,-3.5869533614690683,-0.2035015477354778,1.0,0.0,0.0,0.0,0.0,0.0,-2.086669556017256,-1.3684626655543521,0.3522336131619792,-0.8124673082103786,-0.9502118964848454,-0.5868535052848545
1,2.235098309429284,1.2758608659196948,1.2758608659196948,2.4150468340927014,0.0,1.0,1.0,0.0,1.0,1.0,-0.1106853205881853,0.35507344427614523,-0.20069079999050127,0.2420358135621767,-0.47810200866406016,-0.4841247308151764
0,0.5146728528525883,1.8275354195951206,2.076969970630678,1.8275354195951206,1.0,1.0,0.0,1.0,0.0,1.0,0.10454530235331592,-1.6202162575160937,-1.030777771793782,-1.7985525366052881,-1.7016301929437618,-0.9737781316725087
1,3.2484259002606497,2.701647700441268,2.701647700441268,3.2817527621116063,1.0,0.0,1.0,1.0,1.0,1.0,0.30111663295403823,0.23155799911406216,0.05214866061962442,-0.7931742696502972,-0.03563074954573235,0.029398562482876082
1,1.7963015344692064,0.3064408605632233,0.3064408605632233,3.1277563198129466,1.0,1.0,0.0,1.0,1.0,1.0,-0.04492798718255444,-1.4292594136154992,1.1221129933010787,0.7665890819166423,0.2516512236449773,0.566888394745884
0,0.5037047623781932,0.4186895869120053,-1.1195274088567886,0.4186895869120053,0.0,1.0,0.0,0.0,1.0,1.0,0.5347668080721683,-1.4921440735106468,-2.101308142345195,-0.3292418164113584,-1.6708717009855334,-2.619625489405882
0,0.2683400920712876,3.3609095165556555,1.6416984375455612,3.3609095165556555,1.0,0.0,0.0,1.0,0.0,0.0,-0.23912904025896461,-0.383215653465642,0.6729138467370963,2.353779610136139,0.5518074282704066,1.3678372048976981
1,2.827675280715695,1.7307082767003101,1.7307082767003101,1.8840081098856991,1.0,0.0,1.0,1.0,1.0,1.0,0.33518299464483714,-0.2397593453926017,0.48802867763565305,-0.5145122516818983,-1.7870304860400017,0.01905299006570449
0,0.8058238683458913,1.2711388605102958,0.4801213487937587,1.2711388605102958,0.0,1.0,0.0,0.0,0.0,0.0,-0.8471225215161665,-0.49944815349810767,0.22623338286783107,-0.4326029528391987,1.1355984984160297,0.902462708513665
1,4.092786711281301,1.4168153968702764,1.4168153968702764,4.8475644924881385,1.0,1.0,0.0,1.0,1.0,1.0,-0.09616367348576522,0.8940450036085916,0.394067747155249,-0.5458497790273567,-0.20378333057323733,0.8885760091280581
0,-0.09582660280455646,-0.8185547220664002,-4.358894999553547,-0.8185547220664002,0.0,1.0,0.0,0.0,1.0,1.0,-0.7527583247172119,-1.3168820066415265,0.20418165128744187,-1.7654722595413104,-0.9299384135981579,-0.7924635525035931
1,3.8747847889287974,2.5112540921636133,2.5112540921636133,2.3460786295458376,0.0,1.0,0.0,1.0,0.0,0.0,-0.06368748298059725,1.6471438014672986,0.025093386584214006,-0.48757178951423896,2.4763721501936358,0.284234789245557
0,2.2940504599231053,7.029609222284572,3.3051638389687454,7.029609222284572,1.0,1.0,0.0,1.0,0.0,1.0,-0.017282477402176876,0.930587580979698,-1.2537333982640104,1.2718707483072624,-0.5756611033746067,-0.12118858886193365
1,3.8815846443802116,3.430402962917991,3.430402962917991,4.613788644727559,0.0,1.0,1.0,1.0,0.0,1.0,1.5313268555355282,0.5341503583238277,0.31072052260329397,-1.222692623803932,-1.1462579972574203,1.1782899689533508
0,1.8210213986014896,1.5697946073186158,1.3734859668702697,1.5697946073186158,1.0,0.0,0.0,1.0,0.0,1.0,0.1263389033948454,-0.11908319309792542,0.7323633888373041,0.08442769016823837,1.2106074340952016,0.3181121957273101
1,6.107993833682949,0.7879339669927843,0.7879339669927843,3.717207795077312,1.0,1.0,0.0,1.0,1.0,1.0,1.4174354776594866,-0.8853126688823462,0.19552801437504574,-1.129843424702108,-0.16302469116413992,0.0020874377269922695
0,0.7866168873715331,2.1665115141621043,1.5621210757269268,2.1665115141621043,0.0,1.0,0.0,1.0,1.0,1.0,0.24822963318519117,1.0086852942925835,0.9658956897684792,-0.6234598967438818,-0.11628753975067507,-1.1070995450394685
1,4.981770614844117,2.1564815571053426,2.1564815571053426,5.173028242284865,0.0,0.0,1.0,1.0,0.0,1.0,2.4538190721073203,0.3846806981068957,1.356953787514206,0.6538914772997585,0.08025205689149117,-0.5179447022607008
0,-0.4975955006904186,-0.714064915582281,-0.3028387113150025,-0.714064915582281,1.0,0.0,0.0,0.0,0.0,0.0,-2.4767645238587854,1.139226285845581,0.5898068738402372,1.0008188805722829,1.336972649555892,-0.7604714524658648
1,5.699505320150507,4.2693543743071505,4.2693543743071505,4.7891893772598415,0.0,0.0,0.0,0.0,0.0,0.0,1.8260665263659837,1.1562210915728923,-0.22785822348397383,1.0179881723193747,1.069186177021024,-0.7583378879925805
1,3.44118832312205,0.7643659782567773,0.7643659782567773,2.6762153843061114,1.0,1.0,1.0,0.0,1.0,1.0,-0.8159868487585927,-0.11321364917651555,0.8405102074660097,1.0280691634171915,1.7814023175185854,0.47274971152628414
1,3.987385143053974,3.0101591816303204,3.0101591816303204,4.499982176853844,0.0,1.0,1.0,1.0,0.0,1.0,0.8804704121961475,0.6359960287323156,-0.45679915069650245,0.6586964504184015,-1.3752733159170614,-1.4109651737205524
0,2.2537224631573483,5.135963693367369,1.844551627771104,5.135963693367369,0.0,1.0,0.0,0.0,0.0,0.0,-0.5683745014309536,2.0483732015079066,-0.9220533268081959,0.16787175921078268,0.6524150479868408,0.4255962249847507
0,0.768708568055688,0.3644354168395265,-1.4517600607882053,0.3644354168395265,0.0,0.0,0.0,0.0,0.0,1.0,0.6009446292802113,-0.4447501680170253,-0.31814945464738636,-1.5702801279726901,-1.0040812709670215,0.6151480771263182
1,2.7687917242191724,2.0078565527210706,2.0078565527210706,3.4339173744709455,0.0,0.0,1.0,1.0,0.0,0.0,1.1384752617745557,0.4983983218326323,1.1539578201531486,-0.4421038673559957,0.48077497539928427,-1.5149165995627365
0,2.2143583868214383,4.019124802277532,1.756982894595387,4.019124802277532,0.0,0.0,0.0,1.0,1.0,1.0,2.6521683816972845,0.5610585922542576,3.2258091210597524,1.0117895880174474,2.2691434595392104,0.12168025674435134
0,1.444820493628511,4.568879871510235,-0.6650978043448021,4.568879871510235,1.0,1.0,0.0,1.0,1.0,1.0,-0.49987714562553864,1.1452570598110905,0.7840986252443416,0.05576467745433078,0.7040157719106281,-0.25602432041300316
1,-0.5595275858999093,-3.294926329111652,-3.294926329111652,-0.08948813720541193,1.0,0.0,1.0,0.0,0.0,0.0,-1.8421969281925272,-0.27616163411827566,2.015744314509835,-0.5224218252855499,1.031963278195796,-0.5256130655452906
1,5.422947998341527,2.5381006171754756,2.5381006171754756,5.263989576035787,1.0,1.0,0.0,0.0,1.0,0.0,0.7594084326277855,0.6932808305454481,1.0216182275374173,0.4375799977926876,1.0003323208420642,0.3322807003635393
0,1.0463441707580217,3.0188392739606975,2.152057115961504,3.0188392739606975,0.0,1.0,0.0,0.0,0.0,1.0,-0.6904046400492818,1.394237130386347,-1.294279339152009,0.2069988989446504,0.4405659320965049,0.03223059009292383
1,0.9352030306273749,1.3403266079597893,1.3403266079597893,-0.09437493050087983,1.0,1.0,1.0,0.0,0.0,1.0,-2.2583560304133807,0.5894231484598313,1.7245977877519676,-0.8438553970914345,0.8910772152957077,-0.2894921278438287
0,3.0158021521135403,4.728619142663571,2.149171640737516,4.728619142663571,0.0,0.0,1.0,0.0,0.0,0.0,1.888168535399391,0.7288156765383849,1.7647285510498574,0.4300806020880131,-0.7784654965132443,1.1684839927549102
1,4.3355126525778,1.3683742944918442,1.3683742944918442,3.300404296255712,0.0,1.0,1.0,0.0,0.0,1.0,1.6877750561960763,-0.19207957037346113,-0.15968691490952092,-0.12838611095426122,-1.7520407235424655,-0.17845931297310508
1,-0.37110013116159046,-1.0379990793650185,-1.0379990793650185,1.5032577336895478,1.0,0.0,0.0,0.0,1.0,0.0,-0.1559611428717874,-1.596341535103131,0.1768203805920236,-1.2934070807183329,-0.17070629758278263,0.3983747877359334
1,4.402213410861258,3.99581952902689,3.99581952902689,5.795147460445073,0.0,1.0,1.0,1.0,1.0,1.0,1.107771178643083,1.2131538243131779,-0.053656762925322954,0.6716543957581907,-0.2945416023912393,1.7240438194189336
1,4.933507281154737,1.1702115282541132,1.1702115282541132,6.82602572019923,1.0,0.0,0.0,1.0,1.0,1.0,0.34269743962583815,0.8860426235570067,0.8021872010284348,1.5593983197576629,0.19425496211619842,1.8411494172718703
1,4.832072667313416,0.5209888359613566,0.5209888359613566,2.6242754891031534,0.0,0.0,0.0,0.0,0.0,0.0,1.6695897409720526,-0.3228782703552854,0.3879132517528067,1.8997490025022126,0.3849131444200228,1.5446250763149858
1,0.7363776740788732,2.4822636167484955,2.4822636167484955,3.4911923058905994,1.0,1.0,0.0,1.0,0.0,0.0,-0.7006669091826905,0.8593731063843154,-0.4364797536441213,0.582354654764674,-1.1950983762953744,0.4933502519163917
0,3.312798758491664,7.396470168230208,3.144967068880085,7.396470168230208,1.0,0.0,0.0,0.0,0.0,1.0,1.3127340870050488,1.5429996703292035,0.7998233761281488,0.648412341965315,2.0097204555082353,0.09664128753594947
0,2.3151809804162404,5.083811263085415,0.7140937288941682,5.083811263085415,1.0,0.0,1.0,1.0,0.0,0.0,0.4204623127687004,0.28731673835261096,0.04765313702611781,1.466986566373588,0.2515377749417299,0.49510634325879477
0,3.2168563763232942,2.8461621148907033,2.3555332404773437,2.8461621148907033,1.0,1.0,1.0,1.0,1.0,1.0,0.40610994146704915,-1.1789190665070441,0.7709001927290178,0.09720122368624307,-0.2441477146321567,-1.3335167810382171
1,2.013129527216889,0.6004624867001173,0.6004624867001173,1.6504408326509903,0.0,1.0,0.0,0.0,0.0,0.0,0.42906515072913853,-0.7394144902324928,-0.23849793082783666,-1.6748204284369808,-0.6911494142834584,-0.12907666939217
0,4.170481895731696,6.925067690117187,6.17785072056052,6.925067690117187,1.0,1.0,1.0,1.0,1.0,1.0,0.46801232562024797,2.3786876559903987,-0.3210502205355983,-0.8471456631852059,2.076719325697994,-0.28085254900390466
0,2.204729360882128,4.77758258379387,2.2099156613574777,4.77758258379387,1.0,1.0,1.0,1.0,0.0,1.0,1.4971131298699685,-0.7690126588634077,1.5624444183742714,1.241945385813465,0.04833532853387229,0.7205144761355468
0,0.4010995474373857,4.755852402533963,1.0615906727241893,4.755852402533963,1.0,1.0,0.0,1.0,0.0,0.0,-0.23021729237629956,-0.5867237220422327,-0.028956708198833003,-1.2941993738120523,0.9902736487940611,-0.5096008224472401
0,1.5150503360306595,3.018211375062937,3.210976187752218,3.018211375062937,1.0,1.0,0.0,1.0,0.0,1.0,-0.22188239091681694,0.42634642929844324,-0.8341503906608604,1.2243279628007253,1.3664643348550567,0.07311222145482912
1,1.1659728845141832,-0.0588299532345673,-0.0588299532345673,2.4791753981959332,1.0,0.0,0.0,0.0,1.0,0.0,-0.025267373689722945,-0.15283038412210848,-0.4002441999683978,0.14477366958618598,1.0722978315640932,1.5532017873287245
0,-1.3966399912943679,0.3915950858451769,2.067819093553857,0.3915950858451769,0.0,0.0,1.0,0.0,1.0,0.0,-0.7006311071017711,-0.9553147840421577,-1.3002098833164402,0.11240061878647467,-1.7481407957597461,-0.255607791126803
1,2.6262740834998617,-2.292557741250406,-2.292557741250406,-1.2732245194813783,1.0,0.0,0.0,1.0,0.0,1.0,-0.12549342114249104,-2.0040680599299963,-0.5625164672280514,-0.6899914360446784,-0.14734827634108727,-0.7100364579779046
0,1.1203402258480433,2.293643975907657,0.8440410286464223,2.293643975907657,1.0,0.0,1.0,0.0,1.0,1.0,0.18217502155930085,-1.474451027882674,-0.36529805516654934,0.22613820416355762,-0.47669383711689645,0.8763766510877053
1,2.0250448922498583,1.1718906443521768,1.1718906443521768,0.11961082871357265,0.0,1.0,1.0,0.0,1.0,1.0,0.31619693387638137,0.5362496604507483,-0.6345798768925257,-1.414095695808024,-1.1670910317818066,-0.18857788048612323
1,1.2053935593306386,-2.5213946851010838,-2.5213946851010838,-0.20826728419352836,0.0,0.0,1.0,1.0,1.0,1.0,-1.5872670278176397,-1.304965254920171,-1.143825864377471,-1.8610391310108814,-0.9361666568930578,0.2685668300224133
0,-2.6283109843495893,-0.5851944626370353,-1.6797981211167357,-0.5851944626370353,1.0,0.0,0.0,1.0,1.0,0.0,-1.3160141584517893,-0.9745057391649812,-0.8074068019765682,-1.7154232521173454,-0.07020554879405916,-1.8914481623579324
1,0.7900092152479027,0.623349434421669,0.623349434421669,1.2578580429589197,0.0,1.0,0.0,1.0,1.0,1.0,-1.406411719949502,0.6923689543984037,0.45973837134706547,0.7538850804228944,-0.03993008777294452,-0.9762426693886836
1,-1.929300560586221,-3.2568493458251546,-3.2568493458251546,0.15708595467958397,0.0,1.0,1.0,0.0,0.0,0.0,-1.912712992761252,-1.686387392661482,-0.4363726606153677,-0.7364581476244604,0.27188011176629834,-1.6997848159563087
0,-1.6417086989285297,0.7876149729806714,-1.1116988237758734,0.7876149729806714,0.0,1.0,1.0,1.0,0.0,0.0,-0.676531921666909,-0.9319194643103623,-0.4659196949093052,-0.7585354258960364,0.4746383922191863,-0.8908431747792105
0,1.6820117274661062,3.054917571094828,1.7622717372213434,3.054917571094828,1.0,0.0,0.0,0.0,0.0,1.0,0.726805511220352,0.018642587277368006,0.6150441807388731,-0.18486181030162488,0.6864577739880857,0.4365255723320887
0,0.8758047100845673,3.354568758697151,-0.13133827007400023,3.354568758697151,0.0,0.0,1.0,0.0,1.0,0.0,1.2292849374873647,0.8839159435167387,1.3206746794401685,-0.7090669037578239,-0.5158721920210716,-1.6649346376247909
0,0.21898235654674808,2.651472008490882,-0.17325427966317627,2.651472008490882,0.0,0.0,0.0,0.0,1.0,0.0,0.08915657121912335,0.15067792194463397,0.26924053600596487,-1.0674807155064685,-0.7091919520284775,-0.4055385138146256
1,1.9495450685634463,-0.022775567778252348,-0.022775567778252348,1.6897764149795125,1.0,0.0,0.0,0.0,1.0,0.0,0.7501221500466357,-1.4956957643809268,1.1742257822625028,0.13783791511746069,0.2661695092937225,-0.9559590977354286
1,3.456979822051705,2.733193771406158,2.733193771406158,4.0256183280247955,1.0,1.0,0.0,0.0,0.0,0.0,0.7983040560326032,0.08464637393607735,0.6088090832666582,1.0096426604101658,-0.4736959807751321,-1.4370133027954772
1,2.7194954074611677,2.100472745087419,2.100472745087419,4.415284057457285,0.0,1.0,0.0,0.0,0.0,1.0,1.4992568557242396,0.05772641267417511,0.275152810381202,0.5250243296224076,1.2301033142163356,0.8357345907158045
1,8.796938563270219,5.315693905054727,5.315693905054727,7.237141787654103,1.0,0.0,1.0,1.0,0.0,1.0,0.373240821198071,2.219292556093971,-0.28165151945472233,1.5422180987172078,1.5521713930790346,1.5941159785236567
1,2.6463481397828748,0.09733904939488264,0.09733904939488264,2.538824616886398,0.0,0.0,1.0,1.0,0.0,0.0,-0.2721207878166833,0.4048954513611607,0.3690848548710962,0.007098188863600606,1.0392658502739056,-0.32634202397286666
1,5.989807774021728,4.0724865105876225,4.0724865105876225,7.117283429586962,1.0,1.0,1.0,1.0,1.0,1.0,-0.2894727510306335,1.5651581331411695,-0.1874145053787868,0.605272326474217,0.37208489023338315,0.5719216498306471
1,1.966216282631697,1.8904802403654153,1.8904802403654153,3.532482026295864,1.0,1.0,1.0,1.0,0.0,1.0,-0.4964239784737233,-0.025988906031869763,2.2140250944200246,0.8755991686370548,0.5666633913111863,0.7809351311378883
1,0.21456321950292823,-0.5743086671803164,-0.5743086671803164,1.2216124727465612,0.0,0.0,0.0,1.0,1.0,1.0,-0.46999198742085796,-0.3464963948839905,-0.4259899011022699,0.5027560000082649,-1.2062929034438108,-0.41622694377294067
1,-0.801527418079706,-1.1802735238189617,-1.1802735238189617,0.2560607454813094,1.0,1.0,1.0,1.0,1.0,0.0,-2.0135812367908024,-1.0693949368794775,-0.32013079774540265,0.0794760543267044,-0.92385930821382,-0.42937200919451707
0,1.61222118371646,3.3247735385822015,1.4858969403533149,3.3247735385822015,1.0,0.0,0.0,1.0,0.0,0.0,0.5949467387326097,0.24616951433818277,0.2411238715029993,0.17377876208480325,0.701706754889307,-0.6834220222016729
1,2.7731293829961983,2.8930933423109906,2.8930933423109906,1.2042381594200056,1.0,1.0,1.0,1.0,1.0,0.0,-0.18768248089148937,-0.42568445110331343,0.29101093293577607,-1.8763225881254046,-0.35577704089133433,-1.003932213879174
1,2.1853812241363797,1.740259191782172,1.740259191782172,2.085889052410976,0.0,0.0,0.0,0.0,0.0,0.0,0.36262802289153384,0.6954756572424451,-0.6713947960429021,-0.2740203493637646,0.31868574377756065,-0.24223785441518125
0,0.9674247759620291,3.3112517853380883,2.8933501846362573,3.3112517853380883,0.0,0.0,0.0,1.0,1.0,1.0,1.2596110580324282,0.658247620975129,0.6702769322516837,0.20181512802260995,0.28135405293762555,0.8866156029377504
1,2.978772472916534,2.517828661181256,2.517828661181256,4.205434501712045,0.0,1.0,0.0,0.0,0.0,0.0,0.8419246790014387,0.8156455100785549,1.7001784259238084,3.1681173063803456,-0.23538071930166393,1.195296872633234
0,-0.18893707993261988,1.533140954910438,-0.3424005268294872,1.533140954910438,1.0,1.0,0.0,0.0,1.0,0.0,-0.5149531853601892,0.10840797718005346,1.824564639835058,-0.5556921292101336,0.39271418932429325,0.22221074626704107
0,2.4700910775919196,3.9688488115481,0.89474148340861,3.9688488115481,0.0,1.0,0.0,1.0,1.0,1.0,-0.42492435306651255,1.4519360959764422,-1.375336336357782,-0.15280256831773642,0.7015083062380784,-0.895599913708216
0,0.3854215239448098,-0.05970349093988553,-1.6862532431383765,-0.05970349093988553,0.0,0.0,0.0,0.0,1.0,0.0,-0.1933604887147393,-1.182614216823692,-0.151034281428429,-1.1474395361847856,0.21994229018825961,-1.1900302838519636
0,-0.5117437327862053,-0.4747796873518558,-2.5749968012204545,-0.4747796873518558,0.0,0.0,0.0,0.0,0.0,0.0,-1.1563670764511724,0.682843341427477,0.05668161828076318,-0.6164472179465965,0.552518267679664,-0.4945680709395036
0,4.871529268383561,6.932709790733111,3.441276778448798,6.932709790733111,1.0,1.0,1.0,1.0,1.0,1.0,1.1089059643108095,1.242792758043369,0.9424595017173701,0.3714870706396717,0.20463276749578274,0.5219030195209808
1,6.241976878997681,2.8996323563906743,2.8996323563906743,6.037461817817182,0.0,0.0,1.0,0.0,1.0,1.0,2.0279814725318093,0.16654349196883644,-0.5822500089768798,0.79454661796059,-0.8282122487187444,0.8832123286303597
1,8.733638114060112,6.803554541148566,6.803554541148566,8.192491058092063,1.0,1.0,1.0,1.0,1.0,0.0,1.8656072567017954,2.1484098293704585,1.992530487829947,2.428767180857144,0.24562102219830484,0.9741141754857989
1,1.9307725149941888,0.44130263230800715,0.44130263230800715,3.403447891913326,1.0,1.0,0.0,1.0,1.0,0.0,-0.10962550402532924,-0.8814389451235896,-0.23353663205612657,-0.2266080065073197,-0.03477320940802641,1.1423273614993001
1,3.309954184526959,3.7310256228969845,3.7310256228969845,2.916552895708598,0.0,0.0,1.0,1.0,1.0,1.0,0.28332695839606814,0.5784715679665057,-1.5805996679915315,-1.2896255339795406,1.2256691830452637,-2.2194653792628705
0,1.7076046553132036,3.880072500976723,1.2688185388235294,3.880072500976723,0.0,1.0,1.0,0.0,1.0,0.0,0.6402760862124511,0.6817301271185272,-0.4706509788086489,-0.16229145976059764,1.4673747812475881,0.6088274161542542
1,0.7461820155801245,-0.561467793543569,-0.561467793543569,1.8110812832187928,0.0,0.0,1.0,1.0,1.0,1.0,-1.1730140766618506,0.34912760023113953,-0.9351860102844592,-0.7682857432778311,0.914368317233881,-0.5542185384432845
1,2.359094571508693,-0.7532283983096952,-0.7532283983096952,1.272946883387911,0.0,0.0,0.0,0.0,0.0,1.0,-0.14949344537345216,1.161719620570094,-1.0108702343245661,-0.5288326042667293,-1.3956664448242067,0.2018599240226746
1,-1.9243910553049495,-2.4842514115052516,-2.4842514115052516,0.46323390419691535,0.0,0.0,0.0,0.0,0.0,0.0,-0.8162536622942494,-1.2970394277208719,-0.09518442504609681,0.01615130123461639,-1.0403622855153678,0.4441528541546604
0,3.2744272646593995,5.187504413586312,2.881520056032847,5.187504413586312,1.0,1.0,1.0,0.0,1.0,1.0,-0.04661209693085784,1.1272342434839693,0.5997971239243574,0.7818316680181537,0.059035562610159575,0.09588004465517347
1,2.1872303095229912,1.6316771211960357,1.6316771211960357,1.6173109090172164,1.0,0.0,0.0,0.0,0.0,0.0,0.3464760573687439,-0.43854759358323153,0.0693566261608443,-0.9923873568589987,-0.6500821053886138,-0.289238045303466
1,4.851799201847068,3.3931201102255804,3.3931201102255804,5.3581584991835625,1.0,0.0,1.0,0.0,1.0,0.0,0.19164292156807256,0.6482232043209362,1.4097079378560082,1.9273769666296368,-0.20425763443040768,0.22191449385853984
1,2.1666777244311657,-0.05414047091592783,-0.05414047091592783,1.7713317763715237,0.0,1.0,0.0,1.0,0.0,1.0,-0.7864257069132436,0.8967657179190155,0.7564768306565662,-0.3359904040003166,0.10128378767004331,-0.4490400348842616
0,-2.9268843502763957,-1.0460044318606454,-1.6646930680508327,-1.0460044318606454,0.0,0.0,0.0,0.0,1.0,0.0,-1.6120366510440158,-1.294768375845758,-0.9911106165075063,-0.6534930803648502,1.296457545171322,-0.41867704462766503
1,3.5760615574646057,2.304350436548024,2.304350436548024,4.832960204474819,1.0,1.0,1.0,1.0,0.0,1.0,-0.05574665597078462,-0.10275025450595975,0.8177436500864099,0.5333839110466412,-0.2620352754858554,-0.4950361913802069
0,3.878869924401955,4.0446569230343155,2.3424186126917688,4.0446569230343155,1.0,0.0,1.0,1.0,0.0,0.0,0.710053382212924,0.6013433638360853,-0.11949941114670017,0.1992774999975499,-0.34976733186522474,-0.41923848226163674
0,-3.5882360010891468,-2.7287694665669453,-3.8832284134073762,-2.7287694665669453,0.0,0.0,0.0,0.0,0.0,1.0,-1.3483194169322186,-0.4523867126668001,1.2248771737363002,-0.09467212413531212,-1.1781922332054993,-1.0002738608742843
0,0.8109481329427332,2.5542484370176624,1.349835367008853,2.5542484370176624,0.0,0.0,0.0,1.0,0.0,0.0,0.818890917109983,-0.1265166210324365,0.6596852738202708,0.3863681015275362,1.5621761711185695,-0.3521353868370334
1,2.719338328576133,2.1780781422481987,2.1780781422481987,3.871861604348444,1.0,0.0,0.0,0.0,0.0,0.0,0.38136096223037586,1.017768037661779,0.4063447175099254,-0.47491152075721443,2.2433983306617016,0.35958846696667524
1,-0.3606762067247279,1.2416752395406883,1.2416752395406883,0.3439524823810432,0.0,1.0,1.0,1.0,1.0,0.0,-1.7979908279904424,0.2466997917622047,-0.37863266597089407,-1.0852555933023083,-0.8358555593340911,-0.3419161394318278
1,3.523640976069581,0.6106018533412568,0.6106018533412568,2.3029678775847753,1.0,1.0,1.0,1.0,0.0,0.0,-0.2426339018901903,-0.1493983547300809,0.050762157905787864,-0.3259251326133543,-2.4951387375767125,-0.8571381013092663
0,2.5162014438311577,2.627020278060443,1.716650325704534,2.627020278060443,0.0,1.0,0.0,1.0,1.0,1.0,1.0606504528068397,0.858085288670963,0.5682165332933814,-0.5896578589553515,0.15834968955978754,-0.6289177548470978
1,2.914847322387153,0.3764749971936885,0.3764749971936885,3.9343324272970563,1.0,0.0,1.0,0.0,1.0,1.0,-0.05633114155374323,0.28190817565097454,0.7283481621416137,-0.39990879112636396,2.556348126544281,-0.3530199195149445
0,1.5773595921220398,1.5718267830421153,3.071127758241747,1.5718267830421153,1.0,1.0,0.0,1.0,1.0,1.0,-0.7974893233319605,-0.09056785407641407,-0.4480124446661042,-0.21840820118554252,-0.2856299228693977,-0.22930853276093138
1,1.291103296532178,1.5433660241509544,1.5433660241509544,2.800303705169039,0.0,1.0,0.0,0.0,1.0,1.0,0.1437047742033009,0.030476113147001938,0.13024477303720933,0.46198366297079096,0.7483039574155094,0.6894215196256469
1,3.800109561246317,1.10464329338402,1.10464329338402,3.1903057023291472,0.0,0.0,0.0,0.0,0.0,0.0,-0.49480658664908883,1.0957732711756678,-0.3983427853576467,0.3907832719030114,1.3253471839233353,0.04375132064589882
1,1.6331932617136777,0.27129448617053153,0.27129448617053153,3.125441045554465,0.0,1.0,1.0,1.0,0.0,1.0,0.7001447669647787,0.08568989167684041,0.7786910984037224,-0.6697968667384799,0.170579870805213,-0.15477214980928147
1,3.8068454770639164,0.9101006458364915,0.9101006458364915,3.4556049818616206,0.0,1.0,1.0,0.0,0.0,1.0,0.06074459995079021,1.7172773608439966,2.090317551809019,0.5679608585877782,1.3406091552929893,0.45580780101668583
0,0.013276458803145763,2.077065392697448,1.520757286522529,2.077065392697448,1.0,0.0,0.0,0.0,0.0,0.0,-0.4059396961309422,-1.1217279706533805,0.5015274912582016,-0.8961099154060308,-0.3252063937868206,-0.23927611408170324
1,4.310873627888457,2.202672682390274,2.202672682390274,3.399605418949052,1.0,0.0,0.0,1.0,1.0,1.0,1.3808580396698664,-0.22277468450078114,0.472010929874026,-1.5420640567556365,0.5605924221152496,-0.005972966783581002
1,5.639463727132929,3.148804266290047,3.148804266290047,3.491295672807281,1.0,1.0,1.0,0.0,1.0,0.0,0.12757327364130683,0.46813116219226625,0.373570157180808,0.6907999631485876,0.1286661413352101,1.520393899668834
1,2.492373217439265,0.5193021208246595,0.5193021208246595,2.717002176329103,0.0,1.0,0.0,0.0,0.0,0.0,-0.30582379626558415,1.6563272355246172,0.14222654209261065,-0.002886009509624199,1.2319580526028164,-0.5256402590846578
1,3.4503417345290943,1.1835114844360006,1.1835114844360006,3.387369069568563,1.0,0.0,0.0,0.0,1.0,0.0,-0.11499013551932857,0.3504097646318324,-0.3748694940781585,0.263170007708204,1.169613114598409,0.8669554773269537
0,-3.8316689555108803,-1.6495880398221587,-3.9145517320408625,-1.6495880398221587,1.0,0.0,1.0,1.0,0.0,1.0,-3.552869021610767,-1.7857797555145094,-1.2288405575064238,-0.3393548816897422,-1.018096069146976,-2.907466937505473
1,4.552596707375861,4.1704753392722616,4.1704753392722616,6.347398786432016,1.0,1.0,1.0,1.0,1.0,0.0,0.7885159485246315,0.47657232227462276,-0.0999527936502992,1.061607535355017,0.5205872337522661,-0.04857189888084376
0,0.8760135536314805,0.9454811441041586,1.4996828433495983,0.9454811441041586,0.0,0.0,1.0,0.0,0.0,0.0,-0.48249036166448356,0.4457351247400833,-2.2933950119772226,0.5596802234849103,-0.1769109104037011,-0.6314647649053011
1,7.759606762379935,4.33816823916168,4.33816823916168,7.491901322876619,1.0,1.0,0.0,0.0,0.0,1.0,1.9498952553602515,1.3698553966594877,0.5838797944147498,0.25253005461269395,1.611774919286224,0.3337920319521248
1,0.4896914508468077,-2.0376361661161524,-2.0376361661161524,-0.12127846139789844,1.0,1.0,1.0,1.0,1.0,1.0,-1.7655462791291137,-0.5874154729686185,-0.37775513775907477,-1.8066969549246665,-1.1229163879472108,-0.35446007181673567
0,-0.7816582087494701,1.5317780568402792,2.4457452431809457,1.5317780568402792,1.0,0.0,0.0,0.0,0.0,0.0,-0.47905138002239095,-0.4294577567291371,-0.5725817921604742,-0.5093114834757683,-0.7231307362641841,-1.051601257525443
0,2.995256156210918,3.2482936122250927,3.163481358814855,3.2482936122250927,1.0,0.0,1.0,1.0,1.0,0.0,0.17290643866993902,-0.04668946746964908,0.3487918483377652,1.004385647817303,-0.21307653711288846,0.5194019338650353
0,-1.4501580555550753,-0.5318108814395869,0.40390533011037855,-0.5318108814395869,0.0,0.0,0.0,0.0,0.0,0.0,-0.702441724795178,0.6789924547960267,0.30742436959319824,-2.772607179914261,-0.7382710432950854,0.13643270555527792
1,3.4090377639873513,0.6519169847627351,0.6519169847627351,4.238470465551463,1.0,0.0,1.0,0.0,0.0,0.0,0.26988322673849613,-0.27037681862344803,-0.7276968779523558,0.517498109148566,0.3939577393940483,0.006649393410226773
1,4.219261896589424,3.152178035803245,3.152178035803245,5.4164314746441695,1.0,0.0,1.0,1.0,1.0,1.0,1.6215615662726846,0.4491302317691879,1.8819819043381316,1.140126515673208,-0.34715484062309754,0.7682775125611507
0,-2.103975306683042,0.3427762682367599,-0.31145474846150956,0.3427762682367599,1.0,0.0,0.0,1.0,1.0,0.0,-1.6388127781262143,0.11147592413246118,-0.20264603051199925,0.5219768432467827,-0.6424185190556151,-0.8992577745845525
0,3.3106507679951447,4.148321211780053,1.9980113731443017,4.148321211780053,1.0,0.0,0.0,0.0,1.0,0.0,0.6130762755699088,1.246947800415281,1.2296972538668482,-0.6072805161075874,1.3801462785431526,0.23394208075742295
1,-0.1894613026756211,0.09001442729470982,0.09001442729470982,1.8467236067045174,1.0,1.0,0.0,0.0,1.0,1.0,-1.4028699684228145,-0.9915413973797917,0.28706995494271953,-0.10277786152202661,0.5221922614498677,0.40880156831504033
1,2.738092933132156,-0.49049220383588144,-0.49049220383588144,2.276771226353813,1.0,0.0,0.0,1.0,1.0,1.0,0.2299874136905823,-0.37061785725202256,1.5637623985371254,-0.7677183887768728,1.9138111927102237,0.583287366147556
0,0.6571983002910873,0.3998281494384703,0.4351271592438705,0.3998281494384703,0.0,0.0,1.0,1.0,1.0,1.0,-0.5572172178578686,-0.3079602003723991,-0.3729308667647582,0.25985017918898345,-1.8520335922424478,-1.165077703012129
1,2.4700412659863367,2.5626891678970614,2.5626891678970614,1.1232146752922585,0.0,0.0,1.0,0.0,0.0,1.0,-0.4043774381458248,1.369048608339615,-0.4234193315091901,0.7164259656838927,0.02913828987779221,-0.059840259326572
0,1.6335724740102227,1.8935312996437805,0.7686456524132474,1.8935312996437805,0.0,1.0,1.0,1.0,1.0,1.0,-0.731955203704535,-0.07416118862493248,-0.7634307246075069,0.2805852398266167,0.18543160266911857,-1.3497122700871842
1,4.177799294459485,0.8133042064262126,0.8133042064262126,4.955646312383671,1.0,1.0,0.0,1.0,0.0,0.0,0.5978965384261388,0.4831168425225478,-1.1284807258015601,-1.010927127077521,0.9652091403364361,-0.02553288708381895
1,6.109543941444791,4.904627624719434,4.904627624719434,7.3054127424770865,1.0,1.0,1.0,0.0,1.0,1.0,0.5541177142735835,0.8719581211883674,-1.2562150560471466,0.5441114797435558,-0.466030734324762,1.124834682217814
1,2.4841795497123877,1.8272166063538933,1.8272166063538933,4.166697252473922,1.0,0.0,1.0,1.0,1.0,1.0,-0.6700822571389764,1.457933507314256,1.008834191283129,1.477539825521711,0.13545702022935602,-0.32071489395212593
1,2.8197649713337065,-1.1740477456729042,-1.1740477456729042,0.7444854638542344,0.0,0.0,0.0,0.0,0.0,0.0,1.6536139171579498,-0.9982221746062621,1.3246171383072418,-0.2033546233708844,2.3015981897931184,-0.2536592383468388
1,2.388111718784723,4.4173521669449745,4.4173521669449745,3.6117820757823496,0.0,0.0,1.0,1.0,0.0,1.0,1.6332125116995742,-0.16353104270678026,0.4033712497436551,0.8021036630621429,0.34105289572743086,0.7230759961831335
1,3.356937553996108,0.9071294696278352,0.9071294696278352,4.820836848296812,1.0,0.0,0.0,0.0,0.0,1.0,0.09422518139463895,0.03478493855560949,0.4703285201744621,1.1973261784361493,-0.581977831751804,0.133047052733869
1,1.0522110870897858,-0.7009155109234936,-0.7009155109234936,2.214371015856716,0.0,0.0,0.0,1.0,1.0,1.0,0.522303085554255,0.44775263405648774,1.3294378753697815,1.1938844281574803,-0.4122058209861689,0.04027389300238804
0,0.39226631926841005,-0.4334425685937824,-0.03269181779840058,-0.4334425685937824,0.0,0.0,1.0,1.0,0.0,0.0,-0.7551780129177479,-0.4446571661326007,-1.4848076257913971,-0.31216669682009335,0.7755473991976171,-0.6513352970918668
0,-0.5881689061912396,2.8943921053169577,-0.4703894603441841,2.8943921053169577,0.0,1.0,1.0,1.0,1.0,1.0,-1.0375090716234014,-0.9705177314656476,-0.8167201154335046,-0.6821453813071315,-1.4466379463686418,-1.6438848717511143
1,3.1351678248369548,2.766347207871541,2.766347207871541,3.0706485129932886,0.0,0.0,1.0,0.0,1.0,1.0,-0.0774448233272836,1.2133385299913946,0.6124331417747669,0.5210610968085447,1.1354915235951808,-0.40224558092045604
0,-0.901952529741497,-0.6043107674151754,0.18282596278124097,-0.6043107674151754,0.0,0.0,0.0,0.0,0.0,0.0,-0.8230987810291635,1.1951109735665648,1.8501729105814828,-0.041095365176998966,-0.07776469433408573,-0.10517747492781437
1,3.0366778326658577,1.1366950111846945,1.1366950111846945,1.8626652052415507,0.0,1.0,1.0,0.0,1.0,1.0,0.27358699513163215,-2.1410041598787046,-0.8673289442599447,-1.6995714981387473,-0.5979824640122479,-0.6539884495610302
1,4.296139470652117,1.0399835657624747,1.0399835657624747,3.365755529340975,0.0,0.0,0.0,1.0,1.0,0.0,0.8498269966484558,1.2266134450514414,-0.5290076377730624,-0.5393169942928755,0.24327868819101925,0.20183642547662875
0,0.6450602022770556,2.7235179473753357,1.863047618324099,2.7235179473753357,1.0,0.0,0.0,0.0,0.0,0.0,-0.6638662907244703,0.7399354244348011,-0.3351374011695325,-0.6100052194235388,0.318506571863447,-1.1094940997924077
1,1.681431991607201,0.0713106525017968,0.0713106525017968,3.6672586675127823,0.0,0.0,1.0,1.0,1.0,1.0,0.30133463477856665,-0.2818553571241379,0.305904714969817,0.9090217582179269,1.0597782242127176,0.43097090196749444
1,3.7874246938258156,1.6353724390564688,1.6353724390564688,2.657312732872731,0.0,1.0,0.0,1.0,0.0,1.0,1.5207169069777329,-0.9112978138484206,0.797195323574108,-0.7558851806662593,0.351209587659233,1.288866110926711
1,3.6051572266614516,1.6593909501956854,1.6593909501956854,2.8745242036611924,1.0,1.0,0.0,1.0,1.0,1.0,-0.16559522063562812,-1.3800873988185862,-1.0603670627037969,-0.048606768051735624,0.5443110154239446,-0.24158394342579143
1,0.4433913644741704,-2.4079032757416847,-2.4079032757416847,0.37323426169537366,1.0,1.0,1.0,1.0,0.0,1.0,-1.9275135987434238,-1.0827093955290692,-0.21324199129045485,-2.2934934106308407,-2.7305224818030505,-1.1205752537080063
1,3.4341077516336243,0.5638913227009252,0.5638913227009252,3.297823093999519,0.0,0.0,0.0,0.0,1.0,0.0,0.7976912742933109,0.7479728778643595,-0.0856628378781257,0.8216635941601123,0.3304428713213413,0.10134700838218125
0,0.10917140344881,1.3476121856540162,-0.6667547576328364,1.3476121856540162,0.0,0.0,0.0,0.0,0.0,0.0,-0.11656722166716967,0.6780290537265861,0.010560029998865017,-0.20928141814041493,-0.5147037819865736,-1.5838624722497565
1,3.80282014237615,2.1802486537955676,2.1802486537955676,3.457354807765491,1.0,0.0,0.0,0.0,1.0,1.0,0.007394956659433121,0.660026794267704,-0.994312446355524,0.903786547555151,-0.5502279966869532,0.3935284764963141
0,2.3010102231716396,3.0158806881398315,1.3746891338868097,3.0158806881398315,1.0,1.0,0.0,0.0,0.0,0.0,-0.08735803151329236,0.27860312864902376,0.9866258292859191,-0.7389124806140271,-0.4661775529080736,-1.3561630188576932
1,4.154535302479991,1.2765554010773914,1.2765554010773914,0.9228059584563257,1.0,0.0,1.0,0.0,0.0,1.0,-0.10096002397634372,1.6829249060353757,2.0166214176026585,-1.0644336843635431,0.9542598848169723,0.9134710914807865
0,-0.07822483457847818,1.020429583914097,-1.0267144019602807,1.020429583914097,0.0,0.0,0.0,0.0,0.0,0.0,0.6611399189178467,0.017146239293901466,0.5528125944189182,-0.8369715183232364,0.9027233236372871,0.6230388690998299
0,3.0333445494350917,2.306762145842093,1.0080645527246275,2.306762145842093,0.0,1.0,1.0,1.0,1.0,1.0,-0.5475378370945011,0.20660790599570927,0.027225785726201043,0.13636056476602254,-1.1210568602978581,0.9540654929409929
1,1.631753222949164,-1.066042615830795,-1.066042615830795,1.900780884947638,1.0,1.0,1.0,0.0,1.0,1.0,-1.3845175698087744,-1.3699852817284144,-0.5810890752972806,-0.46803837470419174,-0.456439313199661,-1.4914809692897462
0,-2.6927003171373887,1.4953495897656597,0.5626647324411996,1.4953495897656597,0.0,0.0,1.0,1.0,0.0,1.0,-1.215691467333838,0.7005408789039835,1.1392656111240271,0.7782114559040947,0.6434370963119381,-0.3650199503155337
0,1.8323676099243165,1.5044215905909846,2.5902885128986233,1.5044215905909846,1.0,1.0,0.0,0.0,1.0,0.0,-0.05031495696493101,0.7015727529043019,0.9626710501145123,-0.48725693777071405,-0.42330027440024687,0.15128403751256164
1,2.0470140433308726,1.7051100059749444,1.7051100059749444,4.203344173027004,0.0,1.0,0.0,1.0,1.0,0.0,1.0708821498425902,-1.5649345021439927,-2.0279630606709365,-2.0026327193567535,-0.639973575894564,-0.8289932526855689
1,2.686595492472437,-0.774673143188753,-0.774673143188753,3.9373825414733847,1.0,1.0,0.0,1.0,1.0,0.0,-0.5272524521566613,-1.2955269292498721,-1.4174235283692576,-2.052896041690534,-1.0304369940520584,-0.43461409150658203
0,1.0117935042807147,3.355867532394324,0.8252971409379205,3.355867532394324,1.0,1.0,1.0,1.0,1.0,0.0,-0.7073670251231063,-0.6558877132741636,0.6706074959160091,-0.9869313234183714,0.4462568873298619,-0.5691246200343026
1,-1.3340195666835037,-1.4895899143353213,-1.4895899143353213,0.2905191813847723,1.0,0.0,0.0,1.0,0.0,0.0,-1.7422039494427486,-2.312302128162167,-0.2734188384552837,0.8821679053299445,-0.7837362639651707,-0.1811134513140885
1,2.2788432244454317,-1.6191205840860672,-1.6191205840860672,2.3143196943586672,0.0,0.0,0.0,0.0,0.0,0.0,-0.5519646223244035,1.1062733205147777,-0.010669121657536945,0.8363599146963203,1.0400486087412772,-0.43181036037445264
1,0.699529388157329,-0.6399623725805182,-0.6399623725805182,2.488691782598398,1.0,0.0,1.0,1.0,0.0,0.0,-1.007279392430344,-0.45115983837080126,-0.24227998022235225,-1.1152256808162764,-1.0201575568783046,-0.9346768762658589
0,3.6313475652884666,6.42881543926555,4.097830065192348,6.42881543926555,1.0,1.0,1.0,0.0,0.0,1.0,-0.24021366557928417,1.9813689223297208,-1.175500573603241,-0.7592334276515391,0.1868819503977835,0.0040826948172116295
1,1.3665320404095653,0.4739195651493081,0.4739195651493081,2.925397310743569,0.0,0.0,1.0,0.0,1.0,1.0,-1.1417949674319152,1.3753693566162954,0.06054491409324658,1.1376703930943144,-0.4384680182524774,-1.3667327025080422
0,-1.4488599886241502,0.2124286725851013,-2.246685579235233,0.2124286725851013,0.0,0.0,1.0,1.0,0.0,0.0,-0.32434513711162927,0.08191805234638967,1.263683207454065,-1.0372910072509292,0.48851883722562733,-0.1217120314514446
0,-0.6925080998296803,3.197440870299629,-0.15080394976700107,3.197440870299629,1.0,1.0,1.0,0.0,1.0,1.0,-1.5981131874629144,-0.33599693912623896,0.12323546694123118,0.08015620582039348,-0.9292720282180517,1.5085478092747606
1,2.4082432552429682,1.1282715809819996,1.1282715809819996,2.734975293673369,0.0,0.0,1.0,1.0,1.0,1.0,0.31146057276745787,0.8383628802098011,-0.6667588804737714,-1.112632620042339,-1.7812268709271737,-1.7462333400544785
1,2.689336262478119,1.8497452513235924,1.8497452513235924,3.555349135670709,1.0,1.0,0.0,1.0,1.0,1.0,-0.8561190492600105,-0.5511908256502738,0.5636735520137339,1.0843717284507841,0.005856769267660211,0.9279583420853035
1,-2.2273937592770903,-1.9892302790139256,-1.9892302790139256,-1.4647919683424933,0.0,0.0,1.0,0.0,1.0,1.0,-1.7214333641750006,-1.5288668578152973,2.1487071353442357,0.711641108359564,-1.6914343091357193,-0.333849994956959
1,4.633070211906956,2.657643689918452,2.657643689918452,4.096135428644615,0.0,1.0,1.0,0.0,1.0,1.0,0.9357902369492559,0.5736754721322055,-1.6165598876410257,-0.7720484521303528,-1.274909454911481,-0.7064652174969593
1,8.040626597609931,5.530178823053287,5.530178823053287,9.13717589674744,1.0,1.0,1.0,0.0,0.0,1.0,2.2073550734485208,1.8864342348665768,0.34464861994911555,-0.3528116421765503,-0.13781790067451727,1.9571887043763965
1,1.9871494716375842,-0.9366227939696383,-0.9366227939696383,1.7037244770117845,1.0,1.0,0.0,1.0,0.0,1.0,-0.38749456049907294,-1.9842946027588917,-0.4997080658453693,-1.2606598535339377,-1.029230654896521,1.2094516966821982
1,1.085531253717724,0.20973507375701095,0.20973507375701095,0.7604271262640707,1.0,0.0,0.0,1.0,1.0,0.0,-0.6582034211338444,-1.004365514018863,0.3609494840230012,-0.21970145051657208,0.5338000852154698,-1.5303816031360034
0,0.6714749617258473,1.7412013643166224,0.4594269272986684,1.7412013643166224,0.0,1.0,1.0,0.0,1.0,0.0,-0.5101651689825876,-0.9332048991840406,-2.226199149318446,0.04140665472729105,-1.1016642617980201,0.07693784372959844
1,-0.32684077526959254,-0.4796226973113026,-0.4796226973113026,1.1171312961849316,1.0,0.0,1.0,1.0,1.0,1.0,-0.26132915290423153,-0.7684333094207177,1.2229875599706892,0.04217323832203829,1.1397310601150787,0.018650377902015014
1,1.2230983715434305,-1.0809789858846581,-1.0809789858846581,0.5438773928173846,1.0,0.0,0.0,0.0,0.0,0.0,-0.46339719266872503,-1.2506052753254318,0.029967757999750155,1.149719763101462,-0.9839889505512696,0.7179838668303671
0,-1.5882221400765961,0.540230608413906,-0.22465176948841126,0.540230608413906,0.0,0.0,0.0,1.0,0.0,0.0,-0.2993037487910829,-1.3754453518825855,-2.279308691676327,-1.1024010552431727,-1.033578765057682,-1.1935159123737162
0,1.9824395915664907,3.637486652845416,1.9567402638049192,3.637486652845416,1.0,0.0,1.0,1.0,1.0,0.0,0.43591314813764787,-1.0058076744518416,-2.277076624920658,0.7276491839981694,-0.06922233893074037,1.8813996051055257
1,0.37904411078721534,0.38783304106730215,0.38783304106730215,1.6952423159265346,0.0,0.0,0.0,0.0,0.0,0.0,0.013438795323037654,1.1405114168728523,0.4940535926815655,0.2923939023828286,0.6681026020067586,0.3323167102226325
0,-0.2440676804541726,2.899018880793031,2.064304844034715,2.899018880793031,0.0,1.0,1.0,1.0,0.0,1.0,0.0492329132353968,-0.902604321491403,-1.8461888854073285,-0.4367514079866339,-0.6657665351795725,-0.14460592959768503
1,4.152369931842657,2.9332825217114156,2.9332825217114156,3.989870744798976,0.0,0.0,0.0,0.0,0.0,0.0,0.538304148163031,0.6558090381729346,-0.8441840282710021,1.7117490553487353,-1.5464097330801876,0.07114183153640496
1,3.4980227097604226,2.606551273084515,2.606551273084515,5.8160590749126495,0.0,1.0,0.0,0.0,1.0,0.0,1.5371651037253538,-0.5418048652329329,-0.8789433114731194,-0.7418320918776591,1.0821619181329305,0.5986761944001328
1,6.200389023482072,3.9872180090119764,3.9872180090119764,7.246050658637178,0.0,0.0,0.0,0.0,1.0,1.0,0.7437203639590214,2.784971042359134,1.2745570803624784,1.2786961423044738,0.6964967146104619,-0.5025711145239846
1,0.14698505845745258,-1.0067767133335126,-1.0067767133335126,0.16042457052250197,0.0,1.0,0.0,1.0,1.0,0.0,-1.1889581260440016,-0.6484450730192225,-0.2636804813700361,-1.1101178603937758,1.0323388108097642,-0.11237592753051581
1,4.2431870678607835,2.518333037781642,2.518333037781642,5.183211402737494,1.0,1.0,0.0,1.0,1.0,1.0,0.8808010053572589,0.6848559245710417,1.3505467680800232,1.6378363642919294,-0.3308183769783333,1.4417761192984169
1,1.957648129191704,-1.0658876926422365,-1.0658876926422365,1.730317536364137,0.0,0.0,0.0,0.0,1.0,1.0,-0.7706972006285095,0.37906488390686977,0.7647268083700576,0.6306054897401868,0.010753023998551103,0.3191905568791172
1,4.373507187179079,1.6961424145644854,1.6961424145644854,0.7574302777890289,0.0,1.0,1.0,0.0,1.0,1.0,0.9296174599818964,-0.7908193808070557,1.171315776886463,1.1428062949178377,-0.15620386082692306,0.7668131189684348
0,3.496181038119773,5.649606470066648,4.268791782607499,5.649606470066648,1.0,0.0,0.0,0.0,0.0,1.0,2.4566620135129797,-0.38908549459659947,0.2645059878598629,0.8703068795473621,-0.9498285841124635,0.7654100012431636
1,3.6601087814211115,2.2345599694743017,2.2345599694743017,2.3359764343909806,1.0,0.0,1.0,0.0,1.0,0.0,0.33609686899145536,-0.28255890537498785,-0.11993631325772619,0.9233972713831679,1.1414872728683467,0.000654580522637116
1,2.024030404809325,1.5818871928886615,1.5818871928886615,2.5507477504607214,0.0,0.0,0.0,1.0,1.0,0.0,0.4010640938016979,-0.14525605196092894,-1.1389231747898565,-2.1496871665768422,-1.8777224736558258,-1.2331895307239873
1,0.7287853999974785,3.0905932523763964,3.0905932523763964,3.9471614839834026,0.0,0.0,0.0,0.0,1.0,0.0,0.3705630905823017,1.3509422209947044,1.015475645662058,1.7961175638046036,2.1249215320045223,1.3677850094298087
1,4.947502839015408,1.223953414318645,1.223953414318645,4.752418078925013,1.0,0.0,0.0,0.0,1.0,0.0,1.0092317483528153,0.04527283267009308,-1.6199087467049493,-0.430434605297619,-2.0346243094660643,-2.230335681363422
1,4.704642976473482,3.2795700682021782,3.2795700682021782,4.94629369088578,1.0,0.0,0.0,0.0,0.0,0.0,2.4921982647308814,0.6381853828397084,1.2437102829383446,1.8250586405368387,1.5204177930743596,0.9500886603973488
0,2.6526053524360202,2.738571305111817,2.468418372869173,2.738571305111817,0.0,0.0,1.0,1.0,0.0,1.0,1.9136732283150573,-0.02114034116111485,1.752420744363142,0.4372954769536067,0.4689661480484223,1.479121381792531
1,0.6799230738889573,0.8268720731030907,0.8268720731030907,1.6100335046390377,0.0,0.0,0.0,1.0,0.0,1.0,0.8900586296365262,-0.3136767674929454,1.7074695016546189,0.9784871763951792,-0.09750919866251334,-0.2176715671136275
0,-0.15973464501591117,-0.47026246683157663,-0.6318328920088305,-0.47026246683157663,0.0,0.0,1.0,0.0,1.0,1.0,-2.099582967499379,1.060285481051443,-0.5030345906707574,0.6421217735543775,-2.304448494811909,-0.14130034129585678
1,3.2833611182385836,0.9690369144108084,0.9690369144108084,1.1407768020492446,0.0,1.0,0.0,0.0,1.0,0.0,0.08895791796231262,-0.542944395702423,0.6599203175922131,1.7521147096067455,0.1818379976504902,1.1980478021151084
0,3.558289072755369,2.886558173967746,3.1069060769834596,2.886558173967746,1.0,0.0,0.0,0.0,1.0,1.0,0.6282081248061261,0.9721473467056494,-0.3598372481614105,-0.2691045445901402,-0.2567546760512881,-0.3891143513750167
1,-1.9890644051111335,-2.4702757107363222,-2.4702757107363222,0.3071331878211647,0.0,0.0,0.0,0.0,0.0,0.0,0.5055264754794384,-0.7811732113063529,0.7472324573183191,-1.479131583967574,-0.8641309202939497,-0.5833266147368055
0,-0.3040304102593548,1.315157223984599,-0.1577450571590211,1.315157223984599,1.0,0.0,0.0,0.0,0.0,1.0,-1.1563478252331334,-1.360867424184639,-1.0813893495520661,1.5912397108662222,1.6601782647303032,0.3914129313432268
1,3.9259696407849343,3.5630832217715707,3.5630832217715707,3.3791117665820045,1.0,1.0,0.0,1.0,0.0,0.0,0.0364752578999356,0.09177133233516555,1.1667971045011976,2.160362613336151,0.3447684499686391,-0.16896189678914197
1,0.9866547517841323,0.24960897520308944,0.24960897520308944,1.254245729799368,0.0,0.0,1.0,0.0,1.0,0.0,0.5445634709556865,-1.241324549475145,-0.36533167462386834,0.5603718722820796,0.057418268892111324,0.21599784097491226
1,2.2745777503411397,3.706433253243057,3.706433253243057,5.046192577246812,0.0,0.0,1.0,1.0,0.0,0.0,1.719206430050833,-0.07874115528529313,0.7218584754983584,1.5257793851077062,0.11731108891382447,0.9349388321788227
1,0.8723978964207744,-0.8667550477720771,-0.8667550477720771,-1.2341992860369475,1.0,1.0,0.0,0.0,0.0,0.0,0.1406015828463028,-0.8989132699228031,0.8756346270532112,-1.044789604095302,-1.3746519698303588,-1.2280751663818328
1,2.4716919861118267,1.0564200447730174,1.0564200447730174,2.578642604233496,1.0,1.0,1.0,0.0,0.0,0.0,-0.5569332215667059,-0.13987951812408667,0.2925757827683945,0.3028864903104674,-0.46288253154482084,0.210611698316409
1,1.8248733155656194,0.35121269279104284,0.35121269279104284,1.2528849564835758,1.0,1.0,0.0,0.0,0.0,1.0,-0.6856808458926916,-1.135908274314811,-0.5356792154603127,0.6317953865765695,-0.8591446384274019,0.2596797238362313
1,-0.16716422639470396,-1.638380887157097,-1.638380887157097,1.8412744139921575,0.0,0.0,0.0,0.0,0.0,0.0,-0.014150367818378747,-1.4646338973407282,-1.7213214859269592,0.03939700314776612,-0.9343006506273668,0.7202250588004557
