1,3.5124184110205197,3.0789791424817645,3.0789791424817645,1.9291118274979269,1.0,1.0,0.0,0.0,0.0,1.0,0.3195014840957363,0.45937768883451924,0.978422179132334,-2.2229636777125066,-0.6913766639932177,0.048581147672861195
0,0.7712698502914773,2.2474915565224727,0.8892690377881131,2.2474915565224727,0.0,0.0,0.0,1.0,0.0,1.0,-0.44117605814361405,1.4735527245906432,0.4654779574026669,0.22740577485745814,-0.7504971201088377,0.37283554971223615
1,1.5280596086623424,-0.4765377499263962,-0.4765377499263962,2.517977164933325,0.0,0.0,1.0,0.0,0.0,0.0,-0.16504439430563522,-0.772025034034208,-1.75056548470533,0.4726147212426923,-0.6355100208200843,-2.4024813839177366
1,7.80248396048376,5.402432076157543,5.402432076157543,8.512354576373355,0.0,1.0,0.0,1.0,1.0,1.0,2.40434844597021,1.9572423224253201,0.3457929108672697,0.8484420703104352,0.7784780199988526,1.4475954822319645
1,2.6700707987253502,2.6984610203121764,2.6984610203121764,2.5677472891804665,0.0,0.0,0.0,1.0,0.0,0.0,0.12616833798873228,0.6130859350605666,-0.3590581812316024,0.5684630242801287,-1.168004567559375,0.24063301676480695
1,0.44307142727798277,-0.36577333257032274,-0.36577333257032274,2.510714325502329,1.0,1.0,1.0,1.0,0.0,0.0,-0.6958953000145305,-2.4106294741318868,0.5288459381784831,-0.41130297877843247,1.156348289123414,0.10270581216472865
0,-0.49517848954376553,0.8036423704779563,-0.3413616865362048,0.8036423704779563,0.0,0.0,0.0,0.0,0.0,0.0,-0.8100509015472703,-0.05146877108359374,-0.6621282516773592,-0.5916308116264675,-0.2730111742749069,0.8406727258771208
1,3.2321774613708505,3.2777833891666295,3.2777833891666295,4.32419620215925,1.0,1.0,1.0,1.0,1.0,0.0,0.6307925736148934,0.02420261193760742,1.5830891734449688,-0.2931856887383885,0.04886542509010405,1.8851693250144832
1,0.3685577750852497,-1.4952074159025135,-1.4952074159025135,-0.283941322892275,0.0,0.0,0.0,1.0,0.0,0.0,0.020695832750023554,-0.670711465080716,-0.6068605315081942,0.36468182371090313,-0.7565981911254591,-2.0805219433417155
0,-0.147036865661754,2.8616876065044274,1.0005342979404157,2.8616876065044274,1.0,1.0,0.0,0.0,0.0,0.0,-0.994740386946588,0.5997992348155984,-0.8079836534630856,-1.3319312167360282,-0.7835311471313255,-0.4586736829891604
1,-4.952024888067557,-1.323044991581491,-1.323044991581491,-1.0027091621822273,0.0,0.0,1.0,0.0,0.0,0.0,-1.0362669173124373,-0.7718959566001738,-0.264612534812526,-2.194114515822258,-0.5399668361018636,0.4073688031107088
0,0.7627512769877437,0.6497511526233763,-0.2902398627012872,0.6497511526233763,0.0,1.0,1.0,0.0,0.0,0.0,-0.672649891738049,0.3021396480596922,1.056155797243739,0.1567260361284737,1.3114184299918215,0.2169332140270015
1,2.533274539566057,0.5494138653323353,0.5494138653323353,3.3927606086781417,1.0,1.0,1.0,1.0,1.0,1.0,0.07693178893986623,-1.82947130065487,-1.277913607500147,-0.56528908766505,0.43513334415939064,-0.47620183961248375
0,0.2629175565414139,2.4918421218093645,0.6004716092041723,2.4918421218093645,1.0,1.0,0.0,0.0,0.0,0.0,-2.1508463954197734,0.37593644922255665,-1.6238479856747854,0.018459947905003438,-1.1261814243847206,-0.7479540405547309
1,2.3962400659483136,1.0885605939909095,1.0885605939909095,2.3190296314984566,0.0,1.0,1.0,1.0,1.0,1.0,-2.0429847941324484,1.9393302752845145,0.681569400244155,1.0021413597986168,-0.6357042423135078,-1.9630558270888558
0,-0.42895026399969777,0.5097400985123125,0.14701168564516842,0.5097400985123125,1.0,0.0,1.0,0.0,0.0,0.0,-1.1224347140584026,-1.4298497026721013,-1.4676284005280975,-2.042247782062211,-1.3841622142090029,-1.1140116475650779
0,-0.6349116146394452,1.2094793337355587,-3.3162915286051167,1.2094793337355587,1.0,0.0,0.0,1.0,0.0,1.0,-1.0538247772965037,-0.6440412804447581,0.2065397745430667,-1.5242132630774592,0.6271272288881407,0.8645272691168341
0,-1.1314338439599942,0.6612179312467,-0.3592094503109383,0.6612179312467,0.0,0.0,1.0,0.0,0.0,0.0,0.1622124147757539,0.028517451445884245,1.1427986576899336,0.766211640002566,0.7513855064242372,0.02386548058080007
1,5.757601188617995,4.558131929827966,4.558131929827966,6.042605119043713,1.0,1.0,0.0,0.0,0.0,1.0,1.3844661213246086,0.3569224350115219,0.27528982218024656,1.635791533795858,1.0514444215649439,1.9042698589675118
0,-1.6854497450560688,1.5099725192530824,-0.7933870526757846,1.5099725192530824,0.0,0.0,1.0,0.0,1.0,0.0,-1.4111366641816319,-0.006292251438181851,-1.3738536952744869,-0.865725980498778,0.17314860139865906,-0.43985946111680363
1,8.237582852677377,5.102625911341334,5.102625911341334,5.3096088737193945,1.0,1.0,0.0,0.0,1.0,0.0,1.6228635373537097,1.6582830794572894,1.731456216788973,2.4301798609332246,-0.15091240229559488,-0.7588845360767453
1,2.5461372868832264,3.1069569331024525,3.1069569331024525,3.3783866821108353,0.0,0.0,1.0,0.0,0.0,1.0,1.0124182760876919,-0.6159661559959358,-1.3301532693079916,-0.9296560756364511,-0.2833709210589218,0.9581794655455277
0,-2.640393309902598,-1.8925402685155217,-3.1761043369075717,-1.8925402685155217,0.0,0.0,0.0,0.0,0.0,1.0,-1.7109365279841453,-0.549877609600834,-0.8229435958648956,-0.6537332508558231,-0.1312768672216965,-1.5203075671336685
0,-3.6247471632975397,0.11245882556908438,-2.6852823622634645,0.11245882556908438,0.0,1.0,0.0,0.0,1.0,0.0,-0.9650092787089443,-1.0814355603500845,-0.41430145215354863,-0.75946837546924,-0.22036981818191437,-1.9733635591565448
1,3.8696627541288295,1.3604348725773676,1.3604348725773676,2.5782644378633837,1.0,1.0,1.0,1.0,0.0,1.0,-0.8596541356869527,-0.6913892874421301,-0.5675533544409491,1.210118863911629,1.1924925838489564,0.4297161684214459
1,0.9505625784476189,1.5168409630578665,1.5168409630578665,0.7430080543376223,0.0,0.0,0.0,0.0,1.0,0.0,-0.16499000826930812,1.1435888092243294,-0.6359062693330304,-0.7799801231448565,0.5294076927560529,-0.7429111271452896
1,1.4142258487599264,1.7172593500141002,1.7172593500141002,1.9947041688703708,1.0,1.0,1.0,1.0,1.0,1.0,-1.6681993478232107,-0.7145895619893433,-0.05520071564474713,1.7063347350824056,1.102464223691483,0.4835718587100193
0,1.3873490726058546,1.7573270826805722,0.12185016224807166,1.7573270826805722,1.0,0.0,1.0,1.0,0.0,0.0,-0.9201329693537157,0.09492785077674698,-0.76505514519714,-0.3734762711040702,0.7051416633932289,-0.9130377945871135
0,2.6536905454158184,6.30359140425236,2.8970135868308424,6.30359140425236,0.0,0.0,0.0,0.0,0.0,0.0,1.6773616325506415,1.1610963041579458,0.1682138327843055,2.8222589239199696,0.834451686305126,0.15324409296077945
1,3.0421433562724083,3.0629919803680985,3.0629919803680985,4.371641088028871,0.0,1.0,1.0,0.0,1.0,0.0,0.7632779676722657,-0.032233604713996944,0.16625605722314074,-0.05016423811972517,1.0609681171172483,0.3588652951464744
0,5.201303840866612,7.820687251617295,6.494407604282063,7.820687251617295,1.0,1.0,0.0,1.0,1.0,1.0,1.9402272046621316,1.942774180084204,0.3990172640126651,1.1713582708805312,0.6184459338707198,1.2300590641418148
1,4.585919567680669,2.074676840911154,2.074676840911154,4.203226322486643,1.0,0.0,0.0,1.0,0.0,0.0,2.3423652520013105,-0.8276923385217134,1.5276223683003485,-0.012823493633843275,-0.686995679469066,0.12309919059310853
1,1.4184182208731517,-0.4906169589542858,-0.4906169589542858,2.8531306041298885,0.0,0.0,1.0,0.0,0.0,1.0,-0.08300229972701247,0.6408361758274251,0.46521297134395734,-1.432294646841424,0.6795130960543475,0.8725702733134413
0,3.0914608652178037,2.067002196107381,2.582062731284943,2.067002196107381,1.0,1.0,1.0,1.0,0.0,0.0,-0.12205685797722876,0.6956329238991406,-0.35054706787838874,-0.5065797439457883,0.025172443681914902,-2.136089587538562
0,0.6643537300053612,2.7701420722523133,2.800543062703661,2.7701420722523133,0.0,1.0,0.0,0.0,1.0,0.0,-0.3293216922129808,1.8536158418712707,-0.33689253109906636,-0.4342000751873536,0.16630277113976732,-0.5578250682320143
0,1.5979852544902517,-0.9672323492324295,0.2228786812357697,-0.9672323492324295,0.0,1.0,1.0,0.0,0.0,0.0,-0.6355549589030453,-0.5204347957906637,-0.23904660064457273,-0.5084750739630507,-2.2613840547185156,-1.3171739245956837
1,2.645931688884834,0.23135619723348122,0.23135619723348122,3.93098452846316,1.0,1.0,0.0,0.0,1.0,0.0,-0.017339321164254306,-0.13254782663934428,-0.08539111211060371,-0.012530381904391031,-0.06657353561768106,-0.135180235498082
1,1.3818447067142883,0.25423104319243056,0.25423104319243056,2.233982188358525,1.0,1.0,0.0,1.0,1.0,0.0,-1.5998333891376104,-0.6563534742507846,-1.5005914035569803,-0.5839779335357944,0.3052979896243554,-2.0087087762208937
1,2.368155965383638,0.3691316343282893,0.3691316343282893,1.9138446528334232,1.0,0.0,0.0,0.0,0.0,1.0,0.637031668330001,-0.8289294278713015,2.501255475783651,0.390302356653961,-0.2592773659432085,0.9951182280731254
0,-0.4664995421783581,-0.7135163119079195,-0.896580824808658,-0.7135163119079195,0.0,1.0,0.0,0.0,0.0,1.0,-0.6520929336744927,-0.5812186274923659,-0.6564168646577523,0.11455591569859086,-1.2146826655968748,-1.4505003547704316
0,-0.9112074552291194,3.7506754011512884,1.3056068825486025,3.7506754011512884,1.0,0.0,1.0,1.0,1.0,0.0,-0.2397077104417207,0.6671078213897544,1.1381334081642593,1.3020013892167321,-0.7776894331799146,-2.483058748385232
1,0.7616398323095143,-1.277864892392843,-1.277864892392843,0.6480442594650083,0.0,1.0,0.0,1.0,1.0,0.0,-0.6238170115563282,0.01466547731017645,-0.4749027107213899,-1.0251901967175054,0.6321239938896701,0.25725753557126824
1,5.69274895267466,1.5454852626037212,1.5454852626037212,4.565102835595209,1.0,1.0,1.0,0.0,1.0,0.0,-0.271254104997744,0.6472386174259679,-1.9623617892405183,0.6079900640510548,-0.9461673168367404,0.1829112297442379
0,1.2803603358360804,5.114887244662941,4.718838686769852,5.114887244662941,1.0,1.0,1.0,1.0,0.0,1.0,0.26155977901019184,0.8952888219214438,1.8038407185028535,1.502440865895482,0.90403082552265,0.02493812215483182
1,-1.6921680217100974,-1.5629568281266153,-1.5629568281266153,-0.21346997145682955,0.0,1.0,0.0,0.0,0.0,0.0,-2.113030489531212,-0.7430859390740638,-1.298631030820704,-1.9173533921853974,-1.1242185929683959,-0.6534985740881627
1,1.40060684101114,-0.5866115309422675,-0.5866115309422675,-0.4248212274291433,1.0,1.0,1.0,0.0,1.0,0.0,-1.7250446274798594,-1.5333363628817462,-0.14249560430997543,-0.9358420065085733,-1.2820266891555196,-1.2752587531745874
1,3.6323837572333595,1.803504785304539,1.803504785304539,5.723099904248021,1.0,0.0,1.0,1.0,0.0,1.0,0.5926317358617519,0.04070437028918705,-1.146718491146103,-0.37766417501482785,-1.4593621786198652,-0.6666850190992833
1,3.1827359904647423,0.41506031110402636,0.41506031110402636,2.9068902230226095,0.0,1.0,0.0,0.0,0.0,0.0,-0.5847497677455741,0.30524185881482635,0.7413308382835402,1.7783260271440282,0.7599971625761747,1.3123764623289367
1,1.420488475908798,1.2944730584001396,1.2944730584001396,2.3762131402891713,0.0,1.0,1.0,1.0,0.0,1.0,-0.7911573448415561,0.2599432945862491,-2.137823022832566,-1.112798463163055,-0.21837724916128465,-1.2217477597744768
1,3.2988152694196806,2.292495581413062,2.292495581413062,4.634733983391028,0.0,1.0,1.0,0.0,0.0,1.0,1.0451262057591522,1.1809599086608846,1.2353380595243286,-1.111459977635523,-0.003373026332869289,0.7491066451792496
0,4.082329062607958,7.9075254966632205,2.358740529544117,7.9075254966632205,1.0,0.0,0.0,1.0,0.0,1.0,0.5865268893061928,2.7490884608377213,3.5107231139712045,2.3443582047169875,1.936900726796093,1.8794335900282118
1,2.477232039251338,2.912912947022053,2.912912947022053,3.8208946247132696,1.0,1.0,0.0,0.0,1.0,1.0,-0.23637677572124483,0.2391537059182131,-0.4974623763625471,-0.9337402591930172,0.34787219474431574,0.39429405215212654
0,0.8187488810575594,3.102592553730854,2.8894118136761895,3.102592553730854,1.0,1.0,0.0,1.0,0.0,0.0,-0.5736663014273568,0.535894279841121,0.32847327994845965,1.7784922575692084,-1.1086349141600889,-0.7151750400196782
1,5.401269479745071,1.530903541532601,1.530903541532601,4.6351295404660675,1.0,1.0,0.0,0.0,1.0,1.0,1.4639046627530679,-0.1316741098842202,0.8784766718270333,1.0308375988148057,-0.7415965229977763,-0.9161710731376551
1,4.158190830863436,1.0044853479764433,1.0044853479764433,3.5605363544558646,0.0,0.0,0.0,1.0,1.0,1.0,1.520539636485791,0.014912418896004698,0.5434660420883788,1.7442512538145847,-0.3496691652793903,0.40756638670891104
1,5.278564105843057,4.4851470714614265,4.4851470714614265,5.192615557848798,1.0,0.0,1.0,1.0,1.0,0.0,0.7408658347389346,0.7385154896780715,-0.3117557562933608,2.222742830269038,1.112333169320677,-0.3663034617224636
1,1.582008204303912,-1.8081939934654505,-1.8081939934654505,1.1516124217243697,0.0,1.0,0.0,0.0,1.0,0.0,0.15963799715878857,-2.345746621234242,-1.8518312916475501,0.5765451580548882,-1.7759361745710123,-0.8800176709918457
1,2.8842761765202978,1.6355503135092109,1.6355503135092109,2.4661128832741026,0.0,0.0,0.0,0.0,0.0,0.0,0.6442558281067786,-0.11565071101859759,-0.4473922319341818,-0.8329973044816202,-2.5849192801204754,0.9571673548324039
1,2.311091197766577,2.819291912029432,2.819291912029432,3.245806515168837,1.0,0.0,1.0,1.0,0.0,1.0,-1.8005227480786345,0.11985461028354072,-0.6198645321735154,-0.6791523169184182,-0.3273825917204189,-0.18305323821330935
1,2.433449388984912,2.53575798253097,2.53575798253097,1.5978688575060593,0.0,0.0,0.0,0.0,0.0,0.0,1.3951797975582296,-0.04114132195242243,-0.013150516547629457,0.303855010759691,0.45688270054885016,0.18467726681585633
0,-0.019264616571937565,1.071569899702278,0.10528372617874404,1.071569899702278,0.0,1.0,1.0,0.0,0.0,1.0,0.9409883202315067,-0.9806499682038121,0.5041546854287897,-1.4532069069936857,-0.5442393111926307,0.6998475781265973
1,-0.8007298650504968,-0.0987488367330428,-0.0987488367330428,-0.018516433631800944,0.0,1.0,1.0,1.0,1.0,1.0,-1.557753881163397,-0.7248743836396642,1.481291435604382,1.6834145247342445,0.18872267541718984,0.2925397737135694
1,2.5055109171285794,2.1951755527025383,2.1951755527025383,0.9718853353286956,0.0,1.0,1.0,1.0,1.0,1.0,-0.16977674626037578,-0.23385401353639756,-0.5334462874399971,-0.3843559210275656,-2.5219751657135703,-0.9469447087772193
1,4.549392864830493,4.785839700942896,4.785839700942896,3.3359384885460734,1.0,1.0,1.0,1.0,1.0,1.0,0.4564935685446234,0.899335177008626,1.870045969572347,1.6914540711327577,-0.08044388523442958,1.4921417495748588
1,5.739438369341473,3.9132770937115318,3.9132770937115318,7.322626030158943,1.0,1.0,0.0,1.0,1.0,1.0,1.9910420651891971,0.4526538823441375,-0.2642992012329647,-0.1357644371322524,0.15442862114432573,1.310305159238096
1,5.105816450783136,4.849962262360338,4.849962262360338,7.268579095858536,1.0,1.0,0.0,0.0,0.0,0.0,1.4141071911510277,-0.2946780949854089,-0.08713869318748535,-0.04727500218034801,2.8366578125110777,-0.019925811422942474
0,-0.1575146516678557,-0.39387292153486,-1.2176858190057214,-0.39387292153486,0.0,1.0,1.0,0.0,1.0,0.0,-0.3271534454755719,-1.4606216364296762,-0.813627872035719,-1.1340998409124614,-0.09644398807854893,0.006199751770229245
0,0.9853482345459762,2.4923069566670595,1.2369818059087339,2.4923069566670595,0.0,1.0,0.0,1.0,0.0,1.0,-1.6004412052221422,1.1116721054724257,-0.8194511094450989,0.060296415439209605,0.8947070759277871,-0.1934267280693161
1,2.2648433743884056,0.1562592423862115,0.1562592423862115,1.245313023099007,0.0,1.0,0.0,1.0,0.0,0.0,-0.7645340250953276,-0.8443795014660196,-0.7112100336092968,0.22579651596072806,0.06716282849859563,1.4781507907729685
0,-0.7005593192969702,-0.6296126841368129,0.9874581435240963,-0.6296126841368129,0.0,0.0,0.0,1.0,0.0,0.0,-0.32043403096075396,0.4449567036358069,1.388810315723338,-0.3342116686658715,-0.10567144486445443,-1.1797325031919448
1,2.2897825197903012,0.24753041263238662,0.24753041263238662,2.849594009758677,1.0,1.0,0.0,0.0,0.0,1.0,-0.6720634555209978,-1.8617267115916345,-0.24569951790175415,-1.0125074583824991,0.18895650623861737,-0.2615685794440769
1,5.082095597518402,3.928888545625199,3.928888545625199,8.43257955779937,1.0,1.0,1.0,1.0,1.0,1.0,1.9610580384296503,0.6095731031674093,1.1318565400110607,0.5562803010754764,0.22572389751615857,0.3198231409370466
1,1.8204897380470206,1.47157332177902,1.47157332177902,3.5208934316682194,0.0,1.0,1.0,1.0,1.0,0.0,1.1197471905084109,-0.8972856780983335,-0.5900992156883674,0.37538770840397245,1.1940496632637347,-0.3248514703923776
0,1.4169215185929254,2.1456917798070747,1.7961728911957242,2.1456917798070747,1.0,1.0,1.0,1.0,1.0,1.0,-1.2801391184995987,-0.42694150924003393,-1.3753898390231496,-0.6093810523408529,-2.151256492813861,-0.9753920476510675
1,3.4196044098847427,1.682704003345823,1.682704003345823,4.836090396197138,0.0,0.0,1.0,0.0,1.0,0.0,-0.10446871471358837,2.156014379920893,0.15435973007907933,-0.04638469930345779,1.9746370175439314,0.021399506670969903
1,4.431398945120293,1.5781592768403545,1.5781592768403545,3.5908538016039855,0.0,0.0,1.0,0.0,0.0,0.0,0.5038033739616417,1.493549483310368,0.5169288762440925,0.28788375971909186,0.5773855958096084,0.8412707464340934
1,4.874976818077275,1.7733213173414553,1.7733213173414553,3.8301270153504268,1.0,1.0,0.0,1.0,1.0,1.0,0.6233382325939895,0.44742224940927666,2.7080938809717714,0.2888465359297292,0.7042545922678982,0.740327172926169
0,3.468672426140569,2.9644094262964416,4.210972334187744,2.9644094262964416,1.0,1.0,1.0,1.0,0.0,1.0,0.5828641757751044,0.09049392926488764,1.351055580649481,1.4645225928345436,0.6772504928402846,0.9303650267003054
1,0.7910738823217043,0.04501040096309006,0.04501040096309006,0.9689769413993885,0.0,1.0,1.0,0.0,0.0,1.0,0.2599083293262331,-0.2140767675411125,1.1701116391692288,0.3339351756606572,0.20155620301668076,1.9627779521243536
1,4.6207342511173985,3.3125979605699705,3.3125979605699705,4.6697607081447865,1.0,0.0,0.0,0.0,1.0,0.0,0.15456150257790363,1.5886044326302913,-0.8632280919040971,0.7356395080759466,0.3970967119924893,0.07319870361007
1,3.5614854132557605,3.0726922746349112,3.0726922746349112,2.3046164401915235,1.0,1.0,1.0,1.0,1.0,1.0,0.004391360381077054,0.1461185781803045,-0.22096335771519177,1.137791846328585,0.8898592357524951,1.2259100621025578
0,0.6971005310636271,2.943033753096697,2.1320429994763868,2.943033753096697,0.0,0.0,0.0,1.0,0.0,1.0,0.2619111587066102,0.4009008409276452,0.35699358898717565,-0.6518813571196036,-1.2117028601510726,-1.0263762708134831
1,1.120289642519717,-0.6115350483789679,-0.6115350483789679,0.8233526108044403,1.0,0.0,0.0,1.0,0.0,0.0,-0.5840303013303665,-0.012441294996876961,1.7108047395740158,0.3073624859327893,1.7356805218982376,-1.278095840957171
1,3.134113506805667,4.051169052775991,4.051169052775991,4.502763538593961,1.0,1.0,0.0,0.0,1.0,0.0,0.07098220152455517,0.6918251696226462,-0.19557425438343734,0.8520402412661661,1.028147892035642,1.187356606542093
1,3.8914456494740715,4.452363725668398,4.452363725668398,4.509396070820942,0.0,1.0,0.0,0.0,0.0,0.0,0.9317983839691709,0.7016624259772115,0.5474767511546687,1.199466419923065,-0.11252842090888826,0.6928295310512713
0,1.0344991578885319,0.9433724923811666,0.28431832599662343,0.9433724923811666,0.0,0.0,0.0,0.0,0.0,0.0,1.1565311262847209,-0.2366249167728663,-0.14088008951214548,-0.394765640763792,-0.6824949747001317,-0.9625895354883811
1,4.456197416578503,2.8954293192654066,2.8954293192654066,2.3882567257916874,0.0,0.0,1.0,1.0,1.0,0.0,0.4544135829727506,1.0218748312585846,0.9948703680274686,1.6679598180920068,1.4000041686465075,1.778101533190087
0,-0.33833689058395544,0.4602784806708732,0.7657871550885593,0.4602784806708732,0.0,1.0,0.0,0.0,0.0,0.0,-0.8874524493261471,0.3480068324842658,-1.7113052958659694,-1.5464571067363324,-1.2909493524064866,-1.432945251198392
0,0.4695797607012724,1.9765064771769862,-0.5152992805472232,1.9765064771769862,0.0,0.0,0.0,0.0,1.0,0.0,-0.5640855211953404,0.06332012518136682,-0.4877120577096244,1.3925123107001023,0.662175901528595,0.33897312135213825
0,1.3141186474516768,2.597486235200358,1.7260908984736747,2.597486235200358,1.0,1.0,1.0,1.0,1.0,1.0,-0.18074130968837201,-1.361061099051822,-0.745178656649098,0.9601996997820326,0.2380008773737885,0.6557231885039277
1,4.170744593533745,2.658277510711952,2.658277510711952,5.598147508692158,0.0,0.0,0.0,0.0,0.0,0.0,1.602642171601095,0.2446561963202306,-0.13877320159756637,1.600526149171503,1.8494877030644985,0.14369016957126524
0,-0.1245794157665352,-0.1528482442937459,-0.8184301917486728,-0.1528482442937459,0.0,1.0,0.0,0.0,0.0,0.0,-0.7713462167729711,0.22365612590348188,1.586360038244133,-0.6673741697289447,0.01574726163073792,0.5409576061435742
0,0.779759767956686,-0.1602424105900364,1.0012524436911314,-0.1602424105900364,0.0,0.0,0.0,0.0,1.0,1.0,0.35849875574277384,0.1378279245839474,0.33842932044235796,-1.2342198048189974,1.6147936618708485,0.032721733231278416
1,2.8930241362191214,-0.06554960394619203,-0.06554960394619203,2.9636941311613914,1.0,1.0,1.0,1.0,0.0,0.0,-0.45115535526409856,-1.3822632629354095,-0.7500902010563388,-0.7427990042775777,0.530054016717409,-0.07470058584954375
0,-1.7332877353522944,1.4861846750656458,-1.4633920534699234,1.4861846750656458,0.0,0.0,0.0,0.0,0.0,0.0,-1.1539822087237748,-0.5499523494656562,-1.1405103872389155,-1.3195356129112141,0.09523787027603536,-1.0199260412572542
1,4.337039193931239,1.8830977416040549,1.8830977416040549,4.168687841180022,1.0,1.0,1.0,0.0,0.0,0.0,0.7881389451523787,-0.03174493275597978,-0.13281642805132002,-1.1965863977068159,-0.13653178343451547,0.1129062474919443
1,4.263276464329939,2.215797062623304,2.215797062623304,1.6491570661402166,1.0,0.0,1.0,1.0,0.0,1.0,0.11127225811111546,-0.13821819307068206,0.35737610606886155,0.9018153221215814,0.8871026416901397,-0.6612784470040037
1,-0.5406222542242108,-0.20373506437128786,-0.20373506437128786,-1.135750736340439,0.0,1.0,0.0,1.0,0.0,1.0,-1.3996465469213017,-0.2938896594230146,0.032993844448392706,-3.035875735422317,-0.2402622936738375,-1.194791757916052
1,2.3948159701097995,2.96295644167422,2.96295644167422,3.309298107613925,0.0,0.0,1.0,0.0,1.0,0.0,0.5667541162194437,0.3443919424306903,-0.7654016650901873,0.17778607797158757,1.1616029471452776,1.092045331611371
1,4.037584300000578,3.540540703306087,3.540540703306087,5.301202748546327,0.0,1.0,1.0,1.0,1.0,1.0,0.5225679473958712,0.08178321909331543,0.4345697048926077,1.6258488088148735,2.1244795204336437,0.46462286596262425
1,2.043720134926568,1.7264677663854355,1.7264677663854355,2.8159512075785385,0.0,1.0,1.0,0.0,0.0,0.0,-0.6513970937061596,0.6486066662127532,0.1366471744786227,1.1797420551365625,0.7366077167999276,-0.5899069603487992
1,-1.3408832798131498,3.1569631124882673,3.1569631124882673,0.18947742006547952,0.0,0.0,0.0,1.0,0.0,1.0,-0.4872227841951154,0.6567459769638249,-0.05859514496973112,-0.19452006737823269,-0.49853308169569316,-1.5173337657602786
1,3.5845359867301005,3.9273937795388845,3.9273937795388845,5.124803052843456,0.0,1.0,1.0,0.0,0.0,1.0,0.12421969433816175,1.227880344026112,-1.2832512624714,-0.09184322697564734,0.232243142648739,-0.6776407566903052
1,8.160384942742208,3.6625363221348524,3.6625363221348524,5.513674499028965,0.0,0.0,0.0,1.0,1.0,0.0,2.4326774063358565,-0.10226443695768139,-2.03833691114282,0.592233609612789,1.2657637708021858,0.04407753780949142
0,-0.0607624771322256,1.2512255406131814,-2.139742649618803,1.2512255406131814,0.0,0.0,1.0,1.0,0.0,1.0,-0.5321618182957926,-1.6351556715335744,-1.2373030675638552,-0.17675452595689767,-1.4110465680398574,-1.229254999259083
0,2.9514367352981346,2.5282445038115533,1.8892221541541345,2.5282445038115533,0.0,1.0,0.0,0.0,0.0,1.0,0.040573181905478546,0.16056827860337736,-1.2739551335519395,0.3761987561749638,-0.5824963118400115,-0.5596938645925694
1,4.360714589091699,2.9964310289420033,2.9964310289420033,5.433286577822616,1.0,1.0,1.0,1.0,1.0,1.0,0.4997404868729939,0.07260102763423415,-0.4636585881309412,0.4717457715200834,-1.4818002439582776,-0.5973872199083792
1,3.095534846861754,1.5591891341752493,1.5591891341752493,0.7756692317551324,1.0,0.0,1.0,1.0,0.0,1.0,-0.8253844870452264,-0.043739583530553516,-0.7887192375067714,0.4604150609906647,-0.6763425658912178,-1.3446038870296664
1,3.252726247640374,1.4147687017972195,1.4147687017972195,4.2227942285430355,1.0,0.0,0.0,0.0,0.0,1.0,0.8575513387123213,-0.6333163440576542,0.3853175777664709,0.10918994978516175,0.2214159601857493,1.5429262974948146
1,3.246171173209527,0.8935627884734172,0.8935627884734172,1.708865491467151,0.0,0.0,1.0,0.0,1.0,0.0,-0.37105116459737036,0.40217557550659444,0.5951890570395177,0.45345385843319114,0.2971558432150009,1.1717894167748368
1,1.579099289877201,0.7807019848300957,0.7807019848300957,2.1010589731056495,0.0,1.0,1.0,0.0,0.0,1.0,0.31116723691873965,-1.769967650671219,-0.2468708514699981,-0.9813194386390728,-0.618354441829848,0.07931903956476183
0,0.7947698335057826,0.7481927493423781,0.7063446371405109,0.7481927493423781,0.0,1.0,0.0,0.0,0.0,0.0,-1.1329432707291438,0.8295701772461789,-1.351150245769503,0.23685222733311756,-0.12374625234226852,-0.4837958882963171
1,3.4728150823228345,0.9491028706868219,0.9491028706868219,3.594193486423552,0.0,0.0,0.0,0.0,0.0,0.0,0.06594975173559835,0.17904605570568752,-1.062191043566465,0.1713126951784103,-0.04552381375139122,-0.0881779824312742
0,1.484085864084043,1.2044649804444434,0.3975267876140969,1.2044649804444434,1.0,1.0,1.0,1.0,1.0,1.0,-1.090100341861382,-0.7458473671744523,-1.3224168939299958,-0.9096040787666264,-0.17188840980550457,-1.0292114857110908
1,2.335504482158736,0.8044347654913122,0.8044347654913122,4.844934154454482,1.0,0.0,1.0,0.0,0.0,0.0,1.5936921359283391,-0.1820059770476306,0.1542746591403749,-0.8477672007474452,0.07130610031091897,-0.0744219403365971
1,-0.02375332096213667,-0.06029901057580578,-0.06029901057580578,0.1293659186987256,1.0,1.0,1.0,1.0,1.0,0.0,-1.8315162822162108,-1.2720639848862616,-0.7660173063841597,-0.25523323911121437,-1.0985279366346254,-2.118947067541093
1,3.012938219208821,0.266286429694077,0.266286429694077,2.688951523262241,1.0,1.0,1.0,1.0,1.0,1.0,-0.8503853584930041,-0.28893220474666215,0.4162881448114421,-0.23559224929469794,-0.24860071867001912,0.015658933816767962
1,2.3728877715234242,2.9012791209547806,2.9012791209547806,3.4863572201163784,1.0,1.0,1.0,1.0,1.0,1.0,-0.7847597538459976,0.2775141136162351,0.5981761408269816,1.3990990745688676,-1.235832078101244,-1.2102902174924002
0,-2.7039728127928186,-1.0585009129161036,-2.382224613591691,-1.0585009129161036,1.0,0.0,0.0,1.0,0.0,0.0,-1.2491406747629707,-2.2948144970840687,0.6990624948652021,-0.6145362581835774,-2.0552681771729913,-0.8615664810090301
1,1.734744935917829,2.151481263942409,2.151481263942409,2.929312751162998,0.0,0.0,1.0,0.0,1.0,1.0,0.6115176872748894,-0.1630276274434078,-0.07623266600869777,1.3451098965835326,0.2890573334081486,-0.24420374680540405
1,3.2823864226109016,3.183993842956168,3.183993842956168,5.08792474190682,0.0,0.0,0.0,0.0,0.0,0.0,0.4641018115686375,2.081986465689937,0.7296533042725992,1.266016434854612,1.8677181019534004,-0.26500497972222425
1,0.2460840589580056,-1.4555142160996297,-1.4555142160996297,0.5470093617359756,0.0,0.0,0.0,0.0,0.0,1.0,-0.17540800441608612,-0.5721798122648438,0.9033730091343896,0.11790341766471207,0.4839994812599616,1.2340713425583614
1,5.078796798728914,3.209900754717024,3.209900754717024,4.6516390362607805,1.0,1.0,1.0,1.0,1.0,1.0,0.35159596315172637,-1.316195007292267,-0.8255779856713239,0.7596020308939748,1.0236327682514796,0.7822216327018338
1,6.377721383103186,4.227345898720819,4.227345898720819,4.618078087663169,0.0,1.0,1.0,1.0,1.0,1.0,0.6860282841772064,0.8446441898735229,-0.5725773462600238,2.7474191548104216,1.2089857786874831,1.0652111659899197
0,1.783576747256744,2.4295661600211806,0.533423617576638,2.4295661600211806,0.0,1.0,0.0,0.0,0.0,0.0,0.6786752623370552,0.16653668342219144,-0.0234591057795549,0.19027918579530326,1.4079113325680996,0.03824613276011707
1,3.618213797176438,4.440077705419544,4.440077705419544,4.427208095300173,1.0,0.0,1.0,1.0,1.0,1.0,1.0048994408245957,-0.3317988754375373,-0.37683664081588797,0.03551565765733751,-1.6772545068668316,-1.0420395715367943
1,4.52827134791869,3.764270731650419,3.764270731650419,2.6605097745380566,1.0,0.0,1.0,1.0,1.0,1.0,0.5851383637510323,0.9318407543454612,1.2085193859533572,1.1273547836398234,2.4273783518051273,2.341863430795277
1,3.335951952012932,1.5340375292705124,1.5340375292705124,4.604897269642442,1.0,1.0,1.0,0.0,1.0,1.0,0.5451718805824377,0.4851538361897111,2.3287334998257867,-0.20007292904810525,0.7320042744675234,-0.39520016534429614
1,0.28458839156661714,-1.3665747654189715,-1.3665747654189715,0.9961767539966948,0.0,0.0,0.0,0.0,0.0,1.0,-0.205344716224654,-0.3079876767668096,0.640794641564362,-0.39248318750860844,-1.021418623455847,-0.33978992186312107
1,4.791939628961529,4.9068262610002185,4.9068262610002185,3.5087854635519085,1.0,1.0,1.0,1.0,1.0,1.0,-0.48349362888688574,1.8945042670729053,-0.6209039985797484,-0.21680014218365212,-0.9730899982853103,1.050835244567249
1,2.5797650436753354,3.166448461185575,3.166448461185575,1.8333342468832439,0.0,0.0,1.0,0.0,1.0,0.0,0.37815684306896635,-0.25255333757257103,-0.8366504632704577,-0.09573046457222892,-0.4500774951385326,-0.2638312822390706
1,1.6015305285491044,-1.8235971097868529,-1.8235971097868529,2.0122704853005526,0.0,0.0,0.0,0.0,0.0,0.0,1.0823851634007227,-2.0782387665282887,0.7590627545012104,0.9905923682780775,-0.7500768747782081,-1.2949965931131893
1,7.359431549930566,3.280048944574815,3.280048944574815,2.906114232053587,1.0,0.0,1.0,0.0,0.0,0.0,0.9493203362993831,1.2484835347929726,0.8639414790685866,-0.024799663274895363,0.15733365205293054,-0.014214432020609902
0,-2.448232884131011,-0.5739633442279555,-0.5135011376656047,-0.5739633442279555,0.0,1.0,0.0,0.0,0.0,0.0,-0.35464714652140367,-1.0709637233711564,-0.3586322420477811,-1.0728248394520226,-1.4372773975614759,-0.4229474348531101
1,3.946312718832579,2.5968882168522067,2.5968882168522067,5.118070801788884,0.0,0.0,0.0,0.0,1.0,0.0,1.3201993083458308,0.8631959321357002,0.49461323000188984,0.5316758843046095,2.1651797954185907,0.6077770758254695
0,0.5941451130055588,3.5362874432483844,0.48077541975462545,3.5362874432483844,0.0,0.0,1.0,0.0,0.0,1.0,0.23651808151176845,1.4380603313449811,0.9122779604698268,-0.968748048353089,0.18051843818785152,1.0980247182228047
1,3.413411253051968,2.5666213744231174,2.5666213744231174,4.919953239611959,0.0,0.0,0.0,0.0,0.0,1.0,1.2812916227798699,1.439629815008723,0.2116305263258671,-0.5364558182761228,-0.4319588419389748,0.21401942282296355
1,3.6360340771909003,1.7952384317126755,1.7952384317126755,2.848921653776157,1.0,1.0,0.0,1.0,0.0,0.0,-0.08801659843439985,0.07350019990974319,0.6025366879444174,-0.037181688668279894,-0.17074553848053584,-1.1131239086823195
1,2.1862589595500292,0.4658427316859683,0.4658427316859683,1.6704037535209497,1.0,0.0,0.0,0.0,0.0,0.0,-0.23951381675490366,-0.975206927982024,0.608269020008591,0.7124821677376745,-0.3204768665658949,0.05653216353350987
0,3.176841884444092,3.752673960029477,4.264393896862516,3.752673960029477,1.0,1.0,0.0,0.0,1.0,0.0,0.2964519243267481,0.5960194107438466,-0.06935274090868584,0.4103573582985742,-1.5918612139425221,1.0366013319633718
0,0.5131487685877443,0.5250651834067839,-0.3437633079628657,0.5250651834067839,0.0,1.0,1.0,1.0,1.0,1.0,0.05043122551936358,-1.4976730337031778,-0.4879731695558973,0.34729471780022025,-2.5674268968595624,-0.9732123338222708
0,1.4919700934779678,5.438068174198431,2.672507673470109,5.438068174198431,1.0,1.0,0.0,0.0,1.0,0.0,-0.08029941935234797,0.7419239345964401,-1.364550538694727,-0.8468130083557649,1.5606279031854327,0.707582111742014
0,-1.9533392614321838,0.26041987392220567,-0.6615657095046299,0.26041987392220567,0.0,1.0,1.0,0.0,0.0,0.0,-1.0126317896913017,-1.3800879510496822,-0.5702526263029694,-0.2747020248067269,-1.5835730101076806,-2.126710792932994
0,2.97279570090511,0.7818116972921156,0.7489503401768712,0.7818116972921156,1.0,1.0,0.0,0.0,0.0,1.0,-0.3794934062543476,-0.6726415863431933,-0.503448354123504,-0.3226145172908731,0.4969044615941564,0.49325662422436795
1,1.8643684948440802,0.8821158293933922,0.8821158293933922,1.349925324840107,0.0,0.0,1.0,1.0,0.0,0.0,0.043606828309673516,0.03389814991876017,-0.3432387662107508,0.23674329426851565,-0.7583174626728442,-1.5985601823075206
1,3.273210122842879,0.07429411863800128,0.07429411863800128,2.9998550095339143,0.0,1.0,1.0,1.0,1.0,1.0,0.11249624680852381,-0.614326518295727,-0.3026606709659918,-0.4864219514609764,0.41185683206212376,0.26391870945356477
1,3.193721422866948,2.9588504726599676,2.9588504726599676,3.7257248602874973,0.0,1.0,1.0,1.0,1.0,1.0,-0.12787572567368757,-0.2580881797676989,-1.9278129901886982,0.8124051023710415,0.24160179067899468,-0.8246068050115173
0,0.9889042095710698,2.6064730356843087,0.9845677112423564,2.6064730356843087,0.0,0.0,0.0,0.0,0.0,0.0,0.9406841376302477,0.6449535725544837,1.1289836912032778,0.5519053701610972,0.165257164624546,-0.6148309223889239
1,2.833194155972808,1.9991192167704832,1.9991192167704832,2.838145145610205,0.0,0.0,1.0,0.0,0.0,0.0,1.204307509857059,-0.3265550053200353,0.18409263480290503,0.4257426923822368,0.9680162383468806,-1.3446891947394108
1,3.5431833271363926,1.8021333205778642,1.8021333205778642,4.748196377856088,0.0,1.0,0.0,0.0,0.0,1.0,-0.11266967529195976,1.5607254439145026,-0.32170791859463166,0.021145078293970054,0.5740703301592032,0.9759339242750562
0,0.2797606953060342,1.455918352445205,1.7727827994947438,1.455918352445205,0.0,1.0,1.0,1.0,1.0,0.0,-0.995689726142974,0.10258519108370245,-0.2053804397714132,-0.672339706609468,0.04517038221136771,-1.4467802035867985
1,1.0625525607755453,-1.3659197419295386,-1.3659197419295386,2.336661883529745,1.0,0.0,1.0,0.0,1.0,0.0,-0.25971573652259805,-1.4707799710082632,-0.622501978005432,-1.962580628654761,-0.3295367512235388,0.12442778701591584
0,0.6218749343064823,1.8749286497787643,0.23375014576989933,1.8749286497787643,0.0,1.0,1.0,1.0,1.0,1.0,0.95588398131407,-1.703491074661097,-0.2494811867860928,-1.4344054766131122,-0.6818345425577375,-0.21920529224450547
0,2.105232713675847,1.8308307639743535,2.4097361729099984,1.8308307639743535,1.0,0.0,0.0,1.0,1.0,0.0,-0.28822316862660324,0.29803507258650974,-2.349434912127423,-0.28746818590565204,-0.1755899567987258,-1.8015524106472367
0,0.27420012618873446,2.675979049433309,-1.0086141409059048,2.675979049433309,0.0,1.0,0.0,0.0,1.0,0.0,-0.09996391021443342,-0.4581583016781924,-0.03209677262610394,-0.8012879837399534,0.642991627168827,0.4407040251601083
0,-0.21633424570328474,3.29091624471466,-0.7866715994532525,3.29091624471466,1.0,1.0,1.0,1.0,0.0,0.0,-1.4079236896212692,-0.9359945099356276,-1.1832824911713398,0.3774790048767617,-0.31419636903526615,-1.827739043215653
0,4.928820765211211,7.328048138197924,3.7508126207159505,7.328048138197924,1.0,1.0,1.0,1.0,1.0,1.0,0.14580250025771974,1.9209673828300478,-0.28769315522689887,0.6042451958441581,0.5265380967277069,1.635700504109773
1,4.037701221866755,4.021687720085545,4.021687720085545,6.738850028644936,1.0,1.0,0.0,0.0,0.0,1.0,1.5063566679426903,-0.264130366731961,0.3255449327497504,0.8996910627089123,-0.034732717457293096,-0.3258251319354208
0,1.0706488129183873,3.1159878805793184,1.4105303513277168,3.1159878805793184,1.0,0.0,1.0,0.0,0.0,0.0,-0.9188539859877,0.9352972870078773,1.0521256456868815,0.03368361054198668,0.11384731885779242,1.12424703468276
1,-0.37782468450036116,-0.9541263799031221,-0.9541263799031221,-0.3737993562786384,0.0,0.0,1.0,0.0,1.0,0.0,-0.8905469055940234,0.7326007224095914,1.4197380098159886,0.7052488328278999,1.187308589173921,-0.1338710288075835
1,5.856292995401882,3.8892726855591553,3.8892726855591553,4.570223677809181,0.0,0.0,1.0,0.0,1.0,0.0,2.3282032836405415,0.34471951139652396,1.7093210937003231,0.9936198999669577,0.48610487574507044,-0.3012702329114061
1,4.853468188045953,0.15251334172672637,0.15251334172672637,4.143180042570508,1.0,1.0,1.0,0.0,0.0,1.0,-0.016393747751229957,0.006277350346539423,0.02267014359365105,0.07003290049591196,-1.703520304074234,-1.0468947969532423
1,9.744439857310363,4.895407792329701,4.895407792329701,8.975906774914558,1.0,1.0,1.0,0.0,0.0,1.0,1.7504292632186254,1.0428939323751143,0.3567386934486104,0.1382362416739492,0.7751067855950133,-0.9316618739498339
1,1.13902156252361,-1.2695223793866144,-1.2695223793866144,0.6287975265237213,1.0,0.0,1.0,0.0,0.0,1.0,-1.826307702473085,-1.761867275931357,-2.0132282949707467,-1.155015632288457,-1.1568272013540275,-0.6589800709208723
1,-1.1307304789070072,-1.8649147384276334,-1.8649147384276334,-0.4745430040218601,0.0,0.0,0.0,0.0,0.0,0.0,-0.5280145768236058,-1.451623686567177,-0.4620362238345355,-0.7514512021214248,0.31510860665349283,-0.3233157321083274
1,4.393697684609334,2.0550530994993466,2.0550530994993466,2.9594545329306836,1.0,0.0,1.0,1.0,1.0,1.0,0.5007587060470042,0.1288053560097734,-0.659537503950565,-0.5552880900436341,-1.980803392430865,-0.93821397149207
1,3.6928716099586913,0.09621144565081696,0.09621144565081696,3.925182128529886,1.0,0.0,0.0,0.0,0.0,0.0,-0.44215307622306355,1.5768514747439044,0.4678416633307111,-1.0529145975315353,1.239224455057847,0.7173228377851533
1,5.530904268739063,0.8141669063474981,0.8141669063474981,5.139296185313823,1.0,0.0,0.0,1.0,1.0,1.0,1.120330957085936,0.6116483033659749,0.20162201485053638,1.8042265341469257,0.18015994105165312,-0.16789708380731183
1,4.595624562485373,3.7797445640720597,3.7797445640720597,4.702210415042754,0.0,0.0,1.0,1.0,0.0,1.0,2.2977773927811738,0.5849963109392828,-0.07429650587441716,1.3944112672333,-0.6796099766875832,-0.37152188464529695
1,3.679283425434549,1.0573345141380588,1.0573345141380588,2.992851141607413,1.0,1.0,0.0,1.0,0.0,1.0,0.26150728005982055,-0.7027371638722812,0.4542715578137406,-0.23753162544368395,0.7420135002209134,0.7921115463833394
0,2.012938423845384,3.6730838955737517,2.420480553509881,3.6730838955737517,1.0,0.0,1.0,0.0,1.0,0.0,0.4157460549229256,0.8941497680059047,-0.11384654218452372,-0.23725736933415026,0.4518826617779772,0.9702474133295222
1,5.749672624707127,3.111117571035124,3.111117571035124,4.152392190476962,1.0,1.0,1.0,1.0,1.0,1.0,0.5936808631482062,0.540365195919307,-0.22013406581080985,-0.21004789292743622,0.5889082346710829,0.6715820214380726
1,1.6697384790110752,-0.10797360145452883,-0.10797360145452883,2.1620815633315646,0.0,0.0,0.0,0.0,0.0,0.0,1.4548878280296147,-0.10276633316447764,1.2480149643888119,0.0513874413025561,-0.1840127797018261,0.7985558715924017
0,-0.3138969135375119,1.3097807584933445,-0.05254403124421303,1.3097807584933445,1.0,0.0,0.0,1.0,0.0,0.0,-1.584545110667006,0.7878533799348065,-0.19293156793760458,0.1654615250113245,1.9246133012910165,-1.002377224314058
0,0.5508634130934893,-0.456940225582245,-0.15691961529272913,-0.456940225582245,1.0,0.0,0.0,0.0,1.0,1.0,-1.5009715330906575,-0.10476469244197545,0.2167892354022194,-0.8531181632300578,-0.7972129562591034,-0.9324473321732822
1,0.7454976431689402,-0.20995195443396053,-0.20995195443396053,0.7133401774662045,1.0,0.0,1.0,1.0,1.0,1.0,-1.4927472284274763,-2.012617907876058,-1.1236407393448486,-0.5480078554230401,1.263558674383329,-0.6604600866932231
1,4.97014557004743,2.971654872040225,2.971654872040225,3.6459245244049576,1.0,1.0,1.0,1.0,1.0,0.0,0.053664005265762475,-1.0806262686804164,0.502798504488022,0.13102807029782354,-0.6356862847915559,0.6771484375566346
0,0.03600817013701585,3.5090433405349994,2.0910007036719795,3.5090433405349994,0.0,0.0,0.0,0.0,1.0,0.0,-0.17138329635938393,1.7786596815281996,0.5984799695223816,1.0211195934783703,1.6723942891740298,-0.7087802862576408
1,2.888132808401139,4.1646523664034305,4.1646523664034305,3.382572057333154,1.0,0.0,1.0,1.0,1.0,1.0,-0.12069184241005457,0.2554104618311379,-1.1969538470386012,0.41754659538028005,0.3460499541663202,-0.8558979197164174
1,-0.26780763165881316,1.7649026986799579,1.7649026986799579,1.0801843856635216,1.0,1.0,1.0,1.0,0.0,0.0,-1.16124617464881,0.032080773689716735,-0.7627809986339272,-1.0677986232692116,-0.8683735392780156,-1.3866306887575037
1,3.084197210541541,0.3078664401079079,0.3078664401079079,3.047705007304854,1.0,0.0,1.0,0.0,1.0,0.0,-1.0087185577395896,0.19467923987718883,-1.494009089966476,-1.9896224536263278,-1.443907758574826,-0.6544814211634445
1,2.427768719914676,1.3315530069681434,1.3315530069681434,2.0817669456238286,0.0,0.0,0.0,1.0,0.0,0.0,0.5957302475186842,-0.5199233361409,-1.4730902795951193,-0.8035190244036863,-0.8342050978312943,-0.9007013067928721
1,6.365839855010555,5.830628955991212,5.830628955991212,4.690625857346991,1.0,1.0,1.0,1.0,1.0,0.0,0.666183944188064,0.6646277771704837,-0.5049703596649721,1.5252057591524029,0.70943570772275,0.3870905112130681
1,1.8472412877044073,0.060301122748216224,0.060301122748216224,2.1890939704280274,1.0,0.0,1.0,1.0,1.0,1.0,-1.1989115548298692,-0.5096038169095556,-0.6903321693462532,-0.8222188734217295,-0.2968119403937918,-0.6919985260329076
0,4.290541588294293,5.745698866879054,2.2692370743656687,5.745698866879054,0.0,1.0,0.0,0.0,1.0,1.0,1.5472329527730666,0.5692272360556055,-0.1462557850238886,1.3851898273981587,0.5116066044290871,1.0895386037178794
1,2.471287395818585,0.9931189135783786,0.9931189135783786,1.000839800738747,1.0,0.0,1.0,0.0,0.0,1.0,0.380364498741894,-0.5618416074422566,-0.25450685743412377,0.817846902515491,-0.1660164332722708,0.0017623271107454486
1,4.534614584844957,2.3651608172958447,2.3651608172958447,3.6121112290648085,1.0,0.0,1.0,0.0,1.0,0.0,0.7276298683478852,-0.511465815820517,-0.3808698071381829,-0.4559621941399866,-0.0377490718571899,0.15929394946706268
1,1.8470849688816113,0.3980245970447931,0.3980245970447931,1.8835860129934332,1.0,1.0,0.0,1.0,1.0,1.0,-0.013411663815602841,-0.9759421078412995,-0.21114218724067524,0.1644203744443448,-0.5843032774584869,-0.26436765533894535
0,0.8756888215637272,0.6933988705180933,0.4363921402239295,0.6933988705180933,0.0,0.0,1.0,0.0,1.0,1.0,0.5966548112946151,-0.3755832927619355,-0.42810448161051873,-0.014180167031293489,-0.8731312567666383,-2.6845788739714447
1,0.8882237701739086,1.0363664331442333,1.0363664331442333,0.5785744139623182,0.0,0.0,0.0,1.0,0.0,0.0,-0.4984625659876961,0.5940573587699223,-1.061366344768162,-1.4183184159282125,-0.8646219067429798,0.5956270278420108
1,2.9849201033368153,1.7286714026819683,1.7286714026819683,3.2451871652069255,1.0,1.0,1.0,1.0,1.0,0.0,0.620476776220861,-0.48477252319295344,1.2406499176055794,-0.45696917707410245,0.6005247004922767,-0.504447250354726
0,2.4272219675905093,4.873661938611925,1.1025178912822997,4.873661938611925,1.0,0.0,1.0,1.0,1.0,0.0,-0.0014172447980115904,0.23884639360465126,-1.534496681647002,-0.1836093013906381,0.9994118900972127,-1.7798880128131591
0,-1.7263889307481644,-1.1564608078154248,-1.251363616223494,-1.1564608078154248,0.0,0.0,1.0,0.0,0.0,0.0,-1.0612613814901803,-0.06912980570772675,0.8356023865802853,-0.09692499901740137,-0.3260526732197341,1.4210774483613138
0,1.061947606103991,2.344202173376079,0.7202928483434735,2.344202173376079,1.0,0.0,0.0,0.0,1.0,1.0,-0.45645814536219714,-0.832897978875186,0.057535744811957584,-0.1180338671249721,-0.4042352237785072,0.5050257351156205
0,1.1125363257351066,2.287660488081766,2.0697666594705786,2.287660488081766,0.0,0.0,0.0,0.0,0.0,0.0,0.06931366481115882,0.808333955742977,0.37432115913663355,1.476921218767571,1.0398737955878277,-1.4141270257004996
0,0.6346602576559673,-0.34641501221345194,-1.9153085923211193,-0.34641501221345194,0.0,1.0,0.0,0.0,1.0,0.0,-1.3052545034906335,-0.13622842674776597,0.1969906164562573,0.3413905100094742,0.1363144530464146,-0.6430428109090411
0,2.4176204763507743,-0.25551801159526555,1.522737920158229,-0.25551801159526555,1.0,1.0,1.0,1.0,1.0,1.0,-1.0610956059956689,-0.22454452685567172,1.282568843984785,0.11381895176673043,1.596066973190568,0.6826146492321132
1,5.732295513627575,2.106525875343346,2.106525875343346,3.8231862683219267,1.0,0.0,1.0,0.0,1.0,1.0,0.16276920624771235,0.6412585832673985,-1.3726420006041993,-0.7142085169246024,1.9907625358208334,0.12495507548359414
1,3.9098168221474543,0.8621308453772316,0.8621308453772316,2.1774478631396015,1.0,1.0,1.0,1.0,1.0,0.0,-0.4763040863021217,-0.3200563223948158,-0.06906554518913594,-0.12527664592451127,-0.8501402498246287,-0.042770422578929546
0,0.17595274978855535,4.413461608566255,2.023435682569136,4.413461608566255,1.0,0.0,1.0,1.0,1.0,1.0,-0.8546154275948882,2.4471719370803346,-0.5953278906710172,-0.7506994198964686,0.5305375791431216,1.0464756076660036
1,6.952451109507718,2.49553932140962,2.49553932140962,6.2015545952150894,1.0,0.0,0.0,1.0,0.0,0.0,0.24543055778591075,1.9071608648033245,0.9222335576539672,0.746215297323146,2.9026192948688783,1.030419588075436
1,4.413641168593728,4.071944495350557,4.071944495350557,4.166865598297567,1.0,1.0,0.0,1.0,0.0,1.0,0.619885764903249,-0.042546841455021855,-0.8234698738011169,0.26885588536467464,-0.1515671593068033,-2.5390732168479127
0,3.6813691464727265,6.209318127019194,4.235982289788909,6.209318127019194,0.0,1.0,1.0,0.0,0.0,0.0,1.8578691915584191,-0.151476782338274,-0.17721583762069187,-0.0756056076567412,-0.2878201681932939,-0.5243724097323494
0,0.5277880611335624,0.8772609873163708,1.5908103583086248,0.8772609873163708,1.0,1.0,0.0,1.0,1.0,1.0,-1.4607386087169514,-2.0556561753818627,-0.17448804341084706,-1.048088418545352,-0.3328675514091898,-0.4878664856230096
1,4.205078815115303,2.1514153364900066,2.1514153364900066,6.732229708806469,1.0,1.0,0.0,1.0,0.0,0.0,0.8714202518854485,0.5014551961254906,0.4253045943781617,0.8639183543596896,1.1858755380123935,0.4536054930093171
0,2.8250570510803494,5.437697473937813,4.274905990420042,5.437697473937813,1.0,0.0,0.0,1.0,0.0,0.0,1.237190118063144,0.5555642763147074,-0.19346052146780202,1.443560493254723,2.022510689526266,1.6745086675882386
1,3.3170937011788624,2.2180795492552323,2.2180795492552323,2.6000140660248516,1.0,0.0,0.0,1.0,1.0,1.0,-0.6365685067801157,0.23458155066467884,0.08965396968273143,1.6488941080272155,-0.03337568330575036,0.8289045728184941
1,4.06248331593001,4.353353771654024,4.353353771654024,5.508432535657908,1.0,1.0,1.0,1.0,1.0,1.0,0.4311223409799304,-0.04460214014870517,-0.608478977812398,-0.4475334272430094,-0.6393491791680381,0.1608921728341452
0,0.5394563651301195,2.410554362692066,0.9610331108854506,2.410554362692066,1.0,1.0,0.0,1.0,0.0,1.0,-0.9755708067083546,-1.6638768854819843,-1.6624298400058677,-2.0061994695918766,-0.5474528381970589,-0.43348468156078046
1,3.1299962843137052,2.198916807343594,2.198916807343594,0.3751143584503558,0.0,1.0,1.0,1.0,1.0,0.0,-0.922346024573075,-0.0591605958531467,0.32508114247413655,1.48501665572879,0.1664172906881416,1.177116086878965
0,2.0126346578237873,3.4586321428610014,0.11344448755135028,3.4586321428610014,1.0,0.0,1.0,0.0,0.0,0.0,0.11551846739105646,0.19879242296967628,0.95415333143628,-0.5308574599247271,-0.24608387410137067,1.010148062819231
0,3.325893431991089,5.443953366765576,1.6994800420196787,5.443953366765576,1.0,1.0,1.0,1.0,1.0,1.0,0.7223562749324299,1.5486821976903176,1.0756493054268326,-0.06920315310862993,-0.02420532144050913,-0.23437986553708423
0,1.2088674023497294,1.8812283415828708,1.1153714130463113,1.8812283415828708,1.0,0.0,1.0,0.0,0.0,1.0,-0.3738536400409787,0.6283115307033371,1.1638726036899498,-0.5712478474565289,-0.9481754364510395,-0.6187446950791873
0,-0.46517053163099575,2.0976044991053824,-0.654871083147405,2.0976044991053824,1.0,0.0,0.0,1.0,0.0,0.0,-0.7230472833195521,-0.15840037519627642,-0.4131475845235415,-0.4874346208239969,-0.492376249354302,-0.7262743167197997
1,4.753310912443536,3.6049964615583487,3.6049964615583487,5.200147861235616,1.0,0.0,1.0,1.0,0.0,1.0,-0.3933685229016046,1.5275724058541045,1.4828130111754272,1.9383408783689964,1.7692231101407714,0.9678815653810859
0,2.3253672192997175,4.115233014440966,0.17485367457919,4.115233014440966,1.0,1.0,1.0,1.0,1.0,0.0,-0.3926022446852644,-0.6289487200885899,-2.0560335982135474,-0.31263509468794787,-0.8481077632068359,-0.3955894353113354
1,4.333392683896829,2.9444262373011902,2.9444262373011902,2.0621636520936586,0.0,0.0,1.0,1.0,1.0,0.0,0.37614146314688757,1.6744866111697263,1.4227141048554384,0.5224326531654763,1.0162159804819755,0.8447469268645371
1,2.599603478682125,2.7831327855119037,2.7831327855119037,2.9308758173307368,1.0,1.0,1.0,1.0,0.0,1.0,-1.5373782972511558,-0.7621754045580273,-1.8522060866557473,-0.07706402682699656,-1.6806703428255008,-0.4520580084275918
0,3.8558489958006668,6.000888112643838,4.248761450785195,6.000888112643838,1.0,1.0,1.0,0.0,0.0,0.0,1.4169417175096033,0.9718763216591679,0.8966788272822387,0.7184565150540163,0.9578538081835574,0.44988041463541345
1,2.308271013514836,2.8760965868345547,2.8760965868345547,4.0587743553976825,0.0,1.0,0.0,1.0,1.0,0.0,0.5491797655581164,0.4019940259345082,-0.6734636122092954,0.49454408665612215,-0.5309662353026383,0.605319384888832
1,5.632650822032499,3.437609997972022,3.437609997972022,3.631404345028982,0.0,1.0,0.0,0.0,0.0,0.0,1.2078038148243195,1.4587398987393825,0.9129172304710089,0.9059258173496675,0.9774759496074864,0.1712088940013614
1,5.716917531411742,1.346944853252509,1.346944853252509,4.367063715540379,1.0,1.0,0.0,1.0,0.0,1.0,1.561440312129572,-0.4126288562950291,1.8272345946190791,0.6125368954712571,1.468738900949592,-0.7989760452458596
1,0.5963490172337118,2.536793734583494,2.536793734583494,0.5284267740508231,1.0,0.0,1.0,0.0,1.0,0.0,0.1638998694670299,-0.23389483768081987,1.7158317045127864,0.023599691092702435,1.2963959981164532,-0.16416024039784682
1,5.317847219541344,5.110020575146324,5.110020575146324,4.234458078380204,1.0,1.0,1.0,0.0,1.0,1.0,0.11889610400908501,0.8203971181938459,-1.55064600912641,-0.28350472460805676,0.19573313892698868,-0.8967766217861673
1,5.119062858524188,2.9499208442932803,2.9499208442932803,7.594382155504585,1.0,1.0,0.0,1.0,1.0,0.0,0.5152368798185843,-0.12384556497586174,0.04530222040263354,0.9169039781300298,2.1858354832591367,0.9727897763651875
1,2.577427275185581,0.4210308160776711,0.4210308160776711,-1.1416123351266392,1.0,0.0,0.0,1.0,0.0,0.0,-0.7014323679465897,-1.0805477831040966,0.6166581118729833,-0.5066090216152339,0.06109509709704072,0.06695548687974162
1,1.4843216073925642,0.6100676094070789,0.6100676094070789,2.4059969875001763,0.0,0.0,0.0,0.0,0.0,0.0,0.5423352180335884,0.158777857494598,0.2410993372236634,0.5934734412877767,0.16488826920901314,0.2361592525654274
1,-0.25831422541040105,-2.071689958762256,-2.071689958762256,0.34744626183437766,0.0,0.0,1.0,1.0,0.0,1.0,0.04956175858089449,-1.12459624760104,-0.21383767119942335,-0.8201121799674145,1.5051646790695645,-0.6221336120990968
1,6.979215816108775,4.0309972368256215,4.0309972368256215,5.344915188672062,1.0,1.0,1.0,1.0,1.0,1.0,0.704006232102058,0.30404598004031597,0.28941131429235817,-0.46694824905490295,-1.1130544180920703,-1.055193598247663
1,3.573564605037676,4.077995902175615,4.077995902175615,5.151298960234389,1.0,1.0,1.0,0.0,1.0,1.0,0.1335250199580898,0.054094385801642775,-0.9061837023569356,-0.08502345359788824,0.03959717366246285,0.7095788463856685
1,1.4527624803819983,-1.5448527157257521,-1.5448527157257521,3.215441186047282,0.0,0.0,0.0,0.0,1.0,0.0,0.7597490256262809,-0.04258373602668328,1.1057965483979904,1.2437866110053863,-0.9591585885318922,-0.22409460674714426
0,-1.6431704621134875,2.0017453004086905,0.07199376020968173,2.0017453004086905,1.0,1.0,1.0,1.0,1.0,0.0,-0.18473194221423653,-3.2396246589745363,0.21942745167615485,0.5876163807218042,0.31671779375647496,-0.08039166248812546
1,1.3482296038615869,0.39799949308015153,0.39799949308015153,1.3493176315727382,0.0,0.0,1.0,0.0,1.0,1.0,-0.5860912820138564,0.838931026904781,0.7148239513993603,0.1981608162887987,0.5588587838744303,-0.1767203132795382
0,-0.8358236596218356,1.1995155842581908,0.4404146294800992,1.1995155842581908,0.0,1.0,0.0,0.0,0.0,1.0,-0.4461677864294749,-0.15747338540365313,0.6291299554259491,0.14303139268713594,0.8886431427632779,-0.5215517006360909
1,3.4126535584956854,2.420899774646202,2.420899774646202,2.5363393670477534,0.0,0.0,1.0,1.0,1.0,0.0,0.040124378817300965,0.5338668002224126,-1.426399344587613,-1.3466291586753643,-0.3390951285170244,-0.9789707508200676
0,1.9801563342299575,-0.22358968343463337,0.27879898239982936,-0.22358968343463337,1.0,0.0,1.0,0.0,1.0,1.0,-1.1306264137729791,0.8254609316229038,0.26094848293576633,0.935761201467684,1.110567062519157,0.36746410362243453
0,-0.17811419591427957,-0.5909971572751285,-1.3378866533768852,-0.5909971572751285,0.0,0.0,0.0,0.0,0.0,1.0,-1.3332699242778794,-0.9729158880025591,-0.11125993338287524,0.9028688081062193,0.15241356544940002,0.5247370174335164
1,3.4554416057924624,1.3545029996037385,1.3545029996037385,4.1213640750866,1.0,1.0,1.0,1.0,1.0,1.0,-0.4517991850757028,-1.1159810798914598,-2.115500647556162,-0.4032946957205099,0.09614117718917636,-0.7554069261646762
1,3.5657669671306595,1.1499572970391712,1.1499572970391712,3.165126158435969,1.0,1.0,0.0,0.0,0.0,0.0,-0.002343265023963294,0.35786466663908495,0.6638669834931734,-0.7269713022113045,-1.2867034421854893,-0.8784718214886686
0,3.293677319678829,2.590067201403572,2.304110797831034,2.590067201403572,1.0,0.0,0.0,0.0,0.0,1.0,-0.4973677722504654,1.4250714123258166,-0.11038371588949825,1.2122752601449247,-0.1448629087888903,1.1836633952483044
0,-4.180904551400429,-3.413473654831046,-1.5820628563586623,-3.413473654831046,0.0,0.0,1.0,1.0,0.0,1.0,-2.514297084985333,-0.8847860841804568,-1.8134699265319418,-1.093482090115973,-1.2291020505546473,-1.854496563490358
1,8.422996124624,5.788277531086838,5.788277531086838,10.317147435499002,1.0,1.0,1.0,0.0,1.0,1.0,1.7555701380391409,1.5023751785634485,0.21962892109449833,1.4193130468640744,0.9856663802794885,0.6380743021660387
1,3.9988842721999562,3.5473699144115103,3.5473699144115103,3.83684700321159,1.0,1.0,1.0,1.0,1.0,1.0,-0.1513251096171969,-0.15976794444756331,0.20109987617898084,-0.5994987409529023,-0.6480509016164702,-1.0290110023952908
1,2.4394711949105865,0.3413701390768764,0.3413701390768764,2.555212568143755,0.0,1.0,1.0,0.0,0.0,1.0,-0.4046365614209414,0.4879878305042857,0.994930422037452,-0.8952347820804287,-0.72857410014346,-0.07791688855672901
0,1.1223502239864445,0.7407260004780574,-1.5372329542452432,0.7407260004780574,0.0,0.0,1.0,0.0,0.0,1.0,-0.8803781902866962,-0.7626870050404227,-0.5446051038751487,-0.3424808766989321,-1.0923894253057385,0.634710020200717
1,1.8101811419654124,1.7123672847931823,1.7123672847931823,3.2595182791970676,0.0,1.0,1.0,0.0,0.0,0.0,-0.3178201102554306,0.29024739216824,0.8197242493935246,1.021013184359321,1.2544032692875038,-0.44003002075737374
1,3.3704940919556097,1.8467132776703776,1.8467132776703776,4.907141536741431,1.0,1.0,0.0,1.0,1.0,0.0,0.43702904464525755,0.1930635281488382,0.6481668344001954,-0.29678530589299734,0.6638689590339011,-0.10979327327293897
1,-1.5092712217755677,-2.5509379413530433,-2.5509379413530433,-2.357863203613034,0.0,1.0,1.0,0.0,0.0,0.0,-2.5959948843970455,-2.0553110062119098,-0.7579572440698983,-1.3410724260208415,-1.660592454668043,-1.0258761919970716
0,0.5173141051433624,1.3427886542402194,1.1639195409315468,1.3427886542402194,0.0,0.0,1.0,1.0,0.0,0.0,0.621722174063701,-0.8962153851725535,-0.8995942581741795,-0.2412976401200711,-2.7624581376077675,-0.32299960096565383
1,1.6009795566887006,0.7541219943363765,0.7541219943363765,2.24677940231826,1.0,1.0,1.0,0.0,0.0,0.0,-0.7550248335104356,0.3879044081270797,1.1452802244317226,-0.9606264630155963,-0.5078061715940473,0.8408977829464886
1,4.390202760609384,2.9794454420127896,2.9794454420127896,4.954041249074751,1.0,1.0,1.0,1.0,1.0,0.0,-0.11759129171369632,0.7457739317158869,0.772324096360649,-0.34233465046187334,0.3422462366489537,0.564343424449298
1,4.864759546310701,4.259146017050056,4.259146017050056,4.7183844728525335,1.0,0.0,1.0,1.0,0.0,0.0,0.8617355607059142,1.1520194768696186,0.0037940830042422213,0.2625904968357926,0.6598176744443235,1.799867833463194
1,3.970567440452525,1.9555683836541924,1.9555683836541924,1.4756723920556234,1.0,1.0,0.0,0.0,0.0,1.0,0.29349927047594826,0.27622702130433135,0.05080098503133068,-2.0581634521307586,0.16575310463094733,0.10770617992985626
0,0.4104686407957234,2.0871097924678215,0.8903969336772605,2.0871097924678215,1.0,0.0,0.0,1.0,0.0,1.0,-0.09612637767980192,-0.015160945970418227,-0.460966566157511,0.24309921900875336,0.36922259136624924,0.6987474100078003
1,1.9933625069554974,1.7044940507512925,1.7044940507512925,5.28324447496908,1.0,0.0,0.0,0.0,1.0,0.0,0.5646972064055136,0.45520152985729334,-0.5881128519122633,-0.6554530044130201,-0.8908648671197872,-1.469483914810158
1,5.841976899907498,3.377269611407613,3.377269611407613,4.2324334045586465,1.0,1.0,0.0,0.0,1.0,1.0,0.971600690447889,0.12775443596924782,-0.42872659609919217,0.3797183515167693,-0.05730938400191703,0.4697939357665348
0,2.8828830808854193,4.872248817331535,3.340069844617573,4.872248817331535,1.0,1.0,0.0,0.0,1.0,1.0,0.36500747041329995,-0.23903263729940438,0.6897677076713831,0.729958155244001,0.6220863389533252,1.096403986995235
1,-0.946664614673637,0.4529857485925662,0.4529857485925662,1.7734582228500324,0.0,0.0,0.0,0.0,1.0,0.0,-0.9650142926091776,0.84582782608587,2.0903964134684965,2.4698222990345147,0.6766734379596923,2.2401522296257026
1,4.96247081750763,4.684178463331159,4.684178463331159,3.8847238468910645,1.0,1.0,0.0,1.0,1.0,1.0,1.2624255633076757,0.04513490707412704,0.6974197130629176,1.7306723253431238,0.8678766225242148,0.2932181686489508
1,0.2739927140500924,-1.517547072960563,-1.517547072960563,-0.646483795124279,0.0,0.0,0.0,1.0,0.0,1.0,-0.5349105689232627,-1.4022103307164704,1.0503792444387945,-1.505589108432265,0.10028205828127501,0.12628844618384083
1,2.3663204738755814,-0.430379906539462,-0.430379906539462,2.111321508516677,1.0,0.0,1.0,1.0,1.0,0.0,0.9682167683900909,-1.8896068598351272,-0.7095005077086246,-0.7914303614109915,-0.9144025485166521,-0.47049567766718897
1,5.373281907249709,4.160265863069161,4.160265863069161,4.685612948426988,1.0,1.0,1.0,1.0,0.0,0.0,0.7372496647144131,0.030963073671088165,-0.5191751442086037,-0.36595101631606586,-0.6867234388706858,0.5698646703831745
1,2.7695751459071873,1.510960440504228,1.510960440504228,2.5840912849125615,0.0,0.0,0.0,0.0,1.0,0.0,0.9901229059279666,1.5107194101532997,1.3615910331209369,-0.16676158810065347,0.022498561074685175,0.3402138260504196
1,3.9339495738635555,1.88649300048187,1.88649300048187,2.1836064330033187,0.0,0.0,0.0,1.0,1.0,1.0,0.6222114927696508,0.6887780915573379,1.073144004836153,-1.5131184933626143,-0.44960374727386576,1.5640210364153502
1,2.3992029311743512,1.363887081202789,1.363887081202789,4.100342619433632,1.0,1.0,0.0,1.0,0.0,0.0,-0.41721081815699407,0.7646750214456802,0.4051995229682771,0.46089937113950646,0.5593270899786935,-1.0057901676467431
1,4.750662694644423,3.9253019989439983,3.9253019989439983,4.030458841470697,1.0,0.0,0.0,0.0,0.0,1.0,0.8555694889705425,0.6094982168667374,-0.7834798725374466,0.8006371253495097,1.564384090588021,-0.10965402375777111
0,3.880767196740372,5.756756421974346,0.42309724688749206,5.756756421974346,1.0,0.0,1.0,0.0,0.0,1.0,-0.21422413880692895,1.0676355169307,0.36478271269668194,1.1134048127606349,-0.1780909976077415,1.801092181124031
1,0.019347051916031366,-0.9974976382091424,-0.9974976382091424,-0.4995728054783297,0.0,1.0,0.0,1.0,0.0,1.0,-0.5506981567517276,0.09167262020852304,1.014424270670145,-0.2659927755540785,0.43397518120605383,0.24480550980747542
1,0.5669672377969998,0.7041561753518832,0.7041561753518832,-0.44628480325523556,0.0,0.0,0.0,1.0,1.0,0.0,-0.279191402004309,0.10168762910123902,0.060258139307168335,-0.0423863727399265,1.7363474150582499,-0.08626404867723614
1,4.036055365474976,1.280352499254782,1.280352499254782,3.500465475466794,0.0,1.0,0.0,0.0,1.0,0.0,0.5006893169673612,1.1681422823830832,-0.771166424416565,-0.3231537506799816,-1.879217701820028,-0.6835341540998235
0,2.000383805193412,3.738627719777633,1.00260636494818,3.738627719777633,1.0,1.0,0.0,0.0,0.0,1.0,0.11377124010434436,0.4256059188853479,0.5035466667985143,0.3521445660700173,-0.3355338068829928,-0.36294204851076656
1,2.935536275706049,0.02396893930628763,0.02396893930628763,3.3727223122060597,1.0,1.0,0.0,1.0,1.0,0.0,0.6019018508306022,-1.563444337347205,1.3755332605819293,0.9194247745975289,1.3523883120114604,-0.34745297400600705
1,1.6256798460365607,0.125453075682896,0.125453075682896,2.8975803501599406,0.0,1.0,0.0,0.0,1.0,1.0,0.8779059720461393,-0.9354086727520532,-0.20772419746629886,-0.16471586158672907,0.7824636124357855,-0.4318763478829516
0,0.29446754809936226,1.7197083408735736,0.2627297221160365,1.7197083408735736,0.0,0.0,1.0,0.0,0.0,1.0,-0.2070098209417841,-0.46395691996805355,1.12735965193934,1.4893086583578887,0.5363043692133243,0.5106101869630433
0,4.598680792100125,8.369223085343378,2.6491597104590596,8.369223085343378,0.0,1.0,1.0,1.0,1.0,1.0,1.545668575827405,3.087130365007522,2.331635627597573,-0.7782008631590511,1.8299148088382529,0.39723125420076943
1,2.7378347043947002,-0.28144300548867773,-0.28144300548867773,-0.01037887657591563,0.0,0.0,1.0,1.0,0.0,1.0,-0.0883554358810032,-0.1904236134662428,1.1742198716090964,1.353025922590979,-0.3203074034346047,0.789068068319085
1,3.2415079369810735,2.7780449443740194,2.7780449443740194,2.1972918596156363,1.0,0.0,0.0,0.0,1.0,1.0,1.0588784614145554,-0.44455920280826206,-0.678996555485081,0.42056616907181066,0.3069692874934093,0.2535768803004565
1,1.3645044557132415,-0.5215314255491127,-0.5215314255491127,0.15811985137356177,0.0,1.0,1.0,0.0,1.0,0.0,-0.25536761129301183,-1.267096304071712,-0.524773307946936,-1.2038161460397097,-0.8078003674132379,0.7430031016761369
0,5.456189435498648,6.200071716000677,4.487980151006856,6.200071716000677,1.0,1.0,0.0,1.0,1.0,1.0,0.11480803407989804,2.6812009136252692,1.2451225530888976,-0.46456589711879537,-0.055666550130962555,2.3013602677811917
1,0.7647220607268573,-1.8646783573409929,-1.8646783573409929,-1.8167836995968711,0.0,0.0,0.0,0.0,0.0,0.0,-0.3553280058002228,0.6176142154842394,1.4529315700043206,-0.31908745926471405,-0.171398938493241,-1.5530702775229235
0,-0.12891509937791124,2.8298181239912985,2.0479741524352377,2.8298181239912985,1.0,0.0,0.0,1.0,0.0,0.0,-0.26920259504087113,-0.5165688418569583,0.8474898576089847,1.4307028808153974,0.824603329045495,0.2775926714696841
0,0.16434521475315855,1.1770147551285912,-0.00031757913397924276,1.1770147551285912,0.0,0.0,0.0,0.0,0.0,1.0,0.9165156532284908,-1.1575027001361262,-0.01370489605261993,0.5172702857602806,-1.7373127005044386,0.22967514159051206
0,0.5067089619768372,3.4719110633709818,1.771638908318085,3.4719110633709818,0.0,1.0,1.0,1.0,1.0,0.0,-0.3793372611242231,0.9592370706621669,0.5625676378411592,0.22575176991173787,-1.2410840330712674,1.4277633063991453
0,3.42696591718612,6.936468406915575,3.6803898052475716,6.936468406915575,0.0,0.0,0.0,1.0,0.0,1.0,2.0408546062084922,1.9544177601528268,0.5308824176639841,0.657769290660146,0.995717970652401,0.006024204389977195
0,1.4640047141624615,3.4093483188996223,2.8099830497570997,3.4093483188996223,1.0,0.0,1.0,0.0,0.0,1.0,-0.6237391008710971,-0.9208050277082087,-1.6209308330209857,0.5652263159727553,-0.39170543590438456,-2.0042157400866554
1,3.672833702507785,3.0317736899934546,3.0317736899934546,3.0581327853228095,1.0,1.0,1.0,1.0,1.0,1.0,0.3816295981208221,-0.3228678340995633,-0.36924393022242386,-0.9127087031072447,-0.1346838762519037,-0.976189552836803
0,4.623306409617144,5.123753221568256,3.7191982642177472,5.123753221568256,1.0,1.0,1.0,0.0,1.0,0.0,0.5489938272641608,1.4128311402108433,-0.3245411417125361,-1.155803193569814,0.9313145674091169,-1.2910433585273593
0,5.1526898155612155,6.7239706286544125,4.794799952796896,6.7239706286544125,1.0,1.0,1.0,0.0,1.0,1.0,0.8669882099082853,1.5868614381791553,0.16903892606376092,0.3321720881265084,0.8911674976236953,0.13455588514331085
1,1.0230580121429782,-0.021833199812185566,-0.021833199812185566,-0.5068285021772486,1.0,0.0,0.0,0.0,1.0,0.0,-1.4410557489810478,-0.7250942790106911,-0.9930104932974733,0.349473857501942,-1.6288711312211266,-1.0861785506956654
0,1.327395563129142,3.184985024739735,2.4291354405240604,3.184985024739735,1.0,1.0,1.0,1.0,0.0,1.0,-0.5667022419294437,0.3507416697246064,-0.6230294593680369,-1.6572479651190075,-1.330028276888024,-1.001547609111837
1,0.16052727270283296,-2.146466061874906,-2.146466061874906,-1.1913269186471687,0.0,0.0,0.0,1.0,0.0,1.0,-0.7572414339285133,-1.072150732185785,-0.6582108672442823,-0.4175310911363316,-0.5094051602760966,-0.8945047352874166
1,2.4551189854403033,0.18539296875032962,0.18539296875032962,2.33536148695863,0.0,0.0,1.0,0.0,1.0,0.0,1.2680164695310363,-0.21598655577337694,1.8521876502095809,1.37461830196266,-0.37653065143732856,-0.8493203317773007
1,1.2652006768548816,0.2993945037221747,0.2993945037221747,2.021095356909934,0.0,0.0,1.0,0.0,1.0,0.0,0.4943107414803773,-0.12152529709296776,0.11982677139175481,0.3078679218215043,0.23153214594740737,-0.031185133676465165
0,-1.8771211972546664,-0.5645525047589648,-2.0153601293999985,-0.5645525047589648,0.0,0.0,0.0,0.0,1.0,0.0,-0.6434155337109968,-1.0398735866545188,0.1318358231990115,-0.5415637695372879,0.08293977896611851,0.42886392317926636
1,3.3029006460184673,0.6886219097942072,0.6886219097942072,2.5514201213433245,1.0,0.0,0.0,0.0,0.0,0.0,0.8155650916497286,-0.684314208230391,0.9749221408247026,1.1364455587698732,-0.9986425104605369,1.700644365873834
0,0.5935957859972415,0.38000767763562737,0.6906897237676082,0.38000767763562737,1.0,1.0,1.0,0.0,0.0,0.0,-1.2429622543296104,-0.7450913523908517,0.5218239429484882,-0.14741969835497787,0.4697163643099166,-0.6710160559459034
0,3.988014936332207,3.742739531118993,3.3361659417069927,3.742739531118993,0.0,1.0,1.0,1.0,0.0,1.0,0.8389077532869806,0.4137552140374091,0.2873138435305442,-0.9866012338235324,-0.3481245440269671,-1.1012134727837213
1,2.6096690492640326,2.2871319636234095,2.2871319636234095,1.3557742860397004,1.0,0.0,1.0,1.0,1.0,0.0,-0.23114139684823531,-1.011309975831788,-0.8066584053888957,0.25397522467419964,-0.18101874981658228,-1.5754525523429828
0,-1.25091643405886,-0.36768535365358657,0.25802298085266706,-0.36768535365358657,0.0,0.0,0.0,0.0,1.0,0.0,-1.264299926724633,1.1870568973753577,0.30836377370291884,-1.9306694365154438,-0.5255144724864445,0.29118954009095854
1,0.9036792131000264,-1.7036980074436003,-1.7036980074436003,-0.7781131728118152,1.0,0.0,1.0,0.0,0.0,0.0,-1.7575129680374322,-0.8114828514355974,0.031656970053111494,-2.0282964132379093,-1.162043098999165,-0.5177705978227993
0,2.3833781536680343,3.0480257341235557,1.594004267683223,3.0480257341235557,1.0,1.0,1.0,1.0,0.0,1.0,0.2084995879896462,0.3043387065792924,-0.30079011525215216,-0.004236125246339401,0.5785851857907454,-1.150039156033624
1,7.7146822070079875,5.8102716251260125,5.8102716251260125,7.309328268101148,1.0,1.0,0.0,1.0,1.0,1.0,1.5866702770891776,1.862105357197064,-0.4063423825500262,0.18878645356141838,0.9818243269387861,-0.7801819268200215
1,0.3407684294165806,-1.3931456130271587,-1.3931456130271587,-0.5569285253174809,1.0,1.0,1.0,1.0,1.0,1.0,-1.3684822610182303,-1.1919888133539291,0.006331598533816374,-0.7118288597163132,-2.745920394605574,-0.32060415998776204
0,0.26528901724677945,3.7937447996872873,1.3901760476374525,3.7937447996872873,1.0,0.0,0.0,0.0,1.0,1.0,-0.44288862820465663,0.5851827697064494,-0.9433677721498439,0.5966256374072597,-0.18282393318472082,-0.8646946877555413
1,4.152006112659451,2.503632966751407,2.503632966751407,5.376762939314912,1.0,1.0,0.0,1.0,0.0,1.0,0.36681199468099757,-0.041870780190017665,-1.8136034426151548,-1.0474220969994594,-0.5362611218370905,-0.35421502995205023
1,2.2993467519162465,1.3406900594045155,1.3406900594045155,1.2208715091428426,0.0,1.0,0.0,0.0,0.0,1.0,-0.3915788268923517,0.2587928733085141,0.6045949501016902,0.03964815413139089,0.027849224700606787,-1.188312172258004
1,1.6760457409843292,0.6870878161016698,0.6870878161016698,1.407930488635913,0.0,1.0,0.0,1.0,0.0,0.0,0.32276119702742395,0.11603180086180265,0.5827439890607783,-2.0659502122235263,-1.1469609364778734,-2.227319458931073
1,4.202279806362517,1.1878320135140796,1.1878320135140796,4.639613823018415,0.0,1.0,1.0,0.0,1.0,1.0,0.5210443896744158,0.06819183197110992,0.41165483988437535,-2.0685127474395806,-1.0321356220948985,1.8929840606611346
1,1.353460817945098,2.474649384686715,2.474649384686715,1.8385398479058659,0.0,0.0,1.0,0.0,0.0,1.0,1.5099733561649507,-0.5008039530139333,0.8987707803595529,-0.2889128323459911,1.3511262889177316,-0.3843986946755608
1,3.709552069822868,2.0575365189171713,2.0575365189171713,1.8291749096286787,0.0,1.0,0.0,1.0,0.0,1.0,0.44206898403010003,-0.07790570165510544,0.4225710100061493,-0.4323956840814912,-0.2962826427952317,0.012935860980995336
1,8.829657415750336,3.187912822204406,3.187912822204406,4.745058968320818,0.0,1.0,0.0,1.0,0.0,1.0,1.7668020530228632,1.791609890631778,0.3888908867705522,0.06237188808248709,-0.9677587738002751,0.20772296346913383
0,0.4652090826785509,2.449302256956008,0.45884161467844486,2.449302256956008,1.0,0.0,1.0,1.0,1.0,1.0,-0.5431212212103491,0.2709944946657197,0.5629193569512421,-0.5036310981842832,1.4642458433263772,-0.7303596547403909
1,3.0733663426878137,2.7538949398160915,2.7538949398160915,3.1687090015273767,1.0,1.0,0.0,1.0,1.0,1.0,0.26563152951921515,-0.3130441101050068,-0.5263468509879997,-0.10625736320910606,-1.4604959810926483,-0.6992191349888155
0,0.13551894407562826,2.257460371154556,-0.4682094912331438,2.257460371154556,0.0,0.0,0.0,0.0,0.0,0.0,-0.581903152215871,1.5177274620459986,-0.0685217175496299,0.6606353560045771,0.15632453983098693,-0.42612230752884256
0,-1.1046420639570993,1.0299857272646822,-1.7486707165306299,1.0299857272646822,0.0,1.0,1.0,0.0,1.0,1.0,-1.0181288274474223,-0.3596778295236338,-0.8541986831621259,-2.467030440384373,-0.9510721050644355,-0.29640691150370213
1,0.37896814916692545,0.13565599006576345,0.13565599006576345,1.1269965379526272,0.0,1.0,0.0,0.0,0.0,0.0,0.08790870763798307,-0.18193938131175147,0.23905775889436837,1.0011002122242925,1.2086435554433326,1.1068124214545207
1,2.7145753874896004,-0.5333662693480288,-0.5333662693480288,0.8710787319110009,1.0,0.0,1.0,0.0,0.0,0.0,-1.3512802000330215,-0.17087289310719697,-0.722846112690691,1.2065922214379994,-0.9798206098287361,0.2709535646591225
1,2.397269662308963,2.657545938853861,2.657545938853861,4.084292850157632,1.0,0.0,1.0,0.0,0.0,1.0,0.07924867697179902,0.908647724789768,0.08917245664999576,-0.05171270430348547,-0.6423928989856427,0.7691544397685197
1,0.49919249625345785,1.3049272005721648,1.3049272005721648,0.5921943471756824,1.0,0.0,0.0,1.0,0.0,1.0,-0.288312786183777,-1.1104369650488979,-0.0773169859304868,-1.6586136287868825,-0.6283073420828564,0.7654007560320124
1,1.354951245968682,-0.8764675264302518,-0.8764675264302518,-0.2004430999741718,1.0,0.0,0.0,1.0,0.0,0.0,-1.9230155851626967,-0.2073969040746072,-0.6478066248664098,-0.5108727368630945,-1.7447135241237244,1.3852366969131258
0,0.25965937892434177,2.2954789466185046,3.348939307022577,2.2954789466185046,1.0,1.0,1.0,0.0,1.0,1.0,-0.3045687601015735,-1.2254836971440297,-0.25183464174270703,0.5981933538319679,-1.538380356285495,0.6812391245471586
0,0.6265776729896628,1.8811070804630186,3.002471144648522,1.8811070804630186,1.0,0.0,1.0,1.0,0.0,0.0,-0.5031227409110755,-0.5751538590284089,-1.0828417261397119,1.0700352824980657,-1.4644882286372365,0.27858627201902186
1,5.892725184232397,2.6871926592589093,2.6871926592589093,2.9833324600577904,0.0,1.0,0.0,0.0,0.0,0.0,0.5439822404191352,1.2056561979877085,1.114279364456782,2.1619837576128393,-0.171307070130732,1.4281767166265655
0,-0.22515685780535533,-1.4487656914556488,-1.6707434270377315,-1.4487656914556488,0.0,1.0,1.0,1.0,0.0,0.0,-0.24756256410148594,-1.8331003672888657,1.5791182481868489,-2.02110839973587,-0.013813724061117279,0.13031463169452176
0,-1.9000372708301196,-0.5337481950218206,-3.372426558179419,-0.5337481950218206,0.0,0.0,0.0,0.0,0.0,1.0,-1.3553136199853968,-2.1465949772845776,-0.895949923435886,-1.2669063635267497,0.35149666953815895,-0.677133685785519
0,-0.33374122448965227,2.16532809780642,0.8369110414914137,2.16532809780642,0.0,0.0,0.0,0.0,0.0,1.0,1.090747073871252,-0.8949005575494069,0.6490602782348428,2.0506736458114556,-0.9460366147161609,0.7928707874377525
1,-1.429546684453612,-1.9989951183500472,-1.9989951183500472,-3.312971734392099,0.0,0.0,0.0,1.0,1.0,0.0,-1.0937262796906322,-0.6628128651681848,1.1002744312808472,-0.7152407317980942,-0.6052074363908194,0.04295309488934055
0,-2.4841897059508944,0.531382686035883,-2.076804190875955,0.531382686035883,0.0,0.0,0.0,1.0,0.0,1.0,-0.7260327305359218,0.20544846400258884,0.5347574878847275,-0.7936355396935993,-0.020643820665271484,0.15219185636405294
0,1.6056278967011495,4.122536389448688,1.4066165690529593,4.122536389448688,1.0,1.0,0.0,1.0,0.0,0.0,0.2213670994288169,-0.6319043362483735,-1.4495890492503714,-0.87145034715304,-0.46646980634817514,-1.5128190502839958
0,3.071944245048358,4.581161207246033,1.5642704294496592,4.581161207246033,0.0,0.0,0.0,1.0,0.0,0.0,1.8169953418836662,1.337673035689865,1.2038938048828796,-1.2547377434512712,0.39061088894225887,1.031709938987742
1,2.3316098744539033,2.4120541975844434,2.4120541975844434,0.28383776262746885,1.0,0.0,0.0,1.0,0.0,0.0,0.699915310381978,0.3825579531726163,1.4308302609048544,0.572304341209106,0.5014154077494397,-0.5444763271852118
0,-3.39361618255242,-2.511282320731243,-0.22596066157561578,-2.511282320731243,0.0,0.0,0.0,0.0,0.0,1.0,-1.79977496987066,0.20574962369111932,0.23319726272421526,-0.8608830970186928,-0.8273155214074113,0.07661044813575277
1,8.422185970149203,4.1920307908810255,4.1920307908810255,7.753536727396928,1.0,0.0,0.0,1.0,1.0,1.0,1.5184144137908082,2.993771717498304,2.0629184699288983,2.3717922363076824,0.5516925282526377,0.9904081649133953
1,3.8255087419986107,3.00274527104173,3.00274527104173,4.600242842174367,0.0,1.0,1.0,1.0,0.0,1.0,0.9306130388063669,0.05452236595304005,-1.7456093053360686,-0.7377425959827562,-0.41914128220154834,1.2147155049282505
1,2.9110299879191848,0.663853498954408,0.663853498954408,2.4290336380392334,0.0,0.0,1.0,1.0,0.0,0.0,0.5989490798751185,-0.7920835440087262,0.6609854435300238,-0.16813930232213253,0.21267041234562123,0.16575880101801554
1,7.768364729440867,7.966761846133562,7.966761846133562,10.660756493558306,1.0,1.0,1.0,1.0,1.0,1.0,1.880107082726103,2.6078577090969866,2.2921461257506532,2.1087670229107713,1.2381349765067138,1.0204520091914784
1,3.2053024110203117,-2.2446802955606926,-2.2446802955606926,2.826584755349206,1.0,0.0,1.0,0.0,0.0,1.0,0.703285084527196,-0.6125895636423926,1.010800761316422,-0.5703215979433612,0.35893656103180055,0.5389121108970615
0,3.304819119053629,4.535108973696933,2.4226910583141223,4.535108973696933,1.0,0.0,0.0,0.0,0.0,0.0,1.0725036231629332,1.011023809440125,-1.2917975157549115,-0.2074149399199821,-0.33421435174774344,0.7601442175245403
0,-2.56793322049365,-0.40200582519482764,-2.169051782768561,-0.40200582519482764,0.0,0.0,1.0,1.0,0.0,1.0,-0.4532704413618345,-1.94151591687856,-1.028656136190582,-1.921229517442989,-1.3513963634055635,-1.959291777174756
1,-1.410609533634914,-1.3893959903762563,-1.3893959903762563,1.873229122329565,1.0,1.0,1.0,1.0,1.0,1.0,-1.7437197991516413,0.2999769724940992,1.1900600877288499,0.12050882986173356,-0.7791804607765028,-0.6897846247275218
1,-0.1809889198517769,-0.5876642544119681,-0.5876642544119681,-1.5480128155659845,0.0,1.0,0.0,1.0,1.0,1.0,-1.3286802438802399,-1.3048430193193727,-0.7688523839702543,-1.5847253695490608,-0.8491109380478753,0.14576168927388522
0,1.0971228529806958,2.1857998527544313,0.9716752459844786,2.1857998527544313,1.0,1.0,1.0,0.0,0.0,1.0,-1.1087954807417768,-0.5990037443017803,0.0935049840615507,-1.012118967607843,0.015150360320624279,-1.156455886893438
0,3.471797004394135,4.580131488855783,2.2457192306388505,4.580131488855783,1.0,1.0,0.0,0.0,1.0,1.0,0.6465381103304457,1.2783785491758928,1.7229263931596563,-0.2133094915690403,1.3776951104848891,-0.2955884662158984
1,5.526715321324278,3.303000060915519,3.303000060915519,3.9001976976672013,1.0,1.0,0.0,0.0,0.0,1.0,0.41266637243573134,-0.29620154154252326,-1.5916284190006955,1.9050309663955032,0.5250020578793858,0.26753817959901827
1,7.107486373363932,5.033886932387938,5.033886932387938,7.328456404979273,0.0,1.0,1.0,1.0,1.0,1.0,2.4913954818491217,1.0162600358558063,-0.7602082129510214,1.4499778569972388,1.1239192067506112,2.5976426132481003
1,0.10016725340806676,-0.013237880391271023,-0.013237880391271023,2.2661529134489156,0.0,1.0,1.0,0.0,1.0,1.0,-1.2256959033498247,-0.13896702954520268,-0.060278081955715046,-0.16088522851024023,1.7081080991580484,-0.5376046586070666
0,-1.7061927772262564,-1.5948488952978712,0.2400913024178144,-1.5948488952978712,0.0,0.0,0.0,0.0,0.0,0.0,-1.3139471006038284,0.4478894294249772,-0.2521884928910867,0.6291508708761269,-0.0846311750818094,-0.41276533713094843
0,0.594907697745077,2.3763393807001028,0.7165473251569716,2.3763393807001028,0.0,0.0,1.0,1.0,0.0,1.0,-0.550175240141871,1.5764577625303446,-0.27147091057727984,-0.24139653521805168,0.27967017167946273,-0.7313927969002447
1,0.772798923211246,-1.6499779771925072,-1.6499779771925072,-0.2957543510416527,0.0,1.0,0.0,0.0,0.0,0.0,-1.597381782287332,-0.10514786905625884,-0.5048816668951681,0.3723381363044852,-1.1457821627575604,0.6887158586049488
0,2.508383633096698,5.037769896870824,2.405828558254653,5.037769896870824,0.0,1.0,0.0,1.0,0.0,1.0,-0.07719210948081935,2.6146182876145714,1.420426237394032,1.1359828702348995,-0.9590755970478584,-0.0019728298285671686
0,1.9829872433403415,2.602625819700048,1.9506307342996443,2.602625819700048,0.0,1.0,0.0,0.0,1.0,0.0,1.3589777603006337,0.09456694547085354,1.6994954974593504,0.07406695210594633,1.1087516293010862,1.6575158937360723
0,2.4658372722914477,2.65821503270117,3.2334874978629715,2.65821503270117,1.0,0.0,0.0,0.0,1.0,1.0,0.00612361279466704,0.9137431938382328,-0.11362760833896601,-0.8349209057486614,0.6816234451870533,0.6360915949861012
1,-1.48847834463789,-0.029745944575375716,-0.029745944575375716,-0.15814454046723658,0.0,0.0,0.0,0.0,0.0,0.0,-0.0008462065254560191,-0.5473428634954481,-1.026056318602814,-1.958842160175853,-2.4960998875002525,-0.3977885799621621
1,1.8579643023930572,-1.2385943102058188,-1.2385943102058188,2.6071645073308796,1.0,1.0,0.0,1.0,0.0,0.0,-0.4077224306363965,-2.6166219970694833,-0.28161488823059083,-1.3335960227846675,2.5833545942661083,0.10232986063936167
0,2.9049288767065957,1.8487088250880144,4.107848360921339,1.8487088250880144,0.0,0.0,1.0,1.0,0.0,0.0,0.3702082993498697,0.5108271866172324,-0.42300296051443476,1.9795409080117332,0.21015123303807812,0.5766675644317812
1,1.578878768441288,0.3232962062496042,0.3232962062496042,1.9718741038309475,1.0,1.0,1.0,1.0,0.0,0.0,-0.7650943937556852,-0.08184551092943626,0.5658237462413025,-1.8855509056897353,-3.09425945928714,-2.7319723719239573
1,2.4634933396148666,1.3652797399803482,1.3652797399803482,3.1512815258688462,1.0,1.0,0.0,1.0,1.0,1.0,-1.0445740334091682,0.7803959882156306,-0.3282129374444873,-0.9558589815433719,-0.39642709587857283,-1.975802119362476
0,1.3936340913500023,3.232607304934447,2.7166721431740926,3.232607304934447,1.0,1.0,1.0,1.0,1.0,0.0,-0.3103937975830501,-0.7027989663843129,0.6104397911587893,0.8695590915456284,-0.8992343413756403,-0.3953772807330814
1,3.6048590502699853,1.0409069256685877,1.0409069256685877,6.39280063783154,1.0,1.0,1.0,0.0,1.0,0.0,-0.9059120786772343,0.4730053081736215,0.5225687550624882,2.0907379564581725,1.6523495424763448,1.6782975901904578
0,1.037213730764163,1.7623380000031175,0.0832970131391706,1.7623380000031175,0.0,0.0,1.0,0.0,1.0,0.0,-0.1879245264268847,0.2300630897901218,-1.858607031251806,0.7919271891153994,1.054462380276997,-0.389981699504364
1,3.66948730729244,1.4868813716965217,1.4868813716965217,3.9089890711637385,0.0,1.0,1.0,0.0,1.0,1.0,-0.27425481291368287,1.2405248267770477,0.14641800524202864,0.455462751281876,1.9613216849755326,0.6494634666838388
1,5.526782535047245,2.1424512780421456,2.1424512780421456,3.0836219244107923,1.0,1.0,1.0,1.0,1.0,1.0,0.017115093977148037,-0.4411836492760028,0.8183652294000758,1.2004203667196973,-0.9221712272393352,0.1752464661425652
1,2.8332994924115695,2.413216965219228,2.413216965219228,2.9242655192089027,0.0,0.0,1.0,1.0,1.0,1.0,1.3639173469430887,0.20335511405395598,-0.73610861911001,0.9684204055398306,-0.23965921775425844,-0.8885871539767182
1,3.325172757251144,1.6674371112706892,1.6674371112706892,3.609061125001283,1.0,0.0,0.0,0.0,1.0,0.0,0.6302469316655691,-0.3163254134514517,1.0560214375165569,1.1856059933445544,0.34962808250977967,-1.1990192164239781
1,6.537603439162948,7.02012975429817,7.02012975429817,7.066877497277669,1.0,1.0,1.0,1.0,1.0,1.0,0.7752188014714005,0.7307634102667082,0.45281781722683045,1.531329620906433,1.2335198641496807,0.8754594571187457
0,-0.3504317172040489,0.6239244627159609,0.4985043508156558,0.6239244627159609,0.0,0.0,1.0,0.0,0.0,0.0,-0.13795390972957033,-1.081478920951314,0.8394046527423341,1.2795154770626782,1.409465303728254,1.2572523160839393
1,3.015765375983591,1.9330000019700844,1.9330000019700844,4.804789387667014,1.0,0.0,1.0,1.0,1.0,1.0,0.9527906002050098,-0.5792165763300681,-0.07699310905555012,0.07263931749235032,2.101414963892603,-0.36556298359483147
1,1.925282112142094,2.8052103779594475,2.8052103779594475,2.5561538873927954,1.0,0.0,0.0,0.0,0.0,1.0,0.017163010522490644,0.1002992911980789,-0.0758269425025151,1.2154535848274546,-1.1233989546947412,-0.35617729909936546
0,1.8179416410126616,2.7075781187158343,2.842709685327115,2.7075781187158343,1.0,1.0,1.0,0.0,1.0,0.0,-0.10984390311235805,-1.1544701798752022,-1.1346153023494525,-0.7716943921366194,-0.06899632104141051,1.0971041879226573
1,0.8935846808978593,-2.5164288074360877,-2.5164288074360877,-0.05668375728348324,0.0,0.0,0.0,1.0,1.0,0.0,-0.38014491034818815,-0.2550750464803192,0.2717300177230963,-1.5590531972651434,0.4157760761417186,0.662332100547498
1,1.0034051095709717,-1.5820459481977573,-1.5820459481977573,1.4694805706068594,1.0,0.0,0.0,0.0,1.0,0.0,-0.3474239785981629,-0.37036853298190175,0.9270926338878329,-0.07688292346721257,-0.041339243671682735,1.5546381150431619
1,3.063051832534033,1.2588676494639088,1.2588676494639088,2.0404891378064383,0.0,1.0,1.0,1.0,1.0,1.0,-0.6262458325211829,-0.16880135083835046,-1.366923661310418,-0.9813588569680834,-1.4394592415436165,-0.13228167919535772
1,2.224317068394054,1.088603823852953,1.088603823852953,1.4580207472873532,0.0,1.0,1.0,1.0,1.0,0.0,0.15385499548070114,0.1108210199603942,0.6317891634099034,-0.10054071597907865,-0.32740452960102084,-1.0014280247411316
0,1.1597455195478859,2.5343681493515593,-0.7472249321384892,2.5343681493515593,1.0,1.0,1.0,1.0,1.0,1.0,-0.6568211760134994,-1.660921567736983,0.509268628771133,-1.392115948005243,0.5162638000406237,0.08586881043195804
1,1.8424251874209092,1.2706874745538175,1.2706874745538175,3.2885415600345214,0.0,1.0,0.0,1.0,0.0,1.0,0.36647557931081126,-0.4363465765589302,0.3126907001571604,-0.2808935154844463,0.42752004187951614,1.0525925369629336
1,1.367951471295562,-1.05072278055918,-1.05072278055918,0.28991141377003427,0.0,0.0,1.0,0.0,1.0,1.0,-0.09819190652097112,-0.0556809840322392,-0.2837051680504746,0.5184211628225929,-0.980444680515004,-0.7596813374140777
1,5.118975504009441,1.0746864674753813,1.0746864674753813,2.964572561600894,1.0,1.0,1.0,1.0,1.0,0.0,-0.5619212073338344,0.5482073710616694,-1.0462010352513957,-1.9404499301902853,-0.862004978330488,-1.5100671647527109
1,3.8104785271342863,0.557790519595971,0.557790519595971,4.530222961930547,1.0,0.0,0.0,0.0,0.0,0.0,0.7735412463274631,-1.328949122753308,0.390023586753672,1.0242747830720855,-1.073418387642057,0.7755450231323942
0,1.7355363504587804,5.271705609465409,0.7913247434833399,5.271705609465409,1.0,0.0,0.0,0.0,0.0,1.0,1.3158719202408895,-0.22254253087053286,-0.18504856956669846,0.40662004658287,-1.5517745092189719,0.15570049796945162
0,2.0386426927528873,5.955889283399033,3.189005357300102,5.955889283399033,0.0,1.0,0.0,0.0,0.0,0.0,1.5173675169191438,0.2531759528316123,-0.4654363886789064,1.2600521076804505,0.05505437023424642,-1.4415134229312319
0,0.7730186909529551,1.2274219278549907,0.09953439011027099,1.2274219278549907,0.0,0.0,0.0,0.0,0.0,0.0,0.6064820754516322,-0.209419267962141,0.011330626785432174,1.2096628372933422,0.37311245133475085,-1.9622041671627903
0,2.599956273762744,3.4822881871771907,2.182835387877086,3.4822881871771907,1.0,1.0,1.0,1.0,1.0,1.0,-0.19648637164920937,0.2566282810280639,0.06375118897028997,-0.9299470338419822,0.8700341652300585,-0.3331051914707361
1,4.030139282662223,0.159828840384597,0.159828840384597,1.753040889082435,1.0,0.0,0.0,0.0,1.0,0.0,0.1259068985830395,-1.1185766687349203,-1.4183070855434403,-1.0313483772834016,-0.21367522370085557,-0.2978119735858088
1,0.2969627661390746,-3.1583954102971683,-3.1583954102971683,-2.5208101213566865,0.0,1.0,0.0,0.0,0.0,1.0,-0.7001667222172148,-1.576820646354338,1.552683559562861,-0.3682338253813635,-1.454886164719153,-1.0677996807702907
1,3.4883674640102984,1.2557525396720484,1.2557525396720484,2.6600360021733738,1.0,1.0,0.0,0.0,1.0,0.0,0.42582775504989756,-0.21945275835124267,1.4931870438740793,1.0924880918318087,-0.2304028692154143,0.8074626617893863
1,3.3821130949140414,2.661811711840295,2.661811711840295,3.0864130240583854,0.0,0.0,1.0,1.0,0.0,0.0,0.46582624819260343,0.24619123178864113,-0.09203649888650597,0.5809422517781943,0.7870902742179551,-0.5591456192661353
1,4.178258912140483,1.8790425903460573,1.8790425903460573,2.9502671934861824,1.0,1.0,1.0,1.0,1.0,1.0,0.249578122741264,-1.1883963839568499,0.7639738983929683,-1.553321346535642,-0.7449537451357763,-0.21746839893164488
0,2.701359561887974,5.640107898695429,3.580885000449217,5.640107898695429,1.0,0.0,1.0,1.0,1.0,0.0,-0.3068361762155014,0.0026351310866126743,-1.6111736605398688,1.7016720875960922,-0.5509983845320668,-1.5892066271469334
1,4.0330793091725825,3.543770805648209,3.543770805648209,3.974967630394705,0.0,1.0,1.0,0.0,0.0,0.0,1.4709952371181225,0.29409661291800576,-0.8578110676138018,-0.5787519980441896,-0.024513998517246893,-0.6186168400899165
0,4.048304011830493,3.721613791189736,3.1124427532580734,3.721613791189736,1.0,1.0,0.0,1.0,0.0,1.0,0.28941708867291394,1.1127886723005602,1.3106134416760262,-0.09337590481108536,1.153520618628267,1.2625066241978051
0,1.1920459059395418,3.0186238990335896,0.2611257385415512,3.0186238990335896,1.0,0.0,0.0,1.0,0.0,0.0,-0.8459784490344334,1.5159734952287123,0.8381326026508241,-0.224701481150737,1.3270391038926974,1.3062612716945905
0,2.76478702268308,3.6334251494351575,2.184652465377434,3.6334251494351575,1.0,1.0,0.0,0.0,1.0,1.0,1.423093250001976,-0.2774299759081541,-0.7320150933322406,-1.2776241533777817,-0.8369499047619479,-0.708101510219959
1,5.892178022350988,2.8612483748625968,2.8612483748625968,4.324895988849911,0.0,0.0,0.0,0.0,1.0,0.0,2.151706202833034,0.830560181348475,0.6284100854504536,1.6202569220830907,0.8661909216667069,1.0035289370211216
1,0.5191706413821167,1.5163794770073875,1.5163794770073875,-0.8116201368396294,0.0,1.0,0.0,1.0,0.0,1.0,-0.6994246742632315,-0.8355275197549303,-0.3890879783084699,1.1108142703960184,0.23227681601035977,-0.6759513929293111
1,3.0476274152266796,2.052889482994823,2.052889482994823,2.78264683614675,0.0,0.0,0.0,1.0,1.0,0.0,1.238909166275302,0.010850506570485086,0.38074726532748726,-0.38963293346145844,0.003364168857862837,-1.5715184297674551
1,4.431464573277209,1.8954446958093307,1.8954446958093307,5.458870840750857,0.0,1.0,0.0,1.0,1.0,0.0,1.3036302538425928,-0.03250993310035716,-0.9868673024862107,1.4073202811747416,-0.18922011351277984,-0.3995736906649232
0,2.0201083343383432,2.408190644263646,1.6484509589809502,2.408190644263646,1.0,1.0,0.0,1.0,1.0,1.0,-0.9382725496147368,-0.30175111566194607,-0.9636965632795379,0.07410373161699105,-0.23342707621885567,0.3617572857953778
1,2.3490267763266695,1.5162809982515573,1.5162809982515573,1.723601280102672,1.0,1.0,1.0,1.0,1.0,1.0,-0.47610184656607935,-0.7636832874595952,-0.4226287512799882,-0.387476046621128,-0.06064329857062062,-0.5344681733503673
0,0.061363281824036164,2.4560919370279266,-0.1358948454066038,2.4560919370279266,1.0,0.0,1.0,0.0,1.0,0.0,-0.9232797610733776,-1.0245285229195547,-2.79301408219332,-1.2477383048510218,0.3359076014275604,-0.10349145906925739
1,2.7159620531517574,2.0245107925407786,2.0245107925407786,1.0466863365766994,0.0,0.0,1.0,0.0,0.0,0.0,-0.16349187217018593,1.0618917596456758,-0.15633679530016376,-0.493762152023932,-0.4006450899252004,0.23672179264308585
0,-1.2194080707217512,-0.5163954605252068,-1.8409151674876894,-0.5163954605252068,1.0,0.0,1.0,1.0,1.0,1.0,-1.8896156389626888,-1.0372499933529518,0.9161582578794754,-0.6322864383691285,-1.2133432929522696,-0.013376261914687437
1,0.9122751079588561,0.314129702929373,0.314129702929373,1.7079500825805498,1.0,0.0,0.0,1.0,1.0,1.0,-0.4267244658831611,-0.20901899660292178,-0.6950481499834105,-0.22268573916031675,-1.2697291956612053,-0.8102421945462377
1,-2.704817289098656,-3.4882393953796798,-3.4882393953796798,-3.7035015230531485,0.0,1.0,0.0,0.0,0.0,0.0,-2.3663438529606617,-2.7284473777618476,-0.8083218233692073,-0.9899462067636837,-0.6016322591257691,-1.2534188033685476
1,2.568817772103845,0.7766296327654785,0.7766296327654785,1.654053689277798,0.0,0.0,1.0,0.0,0.0,1.0,1.1194797277566844,-2.3494708661684007,0.14566882153159605,-0.08137774157722744,-0.03935545501619481,0.03705131041475762
1,3.7417546001177033,3.3513011983779655,3.3513011983779655,5.402011371629791,1.0,0.0,1.0,0.0,0.0,1.0,1.7478946991030637,0.6240482891641381,1.3048473225848838,2.49397739448626,-0.6311521904818185,1.7832177056820386
0,0.4281883446287694,2.8293730912932733,2.031454555506426,2.8293730912932733,1.0,1.0,1.0,0.0,0.0,1.0,-0.9277211030082683,0.07948354280098757,-0.28071963123281984,-0.6349504313599497,-0.19804258405763314,-1.5358469700280235
0,3.5686028877681792,1.1660493068958973,3.028568323975775,1.1660493068958973,1.0,1.0,1.0,1.0,1.0,0.0,0.1557962806333321,0.24974208068513348,1.5751511896661077,0.6760603219864505,-1.2433141183241099,1.0694060340417342
1,2.2384553782521435,-1.052288859313306,-1.052288859313306,2.80624556043056,1.0,1.0,0.0,0.0,1.0,0.0,-0.08868430155241316,-1.0414048035711585,-0.05899402201045778,0.577434434665495,0.6165867331141154,-1.9948023860560902
1,3.7834757047090313,-0.2103502043215366,-0.2103502043215366,2.166501369093392,1.0,0.0,1.0,1.0,0.0,0.0,-0.4082845072264005,-1.336417236055667,-1.2673533917782311,-1.0402400901885818,-1.4275349911698538,-1.3048368635787717
1,2.7800865955630876,0.6224215625098894,0.6224215625098894,2.431045003794768,0.0,1.0,0.0,0.0,0.0,1.0,-1.002050423539127,0.9733338783836999,0.05887874751223643,1.154794712697143,-0.8156139222430897,-1.1433337218879804
1,6.9716580013692955,0.973393223597748,0.973393223597748,6.651828293869989,1.0,0.0,1.0,1.0,0.0,1.0,1.6329822866151722,0.6458369285248261,1.9467271532792254,1.4265273173847448,0.8926405623976544,2.061046450688964
0,1.0344273395621322,3.115058273312488,-0.49549705017277135,3.115058273312488,1.0,1.0,1.0,1.0,1.0,1.0,-0.4466256082050957,-0.6436569074395962,1.551986633561412,1.1690324066461382,0.5635828320627206,0.03518745546994828
1,4.864427515721111,4.076351380186208,4.076351380186208,5.6097585641155066,1.0,1.0,1.0,0.0,0.0,1.0,0.8768893200924104,0.5364032193473075,-0.4907559053356042,-1.1502273497380464,-0.8316026150209964,-0.30461982024911116
1,6.4134013454605885,3.1296261569165456,3.1296261569165456,7.918129337642284,1.0,1.0,0.0,0.0,1.0,0.0,0.7875368563212265,1.959406409406573,2.2925602709733672,1.5016357731676808,0.40512785663662776,-0.4512471535618958
1,2.0687105708714695,4.067432173341391,4.067432173341391,7.1211153947773,1.0,1.0,1.0,1.0,1.0,1.0,1.2384036758425778,-0.2098443068508753,-0.1638550686854275,0.455733595245495,-0.13002873202250498,-0.5313461350330151
1,3.975296313445241,2.9767640356227503,2.9767640356227503,2.601123050462284,1.0,1.0,0.0,1.0,1.0,1.0,-0.12328405183791351,-0.07004539842831839,-0.09891507679058578,0.09288497631094697,0.3093226861962525,0.09745141224078151
1,3.951308059411555,3.5921844368289872,3.5921844368289872,5.2823351902451305,1.0,0.0,1.0,1.0,1.0,1.0,0.8372049448178083,0.5955872422306004,-0.5259301924363757,0.18256788205296187,0.616601699841061,1.6642434743892727
1,4.24512147645045,2.7660391142611127,2.7660391142611127,3.9189430845682027,1.0,1.0,1.0,1.0,0.0,1.0,0.08583510857604029,-0.8114605551119377,-1.0016148693084252,-0.4814671876316708,0.15273182106556127,-1.029605312077323
0,-0.7441163214621963,1.2298420673814607,-0.9727724545389481,1.2298420673814607,0.0,1.0,0.0,0.0,1.0,0.0,-0.8120930674984149,-0.20350671311167806,0.03603670581814225,-0.23616012552692467,0.14654172360513856,0.7009660613091104
1,1.5099898612396985,0.2989993209059552,0.2989993209059552,0.8596048863368464,0.0,0.0,1.0,1.0,1.0,0.0,0.2437578657511972,0.11630407102271226,0.479916116425899,-0.3734007554777306,-1.0753778179881426,-0.23215094724521945
1,2.8107718769684022,0.4886680202763932,0.4886680202763932,3.1285252215470627,1.0,1.0,0.0,1.0,1.0,1.0,-0.49846186589980757,-1.1641393992787734,-0.03548839596471248,-0.016871275903936445,-1.313979835688639,1.001361262088956
1,3.8965608552591133,3.072394804724068,3.072394804724068,5.225048818237306,0.0,1.0,1.0,0.0,0.0,0.0,2.749067587447287,0.2306141509849186,1.2167376571725088,-0.06774697263080177,0.6835630465731436,0.7355616832551769
0,1.1291841130374456,3.2356284474815658,0.7153461631306086,3.2356284474815658,0.0,0.0,1.0,0.0,0.0,0.0,-1.1498896474000657,1.1668508103115878,-0.1991039012301022,1.5417522589813772,1.1123588426172986,0.5858888341054646
1,1.4946191104433453,0.2822205777309999,0.2822205777309999,0.46117070215618206,0.0,0.0,0.0,0.0,0.0,0.0,-0.12431436649519884,0.20014771708086881,0.11811661335695636,-0.047028244702115966,-0.12832999159734695,0.7391635104477905
1,1.1519641796297797,2.2386727988930053,2.2386727988930053,0.8881042939169649,0.0,1.0,0.0,0.0,1.0,1.0,0.3149931909293899,-1.0222251589307694,-0.4266760474373815,-0.4921732852143409,0.20169207847444381,-1.5691058778818496
1,4.317283969875856,5.378449476271896,5.378449476271896,3.7421114395041215,1.0,1.0,0.0,1.0,0.0,0.0,-0.24976831447959985,0.8501794750072125,-0.17032022637547056,0.464220374548046,-0.8759492376268172,0.9008274864128252
0,1.7687457855588442,1.9293213909941827,0.7652578196622,1.9293213909941827,1.0,1.0,0.0,0.0,0.0,1.0,0.4930182782556397,-0.4799466933461789,1.3535969378618902,1.3313983577196964,1.2098001756529961,-0.061995631332318335
1,0.5255717812438616,-0.5768355186172004,-0.5768355186172004,1.2332624722984147,0.0,0.0,0.0,0.0,1.0,0.0,-0.41285243877700767,0.1877330627114895,0.2700533675377895,-1.829492386131911,0.7730101192358022,-0.4236051036175698
1,3.5985630507170017,3.0107220952112455,3.0107220952112455,2.4640695434494937,1.0,1.0,1.0,0.0,1.0,1.0,0.5825012667781941,-0.9703003229690385,0.59303449968598,-0.013668431752932031,-0.8446390148878642,-0.09193322913705218
1,1.4274781525632478,-0.7838068385472978,-0.7838068385472978,0.019048953726933604,0.0,0.0,0.0,0.0,1.0,1.0,0.1534987546059725,0.584957238792102,-0.33838631917823697,-1.2692056600089794,0.07955216900685555,-0.6181774760875444
0,0.36683127608257615,0.4839669395177085,1.2471150882382875,0.4839669395177085,0.0,1.0,0.0,1.0,0.0,1.0,-0.3941616226410731,-0.517517441007544,-0.45383717517572697,-0.968690239855244,1.3597475635016816,-0.1977013062607627
0,0.44787464321718706,-1.8868548611128761,-0.4186159778546149,-1.8868548611128761,0.0,0.0,0.0,0.0,0.0,0.0,-0.9751471104031488,0.10857826321205359,0.13224114022252265,1.3559619392377287,0.34117247921463134,-1.3630919377947437
1,2.1261838459264264,0.5312872225857063,0.5312872225857063,1.5644062194947272,1.0,0.0,0.0,1.0,0.0,1.0,0.4185830842209068,-0.7413257862037537,-0.46395541882705366,0.7409818389948993,-0.9150277756969801,-0.46044183044020653
0,2.8171669023443418,2.93233104207096,4.1929834648336755,2.93233104207096,0.0,0.0,0.0,1.0,1.0,1.0,0.38133412856684984,1.0581558969506628,-0.1297774168191671,2.453387351752683,2.109333763450068,2.3504014387610406
1,4.032837904875608,3.399559462505409,3.399559462505409,3.0727100979331543,1.0,1.0,0.0,1.0,1.0,1.0,0.14215169834707056,-0.19828413113095245,-0.2550103531878699,0.13652783696110346,0.5023229770331235,-1.3017747768187922
0,-0.39060604082393835,1.8552378956282307,0.4393446634391251,1.8552378956282307,1.0,1.0,1.0,1.0,0.0,1.0,-1.1819783523316503,-1.6544271423373096,-0.148574962864817,-0.20428057558510826,1.6331528372920385,-1.4877559020505253
1,4.213609692521897,2.914924619050982,2.914924619050982,4.5642702593545135,1.0,0.0,0.0,1.0,0.0,1.0,1.4849623144181174,-0.7862940757323691,-1.5768917009822996,-2.3620362191383215,-1.1892844961461824,-1.9290855926478734
1,2.0056562014248493,-0.256950714852324,-0.256950714852324,3.331958330746163,0.0,0.0,1.0,0.0,0.0,0.0,0.8506172130064553,-0.7413412778670869,-1.0248709802459461,-0.8298005314069719,-1.9105346541538695,0.8798378996659351
1,1.776527709260545,1.476269107144768,1.476269107144768,2.7197950988119395,0.0,1.0,0.0,1.0,0.0,0.0,0.837575438487542,-0.050249558702631564,-0.5842466402499897,-1.111377708557677,0.701707975134795,0.055828513270330976
0,1.5317458937322082,5.481619985487553,2.6848752079608285,5.481619985487553,0.0,0.0,0.0,1.0,1.0,0.0,0.6258776147066515,1.7079309838277204,2.131179178356441,2.458947743509898,0.9970511205523427,0.39168478403380713
1,3.528809321232772,1.23964623906515,1.23964623906515,2.768602305873442,0.0,0.0,0.0,0.0,0.0,0.0,3.239573620880024,-0.47787193908800085,1.0445821997523577,-1.1352899372538343,-0.9817390426451102,-2.033424091099361
0,5.615128688045311,6.597318804320978,4.2495163848437,6.597318804320978,1.0,0.0,0.0,0.0,0.0,0.0,2.628908470521302,1.0803198059881753,1.2939788977734192,1.755519305893792,0.47798663872441505,2.4328390267223305
1,2.3451470209165355,1.565763447335569,1.565763447335569,1.8698739076612152,1.0,1.0,1.0,0.0,1.0,1.0,-1.0214191919762614,-0.45118563578841336,-0.09063302711334603,-0.8414581539763015,-0.3514455052590383,-1.336390492389527
1,5.5680262440706345,1.6086525377743761,1.6086525377743761,5.603858336363838,1.0,1.0,0.0,1.0,0.0,1.0,0.5324408738052503,-0.7352489281200099,-1.4991891041557963,0.9887712910159758,0.20057140203363988,-0.06660219121700273
0,2.439206509577418,4.579968292263036,2.7891014115807655,4.579968292263036,1.0,0.0,1.0,1.0,1.0,0.0,0.6884384884356229,0.7550602311822987,0.3962856038332284,1.5515283894821843,-0.664843823134839,0.08479899060444096
1,2.814389658670947,0.383211298184773,0.383211298184773,3.061883691874584,0.0,0.0,0.0,1.0,0.0,0.0,0.7083208923299814,-0.3493048126655266,-1.2274384965474958,-1.3312244145462877,-0.3804293980721066,-0.306662762207703
0,-0.3248336696876015,-0.6152401380797119,-1.1935625880826253,-0.6152401380797119,0.0,0.0,0.0,0.0,0.0,0.0,-0.07057693948091245,-1.2354164517326012,-1.1376820448799363,-0.053902578870571746,-1.3116037144571064,0.05820299554095998
0,4.537994866116286,6.598473234562555,1.9791833886836532,6.598473234562555,1.0,1.0,0.0,0.0,1.0,0.0,0.8617826183211974,0.9394172252421511,0.6235098041433829,0.7685825525926462,0.8729249687415527,0.38353097070940134
0,3.1317034444457184,1.7680496608044747,1.0672117981151974,1.7680496608044747,1.0,1.0,0.0,1.0,1.0,1.0,-0.2784681853378234,-0.5396217510421706,-0.2284029289249536,-0.9230230589853242,-0.8205937102050338,-0.42452043804012884
1,1.8607961152888368,-0.014702461162982572,-0.014702461162982572,1.772239417911292,1.0,1.0,1.0,1.0,1.0,1.0,-0.33142623102964763,-2.0021401889112003,-1.0988691188102133,0.13805652042491312,-1.2985005089516413,-1.9045312159261125
1,5.510474859159182,-0.022810682302990548,-0.022810682302990548,1.3644721919613658,0.0,0.0,1.0,0.0,1.0,0.0,0.5049449924623023,-0.4694046719418485,-1.1395469741907145,-0.18621376994680533,-0.13976451555293506,0.16641197534745322
0,0.6844430972634139,3.2121320728534206,-0.6988459641396709,3.2121320728534206,0.0,0.0,0.0,0.0,1.0,0.0,-0.8736161582706099,1.3935370935569713,0.4163024824954952,0.6381883200577368,-0.16956535633728065,-1.154463632492404
1,2.3139535659983963,2.674820614979618,2.674820614979618,5.74373560057149,1.0,1.0,0.0,1.0,0.0,0.0,-0.7265963369189642,1.48745755598478,0.617832289902895,0.3944422647867195,0.13247920160968474,0.7677797385355288
1,0.9659143836703423,1.250780543207251,1.250780543207251,-0.6466092913031635,0.0,0.0,0.0,1.0,1.0,1.0,-1.0069822717510422,1.025134624001383,1.6778320256750794,1.005713457180379,0.5702573106484995,1.235008904276011
1,2.933146552248389,1.6592457502625442,1.6592457502625442,1.8612408515538268,0.0,1.0,0.0,0.0,0.0,0.0,0.24363991131230994,-1.7274676606169834,0.4976413861124156,0.7641791463605997,-0.13515434758508982,-0.21035617616712243
0,-1.1968474129308173,-0.11692587873715854,-0.23704164167483183,-0.11692587873715854,0.0,0.0,0.0,0.0,0.0,0.0,-0.3032031675227521,0.9695212153344258,0.9228920541662794,0.061997011075457686,-0.22417458735721335,-0.276933775379609
0,-0.8286781466097859,1.717076038307724,2.9525673449199097,1.717076038307724,1.0,1.0,0.0,1.0,1.0,1.0,-0.7624944486363588,-0.21192753986415439,-0.9553069397331186,-0.3540808581478933,0.2804699448546394,-0.49329121331545833
1,5.892126834616266,3.4826662222856086,3.4826662222856086,4.682150198983175,1.0,1.0,0.0,0.0,0.0,1.0,0.5836172464580792,1.5078143058971707,0.3881535124161762,0.6068912786836704,0.2663330375224357,0.3142985734898882
1,3.613660669423192,2.514716153360631,2.514716153360631,7.590257900167861,1.0,0.0,0.0,1.0,0.0,1.0,0.8475237823817826,1.1190957637598362,0.09445941725372259,1.0702570421214637,0.9668006212863144,0.6550239565821229
0,2.6380831600647805,4.004995239472089,1.7604049420476675,4.004995239472089,1.0,0.0,1.0,0.0,0.0,1.0,-0.812727855358189,-0.9297484055711948,-2.3587863538055913,1.1835290195198798,0.7996931526282826,0.6590258588639623
0,0.5235573395410809,1.2856718221364465,-2.014837161981643,1.2856718221364465,0.0,0.0,1.0,1.0,1.0,1.0,-1.2813224343180123,-1.2707408601529668,-0.8366945273662793,0.8006894813562035,-1.69819063815607,0.055211731115637264
0,-1.5098296568872225,1.0655362964556003,-0.37543810626475294,1.0655362964556003,0.0,0.0,0.0,0.0,0.0,1.0,-0.8696368295136743,0.8528442390131509,-1.0541478097830255,-1.6089718878286337,-0.4782643410234305,-0.9774011304339674
0,-1.8953117775747446,-0.4483910961583091,0.33096773701717,-0.4483910961583091,1.0,1.0,1.0,0.0,0.0,0.0,-2.067809402933616,0.2323130748652973,0.2902455620313824,-0.1311128943587848,-1.7156399672224367,-1.013616673111858
0,0.8747869289602149,5.214591699901584,2.7210788490195066,5.214591699901584,0.0,1.0,0.0,0.0,0.0,0.0,-0.0804477950111219,1.0188478179863487,0.00403972771177219,-0.03150796581369614,1.0589528615964188,1.2992274784911593
0,-0.3348246356320894,-1.7084460437142701,-1.0659081113604445,-1.7084460437142701,0.0,0.0,0.0,1.0,1.0,0.0,-1.9742384297183968,0.05343565409237233,0.44985590239936596,0.67284069942911,0.751413351612853,0.2726247718887327
0,-2.62033699794628,-0.18338642473536382,-2.2379934215180204,-0.18338642473536382,0.0,1.0,0.0,1.0,0.0,1.0,-1.5968565229180955,-1.0982816266919662,-0.39596263089446954,-1.4985414069187646,-2.451536406228267,-0.15234369315600127
1,4.775972900198588,0.9904963689014933,0.9904963689014933,1.1839033603088758,0.0,1.0,1.0,1.0,1.0,1.0,0.882718473695343,0.3154070593529409,1.2570491286969847,-0.6149749904490888,1.0318871777034095,0.4258583767010537
1,1.2326904592831722,-0.5848709677727651,-0.5848709677727651,2.1822737092733933,0.0,1.0,0.0,0.0,1.0,1.0,-0.5262569562810979,0.9382074002808736,0.06336332016337703,-1.8552473057079655,-0.03438865218946334,-0.875457089628463
1,2.327163497411413,0.17250319281131854,0.17250319281131854,3.1801373037626504,1.0,0.0,0.0,0.0,1.0,0.0,-0.16777154350874435,0.6809335768488733,0.06298094044821514,-0.16662176617709162,-0.5099775131847679,-0.927031296212898
1,-2.639062612985154,-0.06668913058881754,-0.06668913058881754,-1.0472217611352814,0.0,0.0,0.0,0.0,1.0,0.0,-1.0404269696703297,0.21539437130688271,1.5008817816392965,-0.453042538657732,-0.8431988690833665,1.1791733423941104
1,3.999759859180308,3.7294382653162024,3.7294382653162024,2.8059779787830017,0.0,1.0,0.0,1.0,1.0,0.0,1.4671930575248808,-0.4369952855743653,0.4148416930468801,0.9047494959208164,0.5727231816689715,0.24341569791581824
0,1.7981449348238552,-0.7598129519558289,-0.7416968754691362,-0.7598129519558289,1.0,1.0,1.0,1.0,1.0,1.0,-1.2064127233099284,-0.9021770279372929,1.2422278536642453,-0.0776420797954992,-1.0359398227307928,-0.8626824897179176
0,0.24360293165157487,3.010345365281385,2.0926281374351636,3.010345365281385,0.0,1.0,0.0,0.0,0.0,0.0,1.592762568845546,0.07181115176862969,1.442202206882978,-1.0467566240611845,-1.162416861254744,0.17280292183303533
1,2.895353682691594,-0.5081796430719228,-0.5081796430719228,1.1586009196430906,1.0,1.0,0.0,1.0,1.0,1.0,0.4257902511194221,-1.1716054963382767,1.138584400736712,-0.46440289251002576,-1.220025115612729,-0.17487077540841936
1,2.5224643066971413,2.08492423266248,2.08492423266248,1.0129797482497191,1.0,0.0,0.0,0.0,1.0,1.0,0.7132064931998715,-0.20733630703229,1.517228619025155,-0.08510996095008422,-0.3130224624410861,1.1215519794636744
1,-2.13865789528225,-2.971710690615636,-2.971710690615636,-1.6191194499409822,0.0,0.0,0.0,0.0,0.0,0.0,-2.5043014693733747,-0.1088093536402065,-0.9589363480829991,-0.14925946293630613,0.15410127236793758,-1.1277644983980455
0,0.802944155048724,0.4395331334943837,3.031522973199131,0.4395331334943837,0.0,0.0,1.0,1.0,1.0,0.0,-0.9323581942561177,-0.0463435001100618,-0.41758370712665493,1.2552665670753762,-0.30652811059181817,0.40744785195151684
1,4.3361011596923404,3.4849005414074608,3.4849005414074608,3.544385676126672,1.0,1.0,1.0,1.0,1.0,1.0,-0.1322525582872832,0.24553169996423319,-1.8531017876372151,-1.3670770575630438,-1.5700603476308004,-2.081154849051808
1,3.1085199114458466,-0.6177989606587386,-0.6177989606587386,2.853408372746319,0.0,0.0,1.0,0.0,0.0,0.0,0.08678970933745771,-0.6113151843678334,-1.1504323713709423,0.7117133202758689,-0.6213054151347609,-1.3381373435815802
0,1.3568469842243092,3.2818265501008055,0.5359020888488872,3.2818265501008055,1.0,1.0,0.0,1.0,1.0,0.0,-0.8725596921283152,0.025168270644458812,-0.3252320564403781,-1.4597240503540734,-0.15780085610301053,-0.8135510240789473
1,4.4548546304359595,2.5783271406243204,2.5783271406243204,3.913970606047892,0.0,1.0,0.0,1.0,1.0,0.0,1.1160065442234466,0.7673703937919203,0.20860959508637522,-0.8065161593282636,-0.2599745384810555,0.9381853849695803
0,5.350142612315545,6.17303131615374,4.057047239797395,6.17303131615374,0.0,1.0,1.0,0.0,0.0,1.0,0.5561788100795797,2.3780616125378495,-0.06990707660887974,-0.041691245418075895,0.5479216777310739,1.0342726378800429
0,-1.2410794229736266,-0.6546985359738744,-1.6334624130186368,-0.6546985359738744,0.0,0.0,0.0,0.0,1.0,1.0,-1.3825073214256436,0.1112488744211381,0.11006157249084147,-0.9998507590724941,0.6080618093160579,-0.06886619929477654
1,1.3300183466943638,0.1869214300080706,0.1869214300080706,2.1873112065483653,0.0,1.0,0.0,0.0,0.0,0.0,0.6047321866885162,-0.5446540933193136,0.21338663992365375,-0.1821329703872504,0.8684930708927483,-0.8074144101393326
0,3.142576371079942,4.383322053367634,1.2601013512400012,4.383322053367634,0.0,0.0,0.0,1.0,0.0,1.0,1.3695773858863816,0.5076643169245787,0.8727926103815564,0.02364475130547209,0.6055181375970684,1.3802782841619372
1,2.5793372357937785,2.3814759858223136,2.3814759858223136,4.008697294547624,1.0,0.0,1.0,1.0,1.0,1.0,0.7702075871723221,0.7242315326016735,1.762303072330044,-0.2565885467648665,0.3778471183444259,-1.3825262419318536
1,3.6510590512327594,-0.19560286875677935,-0.19560286875677935,1.865237880150935,1.0,0.0,1.0,1.0,0.0,1.0,-0.9512055697788938,-0.3557017161743343,-1.2145354865827211,-0.6765861664197778,1.143537130427847,0.6211387118663304
1,0.5266313797398556,-1.1312205913822493,-1.1312205913822493,1.1391689480123735,0.0,0.0,0.0,0.0,0.0,0.0,-0.13136118700980107,-0.6828175674813197,-0.15430729227296505,0.34256477738030655,0.3215101378049958,1.342669710596607
1,2.1733183073478646,3.338479148517908,3.338479148517908,4.101364560681579,0.0,0.0,0.0,0.0,0.0,0.0,1.5458874193669885,0.37030186820394595,-0.1532463044475212,-0.3841212844855175,0.2669962864226847,0.6216823868440294
0,2.9837737628213445,3.2856731333751963,-0.13376273422386564,3.2856731333751963,1.0,1.0,0.0,1.0,1.0,0.0,0.04103288718175371,0.45100554720904407,1.141541423207568,-0.7228815943617388,-0.21495686521679935,0.7824993286457282
1,2.5267130403870293,2.735974323526265,2.735974323526265,2.8547053022299975,1.0,0.0,1.0,1.0,1.0,1.0,0.979905330696944,-0.21632213477025364,1.2792219051590057,-0.2148705637627235,0.268487837483828,0.2321104949891167
1,2.8808521527526367,3.163139597205461,3.163139597205461,2.960636908097802,0.0,1.0,1.0,0.0,1.0,1.0,0.5925475977175164,-0.299239146307136,1.0253299180512367,0.5848404041069009,-0.6658216929035945,2.6872247273627785
1,3.516196047107992,1.5231253672047085,1.5231253672047085,4.262545346240577,1.0,0.0,1.0,1.0,0.0,1.0,0.31739997439141665,-0.6238271818766623,-0.9213784683990479,1.05653874453188,1.2056020911780503,1.3774528151206158
0,0.6520214262165618,3.5401782114826927,0.8802999204787737,3.5401782114826927,0.0,0.0,1.0,0.0,0.0,0.0,0.5219607600026138,0.8743463773982056,2.259165111127257,-0.023981625769040504,0.2620655982597132,-0.37996785242647413
0,3.8897497464203514,7.437910451619574,6.187166846678915,7.437910451619574,1.0,1.0,1.0,0.0,1.0,1.0,1.7536863241593392,1.4601603152736469,2.5534943971409136,1.702963786937841,1.3445687523455994,1.612579116844782
1,4.390674005115847,1.3679933898960086,1.3679933898960086,3.5269869502754467,1.0,1.0,0.0,1.0,0.0,1.0,0.6040926843924892,-1.0117750776113097,0.3314214993950792,0.9605869435171344,1.2035803500339206,1.8580643223637197
1,2.9158436822529645,0.9241649800542397,0.9241649800542397,4.106995631736297,0.0,1.0,1.0,0.0,0.0,1.0,1.335095769810538,-0.9238019778967156,0.47027258569012453,-1.0542527301083229,-0.49122433153187,1.1564838746628048
1,0.5120394726708941,-0.5957065217694503,-0.5957065217694503,-0.007108626115971073,0.0,0.0,0.0,0.0,1.0,0.0,-0.8733679452273498,-0.33349050227920535,-2.0230289219699236,-0.46097560041738395,-1.1253941911387138,0.05601284081669311
0,-1.9605042883241306,-1.060099205246462,-3.402517000616661,-1.060099205246462,0.0,1.0,0.0,0.0,1.0,0.0,-1.9377862442355678,-1.2872933660222174,-0.1008944033135199,-0.7326378728886185,-0.9347872783383577,0.31251073369128446
1,2.5618648883111947,-0.12452278668013406,-0.12452278668013406,1.5644973538745837,0.0,0.0,0.0,0.0,0.0,0.0,0.9246028296245288,-2.0156341727718994,-1.2827996990701374,-0.5168880021927018,-1.1628447781710716,-0.32721081181503786
1,0.1567067080931388,0.9835491119615016,0.9835491119615016,2.372436933197227,1.0,0.0,1.0,0.0,1.0,1.0,-1.0560040479340231,-0.12743296605907922,0.0961857268477906,0.6654438298176293,0.5767908586046263,-0.2724730409081178
0,0.2663386642739622,0.3506935642663874,-1.1347636304432231,0.3506935642663874,1.0,1.0,1.0,0.0,0.0,0.0,-1.917929423009991,-0.34460775067971566,0.2710437581727408,0.8313870407057363,-0.01495536150991815,-0.7458188386880944
1,1.33232469077626,-0.24233813250603098,-0.24233813250603098,2.088823729836809,0.0,0.0,1.0,1.0,1.0,0.0,0.06981274267754435,0.38639754866455567,-1.588647727101859,-0.6691284004232354,-2.447126876440848,-2.2863129172498544
1,4.757177817432339,2.7143873267324095,2.7143873267324095,2.7619382527982497,1.0,1.0,1.0,1.0,1.0,0.0,0.27832525314688694,-0.5553593559281169,-0.3833257027757326,0.8147443083057787,-0.37342928499883443,0.9588786864591315
1,0.9857620308399546,0.9278626883592255,0.9278626883592255,-1.3453105733189952,0.0,0.0,0.0,0.0,0.0,0.0,-1.1248305800508425,0.3080308287284225,-0.7715803585747589,0.27010124874605307,1.54209512293476,-0.03141127232518556
1,-1.8935060907416248,-1.348532654509348,-1.348532654509348,0.6879457436724956,0.0,0.0,0.0,1.0,0.0,1.0,-0.6607601345556013,-1.1849109890281246,0.4925076268876439,-0.3546401797555818,-0.7109024387599743,-1.1257396449746073
1,0.5403903646267136,-0.39892984546530963,-0.39892984546530963,2.9098286309856327,0.0,0.0,0.0,1.0,0.0,0.0,0.6128722588198182,-0.24750312312063832,0.511707076769346,0.32012121455015774,0.41219169650768345,0.5807672129093542
1,3.6779839204941918,0.037686344048561526,0.037686344048561526,1.9185203162870184,0.0,0.0,1.0,0.0,0.0,0.0,0.7181031596733133,1.1502402006486538,1.7211375204785564,-0.28806893488083046,0.1811517187845233,0.046955493776138835
1,1.075485036110653,-0.22124009894426536,-0.22124009894426536,-0.35019351867023185,0.0,0.0,0.0,1.0,0.0,0.0,0.2773284706013218,-0.14206221769711858,0.21507471953143795,-1.0482524681092698,-0.004460205394083011,-0.7518931798023623
1,4.370019626532496,2.564976904447788,2.564976904447788,1.9960502631606407,1.0,1.0,0.0,1.0,0.0,1.0,0.35739536758627494,-1.202870169147094,-0.1450157666563614,0.9792463316733122,0.001820768275595297,-1.7908035543838285
0,0.6770470280477018,1.8829043821262077,0.6106932694338054,1.8829043821262077,0.0,0.0,1.0,1.0,0.0,0.0,-0.37648095911171897,0.7063341135731673,0.2982244369048842,-0.35192434163680136,0.3423960306920949,1.3347093290579566
0,3.9450425996566034,4.667339540861632,2.659535930763786,4.667339540861632,0.0,1.0,1.0,1.0,0.0,0.0,0.300841625636302,1.3238831984914177,0.5787749439263594,2.1212382634521867,0.5320711047299185,2.6677041760298117
0,4.383757143111166,3.8003397576245694,2.2330343665985057,3.8003397576245694,1.0,1.0,1.0,0.0,1.0,1.0,-0.3150341446299854,0.4118367742505271,-0.6474936302335139,-0.9847258498226026,0.5279091994245412,0.45899453588324407
0,1.7155183256184232,2.720764771452258,2.0677930490361334,2.720764771452258,1.0,1.0,1.0,0.0,0.0,0.0,-0.893064973302578,-0.6409849979710551,-0.14787958070787924,0.2761485578972647,1.1396493155765914,0.20772677991363547
1,4.06776811823049,0.5763105999101378,0.5763105999101378,3.5685469435218398,1.0,1.0,0.0,1.0,0.0,0.0,-0.3346650625615871,-0.6763971229827644,0.10411623963850455,0.6264347545868041,-0.08331064242175719,0.3627858364229036
1,4.282597314860726,3.774968646779144,3.774968646779144,5.788947126022322,1.0,1.0,1.0,0.0,1.0,1.0,0.8734525493727391,0.32636696592063696,0.9979188625156341,1.0065925600438277,0.9275350559869213,-0.389997835734634
0,0.25260006239253563,-0.3940122642965893,-0.7364844178333244,-0.3940122642965893,1.0,0.0,1.0,0.0,1.0,1.0,-1.4949235184961462,-0.9856231754599719,-0.9931595491348318,-0.6801195580986343,-1.0708031243891292,-0.8072051372921056
0,2.709125711704214,7.192715609815782,3.3826703829089118,7.192715609815782,1.0,1.0,0.0,0.0,0.0,1.0,0.8188355704644668,1.6448472894819135,1.4061244408155975,1.180471959103374,1.2699000570268417,1.7923406020202668
1,5.1986203001635936,4.056517549855784,4.056517549855784,3.9942808810872785,1.0,0.0,1.0,1.0,1.0,1.0,0.9797033454254027,0.4720570385847922,-0.2747783516800562,-0.5005655974439254,-0.5329693114347589,-0.17012380660018528
1,5.4490852074304765,3.370015584484808,3.370015584484808,3.419802085151713,0.0,1.0,1.0,1.0,1.0,0.0,0.7595443982207538,-0.12560655813932664,0.43284232944757356,1.6777770102907237,2.1057603164924754,1.0539846073408952
0,0.3630157117776513,2.5027178171236475,0.600691298956845,2.5027178171236475,0.0,1.0,0.0,1.0,1.0,0.0,-0.6213958864268792,-0.07874164531625116,-1.1835458602317859,-0.4364302973166849,-0.6878201921356285,-0.629915574527332
1,1.4432614767849972,-1.5868872687558038,-1.5868872687558038,1.6700027032420186,0.0,0.0,0.0,1.0,0.0,0.0,-0.8403009555048478,-0.014007893948831063,-1.399715408438631,-0.6913536216253425,-0.05666540622623695,-1.0862595496866305
0,2.3799306913850398,3.5818390715191386,3.045257415949031,3.5818390715191386,1.0,1.0,0.0,1.0,1.0,1.0,-0.10458374351539225,0.8735577541972894,0.6328888911464507,0.2425789801528372,3.9100423748018724,0.2586102953661067
0,-3.064415652580476,0.4226724679831777,-1.1842832115150572,0.4226724679831777,0.0,0.0,0.0,0.0,0.0,1.0,-1.078060266251645,-1.1519036056951413,0.14456165860664522,0.19317983634174266,0.6019628068271121,-1.053858354985318
1,7.0997148338212686,4.024911974134055,4.024911974134055,6.642858071337747,1.0,1.0,1.0,0.0,0.0,1.0,0.3356281946752369,1.2584107993760807,0.17757170249142298,1.9749072092121127,1.2580520637639643,0.27384502077260076
0,1.0861307996763172,0.33738682981058843,2.108815550385876,0.33738682981058843,1.0,1.0,1.0,1.0,1.0,0.0,-0.08956521371845581,-0.27738694464471236,1.3836990900643729,-1.8799838740569865,0.08569818810620417,0.4231339705986011
0,0.7278377917762615,1.7118381201549444,0.6341399094634397,1.7118381201549444,1.0,0.0,1.0,1.0,0.0,0.0,-1.403522323124263,0.028675409688318776,-1.2449878676659942,-0.17097979528798146,0.8321364422469406,-1.048606216887247
1,4.276848799808702,3.3774347589202716,3.3774347589202716,4.732356903714362,0.0,1.0,1.0,1.0,1.0,0.0,0.9374118021720995,0.6739173519365963,0.383974721866665,1.0831031139002056,-0.01124374629184749,0.25982853741127027
1,1.7652005313584684,0.9490162910920451,0.9490162910920451,2.4850872382917344,1.0,0.0,0.0,1.0,1.0,1.0,0.34553012975491554,0.44449896347039886,1.3550347901714153,0.46982208065036596,0.09975298615029748,-0.018783449688680398
1,1.1408298525717138,-1.1823612469765217,-1.1823612469765217,0.5442408395815872,0.0,1.0,1.0,0.0,0.0,1.0,-1.1212634958732264,-0.46991111965787236,-0.6861938281331859,-0.31009014510677996,1.3583234066037928,-1.1138762436140037
1,0.2860529283573485,0.16624029191601114,0.16624029191601114,-0.6009643945788681,0.0,1.0,0.0,0.0,1.0,0.0,0.12040331253206896,-0.3415362650129502,0.9834579838148602,0.9966263798415724,-0.32257004126520433,-1.0461869078008617
1,1.9355440849809513,2.036270159979918,2.036270159979918,2.495779776446549,1.0,0.0,1.0,1.0,0.0,0.0,0.4183380707769155,-0.8900625916040447,-0.32513657857666733,-1.4566542604501327,1.197142479186896,0.6617764947212764
1,3.9976617915434205,1.6395858316152767,1.6395858316152767,3.1310642575809142,1.0,0.0,1.0,1.0,1.0,0.0,0.2542920502340487,0.8839941497110366,1.0372751122877608,1.7623394517651203,-0.04191955256294855,-0.622764869694818
1,1.6459491503264414,-0.7541153817809618,-0.7541153817809618,0.5457544962466558,0.0,1.0,0.0,0.0,1.0,0.0,-0.9589906536579131,0.19471240223042927,0.42360242208937327,-0.5626588778898243,0.6827688620226258,-0.9991532597064194
0,4.878009501246311,7.075116296184688,2.944207388641488,7.075116296184688,1.0,0.0,0.0,1.0,1.0,0.0,1.8775096086362946,1.7621552496683746,1.044093072496405,1.9889615610693452,0.6616934208460232,1.4813956710820313
1,4.292519781653211,2.7287070047771977,2.7287070047771977,3.936919451787779,0.0,1.0,0.0,1.0,0.0,1.0,0.4058750139256451,1.2081504601195243,0.09908873704465143,0.6715691337964403,1.2636213784236405,0.32578841059005953
1,4.67648352310139,1.7989726549040765,1.7989726549040765,4.304037103155785,1.0,1.0,1.0,0.0,0.0,1.0,0.28045878229382737,0.6415284278095144,-0.7808573901059823,0.4846109325319562,-0.46615370188149485,-1.4066389867311297
1,2.47369081006011,1.3683210609201049,1.3683210609201049,2.5197019186708705,1.0,1.0,1.0,1.0,1.0,1.0,1.2422656895100181,-1.3714388293887718,-0.2045702899816189,-1.9348323683244943,0.54519235271846,0.26584776720367775
1,6.702038959892826,4.155916342012939,4.155916342012939,4.441537284596793,1.0,1.0,1.0,1.0,0.0,1.0,1.0546380488238656,1.2982471452104354,2.113380104497342,-0.3422561100945678,0.2887661156254676,0.7467683612670681
1,10.369848302282463,6.718204234815172,6.718204234815172,7.610142129317621,1.0,1.0,1.0,1.0,1.0,0.0,2.6778754074036253,1.3108958187003135,0.7915493780921068,0.3101107083764876,0.5185484506318115,0.7445103746557619
0,3.0931673982053223,6.278547887194535,4.043074184988513,6.278547887194535,1.0,0.0,0.0,0.0,0.0,1.0,0.29876534730388926,1.7750126468732361,0.21801183930566048,1.9101633006226693,0.7565248999688646,0.3212742339433792
0,2.9675614982560057,4.8329164698783975,4.548688207186832,4.8329164698783975,1.0,1.0,0.0,1.0,1.0,0.0,0.637948471770239,0.28395264654310387,-0.4134616654845331,0.19019075969904897,0.8598483470514473,1.811625707408049
1,4.256262826701532,5.306265655189609,5.306265655189609,3.9972140111002967,1.0,0.0,1.0,0.0,0.0,1.0,0.9932120457165231,0.2760868811834779,0.3951055003923262,1.251011519282603,0.6008214410629653,0.3795067430588198
1,3.780301921331849,0.875262881347068,0.875262881347068,1.8941380259252725,0.0,1.0,1.0,0.0,0.0,0.0,0.8293889109350362,0.10241400637206058,1.5565075935715855,-0.49322773253244206,1.4832590188995929,-0.9241009280286977
0,2.733242791689555,7.736763711763884,6.026005524536775,7.736763711763884,1.0,1.0,0.0,0.0,1.0,1.0,2.57109040834613,0.9640725469643552,0.7673030389767141,0.5870978702022338,0.4090501654618728,2.0606637400503924
1,0.809097624841574,-1.8226910570799166,-1.8226910570799166,1.0782563601398596,1.0,0.0,1.0,1.0,1.0,1.0,-1.0422524645332665,-2.383860119668273,-0.48344952550017617,-0.21122816346517914,-0.057708302811246726,-1.0482936144632657
1,3.460054767985243,3.2165274400879094,3.2165274400879094,5.337580291638135,0.0,0.0,0.0,0.0,0.0,0.0,1.198635365852674,1.8502156399416645,0.23299339408958306,-0.6509748089536411,-0.3293106878006987,-0.4267742867965927
1,1.3215462020736712,1.8384889173408807,1.8384889173408807,-0.3393526168178125,0.0,0.0,1.0,0.0,1.0,1.0,-0.028592747835808684,0.44155689309140805,1.4964172802880866,0.8757276361394487,0.35899767724707976,0.9003054510382782
1,3.2328449501207195,1.519394020117283,1.519394020117283,0.14309832772224174,0.0,1.0,0.0,0.0,0.0,1.0,-0.02689877945112897,0.07782544852594231,0.09969147105016074,-0.509910881134984,0.5478268069797556,1.700557702341952
0,0.33990811485093086,3.141368693407937,1.0987003950246288,3.141368693407937,0.0,1.0,0.0,0.0,1.0,1.0,-0.7332425208574019,0.8249864356927179,0.3654292603490328,0.8278080086620485,0.519696689935659,0.43757762293907093
1,2.4019298913457923,-0.7125103729662543,-0.7125103729662543,1.2058655199672643,0.0,0.0,0.0,0.0,1.0,0.0,0.24602304344904127,-0.47854204693289965,-1.25048151490048,-0.1643916909524439,-1.480425893394681,-0.019925097909586742
0,0.5796990432163122,2.526437698917135,1.5143877921024274,2.526437698917135,0.0,0.0,0.0,0.0,0.0,0.0,-0.09985313579024177,0.3716689920443544,-1.025001535259495,0.17048085947935607,-0.3441007514258504,-1.1296020577768302
0,0.9018306563715304,3.7886057351043676,0.20668974436699017,3.7886057351043676,1.0,0.0,1.0,1.0,1.0,1.0,-0.032650796244095906,0.1895609113647131,0.1367737922386218,-1.0636934592518665,-2.417174126773888,1.3036004259772236
0,0.2515753199418729,2.3722562796378632,0.6202138230140415,2.3722562796378632,1.0,0.0,0.0,0.0,1.0,1.0,-0.019654369313308297,0.21931213078963158,-0.13962166681337518,-0.1962322360081317,1.2608805005992032,1.404975733691908
1,4.880659614060245,0.9007542527951147,0.9007542527951147,4.069292554577421,1.0,1.0,1.0,0.0,1.0,1.0,0.8348661691221886,-2.2650576102587086,-0.8098106303926713,-1.8256820309271666,-0.808548717315725,0.8654542663904136
0,2.139177842536063,2.6202096193938225,1.4152696085061889,2.6202096193938225,1.0,1.0,1.0,0.0,0.0,1.0,-0.9603009452766461,0.9551505155936547,0.9663659954889596,0.7120946566757131,1.1974842397492247,0.6399505857760253
1,4.212870872877309,4.357185268593739,4.357185268593739,4.933861876828467,1.0,0.0,0.0,1.0,0.0,0.0,1.1334839073025846,0.7289221720003776,0.9917343575450286,0.9983756347132099,1.2573946063099597,-0.32477126882725105
0,0.19437242478482472,2.0678729439307024,-0.20749761520236865,2.0678729439307024,0.0,0.0,0.0,1.0,1.0,1.0,0.49355506448793324,0.18623308208021683,2.1802793195238395,-0.14574922635691823,0.4181514400038774,2.333066881320395
1,5.890422999404855,4.118582097321873,4.118582097321873,5.735112591490376,1.0,1.0,0.0,1.0,1.0,0.0,0.24504253243764876,0.8423934069850235,-1.508637177101759,-0.2759676173001252,1.377600925257568,-0.49699426241594813
1,5.4945817652613735,3.8804496255660967,3.8804496255660967,4.564784199469509,1.0,1.0,1.0,0.0,1.0,0.0,0.30535919870498485,0.6642420437019708,-2.083371555517568,0.180844751842427,-0.36897007509348406,0.6537819501181887
1,4.097791105617153,3.6197360962886647,3.6197360962886647,4.165932900669104,0.0,0.0,1.0,1.0,0.0,0.0,1.1514316233044186,1.3320326837900196,0.64074665011056,-0.1643373798881824,1.3628329499096548,0.9554285277105087
1,-0.869927761739642,-0.5867447610055454,-0.5867447610055454,-1.3697983627143924,0.0,0.0,0.0,0.0,0.0,0.0,-0.47881894083661536,-1.3635887291568227,-0.11337421804741732,1.6761915953481992,-0.19411095009149043,-0.17427829523847138
0,2.6240268930059987,6.204454685601638,3.728892286973964,6.204454685601638,0.0,0.0,1.0,1.0,1.0,0.0,2.452357470962823,1.8276040187038816,1.3292457786385743,1.3930598346541048,-0.7619141691067388,-0.5933854345652609
1,3.2837492881509034,1.7436623195506333,1.7436623195506333,1.8780583632654921,1.0,1.0,1.0,1.0,0.0,1.0,-1.2977141567537125,0.3213387498102041,-0.7058950633621361,0.22177757466561177,-0.1106182454034371,1.487840537808672
0,-0.5891810079287387,1.5029390021157139,2.0973450170586196,1.5029390021157139,1.0,0.0,1.0,0.0,0.0,0.0,-0.2793844410933168,-0.058750605380276044,0.3582438752673925,1.5140039518610509,1.281563349476184,-1.1860003555520668
0,3.173642795525879,2.4655986812349693,2.1440449028484747,2.4655986812349693,1.0,0.0,0.0,0.0,1.0,0.0,-0.3046132199878421,2.4760649236069305,1.046529701084881,0.11164775906132449,-0.0028513865553511097,-0.41950466209585346
1,2.320441693913933,1.8116495530922434,1.8116495530922434,2.53529868925026,0.0,1.0,1.0,1.0,0.0,0.0,0.026018236245207396,-0.3436625851504253,-0.3719247431428271,0.7125801420907775,-0.11404835357016334,1.129944196741315
1,1.6538714243952926,1.062083086445719,1.062083086445719,2.4073516288298,0.0,1.0,1.0,0.0,1.0,1.0,0.35130567453890404,0.32585650092009166,1.31083598561272,-0.13641357412418284,0.3725580417944323,2.4613587751569375
1,3.383563746705164,0.8171656546779947,0.8171656546779947,1.8795423337975374,1.0,0.0,0.0,1.0,0.0,0.0,-0.30350683618823215,0.34701547273167654,1.8353889991156729,1.0291592055867023,1.601613101066492,1.5362280679173723
0,-2.5620105025913404,0.4678824840592467,-2.0392941866326937,0.4678824840592467,0.0,0.0,0.0,0.0,0.0,1.0,-0.0219134891963583,-0.16677749446686196,0.9348417081250766,-0.5139660449717861,-1.2149733325582737,0.9786315701762188
0,-3.486721543751294,-2.20044413898227,-2.445244024815168,-2.20044413898227,0.0,0.0,0.0,1.0,0.0,1.0,-1.7167612084423522,-1.571404770006986,-0.2890969876041929,-1.9157128741436702,-1.0532909354439197,-0.9212895716484751
1,3.0884535071844823,3.5252400546744345,3.5252400546744345,3.4872377308724642,1.0,1.0,1.0,1.0,0.0,1.0,-0.2900968767539114,0.35025196332664016,-1.1359206195217062,1.1011525593994054,0.7217014275192697,-0.9575523950972151
1,2.773485169802396,1.3235946372160137,1.3235946372160137,3.423867221693221,0.0,0.0,1.0,0.0,0.0,1.0,0.6345092794297272,-0.006308227400833061,-0.9960954439175782,0.8020140966887715,1.2081041253381128,-0.19254982617580954
0,1.8166512695785066,3.292585144385905,2.5818567876381366,3.292585144385905,1.0,0.0,0.0,0.0,0.0,1.0,-0.543145588301055,0.8129487819657699,-0.766843524633196,-0.009785552281051824,-0.12516374208378367,0.8127745468058202
0,0.23167398040311094,1.956632765464417,-0.34746078094344207,1.956632765464417,1.0,1.0,0.0,1.0,1.0,1.0,-0.3138672936995818,-0.34167752209156943,0.3115259404165781,-1.3059978866730502,-3.078206015961051,-1.2719012645110737
1,-1.8570286157035032,-0.27399937957150455,-0.27399937957150455,-0.1748548911378256,0.0,1.0,0.0,0.0,1.0,0.0,-1.3577841653627822,-0.8606715115429207,0.19926576585673772,0.11330536634887584,-1.846837965831895,-0.6375611082745656
0,3.046013926286429,1.5423141846882622,-0.7965692279731735,1.5423141846882622,0.0,0.0,1.0,1.0,0.0,0.0,0.6118166238523502,0.29436995521838494,-0.056031801918502065,0.5242719028085476,0.09503564544184319,-0.08526503553453722
0,0.0956405110839249,1.0556174563806153,0.31050440383759625,1.0556174563806153,1.0,0.0,0.0,1.0,1.0,0.0,0.5035316211759558,-0.6318127470614038,1.3411079081758595,0.7974088754207084,1.1818946734795177,1.0180517138127094
0,3.388161303946397,5.760449616616009,4.4804157315819735,5.760449616616009,0.0,1.0,0.0,0.0,1.0,0.0,1.1651230378547153,1.2835760028739498,0.12990664562287996,2.540214080020524,0.8651077271421073,0.5554480409035397
0,1.025225949472603,1.5663782752695652,-0.004601145960623443,1.5663782752695652,0.0,0.0,1.0,1.0,0.0,0.0,-0.8621764635414719,0.6167813943820414,-0.3191569994147323,-0.031021850294669584,0.7461937029131571,1.4698738469160257
0,-1.1285487391385927,-0.0035488405087586994,-0.42738823212576793,-0.0035488405087586994,0.0,0.0,0.0,0.0,1.0,0.0,-0.3911349960631562,0.054273232175480635,-0.7999304988725698,-0.9583309839099902,-0.19865238103271704,-0.6650435021926974
1,6.048158839867743,1.6544697033847795,1.6544697033847795,4.085102171233991,1.0,1.0,1.0,1.0,1.0,0.0,0.16642501961644773,0.25792687608627995,-1.5225991864908899,-1.3525143817500085,-0.03740371090649752,-1.202283238705487
0,-2.6042478279588126,0.4204335631553515,-1.6249723152375055,0.4204335631553515,0.0,0.0,0.0,0.0,1.0,0.0,-0.0989049302619883,-1.2218453561117637,1.1105844078848106,-1.4495828452359758,-0.22717318823583718,0.9970292969351592
0,3.4489340623505162,5.211804027667448,3.0396880312416226,5.211804027667448,1.0,1.0,0.0,1.0,1.0,1.0,-0.3442787992046129,0.06433464651560739,0.20691782614159865,2.485338754552848,2.247430189667379,0.8913586531037424
0,0.846724134749921,2.443504193841539,2.65284590286067,2.443504193841539,0.0,0.0,0.0,0.0,0.0,0.0,0.7909545536144643,-0.1315856901665965,-0.9361130991154706,2.600128140661316,0.3766970081155867,0.24306743101254993
1,0.48702167535015173,1.2276400185953944,1.2276400185953944,-0.32161502715341483,0.0,0.0,1.0,0.0,0.0,1.0,0.5455971836885062,-0.27716142960153944,1.1918723014044583,0.8764388727939851,0.09561443579123408,-0.5646989952433502
1,2.4783315048034615,-0.2988029460189383,-0.2988029460189383,1.7349326144789,0.0,0.0,0.0,1.0,0.0,0.0,1.7421498260018804,-0.11962010114967225,2.2609866242731087,0.7716869722619248,0.841613752184901,-0.502336246197397
1,4.729809016297607,1.4845111198190604,1.4845111198190604,6.100697398537986,1.0,0.0,0.0,0.0,0.0,0.0,0.5231672342473092,0.436062269505452,-0.9232680122506192,-0.43227268690378445,0.8152279003220079,0.09976855836366476
1,9.525399557413303,5.269987370357933,5.269987370357933,9.74167989373466,1.0,1.0,1.0,0.0,1.0,0.0,1.2679037488141827,2.21369374164217,0.8133302168029314,1.3052212341285039,1.2242822371434128,2.903626444591648
1,2.2647515123850037,2.629684555700071,2.629684555700071,3.6920763460779247,1.0,1.0,0.0,0.0,0.0,1.0,0.5297832687733418,0.08936655897066836,1.0368738984469261,-0.508011562735362,-0.4377254540261253,-1.327291480866266
1,3.095947685442144,0.8145872758546546,0.8145872758546546,2.559333696948763,1.0,1.0,1.0,0.0,0.0,1.0,-1.0909851519851645,1.0522960105123866,-0.7505703357031014,-0.7454641314262604,0.15005691320670456,-0.07926968891895558
1,3.6717219192333963,3.510943673395599,3.510943673395599,4.864485233124094,1.0,1.0,0.0,0.0,0.0,0.0,1.7372298172781035,-0.7551340130893396,0.8394334959634795,-1.263628529622689,1.0644182989057265,1.5493630309105995
1,0.5699959395877449,0.6006648276214217,0.6006648276214217,0.6048479070967031,0.0,0.0,0.0,0.0,1.0,1.0,-0.21454512150947688,0.23744815192498533,-0.3370730166403462,0.6604796999301927,0.21598347808311327,-0.746501801326395
1,1.2594288272932732,0.2998056678542915,0.2998056678542915,2.0474727010356144,0.0,1.0,1.0,0.0,1.0,1.0,-0.3293726328830911,-1.4136585472622438,0.21156677834039966,-1.008368505826278,-0.9430767040717478,-0.19009980281934685
0,7.901964548971665,8.430810373601306,4.504539212554992,8.430810373601306,1.0,0.0,0.0,1.0,0.0,0.0,1.3669649541760278,2.624256770217845,2.3669146095310087,1.9203144536101975,-1.1107637766391287,0.6561742838886739
0,1.3835991928680005,3.4937874692724087,3.0741261356950433,3.4937874692724087,1.0,0.0,1.0,0.0,1.0,0.0,0.17000582408887,0.7739810946760752,-0.22366032078433123,-0.5795584818537309,-1.618843869200099,0.37419506054116103
1,0.9936644545299258,-0.7708985295908124,-0.7708985295908124,-0.3175413661122455,1.0,0.0,1.0,1.0,0.0,1.0,-0.7014289879596274,0.1269174361943174,-0.21794096620225248,-1.0155761343190979,-0.010606019333742056,-1.5355566797002083
1,3.5870640824425277,2.8682265957341273,2.8682265957341273,3.901293220899696,1.0,0.0,1.0,1.0,0.0,0.0,0.050276050441532695,0.7266090432642249,0.4333051351044682,1.2974387805354541,1.1761010992495484,0.8936811836418481
0,1.6242671827957558,2.909159755662132,2.000562058033517,2.909159755662132,1.0,1.0,1.0,1.0,1.0,1.0,0.4125049804102673,0.20241738900647707,1.5885067265773198,-1.1447773529157943,0.035047881038427375,0.32176281852773647
1,6.618664580116443,3.723046869956698,3.723046869956698,6.922639654214791,1.0,1.0,0.0,1.0,1.0,1.0,1.1112534278184893,0.6235013215246885,-1.9983153443081325,-1.0949999681625706,-1.7796968212308644,-0.9615579972043793
1,3.271873703782893,3.2731255383225464,3.2731255383225464,3.360841455758644,0.0,1.0,1.0,1.0,0.0,1.0,0.5200097272719577,0.4255392081760454,-1.0346004856551378,-0.793695641031834,0.4256770461026147,-2.135515339636915
1,-0.061902461914129014,-1.9986609573651333,-1.9986609573651333,0.15477853317129858,1.0,0.0,0.0,0.0,1.0,1.0,-0.840175977078106,-0.9022832399627292,-0.45422796974461066,-1.7619963991872707,-0.4193733086741452,-1.6355241439293067
1,7.536473569426761,4.706644895383136,4.706644895383136,5.73479100018791,0.0,1.0,0.0,0.0,0.0,0.0,2.14809768472964,1.8021620890296015,1.4892562978708426,0.6062091007096236,2.799725828314793,0.8732793160703212
1,1.567219195043259,-2.8685597513799004,-2.8685597513799004,2.3247029454865547,0.0,0.0,0.0,1.0,0.0,0.0,-1.0216609270899302,-0.7285538117304338,0.13180781400386746,0.7512678087360528,0.39233524119140073,-0.149343774030059
1,6.025746238686706,3.0061434090906687,3.0061434090906687,6.054025737175796,1.0,1.0,1.0,1.0,1.0,1.0,0.6480889755135393,0.9975707786834427,-0.14935172540181957,0.9303685643431493,-0.6102687122607423,-0.7990041786316994
1,2.5262724472184543,1.759488269247571,1.759488269247571,1.5793413080915812,1.0,1.0,0.0,0.0,0.0,1.0,0.720745579849949,-1.369132746597375,1.0292881166410712,-0.2892238621507161,0.792978948749671,0.551730824696045
0,-1.1355788872923616,0.44558854617667,0.8678799648888488,0.44558854617667,1.0,0.0,1.0,0.0,0.0,0.0,-0.5446017383348283,-1.4758952187293572,-0.5704974732821045,-0.898032955228219,-0.7944203792617197,0.20460368287811093
1,3.3830396804308864,3.3707533286528086,3.3707533286528086,3.051839202248294,0.0,1.0,1.0,0.0,1.0,0.0,0.4087126194926209,0.8287087832892929,0.5968387439062641,-0.18248745962963583,-0.5324566200612847,1.5915000941506747
1,2.9891208186453144,1.7854949561574316,1.7854949561574316,3.5500279155021444,1.0,1.0,1.0,1.0,1.0,1.0,-0.7595652229712035,-0.24890681274053172,-1.0349080658905208,0.952612703557858,-1.2413472679822024,-0.42667968155446867
0,1.0787983234535417,2.4443670300274594,0.16580786157036975,2.4443670300274594,1.0,0.0,1.0,0.0,1.0,1.0,-0.0952448788857147,0.00941835500746735,0.014534201536804778,-1.0535409262761344,-0.2866256716181414,-0.6560960914623942
1,2.08665751404384,0.04468683971921708,0.04468683971921708,-0.31907979628334915,1.0,0.0,1.0,0.0,0.0,1.0,0.07073129232042476,-0.7058092840961233,1.0955287507238531,-0.9539681371811479,-0.37653999544793976,0.2534625304341213
0,3.690551308629355,5.673722086364167,2.784839735092711,5.673722086364167,1.0,1.0,0.0,0.0,0.0,0.0,0.23036463222009837,2.2022498552802636,1.0820173095021752,-0.17283323007389073,2.0034390129104325,1.6535395950856904
0,1.5591711821850307,0.24502868621721352,0.0567917613987301,0.24502868621721352,1.0,0.0,0.0,1.0,1.0,0.0,-0.6226272718708487,0.7544627840122954,1.0422782824041563,-0.581132360042889,1.0888943300067795,-0.199062594345645
1,1.703137084927199,-0.5016376407041077,-0.5016376407041077,3.291494643600591,0.0,1.0,0.0,0.0,1.0,0.0,1.0152822703163722,-0.6335782151672812,0.9303061075299696,0.6047404698263864,-0.3566391130068486,-0.14823053584008816
1,2.4738352930393295,-0.4048459937619209,-0.4048459937619209,2.500212391365634,1.0,1.0,1.0,1.0,1.0,0.0,-0.2544172367113411,-2.559416222962251,0.6289691229496012,0.5961956822161919,-0.5135193624755359,1.1117406998866741
1,3.732340552677574,3.5330372402966157,3.5330372402966157,4.001217894381712,1.0,1.0,1.0,1.0,1.0,1.0,0.8491618684796973,-1.0484686124892362,0.3706305507325178,-0.9219287790014558,-0.08672067346506368,-0.18172803179523914
1,1.9724747167979089,-0.42211959666863075,-0.42211959666863075,1.1250873907554704,1.0,0.0,1.0,1.0,1.0,1.0,-0.11269725098637007,0.3900832738568452,2.1315283562224394,-0.5484623911543687,-0.34367083605866566,0.05767944921122892
1,0.660886113683426,0.9139315587323772,0.9139315587323772,0.15616066954736185,0.0,1.0,1.0,1.0,1.0,1.0,-2.2801189300374096,0.5789055653565368,-0.45201644830965104,0.6586814552091296,0.00771723217987641,-1.3923085118335319
1,2.546467965584179,-0.2952601383401485,-0.2952601383401485,1.122142260709962,0.0,1.0,1.0,0.0,0.0,0.0,-0.8323300504604703,-0.7944256443445136,-1.2192846198636218,0.18205410122029694,-2.139383442807291,-0.7549148508453022
1,3.4003737668711875,0.9033252900700982,0.9033252900700982,5.440492331462077,1.0,0.0,0.0,1.0,1.0,1.0,1.5333541717330115,-1.5788263221036896,0.642294449265488,-0.3923559021668909,0.5653411199123212,-0.8736851666342205
1,2.1895819402059473,1.472359208967347,1.472359208967347,0.9214414374376902,0.0,0.0,0.0,0.0,0.0,1.0,0.6849556984134162,-1.3991708877492708,0.9164942925084872,0.8191066776206093,0.27467494169040824,0.6284467422085979
1,2.8487545629986104,1.5062013166247485,1.5062013166247485,3.5567756553167245,1.0,0.0,0.0,1.0,0.0,0.0,0.7994727353670013,-0.8463821505344788,-0.3562851987337752,-0.5101521780685513,0.4814313117481639,0.5952066178281017
1,1.4888500765244808,0.12427199397974364,0.12427199397974364,0.12093709006900283,0.0,0.0,1.0,0.0,1.0,0.0,-1.2922332484707435,0.9593665267526432,0.6982915019364471,-0.9273743021335005,-1.0388461986226472,1.2499085951639965
1,5.3682825408287265,1.3647790868658864,1.3647790868658864,6.192124364034564,0.0,1.0,1.0,1.0,1.0,0.0,0.04212203939834147,1.3009195418789128,-0.09645200675140497,-0.18852319189278302,-0.8076750723323142,-0.7158389778739545
0,0.709006157741915,1.2683211089049542,0.18875714371457597,1.2683211089049542,0.0,1.0,1.0,1.0,0.0,0.0,-0.7394223018926289,-0.3504978315665773,0.46855299288294133,0.17198086827046946,0.08341615762992197,-1.3568707279111676
1,-0.3462379870770795,-2.0658150950824723,-2.0658150950824723,-1.6893042377468956,1.0,1.0,0.0,0.0,0.0,0.0,-2.84025881478919,-0.7175042416905253,-1.8696718647658246,-1.3873017865707542,-0.015755079824953833,-0.8609689982234358
1,6.5747694030145105,2.8397636664440564,2.8397636664440564,5.801595678330423,1.0,1.0,0.0,1.0,0.0,1.0,1.0892895814408519,0.5168568439606115,0.9049188570842898,0.9935157201087521,2.2843999714195826,1.9468159921690327
0,4.099311485150849,6.8856264842684345,3.8944702991029665,6.8856264842684345,0.0,0.0,0.0,1.0,1.0,0.0,1.7007598410721207,1.9838722220643303,1.1711724792639908,3.6045033863863423,2.0704857605773164,0.8222927332030595
0,3.6940567229948815,3.134650824787443,0.9257457720938144,3.134650824787443,0.0,0.0,1.0,0.0,1.0,1.0,0.5436615223573439,1.6894991503673684,2.004366420092149,1.0577499026818444,0.23433333877269513,-0.40412059669999734
0,5.559339680660023,9.066779028037253,6.5148859486977155,9.066779028037253,1.0,1.0,1.0,0.0,0.0,1.0,1.60356168732775,1.6173147484295796,0.6674455752390714,0.9837670553081306,-0.13683735129335883,0.8298450116226199
1,9.236289250201311,6.690946467640135,6.690946467640135,7.789719183538174,1.0,1.0,1.0,1.0,1.0,1.0,1.9803702443697238,1.8380073365793228,0.741806878193985,0.19309866703569217,0.5266383545638751,1.5423575921018506
1,2.5283779086641296,0.48462851371296134,0.48462851371296134,1.2062078209426481,0.0,1.0,1.0,1.0,1.0,0.0,-0.20165989767200954,-1.4939758871960236,-0.7227843344578531,1.0285650181055812,-1.070333587473885,-0.41632341351630925
0,-0.2957633237048325,3.122723061901934,-0.23313082892560266,3.122723061901934,0.0,1.0,1.0,1.0,1.0,1.0,-0.9303804286051643,-0.08766117930379125,-2.092126307895864,-1.196143088197044,-0.3720434543146308,-0.9929191032550152
1,0.7171933434392526,1.6849130231522123,1.6849130231522123,3.016240780684783,0.0,0.0,0.0,1.0,0.0,1.0,0.7298661198806146,-0.20470147922827206,1.4512439914846176,1.2376281151556343,-0.41413150871864013,-0.8725905263689475
1,5.349609706816037,0.535459112326492,0.535459112326492,4.79774646440753,1.0,0.0,1.0,1.0,1.0,0.0,1.6789214018922627,-0.5704518169269118,1.630754116464522,2.1571860313705415,0.15800845986956685,0.15641474587219656
1,1.7316470637095893,0.15303673209993227,0.15303673209993227,0.4638445225001969,0.0,0.0,0.0,0.0,0.0,0.0,-1.4888792536357114,0.5164457435423223,-2.765791364376131,-0.5252501404314672,-1.0731693508244626,-0.7250789520647586
0,2.84339503468428,6.3216855413025685,4.684509128997287,6.3216855413025685,0.0,1.0,0.0,0.0,0.0,0.0,0.021856893901377017,2.6936688554352335,-0.17978096960222079,0.9636703519970792,0.6878944866611632,1.7230252078232944
1,1.5465901962006834,-1.2266847401167948,-1.2266847401167948,0.1675796713073922,1.0,1.0,1.0,0.0,1.0,1.0,-1.8341451308789296,-1.4599996899789756,-0.8290878872841436,-0.9172229299919518,-1.326552300613382,-1.1552754343606142
0,-0.6821062796547246,-0.4493024773554112,-0.9669098404323331,-0.4493024773554112,1.0,1.0,1.0,0.0,1.0,1.0,-1.331110939395624,-1.856333451712786,-0.5717246343427107,-2.312181172554192,-2.0873706826556377,-2.2161774465343393
1,0.810991286723393,1.9085044990335316,1.9085044990335316,2.6927062359813254,1.0,1.0,0.0,0.0,1.0,0.0,-0.3863359758698603,-0.8486561707890289,-1.27170635597741,-1.6397826669709987,-0.8821217436697711,0.5452790134083838
1,3.8941571898891394,2.8838438477851547,2.8838438477851547,3.2557785784590014,1.0,0.0,1.0,0.0,0.0,0.0,0.7418278135647971,-0.5605314134366033,-0.13336305441255414,-0.18386369349742832,-1.3004157616827947,0.9681142202904074
0,0.8258287364729013,0.019650337917951916,-1.909901559475614,0.019650337917951916,0.0,0.0,0.0,0.0,0.0,1.0,-0.14806939947426914,-0.4472729042278554,0.06841984303258497,-1.1263708239616523,-1.6482395545841555,-0.25982690069194275
0,1.269153910757182,1.8592676194877953,-0.6027034271009866,1.8592676194877953,0.0,0.0,0.0,0.0,0.0,0.0,-0.45464778805839184,-0.38953650807247425,-0.9590480878027104,0.7306965863735863,0.07631206030492499,0.48016980645408835
1,4.131068291722279,0.10318710649350216,0.10318710649350216,2.9354800278762303,1.0,1.0,0.0,1.0,0.0,0.0,-0.11545702849008731,-0.6499939253841954,0.48781305165278877,-1.0610507686335455,1.4990724337399548,1.6147037806057094
0,2.127979360787965,3.315150103529175,5.78594077883463,3.315150103529175,1.0,1.0,1.0,1.0,0.0,0.0,0.13404803683387145,0.41062794211702425,-0.43753000745215626,1.270126029005661,-1.1882424203964557,0.13638350439101007
1,-0.7489788000966001,-3.1281936395843055,-3.1281936395843055,-0.6317530892784188,0.0,0.0,0.0,0.0,0.0,0.0,-1.4164569343848403,-1.165079936173746,-0.5691620595468891,0.3029277860676388,-1.5102160256989827,-0.261332874818757
0,3.231748448338811,0.7939578002449252,0.5487230046898662,0.7939578002449252,0.0,1.0,0.0,0.0,1.0,1.0,0.4699280565577843,-0.03811276732457608,-0.2552919432939605,-0.647852994969648,-0.1578176549809143,-0.7718459394980168
1,3.927038242450822,3.2544075897099924,3.2544075897099924,6.280597311716914,1.0,0.0,0.0,1.0,1.0,0.0,0.8005050682271286,0.8764657687003665,1.1338911540490708,1.8104103424807094,1.7459479513886254,0.15843453617707248
0,3.3880832660510327,5.148756103156087,2.899615207020587,5.148756103156087,1.0,1.0,1.0,0.0,0.0,1.0,0.2276974545343133,-0.32109476620402294,-0.792169985483947,0.5919236331867096,0.4508375432514632,0.09511704844437671
1,2.9739783307534826,-0.41026356277361037,-0.41026356277361037,3.4494586118627195,1.0,1.0,1.0,1.0,1.0,1.0,0.4199704553338981,-2.5637134701612294,0.921181516095282,-2.007402404641577,0.9543369895448316,-0.5107676933025147
0,2.8753897265360195,5.549617860361931,4.6231425073208445,5.549617860361931,0.0,1.0,0.0,0.0,1.0,0.0,0.7497838133464245,1.762706556620064,-0.639875485085265,0.49792319215176434,-0.5231349667836683,-0.5960531451083844
0,1.235809217510479,1.7912313926293155,2.499447462944981,1.7912313926293155,1.0,0.0,1.0,0.0,0.0,1.0,-0.8311153041384169,1.1274772095680086,0.9088515489806257,0.524849738036756,0.7313975696371992,-1.3163926009704972
0,4.945219253425657,6.038377037908914,5.037260806841206,6.038377037908914,1.0,1.0,1.0,1.0,1.0,1.0,0.9386649845470049,0.5303555672124778,-1.1537674944373597,0.7570856669426297,1.5786416024671117,-1.3174785564415834
1,5.862408054132627,4.602566189740222,4.602566189740222,9.277754087091246,1.0,1.0,1.0,1.0,1.0,1.0,0.5418803132364136,0.9527040815703709,0.5674046746026908,2.2288465218826827,0.349499948421263,1.381854600552955
0,1.822106369915725,2.0533307923152897,0.024878123905611504,2.0533307923152897,0.0,1.0,0.0,0.0,0.0,1.0,-0.0947065783884669,0.9845007541259466,0.6705121269191352,-0.026331677503255886,-0.31819464214659754,-0.7643296536153186
1,1.275803947258891,0.2489612234364138,0.2489612234364138,1.6556036156362262,1.0,0.0,1.0,1.0,1.0,1.0,-1.0180569541149227,-0.7161831755290472,-1.8958243745872572,-0.21259568761831632,0.6553641800119275,-1.3573469800684832
0,1.5007435490500431,2.2584701634772095,0.827627302636972,2.2584701634772095,0.0,0.0,0.0,0.0,1.0,0.0,-0.34858160471581096,1.430330081333581,-0.26284620932520375,0.08835292763714553,0.2757061613786993,2.8545745101025592
0,-0.2365356142442176,-1.7291279336904204,-0.14010972170605374,-1.7291279336904204,0.0,0.0,0.0,0.0,1.0,0.0,-0.5124734141727953,-0.314576778905141,0.7789799355362725,0.7929304927004253,0.8503678824119183,0.5152721574298317
0,1.1867815101769617,0.6280835367041818,-1.131286256411979,0.6280835367041818,1.0,1.0,0.0,0.0,1.0,1.0,-0.30530348825904796,-1.4543250539895332,1.210808455751413,-0.5691252334902291,-0.18993127022064932,-1.2246858587239744
1,2.4039353207970366,3.4948786733553683,3.4948786733553683,3.3304953271077595,0.0,1.0,0.0,1.0,1.0,1.0,0.4937817214601536,0.8145177992045238,0.5811869652419825,-1.0432450150556085,1.2007134282063274,0.6906774336874856
1,3.2480588724300232,-0.6840843194960115,-0.6840843194960115,3.347346146135619,0.0,0.0,0.0,0.0,1.0,0.0,0.8843136964908781,-0.4959560615664286,0.32433970000110784,0.14130738157192363,-0.6103080775754918,-0.3850273568126966
1,5.908044579359881,4.069903785705593,4.069903785705593,5.740928548470576,0.0,0.0,1.0,1.0,1.0,0.0,1.3084066137487707,2.1091677494086003,1.7949774269082375,-0.4157546307928356,1.5501543468242862,-0.5602847666309538
0,1.9417200781085047,2.9726443227475503,0.742267608411801,2.9726443227475503,1.0,1.0,0.0,1.0,0.0,1.0,-0.9382468624551621,0.32247852429481483,0.1799055411452155,-1.4219277086735747,1.1365624264396814,2.466939621940775
0,-0.5994757274194509,-1.5849400703168512,-0.7913603326528973,-1.5849400703168512,0.0,1.0,0.0,0.0,1.0,1.0,-1.8610371442259759,-1.0927960998520034,-1.2987061520275036,0.5512453801260403,-1.1161916827101899,0.4636891135153143
1,4.1845631481860135,3.1960043061836205,3.1960043061836205,6.085062815975392,0.0,1.0,0.0,1.0,1.0,0.0,2.6295040513738996,-0.4148841126100583,0.14673545417135703,-0.06134905342045502,-0.9915583006799977,0.00223088106500674
1,1.156488615865161,-1.1648382912403985,-1.1648382912403985,2.8070812508845933,1.0,0.0,1.0,1.0,1.0,1.0,-0.6791890256972176,-0.608145680983525,-0.5562299885365968,-1.2644394424051115,-0.6873486555676056,-1.2659890853236442
1,5.003186228330531,2.0578834841715947,2.0578834841715947,1.6616773598071686,0.0,1.0,1.0,1.0,0.0,0.0,0.36491500451437614,0.12618591394186296,-0.7383886401884157,0.8404969888762993,0.8954006592549066,-1.0986711491272518
1,0.5824725901138362,-2.646355966443941,-2.646355966443941,0.21656473959558814,0.0,1.0,0.0,0.0,0.0,1.0,-0.32551618762177875,-1.5227262292887314,0.031846723858598436,0.10138464468412445,0.21861322060860955,-0.9788741678123167
1,1.718072607000538,0.14897957240396398,0.14897957240396398,-0.7757254324257166,0.0,0.0,0.0,0.0,0.0,0.0,0.04086105179442889,-1.0060860669715432,-0.6207199289763097,-0.04537289121065409,0.2967225440668243,-0.9532607922064547
1,2.0980369471329148,1.8707741649900278,1.8707741649900278,1.317183371324294,0.0,1.0,1.0,1.0,0.0,1.0,0.8125127623560439,-0.8362738696501976,1.8362851876854172,-0.5009846136503024,0.6887535303115563,0.46937536260836726
1,2.462224721286228,0.8511607278689515,0.8511607278689515,3.381400827767539,0.0,0.0,0.0,0.0,1.0,0.0,0.8678704488961481,-0.31207520506682446,-1.2977756136834409,-0.3277296379682051,-0.40310501995991355,-0.3663769165286057
0,0.05450780139703637,0.27054189115506544,-3.078827774471626,0.27054189115506544,0.0,0.0,0.0,1.0,0.0,1.0,-0.9789637108563825,-1.2636109620668243,-0.5645730122175833,0.16110088011670018,-0.41481655853442684,-0.19314320614864205
1,5.116117740748073,4.783931748313764,4.783931748313764,6.614422617269288,0.0,1.0,1.0,0.0,1.0,1.0,1.3918211428272298,0.9359413997071083,0.5206235976722837,-0.5932384640403678,3.083545533737093,0.6660776840487095
0,-0.369176196664585,0.903826095375647,-0.032662789271174775,0.903826095375647,1.0,0.0,1.0,0.0,0.0,1.0,-1.3928007582646436,0.7536840509407766,1.155185643449715,0.32511885996182427,0.6475925989102963,-0.2931954393805114
1,6.014058485580268,2.4753558551311046,2.4753558551311046,5.909553654509388,0.0,0.0,1.0,0.0,1.0,0.0,1.8421870857683633,0.9213224382607786,1.116457297635228,1.2940094558551838,-0.12370480529921901,1.0832860566557088
1,7.540207946651666,6.3198251659951765,6.3198251659951765,6.154855851229795,1.0,0.0,1.0,1.0,1.0,1.0,1.9102430326686433,2.0952253297822,1.3933838860859193,1.6182976918321315,-0.2424152120739751,1.7650076924442273
1,4.97572942038863,2.433896108376927,2.433896108376927,4.1937426768885135,1.0,1.0,1.0,1.0,1.0,0.0,0.9014470983381062,-0.3002623688081746,-0.17431908083399775,1.080241658813598,1.6286534887414128,0.3453852026854935
0,6.700531873114336,7.090071538763875,4.979294025018949,7.090071538763875,1.0,1.0,0.0,1.0,0.0,1.0,1.9430974105407899,0.7581612057833486,0.6631749554961672,0.7295021324490046,0.50010208845976,1.4256941064420252
0,0.2781718176774558,1.2460740618209223,-0.6109287941004781,1.2460740618209223,0.0,1.0,1.0,0.0,0.0,0.0,-0.9764299575728326,-0.6702439146276856,0.10280068301500925,-1.2387259995486521,-0.20952983308350578,-0.5806952236627078
1,2.448968830900828,2.861649652779413,2.861649652779413,5.462334267962853,1.0,1.0,1.0,1.0,1.0,1.0,-0.41909876981050354,0.2618070275105161,-0.012056867182423714,0.07458711135604279,1.1253079175024023,0.2699126915987347
0,-0.8709434644178655,2.583762440123553,1.1995903887412513,2.583762440123553,0.0,0.0,1.0,0.0,0.0,0.0,-0.6596605666060515,0.21534996334507928,-0.44205958133253936,1.0755191853630943,0.9323578293487768,-0.03484735814722345
0,0.28284089439343796,3.686796936236995,0.4125892515866917,3.686796936236995,1.0,1.0,0.0,0.0,0.0,0.0,-0.39809562673266674,0.09902209113996785,0.2844134401134567,-0.3388565537895183,0.3347222565322786,1.4688545428922626
0,3.347782889760827,2.8933638600018723,4.508044984132986,2.8933638600018723,1.0,1.0,0.0,0.0,0.0,1.0,0.7025511544726029,1.0085253612000287,1.3176677787492908,1.1635818641747764,1.5528690380756616,-0.4906082724385227
0,-1.4350268479474044,-0.4075728145952807,-1.6017911808619978,-0.4075728145952807,1.0,0.0,0.0,0.0,0.0,0.0,-1.250702912108721,-1.3942840471672977,-0.40203781582553916,-0.8579511322345196,-1.0767587075281753,-0.7238940202800186
1,3.6235184515145766,3.0016493413880116,3.0016493413880116,2.538556070523342,0.0,1.0,1.0,0.0,1.0,1.0,1.030523396518365,0.44259308246008733,-0.16075720554948514,-1.1669368523488788,0.1760318832928504,-1.0636899866530831
1,4.196724777893591,2.4793420478572377,2.4793420478572377,4.489712900150594,0.0,1.0,1.0,1.0,1.0,1.0,1.1558073853546185,0.8447536989226209,1.2180461729648726,-0.07141846205893265,2.5447881032055637,0.46969505484059804
1,4.662558679832119,2.96730982608972,2.96730982608972,4.951528106383735,0.0,1.0,1.0,1.0,1.0,1.0,-0.6910335135545704,1.7643540260502557,0.6398902506689513,2.080001604124433,1.0600715008752983,0.3163375723639589
1,5.808906435691072,0.29762535326792866,0.29762535326792866,2.5628635357578653,1.0,1.0,0.0,0.0,1.0,1.0,0.4474649292021186,-2.0003240500928565,0.8585210350114256,1.6357463807445418,0.5767483345009825,-1.4295314351043324
0,-1.2787800681383819,-0.6964846194170973,0.8892067729417307,-0.6964846194170973,1.0,0.0,0.0,1.0,1.0,1.0,-0.7609449934038537,-0.8159403717310547,0.9882972583116971,1.4314761253617379,0.9344120587655194,-0.2342584546650499
0,2.401798499494066,4.216623541777004,1.361086421543116,4.216623541777004,0.0,1.0,1.0,0.0,0.0,0.0,0.43734850031724254,0.742032426271434,0.5806766069341902,-0.944751054641508,-1.058924578075625,-0.08553076477869409
1,1.893911656577387,1.857417759893869,1.857417759893869,2.715594234998928,0.0,1.0,0.0,1.0,0.0,0.0,-0.02588957187715697,0.09414202320552195,0.45700587955290356,-0.1137216004362316,-0.07403050719697213,1.7247786648914905
0,5.921727853743989,7.4283816490158365,6.210369258403401,7.4283816490158365,1.0,1.0,0.0,1.0,0.0,1.0,2.8207424236538188,1.940076522472361,0.02559086976210423,-0.1207557816326294,0.9398775685135254,0.6319968454570417
1,2.8431043736581394,1.0962534375142734,1.0962534375142734,2.070131700375517,1.0,1.0,1.0,0.0,0.0,0.0,-0.6555794526479751,-0.4294093794636036,0.6576787261947055,-1.633552256164999,1.5191041789829598,0.953876997313188
0,2.760246361464988,3.8371047984998774,1.4139338210714012,3.8371047984998774,1.0,1.0,1.0,0.0,1.0,1.0,-0.7917545561757385,0.6249754649894813,-0.7139649469969618,0.01394238189497718,-1.6955700854592761,-0.4727337715349804
1,3.7576182974637975,1.6183928926804572,1.6183928926804572,2.482312288230448,1.0,1.0,1.0,1.0,0.0,1.0,-0.8937642182895874,-0.3110186705115149,-0.6422825780725412,-1.096931003563692,-0.9394425437736924,-0.31301636235761443
1,2.416012535513846,3.238609286402249,3.238609286402249,5.238935031759867,1.0,0.0,0.0,0.0,1.0,0.0,0.9712711125386639,-0.24172914883880192,-0.8396749835911296,-0.9115479413177503,0.35072646127208207,0.5281359009031423
0,4.434751409987336,8.71577493564336,6.596207219698331,8.71577493564336,1.0,1.0,0.0,0.0,1.0,1.0,1.2877644724719215,1.2903472949149835,-0.8202078586607324,0.39172015124365983,-0.2264475933020838,0.3898492787496327
1,-0.3565171120011241,-1.6790956827946375,-1.6790956827946375,-0.372373560931514,0.0,1.0,1.0,1.0,0.0,0.0,-1.7651336173442254,-1.2447202468951113,-0.8643473101294777,-0.22051686567666762,-1.085381906174759,-0.610098947323229
1,5.3388476225139705,2.4582876143825207,2.4582876143825207,6.6424616848682225,1.0,1.0,1.0,1.0,0.0,1.0,0.9148589526832792,0.26444379568228416,-0.16728687719482205,-0.09932779180870799,0.04612385751644715,1.292622402841574
0,-1.4513070382046052,1.0077707799087154,0.5865176225060419,1.0077707799087154,0.0,1.0,0.0,1.0,1.0,0.0,0.13569645489853088,-1.0157313457285582,1.483323988570017,-0.3777252726047291,0.2704389371983158,-0.11967678789144681
1,1.9940084051974338,-0.03417006489614516,-0.03417006489614516,3.946926338109479,0.0,0.0,1.0,0.0,1.0,0.0,0.033280574084035605,-0.9455494340418367,0.06440317613162969,0.8416705417182887,0.02253793654689351,2.259299098195477
0,0.4897401836801908,2.570738836612948,-0.9129577482721238,2.570738836612948,1.0,0.0,1.0,1.0,1.0,0.0,-0.36321146439410334,-1.4044291436633267,-1.3673533008116714,-0.6504746880314329,-0.622440844903592,-0.4657477639278445
1,2.15512534875695,2.313360906327511,2.313360906327511,3.652075514794958,0.0,0.0,0.0,0.0,1.0,1.0,0.5163174670604268,1.3726493496455794,-0.09630244382557995,0.43674178977651573,2.326368159516143,0.15525667444950852
1,2.937735873524145,2.418890275117919,2.418890275117919,3.5284979343384424,0.0,1.0,1.0,0.0,0.0,1.0,0.7760993538123779,-0.013608573215679098,-0.2050478777470317,0.24940149717125945,-0.5821572717112219,-1.2328459376774896
0,1.885714160831132,3.812515026234246,2.8600771343138844,3.812515026234246,0.0,0.0,1.0,1.0,1.0,0.0,1.7622714158652857,0.4187429151227264,0.0011623654233134384,0.10537362145760812,0.2088636091693688,0.061937937203414506
0,-3.3166788629581054,-0.5169212804569603,-3.1039536464757584,-0.5169212804569603,0.0,1.0,0.0,1.0,0.0,0.0,-2.560532929652518,-1.4364429664195533,-0.37877260172585686,-0.15664009520312794,0.6358639132032159,-1.442774065109576
1,2.095547508000922,1.9476544308658916,1.9476544308658916,3.214794820201159,0.0,1.0,0.0,0.0,0.0,1.0,0.2348324576628882,1.4528890118947353,0.9211484802717838,0.8229126097736548,-0.4278666636008937,-0.10641032846656645
1,2.9802023820127337,1.8167670987526003,1.8167670987526003,3.0505302576550926,1.0,1.0,0.0,0.0,1.0,0.0,-0.17278272233577363,0.22388241775110984,-0.3517217942335744,-0.8737641707559578,-0.22248136484357173,1.3194880185866027
0,0.4318813099271921,-0.6636057169332497,1.1260024094726513,-0.6636057169332497,1.0,1.0,0.0,1.0,1.0,0.0,-1.841004247195257,1.3995257470749787,1.438365284678615,-1.345338800191388,-0.49656467256195047,-1.0641499702369934
1,1.1457123315409574,-0.18920373598710916,-0.18920373598710916,1.4329013909406374,0.0,1.0,0.0,1.0,0.0,0.0,-0.16140740128456418,0.037294022828611495,-0.5525721183265266,-0.5454496635835193,-1.1240809449118627,0.31407614672779993
1,3.3624235261373596,0.4038094205082317,0.4038094205082317,1.4415967777732464,1.0,0.0,1.0,1.0,1.0,1.0,-1.4398334561580495,-0.14382013567428992,-1.1022341460870753,-1.1171432994536405,0.5551853665921294,-0.3962634842345614
0,0.32840100792901245,0.684523408612233,1.8845734791976843,0.684523408612233,0.0,1.0,0.0,0.0,1.0,0.0,-0.0773630176698719,0.1506555142651196,-0.34948912664237836,-1.3784054689051148,1.7725230821815112,-1.0606793193617166
1,0.29357520143973415,-0.8706076251224198,-0.8706076251224198,0.4741148923741932,0.0,0.0,0.0,0.0,1.0,1.0,0.03235980060782026,-1.0329239648093504,0.24331433429894583,-0.376194995630739,1.013820551987285,-0.4319690301283564
0,2.6727737068644384,6.383108850175715,4.257947687433974,6.383108850175715,1.0,0.0,1.0,0.0,0.0,1.0,0.333313722016133,1.8573290162102036,0.021109186006329717,-0.36896546088711213,0.49091980431454796,1.6171246685893257
1,3.8642167478356244,2.8661094387988264,2.8661094387988264,3.57047568325114,1.0,1.0,1.0,0.0,1.0,1.0,-0.1535852581991453,-0.0054553250174733114,-1.2291086018911985,-1.0334410623371661,-0.521484823118763,0.29420786868049187
1,4.8770549361834,3.486850277007434,3.486850277007434,6.828944637451316,1.0,1.0,1.0,1.0,0.0,0.0,1.297411826259378,0.5493690033374349,-0.007982655710978614,-0.5459810178915518,0.45822644821966174,-0.30098808120620124
1,3.303698412121773,2.2612782646893312,2.2612782646893312,4.041264677955928,1.0,0.0,1.0,1.0,0.0,1.0,0.8971718283351491,0.30275767958286415,0.3370768764705898,-0.9861721644897256,1.0608445877587898,0.16825529103442718
0,1.8475599244096081,2.426737423573088,0.17042606855444364,2.426737423573088,1.0,0.0,0.0,1.0,0.0,1.0,1.2435569683227923,-0.6361080963358606,0.3657277433731143,-2.0943721841146803,-1.7860934089269926,0.35854319170975624
0,-0.7113679942807365,0.5839877523997667,-1.8224122595285799,0.5839877523997667,1.0,0.0,0.0,0.0,0.0,1.0,-0.9647546630615669,-0.8668272197135419,0.8054658197674243,1.2323654399079258,0.12258294496570102,-0.6479028770415802
1,2.240286441771718,-0.6908049007338266,-0.6908049007338266,3.365092469181871,0.0,0.0,0.0,0.0,1.0,0.0,1.4523357788839888,0.7417597106200475,-0.4024934044294996,0.28883779369942897,1.0569147469760352,-0.18124203125985788
1,3.3119247027105194,0.5605664360952423,0.5605664360952423,3.106348022267949,1.0,1.0,0.0,0.0,0.0,0.0,-0.7299926637738626,0.5370037847667841,1.0684360993309312,-1.4379158915775831,-2.0379346286113336,0.13974792306226388
0,-1.702637523213712,-0.41788626728774037,-2.060902807123597,-0.41788626728774037,0.0,0.0,1.0,0.0,0.0,1.0,-0.6926400187624895,0.22624195946888137,-0.11276961541642166,-1.127221780727126,-2.0319138707822013,-0.8582060369287483
0,-4.269963815657627,-3.073510291947079,-3.1638534266539877,-3.073510291947079,0.0,0.0,0.0,0.0,1.0,0.0,-1.5644901962255322,-0.5955837053305924,0.30232825837950794,-2.817566784776886,-1.2929536627004268,-1.2321429205331027
0,-1.263927807877055,1.8576796114657919,0.5521168882869932,1.8576796114657919,1.0,0.0,1.0,0.0,0.0,1.0,-0.9401137050288213,-0.37126240310488323,1.0020769533772405,0.17828605509495943,0.4090291295264518,0.012977183976009943
1,3.184783708969744,1.3025671826324619,1.3025671826324619,1.8878089122761808,0.0,1.0,0.0,0.0,0.0,1.0,0.7636618340950203,-0.17225579417300563,-1.4202480715682193,-1.2251815475153323,0.539597258207712,-2.2408239396132537
0,1.3669640006921182,3.863794057210696,0.7225944883853969,3.863794057210696,1.0,0.0,0.0,1.0,0.0,0.0,1.113591043295782,-1.0057516407792426,-0.05636413870173561,-1.3230252751167453,-0.42280694614629694,0.40059370546116035
1,1.782643152951634,-0.6214817357435509,-0.6214817357435509,1.2957821773430611,1.0,1.0,1.0,0.0,0.0,1.0,-0.4874573676397127,-1.0546334847339593,0.8133000969724193,-1.7081386161768353,-0.20883579695068083,-0.6833364549694794
1,3.387105428940923,1.0491553127055424,1.0491553127055424,1.270360612320648,0.0,0.0,1.0,0.0,1.0,0.0,0.7571880178892489,0.02217142318164378,1.3961132933345448,0.5566301239073632,-0.8789089316531024,2.1126673048464126
1,0.27406558168361284,0.03960624212565739,0.03960624212565739,1.5005469452254196,1.0,1.0,0.0,0.0,0.0,0.0,-1.1650710139621874,-0.39628483924054103,0.1322027901488915,-0.18543588719469953,-0.06686612739289782,0.9258116224093003
0,2.945741206353611,6.819919471325161,5.289011744428963,6.819919471325161,0.0,0.0,1.0,1.0,0.0,0.0,2.086585773158407,1.070544361110266,0.5870966091494059,1.246974987573772,0.8324741547824404,0.7412050225112307
0,2.8656704971785283,5.520396023412822,1.9124471275596926,5.520396023412822,0.0,1.0,0.0,0.0,0.0,1.0,1.342817640717073,0.9181983549752666,1.4839852885919804,0.8490563446346815,1.8198871397714251,0.8828227863262579
1,5.151755371821466,4.219751431173069,4.219751431173069,7.789452904661224,1.0,0.0,1.0,1.0,0.0,1.0,1.437842822866006,0.5850635143504842,0.5241945349443786,1.1460224236551408,1.4972988304216357,1.3894772265379565
1,5.930200108821605,1.694941542997977,1.694941542997977,7.053010813930053,1.0,0.0,0.0,0.0,0.0,1.0,1.689749568024832,0.5167348843142916,0.533700264981695,1.401262953105724,1.3413221328997906,0.3642724673195056
1,1.6468236525101871,2.0512695055818133,2.0512695055818133,1.6657953507361385,1.0,1.0,1.0,1.0,0.0,1.0,-0.8636208864214614,-0.9566150628688956,-0.08103468304669015,1.9535948982414906,-1.3157559976867041,1.4008948442672595
1,-0.28499121569326824,-3.409713679768495,-3.409713679768495,0.6742265110558503,0.0,0.0,1.0,1.0,1.0,1.0,-1.2205335414077014,-1.30201227101719,0.19122056591790315,-0.34968625050913443,-0.8346593533260537,-1.1277594698372233
1,1.0286755367189164,-2.1526881114407423,-2.1526881114407423,-2.735797581546482,0.0,0.0,0.0,0.0,1.0,0.0,-1.4699968577359597,1.0435806175916793,-0.3631173190470548,-1.5012040791779486,-2.4282001214700037,0.5852704345079307
0,-0.7720155754535682,2.921137295865444,-0.5134997947838246,2.921137295865444,0.0,0.0,0.0,0.0,1.0,0.0,0.1772833939008572,-1.6470111495221786,-1.0029008778553026,0.6667080247789894,-0.35854830378822783,-0.19617011186092437
0,0.34666725343770055,2.5639477668534814,-0.6992900840278908,2.5639477668534814,1.0,0.0,0.0,0.0,0.0,1.0,0.6845696226947974,-1.4353765710648199,1.593535559293455,2.4952124459797154,-0.9770024138286493,0.720123358848529
1,2.6488530504485377,0.007443514561306319,0.007443514561306319,2.936093113896933,0.0,0.0,1.0,1.0,1.0,1.0,0.9456776356854022,0.17364316587097595,1.0574941130091666,1.1247042669632215,0.5843460344397825,0.834784990540475
1,1.202173305275737,-0.8472869289303486,-0.8472869289303486,-1.6483690558545407,1.0,0.0,0.0,1.0,1.0,1.0,-1.2125025451300495,-0.847350468043629,-0.12997375795613342,0.13389093390303733,0.9342656523802505,-0.2097814413196554
0,-1.4791734998453785,2.0142136317240924,-1.732528072165425,2.0142136317240924,1.0,0.0,1.0,1.0,1.0,0.0,-0.964436619731037,-1.5384950599442266,0.5535158349735816,0.572804134227394,1.0978598565253572,-0.20266517687237556
1,5.129498184660325,2.872484785819461,2.872484785819461,4.6140728009070155,1.0,1.0,1.0,1.0,1.0,1.0,0.22875402395068672,0.6401240252012789,-0.025588144522583622,1.3809778410826017,0.15625920364734427,-0.7843874511725876
1,0.8202267849418805,-1.089234235666711,-1.089234235666711,3.6322218681562797,0.0,1.0,1.0,1.0,0.0,0.0,-0.7572265050803411,-0.6615108548221391,-2.0109903185852493,-1.4409710932522388,-2.6246461968806263,-1.063287996750542
0,0.9072669168136078,4.5023047317336635,1.2704924080139193,4.5023047317336635,0.0,0.0,1.0,0.0,0.0,1.0,-0.594779518441493,1.6915217612925564,0.8284407425072289,0.7350792382769537,-0.02023026820050222,-0.0642515079625614
0,3.717457269577636,5.239680451013797,4.455181831940472,5.239680451013797,1.0,1.0,0.0,1.0,1.0,1.0,1.1744082898490311,2.1356772230990684,1.0816111564611257,0.07911581719792693,-0.008910352775477137,1.0214965544351704
1,1.9485972791674622,-0.751319897603182,-0.751319897603182,2.1014484290212856,0.0,1.0,0.0,0.0,0.0,0.0,0.09592597919061722,-0.16550394519423503,-0.25809143648697086,0.14522515691129131,-0.5845670689342055,0.8387729591221832
0,1.1656561858155312,4.24742373302171,2.788645765331151,4.24742373302171,0.0,0.0,1.0,0.0,0.0,0.0,1.0029532065941678,0.6918475296421894,1.2429984089232724,-0.6163106904240978,0.05750300789291529,0.5647171374133363
0,0.35435725474691243,0.5691107028348397,1.6678800889326755,0.5691107028348397,0.0,0.0,0.0,0.0,1.0,1.0,0.19456969641278052,-0.505716948898955,0.3028648008631495,-0.1200096213204818,1.5151562656270585,-0.33796200499962964
0,1.773060908339833,2.2688605524936905,2.0187409029080907,2.2688605524936905,0.0,0.0,0.0,1.0,0.0,1.0,0.9407613232820187,0.7293636488683234,0.6170860224131112,0.08621703433268632,1.078974980316386,-0.3069433580706089
0,4.091987487665877,5.617012767740716,3.5943790353468597,5.617012767740716,0.0,0.0,1.0,0.0,0.0,1.0,0.47458953783846414,2.671435375208122,0.8740616267196106,2.05688104786159,1.5169093200432406,0.5695648568248045
0,3.486486843721476,4.778838942659705,4.814978063563095,4.778838942659705,1.0,1.0,1.0,1.0,0.0,1.0,0.9637176749994726,0.25220251509831904,0.6085155514234089,-1.0613186478160406,0.27378279977901054,1.2697294763656144
1,3.9009578776452645,3.517911091786916,3.517911091786916,4.761844994278671,1.0,0.0,1.0,1.0,0.0,0.0,0.8880901506042109,-0.4795888467335777,0.8991172193871342,0.1620091551464051,0.9351647099909043,1.6378533499173624
1,4.1909549320249155,1.2492314300611136,1.2492314300611136,2.512399908374783,1.0,1.0,0.0,1.0,0.0,0.0,0.5868627802611003,-1.1731538753444544,1.0461212974628504,-0.31449857879560156,0.2797903655197631,-1.1134692463571072
1,3.628768729982295,4.352375446042826,4.352375446042826,5.090481497931566,0.0,1.0,0.0,0.0,1.0,1.0,1.5602777930556913,0.43108595676759875,-0.44079409465930075,0.8877996172242607,2.5241488800740104,0.45696411310381047
0,-0.08561060369775486,2.2835069155685823,0.19770296871927434,2.2835069155685823,0.0,0.0,0.0,1.0,0.0,0.0,1.4663129527029584,-0.872631219892136,0.7990191625730119,-0.5527736023816997,0.9416569853873816,1.441609717424893
1,0.04032554592376281,0.44214343237923615,0.44214343237923615,0.47335941097646933,0.0,1.0,1.0,1.0,1.0,1.0,-1.3753902924820975,-0.8893941119876727,-1.5312923924740458,-0.9733898346254546,-0.6227700213912524,-1.5775125925678144
1,-0.532668200206527,-2.173423664895651,-2.173423664895651,-1.3744428146439605,0.0,0.0,1.0,1.0,1.0,1.0,-1.4452273043463832,-0.475866073609982,0.4310079399349697,0.1435733180183997,0.20946473681379998,-0.40591813966681645
0,-1.4372169601171993,-2.0078944315336202,-3.3541927713772792,-2.0078944315336202,0.0,0.0,1.0,0.0,1.0,1.0,-1.4426849528167116,-0.870561051045768,1.242599349113385,-0.8438463074820719,0.26655441103202787,-0.4660353261380097
0,-1.4605768742652923,0.6643770309405561,0.12307766787840224,0.6643770309405561,1.0,0.0,1.0,0.0,1.0,1.0,-0.6002979377287913,-1.5653038015348828,-2.643614203621977,-0.005629334241516043,-0.7147907812435083,-1.041546602669678
1,3.914769967934366,3.993198315967768,3.993198315967768,2.9198850730681185,0.0,1.0,0.0,1.0,1.0,1.0,1.5599318184839464,0.5285153350188013,0.955875154915036,0.24305852182683207,2.0315048184141036,0.35148093344944265
0,0.04933156438584657,1.9737591803097385,-0.6854349495527672,1.9737591803097385,0.0,1.0,0.0,0.0,1.0,0.0,-0.3974472885411364,-0.19080573487742006,1.2062075960809366,-0.31346865661889195,-1.3977860925929433,0.8289880762164465
0,2.1223421553573707,2.322928639064989,1.9612180648048048,2.322928639064989,0.0,0.0,0.0,0.0,1.0,0.0,0.8579803812729299,0.0725472337559526,-0.4562921795509898,-0.3432303076878077,0.3128411225539631,-0.40470782359511326
1,6.510587988351671,3.081003380456413,3.081003380456413,5.176062006727206,1.0,0.0,0.0,0.0,0.0,0.0,0.8801335195502608,1.9269836494074803,0.2963900209825377,0.10819652026414384,0.4361260305532346,-1.4092504128938033
0,0.27640736190714266,0.348911760136555,1.4018440845554023,0.348911760136555,0.0,1.0,0.0,0.0,0.0,1.0,-0.12244163747755316,0.9746098908038991,1.0418794643133593,-0.9049524739566701,0.16327355892180762,0.25160372063806724
1,-0.1710076476812053,-0.2282654067343184,-0.2282654067343184,0.08912369526535364,0.0,1.0,1.0,1.0,0.0,1.0,-0.8481756931426497,-0.7963794044220144,-0.027278679496553153,-2.1490506139104855,-0.859446366348505,-0.1625583795755251
0,1.5330686338892352,2.4921401877446647,2.5225401455878194,2.4921401877446647,1.0,1.0,1.0,1.0,1.0,1.0,-1.9021253919950225,1.218086670837462,0.545188905677735,-0.5053836335727144,-0.699925584330384,0.9808919318379987
1,4.779766010251782,3.474763475190031,3.474763475190031,3.270219797695293,0.0,0.0,0.0,0.0,0.0,0.0,1.8273692963503974,-0.21169548587393328,0.4367934863448665,0.4787352795125184,2.0304197111755826,1.8984599808567417
1,-0.9099785267737759,-1.4219272737852096,-1.4219272737852096,1.3124607061507667,1.0,0.0,0.0,1.0,1.0,1.0,-1.9819430080435816,0.3709791264418301,0.10750040555062168,0.20294454796886352,-1.0346275754728789,-1.0843703082659686
1,6.3776934094543805,5.363970107866246,5.363970107866246,5.7827199730732595,0.0,1.0,1.0,0.0,0.0,0.0,2.2946853354454126,0.7690270500844003,-0.7758949377786754,-1.5615776845047051,-0.023826510074960738,0.6542308686132895
1,5.981633791796962,5.803075142601959,5.803075142601959,6.553672012172176,1.0,1.0,1.0,1.0,0.0,1.0,1.0144432324429493,1.273224118810409,0.11184548835078578,-0.2342381404833227,1.6496813195783235,1.4222191254135181
0,-2.8502625904832084,1.3303270865414345,-3.284697903368684,1.3303270865414345,0.0,0.0,1.0,0.0,1.0,1.0,0.9955705472794079,-1.7199997178381277,0.7929343971367295,-0.4712868457310948,0.07605690024934181,-1.3753740013441742
1,2.03194849400309,-0.5033543083423913,-0.5033543083423913,0.5809853519671948,1.0,0.0,0.0,1.0,0.0,0.0,-0.7876365035166562,0.14490621066090054,0.6956488529264004,0.5884123880186012,0.6907427666599867,0.5732665350946806
0,-1.011473251189033,1.7693891058511635,0.2269340815551748,1.7693891058511635,1.0,0.0,0.0,1.0,1.0,0.0,-0.48075656540039263,-2.4744211936585105,-2.2576978665355125,-1.1173147648392447,-0.6633546231080449,-1.423828588160156
1,5.056100615799443,4.342677023140265,4.342677023140265,4.066228592801591,1.0,1.0,1.0,0.0,1.0,1.0,0.8087544275061815,0.601546318695942,-0.033088023294442104,-0.8172983294891611,-1.0576919146903396,-1.010218918889689
0,-0.7785765059498958,-1.5082779826011028,-0.9063406874368819,-1.5082779826011028,0.0,0.0,0.0,1.0,1.0,1.0,-1.0596973239221028,-0.26119618633120706,0.8311450117578708,1.859648915407988,0.08674865133090354,-0.06559831100286057
1,6.908164263436568,4.036368490692123,4.036368490692123,6.729190112295937,1.0,1.0,0.0,1.0,0.0,1.0,0.5723001256643586,1.4757585092107022,-0.29168097979282626,0.5105473732198683,-0.47219662019083347,-1.0962966993936232
1,1.9647764617027228,-1.2753322314689812,-1.2753322314689812,2.552224608207231,0.0,1.0,0.0,0.0,1.0,0.0,0.21620979796638026,-0.5783603278256535,0.40742671929237606,-1.162676316949928,-2.316132019920908,-0.47417425821473735
1,2.0434609760465716,1.3797972339719577,1.3797972339719577,2.3593590737190975,0.0,0.0,0.0,1.0,0.0,0.0,0.24288126070260357,0.024010979468459426,-1.0024027718394857,0.6855498511441005,-2.0046214352200105,-0.5135713291655446
1,-0.5226499222331649,-0.19977133162601254,-0.19977133162601254,-0.21439224984059985,0.0,0.0,1.0,0.0,0.0,1.0,-0.920176820612851,-0.11353484642536835,-0.03223491522062283,0.42905520399312935,0.1351239180016155,-1.4046535749741775
1,0.36399710989715817,-0.2833312996965803,-0.2833312996965803,1.7345627968660788,0.0,1.0,1.0,1.0,1.0,0.0,-0.9589333478107243,-0.1435296917693378,-0.10172495621032945,-0.18355553865266905,-0.046185703961405256,-0.247623171730581
1,-0.5773997020096414,-1.289206823859909,-1.289206823859909,-2.1688938466141052,0.0,1.0,0.0,1.0,1.0,1.0,-0.99226394007724,-1.899204439761093,-0.11359953224685126,-2.5386074002271375,-0.028984807125767786,-1.6266256402865973
1,6.667163979545069,2.828884780056612,2.828884780056612,4.337662568888221,1.0,0.0,1.0,0.0,1.0,0.0,1.8083726886039768,0.06852797524776155,0.3347859260792359,-0.35789341018208776,0.3164686398911758,-1.2073335665619342
1,2.0095267842659643,1.3917342602163683,1.3917342602163683,0.7134970788605437,0.0,0.0,1.0,0.0,0.0,1.0,-0.4346485803190111,0.46303042115120036,-0.12625859860095628,0.8417382589653959,-1.6605484946170466,1.4802807252515695
1,1.413648267482906,0.3998237546174329,0.3998237546174329,1.5882270596003054,1.0,1.0,0.0,0.0,1.0,1.0,-1.6957451328918762,0.06930851061819432,0.06250103241419841,-1.8448872215801269,-0.7332750456869479,-1.3314068421192142
1,6.513215664230259,3.864038209369615,3.864038209369615,5.833046249726392,1.0,1.0,0.0,1.0,0.0,0.0,2.5442485137295288,-0.8677240678450802,1.398365469685323,0.6768051991404858,2.292031508948427,-0.6772370072693121
1,6.828584732779431,4.0682087751422324,4.0682087751422324,6.1983682074488895,1.0,0.0,0.0,1.0,0.0,0.0,0.5861384607607697,1.9690998810002385,0.2675156862332545,2.091896322986702,-0.9979209056540219,0.4394327999543971
1,6.7267256958554595,4.679706521116108,4.679706521116108,8.553938718921973,1.0,0.0,1.0,1.0,1.0,1.0,1.8624154900366914,1.9039108311740383,2.196319097942651,1.2693677994627373,0.7140101005645153,0.4292286851163468
1,2.5583122675273158,0.7274290105104282,0.7274290105104282,-0.9995974171836012,0.0,0.0,0.0,0.0,1.0,0.0,0.7837540844333818,-0.5270122779206624,1.1718919118013975,-0.36681493613133215,0.5153862157920964,-0.36057579062838985
0,3.2246047282853008,5.55773363933831,3.8762185969521097,5.55773363933831,1.0,1.0,0.0,1.0,1.0,1.0,0.1821760544363848,1.3437516570301808,-0.5303802185316908,0.4496953962012934,-0.9603403556265881,-1.422140994530713
1,6.926073578006747,2.4214007619681386,2.4214007619681386,3.9762443939161933,1.0,0.0,1.0,1.0,1.0,1.0,0.6816697547293776,1.1640060367015452,0.12074499621495804,-0.3379938985779566,1.5679046371767233,2.0497671871229457
1,4.589575552733088,2.075591669369837,2.075591669369837,4.858610694038413,0.0,1.0,1.0,1.0,1.0,1.0,1.1007193872499885,0.704486482750219,2.2036622496954186,0.29271954735844796,1.701371009288327,1.7543911035179425
0,0.5936415750124261,1.656076802476625,2.2897367283909724,1.656076802476625,1.0,1.0,0.0,1.0,0.0,0.0,-1.7570179446790977,0.31268802206902657,0.23846250047573747,-0.7968466956261259,1.3016759802815994,-0.3413855030642785
1,3.369577343771042,0.6488037230460746,0.6488037230460746,0.4504565694893634,0.0,1.0,0.0,1.0,1.0,1.0,0.1806495246012809,-0.5678735005844313,-1.0210590629850862,0.42575907643775407,-0.8955160918577241,-0.10839606395534235
1,1.4811055720330193,-0.3448703917398327,-0.3448703917398327,2.0700503253837117,0.0,0.0,0.0,0.0,0.0,0.0,0.902143106298119,0.28347944255113594,-0.4095137890675221,-2.3995526449528066,0.36119556590140417,0.14942404375048965
1,4.489038099817409,2.764412292122684,2.764412292122684,4.96445649307998,1.0,1.0,1.0,0.0,0.0,0.0,0.031632359375273665,1.25626814548259,0.8879453167926651,-0.15104466990148904,0.1564894643376501,0.6599035032686444
0,0.33449873679332964,2.9443907982631976,1.8554709581903812,2.9443907982631976,0.0,0.0,1.0,0.0,0.0,0.0,0.11809776963493954,1.3122577310825756,0.20122817978455734,0.9800583677189912,0.39479703250214637,0.6736376355132171
1,4.178044838130431,2.8423511785811266,2.8423511785811266,3.6313502539919753,1.0,1.0,1.0,0.0,1.0,0.0,0.7580810011840186,0.5159728511211792,-0.4605386636498435,-0.24784948106712573,0.4023914208148197,-0.2477987273833799
0,-1.22565659076321,-2.3146009696701086,-1.3697711866423228,-2.3146009696701086,0.0,1.0,1.0,0.0,0.0,1.0,-1.4667972731748509,-1.491016085412854,-0.1581007612835491,-2.416706654036333,-2.5560062471867466,-0.9960346649507735
0,3.1344751006265525,5.072995873418796,3.260927931901051,5.072995873418796,1.0,1.0,1.0,1.0,0.0,0.0,-0.09373991649126107,1.6645865609153518,2.4857265043854473,-0.1815405790004335,1.2122805649191746,1.0709492941761973
0,2.6388470303988507,5.76898500654451,3.301697130052759,5.76898500654451,1.0,1.0,1.0,0.0,1.0,1.0,0.8373313358405976,1.927342570109284,0.8238182199162528,-2.0108565440343176,-1.0292537290889616,-0.10365019372897727
0,-1.339237418842481,-0.01256693508117801,0.12740768612891362,-0.01256693508117801,0.0,1.0,0.0,1.0,1.0,0.0,0.07148640567461087,-1.3221082421705612,1.096652951234156,1.1510919114849238,-0.6806370030673898,-0.4959714488059016
0,2.7083768048030596,3.587480922301732,2.734326047831366,3.587480922301732,1.0,1.0,1.0,1.0,1.0,1.0,-0.23527705762868753,1.0380128574043985,-0.05534229633760729,-1.5147265152628857,0.6664908109327066,-1.321534475796558
0,-1.142813828749447,2.199075390441832,-1.3605777834538066,2.199075390441832,1.0,0.0,1.0,1.0,0.0,1.0,-1.0410857374850775,-1.1047995348852515,0.21293537958554154,0.1441710786902778,-0.14249341157387424,-1.4952984125693614
1,3.9349885912163174,1.4170154384130331,1.4170154384130331,2.0851929875148136,0.0,1.0,0.0,1.0,0.0,0.0,1.2336311741890444,-1.8033650420094116,-0.6273458230028284,0.08161980456560605,-1.1680522187719957,0.38414407107018644
1,0.6449804544931659,1.2351495344862555,1.2351495344862555,2.1908774175490415,1.0,0.0,1.0,0.0,1.0,1.0,-1.6109607377284327,0.807610705461153,-0.44813512022541013,0.9548267389446132,1.8476405810062646,1.3389976946626554
1,0.19913308048092349,0.9346279232400949,0.9346279232400949,3.9006351107156036,0.0,1.0,0.0,1.0,0.0,0.0,0.06369058533450293,-0.19237068168161997,-2.163817735771177,-1.1847174988724567,-1.666366384755862,0.29097501443276674
0,0.14371701167871054,2.6402479081026935,0.9472220575708399,2.6402479081026935,1.0,1.0,1.0,0.0,1.0,1.0,-1.3223759604627605,-1.082793385843241,-2.5181660531617522,1.0363308011809,0.47401723576440125,-2.009631965448714
0,-2.8493663210980213,-0.2827743325469203,0.08770059239909322,-0.2827743325469203,1.0,1.0,1.0,1.0,1.0,0.0,-1.590565707536355,-1.7664904613624992,0.5521631170327517,0.25489699451878034,-0.02746484894128967,0.34752505967856234
0,1.7187042979752496,4.4093552691495965,0.3469783375519486,4.4093552691495965,1.0,0.0,0.0,0.0,0.0,1.0,-0.6120015851881029,0.9891072349011099,0.20983302898561404,0.9186112144472598,-1.0625842488324275,0.12721971263386536
1,1.534962648496276,0.5352349398678696,0.5352349398678696,2.4913338180356517,0.0,0.0,0.0,0.0,1.0,0.0,0.45393667882744265,0.03405335673499915,-0.5300074595561506,0.8572587977685868,0.4854235281855217,1.4920331070599933
0,-0.6714077857652337,0.7825446537196887,-0.7516966829748775,0.7825446537196887,0.0,0.0,1.0,1.0,0.0,0.0,-0.9412303985417648,0.11762956276670894,0.09708725623867587,-0.26442945099499143,-0.9019569499821184,-0.979128754005767
0,1.098868402220925,2.300284609176213,-1.1473223402375377,2.300284609176213,0.0,0.0,1.0,1.0,1.0,1.0,-0.029434375695353298,0.7696309682648904,-0.4634570067712045,0.2810397436200379,-0.18817067208840724,-0.09413301511430824
1,5.93170897009773,2.2468566459678727,2.2468566459678727,4.591524572147599,1.0,1.0,0.0,0.0,0.0,0.0,0.09799695598034833,-0.029467036062305274,-1.375722027016988,-0.02203588508339316,-1.6432301682568662,-0.5216336087142084
1,3.8506884875111784,1.1168869727775623,1.1168869727775623,4.442509851739116,1.0,1.0,1.0,0.0,1.0,1.0,-0.07074396151100722,1.0001157233580122,0.13100912208043108,-0.32977144681262066,1.0206147433498034,0.004290126787713733
1,4.676470464147032,1.0280586532145808,1.0280586532145808,4.842133493567367,1.0,1.0,1.0,1.0,1.0,0.0,0.7587982279199099,0.6913616371732357,0.9279911318018264,-0.1270639743308953,0.4510989080109512,0.032860820162088356
0,1.7224902099944837,3.54705356711624,0.7438669243510418,3.54705356711624,0.0,0.0,1.0,1.0,1.0,1.0,-0.45971678408475225,0.6380297114832731,-0.5161608409850205,0.19285123609253116,0.7276939843632402,-0.8708152774125664
1,3.045984032802826,0.7945662982086011,0.7945662982086011,2.878890647904486,0.0,1.0,0.0,0.0,1.0,1.0,0.17798090783189655,0.1982313655854857,-0.0546824846100591,-1.0162243873102363,-0.6453330714086771,-0.3778617205623415
1,1.889419449945445,-1.439433121490718,-1.439433121490718,1.115315017464365,1.0,1.0,1.0,0.0,0.0,1.0,-0.8754105402334927,-1.1943583721031115,0.8763603100489495,0.45608154382027644,-1.0902391743895903,0.13439199194946916
0,3.685548175969165,3.7100147063391846,2.2846710962395704,3.7100147063391846,1.0,1.0,1.0,1.0,1.0,0.0,-0.09177577182704105,0.1626085341261003,-1.1440432622661276,0.07346313505397856,-0.7446900834999562,0.6708248415492927
0,2.91573249293306,4.5435953237574465,2.0305771433363695,4.5435953237574465,0.0,0.0,0.0,0.0,0.0,0.0,0.8409960840691987,1.3305235397258424,-0.4753995508342127,1.119888273763527,0.2283222034850459,-1.7724140279989482
1,4.333123660401748,4.552369527673066,4.552369527673066,4.409672627549005,1.0,1.0,1.0,1.0,1.0,1.0,0.5891158060916354,0.5470314043911877,-1.1474692119316618,-1.5880573254389356,0.376229840597024,-0.8659366626926175
0,0.19105828495168217,-0.35692561735618855,-0.3974362649086005,-0.35692561735618855,0.0,0.0,1.0,0.0,0.0,0.0,-0.03254374653456658,-0.12796677225965675,0.4383584868753087,0.559508707935567,-0.6863281406481676,0.8165280611240353
0,4.0485844295831015,3.9296429056029907,2.4272033508460398,3.9296429056029907,0.0,1.0,0.0,1.0,1.0,1.0,1.1005513418875879,0.04260533228318131,0.7549092691373154,0.6559659956655368,-0.2758395026316792,1.6263796646127582
1,0.8814170941380427,1.6127598859204033,1.6127598859204033,-1.314550016619418,0.0,0.0,0.0,0.0,0.0,0.0,0.2928306489486105,-0.2707264511588918,1.4691638615462166,0.477251140483045,0.48176760092766197,-0.973924786449671
1,-0.9697294726053545,0.02495023523720996,0.02495023523720996,0.9399270676051362,0.0,0.0,0.0,0.0,0.0,0.0,-0.05578623108710193,-0.5572707225617686,-0.19304947053272833,-1.6614721372648753,0.167876462460673,-1.3613714489588307
0,2.2037606175167492,4.902774103874465,2.5174442589373567,4.902774103874465,0.0,0.0,1.0,1.0,0.0,0.0,0.6865463879512348,1.690369342846655,-0.5424966746780991,0.9267511464583891,-0.2095109199471562,0.7407016868199967
1,-0.26504027873671165,0.5194169499419965,0.5194169499419965,2.779811857255707,0.0,1.0,1.0,0.0,0.0,0.0,-0.5334351704726435,0.031177109053987573,0.2393165225572026,-1.1594220400883175,0.2222794633887976,-1.17591969233855
0,2.002846292611148,4.344626410573998,3.3422270431282404,4.344626410573998,1.0,1.0,1.0,1.0,0.0,1.0,-0.6376657858602384,1.7148356755648324,-0.03803656122069965,-0.8755088010160409,0.6327756036110206,-0.3330825008506282
0,-0.5386192667970233,0.5360235883047118,2.0867967426794034,0.5360235883047118,0.0,0.0,0.0,0.0,1.0,0.0,0.34705548904486566,-0.64331277028427,0.1259859699019293,0.9076834067615921,0.8851153430872853,0.2561467825155329
0,-2.0021396347515505,-0.9606505162475497,-0.6790832517083676,-0.9606505162475497,0.0,0.0,0.0,0.0,0.0,0.0,-0.809304892353599,-0.08565237072216365,0.39030949799429226,-0.6310082780789391,0.4212984468429516,0.22090408192387506
0,3.511730046390005,6.5260351360610125,3.982003148850037,6.5260351360610125,1.0,1.0,1.0,1.0,1.0,0.0,0.14424790791443465,0.6092480289925065,-0.905910161863688,0.10268351698362949,1.607026660923527,-0.5820779561106848
1,-2.467589535603897,-2.5265271052704787,-2.5265271052704787,-0.685467055405514,0.0,0.0,1.0,0.0,0.0,0.0,-2.0059051927925435,-0.5411399861589019,0.6418342523483246,-0.18546407575871574,-0.8107465799981609,1.1356194439942369
1,1.0638976316298585,1.574059235192236,1.574059235192236,0.6922481997193961,1.0,1.0,1.0,1.0,1.0,1.0,-0.9252018995628765,-0.5547368455490884,-0.25737915107841985,-1.6176143546807225,-1.8788195398217016,-0.9935372680513997
1,2.5812529413384544,3.3852836213124986,3.3852836213124986,2.7249167332565016,0.0,0.0,0.0,0.0,1.0,1.0,0.27466168283004666,1.7067128177236708,1.1579134080382811,1.2372082915976592,1.2765569198891953,1.6954719636520166
1,9.590795281518107,7.07886699893748,7.07886699893748,9.26826921204921,1.0,1.0,1.0,0.0,1.0,1.0,2.2702635314394364,2.33924720049162,-0.39550385303995594,1.0641233383886566,1.9203830866876057,1.7668039830081659
0,0.1813062518232336,0.3648025295280586,-0.2831824400545295,0.3648025295280586,1.0,0.0,0.0,1.0,1.0,1.0,-0.6209675482046061,-0.9855991883640736,-1.8001882622170042,-1.2621109489536317,-0.5658935444720238,-1.4977494818086197
0,-3.3096571158384425,-1.228480777281336,-1.4959585387341003,-1.228480777281336,0.0,0.0,0.0,0.0,0.0,0.0,-0.32525148624708244,-1.9390347286038447,-0.487448989367755,-1.771681095988034,-1.3243046079335585,-1.1824119517716725
1,4.223360865029614,2.3584185877709003,2.3584185877709003,5.842702836044223,1.0,1.0,1.0,0.0,0.0,0.0,1.4185463614304448,0.7094552911730594,2.2975467270955168,-0.06772669054070454,2.6734069983020756,0.399206867184269
0,1.3852051331801596,0.5668418317887016,0.17528155218181285,0.5668418317887016,0.0,1.0,1.0,0.0,0.0,0.0,0.11525892544263758,-0.7032756048043278,0.3103918899442635,0.42678106005424893,0.9439571393162508,-0.08164745618707694
0,0.622017406492284,4.188728913768375,-0.030748296063837,4.188728913768375,1.0,0.0,1.0,1.0,1.0,1.0,-0.3694019198995389,-0.00064821668277662,-0.16310982635155846,0.701244164376361,-0.4799077371967413,-0.7644328901026389
0,-0.480742710371885,1.3756036980501447,0.4490819666560242,1.3756036980501447,0.0,1.0,0.0,1.0,1.0,1.0,-1.2785992673143132,-1.195468066565331,-0.878979040169723,-0.9425872627647491,-0.7297854660423538,-0.28333372714558014
1,2.672048868414708,1.7722208584136268,1.7722208584136268,1.3748452920269438,1.0,0.0,0.0,1.0,0.0,0.0,0.06725246949620542,-1.4775453072461664,-1.4289441068890183,-1.4323492814656777,0.7462407143717683,0.2720180552768635
0,-1.3632518035647558,-0.7160448552174283,-0.456486507858177,-0.7160448552174283,0.0,1.0,0.0,1.0,1.0,1.0,-1.450512641921955,-0.7930879434072664,0.24305137119706538,-0.14136997110604146,1.2014469997709238,-1.3143497735740317
0,-2.0762793276260396,1.6585925265891501,-1.7944625640044822,1.6585925265891501,1.0,1.0,0.0,1.0,1.0,1.0,-0.7168918311692066,-1.8732781703665564,0.2537371500892124,-1.3006987872668307,0.8564082994098225,-0.7581893671229568
1,1.8303583168880397,-0.4214985603088869,-0.4214985603088869,0.566134962321399,0.0,1.0,0.0,1.0,0.0,0.0,-0.37160297669584874,-1.2405412842087586,-1.1602297624633926,-1.0451898905289116,-1.6972873833912654,-3.3974521547075525
1,2.7362807819926016,1.0577549050099833,1.0577549050099833,4.4209635016079005,1.0,1.0,1.0,1.0,0.0,0.0,0.5477337981039703,-0.8381060863576625,0.3367610832182791,0.46889321134912243,-0.629108581513238,0.8242422852289056
0,-0.18875513624048668,2.762973631108292,-0.23653117054410955,2.762973631108292,0.0,1.0,1.0,0.0,0.0,1.0,0.94972711451158,-0.7104517225359411,0.604177120878929,-0.10245374408164382,0.2586981931710206,-0.2646406211077359
0,-2.1385137274900434,-1.0248727430579685,1.4542447331844146,-1.0248727430579685,0.0,0.0,0.0,0.0,0.0,0.0,-0.32327931089606426,-0.2198730982599903,0.8160215845423489,0.4019787844438636,0.7872376942367437,-1.1674888283538467
1,3.68514650755958,-0.5934211852725335,-0.5934211852725335,2.470364007221917,0.0,0.0,0.0,0.0,0.0,0.0,0.1661305179097814,0.866459044194945,0.30468040711835886,1.0299873345164121,0.3342560448042503,-0.7178041046503956
0,0.3781652258445677,-0.7211852248595798,-0.7825450503119387,-0.7211852248595798,0.0,1.0,0.0,0.0,0.0,1.0,-1.3800873999199519,0.9721712833156722,-0.5025406190080393,0.1265203987770563,-0.5786466168142482,-1.7886116488855965
1,1.1200666662589842,0.021880872905924942,0.021880872905924942,0.9297339539168874,0.0,0.0,1.0,1.0,1.0,1.0,-0.037371369208471304,-0.44963227504614667,0.05289123392356335,-1.3708739624696382,-0.4950478687684306,0.10008829445112422
0,3.1420676708487125,4.008497257839536,3.2161076929955787,4.008497257839536,0.0,1.0,1.0,0.0,0.0,0.0,0.5850312866500187,-0.7077355691953089,-0.9659686157101585,2.0445245821486906,1.4586401930154782,-0.8581163375673949
0,-1.2985900478883003,0.3893975779904105,1.6944187662268764,0.3893975779904105,0.0,1.0,1.0,1.0,1.0,1.0,-0.7023230171262362,-1.3185471317716764,-1.5564616950494736,-2.450937643845437,-1.3603388580022437,-1.0131778371063493
0,2.484208277331208,5.511538836192517,2.216805856949301,5.511538836192517,1.0,1.0,0.0,0.0,1.0,1.0,0.6183100369025193,-0.0985067623645664,0.5695837456184687,-0.7955615748510773,0.21463815591799856,1.6910084006358832
1,2.760850612549257,2.7253546352971836,2.7253546352971836,1.1045057432245349,1.0,1.0,1.0,1.0,1.0,1.0,0.003682141130848592,-0.6645400891158064,-0.030140343436619366,0.2723577862602831,0.9916955537574839,-1.0214449390307883
0,0.5582776838823946,2.8441396370655934,2.914623174137062,2.8441396370655934,0.0,1.0,1.0,1.0,1.0,1.0,-0.8098735270744587,-0.02553306844522424,-0.8249849267778089,1.361453127838002,-0.7395127935162253,-0.6628113257941634
0,-1.0188183082549611,-1.4894881014522248,-1.9452125483821612,-1.4894881014522248,0.0,0.0,0.0,1.0,1.0,1.0,-0.010220176546490187,-1.8724073591471821,0.8522020676949251,-0.9707772554942471,0.21327728730415824,-0.8216016842213582
0,2.671323034613091,2.556006118068437,0.45564843014483136,2.556006118068437,0.0,1.0,0.0,0.0,1.0,1.0,-0.687782232003953,1.6606240936192325,-0.30134952866328196,-1.2468099337248504,-0.39998470807332015,-1.0065716581369593
1,4.449033525626524,2.557003584539894,2.557003584539894,3.658750902600799,0.0,1.0,0.0,1.0,0.0,0.0,0.34863723228008575,1.4575141643763214,0.37703242018694927,1.3614655257371155,0.9336991913195691,3.09651656325257
0,5.835192532217087,7.8370577331477875,4.527795192491352,7.8370577331477875,1.0,1.0,1.0,1.0,1.0,1.0,0.6107926544076856,2.3234143598243184,-0.031037126792522685,1.2107253759216716,0.500923839814277,1.0421470804751296
0,2.7362476700694036,4.858411452447833,1.7283134044191946,4.858411452447833,0.0,0.0,1.0,1.0,0.0,0.0,-0.35801922329726904,1.2038311254147707,-1.153231578502488,0.03234478350797526,-0.42744474942621424,0.6239814021953033
1,5.116643670433349,3.7814799531094576,3.7814799531094576,4.986611244791937,1.0,1.0,1.0,1.0,0.0,1.0,0.6746139512942693,-1.7250564278646545,-1.6617485445278608,0.9368810232932112,-0.19474136198533004,0.5332785021617236
0,-1.3960488842221443,0.12629137003705893,1.3271332283620152,0.12629137003705893,1.0,0.0,1.0,1.0,0.0,1.0,-1.020814830543021,-0.498217733771832,0.7750990833718541,-0.7150438265042535,-0.6771609693068872,0.6950153501479828
1,2.630648134360233,1.9070105019624364,1.9070105019624364,1.5855136287639644,0.0,0.0,1.0,1.0,1.0,0.0,0.1478559457093014,-0.8452112138390324,-0.6851806028161219,-0.8988711265697505,-0.5723534532217776,0.48071683892380074
1,5.8473950497171945,4.934493712931696,4.934493712931696,4.314124628963273,1.0,1.0,0.0,1.0,1.0,0.0,2.05629082697454,-0.3301852314243622,1.0432498453802603,1.238848774190396,0.6634143538206253,1.0127386524162665
0,-0.62592991133317,1.6285917644392687,-0.6560858963511937,1.6285917644392687,1.0,0.0,1.0,0.0,1.0,1.0,-0.029979992500546896,-1.8835406311005678,-0.19441025262799472,-0.7290165630969488,0.19046584868644983,0.4803322996372224
0,-0.3773326444359338,1.7677577306960304,-2.2166834660349166,1.7677577306960304,1.0,0.0,0.0,0.0,0.0,0.0,-0.7961513344042926,-1.6625482590545608,-1.6554409012529092,-0.10705209178658402,-0.009956714551125234,-0.8905575758257804
1,1.917389304621405,1.1992623492845547,1.1992623492845547,1.3490610087379724,1.0,0.0,1.0,0.0,0.0,0.0,-0.8037374470331401,0.27755445498471326,0.5057561667465282,-2.3911199409481494,0.32208778068660576,-0.42832123150181906
1,3.0550425349149894,0.6229571524615283,0.6229571524615283,2.836564230959997,0.0,1.0,0.0,1.0,1.0,1.0,0.17604663516407218,-0.5206719052426638,0.14945293213083854,0.8818365236176845,-0.9186020940283017,-0.4039253622050446
1,5.170064578688544,-0.8378921374633301,-0.8378921374633301,2.950574372758907,1.0,0.0,1.0,0.0,0.0,1.0,0.6730440395050428,-1.2364764071106733,0.08500255740047813,-1.633671078482331,-1.8069392073321267,-0.9067580808003027
0,-2.2259069985978783,1.977161079024646,-0.8823095211074,1.977161079024646,0.0,0.0,1.0,0.0,1.0,1.0,-0.7835373090324573,-0.43780861531707255,-0.10566121885124757,1.2184937959359579,-0.9865167098495377,0.35773506845390435
1,3.8653236201912478,3.297198257469155,3.297198257469155,2.6786622939107883,1.0,1.0,0.0,1.0,1.0,1.0,0.22679650023624268,0.10577818962818675,-1.45499077240834,-0.36075603667829903,-0.927541392566216,-2.3367182371220485
0,0.3146154616997936,2.0382493678849327,0.06713559583470352,2.0382493678849327,1.0,1.0,0.0,0.0,1.0,0.0,-1.243599570615591,-0.7712958721308328,1.1169393228895397,-1.4637569319224015,0.15358549920286674,-1.1617014309805076
1,-1.4466801216403617,-2.1167751517049744,-2.1167751517049744,-0.42865311113408944,0.0,1.0,1.0,0.0,0.0,1.0,-1.9647176709616176,-1.5158189482258981,-0.7548894415251002,-0.6365294403651556,-0.5800251957589088,0.42943258818603924
0,-2.055671028288363,0.511917876537765,-3.7165157914322817,0.511917876537765,0.0,0.0,0.0,0.0,0.0,1.0,-0.38910546246926325,-3.1388256804847723,-1.063082322027891,-0.6829272036739267,-0.23322180185783825,-3.386136647608244
0,3.9542491908586963,6.726842680680335,4.3936174773907855,6.726842680680335,1.0,1.0,0.0,1.0,1.0,0.0,0.9662353086227272,0.37704275842595547,0.6946904196008664,0.5806002185039907,1.9454541091814157,0.9507306208080917
1,-2.209280002559458,-3.0685320717134648,-3.0685320717134648,-0.4185660022211564,0.0,0.0,0.0,1.0,0.0,0.0,-0.77065609815452,-0.6455664750483563,0.014005922284299532,-0.4249877219182855,-1.7273077630996085,-0.6462627871440157
1,2.654765302701611,1.6069491334915895,1.6069491334915895,2.2270061851568346,0.0,0.0,1.0,1.0,0.0,1.0,1.2381916261332762,0.1263414207607335,1.9760594124471746,-0.021010884018652032,0.2408706324007691,1.8857744246202761
1,3.200878527563217,4.617998692733879,4.617998692733879,5.562902036649387,1.0,1.0,1.0,0.0,1.0,1.0,0.18498671952280263,0.11529954683615984,0.3515393400987639,1.3672949190933257,-1.4242114440179507,1.2482662815620478
0,4.50966222428525,5.334735784276149,3.9791657796832696,5.334735784276149,1.0,0.0,1.0,1.0,0.0,1.0,1.7252613112883048,0.552424783956723,0.36307884252817746,0.8275556580723478,0.8185445554173809,1.0841401063664082
0,-2.1903085561247693,1.8335309085370974,-0.6325565940611182,1.8335309085370974,1.0,1.0,0.0,1.0,1.0,1.0,-0.42413617824901884,-2.0764422065320804,0.4694465398651947,-1.1066518948441928,-1.7671086489039296,-1.0003314824789002
0,-3.920734578137482,-3.4284429602941686,-3.1761412207624367,-3.4284429602941686,0.0,0.0,0.0,1.0,0.0,1.0,-1.3937318762626916,-2.089268583884053,0.1776623862820863,-1.4339357980247336,-2.6048773740337268,-0.7631494363333586
0,5.774918433523415,5.065583346968355,5.175047615638146,5.065583346968355,1.0,1.0,1.0,1.0,0.0,1.0,0.25670988705505643,1.3352215900089908,0.062193727392893354,0.8930673960228214,-0.9598795586018752,0.7419727431847785
1,6.572119434996987,4.267878056123494,4.267878056123494,5.840868015822996,1.0,1.0,1.0,1.0,1.0,1.0,0.7221558699023566,1.2096166472741783,-0.3630703917498637,-0.6104873340236945,0.06548340329742736,0.5968888321477837
0,0.977743254664519,2.770419645947097,-1.1547854183948008,2.770419645947097,0.0,1.0,0.0,1.0,0.0,1.0,-0.6113791763480726,-0.1909394186930483,-0.8175864706220002,-0.3145392594987302,0.2431414506821823,-0.8479070154834463
0,1.5260821035282957,3.621558703557551,1.080414476645753,3.621558703557551,0.0,0.0,1.0,1.0,1.0,1.0,1.3350406150589156,0.17152877057550403,0.017895408674282243,0.3272704139543893,-0.36718730289093066,1.6290973524729981
1,0.3303591934778217,-0.607881529318669,-0.607881529318669,1.903875865564168,1.0,1.0,0.0,0.0,1.0,0.0,-2.2137788246933776,0.23236149381045423,0.4218372781128872,-0.4128971813738071,0.8288059145033714,-0.9297089139193876
0,0.9622404879979716,4.691942973066609,1.95070095438797,4.691942973066609,1.0,0.0,1.0,0.0,1.0,0.0,-0.4047931928029008,1.0849757301567708,-0.36182376742202305,-0.135282939557699,-2.096760097243145,-1.9128984070896364
1,-0.7425705140622061,-2.589130148386269,-2.589130148386269,0.8448211782280346,0.0,0.0,1.0,0.0,0.0,0.0,-0.6872967202213042,-0.13453665736277853,0.026928894611694034,-1.4557682603713975,-0.39063600616527294,-0.7318233673666581
1,0.27757075989620245,-0.2754952333072498,-0.2754952333072498,1.8791492430997148,0.0,1.0,0.0,1.0,0.0,0.0,-0.4302023873219211,-2.2911842639440962,-1.3975943169394696,-1.4122745292069536,-2.761080066649295,-1.4147214355030497
0,0.9775905426654863,2.1820831275323664,-0.1190985810874251,2.1820831275323664,0.0,0.0,0.0,1.0,1.0,0.0,-0.22496131910328768,0.8809886071464961,1.0061617153742186,0.024401084656817344,0.7158485087599366,0.08958046709923495
1,1.8187830494335886,2.8138932773939516,2.8138932773939516,2.2600502312625785,0.0,0.0,0.0,1.0,0.0,0.0,0.7888844158610973,0.7799167990733027,1.5358016332131461,-0.3591935204266271,0.27913379920487924,2.7954188349364557
1,5.130135050581539,4.176167339523139,4.176167339523139,4.86486828204971,1.0,1.0,1.0,0.0,0.0,0.0,0.6643952754464524,0.2891493600101336,1.0133449399244654,0.48727756987696125,0.022538386019930412,0.9649178536220879
0,3.6765998904991766,5.632383002964831,2.3813557843995756,5.632383002964831,1.0,1.0,1.0,1.0,1.0,0.0,1.3156563421353025,-0.18122934201064572,0.23686616283053047,0.09916432634445022,0.40289489588146404,0.5658927751039586
0,-0.5599897009670641,1.0604699310056611,-0.2095603423608371,1.0604699310056611,0.0,0.0,1.0,1.0,0.0,1.0,-0.3265654129700554,-0.8414983682357138,-0.2631369616966871,0.6595489217869597,-0.6850833744710024,-1.1698692926406218
0,2.038560473624755,4.012045873221416,2.02810941086557,4.012045873221416,1.0,1.0,1.0,0.0,0.0,1.0,0.35405478072680835,-0.7150015082376013,1.182703754462675,-0.9243521835393937,1.278440462410328,1.2844212118935388
1,2.96814469324365,2.515592298530981,2.515592298530981,2.682316226932637,1.0,1.0,1.0,0.0,0.0,1.0,-0.32436010171869595,-1.5558122323727732,-0.9653924555933596,-0.9228678176166167,0.2501745353163868,0.8356083545784742
1,1.8581161972825626,2.0242815587415603,2.0242815587415603,5.257450249900903,0.0,1.0,1.0,1.0,1.0,1.0,0.8724752084695583,0.7781249030024933,0.9601099193075422,0.2999772262724548,1.7921284787756946,0.37841117771501
1,-0.48735375728349195,-0.027468250649438475,-0.027468250649438475,-0.3218352569226861,0.0,0.0,0.0,0.0,0.0,0.0,-0.7425477958376708,-0.821129681941725,-0.9031400408828262,0.9017043031275022,-1.9682356976972604,-1.371804862775723
1,2.7603187182926137,0.8624151381251767,0.8624151381251767,4.949292278112324,1.0,1.0,1.0,0.0,0.0,0.0,-0.051964014380879255,-0.8733465587789724,0.3453226295283678,0.8198980529191872,-1.211520203611363,-0.0041560903089826184
1,5.763439987363839,4.126653598040258,4.126653598040258,6.557116207407856,1.0,1.0,1.0,1.0,0.0,1.0,0.16792098396810767,-0.14200928031023913,-1.5292945901472996,-0.40196397304320264,0.8584072400501817,-1.4192524154458468
0,-0.7735154775616933,3.1846191372426484,0.7114977040358669,3.1846191372426484,0.0,0.0,0.0,1.0,1.0,1.0,-0.04502753468879886,0.6861557408157141,0.6312199571877514,-0.9409988077430341,0.2513295084678064,0.9699110897137281
1,1.4807637853680393,0.6645350616638026,0.6645350616638026,0.3578095555921006,0.0,0.0,0.0,0.0,1.0,1.0,0.8397730959128598,-0.5597770001617826,-0.35897883845217593,-0.4161655532531624,-0.2945206611999118,0.3388905149259652
0,1.7057109856572732,1.6280919080807834,-0.5076924604593362,1.6280919080807834,0.0,0.0,0.0,1.0,0.0,0.0,-0.8232275954157943,0.2651937803882667,-0.9992861962143162,0.1436229985734468,0.9433439008056638,-0.32719916083668865
1,0.6778080594524667,-0.14226381926996992,-0.14226381926996992,-0.2685276169391606,0.0,1.0,1.0,0.0,0.0,1.0,-0.8732161167553334,-0.0030957576222646055,1.124463678851551,-0.13095100785407351,-0.41773032924257597,0.23198712410894223
0,3.316694582839347,2.868254744390463,0.43952788470657556,2.868254744390463,0.0,1.0,0.0,0.0,1.0,0.0,1.1007748551191798,-0.17350331535280802,-0.19192075967907624,-0.255635644776117,0.7930733843486278,0.06534691592148298
1,3.0105706916994674,0.4203756766694544,0.4203756766694544,3.7190626212295994,1.0,1.0,1.0,0.0,1.0,1.0,-0.6495561630138367,-0.4016765773175957,-0.7579943904586057,-0.900207722537518,0.43224736286036947,0.17076610612640383
1,6.016460934076678,3.6829104684547014,3.6829104684547014,6.126253472320629,1.0,0.0,1.0,0.0,1.0,0.0,1.447806057537485,-0.5140175030917914,-1.176898664090861,0.6879070640529439,-0.3804169408147213,0.6402246270925065
0,2.134601206707664,1.1353119143514117,2.7567317557241204,1.1353119143514117,1.0,1.0,1.0,0.0,0.0,1.0,-0.015317027277619298,-0.7238571779311096,-1.4800802884826414,-0.02347518415584548,-1.2406356791364181,-0.7595240991302774
0,-2.421267793406838,1.0831272237408758,0.04333432409769422,1.0831272237408758,1.0,0.0,1.0,0.0,1.0,1.0,-1.2865335137603986,-1.3776392758783271,-0.33127049341613,-2.463121507225052,-0.7242415599990861,0.83198370412635
0,4.444574515964083,7.159603632805602,5.854624644053676,7.159603632805602,1.0,0.0,1.0,0.0,0.0,0.0,0.037972792222450556,1.9359124849647893,-0.9715866549982768,2.1100817921530335,2.0013651684746097,0.23421875984430118
0,-1.3171040835563848,1.0532569341195241,-0.7480679281265035,1.0532569341195241,0.0,0.0,0.0,0.0,0.0,0.0,-0.6494754813471838,0.22805837589458489,-1.8574042454212414,-2.106602615624819,-0.6487920052574555,-0.9313357067177652
1,0.24202339858594496,-0.8817856513110294,-0.8817856513110294,0.44333673699021936,1.0,0.0,0.0,1.0,0.0,0.0,-2.149248366021854,0.5136337244009821,-0.3511276873254634,0.3199555191848878,0.600998436872548,1.221272880620955
1,1.7084312280469673,2.271845407764207,2.271845407764207,4.275847399548281,1.0,0.0,0.0,0.0,0.0,0.0,0.37384254876757145,1.1066646134635798,2.5815036875476807,0.8778557787874645,0.20937446372406665,0.8884261053138647
0,1.527471419606278,2.3106906248714174,-0.392401224471149,2.3106906248714174,0.0,1.0,1.0,1.0,0.0,1.0,-0.4513762678479129,1.0277264693210966,0.41258980110257065,-1.2249289268663428,-0.08505061690417354,0.511578056938555
1,-0.6906565717064401,0.1040335907839367,0.1040335907839367,0.9642279478624212,0.0,1.0,0.0,0.0,1.0,1.0,-1.6446617349143278,-0.8425056877700287,-0.4649267766943117,0.042110943008626556,-1.0746818088357484,-0.7954309906682672
1,8.212845441010789,5.201620834540771,5.201620834540771,7.942858659532222,1.0,1.0,1.0,1.0,1.0,1.0,1.3524804514800575,0.8859721685487529,-0.16872011759079075,1.4530452733613137,1.3459125215290686,-0.4316721207622873
0,1.738294674079146,1.5185751496295836,0.2396287323998714,1.5185751496295836,1.0,0.0,0.0,0.0,0.0,0.0,-0.10179324827471106,-0.30320368904581174,0.25701826764686725,-1.0400442025754857,1.1994133249576135,0.19109148228871764
1,3.8818214794413604,0.4297414645956946,0.4297414645956946,2.3977393633150412,1.0,0.0,0.0,0.0,0.0,0.0,-0.32908152311778616,1.0950250306184,0.3304566765484128,-0.3283587678467572,0.017894602239155954,0.2578686417596146
1,4.682756750444408,2.8502240600403366,2.8502240600403366,5.358106329214248,1.0,0.0,1.0,0.0,0.0,1.0,0.08701335545604749,0.3866374209026181,0.8282663678457447,0.8419256790991967,1.5898409655871335,0.9453705281483686
0,0.8856924571012912,3.531013851261121,4.07321091740768,3.531013851261121,1.0,1.0,1.0,1.0,1.0,1.0,-0.7398585425234914,1.1588758723182642,0.8277537526548926,0.6053091948864957,-0.10348522165451646,1.1839784900491064
1,2.307491333224134,0.3778440145236937,0.3778440145236937,1.1310990020594787,1.0,0.0,0.0,1.0,0.0,0.0,0.53256237611085,-1.3484077185173673,1.0350122101035626,1.0567120829073633,-1.1459283716949318,-0.7503936860902254
1,3.284182149044822,3.3345561062806346,3.3345561062806346,3.119465617296462,0.0,0.0,1.0,1.0,1.0,0.0,0.8071778916420844,0.29426613106802074,0.15905814604291144,-0.08586662091682222,0.1747124223572895,-0.03146053670509938
0,0.7053138890584907,3.7097736555346716,2.5362951917475423,3.7097736555346716,1.0,1.0,0.0,0.0,1.0,1.0,0.2802918622279573,0.4982985749179361,1.5548518303756245,0.9869432909269569,-0.2053219041822233,0.08065680064818909
0,6.293466383222948,6.54986414364658,3.376837650986775,6.54986414364658,1.0,1.0,1.0,1.0,0.0,0.0,2.0185124569985993,0.2284804539219687,0.779705133683334,0.14135341053713313,1.0016527288740014,1.719989244602564
1,1.779856927406252,1.8495352059817158,1.8495352059817158,2.796183268622531,0.0,0.0,0.0,0.0,0.0,0.0,1.5480746872264688,-0.2612406542922461,0.6818569797528083,0.6659851486766282,1.0252583777550883,0.7906745449524293
1,1.8197985473676717,-1.0059873655986569,-1.0059873655986569,0.9921924664349455,0.0,0.0,0.0,0.0,0.0,1.0,-0.31347830054682546,0.7638786563189325,0.6011542802740467,-1.5787171251937389,-0.6789259551144796,-1.3004057336970631
1,-0.9887314915418528,0.1330315624012296,0.1330315624012296,1.6189611578870802,0.0,1.0,0.0,0.0,0.0,1.0,0.03808309881225338,-0.5684104982407349,1.360153271340951,-0.9568904890385663,-0.11138476454359227,-0.2898431537710752
1,2.528749746835736,1.7601584366743066,1.7601584366743066,0.9648471845393258,1.0,0.0,1.0,0.0,0.0,0.0,-0.21346491672467338,1.1028138527125235,-0.3438618936159806,-2.9159579226244707,0.21525767203727497,-1.1745198733328925
0,-1.517286578640646,2.565034235744128,0.700235850562418,2.565034235744128,1.0,0.0,1.0,1.0,1.0,0.0,-0.12208959413150582,0.3581386065738251,-0.28063333191852396,-2.4092080034764116,-0.011380102414762727,-1.1482542031872638
1,-0.37345972342844713,0.22126250922031748,0.22126250922031748,1.5330190917443385,0.0,0.0,0.0,0.0,1.0,1.0,0.042479551828884174,0.9054788461928404,1.8556263509164628,-0.10577257563240205,0.4226189170959711,-1.116298865792047
0,4.0018140834288225,4.655602416512018,2.1367665379574783,4.655602416512018,1.0,1.0,1.0,1.0,0.0,1.0,0.0728420728599847,0.9709367589846359,0.4435330725561252,1.716631249968552,0.9240950439572184,0.7371893980677771
0,3.6377188721552915,5.7517926182803185,1.3907755490281724,5.7517926182803185,1.0,1.0,1.0,1.0,1.0,1.0,1.8356719979540768,-1.5933229007206942,0.5038745624781773,-0.9752442865872656,-1.1450875727896235,-0.3628492951853496
0,1.3731538373816548,2.864900767502344,-1.1665726579826754,2.864900767502344,1.0,0.0,1.0,1.0,1.0,1.0,-0.5041690809802881,-1.2671666445507548,-1.0521629836682984,0.33285199812379845,-0.2062951802051507,0.5208720938337463
1,-0.0929345565322901,-3.748634297954599,-3.748634297954599,-1.946068573702672,0.0,0.0,0.0,0.0,1.0,1.0,-0.6952499434886382,-0.4621900675752463,2.0962919456815534,-1.585669385893087,1.1833527690327321,-1.044983498364751
0,6.233983111491762,4.214544146347749,1.4855487488780867,4.214544146347749,1.0,1.0,0.0,1.0,0.0,0.0,0.2981785823453513,1.4800540087436675,0.13123441621322696,-1.0848107185450355,1.1492805160663266,-0.2308707211110771
1,0.2949418565590536,-1.1828523084106806,-1.1828523084106806,2.651914223940345,1.0,1.0,0.0,1.0,1.0,0.0,-1.1167480161997645,-3.229105070418383,-2.3504943682482495,-1.7884961810894953,-0.5802617489260065,-1.479501560914505
1,1.2620290277252115,1.3781275651273435,1.3781275651273435,4.0825311617447415,1.0,0.0,1.0,0.0,0.0,1.0,-0.6975099018656676,-1.8322964169834348,-1.7359599722629027,-0.6242281593192334,-1.1219913575544622,-1.855476968034854
1,0.864195268223838,1.2473085149486516,1.2473085149486516,1.7414313091378895,1.0,0.0,1.0,1.0,1.0,0.0,-2.619651145804094,-0.22657637462946031,-1.647183401725909,0.2667327725830035,-0.21766238378583236,0.7599287648978778
1,2.79696120993444,1.2183926012123338,1.2183926012123338,1.308284894384123,1.0,0.0,0.0,0.0,0.0,1.0,-0.37558558161210265,-0.44261955274419607,-2.312891601555992,-0.17622909380275617,-0.7988017522998476,-0.6838353842426033
1,-0.850718265794338,-1.0684579808162797,-1.0684579808162797,0.015239639180734788,0.0,1.0,1.0,0.0,0.0,0.0,-0.7475298482698851,-0.027042807028562432,1.1488772428931155,1.479614312644429,0.8112259821597199,-1.1069370284284739
1,3.9926762539126384,3.4388878150624222,3.4388878150624222,4.107213454466914,1.0,1.0,0.0,1.0,1.0,1.0,0.8835299830001545,-0.25461907411571477,-0.6182036947570916,1.661723590138746,0.391320753881563,1.0589830557739865
1,2.1848057579197606,4.525645038315324,4.525645038315324,3.0181669354416667,1.0,1.0,1.0,1.0,0.0,0.0,-0.21458318487834185,0.6174407849534836,0.25281357925804554,0.07694403371512124,-0.05748216482646873,1.642544006480374
0,-0.3385473910956385,1.3158476673131372,0.09875070146263476,1.3158476673131372,1.0,0.0,0.0,0.0,0.0,1.0,-1.0160855248641385,-1.5432409886312297,-1.5168209028481785,-2.2947038979897063,-1.4292227688529338,-1.8449115965455802
0,-0.5707631697324929,3.9165560573109026,3.249090977900315,3.9165560573109026,1.0,1.0,1.0,1.0,1.0,1.0,-0.7396751395260566,0.854130197885346,-0.24992802139482162,-1.2867450692342928,-0.37641213212732283,1.1691096840959185
1,1.649503206171584,0.16144262006249102,0.16144262006249102,0.12442380999887925,0.0,0.0,1.0,0.0,0.0,1.0,0.30960935195251027,-0.7199198958071064,0.48241815306894764,-0.5234849808319149,-0.19347613564019026,0.2355846261488999
0,2.551468364277417,4.555636618644879,3.01148585047172,4.555636618644879,0.0,1.0,1.0,1.0,0.0,0.0,0.4978190813058896,0.5648870876923682,0.058586700513090006,-0.3055248117548223,-0.010992102194503528,1.8637138756233038
0,5.390331238894236,5.744061899774508,4.168613066199038,5.744061899774508,1.0,0.0,0.0,1.0,0.0,1.0,1.5037786538927331,1.2921772984781303,-0.031085890305973418,1.4595670238834102,2.8603980632079264,2.088803776439737
1,1.141642141211447,2.077988776654188,2.077988776654188,1.387766450393474,0.0,0.0,1.0,0.0,1.0,1.0,0.6004456962509671,0.36769466722186206,1.3068670380339928,1.3161220660800526,1.1917354167614012,1.2708893596246456
1,4.051185052592656,3.2855215409001906,3.2855215409001906,6.301888697192155,1.0,1.0,1.0,1.0,1.0,1.0,1.0265745138091318,-0.62815043853505,-0.7032387599197379,0.4865233718047026,-1.123459916582803,0.31342106151828764
0,0.49797217924748816,-0.054471633645521766,-0.41815199574269657,-0.054471633645521766,0.0,0.0,1.0,1.0,1.0,1.0,-0.10380616418653694,-0.11190950705408054,1.4384245894451462,1.0890990807606986,-0.1854533109077816,0.9213427144575219
0,0.6324841537593195,-0.41797479418118755,-0.7830536768830115,-0.41797479418118755,0.0,0.0,0.0,0.0,1.0,0.0,0.470583774473242,-0.6419611956925311,1.4879905770451334,0.5950580685358962,0.14813994425737928,-0.9336763680438658
1,2.132732200384816,1.891275462979535,1.891275462979535,4.328625712828831,1.0,1.0,1.0,1.0,1.0,1.0,-0.7882046664595579,0.22007175054586806,0.25344422569819647,0.014097625416674711,-0.42909542402503215,0.3512132381307548
0,1.0137097101002055,4.055435995088661,1.7626660378816996,4.055435995088661,0.0,1.0,0.0,1.0,0.0,0.0,-0.1856692101583742,1.311239384683852,0.5075359784979848,1.1136453922228318,-0.5479553815559841,1.7003000437923488
1,4.875692710811617,1.8681242695018208,1.8681242695018208,4.63510818183116,0.0,1.0,1.0,1.0,0.0,0.0,2.2248957448258344,-1.97411981641413,0.9962098547584233,0.43038892932013556,-0.8393477787493937,-0.12562193608489167
1,-0.15039369479023013,-0.5965721383351532,-0.5965721383351532,0.2248498389702821,1.0,1.0,1.0,1.0,0.0,0.0,-1.7124858781872583,-0.21817376952389195,-0.11986887728572619,-1.774186828465487,0.28804840916336166,-1.0052425455664695
0,3.7337134084849666,5.013912169608562,2.9823460659056487,5.013912169608562,1.0,1.0,1.0,1.0,1.0,1.0,-0.5329785340818057,1.4226047528966774,-1.1471803939047098,-2.218676603344824,1.132508913710103,0.09688359567881001
1,6.883368885602162,4.3581431991252115,4.3581431991252115,7.7919350203871565,1.0,0.0,1.0,0.0,1.0,1.0,2.0674531046146885,0.7437898394655016,-0.040751946385420235,-0.1470905639952447,1.5005882434032387,-0.6595607800956871
1,2.3355790641033156,2.4326902340981373,2.4326902340981373,2.6720753919888893,1.0,1.0,1.0,1.0,0.0,1.0,-1.3819708794298908,0.7932488675776841,-0.6702610997758108,-0.24880786399920063,-0.3395579436528297,0.07984308808091645
1,6.474823758766208,2.67194785174219,2.67194785174219,6.167850451517999,1.0,1.0,1.0,0.0,1.0,1.0,1.3451019415555632,0.00243110891315218,-0.04627281874248179,0.5951461970713218,0.6951585867180843,0.6883739970520332
0,-0.8945937497987004,-1.2975422995752899,-1.0947971847377915,-1.2975422995752899,0.0,0.0,0.0,1.0,1.0,0.0,-0.780677839370529,-1.245833979506477,-0.48208950373804593,-1.0042140182577453,-0.9708619693503815,0.44222505072911045
0,1.9730141620141706,2.2727901971234044,1.8637558508922523,2.2727901971234044,0.0,1.0,1.0,1.0,1.0,1.0,0.06227836014917427,1.4011411274439438,0.9807162830575072,-0.6334582442669173,0.25062062803438834,1.0912294573390358
0,2.1862712556554404,2.293916903908438,2.01584468234567,2.293916903908438,0.0,0.0,1.0,1.0,1.0,0.0,0.5686704160837507,0.22285632968130747,0.21477543828236909,1.0976821794405611,1.1985083927363789,0.7513997754457508
1,0.6384214948411691,3.4457098188416446,3.4457098188416446,2.769386133732088,0.0,0.0,1.0,1.0,1.0,1.0,0.4233925256827229,0.3643085562461528,1.5625685779439018,-0.5238407915326345,-0.48613222071297724,0.3767551719889819
1,3.0798235243042638,0.7951430164375999,0.7951430164375999,0.8823678857480328,0.0,0.0,0.0,0.0,0.0,0.0,1.0789108433465893,-0.2135366249295808,-0.5402914015209352,-0.09892087062436998,0.33097780243660285,0.7629050357328406
0,2.5815094552510107,2.33984600005865,1.6582838244576747,2.33984600005865,1.0,0.0,0.0,0.0,0.0,1.0,-0.41061883187327897,1.1666593764334898,-0.8505517723519087,-1.1373065683688846,1.073573215680724,-0.5768048512622047
0,2.067824415324854,5.527602986687988,4.148229897040421,5.527602986687988,1.0,1.0,1.0,1.0,0.0,0.0,0.2660179820226328,0.7397178884956269,0.8209596045188088,-0.32346075915834877,0.8887059861783074,0.5598876750700499
0,1.3873855239207828,1.3079006192031764,-0.7371971033566584,1.3079006192031764,0.0,1.0,0.0,1.0,1.0,0.0,0.7838349869183018,-0.2769074282552383,1.1680914303100653,0.25124791953645825,-0.3126040476528441,1.4959570970482805
1,8.487436257615986,7.4555060339197174,7.4555060339197174,10.293692104028988,1.0,1.0,1.0,1.0,1.0,1.0,1.3773875016750101,2.6130695776750454,0.9127641242858222,0.9320053875673942,2.08782575776933,1.7518885613721922
1,5.1500521583989185,0.9350841933499533,0.9350841933499533,0.812556597170369,1.0,0.0,0.0,0.0,0.0,0.0,0.38261162742551147,0.12069189713660677,0.2925561331130681,0.5959852580622674,-0.45235030432922313,-0.2651801754608821
1,8.806941516303022,4.866906162902985,4.866906162902985,11.4387192376594,1.0,0.0,0.0,1.0,1.0,1.0,1.390124492635458,2.826534024994168,-0.03879677643766677,2.2275088499551225,0.45403126651797177,1.5478363906953567
0,-0.25441052080572835,1.0408409313980238,-2.177953909084069,1.0408409313980238,0.0,1.0,0.0,1.0,1.0,1.0,-0.533861508190372,-1.3447710292037809,0.791491566868166,0.19947671870242234,-0.8976786530917806,-1.735479989153042
1,1.0541928177792834,0.5675483130000748,0.5675483130000748,1.9850496647931835,1.0,1.0,0.0,1.0,1.0,0.0,-0.6399513346033998,-0.2869138783909154,0.29486376266785974,-0.6295886517305168,1.2519270108258622,-1.134345853054822
1,1.3213902750881992,1.8317619717650542,1.8317619717650542,3.486351767227614,1.0,0.0,1.0,1.0,1.0,1.0,-0.35186814502150054,-0.12538845841471452,-0.2921113717440491,-0.7206062693332375,-1.2135988123308477,-0.7414798442413155
1,4.573795291243059,2.8453031336879064,2.8453031336879064,3.290054538905966,0.0,1.0,0.0,0.0,0.0,0.0,2.045355726489799,0.07305626768541418,0.9290255140934451,-0.5025656036160191,-0.40266040463643527,-0.7746730562600687
1,0.6607744596833849,0.2072312856730539,0.2072312856730539,0.20040621003073655,0.0,1.0,0.0,1.0,0.0,0.0,-0.412585676177297,-0.350401952206811,0.14305175727488395,-0.4866030247816482,-0.25599811311102977,0.28395240346697115
0,4.402364744967328,4.647244153260379,3.7355606558005077,4.647244153260379,0.0,0.0,1.0,1.0,0.0,1.0,1.3477674117327234,1.0043070066454218,-0.9801981110704032,0.6950816002828826,0.9668632526482213,-0.44397550688730014
1,4.057480956987613,3.1022203587183634,3.1022203587183634,4.45082688170355,0.0,1.0,1.0,1.0,1.0,1.0,1.8553089501086557,0.03609487241511378,0.8972767045347125,-1.374921206381112,-0.8119333871847811,-1.5908038348371334
0,-1.4046818023126935,-0.07516922437855177,-0.15890196343239393,-0.07516922437855177,0.0,1.0,0.0,0.0,0.0,0.0,-1.346578274999577,-0.7243774164063804,-2.1210929248840023,-1.6395593432081594,0.1921993672788962,-1.2244753815475915
0,2.9068530444609637,3.689684868783224,0.39244067360450385,3.689684868783224,1.0,1.0,0.0,0.0,1.0,1.0,0.7077307003164053,0.3266494808555543,2.7735024871371783,-0.02494419470648912,0.6218253437163632,0.2327641366682267
0,1.2061123717255013,1.3592662729206757,0.508211460150779,1.3592662729206757,0.0,1.0,1.0,1.0,0.0,1.0,-0.9406455049583192,0.7907614603291336,-0.08049311339599602,-0.18585507673723034,-1.5348875785239025,0.03291540444524718
1,3.821456893765095,3.5690377760805054,3.5690377760805054,3.782443782874228,1.0,0.0,0.0,1.0,1.0,0.0,0.7270243950510182,0.770347289215034,0.473770042266453,1.6785188507520037,-0.3003155629011086,-0.7568893203111711
1,0.2737845878545596,1.3613798757555653,1.3613798757555653,1.585354183353815,0.0,0.0,0.0,0.0,0.0,0.0,-0.08838112377627191,0.6526337129762445,-0.13684387987558475,-0.5692380646393248,-0.006646271324096037,0.031750055222468904
0,6.071036783071346,4.95591492475145,6.3134740151609785,4.95591492475145,0.0,1.0,1.0,0.0,1.0,0.0,2.1639462860091814,1.5707396720530276,1.1408880532776249,0.580394033196063,-0.5845781793057608,1.402756387102398
1,3.0546012230503594,1.0864310824719694,1.0864310824719694,1.3699409498682962,1.0,0.0,0.0,0.0,1.0,0.0,-0.638231453394549,-0.28237727042134836,0.4965262604353932,-0.13370667033491812,0.45988123120129343,1.801047403673036
1,2.459836942683499,1.54529609929589,1.54529609929589,2.9205617416088376,1.0,0.0,0.0,0.0,0.0,0.0,-0.3999641018326614,0.9168187726005995,-0.43332685558387096,0.2849631825074162,-0.03342782852381917,-0.4820571273923951
1,6.938171040387516,3.1776159272338815,3.1776159272338815,5.466821059220853,1.0,1.0,1.0,1.0,0.0,1.0,0.9023756117753421,0.0060417943985300315,0.4104730655327526,0.9774887448889398,-0.49209219110532,0.6975514016192803
1,2.2219696489635794,1.0283423304705184,1.0283423304705184,2.6581463310637767,1.0,1.0,0.0,1.0,0.0,0.0,-0.5666773527560269,-0.613225990136741,0.6200511799181105,1.6359000049627528,0.30890175813488757,0.03811931873266733
1,2.7178440820595307,1.7181934956730984,1.7181934956730984,3.131964210011673,0.0,0.0,0.0,0.0,0.0,1.0,0.8399958113325563,0.9697697440691542,1.68353433259949,2.2831218969900675,1.3297168930571552,1.17351903290785
1,1.9429728990012034,0.5957463214540105,0.5957463214540105,2.2409607276522263,0.0,0.0,1.0,1.0,1.0,0.0,0.5975460569185567,-2.0082279176371447,-0.42116602505109446,0.33983337655130413,-0.40113116936671145,-0.343855163218491
0,2.628559717927432,2.9214154109094785,2.7342502778588544,2.9214154109094785,0.0,0.0,1.0,0.0,1.0,0.0,0.9231084363357174,0.014017564376586689,-1.5473513383559405,-0.020980713611709667,0.1355757906865156,-0.5842570215229189
0,0.2507951898401102,0.7671804972219811,2.203635149294169,0.7671804972219811,0.0,1.0,0.0,1.0,0.0,0.0,0.7899284792889776,0.23684080422702758,1.765645391780992,0.553876138842107,1.4875679215940287,2.7329736835388534
1,1.987751518828023,2.175529415305281,2.175529415305281,1.3822747651467138,1.0,0.0,1.0,0.0,1.0,0.0,-0.31349611803650795,-0.8762149804117202,0.38847150355092785,-1.278048661212164,0.7483789010828217,-1.1823668988885174
0,0.9854167333242425,3.2096641757840176,-0.8172188792395472,3.2096641757840176,1.0,0.0,1.0,1.0,0.0,1.0,-0.7545573970649571,0.5035718993812106,-0.862324044694412,-1.7255269902634098,0.03194591592575102,-1.167514692556388
1,4.757281785905094,3.7818010766070866,3.7818010766070866,1.7076025658719591,1.0,1.0,1.0,0.0,1.0,0.0,-0.03265949885515626,0.31741955183323917,-0.9698574785359585,-0.5090719590000214,0.991206700182919,-0.8239613808309272
1,3.6517652461013803,4.557491044046215,4.557491044046215,5.69401693300584,0.0,1.0,1.0,1.0,0.0,0.0,1.2792132799659313,1.5111221015991243,2.3788892428042727,1.1180616187349053,1.1505290095622207,1.2863931938226676
0,-0.7571397131520435,1.3335894775629973,2.0427983729238886,1.3335894775629973,0.0,0.0,0.0,0.0,1.0,1.0,-0.5592608246065939,-0.3165613480837097,-0.9131271162275618,0.4858899824471352,-1.1129299484060322,-0.9459884976024099
1,2.644876387997032,1.9018855844357851,1.9018855844357851,2.28904733214765,0.0,0.0,0.0,0.0,1.0,1.0,0.06646583288255833,1.526088035403027,0.8146606287845382,-0.507933505441027,0.28709962249401805,0.8225559904642799
1,-1.4013519821334994,-4.3424298307167115,-4.3424298307167115,-2.0396118833415025,0.0,0.0,0.0,0.0,1.0,0.0,-2.1622378957220936,-1.9659251926136778,-1.763972339161822,-0.8012125431158315,-1.3578779568823145,-1.1056485293218956
1,2.0065845283449653,2.97509226539792,2.97509226539792,5.5682509532268565,0.0,1.0,0.0,1.0,0.0,1.0,1.1581841432679103,0.8892327088218366,1.4690302405963287,0.8442136919107639,0.7827546026458392,0.8610666863758388
