1,4.11837367727273,2.4114340055481023,2.4114340055481023,2.78082479734536,1.0,1.0,0.0,1.0,0.0,0.0,-1.0016178884898943,0.33474799006074873,-1.8741957534668199,-1.3813591519924704,-0.2646753934103696,-0.974222403462971
0,2.9375432925883285,5.037195193811057,4.122986203977686,5.037195193811057,1.0,0.0,0.0,1.0,0.0,0.0,1.283832022743106,1.8647436166408895,-0.8261295017871353,0.09395042508862783,-0.8374867567550295,-0.10550910036767536
1,4.408303619248183,2.7152859947662384,2.7152859947662384,4.910026557152045,1.0,0.0,1.0,0.0,1.0,1.0,0.510975518601149,0.21872493769247858,0.8835450893655977,1.30991895108042,0.5700903139976751,-0.5366559739292374
1,3.7991713228759783,1.768813982898161,1.768813982898161,4.0616650758009545,0.0,1.0,1.0,0.0,0.0,0.0,0.5561263758280555,-0.07461865820768598,0.6732249976138895,1.0967038432888203,-0.537776747967766,1.1293989492733782
0,3.866598571199423,4.679048335850025,0.4760796563037226,4.679048335850025,1.0,1.0,0.0,1.0,0.0,0.0,0.005072034632173257,-0.15241684588818585,-0.6223891226566188,0.6378088451132713,-1.3039189767949488,-0.26871754290619165
1,0.7936354009588138,-0.7234752572204879,-0.7234752572204879,-0.68100996880416,0.0,0.0,1.0,0.0,1.0,1.0,-0.6964010857593464,-0.6640026881864082,-0.0010813903893693438,0.28821292169884094,0.8431956794684538,-0.5617556871085585
0,-0.4331316888486587,1.1850295401904964,-0.44512930846262855,1.1850295401904964,0.0,1.0,0.0,0.0,1.0,1.0,-1.7075564681724325,-0.6368780042203055,-1.7123245680644543,-1.0733952766889272,-1.55120564033373,-1.4094022253500378
0,3.0216527217800406,3.566442819974522,2.8631818344267037,3.566442819974522,1.0,1.0,0.0,0.0,0.0,0.0,-0.9318427213123993,1.3505629885636545,-0.6876069640103825,0.6080505125649498,-0.05694377244714649,0.4031675798075496
0,1.2908781914833511,2.775232818429216,-0.26056068446177694,2.775232818429216,1.0,0.0,1.0,1.0,0.0,1.0,-0.9296338646581347,-0.6261148612484051,-0.166050234714429,1.156454808635243,0.2036430220458009,0.26938404762698126
0,3.0630340248588266,6.427606183931572,5.750191181112133,6.427606183931572,1.0,0.0,0.0,0.0,0.0,0.0,0.9096759987014811,1.3706170464884608,0.4296734891779912,0.13335028495052642,0.12953835924349205,0.7306701268571458
1,1.087630708851675,0.5327826343571986,0.5327826343571986,0.78570855620505,1.0,1.0,1.0,0.0,1.0,1.0,-1.2243164435861753,-1.5896214628075287,-0.35274507726604337,-0.9035837952617848,-1.1823120480908076,-0.5469739353576322
1,4.492742284290335,4.054965534869562,4.054965534869562,7.924214566207853,1.0,1.0,1.0,0.0,1.0,1.0,0.9684632646130223,0.855936946566936,0.8037705070431069,0.9463975474867585,1.5951260597871015,1.5015082524622847
0,-4.287845055191881,0.21326924022763072,-3.1335331797200126,0.21326924022763072,0.0,0.0,0.0,0.0,0.0,1.0,-0.5445491203935136,-1.1514060461278677,0.6092345763084562,-0.6400717115281013,-0.01987666944575195,-0.08262740430234372
1,6.285930093346513,2.0009568835936404,2.0009568835936404,4.436902092947058,1.0,1.0,1.0,0.0,1.0,1.0,0.5780280265123504,0.1151150172576203,-0.7146934197015368,0.2664313111362182,-1.1322116718713477,-0.22688936193945267
1,0.90104983507679,-1.3331338569650293,-1.3331338569650293,1.8692836626562477,0.0,0.0,1.0,1.0,1.0,1.0,-0.09249880573890674,-0.05607788951425352,2.126667428968604,0.42678309470862785,-0.5496303637543867,-0.6292397965740864
0,-1.3698182824356802,-0.339957315412975,-1.9077169310004696,-0.339957315412975,1.0,0.0,1.0,0.0,1.0,0.0,-2.6293132642908628,-1.0112555021812084,-1.1756601188910174,0.7474316757449098,-1.7401061459070568,-3.767098381404905
0,-0.39691101895367625,2.6782928887142163,1.3005341380360367,2.6782928887142163,0.0,1.0,0.0,1.0,0.0,0.0,1.4379042780491254,-2.2298593416338064,0.030371987703126546,-0.9622918350302261,0.7032762935319711,-1.3467088599007777
0,2.6426766313727117,3.602008425461906,2.6270460799273874,3.602008425461906,0.0,0.0,0.0,1.0,0.0,0.0,0.2656192805750347,1.1115578366171688,-0.09035060874965195,2.1595688920277687,1.7766189416975826,2.18150249257664
0,4.299790236715312,7.917398907119846,6.2947877209069585,7.917398907119846,1.0,1.0,1.0,1.0,1.0,1.0,1.7948510377105407,-1.0212838784455498,-1.4766037931501457,1.7517094994537195,-0.46895397532265204,0.7957656323217623
1,2.4228245670384476,0.9028834023716052,0.9028834023716052,2.5537915973971064,1.0,1.0,1.0,1.0,0.0,0.0,-0.4049613086585578,-0.968727642937395,-0.7103713649804592,-1.2029497485517437,-0.025405544919291145,-0.3308381569629911
0,-2.257623953688223,0.5468238664255252,-2.633463759034865,0.5468238664255252,0.0,0.0,1.0,0.0,0.0,1.0,-1.5839591568918474,-0.5647741600621127,0.8740012857406038,0.14141056247722827,0.16335314517250132,-2.0086322942966444
1,4.115662227879605,2.552025402818328,2.552025402818328,4.485980203779366,0.0,1.0,0.0,1.0,0.0,1.0,1.7648260776634743,-0.13920767274930168,0.849353987777737,1.618080249011934,0.8439864984103707,2.6618899620191456
0,-0.12187276069327568,1.2686600979457903,0.3696822060567846,1.2686600979457903,1.0,1.0,1.0,0.0,1.0,1.0,-1.1323262557869533,-1.7563536496978458,-2.177937585315461,-0.9312822683538837,-1.4679703085276121,-0.35545081455544336
0,0.7691470420615243,3.12800125348877,4.538428926206449,3.12800125348877,0.0,1.0,0.0,0.0,1.0,1.0,0.6481592079118992,-0.30005541967067256,-1.7706882291100932,0.034421932577569314,-1.0598246398149602,0.504441318494297
1,2.4169603791989127,0.5355560540556015,0.5355560540556015,1.9534734274455214,0.0,1.0,1.0,0.0,0.0,1.0,0.06496529488156556,-2.3886954945226817,-1.3785413987042205,-0.0694709313227155,0.2541349371421828,-1.1106973534957354
1,3.3301857051976063,-0.12721175807093313,-0.12721175807093313,2.121224245972821,1.0,1.0,0.0,0.0,1.0,0.0,0.5675034663704329,-1.9643687520617696,2.2255758863459625,0.023486551009321288,1.0811840582720782,0.07364049854613902
1,3.03926335559431,3.075469951162062,3.075469951162062,2.6035923860566323,1.0,0.0,0.0,0.0,1.0,0.0,1.0263364536050157,-0.6297458468239607,-0.4407259900101886,1.4518532081952449,0.31249208402621637,-1.097767858011923
1,4.025477299132033,4.1088197133988125,4.1088197133988125,4.311595079176891,1.0,0.0,0.0,1.0,1.0,1.0,0.5351158844050268,0.8498535497189692,-0.4926011071585669,0.21452165703881604,1.0232018572163901,0.2669830861983569
1,-1.2041712404733402,-1.4542877968092365,-1.4542877968092365,-0.8523545419670142,0.0,0.0,0.0,0.0,1.0,1.0,-2.0477771344493423,-0.8626565213267279,-1.8070714533029146,0.8694057181577565,-0.9775165084857561,-1.116838191771269
0,0.2798633643457757,1.0696773776973965,-0.3860131763088373,1.0696773776973965,1.0,1.0,0.0,0.0,0.0,1.0,-0.31126527664639725,-2.0705256231730167,-1.0591378843424044,-1.0655007334570743,-0.9807442306284785,-0.52350228778855
1,4.264299801457001,2.4086919133068343,2.4086919133068343,5.12229195124009,1.0,1.0,0.0,1.0,1.0,1.0,0.08113233062572138,-0.025106613212557027,0.8791617427869973,1.7282665099399943,0.3349417022709814,0.6506118703046481
1,-2.1615710432852677,-2.7162743301265495,-2.7162743301265495,-2.5091842011396883,0.0,0.0,0.0,1.0,1.0,0.0,-1.9077623496270988,-1.4646495919624085,-0.7576453369633762,-0.6930692571325848,-0.6033636599213184,-0.8220868841769149
1,-0.12272911979350587,-1.2767562849637064,-1.2767562849637064,2.225613360392011,1.0,0.0,1.0,0.0,1.0,1.0,-1.179145770523042,-2.0724293813457124,-1.4352253969262834,-1.747257221483892,-1.3347051852547822,-0.2842336944039001
0,3.903417086005408,3.7609647253358665,2.1161343931167393,3.7609647253358665,0.0,0.0,1.0,0.0,0.0,0.0,0.9889671243240683,2.080992168215487,0.4117769286016759,-0.059101132765896125,-0.17089171375630463,1.955160598713184
1,2.5596004172953446,-2.0390297576829366,-2.0390297576829366,1.8073512191766137,1.0,0.0,0.0,1.0,0.0,0.0,-0.4082740717141275,-0.09366571182788463,0.2207767673771854,0.9367743355886611,0.07527581743514167,0.3441857975838464
0,2.250030147014922,4.416516019111263,3.792319206146303,4.416516019111263,0.0,1.0,1.0,1.0,0.0,1.0,1.1000361745875993,1.5274638375158283,0.5211695072553005,0.020473478857558347,1.0017664384243372,1.2200191528877664
1,3.91990644248199,3.0447258972640854,3.0447258972640854,4.200341306144194,1.0,1.0,0.0,0.0,0.0,1.0,-0.2450701430708609,0.32601569656681295,-0.6604969875021047,1.3227589956976662,2.0616995258978097,0.6441604329346192
0,0.6009479634961661,3.142079522653748,4.333524644177915,3.142079522653748,1.0,1.0,1.0,0.0,1.0,1.0,1.4846248643573543,-1.9070390776201727,-0.06733412031202854,-1.129915217145028,-0.6907358676715161,0.5707735179763399
1,1.8789689871660304,1.7360577883529174,1.7360577883529174,2.485214621793909,0.0,1.0,0.0,0.0,1.0,0.0,-0.15368925152208565,0.14572099170311176,-1.0468758975292698,0.36958927910290706,0.2239588220806732,-1.0585347294165333
0,-1.357985520781692,1.8005268531623662,-0.3947399402354319,1.8005268531623662,1.0,0.0,0.0,1.0,1.0,0.0,-1.1274774764814808,1.0252969832018848,-1.1007652250740894,-1.6884372368002194,-1.0112240469217986,0.6872668992217128
0,1.5709228790580476,3.458442343614331,0.8938925826629741,3.458442343614331,1.0,0.0,1.0,0.0,0.0,1.0,-0.15654436935894872,1.2863689192349503,0.5678223269183549,-1.7790442362621943,0.16420805780445985,-0.11276812949867826
1,6.320517561528564,3.7885513701970215,3.7885513701970215,6.796078514280431,1.0,1.0,1.0,1.0,1.0,0.0,0.7102727843407292,-0.36961715017902924,-0.5129284414553977,-1.2350346303410569,0.27379896333151543,2.6291705659390745
0,1.7567915911828387,3.950772855666454,3.232168806253571,3.950772855666454,1.0,0.0,1.0,0.0,1.0,1.0,-0.5289185424042951,1.286508233417253,0.21359696170746195,0.8847426776280676,0.3750859904252287,0.3433645768931731
1,-0.4828192811687777,1.0680045983013173,1.0680045983013173,2.8057858814766066,1.0,0.0,0.0,1.0,1.0,0.0,-0.5827526880527765,-0.8360356696479238,-1.252300425471725,-0.22098439287234434,-0.03776496032418464,-0.7184790727604625
0,-1.1854753711322485,0.4812146358345786,-0.5995982323271071,0.4812146358345786,0.0,0.0,0.0,1.0,0.0,0.0,-0.332424164117766,-1.2003105462359078,-0.3217054193566162,-0.8537009886978942,0.3881961114564211,-2.1039073102545847
1,0.5727840109431345,0.1442346994521627,0.1442346994521627,0.4863978654300194,0.0,1.0,0.0,1.0,1.0,1.0,-0.33972103309678775,-1.1337541291660385,-0.9708628887834285,0.8792450751443508,-0.9142885585002322,-0.7881298810821527
0,4.785352492034208,7.541538509278303,4.174103299600215,7.541538509278303,1.0,0.0,1.0,0.0,1.0,0.0,1.343823364870881,1.6254643512119145,0.6826139757521412,0.37488413948458676,0.6490116877472483,0.6948371802336536
1,2.5638870567006626,-1.2041679190534829,-1.2041679190534829,-0.14054819421789932,0.0,0.0,0.0,1.0,0.0,0.0,0.1972608276632211,-1.9585648668045461,-0.728482155706033,-0.6264671014139135,-1.2348828417743005,0.040883940857916024
0,2.664014677133589,6.144138888791378,2.401981521882951,6.144138888791378,1.0,0.0,1.0,1.0,1.0,1.0,1.3805482823062916,0.5726552343030191,0.2698079597645735,-1.4600087729756417,0.3822440402501083,-0.631675581910888
0,0.14877793216797974,3.0656877549767403,0.35621764121916666,3.0656877549767403,1.0,1.0,1.0,1.0,0.0,0.0,-0.3060906072304452,-1.171663623777779,0.6662298318167293,-1.123494600232024,0.8313633967059137,-0.8066960505809275
1,-0.16604350847348148,-1.6622458920655063,-1.6622458920655063,-2.3320033128061737,0.0,1.0,1.0,1.0,0.0,0.0,-1.170210612293938,-1.2076440311686243,1.6560858203810513,-1.6476151864201332,0.1369327717688465,-1.498747598337795
1,6.224030117652298,2.810258687726539,2.810258687726539,5.847481713989208,1.0,1.0,1.0,0.0,0.0,0.0,0.6110469030929679,1.650380223072575,0.2813025478819539,0.469235276851163,-0.1366074057638134,-0.9976053473029077
1,2.5832729858588013,1.5037053733775896,1.5037053733775896,2.05630795973802,1.0,1.0,0.0,1.0,1.0,1.0,-0.31651124760044197,0.047853770398898654,0.28663735118107925,0.5429091004570356,0.7838509204375048,-0.4342857206564906
1,3.982755278440157,0.9620737259669445,0.9620737259669445,5.0444360855317365,0.0,1.0,0.0,1.0,1.0,0.0,0.7898530652238487,-0.04555853557400358,-0.1284270869503516,1.9846982453471884,1.5779826166031132,0.5527326141586036
0,1.9234729195589284,3.492534939744038,1.7608439384397228,3.492534939744038,0.0,0.0,0.0,1.0,1.0,0.0,0.059435185215355714,0.942554069023823,0.6929009013686176,2.012280409178226,-0.5027216596628269,0.19899717911493847
1,3.5286538006985975,2.5789219375570314,2.5789219375570314,4.774652388621514,1.0,0.0,1.0,0.0,0.0,0.0,0.9540368129411675,0.28978837937023383,-0.7755888324910508,0.2958411256018398,0.029959289708722928,0.34548913680693494
1,4.27564077242295,2.773580129431086,2.773580129431086,3.251268984133275,1.0,1.0,0.0,1.0,0.0,0.0,0.8971264907807667,-0.4687188998222306,0.8218835511490514,0.4136656474845421,0.5555204776275313,0.4242474067879913
1,1.6193431406267451,-1.1491997242919405,-1.1491997242919405,1.0445262315350574,0.0,1.0,1.0,1.0,1.0,1.0,-0.718207973763431,-1.2921906794378226,0.24971914287505104,0.809581217912984,1.2836909627721653,-2.3056651632612084
1,1.4208680246159573,-0.6744890722131326,-0.6744890722131326,2.403505232443539,1.0,0.0,1.0,0.0,1.0,1.0,-0.46007431824327427,-1.8196555556676572,0.013922466773365068,-2.050887911665007,0.5731000643727426,-0.6180121337469502
0,2.15141087415282,2.658977856193921,4.783150950282514,2.658977856193921,1.0,1.0,1.0,1.0,1.0,1.0,0.1707153687697827,0.8890199354787334,0.9431129735467971,0.6337434678478594,-0.6338930543451606,-0.6938256876659896
1,2.227449931418861,0.40532921092040564,0.40532921092040564,3.5383669878645065,0.0,1.0,0.0,0.0,0.0,1.0,0.7439441436155051,-0.8526547057655759,-0.17858403294046243,1.9695386572879001,-0.5183738698305236,-0.5458085269853591
1,0.6545739449608322,-1.1374123739957496,-1.1374123739957496,1.576872668858314,1.0,0.0,1.0,0.0,0.0,1.0,-2.0399942319408635,-1.126786368034438,-1.2950315166986757,-0.9454585049644221,-2.6975242379496276,-0.738529961928395
0,-1.2713571827432633,1.7417554422672383,0.7205583452553251,1.7417554422672383,0.0,1.0,1.0,1.0,0.0,1.0,-1.1590267488644934,-0.12364883502739493,-0.20226103498314008,0.0419283440505301,-0.7428055561368702,1.0287826649817358
0,0.7850929630291094,2.7060711295825377,0.839827730479707,2.7060711295825377,1.0,1.0,1.0,1.0,0.0,1.0,-0.9104857630286933,0.07375554558752466,0.08030855682260217,-0.012449940118356002,-0.4009916963214887,0.485931248095988
1,4.410528824440817,4.150019830594526,4.150019830594526,3.946240263185323,1.0,0.0,1.0,1.0,1.0,0.0,0.1335525469116621,0.17655215068041158,-0.9836853648549182,0.3961720534044191,0.08474256580558165,-0.23368571222709206
1,3.035175269777372,0.8299160378550672,0.8299160378550672,4.359054316118361,1.0,0.0,0.0,0.0,0.0,1.0,-0.197637894367051,1.463081551427253,1.2753637163809302,0.7213316203939888,0.0325053609363829,-0.45067761767486847
1,2.571455667334803,1.9233594497583615,1.9233594497583615,4.028846010564857,0.0,1.0,1.0,0.0,0.0,1.0,0.039520694147046974,-1.1865417392400972,-1.1741004390267047,0.0709003823119028,-0.5536840460643033,-0.1995038021778216
0,-0.699014157910327,0.7122508878760196,-0.7009431581097652,0.7122508878760196,0.0,0.0,0.0,1.0,0.0,0.0,-0.2882865002489562,0.2899428585811087,-0.58633543234274,-1.3785528164499752,0.057013087602949986,-1.6798986145609045
1,4.649492667242363,1.9501989202459955,1.9501989202459955,6.688902608409634,0.0,1.0,0.0,1.0,1.0,0.0,0.8320521348968579,2.0039922142861704,1.0414203120867713,1.7558350784911971,0.6569126874233933,0.0632539823340702
1,5.9924532398066415,1.165575137205174,1.165575137205174,4.5853655963328155,0.0,1.0,1.0,1.0,0.0,1.0,-1.3752368568721258,2.2376471914436817,0.5670956476740828,1.0076990944582118,0.2544272030308624,1.3329574402576345
0,2.6944101821124176,4.64245534579492,2.220799029726912,4.64245534579492,1.0,1.0,1.0,1.0,1.0,1.0,0.737959157112271,0.3687095216239388,1.0931978465275987,0.16112213979003803,0.149935658929015,0.40091874892594737
1,1.503839973120813,-0.5335771901974226,-0.5335771901974226,2.5380176043917038,1.0,0.0,0.0,1.0,1.0,0.0,-0.10570668118052799,-1.8585499306472664,-0.8716029657913927,-0.13787341332910596,-1.2630064955396634,-1.164551262651133
0,1.1744362623716134,3.4389220649143115,2.371788837708531,3.4389220649143115,1.0,0.0,0.0,0.0,0.0,0.0,-0.23402985759866818,0.8588586382328806,-1.8633130324392617,-1.9449947037857869,-0.30873437782630436,-0.408461958207751
1,-0.19885374650055976,0.5959288231177267,0.5959288231177267,3.7064598694903887,0.0,1.0,1.0,0.0,0.0,1.0,-0.039683083163725694,0.5099459812766234,1.4437480986641305,0.0662652242277975,0.7337442284315661,0.17182780126270658
0,0.873484377289216,4.495517706317232,2.3266434983148727,4.495517706317232,1.0,1.0,1.0,1.0,1.0,1.0,-0.2946414617198158,0.13015730283070712,-0.2822216501858897,0.103879708767581,-0.915014452277796,0.2536111215164797
0,6.495846721876826,7.426985629374826,6.797813946387837,7.426985629374826,1.0,0.0,1.0,1.0,1.0,1.0,1.6346602065891398,1.873349920588423,0.7391682122621543,0.2660065116062942,2.2143392259895247,3.164961035751191
1,2.026099647837839,0.9940782193641059,0.9940782193641059,-0.6267192830274009,1.0,1.0,0.0,1.0,0.0,1.0,-0.9345363031335331,-0.6699273133125946,0.8874698787736367,-0.386841172277537,-1.7064080336901355,-0.27873836827836285
1,4.501797197836348,1.6380605377455768,1.6380605377455768,3.3483953881792994,1.0,1.0,1.0,1.0,0.0,0.0,1.0208438452148345,-1.3547975062951216,-0.08963707075355282,-0.22145041269211585,0.4147075328849327,1.69971812162853
0,4.638536083181611,3.2711608171834223,2.4779796441832733,3.2711608171834223,1.0,1.0,1.0,1.0,0.0,0.0,-0.0894846785763574,0.3714542286911239,-0.43352312401878335,0.8538287502294211,-0.23876633370532466,0.6468833720957243
0,-1.7696813442203312,0.9510902251735422,1.062339782178396,0.9510902251735422,0.0,0.0,1.0,0.0,1.0,0.0,-0.5132123818393335,-0.15944608142650485,0.4285107042894803,-0.5202214169694386,1.0808360149268939,0.8578589443664095
1,7.040529106703871,5.64852113948942,5.64852113948942,7.013558818771154,1.0,1.0,0.0,0.0,0.0,0.0,2.0054761598853266,-0.058560152760785106,-1.0196947517938928,-0.12182150157569852,1.6596344048478433,0.5381684395493453
0,1.842955039361096,4.910169074693833,1.677038081701501,4.910169074693833,1.0,0.0,1.0,0.0,1.0,1.0,-0.01372225829221417,0.9100346013035272,0.12856898006515807,-0.34545892875754725,0.26041001401610664,-0.5062109570585356
1,3.1016626857581873,1.3720533853577248,1.3720533853577248,2.762995613432941,1.0,0.0,1.0,0.0,0.0,1.0,-0.71045751907521,-1.1637110658022842,-1.1972003066026577,-0.9592284397779705,-0.600736551580817,-0.8707732119459695
0,3.3492653605481912,5.723072774575948,3.4455650288760533,5.723072774575948,0.0,1.0,1.0,0.0,0.0,1.0,0.4299879275389295,1.5478234054308437,0.4310088585042081,-0.3150764868227985,1.602372918253933,-0.391941542131534
0,-1.8932728288297045,1.1397953066092317,0.9013742479795218,1.1397953066092317,0.0,1.0,0.0,0.0,0.0,0.0,-0.41670941185810195,-0.04706201032178603,1.5493831174523747,-0.5170043335476666,0.10947117383398214,0.3669988638506384
1,3.8580216193968444,3.29956344659362,3.29956344659362,5.68566890985092,0.0,0.0,0.0,0.0,0.0,0.0,1.5571720840547902,2.0135641101051664,0.2701722459795121,1.8046861721639598,-0.4032371477944684,1.2867536293286737
0,-0.028523731532868024,-0.036947323355191686,-1.0315931249043564,-0.036947323355191686,0.0,0.0,0.0,1.0,1.0,1.0,0.09154619279354012,0.10171719256590317,-0.5518551973870611,-1.0829448258328302,-2.2845361810706994,-0.15111259081300188
1,3.698817095359775,1.1358634891330306,1.1358634891330306,3.220636995835453,0.0,1.0,0.0,0.0,1.0,1.0,-0.39971441881009445,-0.6506650744888635,-1.391603521449988,1.3150444650273825,-0.06637782310691381,-0.2565570632285739
1,-2.3202954023749487,-3.377005302621948,-3.377005302621948,-2.6926648791048553,0.0,0.0,0.0,1.0,1.0,0.0,-1.4532709688628256,-1.5356848736577953,-0.6356056944132434,-2.1294216048748296,-1.2450860454288604,-0.6941159704985757
1,0.44444411490889413,-0.2721746192511314,-0.2721746192511314,2.3283361987944358,0.0,0.0,0.0,1.0,1.0,0.0,0.14520897634503926,-0.14665980070250453,0.34115210346744246,-0.14991712502691026,-0.96375045001067,0.4966347492630364
1,2.1637265585478644,0.7651231248708148,0.7651231248708148,1.7307565430602843,1.0,0.0,0.0,0.0,1.0,0.0,0.0519299207910462,-1.4974852101480591,0.03202006118822809,0.9323052322675927,-0.3036188617774961,-1.185166536014718
1,1.6759274435440639,1.252798950554646,1.252798950554646,2.309831652430441,1.0,0.0,0.0,0.0,1.0,0.0,-0.7443636375425565,0.69026015623635,0.5664942947267619,0.6601886366912285,-0.24699765028850673,1.26348017281247
1,2.7736285627758432,-0.047219062146656166,-0.047219062146656166,2.5261315770882264,1.0,1.0,1.0,1.0,1.0,1.0,-1.2936537868248532,0.6042496905394676,0.5309894252262367,0.864760274728235,-0.1809808533845177,-0.659980662439206
0,1.2223964840134256,2.483159178763426,-0.9083055675541821,2.483159178763426,0.0,0.0,0.0,0.0,0.0,0.0,-0.1673811415800196,1.0611516758789978,-0.036324454765782666,-0.8995661467652547,0.5006618599630925,-0.5615126574429188
1,4.501770871505308,0.8173846404832463,0.8173846404832463,1.9374674594522387,1.0,0.0,0.0,1.0,0.0,1.0,-0.3380729085804253,0.5788968561527188,0.763160664902923,-1.7925661004528977,0.3244799449651858,0.6338782845225319
1,1.1074134872747206,-0.644998776048799,-0.644998776048799,-0.5749706620836036,0.0,1.0,0.0,0.0,0.0,1.0,-0.7117788133155483,-0.9389241737643464,0.08370763642752777,0.17983530215215368,0.4147941292208801,0.0061150573560711866
1,7.4009399527991935,3.3571305486669716,3.3571305486669716,6.599741076953045,1.0,0.0,0.0,1.0,1.0,1.0,1.4945347565780382,1.0500710031564828,-1.32140863752284,-0.49706201953963614,-0.23388249114343868,1.1784490622581716
0,2.435661736805124,6.192355944588262,2.914574157076951,6.192355944588262,0.0,1.0,0.0,0.0,1.0,0.0,1.7570240234826948,0.570052690511601,-0.1609284615098331,1.3485587487123212,1.045828697060226,1.5873685102099047
0,0.08422416680761047,-1.237954348032875,-2.0196295639969506,-1.237954348032875,1.0,0.0,1.0,1.0,0.0,0.0,-2.13474774957221,-0.468604020240846,-0.35598287378964555,-0.4017577220339517,-1.8252773164278902,0.35559078630588614
0,0.3346502472531543,1.7972638095792695,1.3357816771736004,1.7972638095792695,0.0,1.0,0.0,0.0,1.0,1.0,0.6206866966055142,-0.6832129245043383,1.651703803640367,-0.2460985444669806,0.8833819561345386,-0.8226576998559365
1,5.695638769392513,1.2271776282642335,1.2271776282642335,3.6033078768187563,1.0,0.0,1.0,1.0,0.0,1.0,0.6035618004164988,-1.3973566207884969,-0.9176317254864707,0.30129104772077736,0.1465251424907883,0.07287777743276402
0,-0.15897893836410976,0.8102172391213182,-0.45353148826615236,0.8102172391213182,0.0,0.0,0.0,1.0,0.0,1.0,-0.15433902469172578,1.366022568024028,1.6909324410760984,-0.32102274689649624,-1.7479379893278153,-1.1609188996795745
1,0.58299591066417,-0.05909454330506389,-0.05909454330506389,0.9379529830410984,0.0,1.0,1.0,1.0,0.0,1.0,-0.18051876165378358,-0.687541732022605,1.121136855231624,-1.0933743642297404,0.9257468482331213,-0.8960450351709793
1,-3.0114049442382536,-2.40641032365399,-2.40641032365399,-3.176801910341224,1.0,1.0,0.0,0.0,1.0,1.0,-2.8905081921220304,-0.2888152939048615,-0.12585800585153417,-0.1794897399344896,-1.2759904755810108,-0.2454780784871887
1,5.691450549074048,4.469059230166399,4.469059230166399,5.0803288993598406,1.0,0.0,1.0,1.0,0.0,0.0,1.069664914642364,0.25984692432380474,-0.35673891000809643,0.14335736305548838,-2.1481941955684647,-1.7288887009953489
0,1.8968415314210658,3.5531694052326706,0.47609940349377444,3.5531694052326706,1.0,1.0,1.0,1.0,1.0,0.0,-0.6818150515276135,1.2181413766181632,2.331989878853629,0.8204703149538973,2.308716102450033,-0.4793255209723519
1,4.86513974578608,3.2208463878851274,3.2208463878851274,5.475966308193172,1.0,1.0,1.0,1.0,0.0,1.0,0.9213917682917417,1.584850727787098,0.939921464171514,-1.8149758071603248,0.43427883575366,-0.5286892551022047
1,-0.23450206681805597,-2.8541174319205247,-2.8541174319205247,-1.0839580644536142,0.0,1.0,0.0,1.0,1.0,0.0,-2.1487194952022857,-0.04852061913661582,0.5187228254300154,-0.7545611582016537,-0.869597816422299,-0.9881172079412566
1,5.02161293332549,2.706751485662534,2.706751485662534,5.236549853592425,1.0,0.0,1.0,1.0,1.0,0.0,0.6049662902103404,0.698494918490587,1.044258656562597,0.43529786471385723,0.6851378853071625,1.951383519205954
1,0.878763001433088,1.0897662997830153,1.0897662997830153,0.7607664955605242,1.0,0.0,0.0,1.0,0.0,0.0,-0.6649665663016189,-1.487581724875966,-0.8424804056882522,-0.45719564724691547,1.0097296398576048,-0.012059276310696754
1,6.2982505349389895,3.5998840679303044,3.5998840679303044,6.026076190518481,1.0,0.0,0.0,0.0,0.0,0.0,1.2771180701629241,1.0367838494222605,-0.2727866487442868,0.5723020086830086,1.4516379771867525,0.9794131786514978
1,2.129975743578893,0.09971738980813094,0.09971738980813094,0.5290102008238944,0.0,0.0,0.0,0.0,1.0,0.0,0.6901514096410661,-2.2421707301061726,-1.1923142479545366,-0.5960233401206582,1.3899475154466399,-0.5508490157187556
1,2.911874301746148,1.328581585194407,1.328581585194407,1.6739378908753513,1.0,0.0,0.0,0.0,1.0,0.0,0.7491118599810773,0.10383285050076196,1.7593641078717672,0.0710928228050823,1.8733049606267036,-0.48523991890909923
1,1.003618234093608,-1.0549849665885824,-1.0549849665885824,-1.2045128973902655,0.0,0.0,0.0,0.0,0.0,0.0,-0.3023914473913556,-0.3498358122083849,0.3232709041430875,-0.16369065155678134,-0.8754969894438145,0.503122879175457
1,3.464362297610423,3.150369151799687,3.150369151799687,2.8427609318042384,1.0,1.0,0.0,1.0,0.0,1.0,0.16706483548262321,0.21250800208714116,-0.25534404108350484,0.8566803247117663,-1.6120236736382374,-2.1495928330336826
0,2.422652533980305,5.261520472100429,3.370535345025537,5.261520472100429,0.0,1.0,1.0,0.0,1.0,1.0,0.8228719670762955,1.561813649451561,0.21841488720775365,0.4521729713433006,-0.36689389205349654,-1.5336634560775722
0,1.2041749489419398,3.483287935084564,0.8861905657503225,3.483287935084564,0.0,1.0,0.0,1.0,1.0,0.0,-0.4419814779334933,0.8492666160473052,-1.767893771229382,-0.6744136919786865,-0.49334504044041055,-0.053229323244810056
0,3.553520163524944,4.378233688082964,4.800973640893844,4.378233688082964,1.0,1.0,1.0,1.0,0.0,1.0,0.06262530626960705,-1.163725788144508,-1.1145099483809089,0.9438003724898594,0.8390441438183571,0.38438800841221377
1,0.6069658684840107,0.001472764670257698,0.001472764670257698,0.8934895399314284,0.0,1.0,1.0,0.0,0.0,0.0,-1.0751768678673217,-2.0814912059535757,-1.6064228164042742,0.505180767290285,-0.3517294164027056,-2.551626189978693
1,4.73065923837419,4.098245664628109,4.098245664628109,4.946094186470846,0.0,1.0,1.0,1.0,1.0,0.0,0.08249863125167485,1.418354520575011,1.0155214447189258,0.7359130906886878,1.0095672435477225,0.26084882209567195
0,2.8526823691314185,5.261819349432153,0.5277110201906673,5.261819349432153,1.0,1.0,1.0,0.0,1.0,0.0,-0.04178049941236803,-0.7263756336037241,0.28423274696501577,-0.6597823330297548,-0.24343534655707316,1.286778471474561
0,1.6681672531480094,5.186257486125041,2.658148731340783,5.186257486125041,0.0,0.0,0.0,1.0,0.0,0.0,0.12335090904195861,2.467107640634881,1.006659522821689,0.4922678668328916,0.5688496260468958,-0.14790583460651507
1,1.1581890651447215,0.9442836838972908,0.9442836838972908,1.0850888449381433,1.0,1.0,0.0,0.0,0.0,0.0,-0.6019528344300042,-0.37666090554488485,-1.0777517616311996,-1.6227187947027266,-1.9654641714257015,-1.4591826332081488
1,1.8482945943447535,1.244925634871015,1.244925634871015,1.0686823158585763,0.0,1.0,1.0,1.0,1.0,1.0,-0.3359658583544241,-0.8449134037402934,0.042386496836246956,0.14946718472179032,-1.3177416545186522,-0.9964450073070175
1,3.55145577506915,0.816752141538501,0.816752141538501,3.6879724323174545,1.0,1.0,1.0,1.0,0.0,0.0,-0.8866055544084537,0.3583507658424516,0.9250013578242078,0.1269633111603408,-0.16608380194417371,0.9026487654843585
1,4.543918239316823,2.672768757289648,2.672768757289648,3.0071444661516917,0.0,1.0,1.0,1.0,1.0,0.0,0.4030503838100119,0.07180657930114887,-1.648895861389059,-0.33462006950561746,-0.871888380510055,-0.2458909307652698
1,1.3069239228216676,2.6154788088702245,2.6154788088702245,4.383955640701941,0.0,1.0,1.0,1.0,0.0,0.0,-0.42515154250077514,1.0275752029422838,0.654085721899045,-0.8647908083958772,0.6141436539842648,-0.472354044201948
1,5.250081782041123,3.1476159252448457,3.1476159252448457,3.112774919940545,1.0,1.0,1.0,0.0,1.0,1.0,0.08425944537559603,0.03732674968849668,-0.09525281877422838,0.3642982992789635,-0.5327304816943433,0.8587733093820443
1,3.1546309841764275,2.946337809038139,2.946337809038139,4.54034695051844,0.0,1.0,0.0,0.0,0.0,0.0,1.7265558479236456,0.13211398236315597,0.3026851174720925,-0.1924865619363887,1.2689333094416735,1.6865021030260348
1,6.097631998958535,4.48784059575417,4.48784059575417,6.132096696700129,1.0,1.0,1.0,1.0,1.0,1.0,2.1190164059251813,0.37636510251476263,1.1068147609915409,0.988145838727682,0.546376611178024,0.07955639512564339
0,1.409746399411743,2.988403879330362,2.0095320049064616,2.988403879330362,0.0,0.0,0.0,1.0,1.0,1.0,1.548487510809979,0.7618049362826957,0.06041642358546406,-0.9037450034462283,0.5701066398144576,-0.5034280082233292
0,1.7749691829555099,1.1822780482692399,1.1579256303762324,1.1822780482692399,0.0,1.0,1.0,1.0,1.0,0.0,-0.2496120892494643,0.5359095749202184,0.04144098019810594,0.3124357165561769,0.6169264954741904,1.2235532945777194
0,5.6507259790932265,5.915135061022986,2.4829463753568666,5.915135061022986,1.0,1.0,1.0,1.0,1.0,1.0,0.6865642353867351,0.6805629218986604,-2.547356216940063,-0.6776790930925045,-0.29544803078420434,1.3244765524526516
1,1.9362378449530024,1.3718248386541472,1.3718248386541472,3.4856621878217062,0.0,1.0,1.0,1.0,1.0,1.0,-0.7404162767370719,-0.2430989464700147,-0.09668275730069742,0.003918839173657171,0.046268031088997436,0.14519721241717987
1,0.06571847036800588,-2.539154049023463,-2.539154049023463,0.3717667370037323,0.0,0.0,0.0,1.0,0.0,1.0,-1.262741388606721,0.9299894224632979,-0.18602381303097065,0.23901806111490154,-1.0490471356012814,-1.3657485872612178
0,1.6133006873901135,2.4225377572863596,1.6580750415885395,2.4225377572863596,1.0,1.0,0.0,1.0,0.0,1.0,-0.8215154084802309,0.10192096635669592,-0.13940138641156982,0.16170126924719755,-0.0947869571877833,-0.19099534984072736
1,4.158559911234272,4.988445726445727,4.988445726445727,6.647180303559077,1.0,1.0,1.0,1.0,0.0,0.0,0.5252367599222684,0.11496694272066538,-1.9121475049909744,-0.19554458712224915,0.5099337190451816,-0.3080326226835225
1,2.0176600937596167,1.742258833596791,1.742258833596791,2.1967667614735173,1.0,1.0,1.0,1.0,1.0,1.0,-0.834931232217419,0.07485617781299247,-0.408398928537197,-0.8847738150344174,-0.21633609581559848,-0.14361644617852456
0,-0.17351054018013093,-0.44909389990784243,0.6229952930956891,-0.44909389990784243,1.0,1.0,0.0,0.0,1.0,1.0,-1.2071058111314938,-1.2107197204658335,-0.31364170564885063,-0.025883985267148468,0.23569593287663576,-0.17875486914383631
0,1.0666708891001107,3.198482036290571,0.17966751556010085,3.198482036290571,0.0,0.0,1.0,0.0,1.0,1.0,0.5185732666166314,-0.5842063712973756,-1.7701325941807944,0.26896292623414614,-1.3064193153427084,-2.0364096876991655
0,0.6893098014492423,0.42743990791138115,-1.0559387711954678,0.42743990791138115,0.0,0.0,0.0,0.0,0.0,0.0,0.3986835648830629,-1.566445163419726,0.04160170773387445,-0.1472743285267944,-0.3278959811322604,0.8438306223824791
0,1.0860848841672643,0.9007074427222528,1.149283641217329,0.9007074427222528,1.0,1.0,0.0,1.0,0.0,1.0,-0.6759981272923541,0.20535600717134353,0.06188869271560268,-0.0277211209550171,-0.6936970022083844,0.1976382505735059
1,-0.6733189091088889,2.3763076111395365,2.3763076111395365,2.1796309285348956,0.0,0.0,1.0,0.0,0.0,0.0,-0.29468854150993545,-0.4335110955109401,-1.2516044206524528,-0.898459061373361,0.39813236361399773,0.30905105016466883
1,4.035164545409577,-0.5098358496150088,-0.5098358496150088,2.279316104185994,0.0,1.0,0.0,1.0,1.0,0.0,0.8995733776263418,-0.20858485245300631,0.40230732662268104,0.2463516733154604,0.6963150509528041,-0.3955708993188859
1,1.5840243675702892,2.3403687860164384,2.3403687860164384,2.133255286811768,0.0,0.0,1.0,1.0,0.0,0.0,1.0304360739463505,-0.9401118066628547,0.9764219655567303,1.2473559026046788,0.4400597890569494,0.03440378339245831
0,2.778338297386914,4.788238791608974,2.7384883428338505,4.788238791608974,0.0,1.0,1.0,0.0,0.0,0.0,-0.46985055458241526,1.7774534904243955,0.1136694279468975,-0.9491604457777022,2.02106609149352,-0.1621021954313423
1,3.405149509138329,1.4610160583566372,1.4610160583566372,4.557088734738823,0.0,0.0,1.0,0.0,0.0,0.0,1.4964373806104505,0.9104316939291808,1.8572889147068308,2.814374113524409,0.7594208176308557,0.33605153312641
0,-0.37633681609039027,2.7641133845440367,0.017326382608444768,2.7641133845440367,0.0,0.0,0.0,0.0,1.0,1.0,-0.5293706329187938,0.4930869246451538,-0.8448466886717436,1.0924601661050843,-0.408369553261843,-2.136223224544831
0,1.9506252566779811,5.261836586424684,1.3801978611716716,5.261836586424684,1.0,1.0,1.0,0.0,0.0,0.0,-0.20246653566642764,0.4153348245014888,-0.24500548968685135,-0.6499302862711744,-0.901002882269319,0.4408780175813395
1,3.2392024473697343,2.4224620866629314,2.4224620866629314,5.213690510996785,1.0,0.0,0.0,0.0,0.0,0.0,1.4179293521182044,1.307898079441654,2.0966708529252776,-0.8541447968721803,0.9919588688371894,0.640062121918475
1,4.092152225460023,-1.3404161506133354,-1.3404161506133354,0.864278617585917,1.0,0.0,0.0,0.0,1.0,1.0,0.7538843950294366,-1.7489052353076309,-0.04448038113940899,-0.4834888649804229,0.9392865208208458,-0.08399942830796268
1,5.605141194448091,4.8625807581187335,4.8625807581187335,5.566832836887979,1.0,1.0,0.0,0.0,1.0,1.0,2.0409309437645837,-0.3590968402551339,-0.9238150659109151,0.31740564761386675,-0.9036834083718871,1.0837798361820474
1,-1.8435430673004394,-2.558508657748574,-2.558508657748574,0.5925679214563591,0.0,0.0,0.0,1.0,1.0,1.0,-0.5306177434590994,-0.9872511539171857,0.6971494511154879,-0.08625280380885483,2.239438231233101,1.442443981659883
1,1.6938643231042634,2.920501467281704,2.920501467281704,1.8804398001316938,0.0,0.0,1.0,1.0,1.0,0.0,-0.05869251451250293,0.8691350496306973,0.9151418191612657,0.5654266404286088,1.5850715846515109,1.1522009806694324
1,3.106938046856634,3.025219427547203,3.025219427547203,3.033428999267519,1.0,1.0,1.0,1.0,1.0,1.0,0.14464349230652648,-0.8866886593574311,0.1510771524749258,-0.45545500439733166,0.03478739384862847,-0.29812408764208564
0,-0.05814095371188932,1.525014327442023,-0.5762932393837676,1.525014327442023,1.0,1.0,0.0,1.0,1.0,1.0,-1.181080968181235,-0.9405591197899816,-1.276040201217534,0.18083788508619242,-2.213537622175746,-0.3284864710102786
0,-1.1521394152272877,2.107752733530928,1.1826783496436908,2.107752733530928,1.0,0.0,1.0,1.0,1.0,1.0,-1.5680571274279147,-0.5635419939880606,-0.7021966855660934,-0.35253448581339575,-2.1042193679165035,0.6228643973008012
0,0.4868101498326094,2.124739934071272,0.5554929705183085,2.124739934071272,0.0,1.0,1.0,1.0,1.0,1.0,-1.2532546824021722,-1.1069899819637075,-0.9356118824571796,-1.6363380427260907,0.3926153747404396,-2.0045231886879873
1,0.4711330524101347,0.7082083293034291,0.7082083293034291,1.1057663195379839,0.0,0.0,0.0,1.0,1.0,0.0,0.16198098346573886,-0.2961590325702102,-0.11460491404028028,1.4241761259712902,0.588191933700421,-0.667869037648245
1,0.2146988919586601,-1.3247211053035746,-1.3247211053035746,1.608869907630333,1.0,0.0,1.0,0.0,0.0,1.0,-1.9431931568969274,-0.6514552004279442,-0.9528435243470843,0.28858109083009686,0.6212683100633939,0.7480786205361769
1,3.3229803401939813,3.0465267047100646,3.0465267047100646,2.0645178644688187,0.0,1.0,1.0,0.0,1.0,0.0,0.3229076704303406,0.011997077980639231,-0.4812901840252999,-1.476654853235532,0.6512385360877795,0.5179032261327218
0,1.17448261518658,-0.11449942601913521,-0.6207227475456164,-0.11449942601913521,0.0,1.0,0.0,1.0,0.0,1.0,-1.0366699894703162,0.7022605452404347,-0.19706160829164543,-1.4206944007999958,-1.0833804112788241,-1.637871209522692
0,4.050683270181395,7.1113379373314425,4.079507482614443,7.1113379373314425,0.0,1.0,0.0,1.0,0.0,1.0,0.7677518040736018,1.6537548150424652,-1.4961161649873047,1.3538427330294072,1.0819696242564039,0.5479893137825044
1,-0.7863057739381686,-0.09669612185045728,-0.09669612185045728,0.24029607242625534,0.0,0.0,0.0,1.0,0.0,0.0,-0.3719178927706327,0.5119506915923945,0.16864915501485164,-1.696618096091085,-0.7562565191147704,0.2886747507551917
1,1.7592396670646315,0.5808446025586578,0.5808446025586578,2.5840785995161135,1.0,0.0,0.0,1.0,0.0,0.0,0.9890013336552154,-1.1859486363562963,0.18785506613472536,-2.0196083710259387,0.12112323802677788,-0.26610614924297665
1,7.034054631144516,3.772811144233681,3.772811144233681,4.702055985971493,1.0,1.0,1.0,1.0,0.0,0.0,1.696202176981232,0.3285115973483714,1.2106668194379728,-0.6585744693762386,0.016640981360031226,0.895853229326579
1,1.140047100786517,0.06499240599316669,0.06499240599316669,0.2238497105603372,1.0,0.0,0.0,1.0,1.0,0.0,-1.2861097689296095,-0.7077868334925961,-0.5881451605800924,-0.4305215480050616,-0.25112194741749483,0.06847726386120367
1,1.749489929420725,0.5201055931103891,0.5201055931103891,1.6640446025055842,1.0,0.0,0.0,0.0,0.0,0.0,0.4844589970924076,-0.326240015450498,-0.08393716081254754,-2.8964361747554555,0.0636448770667663,-0.19652325139233345
1,1.540228290619789,0.7406399451433732,0.7406399451433732,1.752297285168722,1.0,1.0,0.0,1.0,0.0,1.0,-0.9005254356907959,-1.9488183434386355,-0.8710250088753387,-1.1301232106197245,-1.4975180258780005,-2.205081813368431
0,3.6984966938527597,6.3726024211939,1.8718228499945913,6.3726024211939,0.0,0.0,1.0,0.0,0.0,0.0,1.607499698827636,1.753293198804322,0.8154128590674636,-0.2051347940656177,0.22457335450865523,1.541534284325251
1,3.0342310728330775,1.7057482957659145,1.7057482957659145,5.419014434160495,1.0,1.0,0.0,0.0,1.0,1.0,0.5631560500199192,-0.4279731903582187,-1.9950129168282364,-0.7621571862659027,0.5617854398463898,-1.181513263654468
0,0.18586606357461866,1.0315532582317957,0.6089888361601394,1.0315532582317957,0.0,1.0,1.0,1.0,0.0,1.0,-0.6105433030710316,-0.45459102369848825,0.11493029440800238,0.2287950790664427,0.03790941761504665,0.591648533973612
0,1.8244768705880867,3.3371182609263386,2.1311547056907774,3.3371182609263386,1.0,0.0,0.0,0.0,0.0,1.0,0.47482175543242794,0.9655576911367191,-0.09130569653562415,-0.2671349665433829,0.4741373074270009,-0.10250725836973254
1,-0.17738296974982515,-0.20030290838545695,-0.20030290838545695,1.3401695252223473,1.0,1.0,1.0,0.0,1.0,1.0,-1.8112551302890183,-0.9677758636659771,0.09593242665058188,-0.80882852867834,-0.8685794383840256,-2.679204515041862
1,7.274962912016885,3.4645274235444545,3.4645274235444545,6.733208814033489,1.0,1.0,1.0,1.0,1.0,1.0,1.8523572137769053,-0.09527624082220759,-0.16723405095262914,-0.05267049844111273,1.301250160268697,-0.21565403696475413
0,3.216118900250171,2.851827831208333,2.0202823635741747,2.851827831208333,0.0,1.0,0.0,0.0,1.0,0.0,-0.17253049320212205,0.8357224407535432,-0.187263323664646,0.7606590988435975,0.18793422861675255,0.4054783535542662
0,0.8179788847703475,-3.2925974695795643,0.44804199393557187,-3.2925974695795643,0.0,0.0,0.0,0.0,0.0,1.0,-1.7039992705242542,0.932579413553323,-0.6812791193522885,1.7490652264274744,-0.2635703420100662,0.5337918863547134
0,1.4235718127406798,1.5816782072459183,-0.16227014799393946,1.5816782072459183,1.0,0.0,1.0,1.0,0.0,0.0,-0.6749445623768088,-1.5698274427481465,-2.0154781636846053,-1.0374248377317496,-0.6732153821346727,-1.446641484170416
0,0.8980990212207172,2.0959527619264566,0.6104772573067627,2.0959527619264566,1.0,0.0,1.0,0.0,0.0,0.0,-0.5796790611340032,1.1388177532672552,0.2736628641869058,-0.0054190188462912015,0.10844411939388851,-0.052934678557075066
1,4.0991863779645525,1.0389153570723901,1.0389153570723901,2.5773448867092306,0.0,1.0,1.0,1.0,1.0,1.0,-0.1400039356839281,-1.4196651191970024,-1.0360185251967897,-1.0805639444107462,0.024229794085057876,-0.057236531662119505
1,3.537319470154485,1.5579050076176895,1.5579050076176895,2.6840531499945053,0.0,0.0,0.0,0.0,1.0,0.0,1.0378001818228357,0.9599936153902464,0.4366117581990262,0.7818541112816183,0.3915061349596577,-1.412341605545281
1,1.0820569175747778,-1.3432203480387044,-1.3432203480387044,2.049632123587275,0.0,1.0,1.0,0.0,0.0,1.0,-0.3636064958729269,-0.48415529524819867,0.08362018929658982,-0.2779676282860484,-0.26032986372198547,-0.7132297721924457
1,0.85343287932816,-1.1674455721982948,-1.1674455721982948,0.6387413083286957,1.0,1.0,1.0,1.0,0.0,0.0,-2.409622394792386,-1.027207726516201,-0.8170845080380162,0.5040326954799563,-0.29713890570611845,-0.043947116548902765
0,1.325349854825427,3.103888739723215,0.7012332813537392,3.103888739723215,0.0,0.0,1.0,1.0,0.0,1.0,-0.015592179640120253,0.6600469431788935,0.18144225242922218,-0.4860170374034726,-0.42228103542194617,0.0678728316705394
1,1.184095664931398,3.1380942110297436,3.1380942110297436,4.352087652024925,1.0,1.0,1.0,1.0,0.0,1.0,-0.44021466158507283,-0.9801740080670155,-0.8455859605718181,0.7116396549376617,1.7221703851690298,-0.32217727081546965
1,4.088269202691963,5.159430079767523,5.159430079767523,4.514312109197315,1.0,1.0,1.0,1.0,1.0,0.0,0.3863153217010232,-0.9449347701302439,-2.6497928664348747,-0.42526980258891217,0.024314629836741597,-0.7517289851031309
0,0.9854731933554695,3.032648641087979,1.6379024791685501,3.032648641087979,0.0,1.0,0.0,0.0,1.0,1.0,-0.19924297715893732,1.3849193566549536,-0.3764932959242408,-0.9156931049042394,0.05419264596910385,-0.8018274895235485
1,0.6759653692333453,-0.6554048044506355,-0.6554048044506355,0.6817854437576614,0.0,0.0,1.0,1.0,0.0,1.0,-0.5070625316381303,0.22080590843260844,0.24348501922356425,0.31238548788951254,0.030367043782963038,-0.010211902145784324
0,-0.7057727382593577,2.8923986772652825,1.2008788091002298,2.8923986772652825,1.0,1.0,0.0,1.0,1.0,1.0,-0.5661169351013874,-1.5185981059346823,-1.9062405432791532,-1.423765962484894,-1.107508503008242,0.7540077724614132
1,1.9769574773711613,-0.4519989060365923,-0.4519989060365923,1.608889412549851,1.0,0.0,0.0,1.0,0.0,1.0,0.29698541894315117,-0.5159666461603512,-0.984234970593421,-1.6137222594594633,-0.9987122409388854,-0.8942722133457098
0,1.1296023433637945,3.9034799413750787,1.7493287163589515,3.9034799413750787,1.0,1.0,1.0,0.0,1.0,1.0,-1.7624481218964407,1.7757025185560695,1.0785853883600098,-1.5038292005655436,0.563994496365978,-0.916958658693164
1,-0.27443635380373566,0.3870623619678398,0.3870623619678398,0.5721655891450644,0.0,1.0,0.0,0.0,0.0,0.0,-0.32687272444842985,-0.6116165636582689,-0.20319264549932212,-0.6486230487324465,0.2550656712009327,-0.11207142652449059
0,-0.25892420677973726,-0.1416239245029205,-0.409427549734494,-0.1416239245029205,0.0,1.0,0.0,1.0,0.0,1.0,-1.127457717094762,-1.31931523798219,-1.501767104553199,-1.5805166194722007,-1.260554159231207,-0.004635583274734234
1,5.101812845656394,2.709477786617034,2.709477786617034,4.818684282289416,0.0,1.0,1.0,1.0,1.0,1.0,1.0433348398063815,0.3615854379869251,0.6495358629589367,1.1195089626770276,-0.10236069248648494,0.8954658340181385
0,0.09998693224126631,0.14850042156797816,-0.20218673713334592,0.14850042156797816,0.0,0.0,0.0,0.0,0.0,0.0,-0.26736470431393167,0.648788022995664,-1.1802930263665528,-1.5710925723046119,-0.5924078780732447,-1.7861808952389846
0,-1.3048604640337733,1.121317450709765,-0.4778178316911009,1.121317450709765,0.0,0.0,1.0,1.0,0.0,0.0,0.04990341823364054,-0.0012782793010674975,-0.8963872378517665,-1.5622210441241344,-0.10621565625048968,-0.970078876131796
1,6.826352721819885,1.049641635384003,1.049641635384003,6.231160774981135,1.0,1.0,1.0,1.0,1.0,1.0,1.453296325982154,-1.4674205411865264,-2.1179476046717034,-0.38629949995298407,-0.02543116609497953,-0.5523833331759787
0,0.08862332661510253,-0.027919630408077323,1.4910504740403856,-0.027919630408077323,0.0,1.0,0.0,0.0,0.0,1.0,0.023074289350284407,-0.5675329184829251,0.9320806490893163,1.2482194257574895,0.035355721800816364,1.2290525793443021
0,0.07258844710898293,0.47564832994104544,-1.0769813848293477,0.47564832994104544,1.0,0.0,0.0,1.0,1.0,0.0,-0.6229192130485648,0.13412034294109437,0.03367936590402959,-0.8169883291980267,-0.6169359251667403,-1.2305093105351173
1,1.685338620616963,0.10199612858155938,0.10199612858155938,0.5307149828823375,0.0,0.0,0.0,1.0,0.0,0.0,-0.08687606271334701,-0.17466031596248557,0.6911232300138913,-0.96475149616438,-0.22844515885942235,-0.3979919698726187
0,1.9005800826554486,2.942634401586732,3.437716846978004,2.942634401586732,0.0,0.0,0.0,0.0,0.0,0.0,0.9786107523395988,1.3774798361783214,0.4587499385979929,-0.007227417488380877,0.3508990563176304,-0.03460161825224295
0,1.2331062408246296,1.1828545588839132,-0.1229997488406831,1.1828545588839132,1.0,1.0,0.0,0.0,0.0,1.0,-0.32291648282367247,-0.5939722889750132,2.0508024221536747,0.362656202383133,0.7519361496415726,0.10189051121650095
1,2.915770843409188,0.16453240303941574,0.16453240303941574,2.497761224498838,0.0,1.0,1.0,1.0,1.0,1.0,0.0021500687075060227,0.4992744786992192,0.335710724319076,-1.767218689019071,-0.40112759369325046,0.0033269718981486086
1,8.315857010060547,5.749541918961072,5.749541918961072,6.8122790260949,1.0,1.0,1.0,1.0,1.0,1.0,1.3895439409174986,1.4493368830214224,1.7356313577808593,2.2285778165658225,0.17875793299866727,0.9556054241516426
1,3.7734233373877397,2.026168928076701,2.026168928076701,3.112421758198193,0.0,0.0,0.0,0.0,0.0,1.0,-0.5218983622728984,1.6591039482955214,-1.5207350054241338,-0.24045584687484506,-0.19638569067166986,0.6465287681209808
0,-0.19290383088653723,-0.45659525709279614,-0.11272152497444887,-0.45659525709279614,0.0,1.0,0.0,0.0,1.0,0.0,-1.2598079694006599,-0.16633718387165214,0.12026480065772382,0.0056525161852362185,0.3496610876191195,-0.13994608610908127
1,5.916628041349312,4.004027488666842,4.004027488666842,5.056714559489683,0.0,1.0,1.0,0.0,1.0,1.0,1.32097510121103,1.0377561808317866,0.47462178100278546,0.5003057656643528,0.633120341046907,1.340269798347625
0,-0.08104690369232026,1.3220182165786065,-0.465939547553394,1.3220182165786065,1.0,0.0,1.0,1.0,0.0,0.0,-2.0101218521534254,-0.7518390301067246,-1.2619313139060506,-0.9669087539275548,-1.448114401354819,-1.0434098603736177
1,0.557843568630229,1.6869033956451709,1.6869033956451709,0.7975882296507724,0.0,0.0,1.0,1.0,0.0,0.0,0.7120067514571324,-1.9863165378462027,1.0395913184656957,-0.05875820853986935,0.17713154745783768,-0.25697889524140954
0,-1.0126395362439382,-0.7956299390408282,-1.3007469506766616,-0.7956299390408282,0.0,0.0,0.0,0.0,0.0,0.0,0.018357180654420012,-0.6803208667369318,-0.8271919050784232,-1.887646530234868,-0.7170528821274752,-1.096371718484313
1,1.9419655230874395,-0.17599251309395436,-0.17599251309395436,3.290539006127995,1.0,1.0,1.0,1.0,1.0,1.0,-0.9094882634555282,-0.6233814274048988,-0.693605125186397,0.019612493899110992,-1.0549112530399702,0.2169428553769709
0,-1.2441180225267066,-1.5175476848891636,-1.7454101648508984,-1.5175476848891636,0.0,1.0,1.0,0.0,1.0,1.0,-2.5431265217313044,-1.0029226122300674,-1.8065880575459572,-1.9867854867487464,-2.1394358548197,-1.9215394727487232
1,-0.04995340700415385,-1.0376964326999178,-1.0376964326999178,-1.4892752702093963,0.0,0.0,0.0,0.0,1.0,0.0,-1.0032506445780136,-0.19974493027120507,0.6767292194410247,0.25537240854368515,-1.9686515736526558,-0.6003641894806143
1,6.468724867556939,2.712197404335498,2.712197404335498,6.281564437673017,1.0,0.0,0.0,1.0,0.0,0.0,1.8923398629337609,0.20283777475214432,0.19529867735977002,-1.4028259343624554,-0.3284206995335882,-0.3433607512249004
1,0.21726935587890495,-1.0096320550950528,-1.0096320550950528,2.059448265126375,0.0,0.0,1.0,0.0,0.0,0.0,0.5834471133083518,-1.2530105073944187,0.934769655127244,0.5046102158666887,0.5672778167294088,-0.6873630360841985
1,6.016630218952102,2.305029495484849,2.305029495484849,5.205560433128421,1.0,1.0,1.0,1.0,1.0,1.0,0.7559249666858472,-0.5373441596513263,-1.3823728977112815,0.450303000190747,0.6232112904145122,-0.8525779085881486
0,2.9115447221800466,2.7584176289284645,1.0268347436138545,2.7584176289284645,1.0,1.0,1.0,0.0,1.0,1.0,-0.7034178503890274,0.15166670311150934,-0.20726799785238426,0.4919757400979748,0.04879186756587663,-0.27419685587912873
1,2.720392788187522,-0.3207332173558701,-0.3207332173558701,2.964283883311956,1.0,0.0,0.0,1.0,1.0,1.0,-1.8820960201802557,-0.055621664758990885,-4.136202444599238,0.24186476791145894,0.038603785599095275,-2.475151426698543
1,-1.2746838107949665,0.08297425475256132,0.08297425475256132,1.631065243613101,1.0,0.0,1.0,1.0,1.0,0.0,-0.1583015885903396,-0.33605231813312764,1.4871905685160631,-0.043826565458193356,-1.3626103548633648,-0.2635533502674691
1,4.07015545485359,2.93968672559641,2.93968672559641,5.055724654157377,0.0,1.0,1.0,1.0,0.0,0.0,0.9992435802666897,1.031661946076402,0.38062948190078166,-1.0775136035905946,0.6066884725208889,-0.9917882630541289
1,3.066216095780482,0.5010365554785979,0.5010365554785979,3.5366697591215055,0.0,0.0,0.0,0.0,0.0,0.0,0.6077536767202095,0.9354820385940588,0.8621061262761883,0.3386065169529244,0.6818741503662922,-0.7924830308969188
0,-0.8578665940967427,1.1366080289553853,2.369675536222021,1.1366080289553853,0.0,1.0,1.0,0.0,1.0,0.0,0.15043684923177897,-0.22702200959732244,0.9263042351340407,0.7872207502362968,-0.22785434329426513,1.4151579247717958
1,6.626953186214196,3.66301958645877,3.66301958645877,4.878581472113166,1.0,1.0,1.0,1.0,1.0,1.0,0.7186516263680892,0.3013542865461517,-0.41631986667883575,0.2533122704397239,-0.8471820446220174,-0.3279939361429171
1,2.2390398643869975,-2.3186310464632642,-2.3186310464632642,0.9146833666429763,1.0,1.0,1.0,0.0,0.0,0.0,-1.5562275726258763,-2.2297883163945746,0.09445822849445096,-0.1305695880284634,-0.8717892198538955,-1.0401656728228448
1,0.7635516589229684,-0.4452100141299955,-0.4452100141299955,3.111078167866698,0.0,0.0,1.0,0.0,1.0,0.0,1.129914346918867,-1.0981310327928813,0.3860705830511411,-2.086172239047902,-0.2814398667711306,-1.8865379453872388
0,-1.7667382131233058,0.5334583279932303,-1.8875552736527357,0.5334583279932303,0.0,0.0,0.0,0.0,0.0,0.0,-0.80868004140173,0.11907976847107671,0.43323621117139927,-1.6518687222302832,-0.6813417524077716,0.029099767033212764
1,3.387749366924603,1.9980178231687509,1.9980178231687509,3.301714840617149,1.0,0.0,1.0,0.0,1.0,1.0,-0.07785972848748274,-0.8447650637348024,0.07257551736468237,0.9460552831955493,-1.2477652016982232,0.5200013121751152
0,-2.1482047594666627,-1.1337865006648227,-2.9264988685018145,-1.1337865006648227,0.0,0.0,0.0,1.0,1.0,0.0,-1.2097378528970686,-0.6035915512011903,1.3690789542837885,-0.154148214020773,-0.1795614993974991,0.2451866328672346
0,1.9267837360390714,4.001914210969399,3.1450079659987855,4.001914210969399,1.0,1.0,1.0,1.0,0.0,1.0,-0.4429373945888403,0.8946380017613778,0.005854224603051128,-0.9469547859218753,-1.8086134139694503,0.740507959494364
1,1.2901276062797713,2.979575308679336,2.979575308679336,4.826097048690976,1.0,1.0,1.0,1.0,1.0,0.0,-0.3304618440106292,0.1773058723837192,-0.2655676680640116,0.7520678257263443,0.008425285220927448,-1.028459190625382
1,3.572865656135532,4.265357881815369,4.265357881815369,6.265208417145964,0.0,1.0,1.0,1.0,0.0,1.0,2.0224091356846476,0.34949920615156016,0.9573395548443528,0.5975518606186722,0.35636705062781976,-0.31269054546057895
1,5.002026968853565,3.4923089722299308,3.4923089722299308,3.9192331044420192,1.0,1.0,1.0,1.0,1.0,1.0,-0.04786961411969105,-0.400503394324772,-0.35385620620993385,2.2866736832355814,-0.9355089679589728,0.40490599948943473
1,1.8244371750976378,1.6940037850227538,1.6940037850227538,3.297756279124421,1.0,0.0,1.0,0.0,1.0,0.0,0.2887646991414204,0.17511484691885007,1.460604125603869,0.022746213434405527,-0.6584115049659469,-0.28728094294062323
1,1.875511064294816,0.43579876948803487,0.43579876948803487,4.254381418429389,0.0,0.0,0.0,0.0,0.0,1.0,0.8534760931632288,-0.6600365611153346,-0.8158041655061001,1.8123756810474674,-0.1512490505077661,-0.18760881669544685
1,8.95598929447191,6.333957949152871,6.333957949152871,9.453432818683476,1.0,1.0,1.0,0.0,1.0,1.0,1.6474710254804616,1.769185517006622,0.07753481746243474,0.2231118875744703,1.7949689136926572,-0.22197031702476477
1,5.5827602520551025,3.455869412907066,3.455869412907066,4.483598062082632,0.0,0.0,1.0,1.0,1.0,1.0,1.5105170046074323,0.7731941697165882,0.20186624915430207,0.5973751388894376,2.5108200645087977,0.014743052835383241
0,-0.6814285680236243,1.7263059430107561,0.06859070343684182,1.7263059430107561,0.0,0.0,0.0,1.0,0.0,0.0,0.3196108015141467,0.8315749809480331,1.1922713499013056,0.5889368645295462,-0.8432888176668323,-0.05022164346650704
1,1.2903043523534257,2.2956898779835715,2.2956898779835715,0.9720821761792069,0.0,1.0,0.0,1.0,0.0,1.0,0.15287890957995737,0.22491102039947142,1.3460478314532502,-0.36874327309635435,0.11503854021728394,0.095788216540941
0,1.734181076608057,2.8621171408274755,3.2708963607307684,2.8621171408274755,1.0,1.0,1.0,1.0,1.0,1.0,-0.6842533078424952,-0.1639260515008,-1.3915666323807914,-0.782677743281995,0.757177315755709,0.23801211256062496
0,5.152243397520387,3.8697476536102933,2.439614092741065,3.8697476536102933,0.0,1.0,1.0,0.0,0.0,1.0,1.2511090157087206,0.7402477473373884,0.07992787042748073,0.8820085334410543,1.7467054618401296,0.02456770429457078
1,3.1901817432177295,1.6947645204532007,1.6947645204532007,2.67155139726478,1.0,0.0,0.0,1.0,1.0,1.0,0.05570860472466186,-0.03430068015717502,-0.010789284831880075,2.0816763094181168,2.1039015505725347,1.2229319526546052
1,1.58478075592669,0.05668951853430822,0.05668951853430822,0.6790244099969468,0.0,0.0,0.0,1.0,1.0,1.0,-0.4620518994298352,-0.14736903593472944,-0.8159833701056955,0.7498826961617019,-1.0629134989957691,-0.2699897673777408
1,2.0435676511257195,1.328881690591419,1.328881690591419,0.6288760902390851,0.0,1.0,0.0,1.0,0.0,1.0,0.15138251665098454,-0.5575929058090735,-0.033980881247216876,0.06476961136701503,0.3877967731964698,-0.9642526517210341
0,-0.8509042454948974,2.8934138731722556,0.18827982371445917,2.8934138731722556,1.0,1.0,1.0,0.0,0.0,1.0,-1.570637199764155,-0.0816923071192952,0.6781465517334617,-1.2363569880015526,1.563753834064528,-0.008658574386841478
1,6.330508786085985,2.9757672218183253,2.9757672218183253,4.253017987593152,1.0,0.0,1.0,0.0,1.0,1.0,1.5724992219822387,-0.023367642296540092,0.8667826391648613,0.148973523678639,1.2019874763322471,0.6065357717212699
0,2.555194600927206,5.00075751873851,3.7984989558309006,5.00075751873851,1.0,1.0,0.0,0.0,0.0,0.0,-0.00012187532983986332,1.39000915969561,-0.7992314419213913,1.5476940675227258,0.8154456418863033,-0.32796822808954185
1,4.763625260771775,1.106095240916036,1.106095240916036,2.8489754283565913,0.0,0.0,0.0,0.0,0.0,0.0,0.5168445365603713,0.321734433148894,0.9418372229436847,1.405139042929495,0.4473910676449931,0.3837535162653747
1,2.225528670775659,2.104517363444494,2.104517363444494,0.32886690373918315,0.0,0.0,1.0,0.0,1.0,1.0,-0.00013428392077949753,-0.041361253590973174,-0.9520419029947605,-0.5072091435410924,0.9022249553334747,0.13722736190508572
1,7.582517386990153,6.12040126308508,6.12040126308508,8.27966875543728,1.0,1.0,1.0,0.0,1.0,1.0,2.9515607059710445,0.5842407460572282,2.0009510861988193,1.0846108018540077,-0.44762837473507633,0.4714255099789418
0,2.380340135173494,2.5892688638719283,0.436568149966172,2.5892688638719283,1.0,0.0,0.0,1.0,1.0,1.0,-0.23561231799365243,1.0583222576951583,-1.1171390058503243,-0.5077267427381831,-1.330834062382806,1.9471480717167986
0,-0.17376292957103695,-0.5559519023001636,-1.5864007864731784,-0.5559519023001636,0.0,0.0,0.0,1.0,1.0,1.0,-1.5468331004271143,-0.16683253015656002,-1.265316650992879,1.0823471948480896,0.026006634084408023,1.0626825104749922
1,4.526198349863337,1.8672868328824148,1.8672868328824148,3.3515339397516626,0.0,0.0,0.0,1.0,1.0,1.0,1.0388695451693797,-0.6993044239007569,0.39217601842354527,0.6160027480984647,0.1692035438013764,-0.2159609716156768
1,2.6767361613992553,1.0168646093598617,1.0168646093598617,4.793604869334479,1.0,1.0,1.0,0.0,0.0,0.0,0.3193305819273124,-2.431443016211507,-0.18637664093242834,0.7686152426981978,-1.942698351722492,0.11912144826901694
0,1.3335922540588643,1.944982171117093,3.2304407425636104,1.944982171117093,1.0,0.0,1.0,1.0,1.0,0.0,-0.46323271187515114,-0.05538982529446157,-1.031187068424229,-1.379089659270848,1.024252683876539,-0.8632125716518029
1,2.574098313556246,0.8600013758475695,0.8600013758475695,4.88878394367115,0.0,1.0,1.0,0.0,1.0,0.0,0.4000705232415209,-1.0149387363656517,0.2583998844459218,0.653785296467226,0.39388359950807483,0.5361627681598542
0,1.4964579576968382,2.0140703488002334,2.5608264735832615,2.0140703488002334,0.0,1.0,0.0,0.0,0.0,0.0,-0.5400111540691698,0.9750214724846167,1.1401685224953986,0.5504434148240074,1.6704492607902353,0.9377576436352104
1,3.233496715026013,1.0934201240835002,1.0934201240835002,2.808388212205809,1.0,0.0,0.0,0.0,0.0,1.0,1.1191197795564796,-0.32492812753782707,0.6100364687987385,-0.6297910631241835,-0.20814198202339412,-0.04509614153466529
1,-2.052854725207928,-1.7659332187620413,-1.7659332187620413,1.4040650188717438,1.0,1.0,0.0,1.0,1.0,1.0,-2.0056048476525445,-2.006642980940869,0.8504025875295742,-0.5560652321968542,-1.5043252953031114,-1.616249484533213
1,0.9569640946339599,1.1168767982061483,1.1168767982061483,2.937728555771964,0.0,0.0,0.0,0.0,0.0,0.0,0.6480169040516849,0.3479764403591956,1.0351368199472353,2.3681478928543718,-0.013643377092881326,0.8165392915791506
0,2.088241113386206,0.8548483140599312,-1.3479321956371129,0.8548483140599312,0.0,1.0,0.0,0.0,1.0,0.0,-0.9498877658374316,0.6702133084189926,-0.43768803269109247,-1.6845545971845524,0.3790959164533141,-1.4689390348080509
0,2.6305526003250073,4.205383814247709,2.938653349494189,4.205383814247709,1.0,1.0,0.0,1.0,1.0,1.0,1.4984193171614404,-0.9477475181533359,-0.7094289426891437,-0.3580031511750582,-1.2281815503374993,1.336083147313809
1,-1.085136400767399,-1.4306725956584885,-1.4306725956584885,-2.4691249507355653,0.0,0.0,1.0,0.0,0.0,1.0,-0.7432673520554682,-1.010268175560996,1.0314946916993906,-1.830465482165401,0.48779071787800465,-1.1741386644235603
0,-2.7407389112785827,-2.6179260715411377,-2.727695593459023,-2.6179260715411377,0.0,0.0,0.0,1.0,1.0,1.0,-1.3145697777886698,-2.304076144468282,-0.8930879926401559,-0.7612271537930599,-0.9821090702925079,-0.6487282542875357
1,6.626225290825042,3.2162466737599162,3.2162466737599162,6.095886548286197,1.0,1.0,0.0,0.0,0.0,0.0,0.6299670220241282,0.7614826761235602,0.39375567788854793,0.2720367365059461,0.32582900268836024,-0.10423310027350324
1,1.0297789060119593,2.4781931314485055,2.4781931314485055,1.4349459826440347,0.0,0.0,0.0,0.0,0.0,0.0,0.5646659088119848,0.8543687545778573,-0.4392083147023144,-0.45717703679419575,-1.8902655727930238,-1.140340624184563
0,2.5604736746793293,3.686518688286245,2.894435948612343,3.686518688286245,1.0,1.0,1.0,0.0,1.0,0.0,0.25133693236672916,-0.5724221696889807,-0.6053226557490392,-0.7095215755645947,-0.06919532133835671,1.2017182756506344
0,2.120089362913661,2.5583700602070465,2.604174915016743,2.5583700602070465,0.0,1.0,0.0,0.0,1.0,0.0,-0.665026374911713,1.0676012396810877,0.27293985908631835,1.683355543160186,0.5822703375417094,0.5052966458532026
1,1.2638064523090797,-0.01184454576262145,-0.01184454576262145,1.6805011184771526,1.0,0.0,1.0,1.0,1.0,1.0,-0.46039717929919205,-1.0008050141772995,1.2014879641135614,-0.7974964524996885,-0.32190529446256744,-0.9811316360481814
1,-0.4836787150738986,-2.135371919834248,-2.135371919834248,0.61818384136632,0.0,0.0,0.0,0.0,0.0,0.0,0.26030611812149435,-0.8812537261114841,0.0746275605617281,-1.14367741830244,0.22957340282819177,-0.7663644545399099
1,3.948749237396409,0.3862116488339986,0.3862116488339986,4.558519886778724,0.0,0.0,0.0,0.0,1.0,0.0,-0.4931601640773322,2.1895836589829845,-0.09617178002577864,-0.0075808261130621,1.6831348253290388,1.058221541374443
1,6.2361061830503175,1.6383024859384516,1.6383024859384516,4.4247392684765465,0.0,0.0,0.0,1.0,1.0,0.0,0.9900848417673049,2.3447289834281544,0.33437992967287866,1.222239265786738,1.4500353667472068,0.777343934216687
1,3.718669522876188,1.7234318159046178,1.7234318159046178,2.2431285353200625,0.0,1.0,1.0,1.0,1.0,1.0,0.8175268211235973,-0.23810655888145127,0.32299722178199014,-0.3781194172881579,-0.547525757911241,0.37277999149098623
1,0.4423079784783069,-1.9667537533239279,-1.9667537533239279,-0.6917775367692532,0.0,0.0,0.0,0.0,1.0,1.0,0.14598471951115768,-1.4511454479074866,-0.10193414092921266,-1.152197879439819,-0.7725181546302076,-0.21282168725395956
0,5.936441609711112,7.740400431804457,6.512972738886414,7.740400431804457,0.0,0.0,0.0,0.0,1.0,1.0,1.8072708280100989,2.154650686344553,-1.366910270100993,2.7013917595842147,1.585632705901446,0.522601775535921
1,3.86647105332355,0.9029806266088549,0.9029806266088549,5.684923087855542,1.0,1.0,0.0,0.0,0.0,1.0,0.989137511904312,0.5354022715033262,0.8217077448914522,-0.36592939907744554,0.2040570323354327,0.15973980447593628
0,-1.3956515247880803,-1.7265459796291278,-3.9068073208304175,-1.7265459796291278,0.0,0.0,0.0,1.0,1.0,1.0,-1.3392547688621297,-0.3659474103256798,0.36144089930133044,-1.1077544997725166,-1.3299330140555132,-0.6102610159249104
1,2.416798486987563,4.990274188451931,4.990274188451931,5.284795317988536,0.0,1.0,1.0,1.0,1.0,1.0,0.5130614143868832,1.0605590721153204,0.8228318353150997,0.7341779797156328,1.0288934001821886,0.4158747703104152
1,0.45223476925110484,-0.502722319475121,-0.502722319475121,0.43770612376689516,0.0,0.0,0.0,1.0,0.0,0.0,-0.8297068797240943,0.28222745958763684,-0.2402232666155568,-0.04623559136970616,0.6971301394920385,0.13556342862113635
1,-0.7796340434786239,-0.37636326862577163,-0.37636326862577163,2.644442034486354,1.0,0.0,1.0,1.0,1.0,1.0,-1.1432338460388074,-1.2499821904445187,-0.2616698186009833,-1.83214814204566,-0.1117191056587079,-0.8526071751612245
1,6.0188639789997795,3.150115544415752,3.150115544415752,6.481189311465432,1.0,1.0,1.0,1.0,1.0,1.0,1.485763207232418,0.2846080341339197,-0.06691946659046122,-0.3927280786648726,0.18815279799410045,-0.4158561290703364
0,-1.5036047283874385,0.888459567279325,0.21465707442178417,0.888459567279325,0.0,1.0,0.0,0.0,0.0,0.0,-0.5089187645410322,-0.8189181960692526,0.3965574701793134,0.7030479230058062,-0.742543460568073,-0.5385481190637336
0,-0.7079746432787596,1.5336542522773895,-0.6266331575182374,1.5336542522773895,1.0,0.0,1.0,0.0,1.0,1.0,-0.8115160025620254,-1.1778047151937006,-1.3838315331321118,-0.06355790778547926,0.35943817412502777,0.9248041304131355
1,9.481437973827344,2.640533379802355,2.640533379802355,7.228767655733144,1.0,1.0,1.0,1.0,0.0,0.0,1.3721569925061805,1.089989306145186,-0.8666401261907496,0.26929162971078496,0.303657296983181,0.15211963531270487
0,-2.396268403460887,-0.14502874317681058,-3.95375095631584,-0.14502874317681058,1.0,0.0,1.0,1.0,1.0,1.0,-2.4629920338154516,-0.8926957665445339,-2.4063433936107073,-1.572974876568638,-3.1164185066177117,-0.7049369271922641
1,0.6590207765882468,-0.8304020279482,-0.8304020279482,2.0252128530924773,0.0,0.0,1.0,0.0,1.0,0.0,0.6190413717769818,-1.1686455230458026,-0.22615990997054014,-2.0547304911359614,-1.7641285389585382,-0.19243575565214466
0,3.757632356128697,6.129240002642598,3.6753624195100514,6.129240002642598,1.0,1.0,1.0,1.0,1.0,1.0,0.5773041098228963,1.0715398766288504,1.0085164539629896,0.7658617338074607,1.9793323698510918,0.42347897995688866
0,0.735817609204789,4.600234301274473,1.4287251574290682,4.600234301274473,1.0,0.0,1.0,0.0,0.0,0.0,0.9270049500943638,-1.0365826605374133,0.15393565030098932,0.30898635048574413,-0.06168198097489247,-1.4840472880158835
0,4.014254318946005,5.914561773686312,3.1448574947204513,5.914561773686312,0.0,1.0,1.0,1.0,0.0,1.0,1.6496273089543987,1.3965389970120756,1.1344583978300289,1.6957379925930338,1.4106786829283156,1.27112656089332
1,2.2896383183624662,2.489165490381266,2.489165490381266,0.36181846911657234,1.0,0.0,0.0,0.0,0.0,0.0,-0.2766663560930736,-0.7842855069579338,0.7500991718723492,0.5389819550437759,-1.6944660674304277,-1.3742271637998005
1,-0.7356910048544337,-1.1596352961095278,-1.1596352961095278,-1.8883791272250028,0.0,0.0,0.0,0.0,0.0,0.0,-1.2420105561199584,-2.356568495099789,-2.119340426776473,-1.2027054305499356,-0.9329022850659313,-1.9603740442486297
0,0.04838546529044274,3.8149799078205215,-1.5436775049803764,3.8149799078205215,1.0,0.0,0.0,0.0,1.0,1.0,-0.44139538115699317,-1.290518309093001,-0.3133629491434264,-0.3485645214595041,-0.5582908330883238,0.531358228885642
1,5.554458272949448,2.1690515912719825,2.1690515912719825,6.126610200344048,0.0,1.0,0.0,1.0,1.0,0.0,1.4596733150230168,1.3168188116078765,0.367153460272152,0.7742252228880431,0.38557036929418464,0.1566218126289703
1,3.0082104736533726,-1.5814171054820891,-1.5814171054820891,1.4410558250100687,0.0,0.0,1.0,1.0,0.0,1.0,-0.3996038805942137,0.3405155995579471,-0.36759696625699556,-0.6277973042838987,-1.0689988476517045,-2.2284545209094446
0,4.086750322176265,4.428418998090608,4.03743518500918,4.428418998090608,1.0,1.0,1.0,1.0,1.0,0.0,-0.5031552553726893,0.5432846576153536,0.7347181457745103,0.844180758842134,1.350832506887357,0.04749390498445916
0,1.370501902208963,5.379264038650125,2.8881523735022023,5.379264038650125,1.0,1.0,0.0,0.0,1.0,0.0,-0.8493019532567913,2.057641461088656,0.36916992191371334,-0.4826443773052519,-0.02173694550805738,-0.9256807466153456
1,-1.5113898566176804,-2.1713214969386394,-2.1713214969386394,0.6742759929046647,1.0,1.0,0.0,1.0,1.0,1.0,-1.9218866751811021,-0.9116934956715204,1.6457634671682957,-0.3351115588937498,-0.5573568040724429,0.1664572157469163
0,-0.9989833404636546,-1.3096204529520814,0.5393815050725765,-1.3096204529520814,0.0,1.0,0.0,0.0,1.0,1.0,-1.6794917501782272,0.6405607219531573,-0.3755187565644633,0.46338612794280637,0.09231863154247646,-1.1047087245097456
0,1.1461070326003169,3.1415231318753287,-0.07401247577074155,3.1415231318753287,1.0,0.0,1.0,0.0,0.0,0.0,-0.6070026455830109,-0.2284271309326983,0.19509714208251888,-0.6490134609686429,0.6338316775304575,-0.5089138940767276
0,-0.5671486165904086,1.2626937191864753,2.0177324517039246,1.2626937191864753,0.0,1.0,1.0,1.0,1.0,1.0,-0.7973029243739268,-0.669139888194102,-1.613124878223295,0.3063581116880243,-2.9419475134834796,-1.2239169589225547
1,2.983422538021616,1.1026349643463702,1.1026349643463702,3.200146453030665,1.0,1.0,0.0,1.0,1.0,1.0,-1.4012604271433318,1.2664939157017774,0.8918139890006791,1.4619703717255903,1.3549314215760935,-0.129782236504961
0,3.2842908370365165,5.330353173132985,1.7134545172747222,5.330353173132985,1.0,1.0,1.0,1.0,1.0,1.0,0.8003062724184985,-0.37874641287860744,-0.2126780676709168,-0.7843612379764335,-0.4276155058733453,1.773903302524543
1,2.9712492138277504,1.2999691827154645,1.2999691827154645,4.480814617205579,0.0,1.0,1.0,1.0,0.0,0.0,0.9598305145314089,-0.4938522460885491,0.005232496072011469,0.09307513865220837,-0.10617847632154524,0.10950111119154397
0,6.533186175276282,9.581822192926614,4.5833572969381375,9.581822192926614,1.0,0.0,1.0,0.0,0.0,1.0,2.1356560807080616,2.296125535536067,0.553145014216365,0.8083757358473228,2.0211637095735777,0.09435894686700963
1,3.351599382252485,-0.08295181091920911,-0.08295181091920911,2.6468364498115653,1.0,0.0,0.0,1.0,0.0,1.0,1.1013551064758973,0.41730292436357574,0.4958383224252333,-1.4638787942528626,0.9662140280686251,0.08049695274594176
0,-3.0267354896321064,-1.0991645737223616,-0.278258260680555,-1.0991645737223616,1.0,0.0,1.0,0.0,1.0,0.0,-0.9817551134715978,-0.8680567583381583,-0.37962508791663024,-1.5396552076745778,0.21669804824250394,-0.7905742815304233
1,1.6685929457895674,0.08648376804914784,0.08648376804914784,1.5271169809348448,1.0,0.0,0.0,1.0,0.0,0.0,-0.3225769830283086,0.16786109125023171,0.986822430402037,-0.8938100078905062,-0.6139326648646066,0.7158598806491114
0,-0.8216667884696733,0.24678744476604791,-1.366831466898156,0.24678744476604791,0.0,0.0,1.0,0.0,1.0,1.0,-1.2496994575335822,-0.5467987616298146,0.16500326056316264,0.07146228421728384,1.9843966349172946,-0.39988745179037855
0,1.2371224453459482,3.7265714582012976,0.3653344921970483,3.7265714582012976,1.0,0.0,1.0,1.0,1.0,0.0,-0.24246902050758315,0.18510592316108537,1.2854932271386197,-0.3658409875292862,0.9715181018756522,1.0301980665815553
1,7.5597340694963595,4.84205232104664,4.84205232104664,7.069477610558025,1.0,1.0,1.0,0.0,0.0,0.0,1.1707482332576862,1.7443328486413197,1.889819124281013,-0.29776474507296474,1.0306759803926846,-0.038693546381542765
0,5.335245459034217,7.347181732362107,3.919648794705861,7.347181732362107,1.0,1.0,0.0,1.0,1.0,0.0,-0.22572776886422938,2.8351458728645826,-0.6184961435692649,-0.43834575670758275,0.5980587957658056,-0.2656816791776758
0,-2.659970187362217,0.48295430529734,-1.0626403147385912,0.48295430529734,1.0,0.0,0.0,1.0,0.0,0.0,-0.7919336452747544,-1.5801668323888296,0.976508885991288,0.07884843793596563,-0.6711539287083544,0.3945896811443982
0,3.6258526499637274,4.414558417732568,0.699673069140397,4.414558417732568,1.0,0.0,0.0,0.0,1.0,0.0,0.48678656279601384,0.5863792029018557,-0.09131360165263752,0.24699540650870624,-1.1340846965187927,-0.8664671152530878
1,4.754107240225851,2.7710912646972616,2.7710912646972616,4.8622861167256595,0.0,0.0,0.0,1.0,0.0,0.0,1.5136666703830797,1.8642688850711833,0.8538892993265909,0.8972730058235131,-1.7818358238815826,-0.4393408886563309
1,2.5394165809869667,2.694419279477272,2.694419279477272,3.425344837439327,0.0,1.0,0.0,0.0,1.0,1.0,0.35474030460032385,-0.09103814783143543,-0.10830401335926915,1.9617325955927243,0.13012307553870167,0.22325785643189477
1,2.51799797833848,2.5250391572879973,2.5250391572879973,3.1504842877491375,0.0,0.0,0.0,0.0,0.0,0.0,1.1309636203769855,-1.3448465360668325,-1.4460064850781582,-0.20665289440637882,-0.8214424798269649,-0.5611577668152763
1,6.680412537817406,4.140145877561184,4.140145877561184,7.179290532074549,1.0,0.0,0.0,0.0,0.0,1.0,0.9713148560608221,2.0496763597686956,0.9748975329721591,-0.026057674289379384,2.6434319192576234,-0.007080783390966738
0,-2.4319987198765283,-0.4103991736066738,-1.2286565243456535,-0.4103991736066738,0.0,1.0,0.0,1.0,1.0,0.0,-1.3877057636448191,-0.006889043842246909,-0.411712495572073,-1.4082011874846987,0.019050355269278,1.2177478223110334
1,4.055832383215324,0.3953681617763044,0.3953681617763044,0.5794374648263383,0.0,1.0,0.0,1.0,0.0,0.0,0.11126041485416423,-0.534582763037675,-0.25809574940721325,1.1700034335811487,0.09591008280876642,-0.48485994772605034
1,3.1200910281580825,-0.7601255350940674,-0.7601255350940674,1.4924678169287948,0.0,0.0,1.0,1.0,0.0,0.0,1.2286091007312252,0.14975621486804727,1.5905208071809054,-0.6330712411903879,-0.6243678033949525,0.6381214002552497
0,1.1079838007125176,1.7665518998476775,-0.8920157634914481,1.7665518998476775,1.0,0.0,1.0,0.0,1.0,1.0,-0.36174815770293384,0.7197501337127248,0.5585591100070013,-0.33832614565590485,-0.5967776938816441,0.38616314742263025
1,-0.5223722929612997,-2.457113426787495,-2.457113426787495,-1.9760073788917953,0.0,0.0,0.0,0.0,0.0,1.0,-2.1787124672495968,-1.322278822396663,-1.0314639469174631,-0.608600742770142,0.37041562106948767,0.515856329788878
0,3.8694045904990437,4.4159678701746605,3.0031871064185,4.4159678701746605,0.0,1.0,1.0,1.0,1.0,1.0,0.40007845736368675,1.4655839851173744,0.2785528400620521,-0.011813193095431163,0.5883189136619482,0.6697348325389278
1,-0.82642128530635,-2.179112695968399,-2.179112695968399,-0.36256685948011513,0.0,0.0,1.0,0.0,0.0,0.0,-0.0983191975861399,-2.3959621523553496,1.1705323900719895,-0.823701215312041,0.9360091720821111,0.05923567589527129
1,-1.33984934717034,-3.8179988765774704,-3.8179988765774704,-0.8895748758212816,1.0,0.0,0.0,1.0,0.0,1.0,-1.4791527580111858,-0.8638039857774626,0.6989019228199034,-1.986761748803954,-0.8590740530690211,1.2530963327169478
1,2.5039831975841,1.8466539812095386,1.8466539812095386,2.408671077758263,0.0,1.0,0.0,1.0,0.0,1.0,-1.2375887995722743,1.77849497580995,-1.288686450334218,0.35716076075238534,-1.195123490607714,-0.34933975929406297
1,-0.15653672765888627,-1.6640433495513753,-1.6640433495513753,1.6005483477742368,0.0,0.0,0.0,0.0,0.0,0.0,0.14038356907507593,-0.4119007768943903,0.0012277039369178594,-1.452014418305445,-0.3927795257717034,-0.5174173421314355
1,2.8329512145822138,1.78536008217826,1.78536008217826,3.4098221932522916,1.0,1.0,1.0,1.0,1.0,1.0,-1.6402011619964112,0.6768999728146233,-0.010125530200381538,-1.4954522045282457,0.9115249794688456,1.7097641465123816
1,2.3928680562076954,0.9474740943242697,0.9474740943242697,3.305671073688285,0.0,1.0,0.0,0.0,0.0,1.0,0.012516695941270504,0.4636110274165456,1.8303366685535916,0.3192831708321648,0.15550991840671044,-1.529244422079132
1,5.265504558492301,4.183706179888486,4.183706179888486,4.865221778316209,1.0,1.0,1.0,1.0,1.0,1.0,-0.049662748006818476,-1.1835976697954136,-1.7612399876098297,0.6745093869608572,0.8272402617626421,-1.1992225558335268
1,3.4183436590811045,1.7049913545024091,1.7049913545024091,3.5287421548207503,1.0,0.0,1.0,1.0,1.0,0.0,0.2748360073075097,0.5514280321036051,-0.48264889132672273,-1.1897090770585603,0.33108051913871295,-0.0333895798437798
1,5.1950896506543,3.5499733304230734,3.5499733304230734,4.869168086439444,1.0,0.0,1.0,0.0,0.0,1.0,1.4216255962103763,-0.7307597716165595,-1.1752373545306236,0.30200636358637367,-0.09809448119683872,-0.28451334760916885
1,-0.2539995089976085,-2.359745976531522,-2.359745976531522,-0.8150706546733404,0.0,0.0,0.0,0.0,0.0,1.0,-0.4704131571295172,-0.7416082048308967,0.12323788660410256,-0.35436288033648,-1.047266001004369,0.1914629543404895
1,1.8374060722105026,-3.0415338011036237,-3.0415338011036237,-0.4099702981830654,1.0,0.0,0.0,0.0,0.0,0.0,-1.263430992016318,-1.6748168096044984,-1.0983479973151236,-2.6989266553690845,-0.8660455987031375,-1.770668322263622
1,0.25432948919531495,1.1428052089891303,1.1428052089891303,3.131106070267137,0.0,1.0,1.0,1.0,0.0,1.0,-0.418277643239536,0.6027287230710516,1.2041334606526304,-0.6991713581554131,0.4338662944861309,0.06414815801345636
1,-1.75273855905167,1.9933774630862042,1.9933774630862042,1.3782274125294391,0.0,1.0,1.0,1.0,0.0,0.0,-0.02298686640634676,-0.23386271781720586,-0.28851156203453193,-0.5437646025954644,0.7067474119582513,-0.5484962829977007
1,4.08137087330414,1.2563854684144622,1.2563854684144622,4.246048568569986,0.0,0.0,1.0,0.0,1.0,0.0,1.3296876262475192,-0.9936510759377555,-1.0816538291236883,-1.070404666683726,0.18231128130929097,-0.6977897103479777
1,1.8310252898283763,1.5448754073955357,1.5448754073955357,0.6694737628667957,0.0,0.0,0.0,0.0,0.0,1.0,-0.7693031390732521,1.0422796728502977,-0.4625909702969005,0.8425918367287792,-0.5569299259458569,-0.7427935474726022
1,2.5175850838344283,2.2044880138712952,2.2044880138712952,3.2735804574439147,0.0,1.0,1.0,0.0,0.0,1.0,-0.26461926518382756,1.3066458341687948,0.3475673307501653,0.18459019031359883,-1.5013747967067348,-0.023228942328615304
1,4.11356593413384,1.2725577661574305,1.2725577661574305,5.6783821521733495,1.0,1.0,1.0,0.0,1.0,0.0,0.1441066406139338,-1.084372840085122,-0.3708535434099867,-0.7506595946063102,0.6753794346571989,-1.314620846133448
1,5.175424471361691,3.9030176379189383,3.9030176379189383,3.954190421938301,0.0,0.0,1.0,0.0,0.0,0.0,0.823398015119076,1.0158329957792536,0.39493602025523555,1.8200540426118357,-0.1476386047025693,1.2377091900557775
0,1.3739352540368537,4.3547740386529545,1.4684760201871636,4.3547740386529545,0.0,1.0,1.0,1.0,0.0,1.0,-0.026055715136430423,0.7108406868280911,0.44423958378204376,-0.06505974987265911,-0.5708878921370024,-0.48047557616571474
1,8.964491335105826,5.6536670145207735,5.6536670145207735,8.858769137138589,1.0,0.0,1.0,1.0,1.0,1.0,2.2361458719767837,1.0405503687243316,0.5107175832270274,2.21225536833122,0.9766079961630917,1.4198884163925793
0,-1.6167689249951507,-3.8609415139788155,-1.3091085598155572,-3.8609415139788155,0.0,0.0,1.0,0.0,1.0,0.0,-2.0695244331238425,-0.390185915149479,-0.6232715001666902,0.5273066690147916,-1.252542050979403,-0.29578484613232364
0,0.234922029411756,3.70038839836141,-0.11369735387239333,3.70038839836141,1.0,1.0,1.0,0.0,1.0,0.0,-1.389344259214039,0.8016634353552092,-1.2554164169252116,-2.4900804531486367,-0.6756473168963439,-1.124786750357183
1,2.028809625453037,1.497755148262406,1.497755148262406,1.2053536685411053,0.0,1.0,0.0,0.0,0.0,0.0,-0.46893101329621045,0.39043519451361103,-0.946711835495849,0.45854076757228357,0.26615639779362515,-0.09607821629818751
1,2.1263283939774724,3.0018488204301863,3.0018488204301863,1.4427280377639606,0.0,1.0,0.0,1.0,0.0,0.0,0.6110279711500856,1.4152931170870802,1.442560173295199,-0.5803183966258276,1.330277990582176,-0.7261716552631433
1,5.816861793348703,4.013705193177875,4.013705193177875,3.4016329939391254,1.0,1.0,1.0,1.0,0.0,0.0,0.592994374762052,1.2635066802433375,0.23804180286147997,0.014954965754066768,-1.8720750505667074,1.014996373927057
1,3.052239651941389,1.249379414219557,1.249379414219557,4.338495625371279,1.0,0.0,1.0,0.0,0.0,0.0,1.4667468671957318,-2.2190955779617143,-0.8979323975735445,-2.008982085620995,0.19666049074567316,0.09841932542236331
1,1.6682444778686714,1.7026567452360701,1.7026567452360701,1.9550720293816992,0.0,1.0,0.0,0.0,0.0,0.0,-0.22554532650072948,-1.417234988308976,-2.5751777130505413,-0.9324694674215981,1.095755947174142,-2.186505374608936
1,1.0820304432037802,0.9494643129958547,0.9494643129958547,1.8920781715823765,0.0,1.0,1.0,1.0,1.0,1.0,-0.16293371087112685,-0.3666197971707611,-0.6131586920345478,-1.2431662767475746,-1.1651468118492523,-2.4552840790692905
0,0.78758524174496,2.3662641030248306,2.542872916517902,2.3662641030248306,1.0,0.0,0.0,0.0,0.0,0.0,1.0485100804671854,-0.4911508005500032,0.3845004651122219,-0.9449940282361343,1.3681745968407395,1.2227493508732885
0,-0.6100394591764358,-0.1862317976528225,-0.5295758635824573,-0.1862317976528225,0.0,0.0,1.0,0.0,0.0,0.0,-0.19994472813662004,-2.3497108263726276,-0.9648827369878838,0.7927887652023322,-1.318330373900869,-0.08834681601302274
1,1.3118593013514248,0.3034540503181342,0.3034540503181342,-0.3680138187754835,1.0,1.0,0.0,0.0,0.0,1.0,-2.818002914815019,0.05239952402413639,-2.221041587640271,-2.894861725891783,-1.210674498579525,-0.5037747417147093
1,2.0462589833869953,2.753305488523201,2.753305488523201,2.582603413688853,1.0,0.0,0.0,0.0,0.0,0.0,0.8407750147465951,-0.7319687249008505,1.019433323464025,1.1942921557275596,0.6176291382293767,-0.5646195588844422
1,6.521812285238928,3.0188681765291903,3.0188681765291903,5.874134896313724,1.0,0.0,0.0,0.0,0.0,0.0,2.1339925402786406,0.24051710676694243,-0.05683980814876016,-0.1315454108894402,1.1362948249127265,0.41800434552736593
0,7.496345020469804,9.588584959883926,7.179523640938854,9.588584959883926,1.0,1.0,0.0,1.0,1.0,0.0,1.5837593719150005,2.17951374047645,0.7313366695683876,1.7063565542142278,1.8263689308129245,0.9102848698151714
0,-1.3600208412408694,0.13512819748841332,0.3269693125579709,0.13512819748841332,0.0,1.0,0.0,0.0,0.0,0.0,-1.2813883555437782,-1.115300801030499,0.18093243489383737,-0.955444233825581,0.49172553850728673,1.6375869526959297
0,-2.2101077409716026,-1.6165544613038696,-1.2084535497496849,-1.6165544613038696,0.0,0.0,1.0,1.0,0.0,1.0,-2.8328495303357735,0.16406082519052734,-1.804163866430144,-0.37254614440403505,-0.872139279943798,-1.3931368622335936
1,1.4998363276235034,-0.07801206283336337,-0.07801206283336337,2.368776264722599,1.0,0.0,1.0,0.0,0.0,1.0,-0.33896563064912033,-0.6986619198173237,-1.7904781744861775,-0.2981172748380597,-1.0382903242500106,-0.8629654956993683
0,-0.5216048547583138,0.5911581984142386,0.30297039262741865,0.5911581984142386,0.0,0.0,1.0,1.0,1.0,0.0,-1.0196997395978296,-0.1860176940094036,-2.2461363347165175,-1.9527095749692003,0.8124167486590532,-0.9651050429209519
1,1.3369409668747931,3.5919485820314607,3.5919485820314607,1.890821113370615,0.0,0.0,0.0,1.0,0.0,0.0,0.5011201047366589,0.8963446173419234,1.290777232641296,2.2867284140007396,0.6385533248396439,1.425629828567902
0,-0.39960854449028405,-0.37642307213892434,-1.575066808312238,-0.37642307213892434,1.0,1.0,0.0,0.0,1.0,0.0,-0.7986530440747303,-2.3477274621373474,-1.7999014128337172,-3.103948742565566,-2.074294242201204,-0.8956296207580642
1,-0.09325139846511316,0.04362674411855427,0.04362674411855427,-0.2854242283761608,0.0,0.0,0.0,1.0,0.0,0.0,0.20851945268402197,-0.7410527015038667,1.062700484623229,-0.8876980721525636,0.8171328707517647,0.9634946155163353
0,-2.179131297952672,0.103323145614097,-2.80018368061622,0.103323145614097,0.0,0.0,1.0,0.0,0.0,0.0,-0.7866879602164378,-1.005059098922374,-0.3765414197962179,0.6921714284638991,-0.7087046506319596,-1.6200349990077356
1,3.518418032500084,-0.46549036869231974,-0.46549036869231974,2.7031170948379777,1.0,1.0,1.0,1.0,0.0,0.0,0.25093325341009537,-1.307159821341901,0.7922411681142858,0.22561851368162156,-0.3367415796436647,-0.9196648082086483
1,2.904319885219314,1.486993233977918,1.486993233977918,4.451034130965109,1.0,1.0,1.0,1.0,1.0,1.0,0.24672004840957049,1.0718915439372072,1.8423598164978738,-0.7795909772206452,0.9081008116473511,-0.27904854915591437
1,4.980635330684973,2.889609688833875,2.889609688833875,5.3228521754382525,1.0,1.0,1.0,0.0,1.0,0.0,-0.5669177583398339,1.5876869533414346,-0.11355626108773378,0.8440399466189827,0.38588722299697703,-0.07200401123890088
1,7.135024343810084,3.505725735812788,3.505725735812788,5.735359100100227,0.0,1.0,1.0,0.0,1.0,0.0,0.8342564447882251,1.1723039774509978,0.919340870642542,2.2454820692368576,1.1274243278506384,1.7103623744457115
0,-0.012376220446666975,1.1708860798187581,1.3953216563822046,1.1708860798187581,0.0,0.0,1.0,0.0,0.0,1.0,-0.11702334612790302,0.8712426329182901,0.8871144710300728,0.037152186702261614,0.7957028884090871,1.4998083148651709
0,3.5954638846637677,2.843161655348559,0.9489171169108589,2.843161655348559,1.0,1.0,1.0,1.0,1.0,1.0,-0.3341373706616659,-0.2869670434796564,1.4521535229059448,-0.2171806487679906,0.9582543477470273,1.797053678659685
0,-2.144265089518272,-0.6539342689089159,-2.1315656858315473,-0.6539342689089159,0.0,1.0,0.0,0.0,0.0,1.0,-1.0393766848508856,-0.42015713184981796,-0.3140560683560504,-0.3567792451104476,0.4862411784954547,-0.7995704389970467
0,0.5724819460597766,-0.6987746312192039,1.3697256075300341,-0.6987746312192039,0.0,0.0,0.0,0.0,0.0,0.0,-0.0799340671490613,0.22234199276811195,-0.287628844144903,-0.6015818794696701,-0.22441430346037983,-0.7235319547972509
0,-0.10232191913947575,3.947071794970844,2.705443201825123,3.947071794970844,0.0,0.0,1.0,0.0,0.0,0.0,0.2075235907213884,1.3877050979195413,0.8221688624014156,-1.1072117688263865,0.3560451994169419,1.0706194711755388
0,2.8456594728833795,3.7419243793909027,4.046950864991818,3.7419243793909027,0.0,1.0,1.0,1.0,1.0,0.0,0.6974079087304098,0.6881073791973386,0.8279395521934529,0.8531426796126955,0.0732787802567092,0.2289010334187353
1,1.8636740673138317,1.0256472428613184,1.0256472428613184,3.0362564336023845,0.0,0.0,0.0,0.0,0.0,1.0,-0.1113133337513089,0.6415990984736387,-0.1442218482687675,0.062167280023325555,0.8701548666096174,1.6588045767428246
0,1.262836765856258,2.1729525272510295,3.1845396711797953,2.1729525272510295,0.0,1.0,1.0,1.0,0.0,0.0,-0.3480486507490684,1.087121488070323,0.1779524032735854,-0.7425061404434965,1.0132088417425296,0.944335848325888
1,3.4010751739731333,1.8556170170905109,1.8556170170905109,5.477002434093718,1.0,0.0,0.0,1.0,1.0,0.0,1.2688356237303768,0.1285373273230047,1.0419408819842477,0.3826656778379607,-0.06522994437695928,1.1564020862370525
1,4.603551810695655,1.5409581208529175,1.5409581208529175,3.968726731314641,0.0,1.0,0.0,1.0,0.0,0.0,1.9125797181236197,0.3443308535056452,2.2250874241227674,0.5138100428260519,0.4534379885526388,0.42447919932442546
0,-1.0101651019537023,0.8497609759078593,-0.04653115451367407,0.8497609759078593,1.0,1.0,0.0,1.0,0.0,1.0,-1.7926684811858162,-1.746700393133819,-0.9127649705936542,-0.44004638604636487,0.8786902652067432,-1.306077697343997
1,2.0177579059421973,1.7774265271979373,1.7774265271979373,4.050600439234959,0.0,1.0,1.0,1.0,1.0,1.0,1.0200389857737224,-1.2421525524990877,-1.1857633746229745,-1.247479236113904,-0.4475394496571583,-1.010519657739242
0,0.11160656171619276,1.4236554471424732,1.8145153248384884,1.4236554471424732,1.0,0.0,1.0,0.0,0.0,1.0,-0.30031260016041045,0.44646846805181395,-0.7220909508182946,-1.098801552813118,-1.4614356965763005,-0.08494007962268241
0,2.1712115659729623,4.033572473615255,2.821837565227206,4.033572473615255,0.0,0.0,0.0,0.0,0.0,1.0,1.6013119301190768,1.5630548925021959,1.0271810841980311,-0.38507162036378584,-0.8919356640212658,1.348269066553895
1,2.219412048917036,1.8157221961716543,1.8157221961716543,2.923996770005486,0.0,1.0,0.0,0.0,1.0,0.0,0.48338924661049,-0.09106277685791717,-0.1536874920709332,0.045445195805309244,0.15267594857414274,0.39030023201998415
1,-0.9572396451022291,0.6605455573410743,0.6605455573410743,0.005810922063171742,0.0,1.0,0.0,0.0,0.0,1.0,-1.647476998143704,0.15744288994884478,-0.9796337597559648,0.11834985840027362,0.35964672562609545,0.5627608043712754
1,3.9862554797110743,1.1659861025664475,1.1659861025664475,4.3247239566764435,1.0,1.0,0.0,0.0,0.0,0.0,-0.13953602232887874,0.831666551876309,1.0596519650516834,-0.37297536005114945,-0.11165643612701981,0.160345985211106
0,0.050966128805141536,-0.8741998842356413,-1.3098112342979313,-0.8741998842356413,1.0,0.0,0.0,0.0,0.0,0.0,-0.4821556396203309,-0.3023457383144931,-0.3022803172862405,-1.1322387118842536,0.47064129262294274,-0.13563810561396605
0,3.5678305578641627,1.8098165421558738,2.4745232623884714,1.8098165421558738,1.0,1.0,0.0,0.0,0.0,0.0,-0.272557921081772,0.06899163982246857,-0.5388844132083964,-0.2035488639119915,1.3059945500767032,-0.5068194417887073
1,2.4225230137172353,1.9943032152518982,1.9943032152518982,4.434384610639464,1.0,0.0,1.0,1.0,0.0,1.0,0.3304813011422996,0.4337209126480559,-0.12429490657806513,0.5944443705831308,-0.21337252658792405,0.6954813263829263
1,2.6163832152468216,0.34055553531015037,0.34055553531015037,1.873198573244164,0.0,0.0,1.0,0.0,0.0,0.0,-0.532699211087722,-0.09689459909009751,-0.4445002043474238,0.05539885908183971,0.07276959201595612,-0.638095144930045
0,0.3820192843219487,-0.3097488756638507,0.10995115736357011,-0.3097488756638507,1.0,1.0,1.0,1.0,1.0,0.0,-1.0916416897074523,-0.6315122772889055,-0.489665837155309,-2.439700742814378,0.07085399664909042,-1.0307758057634109
0,0.19976567356090713,2.5893822641351507,-0.9225890485557406,2.5893822641351507,1.0,1.0,1.0,0.0,1.0,0.0,-2.0912985613509223,0.3689461369548118,-0.8258722322826306,-1.0989509019461672,0.25222214263047976,0.5948838498297466
1,2.7638138303450956,1.5331724778093785,1.5331724778093785,3.9637447913455297,0.0,1.0,0.0,0.0,0.0,1.0,0.6597670426914979,1.3443062857171193,2.026589950460907,-0.2914182886784612,-0.06477851299501525,0.6896969218101177
0,0.20063096944214287,3.7758663529461973,2.922949677510066,3.7758663529461973,1.0,1.0,0.0,1.0,0.0,1.0,0.21109806441046441,-0.2690735050392855,-1.2421625632747957,-1.1290551185883753,-1.2506361635684962,1.1855231752224917
0,3.234339409353772,5.739449434349584,3.9884724983023476,5.739449434349584,0.0,0.0,1.0,1.0,1.0,0.0,1.1341124433710585,1.3080104122045482,-0.5361708657350343,0.7296828128337247,0.18621479063589702,1.1560692143643703
1,2.046456116643572,2.1774892243425543,2.1774892243425543,2.0235383349729843,0.0,1.0,1.0,1.0,0.0,0.0,0.07126664825551535,-1.0911397073669373,-1.3553465975773888,-1.2705019748601347,-0.36534314911960886,-0.648268063396005
1,1.1626553883467086,0.04412618741115848,0.04412618741115848,1.3797547785533326,0.0,0.0,0.0,0.0,1.0,0.0,-0.13890947126164388,0.9440930135288184,-0.8571468248625214,0.7164174217783581,0.12433620939049292,1.1455280469371816
1,6.843134886809959,4.9156732723963374,4.9156732723963374,8.908699543451217,1.0,1.0,1.0,1.0,1.0,0.0,1.296708588560465,2.3426119037346584,0.6843287305177614,0.821278749390742,-1.1940399273632512,0.5676222079337517
0,-1.6273376841219456,-1.5789791188329105,-0.5835308430307831,-1.5789791188329105,0.0,0.0,0.0,0.0,1.0,0.0,-0.677069178080078,-0.263552846624291,0.12864027403414413,-0.12986910277931313,0.13212967312945972,-0.5050522604998959
0,1.5683003117715395,2.981545995112796,-0.6227463253032508,2.981545995112796,0.0,1.0,1.0,0.0,0.0,0.0,0.3761083472135811,-1.3582050442902893,0.6813979133335285,0.5836768676092892,-1.0273575410888707,-0.8699807164226376
0,0.400432406820159,0.5003150689207385,1.4533960168390865,0.5003150689207385,0.0,0.0,0.0,0.0,0.0,0.0,-0.024643544470234993,1.1224046307666509,-0.0156498330440622,0.22049306981646802,-0.015955405034766557,0.2023705641543574
1,5.598527314209714,3.421812413694897,3.421812413694897,8.625093855613283,1.0,1.0,1.0,1.0,1.0,0.0,0.823435551428334,1.182847954247819,0.04519321857205216,1.70157382627053,1.0318876027253794,1.5785013274139634
1,2.117383769405323,-0.03603042624969749,-0.03603042624969749,2.619807485988381,0.0,1.0,0.0,0.0,0.0,0.0,-0.44530425976342064,-0.08355715901025423,0.22936986693292427,0.37942296418537075,0.9490876849836609,-0.04186467677251193
1,7.372488284347075,2.4831534780393616,2.4831534780393616,6.18326951599472,0.0,0.0,1.0,0.0,0.0,1.0,1.1599325785629007,1.855027671024369,0.6301433633248992,1.2001064721477834,0.6469086062382212,1.2118010803379802
1,0.48508285475158797,1.3837490037181903,1.3837490037181903,2.07478409979164,0.0,1.0,1.0,1.0,0.0,0.0,-0.7941786611680361,0.5982693634568472,0.22638631457234357,-0.4264733972208195,-0.8142099314741607,0.817493872098098
1,3.446668748103403,1.1064655524380709,1.1064655524380709,1.4624890150757635,0.0,0.0,0.0,0.0,1.0,0.0,-0.12095628538568493,0.007921846845461378,-1.6572209108147937,-1.1318741559338183,-0.7969315012936702,-1.1451363183939685
1,3.3426806134259373,2.256677473791817,2.256677473791817,2.0484700770773867,0.0,0.0,0.0,0.0,0.0,0.0,0.790002891395024,-0.13205698323010717,0.5786598329265293,0.49073877030216295,0.909427524555277,-0.5660693191928093
1,0.9733218862479869,0.5700170261374663,0.5700170261374663,2.3049239985939565,1.0,1.0,1.0,1.0,1.0,1.0,-2.6208273817404613,-0.03709971258597655,-1.2083948525547341,-0.7865388307331425,-0.8409808433947873,-1.3047339955628485
0,0.6742359769133619,1.3022094002665883,0.5194325634824511,1.3022094002665883,1.0,0.0,1.0,0.0,0.0,1.0,-0.5948933919916637,-0.7192875282332731,-1.738633758053666,-1.0490282711486951,-2.0452641315027074,0.7504719123278438
1,7.282547089481874,2.4174359877608373,2.4174359877608373,4.811722410622268,1.0,1.0,1.0,1.0,1.0,0.0,0.9462302180271656,-1.00710807997034,-1.1618394313458669,-0.5042372559400803,-0.1588390532112206,0.3920246443768104
0,-1.1870934020861656,2.292751494879063,0.7529611512655718,2.292751494879063,1.0,1.0,1.0,1.0,0.0,1.0,0.06308891625313355,-1.9847039076136936,1.637844295605661,0.030943901890461367,0.10780168945020918,-2.2782847686516674
0,-0.6132666793072369,0.7412054731760533,-1.1447121815173937,0.7412054731760533,0.0,0.0,1.0,1.0,0.0,0.0,-0.8507865757371222,-0.1789033118853155,-1.6222886878757612,-0.3434145323206568,-1.1653229426257128,-1.3252097015347157
1,4.453938035717473,2.40766589032128,2.40766589032128,3.521417370715496,0.0,1.0,0.0,1.0,0.0,0.0,1.1183162774329294,-0.08002780351550276,0.2797289613436953,-0.16450508337807246,-0.698447976377725,0.7143476272498804
1,3.4267425733476786,0.8073305270983497,0.8073305270983497,3.120419014470261,1.0,1.0,1.0,1.0,1.0,1.0,-1.001914917358844,0.5796855142309276,-0.17651826717896052,-0.6193758549066702,-0.31463405563272806,-0.48079235936905174
1,5.481697752423098,1.2619876465887072,1.2619876465887072,4.486878739650426,1.0,0.0,0.0,0.0,0.0,0.0,0.6532088571301848,1.7774219570405339,1.050237399514633,-0.4061697363761455,-0.5585618011096093,0.460546436648667
1,4.174902330360194,3.9778205510225892,3.9778205510225892,5.073710024067167,0.0,1.0,0.0,0.0,1.0,0.0,2.259730930461095,0.025401266451288373,1.3204231125834638,1.1298544185663522,2.348528633444097,1.7719411307538855
1,-0.8466359481476193,-0.11807917843696186,-0.11807917843696186,2.0343279818270132,1.0,1.0,0.0,0.0,0.0,0.0,0.12908146959781408,-1.702322105135002,0.6950190002461896,-0.9891965710179637,-1.094874732914605,-1.406793983759639
0,-0.31810135624117764,2.218111627549631,0.011516017952821977,2.218111627549631,0.0,1.0,1.0,0.0,0.0,0.0,-0.33140612048266266,-0.7853408413144637,-1.4678918576120723,-1.4211348205732792,-1.1613072694962054,0.5219822933718767
1,1.6553909646874954,-3.064651685736685,-3.064651685736685,1.453762456803683,0.0,0.0,0.0,1.0,1.0,0.0,-0.8271915769344694,-0.007069225557838954,-1.4961983404444528,-1.0286408867737697,-1.0335263413144125,-0.5339165180581695
0,5.626708520117954,4.928480140908226,4.96056265467288,4.928480140908226,1.0,1.0,1.0,0.0,0.0,1.0,1.5900810066390754,-0.7388135834038616,-1.584451339067826,-0.31207268417335193,-1.9206687118870067,0.5992693231676036
1,0.9202146832012317,2.27567375406226,2.27567375406226,4.507754098601904,0.0,1.0,0.0,1.0,0.0,0.0,1.0325341546502251,-0.2231966998950894,-0.5263958414995046,-0.633430758554732,-0.6050303121792909,-1.394773572230072
1,3.909708415923876,0.26883298273801753,0.26883298273801753,-0.09166882147199162,0.0,0.0,0.0,0.0,1.0,1.0,0.35247649573711154,-0.014111660773537205,0.30209941929754397,-0.6373510002963286,-0.38783872750814113,-1.2975191781182773
1,5.31815637627235,1.8597509126890874,1.8597509126890874,3.538069080165556,1.0,0.0,0.0,0.0,0.0,1.0,1.2040166449683782,1.1044773544002797,-0.15259341581606228,-0.05195710471123283,1.2437513916048826,-0.05907324062353653
1,4.961355427773819,3.191949233322214,3.191949233322214,4.865276736142194,1.0,0.0,1.0,1.0,0.0,1.0,0.4488636839908479,0.868264206780605,-0.1793643833171853,0.8310893105191157,0.5648848056536746,1.0029871165179132
1,3.268350224029566,2.1399406402229633,2.1399406402229633,3.288952763128895,0.0,1.0,1.0,0.0,0.0,0.0,0.6658031903828566,0.25817016591763337,-0.20736266582928958,-0.6349838779860226,0.6662337195713698,-0.42283271412599294
1,3.4524959735759637,1.7720760806689282,1.7720760806689282,4.8824851768671715,0.0,1.0,0.0,1.0,1.0,1.0,0.45061826992396103,1.1548327910602518,-0.33173948830034905,0.11118561941168015,-0.8161926391897811,-0.11166767710979675
1,2.8548458094323164,1.2878678578754463,1.2878678578754463,4.380285774562107,1.0,1.0,1.0,0.0,1.0,0.0,-0.14259276417230846,-0.3273044339932915,-0.44660793407113836,1.1846533472826573,1.3713905759037004,0.5964369312106014
1,2.764114905786568,0.010681297312362836,0.010681297312362836,4.347857752566478,1.0,1.0,0.0,0.0,0.0,0.0,-0.8349253400911422,-1.6783177708649524,-1.845950599913095,-0.7044008796710332,-0.7720707357658019,-1.1247771297234603
1,2.1813813580865746,1.859602001401756,1.859602001401756,2.716510607638409,0.0,1.0,1.0,0.0,0.0,1.0,-0.8126075928163109,1.2319621011340027,-1.5449761561344246,0.3278232209004958,-1.0171579054466158,-1.5934062941753657
1,5.838216073011267,3.4488592825477307,3.4488592825477307,4.884690786636041,1.0,1.0,0.0,1.0,1.0,0.0,1.6017998465391612,0.9571229960441772,2.02142375211447,-0.2697604761273049,0.23757444349913193,-1.6982878867103937
1,3.923638702753939,0.9752034707116699,0.9752034707116699,3.6886195323429,0.0,1.0,0.0,1.0,0.0,0.0,0.5495208278897891,-0.05978734749037612,-1.1668996733967252,0.1041121280819074,-0.3143030308827096,0.7124948925849508
1,4.312037894466966,2.2194145019463303,2.2194145019463303,3.8050609594287654,0.0,0.0,1.0,1.0,1.0,1.0,1.7872186888711326,-0.259907156381617,-1.1880504406316992,-0.3296307353474385,-0.10241847107429536,-0.8775058032316199
1,6.30439712773654,3.20807060735475,3.20807060735475,4.943423391714044,1.0,1.0,1.0,1.0,1.0,1.0,0.7785089593326527,1.0649863326190074,2.0308285104640067,2.191337798066035,1.2456277455896414,0.04513015531690168
1,3.920958033187179,2.312993162230469,2.312993162230469,2.7967221733525767,0.0,0.0,0.0,0.0,1.0,1.0,0.5512128651660136,1.410378316763211,0.8968396075624422,0.849033044131444,0.3657021505860742,0.4533030416465886
1,2.469451938961906,1.6564716765866074,1.6564716765866074,2.860407807925489,0.0,1.0,0.0,1.0,1.0,0.0,-0.3123016470640233,1.2729776103729926,0.7957076271571811,-0.03297562908580828,-1.3901327379357236,0.6797421503433696
0,0.5057633783465688,1.2510092395444259,1.3568773894557902,1.2510092395444259,0.0,0.0,1.0,1.0,0.0,1.0,-1.2079473639572615,0.8391869526107212,-1.5190771942805423,-0.40974678220098354,-0.8019989062658245,-1.1821360642339582
0,5.4652802295281,4.865893749380439,2.901357553602658,4.865893749380439,1.0,0.0,0.0,1.0,0.0,0.0,0.9562144089557014,1.9658957363034177,1.857766130649586,0.8893896248439193,1.222467121215819,0.48798618969462826
0,-1.0239556420793807,2.6112693550194566,-0.424838415637361,2.6112693550194566,1.0,0.0,0.0,0.0,1.0,0.0,-0.929016944856716,-0.37902597052212006,0.5086164989115869,0.7982686608396173,0.6329267529845719,0.6003037129367692
1,4.143572808604245,2.151135399723047,2.151135399723047,5.573550319743812,0.0,1.0,0.0,1.0,0.0,1.0,0.547792101977508,0.9372057780037693,0.20404551117875458,1.8874623024766763,1.049734507747973,1.875375129326096
1,3.58934004411154,0.3509420211932063,0.3509420211932063,2.132262457690443,1.0,1.0,0.0,1.0,0.0,0.0,-0.7958649445686876,-0.3052396043244709,0.09297440610434715,-0.10572245733967664,-1.1425307079148421,-0.8129033214809943
1,4.719035893234804,3.4152534678710165,3.4152534678710165,3.8464622587408632,1.0,1.0,1.0,0.0,1.0,1.0,0.6835653735578903,-0.07252686038054462,0.2979241055378701,0.4952810613720525,-1.587612550918752,-0.6175403471110266
1,3.579727052381117,-0.1343867313799738,-0.1343867313799738,3.546092651478351,1.0,1.0,1.0,0.0,0.0,1.0,-0.6885167903595891,-0.2697283561540443,-0.09653493267872906,-0.42055562405794106,-1.0021602953097657,0.04525152268333904
1,2.8143371972742717,2.8499059924667236,2.8499059924667236,4.059984668165409,1.0,0.0,1.0,1.0,0.0,1.0,0.3763685248573152,0.07382903844722927,0.9865976415077506,0.9872529759191986,1.0897175223892501,-0.26975981595740217
0,2.961379818599914,3.6396604010240328,2.0239691228458185,3.6396604010240328,1.0,1.0,1.0,1.0,1.0,1.0,-0.628517241680669,0.03508951118769599,-0.909066298518045,-0.9863957469540954,0.008511533742694949,0.3548563965391298
0,1.9119714420818137,2.0068002133063927,1.795794069268486,2.0068002133063927,0.0,1.0,0.0,1.0,1.0,0.0,-0.26966616538428273,1.4398489637598157,0.2567773740895246,-1.0308623959799519,0.5878769518463379,-1.0618439743892754
0,0.0146958404651657,0.8110427949800796,-1.402066887170443,0.8110427949800796,1.0,0.0,0.0,1.0,1.0,0.0,-0.31633261245203104,-1.4823357880861747,-0.4899606455271873,-1.6837671253624353,-0.17635770813263352,-0.15026981416554547
1,-1.1168489730371718,-1.7169961247774264,-1.7169961247774264,-1.1383072029344077,0.0,0.0,0.0,1.0,0.0,0.0,-1.8405241563775518,-0.2179805191330504,-0.018390291933623404,1.5384421015786232,-0.8142642167963419,-1.1756798895109013
1,4.872404630170005,2.273454441709891,2.273454441709891,3.9843979222372377,0.0,1.0,0.0,1.0,0.0,0.0,0.15831524863995491,1.4246783875431803,0.29865855235882555,2.074494118667726,0.4648021087835955,0.765633630098321
1,3.9650619077620424,3.651430768728742,3.651430768728742,3.485019073271376,1.0,1.0,1.0,0.0,1.0,1.0,-0.674900475119471,0.13638940279699724,0.9088525499312149,0.30317554617681663,-0.86026675907181,-0.2514673652743248
0,-0.43310333900129705,-2.628050360912993,-1.9006705854150963,-2.628050360912993,0.0,0.0,1.0,0.0,1.0,0.0,-1.098991467916259,-0.6194353369243372,-0.459356877720082,-1.0083200416438463,0.3605786390592884,1.3196193468285171
1,2.1894597322426383,-0.699219171523092,-0.699219171523092,3.27478248487163,1.0,1.0,1.0,1.0,0.0,1.0,-0.581346851828019,0.30919865117093653,0.9109151623230272,0.513461517927579,0.04996956517663864,1.4070392635789095
0,-0.15352542317027806,0.8826884797353387,0.5348746540869022,0.8826884797353387,0.0,1.0,0.0,1.0,1.0,1.0,-0.7964226923697549,0.6232833051114997,0.25143825497338723,1.4119049114441382,0.13135486419371595,0.035225748372811505
0,-2.1441991971661585,0.2798298945611853,-1.003150286353135,0.2798298945611853,0.0,0.0,1.0,0.0,1.0,1.0,-0.738276359445014,-0.20719122878833052,0.10542139419217973,-1.5025215388553326,-0.8846843184301959,-0.2509225649000961
1,4.992578370641866,2.2675600887563663,2.2675600887563663,3.433840167798872,0.0,1.0,1.0,1.0,0.0,1.0,0.5541783898470752,0.8008858521386423,0.13416935441507566,-0.31516266040734797,0.6799150086903007,-1.257042101880481
1,2.6724286766974643,1.6102420968375952,1.6102420968375952,5.212318768794944,0.0,1.0,1.0,1.0,0.0,0.0,1.0437568977982095,-0.16316070814087902,0.8019389737052944,2.938135522489355,1.1119803016526553,-0.5737985712482949
1,0.7554431707603697,0.39864593385306635,0.39864593385306635,-2.2647627800955954,1.0,1.0,1.0,0.0,0.0,0.0,-2.2052265593382305,-1.1583942969956194,-2.1288387598538527,-1.71374720503446,-2.3205174170724407,-1.6316582412633398
1,2.8477121557651395,0.4220282893871339,0.4220282893871339,3.6433671439231556,1.0,1.0,1.0,0.0,1.0,1.0,-0.7240372375872194,-0.6872105427474167,-2.0497720758494133,-0.2771640214567018,-1.432836626186178,-1.1675626632430458
1,4.2380138391616144,2.952584656513676,2.952584656513676,4.565463345157234,0.0,1.0,1.0,0.0,0.0,0.0,1.3418463142301602,0.777740819297622,2.104284227895345,1.1912815850143026,2.421381523940679,1.375349000294894
1,1.7701399286861847,2.3581775001633694,2.3581775001633694,2.2118230906462606,0.0,1.0,1.0,0.0,0.0,0.0,-0.10645970919919676,-0.5632919036663047,-1.5671265206519123,0.15887781861353553,0.8363615384176809,-0.6414845803867779
0,4.832822300972312,6.471132985107912,7.049373447687682,6.471132985107912,0.0,1.0,1.0,0.0,0.0,1.0,1.7741565728308193,2.73708453844275,1.8917294539429457,1.3746288587460278,2.221911745655186,0.9243584758574078
1,5.991732552296032,3.928002127054602,3.928002127054602,7.223844540869665,0.0,1.0,1.0,1.0,0.0,0.0,1.9812436822662303,0.8665608135968489,-0.8334245414799852,1.2123818636149544,1.3801212670144951,1.0902157176687313
0,1.2823973912513722,4.552160603690879,-0.16616195121514998,4.552160603690879,0.0,0.0,0.0,0.0,1.0,1.0,1.8928455671717979,0.3176416648201287,0.10877414197567542,-0.6610614193776365,0.33928734467322974,0.40642394305152785
1,0.6284755403937172,-0.12168814899601794,-0.12168814899601794,1.1530163340679864,0.0,1.0,1.0,1.0,1.0,0.0,-0.8059902959672313,-1.0127093092727362,-0.8846363827905545,-0.6874924858907776,-1.6888318972965515,-0.4423315143693064
1,1.4886278300081013,-1.37483051695205,-1.37483051695205,1.1032003771113952,0.0,1.0,0.0,0.0,0.0,0.0,0.22730815520509118,0.4677347874545972,0.3585624482159734,-1.2015687294532813,-0.7448995337103267,-0.36904866551481474
0,-0.785627402724967,0.7977024634998258,-1.8985365891407835,0.7977024634998258,1.0,0.0,1.0,0.0,1.0,1.0,-1.0371994478528628,-2.457400841390578,0.32943904043475547,-0.9523267928049115,-0.7637623398277947,0.43886884093368095
1,0.6742380011600153,-0.2532270115063838,-0.2532270115063838,3.330556411714663,1.0,1.0,0.0,1.0,0.0,1.0,-0.6930601996767132,-1.4222827907394042,-1.3183845281349673,-0.33237511566960365,-0.9006347066909055,-1.4754962250968788
1,0.7746426773468624,-0.743758371218794,-0.743758371218794,0.6257863294266501,0.0,0.0,0.0,0.0,0.0,0.0,0.014573078824317548,-0.8216311222104129,-0.37281686835954614,-2.3815675662722295,-1.031362276557516,-0.9334322619789005
0,2.281622036055114,4.458542720730524,4.772856438771525,4.458542720730524,0.0,0.0,0.0,1.0,0.0,0.0,1.8211513114601268,1.0290914937828461,0.6394790435606815,1.7994291988251632,0.9902223915241648,2.581402262158955
1,5.16038877431252,3.0361067746359085,3.0361067746359085,5.761720312963421,1.0,0.0,1.0,1.0,0.0,0.0,0.43656575628141875,2.013221489133618,1.284648472619529,-0.4096790948035015,-0.8767938486024817,-0.05011498657031099
1,3.891787991254873,2.2981746717992406,2.2981746717992406,3.2999541009709974,1.0,1.0,0.0,1.0,1.0,0.0,0.241052795220165,0.2929312621244162,1.773562217758572,0.27472503573544316,0.3882093406835853,0.8905112919372963
1,1.8745700221344797,1.0778753119577145,1.0778753119577145,3.0659764079405813,1.0,0.0,1.0,1.0,1.0,0.0,0.16113788659025832,-0.8452724378780515,-0.12463297848235719,-1.1669706172288332,-0.4716467116559721,-0.1360461539033762
0,0.1268731147027471,2.9758985427558264,0.98120175866109,2.9758985427558264,0.0,1.0,0.0,0.0,1.0,1.0,-0.8836804343288046,1.07571551455875,-1.918974670734369,-1.359404921226272,-0.7769774433191947,-0.043881326542945964
0,0.5910401515280466,0.9937980290667925,-0.5128039282306739,0.9937980290667925,0.0,0.0,0.0,1.0,0.0,1.0,-1.1636702505116818,1.7003623746992012,1.7290430099250986,0.6766783201073763,1.2611691079556882,0.8510501023102435
0,4.524554615680996,6.581702413761538,1.7248221258749505,6.581702413761538,1.0,1.0,1.0,0.0,0.0,1.0,0.6376581044838163,0.24847605569033931,-1.1240458548283985,0.9659789870742912,-0.3403978926338737,0.26873805197492284
1,5.19382651421087,5.572370143567949,5.572370143567949,3.850292368776266,1.0,1.0,1.0,1.0,0.0,1.0,0.15664220182409594,0.4033197459421827,-1.156175620492101,1.1995764813307799,-0.18357771450102273,0.9631599266957609
0,-0.42567111121374146,1.981666367468773,1.7974282366823986,1.981666367468773,1.0,0.0,1.0,1.0,0.0,1.0,-1.0652971057380745,-0.4707686310187186,-0.4993084731847604,-0.4142900218147853,-0.6724250064527004,1.7269785221192862
0,-0.15223567197968557,-1.2016955334416504,-2.75733110109712,-1.2016955334416504,0.0,0.0,0.0,0.0,0.0,0.0,-0.20915340053486256,-0.8797809207214418,-1.1236902237857862,-0.8823675354734728,-0.6672820449015288,0.3303749945037119
0,0.14897605906882766,0.9397108755234131,0.1503648692803547,0.9397108755234131,1.0,0.0,0.0,0.0,1.0,1.0,-0.6479918619712699,-1.0471852551293608,-0.4689011156453804,0.310392670001289,-0.27715985682357963,1.4579191977193482
0,0.48867797015813663,1.1306869249597216,-0.2499814891192017,1.1306869249597216,0.0,1.0,1.0,1.0,1.0,1.0,-0.25179860371882,-1.3745137323663708,-0.3359434808345918,0.10475556832949418,-2.0589570448488863,-1.1443745950403121
0,3.9160608183701133,6.114676490261032,2.750513290077295,6.114676490261032,1.0,1.0,0.0,0.0,0.0,1.0,0.29843348611238263,1.9443905635678147,1.2172189966537668,1.0472766749183002,0.21504860681613103,0.15450086861951817
0,4.9781014746749275,3.7408732423680178,3.0592657990714094,3.7408732423680178,1.0,0.0,1.0,0.0,1.0,0.0,0.5612525013102369,0.605899589087691,-0.5357470360188752,0.951417056452806,-0.18331037933530903,1.3238770867992222
1,2.263291958114805,-0.21974119557999194,-0.21974119557999194,1.7612342652504802,0.0,1.0,1.0,0.0,0.0,0.0,1.092923971060482,0.09094646454031068,1.4990098695068474,-0.07353455319644137,0.14921693358071494,-1.555911544740986
1,2.4587123296455027,3.341959855870429,3.341959855870429,2.7833397795392196,0.0,0.0,0.0,0.0,1.0,0.0,1.1459341809608972,-0.19573593963883357,-0.2872612645102045,0.6831366402732254,-0.11051314522771366,-1.2309076873185323
1,4.051164152150045,2.9991427057553226,2.9991427057553226,6.037942035630804,0.0,1.0,1.0,1.0,1.0,1.0,1.628798380943152,0.2672248889410486,0.7367584845839658,0.2541997332400317,0.9759165215814305,0.9804260496723303
0,0.04288097293537102,0.935709435948455,0.5972843229920161,0.935709435948455,1.0,1.0,1.0,1.0,1.0,1.0,-1.3425115441103925,-1.3439102312268831,-0.8089957807513647,0.03299249752148975,-1.4029302676957474,-1.4623134740814376
0,1.9953054027692687,2.025983817856068,-0.41942561108248466,2.025983817856068,1.0,1.0,0.0,1.0,1.0,1.0,-1.2033241393215615,1.0250354840453637,1.9837139743562302,-0.20182499612310004,0.2293056082747824,0.6661928387758584
0,1.6695534936150025,1.8757380780772421,-1.4785466563526977,1.8757380780772421,0.0,0.0,0.0,0.0,0.0,0.0,0.31060783210863996,0.7176597731477904,1.397842308975233,-0.3667218891466604,1.2252009620444966,-0.5730933594056548
0,2.2308713412700016,2.814272960759847,2.017400923603697,2.814272960759847,1.0,0.0,0.0,0.0,1.0,0.0,-0.8222655522035858,0.7966026501870858,-0.02742436413083371,-1.0934332824416042,0.6239466909310967,0.7690127977694661
1,3.041339949868727,2.86706794122978,2.86706794122978,3.2859390635674943,1.0,1.0,0.0,1.0,1.0,0.0,0.12267851322965019,-0.8589151069910432,0.1926071058974124,0.4037698814165174,-0.28744097588942574,0.11758152101888988
1,0.9493587553355769,0.43312166115441714,0.43312166115441714,1.895102500914996,0.0,1.0,0.0,1.0,1.0,0.0,0.18271990366053736,-0.40741755168764876,-0.6398885643875957,-0.8424705244298987,-0.4902573346324699,-1.3087895914841186
0,1.5024305427786295,4.53868301097853,0.7775888628728118,4.53868301097853,1.0,1.0,1.0,1.0,1.0,0.0,-0.6934573534011927,0.9331715550727695,0.21921457895603935,-0.5158453485690758,-0.43074770179695093,0.8595761616523909
0,1.5659824474869715,1.6045342929442223,-0.9491503524622563,1.6045342929442223,0.0,0.0,1.0,1.0,1.0,1.0,-1.337467308322308,0.5389995722201705,-0.3964512869940509,0.424924066177313,-0.09139397948056568,-0.38336297938474717
1,1.8899650099163305,-0.3949842313868296,-0.3949842313868296,0.7121998964513436,0.0,0.0,1.0,0.0,0.0,1.0,-0.10341005737142302,-0.1631150867842262,0.6980372008385313,-0.5908097724515825,0.4305843836894352,0.8506816253556668
0,0.7322321917261408,-0.055230000982225386,-1.9572041200504668,-0.055230000982225386,1.0,1.0,0.0,1.0,0.0,0.0,-1.970506899182174,-0.13137866636479623,-0.47868371599970905,-1.1528596324953184,-0.7090081840700466,-0.995132626621091
1,4.070895766534459,4.892050198148662,4.892050198148662,2.43916530991886,0.0,1.0,1.0,1.0,1.0,1.0,0.5166954393291204,0.18602717584961037,0.05805408130869105,1.051795226590168,-0.7960758141909633,-0.2942888356362353
1,3.6738174711511618,1.5004087611341255,1.5004087611341255,2.786794905270505,0.0,1.0,1.0,1.0,1.0,1.0,0.4056853354779539,-0.26636466920275137,0.05662010120740879,-0.20303004947077113,2.23678591790524,0.7142735104172736
0,1.4499040451225298,3.8886669991217264,2.884631750257678,3.8886669991217264,0.0,1.0,1.0,0.0,0.0,1.0,0.8227642971618399,0.374150644367028,1.2496861133143837,0.9335075950981598,-0.7786082860653855,-0.8807975816262184
0,2.039416871971854,1.5784450910709937,1.7192628586144223,1.5784450910709937,0.0,1.0,0.0,1.0,1.0,0.0,-1.3580362378443271,1.3380028384166591,0.0027291244816847193,1.2554798243638987,0.4558815595984855,2.0324927267008075
0,-0.30011982485170896,0.8233816843699077,-0.5503951118774834,0.8233816843699077,0.0,0.0,0.0,1.0,1.0,0.0,-0.872325049804185,1.2812680559120482,0.16618463304384157,-0.5304665023969928,0.19990879198839925,-0.17553109140418555
0,-1.4223728253072334,-1.1694531264173142,-1.3824919476716864,-1.1694531264173142,0.0,0.0,0.0,1.0,1.0,0.0,-1.1159560527221046,-1.3189167621117115,-0.7868597618953003,-1.0465759203380898,0.36095307926616105,-1.968805072305093
1,3.194776829205421,1.2514010607002382,1.2514010607002382,0.12699638756973508,0.0,1.0,1.0,1.0,1.0,1.0,-0.8776281707923748,-0.6473334284644044,-0.7098945291432893,0.06485181669609012,-0.7862841895136535,0.2859377770298618
1,3.7096224579573986,3.101664204834376,3.101664204834376,3.5637715261002967,1.0,1.0,0.0,0.0,0.0,0.0,0.04358260287097761,0.18128533886827092,0.49183232098891394,0.8096984662092952,-0.3148619632287289,0.2989656206755971
1,4.130541015000299,0.41844288112319217,0.41844288112319217,3.9492956564554973,1.0,0.0,0.0,0.0,0.0,0.0,0.2798026191114625,0.13467787304429163,0.22946602920752462,-0.4620018630385911,0.4713302371854242,0.5523761205314053
1,2.4088171619159033,4.272993377488448,4.272993377488448,5.262178107706568,1.0,1.0,1.0,1.0,1.0,0.0,1.3763859126824556,-0.28970205874026833,0.08129705764286768,-0.021143466294188708,0.28316491482218376,0.3112443030665081
0,2.471072514835088,1.4376857003707495,0.7944166786915761,1.4376857003707495,1.0,1.0,1.0,1.0,1.0,0.0,-1.692962858640272,0.3479766715307991,0.09259280064234661,-0.24947333607368122,0.5436164346559917,-1.2399253592966866
0,1.010604461839919,2.615170980571995,2.4721349707128963,2.615170980571995,0.0,1.0,0.0,1.0,0.0,0.0,0.9004618651010757,-0.6713049628032397,-0.2948390258526816,0.38873067205476874,0.7236166458764617,1.1952864876393672
0,-1.9158525763019758,-0.0687238193712092,-2.5032502655239632,-0.0687238193712092,0.0,1.0,1.0,1.0,1.0,0.0,-1.5853631986693575,-1.4089452496739312,-0.25918455591625345,-0.5987424157370973,-1.7493476791743634,-0.9572947049368452
0,-1.5024052862113682,1.5928778981474487,0.9095588256203906,1.5928778981474487,1.0,1.0,0.0,1.0,1.0,1.0,-1.082954832148681,-0.0680706925911041,0.7916043560341113,-0.578533072910761,0.6334708987443443,-0.6510941405844473
1,3.1604694293497033,2.568695548471923,2.568695548471923,3.04809479856071,0.0,1.0,1.0,0.0,1.0,0.0,1.1901838859286862,-0.12017166719330921,0.1511815863397586,0.23240044914722555,-0.44437311363123605,0.2693259995376934
0,1.65812475987738,4.144774207498644,1.9711474045852484,4.144774207498644,1.0,1.0,0.0,0.0,1.0,0.0,0.11166513459242701,0.5850177900007466,1.7405109330398154,1.0447182803926198,1.3191857319825202,1.982792242673646
1,1.2745547280656206,2.5963094297377074,2.5963094297377074,2.5485696374459352,1.0,0.0,0.0,1.0,0.0,0.0,0.19130503102832747,-0.4183634861799367,-0.04662241445715548,-0.9017363845777251,0.7688829909231987,-0.5041521141224863
0,1.178226300734097,3.022326115783101,1.1169210065352728,3.022326115783101,1.0,1.0,0.0,0.0,1.0,1.0,-0.2341330568044889,-0.6253853384718165,-0.6796644058990684,-1.1114022111312059,-0.7452318732739255,-1.1430670921199173
1,5.495391598213877,5.638444752385624,5.638444752385624,2.562525466485384,0.0,1.0,0.0,0.0,1.0,1.0,1.3512571089789431,0.45735876472205217,-0.6634130465687647,0.6714040065327183,-0.7964604501184618,-0.2572171214290965
0,2.161484858435146,3.504224536444897,1.2475508474168078,3.504224536444897,1.0,1.0,1.0,0.0,1.0,1.0,-0.09145813108458906,-0.11696843411820446,-0.5418397078068466,-0.752301861548256,-0.3928806647023694,0.6095588973383633
0,0.44401045851195864,5.660552805856025,3.03994795618134,5.660552805856025,0.0,1.0,1.0,1.0,0.0,0.0,0.630068973194713,-0.07975334862418659,1.2249664070011117,1.7038961942955388,1.794444576800145,1.3555558492244983
1,4.5198051367831225,2.1466992705960535,2.1466992705960535,3.7995057269954486,1.0,0.0,1.0,1.0,0.0,0.0,0.3523720348333802,0.4216427192104766,0.14035725908564245,0.5843052523224141,-0.3014940022497514,0.3644566085302172
1,3.4031756166743725,2.376177943989462,2.376177943989462,3.880890516850659,1.0,1.0,1.0,1.0,0.0,1.0,-1.5640336600816351,1.2712070922273524,0.42745757607026574,1.7585564627455377,0.03820783609736789,1.0802297427015692
0,2.021713896195945,4.226673787806777,3.842723694818758,4.226673787806777,1.0,0.0,1.0,0.0,1.0,0.0,-0.2775070152543942,1.2600286536616234,-0.25311002788988934,1.2278142780248422,-1.1220480269803168,-0.09758602534047314
0,-2.9677459905303936,-2.4514782825878743,-2.35774859311087,-2.4514782825878743,0.0,0.0,1.0,1.0,1.0,1.0,-2.4515590360517914,0.7389276863007775,1.3263968042663397,-0.6543614370155111,0.494740772412734,-0.6245541200329828
1,4.0327309346607745,3.1554123143050803,3.1554123143050803,3.9756359550748366,1.0,1.0,1.0,1.0,0.0,1.0,0.2267356487670809,-0.5653238267984808,-2.177695080142888,-0.19181508000772476,0.7562373920182736,-1.0737242308087445
0,-0.6922223898836098,1.628020818514625,-0.6733859386021951,1.628020818514625,1.0,0.0,0.0,1.0,0.0,1.0,-0.6528907732080497,-1.1046729376420403,-0.9372558163213807,-0.5156200494959169,-0.8955770596880681,0.04660270661841992
0,3.8857932842332157,4.565584981403573,6.590197256585863,4.565584981403573,0.0,1.0,1.0,1.0,1.0,1.0,0.9210942368860396,1.9917348210475883,-0.5595537929927025,2.2968678280138013,2.2866631920417895,0.33059025691076527
1,5.21792167286094,2.4738188205712457,2.4738188205712457,4.764587282078318,1.0,1.0,1.0,0.0,1.0,1.0,0.1772806640096483,0.6495962789250321,0.9230641676517999,1.1222649149901371,0.9898398931353652,0.36236004540610095
0,-0.13645918070183102,0.649749984379994,-0.9129528521566561,0.649749984379994,0.0,0.0,1.0,1.0,0.0,0.0,-0.8603152513361239,0.6596799738243272,1.3002978807644179,1.7499656423345529,-0.19751914010168237,0.4663496206334396
1,5.019941472385628,6.283419203700206,6.283419203700206,4.7059816046923,1.0,0.0,0.0,1.0,1.0,1.0,1.8782001674241022,-0.10825850368100592,-0.8346840752529774,-0.08889537800370001,0.1726983246571278,0.5413205481091319
1,4.680108026932789,0.6707464940453667,0.6707464940453667,2.4594621508204058,0.0,1.0,1.0,0.0,0.0,1.0,-0.1930668623540774,0.5700194384292975,-0.5675901412311635,0.04885994370683877,1.106893700481162,-0.039906089175839626
0,-0.5264160637445163,-0.72459888131742,-0.23680488698752888,-0.72459888131742,0.0,1.0,1.0,0.0,0.0,1.0,-1.8735688563886783,-1.1086937595162016,-1.9336489435007491,-0.9450687829320409,-0.6619393884739259,-2.747778948680498
1,1.5535372414028965,-0.8954819564284825,-0.8954819564284825,1.3556569185863654,0.0,0.0,0.0,0.0,1.0,0.0,0.08903645179768108,-0.08689758856709792,1.074956322954715,0.27671792559219377,0.11037302746666122,-0.1340305184118637
0,0.4677171750753446,-1.2747957273073973,-0.8782206350544889,-1.2747957273073973,0.0,0.0,1.0,0.0,1.0,1.0,-0.853906947500657,0.04274666518329551,-1.3604483862783143,-1.0803645903324055,-0.07978286597607287,-2.1060468028610604
1,2.35864473878031,-1.3873769631849313,-1.3873769631849313,3.109649010760821,1.0,1.0,0.0,0.0,1.0,1.0,-0.896225993539298,-1.4848191136862305,-0.1661283238738993,0.32767367200502273,-1.094926402351074,-0.9390424094089989
0,1.3858918194383874,5.01960594298372,1.1653075589503028,5.01960594298372,1.0,1.0,1.0,0.0,1.0,1.0,-0.20134248463035662,0.1853779225738449,1.0196222840018725,-2.0723695436921266,1.3674504147826974,-0.7546191611997484
0,-0.28461817322149363,2.342400629653558,1.405686749226921,2.342400629653558,0.0,1.0,1.0,0.0,0.0,0.0,-0.30865713849635323,1.132970321978425,1.9406475775202898,0.4771983053884828,1.5177887094254128,2.1521896284490696
0,-2.7488993207797705,-0.865030271372676,-2.0003969033275513,-0.865030271372676,0.0,0.0,0.0,0.0,0.0,0.0,-1.7770920268752002,-0.31365953436732563,-0.832309353395801,-0.7768125459454323,-1.2483353346309347,0.5142479014322435
0,0.7316122658689445,1.5711632558817055,-0.8212463516387729,1.5711632558817055,0.0,1.0,1.0,1.0,1.0,1.0,-0.8410621282783516,-0.06180143990562778,0.11125512204935056,-0.2857764657894404,0.0841060500368713,0.9319752968234569
1,2.278973293425825,-0.5333466585257457,-0.5333466585257457,1.4645541352765996,1.0,1.0,1.0,0.0,1.0,0.0,0.07809410243767591,-1.6259050495487606,0.592486748012843,-1.1065538175859724,-1.2034423502360765,-0.6313291076028238
0,-0.5268988471920354,2.9565703473933764,0.0012401714172441403,2.9565703473933764,1.0,1.0,0.0,1.0,0.0,1.0,-0.41621847851438,-2.027865022671299,0.11327232992049746,-0.3667189982707835,-1.1248461754403456,0.41868856710625535
1,-0.5536885953472255,0.05749741844076739,0.05749741844076739,0.9277949874696532,1.0,1.0,1.0,1.0,1.0,1.0,-1.2504985746458017,-1.1356618247126677,1.4550577738692831,-1.3497268717539335,-1.290932948517644,-0.6081114659531561
1,3.862397167256728,1.8685584544241811,1.8685584544241811,3.75948134832227,1.0,0.0,0.0,0.0,0.0,0.0,0.3470659743193473,-1.0287318109114203,-0.6674784437922459,0.4447655431043989,0.01494789777853145,0.2615269984354746
0,-0.6826622598663892,0.6934586197478301,0.00755277651268188,0.6934586197478301,1.0,0.0,0.0,0.0,0.0,0.0,-0.3402705299398776,-0.33091867806437036,-0.25544924086542387,-0.6339656572659232,-0.3964303831439018,-1.2568303651736126
1,1.0710217643238944,-1.2543730404905702,-1.2543730404905702,-0.38270784464741325,0.0,1.0,0.0,0.0,0.0,0.0,-1.6809679723243034,0.7867955074824576,1.210320045649576,-1.5566906166324106,-0.4914567817722279,0.3455093276896018
1,3.9132257257979415,2.203566764201287,2.203566764201287,3.536439983732321,1.0,1.0,0.0,0.0,0.0,1.0,-0.19132700993874519,0.18203882524512685,0.3721211283217897,0.4999344290430291,0.44515278641427514,-0.5260991960951383
0,-0.3721543868962375,-0.4454243183956649,-0.1330345735906187,-0.4454243183956649,0.0,0.0,1.0,0.0,1.0,1.0,-1.010503529844849,0.05265133389058013,0.38881859295549637,0.5628304258301083,-0.581327063835394,-0.26098026712510536
0,4.443582283160466,5.413118164156911,2.9379346695636905,5.413118164156911,1.0,1.0,1.0,1.0,1.0,1.0,0.00010521257863480638,0.9461049532047651,0.7092348688872365,-0.10596040184778097,-0.01419997061249123,1.2154960033628206
1,3.1732383555368653,1.1814956510321641,1.1814956510321641,3.2250465375096726,1.0,0.0,1.0,0.0,1.0,1.0,-1.183032374286924,-1.235659301134683,-1.0746088757626986,0.695567368374502,1.1817723022271616,-0.7070959580084002
1,1.4465770785551633,1.2724431572568968,1.2724431572568968,1.4812835192513794,1.0,1.0,1.0,1.0,1.0,0.0,-0.633802557614494,-0.3226861817748081,-0.5901608831925313,-0.7654984735388544,-0.6040860048260788,0.36457099655145436
1,4.675873386227682,3.454633992611867,3.454633992611867,4.579250418526599,1.0,1.0,1.0,1.0,1.0,0.0,0.44138379943013184,0.30774421041595035,0.22616760137961298,0.36441853924748885,-0.5500320462073798,-0.497799642860015
1,1.9001497714162436,1.5671180713965787,1.5671180713965787,2.0122148007930782,1.0,1.0,1.0,1.0,1.0,0.0,-0.40733064194674257,-0.9252292781159849,-0.03692985046777683,-1.9218127680188855,-0.3551558679409831,-1.3222244356590478
1,1.978871455773388,1.0678169547937941,1.0678169547937941,4.014579471998361,1.0,1.0,0.0,0.0,1.0,0.0,1.029979038134672,-0.19475804765531024,1.8374925754150282,0.8624952363334853,0.7786078367435036,-0.01635966864271099
0,0.26281402053688857,0.9964956563363037,-0.311841192879713,0.9964956563363037,0.0,1.0,0.0,1.0,1.0,0.0,0.2029307965463931,-1.7579953592111763,-0.7013449403219965,-0.2870977488616368,-1.090439513978106,-0.8252560951173769
0,4.453062794595671,4.3288072220651514,2.394060503370176,4.3288072220651514,0.0,0.0,1.0,0.0,1.0,0.0,1.1852888794881933,1.2781096946398223,1.4360199528098763,1.2347129008263626,0.17138474548164923,-0.8172573413491079
0,0.18173871537802494,-0.2516119369024623,-1.0813046688433312,-0.2516119369024623,0.0,0.0,0.0,0.0,0.0,0.0,-0.32834064529936036,0.3523131633167864,-0.7137117071752707,-0.4868904079783286,-0.6458826349725647,-0.9139411448667518
1,0.7076424876716967,3.265023363603901,3.265023363603901,4.478365610399843,1.0,1.0,1.0,1.0,1.0,0.0,-0.17416407936372008,0.06917702851692431,1.0717844014137432,1.4597789490829618,0.7811558796815092,0.44599961855663867
0,1.5952960950468027,2.8712017868120685,1.9214193023766621,2.8712017868120685,0.0,1.0,0.0,0.0,0.0,1.0,1.0748530553705233,0.4658631325649466,0.28429155325661953,1.0029191934325445,0.41920789819023174,-0.513261095897851
1,0.5192217601362141,-0.13524555912177538,-0.13524555912177538,-1.0616263496743281,0.0,1.0,0.0,0.0,0.0,0.0,-1.3559234547051455,-0.40569812226893787,-1.1864001851466819,-0.9608453067968309,-0.9718103213092082,-1.2190823318383237
0,1.9630962222805224,1.0814272228907214,1.9568516977755523,1.0814272228907214,0.0,0.0,0.0,1.0,0.0,1.0,0.8435713069957885,0.9089116419356426,1.1384097314448502,-0.17078515942832995,-0.2825066164100192,-0.35389095047299113
1,2.27434979799798,0.8321756680522152,0.8321756680522152,3.7191187234563468,0.0,1.0,0.0,1.0,1.0,1.0,-0.3645425226932101,0.6970132139550036,-0.6334924293684738,1.6721819410132397,0.6353280368720423,0.7122935005326594
0,2.6284347647232895,6.382151239889309,4.13614305778635,6.382151239889309,1.0,1.0,1.0,0.0,1.0,0.0,0.9604879168208444,-0.41195240571521363,0.6399077798415123,1.64030421701061,-1.194157947873977,-1.2964968770789618
1,2.6046685033980324,1.2545711162821989,1.2545711162821989,2.4360513545176783,1.0,1.0,0.0,0.0,1.0,0.0,-0.14656656464460888,0.428773934076008,0.2525001650406335,-1.2093863250231653,0.4059786474328095,-1.6775591679026731
1,1.0649990983047348,0.5859725001010478,0.5859725001010478,0.17817097867307702,1.0,1.0,0.0,0.0,1.0,1.0,-1.1411438870029322,-1.289477185725316,-0.05300898171394004,-1.5157944989314482,-0.32242152610135244,-0.013330872948615735
0,1.7069375363960044,2.8195013991609437,3.9529085450018657,2.8195013991609437,0.0,0.0,1.0,1.0,1.0,1.0,0.08275249320161643,0.4455346013374083,-1.9849842511154807,0.02703732145995169,0.6731253200021224,-2.4661956206162765
1,0.6663717478485296,0.1313963126417711,0.1313963126417711,1.0040886462030891,0.0,0.0,0.0,0.0,0.0,1.0,-1.2687899131961553,0.17151782972316332,-1.3614842660552484,-1.3170428183326681,0.48162218690195224,-1.3352026461102369
0,1.9281815890876044,0.8096700001961625,1.080597093501354,0.8096700001961625,1.0,1.0,1.0,1.0,0.0,0.0,-0.9674711799135421,-0.8685843608476429,-0.4569688869434478,1.0846997352256451,1.0773226011122765,-1.5006412150475723
0,3.6458789289043976,6.511316656593377,1.4972457429829018,6.511316656593377,1.0,0.0,1.0,1.0,0.0,1.0,0.472553287597699,-0.03597593702641677,-1.331747089475142,-0.4870097494921782,-1.7919871702274226,-1.4059043815274417
0,2.20760477075618,6.208851939474645,3.6301807953839806,6.208851939474645,1.0,0.0,0.0,0.0,0.0,0.0,0.6272074002981107,2.612454030407213,0.8865171060358459,-0.6180792440777275,1.5422707332938805,-0.21897587135592156
0,-0.444608048081627,1.1239841941647417,1.9640614564556729,1.1239841941647417,0.0,1.0,1.0,0.0,1.0,0.0,0.8440503442491115,-0.2555796564895836,0.677146070377008,-1.2691934278914414,-0.01586823936101642,-0.23740529127505983
1,1.407526499163302,1.2995792433066748,1.2995792433066748,3.292010627693193,0.0,1.0,1.0,0.0,1.0,1.0,0.5628333481989918,-1.1760281727903925,-0.633125452248404,-1.104213783042294,-1.7555680055906597,-0.41449073891566557
1,1.380522420107908,-1.1218694358529349,-1.1218694358529349,-0.4510764192429534,1.0,0.0,0.0,0.0,0.0,0.0,-0.6126693657318166,-2.182980453615108,0.8481680136563707,-0.4879727727439447,0.4573410741406581,0.6346657365436337
0,-0.9283144124215361,1.7896046179550034,0.25362895002763064,1.7896046179550034,0.0,0.0,1.0,0.0,0.0,1.0,-0.08458858160012363,-1.3759239744598393,-0.899287102014233,0.293571793015246,0.08569683861762045,-0.2180221517812302
0,2.331292971022719,2.9517318678720987,2.054853354483728,2.9517318678720987,0.0,1.0,0.0,0.0,1.0,0.0,-0.15375927169287204,0.925401315975291,-0.03777716905523543,1.38622036346603,0.04683295763285816,0.4514140913628261
1,2.396704949619672,0.467525919923654,0.467525919923654,2.0632493986541522,1.0,1.0,0.0,1.0,0.0,1.0,-0.7365220116447695,0.13960335820618408,-0.09453475957090016,-0.17683407849302374,0.36232797352307744,0.2820211439174926
1,0.9510962853300816,-0.26907540045792466,-0.26907540045792466,2.1976907854496734,1.0,1.0,1.0,1.0,1.0,1.0,-1.0213941218322482,-1.3832662807332208,0.48778147854267206,-2.7395992591789486,-1.4745899549620578,-0.3289715842422118
0,1.1348747043064003,1.4275054351788248,-0.8268701793869326,1.4275054351788248,0.0,1.0,0.0,0.0,1.0,0.0,-0.7734775861148223,-0.4069472817645048,-0.42773948997321753,1.4267976836769884,-0.05380941791209307,0.23713709481310327
0,1.7891334842900188,1.2862834995435997,2.924183782702279,1.2862834995435997,1.0,0.0,1.0,1.0,1.0,1.0,-0.18066913262556236,0.8095198739357694,1.3361305239410193,-1.0698409882741668,-0.13449105683429496,0.8086430085937064
1,2.2845743000621273,2.9291742217320134,2.9291742217320134,4.245936686474803,0.0,0.0,1.0,0.0,0.0,0.0,1.3420744616740978,0.5196398056072864,-0.7369981621185231,0.4025160656363229,-0.8302628859267469,-0.8659315063657121
1,-0.0027390376205842504,-0.4453411469286175,-0.4453411469286175,0.5838648818145276,0.0,0.0,0.0,0.0,0.0,0.0,0.208974671100082,-0.6973660156469608,0.6593957207887671,-0.7210576901045453,0.29658509213965956,-1.050558524966564
1,-0.25987154979223925,0.5579664493260379,0.5579664493260379,2.8724594072120726,0.0,1.0,1.0,1.0,0.0,0.0,-0.4940864147436214,0.06176876959214356,-0.4793892146916141,-0.665111421934395,-0.44786036921299466,-0.4260104150987005
1,-3.381129846466376,-2.986648545954142,-2.986648545954142,-1.9982935186121376,0.0,0.0,1.0,0.0,0.0,0.0,-1.9623047552760273,-1.8879483057647017,-0.6796003296577143,-0.7397888794980425,-1.7576915356297755,-1.2007130250360603
0,2.5965778375521724,1.640110366163272,0.7943212742651466,1.640110366163272,1.0,0.0,1.0,0.0,0.0,0.0,-1.248616478212749,0.48838658968436743,0.8417344596028423,0.9410068571221479,-0.2566060144072872,0.7208945088543877
0,0.6048641346648069,1.0078794199029693,-0.7034873382069319,1.0078794199029693,0.0,1.0,0.0,0.0,0.0,0.0,-0.6910520186807378,-0.9904779349191292,-1.2686890520422096,-2.2691596821561975,-0.21491694535814032,0.9910258564822955
1,5.391339669304217,0.9871446106074848,0.9871446106074848,5.994739297738889,0.0,0.0,0.0,0.0,0.0,1.0,1.7590449920420996,1.5683058491940212,0.6713660802320089,2.6296781537947655,-0.2919696763124703,0.7274693073399345
1,2.141990260959647,0.8073201734456101,0.8073201734456101,1.3312270982068652,1.0,0.0,1.0,1.0,0.0,1.0,-0.2759994408432122,-0.7550389231356794,-0.25206850277844894,1.445560553706738,-0.6517199524069056,-0.33792571252324166
1,2.312082891551108,1.3248213403711286,1.3248213403711286,2.330862213598588,0.0,1.0,1.0,1.0,0.0,1.0,-0.07311531029918433,0.4581983591363736,0.2739715031095884,-0.6133781121427071,0.7574160235127088,-0.1524660430541951
1,1.897729488795195,0.8326664522637015,0.8326664522637015,2.329919121678145,0.0,0.0,0.0,0.0,0.0,1.0,0.1308335431028125,-0.06471246296058823,-0.12437663811205701,1.2231776822997202,-1.1743240847260972,-0.7093150735630469
1,1.1245217868551727,1.1970020255762206,1.1970020255762206,1.3318241117111738,1.0,0.0,1.0,1.0,0.0,1.0,-1.7157242675504625,0.33976918678753876,-0.6362211020681463,-0.3041585371307145,0.23545381270017618,-0.7143343198135939
0,0.9201101150365585,5.2570819272620515,3.2524630618281645,5.2570819272620515,1.0,0.0,1.0,0.0,0.0,0.0,0.1865006654604941,0.7881376214140878,-0.9676454248743269,-0.29449554147800727,-0.1424104423958108,0.2530467556295085
1,2.1337154573654757,0.8945163326048324,0.8945163326048324,-0.6800845012295951,0.0,0.0,1.0,1.0,1.0,1.0,-1.2303037701539938,0.9610200259720744,-0.018112771165786884,0.20676450950773995,-0.03863097013209213,-0.7997479201942759
0,1.9482729225111477,4.946699775461024,2.6662804201661645,4.946699775461024,1.0,0.0,0.0,0.0,0.0,0.0,1.2872417697709666,1.2388291193657692,0.9492157587148229,-0.1626369458399192,0.41450592366512456,-0.4093573281071048
1,5.849153480253522,5.40708885931632,5.40708885931632,8.056281162467647,0.0,1.0,0.0,0.0,1.0,1.0,1.7009921682118145,1.973212796965744,-0.19055455356498202,1.1982635717676362,1.4236012038607528,0.06808715684030231
1,1.9303418371052083,0.05296145861226187,0.05296145861226187,1.91943949831854,0.0,0.0,0.0,0.0,1.0,0.0,0.24670378171398197,-0.7120034579646862,-0.444049838301762,1.1146223928838426,0.6902810780560014,1.459525742062693
1,5.457219872040119,3.096282865118891,3.096282865118891,5.651477311502526,1.0,1.0,0.0,1.0,0.0,1.0,1.0049386440533024,0.411766398450867,0.22433747800254467,1.0557603904198936,-1.0954224252811984,0.08914102340944957
0,0.3697108619526197,1.1561688577681113,-0.8050161401308937,1.1561688577681113,1.0,0.0,1.0,1.0,1.0,0.0,-0.5421253891921886,-1.2427973541052326,-0.8038251010948325,-1.4911378199625105,-1.1558777320081275,-1.016094017309349
0,-1.452712777039949,1.7202533497123518,-0.7745824526441383,1.7202533497123518,1.0,0.0,1.0,1.0,0.0,1.0,-1.1499110390882437,-1.0832964142962054,-0.4535054589520715,0.23398527496855137,-2.196307617618884,-0.4126643752172192
1,4.165602487877315,0.6794029080496042,0.6794029080496042,3.3460212774330973,1.0,0.0,1.0,1.0,0.0,1.0,0.2552176967673912,-1.4084177836130203,-0.27665691620150673,-0.657472057569511,-0.9523463830375135,-0.392106666417155
1,2.974739533803871,1.816441230838764,1.816441230838764,1.6572875289221254,0.0,0.0,0.0,0.0,0.0,0.0,0.07400509749726585,0.6830061662822953,0.049436698696716935,-0.3735104664813548,0.17835806727936962,-0.03096649353997663
0,1.3960795015090848,0.3683794089283332,-0.6821254128129426,0.3683794089283332,1.0,1.0,0.0,1.0,0.0,1.0,-0.2433528653301815,-1.5196772385111146,-0.34035765447284483,-1.8210630626094217,0.9461146294184511,-1.4523157639612259
0,0.5358276251165521,4.066995123309524,0.8665383091133703,4.066995123309524,1.0,0.0,0.0,0.0,0.0,1.0,-1.0698414732262054,0.8466184429657057,-0.4085128766721695,0.1721443275787904,1.872170068130334,1.274634839478627
1,1.961211998158895,1.505204000481575,1.505204000481575,2.4072723642892457,1.0,0.0,0.0,1.0,1.0,0.0,0.7884804126065869,-0.7426950944981595,-0.2730852240238318,0.4335411360172649,0.05075484618625761,0.27564472929220185
1,1.5205508987215048,1.152923705615554,1.152923705615554,-0.30521899766491245,0.0,1.0,1.0,1.0,1.0,1.0,-0.32787409797818146,0.05016740912068061,0.08704639508777717,-0.1790336528072627,-0.636614192180996,0.7762938442701551
0,2.5461095138017713,5.427350060160895,2.215226664333228,5.427350060160895,1.0,1.0,0.0,1.0,0.0,0.0,-0.6121914152652375,0.8939091767903119,-0.563099554382272,1.0888860945654093,-0.6973175386982278,-0.502274748524348
0,5.724086096501178,4.034823699900886,1.3625371266969335,4.034823699900886,0.0,0.0,0.0,0.0,0.0,0.0,1.6189083059100238,0.6126279290872466,-1.9725888783199577,0.7921627056901617,-0.14559875970027192,0.7588989155172419
1,-0.11276096481744419,-0.8406552132312194,-0.8406552132312194,0.26264284264669047,0.0,0.0,1.0,1.0,0.0,0.0,-1.1492184533302112,0.4223364349397016,0.895718467198771,-0.304000614052936,-0.07108518537549047,0.6636588507775444
0,-2.54371016032403,0.48944730336612596,-1.8959102963494092,0.48944730336612596,0.0,0.0,0.0,0.0,0.0,0.0,-1.0729815611717424,-2.2760122951581323,-2.3210767700966652,-0.06284589744552499,-2.089124755799565,-1.0209646568324788
1,-0.6690837725368558,-0.7277698222901305,-0.7277698222901305,0.6376714709591441,1.0,0.0,1.0,0.0,1.0,1.0,-1.1327941063222275,-0.6439712635629814,-0.8622119654101913,-3.800228201597221,0.470037658219737,-1.1631326297762064
0,6.464237362776051,9.436030560685214,5.688432097935112,9.436030560685214,1.0,1.0,1.0,1.0,1.0,0.0,2.791042979075601,1.1640048697906957,1.0710257261370182,0.9816275261153901,1.0688070257534954,0.77372138780764
1,5.097741817682339,4.018553676101048,4.018553676101048,6.564559180864102,1.0,1.0,1.0,1.0,1.0,1.0,1.6556562199670821,0.2924196420604418,-0.7434267245208565,-1.263717131796461,0.09525558824198417,1.7043959386074081
1,3.726328689303242,2.6761010520234345,2.6761010520234345,5.6081251816102915,1.0,1.0,1.0,1.0,1.0,0.0,0.21433500053740032,-0.2779020829332203,-1.0451474349314418,1.2661194284153892,-2.4375782835731434,0.0710742308344392
1,4.429034257251501,2.407731744535548,2.407731744535548,5.078857202362424,1.0,1.0,1.0,0.0,0.0,1.0,0.6980936830757437,-0.5999477468361216,-1.2417314015341523,0.6512120245721829,0.010721552302353166,-0.29389308752413423
1,4.306253972507781,4.287639537679763,4.287639537679763,5.051141728735282,1.0,1.0,1.0,1.0,1.0,0.0,0.5679147971422217,0.09864801414610597,0.4371796703170857,-0.0557290248667148,-0.13878950208775992,0.06405493601042597
1,2.842161983693465,-1.6620354828268882,-1.6620354828268882,1.4660172655798023,0.0,0.0,0.0,0.0,0.0,1.0,0.8393125635994523,-1.487059386724,0.5547312722976434,1.3091602096965445,-0.050298415326312185,0.19571027709838573
0,-2.1604541694419077,-0.4673587312401246,-0.6309648771221646,-0.4673587312401246,1.0,0.0,0.0,0.0,0.0,0.0,-1.6593901388422612,-0.970917340432858,-1.475883394988203,-2.021490281998396,-0.08724189885890199,-0.003679076435896822
1,2.2285866188668084,1.405816634050278,1.405816634050278,6.017516235568353,1.0,0.0,0.0,1.0,0.0,1.0,-0.050242321997274325,0.5135267419627791,0.28482907817284775,-0.5496824782583831,-0.9745808677231792,-0.4885466359639222
1,-2.206330701049479,-3.263357601184967,-3.263357601184967,-1.0296929128173544,0.0,1.0,0.0,1.0,0.0,0.0,-1.332962116140609,-0.7998255750031078,-0.6925796487806666,-0.9167451385257903,0.41372624382159245,0.08449314901377208
1,4.992969564108885,1.994406368836661,1.994406368836661,5.7092348375447814,1.0,1.0,1.0,1.0,1.0,1.0,-0.08715757480856631,-0.5631003765170519,0.5728915429571501,0.8757183087154794,0.23354646635729243,1.5440391959951132
0,2.1566182761246333,1.7850535489602928,1.5691495839523357,1.7850535489602928,0.0,0.0,1.0,0.0,0.0,1.0,-0.3805201279760811,1.6684677221138218,0.966145714361535,0.8561736992619965,-0.4898851254763492,-0.2550719923523779
1,3.4454259929717956,3.155411247337496,3.155411247337496,4.195250529131805,1.0,0.0,1.0,0.0,1.0,0.0,0.4415834724106856,-0.43712343348731875,-1.4413398701494158,0.3851124725782675,-0.4306842937789811,-0.7559196734368552
0,7.044599145166397,8.230362882816218,5.4255712448334,8.230362882816218,1.0,1.0,1.0,1.0,1.0,1.0,1.7842499654241066,1.6047924692697586,0.8154709448981937,1.67766133273666,1.917602107758374,2.5571100661870303
0,1.1005081314842156,3.169390390345005,1.2331576792570378,3.169390390345005,1.0,1.0,1.0,1.0,1.0,0.0,-0.07927153223340952,-0.7304858162956781,-0.4975059203154082,-0.49354146366250207,-1.0566981639222763,0.3724894014573535
1,4.780568210378818,2.6837741679466958,2.6837741679466958,5.0131683657200945,1.0,1.0,0.0,0.0,0.0,0.0,0.6577094006716714,0.20674007991424076,0.13916085144784995,1.5787330136500453,1.1713584350013204,0.1368513996116274
0,0.4745591768457444,2.150299515621314,1.843841172983894,2.150299515621314,0.0,1.0,0.0,0.0,1.0,1.0,-0.46165245703621083,0.17557541144701638,-1.7328350865834343,-1.6175941765303934,-0.42186644894830716,0.022020277520239828
0,1.9832674916348694,4.155722343024746,0.7386012133033013,4.155722343024746,1.0,1.0,0.0,0.0,0.0,1.0,0.577138125660375,0.28092534122214,0.3361741258923483,0.3221669135982903,-0.65411009073046,-1.3696018941613946
1,1.3093963072447417,0.7721853619312186,0.7721853619312186,2.366871768858621,0.0,0.0,0.0,0.0,1.0,1.0,0.7842799861171869,-0.9132633739888016,-1.0135460386048298,-0.2316991740272212,1.1581887010416498,1.8281846504858617
0,-4.289249059068699,-0.06010163250715306,-1.8277249445087453,-0.06010163250715306,0.0,0.0,1.0,1.0,0.0,1.0,-0.33924158547160466,-1.4528910726273607,0.08015419687076325,-0.8878503588593976,-0.4459591867951698,-0.4113135033349407
0,2.484463209046339,4.593739222510584,2.678965734288499,4.593739222510584,0.0,1.0,1.0,1.0,1.0,1.0,0.826439832078066,0.5532933684315967,0.8811993415001227,1.3621016286321774,1.9636379547947183,1.2468981272926145
1,0.8399451445892262,0.7530996657226925,0.7530996657226925,1.5481551643095153,0.0,1.0,0.0,0.0,0.0,1.0,-1.5729936647598335,1.4205913691654732,-0.42006200418475015,-1.132345478002877,-0.42478591471857874,1.2529738375038546
1,0.19754546216944352,0.05190919012602507,0.05190919012602507,0.0025830346358269862,0.0,0.0,1.0,1.0,0.0,1.0,-0.5439393361994311,-0.030250859186880003,0.8155855502918853,-0.6532903967982175,1.090101132424628,-0.5779121701981715
1,4.493263895389303,3.1244976670097353,3.1244976670097353,3.6286560638315577,0.0,0.0,0.0,0.0,0.0,0.0,0.30292668509594095,1.3756830479236202,2.1123246383866467,2.7740941108113604,2.5162335057902,1.0149411482114652
0,4.458371851922009,3.3152102999277506,2.8917140878735172,3.3152102999277506,1.0,1.0,1.0,0.0,1.0,0.0,0.2951444847070686,0.9659429153062075,0.11079664076556703,-0.1940783115348586,-0.32951808387236625,0.565684948466695
1,2.2816273702011007,1.2551685344512507,1.2551685344512507,2.5229194263965153,1.0,1.0,1.0,0.0,1.0,0.0,-0.6983373075617899,-0.3763805117884011,-0.8163517782131324,0.07152276182341388,-0.38693456595348996,-0.9569498234944416
1,7.973751454886691,4.613327639586492,4.613327639586492,7.382015064565905,0.0,1.0,1.0,1.0,0.0,1.0,2.47236004367982,1.6671180681201418,-0.09996972643421076,0.16944580532790687,0.5304622913431261,0.6026490394045996
1,1.2155461147550612,1.8127461703620058,1.8127461703620058,2.561122205762358,0.0,1.0,0.0,0.0,1.0,1.0,0.6887720165726098,-0.01878499640191028,1.269202954504507,1.2428954737976716,-1.2654949850883594,-0.5531633862812726
1,2.0376264067290677,2.912719658914717,2.912719658914717,1.649856438832153,0.0,0.0,0.0,0.0,1.0,0.0,0.8885352772339137,-0.18976430385859488,0.42427014229755344,0.8484221350188228,2.5959313673267546,-0.8243897732592468
1,0.6156275455660762,-0.2105446126926433,-0.2105446126926433,-1.0518423014576537,1.0,0.0,0.0,0.0,0.0,0.0,0.7723883982556194,-1.2394903259176488,1.548461785999242,0.20429456191333367,-0.99952061074203,0.16418559164610239
1,-0.2597882603947985,0.6549787171219832,0.6549787171219832,-1.8557525871973475,0.0,0.0,1.0,1.0,0.0,1.0,-1.5756895899208565,-0.1610372499027295,-0.37089324375292965,-1.665069286264492,0.24386138816969982,0.05289885570169736
1,1.1815203765352595,0.9300140200947978,0.9300140200947978,2.0652205538653905,1.0,1.0,1.0,1.0,1.0,1.0,-1.5854079637915015,0.360048242397874,-0.44130867992495576,-1.3211024912203373,-0.933210577295929,0.551357054164242
0,0.865939971473229,3.4575311918079508,1.0630091046027812,3.4575311918079508,1.0,1.0,0.0,0.0,1.0,1.0,0.9643366072184852,-1.6735344256456561,-0.25412241230073973,-0.8070121812140975,-1.4204987363222608,0.49603245264506446
1,3.2879841475904867,0.8249909200297512,0.8249909200297512,3.3858930753731915,1.0,0.0,0.0,1.0,1.0,1.0,-1.0142780472275588,0.6913437936056419,0.7455108231655779,-0.7451810655089721,1.328446246927221,0.01633810904242572
0,1.0334631884188323,0.2603504580916425,-1.3673313410061252,0.2603504580916425,1.0,0.0,0.0,0.0,0.0,0.0,-0.9887131893090813,-0.14884902068835923,-0.1881293031036708,-0.033383503408872306,-0.3902586801191295,-0.1830155768156366
1,2.570205462537864,0.7422348290094005,0.7422348290094005,3.2980841697930767,1.0,1.0,1.0,1.0,0.0,0.0,-1.0828672932593097,-1.2185106913844534,-1.0493847351632266,0.7666773617969976,-0.8685224466343253,-0.5440820937390747
0,2.151560018282942,4.877169136671421,2.2998763402381237,4.877169136671421,0.0,1.0,0.0,0.0,1.0,0.0,-0.5777790375889588,1.1663510158980204,-1.3084986347257113,-0.40678440697976914,-0.422012847661543,-1.6037766429171774
0,0.022234642251461323,0.06438376237251986,2.177165723141121,0.06438376237251986,0.0,1.0,0.0,0.0,0.0,0.0,-0.9668738204813963,-0.5425213628203458,-1.2777325423844828,2.22527474964432,0.706107558597048,-1.9679124063595506
1,1.042188272432914,-1.2117564424043443,-1.2117564424043443,-0.04129540086752459,0.0,0.0,1.0,1.0,1.0,1.0,-0.4082086653245086,-1.2558407234364404,-1.7863754712908337,-3.4391602027162365,-0.988542873354013,0.7867465044163673
0,0.7323084015722421,1.6301782893678713,1.100036515040953,1.6301782893678713,0.0,0.0,0.0,0.0,0.0,0.0,0.07093830874426599,1.3426503451570753,-0.002798775092850009,-0.8716316714711148,0.23471569917378263,-1.3839995783711339
1,3.782746878828389,3.833236752253411,3.833236752253411,0.527951752296373,1.0,1.0,0.0,1.0,0.0,1.0,-0.02138633225615816,0.5509000390009594,0.04890119969106432,-0.5011955359224523,-1.8869677437549057,-0.4737368135735128
1,1.859231971986554,1.1628158842661571,1.1628158842661571,3.2507229061154956,0.0,1.0,0.0,1.0,0.0,0.0,0.9809294012317751,-0.5029074781475527,-0.15533851999682075,-0.9557280649946973,-0.627813042629286,0.3464778610535488
1,5.200603537687483,3.678887156952389,3.678887156952389,4.7591942889078265,1.0,0.0,1.0,0.0,1.0,1.0,0.9252619470901212,1.6849088304740572,-0.27621739663709743,0.22119469070832382,-0.7370134078716715,1.4728265227264594
1,2.0491203196414474,-0.5055870517252852,-0.5055870517252852,1.6333732135913528,0.0,0.0,0.0,1.0,0.0,0.0,0.2661194755895127,-0.19688283863943917,1.2263540883235524,0.4550267911202692,-0.2170151631856596,1.0169032931666917
1,3.4501177397697367,0.9019263071905306,0.9019263071905306,2.33728522319553,0.0,0.0,0.0,0.0,0.0,0.0,1.2779111157600391,-0.18020954672635264,-0.08759077989080394,0.8577396325650661,0.5343317872874238,0.7389970941700437
1,1.5923294105347034,-0.5464378462022208,-0.5464378462022208,1.7145272014299937,1.0,1.0,1.0,1.0,1.0,1.0,-0.15677417425950255,-1.912826836248254,1.2014054014371158,-0.5593162822042123,0.10262637922184814,-2.068605560814649
0,0.9315924479248873,2.1998988584375243,0.5433166178527495,2.1998988584375243,0.0,1.0,0.0,0.0,0.0,0.0,-0.16846570772204586,-0.6000928568425004,-1.748981188836631,0.6076296300807738,-1.443206609707413,-1.1130810850548825
1,1.707367306907777,0.5831204656620615,0.5831204656620615,2.9298846247597603,1.0,1.0,1.0,1.0,1.0,1.0,-1.307751298543537,-0.8687164891575443,-1.119170017653696,1.039160199925157,-1.5717274125976242,-1.6385297072767875
1,1.148479716959258,-0.9606606898041886,-0.9606606898041886,0.4559896433126229,1.0,1.0,0.0,1.0,0.0,0.0,-0.872256856853457,-2.0856568909462863,-0.39529560253796614,-0.43968043576715077,0.5945598482247343,-0.07174934513270614
1,6.506805771865763,6.349998277016605,6.349998277016605,7.718668090811109,1.0,1.0,0.0,0.0,0.0,1.0,0.629115295539238,1.5884997615851493,0.21190488870293295,0.6245639648636275,-0.5987183586729161,1.2889488967067262
0,0.2959251018267727,0.17161643875266597,-0.4317419866821186,0.17161643875266597,0.0,1.0,1.0,0.0,0.0,1.0,-0.039699850140082024,-1.666929736199626,0.5688835282437463,0.5419088021109285,-0.7654370648552944,-0.49108509462362127
0,0.9546561878151019,2.3867247728712315,-0.0016603088451669912,2.3867247728712315,1.0,1.0,1.0,1.0,1.0,1.0,-0.4922604651577066,-1.869361110366751,-0.5825866836738032,-1.3585883991997738,-0.10830389393852524,-1.5248105876314964
1,3.628907097408238,1.5751751501183873,1.5751751501183873,3.2401316998083,1.0,0.0,0.0,0.0,1.0,1.0,0.5675156318115272,0.8152304123287015,0.6692224621050953,0.9905197937817487,-1.259752063203563,0.3952012522790168
0,-0.05921652249209819,2.938704891952346,3.532184380064318,2.938704891952346,0.0,0.0,0.0,0.0,1.0,1.0,0.3855715953446467,0.25821497025353524,0.3148700251241864,1.4350404345974432,1.019676098447799,1.4466778305081371
1,0.9571453054227672,-2.213698129466781,-2.213698129466781,1.166116536371342,1.0,0.0,1.0,0.0,1.0,0.0,0.46237721749936556,-2.17766845186674,2.8902297677094317,-0.11508245153598895,0.12378636077091035,-0.9188819918345177
1,2.654813413349729,1.326981648552851,1.326981648552851,3.6263953079470683,0.0,0.0,1.0,1.0,0.0,1.0,0.663368039065713,-0.6918306223161331,-0.4800925678959488,0.9969376137451063,1.713544609782629,1.7043199302744974
1,5.407053462225621,3.6468058875935783,3.6468058875935783,5.232847147839821,0.0,1.0,1.0,1.0,0.0,0.0,0.7020215680933819,0.7818636940258199,-0.011343827745633916,1.6782079375861798,1.2587461242868425,1.7322903456167769
1,6.105236992265497,2.8761216182044107,2.8761216182044107,5.998217224750769,1.0,1.0,1.0,1.0,1.0,1.0,1.0032112790954633,0.1626553774971713,-1.7341988643755621,-1.2272543270868526,-0.6736031106672759,0.12596773458424604
0,-2.065489657874451,0.12604499963973215,-1.5385247603514398,0.12604499963973215,0.0,1.0,0.0,0.0,0.0,0.0,-1.0994269808906374,-1.747732093275756,-0.5418808498283115,-0.34023791868938646,-0.03603792570997033,-1.2769739487228258
0,0.5081737654562619,0.07757385447439963,-1.55573228083927,0.07757385447439963,0.0,0.0,0.0,0.0,0.0,0.0,-0.278656501103718,-0.12257129695341278,0.47548299317880266,-1.0865945436881868,-0.21944944676244704,0.43292207439533964
1,1.5907933267260668,1.3541812869794274,1.3541812869794274,1.1008651254722843,1.0,1.0,1.0,1.0,1.0,0.0,-0.9638775275082099,-0.6608431817384739,0.35238292838474083,-2.2814869159528817,-0.09983925075533759,1.3728205667867512
1,4.36163203553903,0.23441028617626358,0.23441028617626358,1.5056897740921245,1.0,1.0,0.0,0.0,1.0,1.0,-0.808893962480304,0.11639581867549213,-0.3140414319156245,-0.3622129253966612,0.8302808492850187,0.5776927849246869
1,2.27043565884986,1.9232654775803106,1.9232654775803106,4.064661635038159,1.0,1.0,1.0,0.0,1.0,1.0,-0.6859535513977684,-0.46306846041461613,-1.536035832269883,-1.1919957790997808,-2.5614229260232495,-0.268497376205299
0,1.5876450667495985,3.51333634334487,2.331706840150363,3.51333634334487,1.0,1.0,1.0,1.0,1.0,1.0,-0.47019651587966244,0.43590991671573764,0.001690192588800321,-0.0721973106846746,0.814663524477867,0.6318564531835713
0,0.9496190851063255,0.5956349059652266,0.35675513377808243,0.5956349059652266,0.0,0.0,0.0,0.0,0.0,0.0,0.9395589505788268,-0.6911715829222131,0.6651272559118944,0.644518888413308,1.0564893380004476,-0.590604080548219
1,4.588645700428871,4.028779180925012,4.028779180925012,1.1200343437008866,0.0,1.0,1.0,0.0,1.0,0.0,-0.4373398627606336,0.11648116047167249,-0.6438495915811222,0.4038377249829178,0.22265091269342593,0.4769229464984156
0,-0.8525731258884011,0.7232971350404962,-1.4360816931751936,0.7232971350404962,0.0,1.0,1.0,1.0,1.0,1.0,-1.717340041184458,-1.19285933843509,-0.42909946081233724,-0.8798862363866266,-0.5317300894844234,-1.33722976281595
0,2.9731313437941362,3.180686714282124,3.156876045239244,3.180686714282124,1.0,0.0,1.0,0.0,0.0,1.0,-0.11972753732222242,-0.7134559559862012,-1.7139890018772426,0.6319910976775953,-0.23781302434734802,-0.02840558489877021
0,-1.082501858806715,2.3352976732709863,-0.10476164496536997,2.3352976732709863,0.0,1.0,1.0,1.0,0.0,0.0,-0.5994544151784149,-1.0647857852343985,-0.43986054766658644,-0.12238458768198257,-1.7675288428583198,-1.3914427361137307
0,2.231006235323438,3.5652580310118216,2.1926286241039517,3.5652580310118216,1.0,1.0,0.0,1.0,0.0,1.0,-0.5960474111022964,0.9138425618214009,-0.41550289173011307,0.315075790013355,0.2076581919609683,1.3618535674332375
1,2.1989282896087055,-1.3176058845802125,-1.3176058845802125,0.3642834066542836,1.0,0.0,1.0,1.0,0.0,1.0,0.04918531241801291,-1.7701590108863705,1.2515183182558351,-1.0484630070136562,-0.5231841960681516,-1.0763409998699336
1,0.5984003410932051,-1.7990304230455083,-1.7990304230455083,1.7534784692706333,1.0,0.0,1.0,1.0,1.0,0.0,-0.9937539033952256,-0.2506889822714614,0.814143184749376,-0.7700931770817051,-0.9908197238595677,-0.742885701330589
0,1.416666743590079,3.7841853329345967,3.0870380322760558,3.7841853329345967,0.0,0.0,0.0,0.0,1.0,1.0,1.8606190392927895,0.4007203801733037,0.493901779519933,0.7373455240466739,1.5695856986000907,-0.1749221349257989
0,4.203278817098448,7.305792093020327,4.253545558196838,7.305792093020327,1.0,1.0,0.0,1.0,0.0,1.0,0.009777496450201624,2.384342131495351,1.0120775899546344,1.7038337257868432,0.46988723782347486,-1.1304370714581724
1,4.247984465521152,3.9041903323628797,3.9041903323628797,1.9096857037749986,0.0,0.0,1.0,1.0,1.0,0.0,0.7758491636738253,-0.10551356628707426,-1.2832129016999199,-0.3980951162786675,-0.1820615031752436,-1.0392824784743984
1,1.2660642885064213,1.196787937090846,1.196787937090846,2.765177681172411,0.0,1.0,1.0,0.0,0.0,1.0,0.4174022493718485,-1.2817517896624988,-1.4983690375344398,-1.4984683131579837,0.3690392528551396,-0.9882597121645491
1,8.867413346507151,7.169756455372916,7.169756455372916,10.207748590948196,1.0,1.0,1.0,1.0,0.0,1.0,2.2611348606128985,2.785132994656821,1.6646684236050096,0.11379791347094714,2.5359148578256785,0.5412433187340779
0,-0.5283982915622467,1.7890038398184471,1.4584915351626324,1.7890038398184471,1.0,0.0,0.0,0.0,0.0,1.0,-0.38639135676104713,-0.29995321569025196,-1.613702516308087,-0.7348058953719353,-0.3919397497805715,0.7074484457142499
1,3.0685938013384537,2.7493376789047623,2.7493376789047623,2.4681539988568217,0.0,0.0,1.0,0.0,1.0,1.0,1.3757908978021924,-0.8489986683720852,0.1928817236078286,-0.6475665255688989,-0.8058776384819205,0.8152793332722135
0,2.072132865897667,5.017762734076541,4.123001346382032,5.017762734076541,0.0,1.0,0.0,1.0,0.0,1.0,2.241291862588131,0.6053752255207228,-0.9753324268560786,-1.585137037647941,1.5875854749351408,-0.5600926478048017
0,3.037112997323617,4.88089959144793,3.8165049450178223,4.88089959144793,1.0,0.0,0.0,1.0,1.0,1.0,2.6071544289344235,0.2379291567742877,1.548581915412164,-0.837865094531375,-0.3070867187515338,1.1473046699827263
1,4.2914167553043585,3.2944541495129074,3.2944541495129074,4.729967195919798,1.0,1.0,1.0,1.0,1.0,1.0,-0.07264175685072649,-0.2995173442209445,-0.22045930538769515,0.4006420404193808,0.36940466446842324,2.1264526859118638
1,4.347169462053365,1.210280406121974,1.210280406121974,1.0556692249413275,0.0,0.0,1.0,0.0,0.0,1.0,-0.38754466750695055,0.5257300934910137,-0.8709488106972305,0.6332729990393413,1.5730924378096054,0.6793061275522776
1,4.983278204949693,3.727736908329689,3.727736908329689,5.045104924149638,1.0,1.0,1.0,1.0,0.0,1.0,1.6007334830872133,-0.31321619273734014,0.49872259919655226,0.4241414463724955,0.8882137367594918,1.406577085309723
1,5.917786512431726,2.613726349901106,2.613726349901106,6.5511337133832575,1.0,0.0,1.0,0.0,1.0,0.0,-0.4487244738280024,2.7295304106845615,2.4268727078277257,0.732661193117295,1.2358306956360117,0.7772419685310841
0,4.073443258066837,7.101899710561234,5.699325092051475,7.101899710561234,0.0,1.0,0.0,0.0,1.0,1.0,1.1644279244691633,2.4293746404087107,-0.16237683914951495,1.2465783272254358,1.7246456828458636,1.091707757289163
1,3.665336050794717,3.663139594119902,3.663139594119902,1.5584834287701894,1.0,1.0,0.0,0.0,1.0,1.0,0.3415950371876863,0.02958114167146242,0.1942684137932355,-0.5003445690870637,-0.015413677709232012,-0.23966983768972852
0,2.1678602097280426,5.008320877702346,2.3296801242124388,5.008320877702346,1.0,0.0,1.0,1.0,1.0,0.0,0.43394696159014945,0.3743537375687406,-0.96491197245717,-0.5583373397741125,-1.1922842873579684,-0.237510065522604
1,2.2825451615133887,0.3325672373056221,0.3325672373056221,3.36225374644008,1.0,0.0,0.0,0.0,0.0,1.0,0.2786800581423365,0.2956773219008347,-0.6490852274425669,-1.1201662461329231,-0.6410763838405262,0.6133777899702126
0,1.679440791567996,2.949685917882076,0.4108251093451054,2.949685917882076,1.0,1.0,1.0,1.0,1.0,1.0,-1.0051816575545294,0.2367777313371634,-0.9609327645913707,0.21566983140449036,-0.04965263063486075,-0.15631833504644238
0,-1.0450506112557345,1.2430542816211876,-0.10455439078494067,1.2430542816211876,0.0,0.0,0.0,0.0,0.0,0.0,-0.5015187445155098,-1.0032196788081313,-1.1058311918170796,0.5572876372878603,-1.1796966006003626,-1.5394981543643473
1,4.720455575733658,1.6957208101093375,1.6957208101093375,3.899400921218641,1.0,0.0,1.0,1.0,0.0,0.0,0.5316731306478735,0.5772346242601998,-0.8150921085596663,-0.2636337304237304,-0.26961456236167386,0.027610318579447513
0,2.2378897675760867,3.6224813327736824,1.65603535475183,3.6224813327736824,1.0,1.0,0.0,0.0,0.0,1.0,-0.7613994969402136,0.4408743106265798,0.2505409760396823,0.16582660629924922,0.4539101776499035,0.9355483616353366
1,4.529138277856777,5.2255113060876806,5.2255113060876806,5.170074729551803,1.0,1.0,1.0,1.0,1.0,1.0,0.7603228540149861,0.5231168634573132,1.234080709026213,0.6857298556153668,2.007431259448564,2.743249131360177
1,4.154594091075846,2.87423657107655,2.87423657107655,1.8998809518676933,0.0,1.0,0.0,0.0,0.0,0.0,0.781152584879891,-0.21226038257547897,1.3617282187811786,1.2832519437961107,0.47637611006822256,0.7232049348269717
0,1.9399042010332668,3.4921686550376476,-0.33277345217487553,3.4921686550376476,0.0,0.0,1.0,1.0,1.0,1.0,0.48797305590876777,-0.9406737491534181,0.20651753359700542,0.807530618946688,1.9888738777170982,-0.9113294288927473
1,2.9205585013593227,1.6760067777887384,1.6760067777887384,1.103662739890692,0.0,0.0,0.0,0.0,0.0,0.0,1.6967515909342117,-0.11461121156660403,-0.09389439337739261,-0.9039749911156546,-0.22235584973247555,-1.314173126165055
1,3.904007127017553,3.3116421547721053,3.3116421547721053,3.6674818198376005,0.0,1.0,0.0,1.0,1.0,1.0,0.8084145083054686,-0.38496268329222794,0.2724943693029416,0.7456516693060742,-0.5292801006407108,0.687381511101155
1,3.8755325248445422,1.6078968676178518,1.6078968676178518,2.7784650309191985,0.0,1.0,1.0,0.0,0.0,1.0,0.3736255713984512,-0.44751182317346183,-0.40462613280067167,0.37188101337117685,1.4287267600333726,0.2758656681673699
1,1.2995627013279807,-1.9386782435178116,-1.9386782435178116,0.46835817875637015,0.0,0.0,1.0,0.0,0.0,0.0,-0.7367940819821452,-0.4243383136224612,0.5393893406223337,0.1898668668213734,-1.6780688855944548,-1.090662834886722
1,0.547190994041146,1.2708713766315594,1.2708713766315594,1.3556338939429544,0.0,0.0,1.0,0.0,1.0,1.0,0.08826186143108362,0.8202082603107794,2.0384435059428534,-0.49246287736104666,0.21243017337340472,-1.4392402004845777
0,1.8532625109271033,4.8940896483760525,3.7093712642232295,4.8940896483760525,0.0,0.0,0.0,0.0,0.0,1.0,0.723237825159688,1.1929135715667403,-0.04218768767374459,1.566055381984813,0.13392761055157615,-0.1890532607935161
1,4.686768838057812,4.482666950254763,4.482666950254763,6.990199236747451,1.0,1.0,1.0,0.0,1.0,1.0,1.3261295258941295,0.1779575852715104,-0.9310616463889027,-1.300468825879997,-0.17687425947601604,-0.31444345083925085
0,3.7770280094527795,3.8577604682569393,5.09870348677982,3.8577604682569393,1.0,1.0,0.0,1.0,1.0,0.0,-0.29459430632370975,1.3853442787215213,0.3997852875121493,-0.022656224110808615,0.6653267163472232,-0.9144683503987516
1,4.322476786864028,2.2489932626604925,2.2489932626604925,5.6686458449155035,1.0,0.0,0.0,0.0,1.0,0.0,1.1317807015182453,0.25097609831068185,0.9268503049527901,-0.11178563719687719,-0.17389064712774238,1.1183663873933638
1,2.35175323211722,0.5370258435754951,0.5370258435754951,0.322989713746171,0.0,0.0,1.0,0.0,0.0,0.0,0.1585468648356503,-0.18085876878607587,0.9316585692712179,0.3593292554334891,-0.9200118347522377,-1.070857512563238
0,5.480562994003277,6.213111875744806,4.355219594413289,6.213111875744806,1.0,0.0,1.0,0.0,0.0,0.0,2.4378212364280745,1.1136538599155037,0.8183247290305108,1.198461992769031,1.0273221341927934,0.5540267626437936
1,4.457823799582817,2.4085654992927688,2.4085654992927688,4.181901900663408,1.0,1.0,1.0,1.0,0.0,1.0,-0.25115304919954046,-0.210309972737464,-1.3203136733598204,0.5229947631635802,-1.2595220560671647,-1.350557111628173
0,-2.345840374647439,-0.215151799765526,-1.7197800999396498,-0.215151799765526,0.0,0.0,0.0,0.0,0.0,0.0,-0.5840626378946914,-0.8864340331961374,-0.31438061336029755,-0.3443981118620057,0.7293402346751723,-0.6701297454489862
0,3.660040221646614,6.615183995083414,2.5601343066548123,6.615183995083414,1.0,0.0,0.0,0.0,1.0,1.0,0.2260265414128918,1.4025255766670948,0.1472093502875279,0.837581871990136,0.5641973027525664,0.9636625263499143
0,0.8457487279724483,2.588505305401008,4.215932250860165,2.588505305401008,1.0,0.0,1.0,1.0,1.0,0.0,-0.11255459891667281,1.12805299394515,-0.5059688043628975,-1.5347715543504696,-0.4462280184886139,-1.523311974570014
1,2.992189657121437,1.867620193679396,1.867620193679396,2.6306058895322173,1.0,0.0,0.0,1.0,1.0,0.0,0.9517238219612905,0.26197393149292303,1.5190862988977203,0.06632369337882521,0.672313108309638,0.27031763412864346
1,1.106009904755143,-0.4398567769282074,-0.4398567769282074,-1.4426107879862258,0.0,0.0,1.0,1.0,1.0,0.0,0.15333805245983226,-0.32953949474970123,0.16190911151996557,-1.6559655117511949,-1.9436884105966818,-0.628558335249672
0,3.2164662222259235,6.176289773198636,4.187759739558632,6.176289773198636,1.0,0.0,0.0,1.0,1.0,1.0,2.3357426569348703,0.9187161216842892,1.1237471686263487,-0.5832139492894124,1.770071702080433,1.2305417105907033
1,4.401947043675888,4.435505727140898,4.435505727140898,4.910628864266895,0.0,1.0,0.0,0.0,1.0,0.0,0.31167112728600754,1.2862313779790189,-0.4518735552865325,0.4758599529991199,0.11329510905970991,0.8122156554136142
0,1.927133856551749,2.182673218655262,1.759642734806735,2.182673218655262,0.0,1.0,0.0,0.0,0.0,1.0,0.5681038452895631,0.6460467975599486,1.8452718439535956,0.4770620963909151,1.685285364894674,1.053719593863837
1,4.097981012518687,3.0564028419488194,3.0564028419488194,3.8926928873944404,1.0,0.0,1.0,0.0,0.0,1.0,0.905410557587294,-0.4867587519587693,0.14847973678109966,0.15902882868929877,0.9396257919817719,-0.0022415308380047128
0,1.7000851238145844,3.0636723767611977,1.9068043823743295,3.0636723767611977,0.0,0.0,0.0,0.0,0.0,0.0,2.424514460862576,0.9532624105877721,-0.5201375182468301,1.0598761258447555,-0.7274806788380088,0.5394427828215207
0,1.847658612204133,5.185182038513596,2.7681048898300373,5.185182038513596,1.0,1.0,1.0,1.0,0.0,1.0,0.34892265547408025,-0.18188017009303145,0.3787877990028543,-0.952286626993088,0.22491104895872566,0.6163702036603873
1,3.310877032261006,1.29148713813745,1.29148713813745,3.042243136960409,0.0,1.0,1.0,1.0,0.0,0.0,0.326550954712135,0.6519265313044476,1.883951098417148,-0.6425741679051926,-0.18536252668934483,0.10081061476847497
1,5.406198603393889,1.069104823549083,1.069104823549083,4.93107099824095,0.0,1.0,1.0,1.0,1.0,0.0,0.4681960825434256,0.3256060177156388,0.8519619888818937,1.103735648293623,1.140535892617061,0.7243138674210411
0,0.02425003984921903,1.07234096535412,-0.3802572341274769,1.07234096535412,0.0,1.0,1.0,1.0,1.0,0.0,-0.8396641879895402,0.5467184959614926,0.7291790248219222,0.8251636147526675,0.20735472310552758,-0.393569037183326
1,4.785798851942538,2.6376514868455416,2.6376514868455416,6.045839519633404,1.0,1.0,1.0,1.0,0.0,1.0,-0.7582379111482299,1.920971096249091,0.011483449080866737,-1.0161492107520906,0.8907547949193503,-0.025421237088765092
0,-0.08114706897413944,1.051139770305885,2.179062687600496,1.051139770305885,0.0,0.0,1.0,0.0,1.0,0.0,-0.8576450743044847,0.8995351985463277,-0.0639892240902224,-0.7841542295401102,-1.081510046649571,-1.2046477590731042
1,3.5205105596701,-1.7239568448622076,-1.7239568448622076,2.659722228156954,1.0,1.0,1.0,0.0,1.0,1.0,-1.2664331737183188,-1.0966849925908209,-1.0845182844869197,-0.34959433180273736,-1.1589734761596393,-0.254472472787556
1,2.8630640936083323,0.2747583226703961,0.2747583226703961,2.8614439739119657,1.0,0.0,1.0,1.0,1.0,1.0,-0.678396107943215,-0.512376368873832,-0.8770012911561194,-2.1169323397133364,-0.6373111361040269,-1.8566174117825853
1,4.189706951818867,-0.6931005780853021,-0.6931005780853021,2.71839359643042,1.0,0.0,1.0,0.0,0.0,0.0,-0.42470785730857386,0.9323920058895699,-0.7361013457113899,-1.089167095861925,-0.3659343547851498,1.5651703595916637
1,1.9185655249659554,0.008328660184505732,0.008328660184505732,3.2697775916915273,0.0,0.0,1.0,0.0,0.0,0.0,0.5193731668773759,0.23286588636293237,-0.5189730169262533,-1.4151077009606263,0.10175708029130404,-1.6934078724990576
1,2.6014768936960184,2.024933263922129,2.024933263922129,1.6843738090800802,0.0,1.0,1.0,1.0,0.0,0.0,0.5022391783796125,-0.932335186701275,0.6900674411805328,-0.0040638824346730384,-0.43939365758768695,-0.4654662319275063
1,1.2096638357559744,2.3354039154291124,2.3354039154291124,0.9171616324124587,0.0,1.0,1.0,0.0,1.0,1.0,-0.3263246958263344,-1.0989128002024233,-1.4665675950105848,-1.162413066536909,-0.35536266721856485,-0.1879941422246032
1,2.3054667215198617,1.5574074539898421,1.5574074539898421,3.5316641588190265,0.0,0.0,0.0,0.0,1.0,0.0,1.0915943681803801,0.010848520170856135,1.0121540763349772,0.6336629031623248,2.682651571994395,0.7498819291776168
0,1.9340913420383135,0.7772174279099815,2.43864570334995,0.7772174279099815,1.0,1.0,1.0,0.0,1.0,1.0,-0.7855097901085951,0.5287574053884627,-0.5054184560455568,-0.9694461128278774,0.8337847323485488,-1.1452078267905688
0,0.9137234337048968,0.3268566630800124,-0.27322533991489395,0.3268566630800124,0.0,1.0,1.0,1.0,1.0,1.0,-0.6984776464104303,-0.48777630704676467,-0.6592785499815046,-0.10209123724652674,-0.8399363047752939,-1.1259595529231767
1,3.8051729175492537,1.227317610357078,1.227317610357078,1.6248196753616262,0.0,0.0,0.0,0.0,1.0,1.0,-0.2053576130335591,2.0892341466150373,0.48320332542546385,0.3875902225556702,0.49744122761965837,0.7417044109563924
0,1.3061659355677273,4.036747228011532,0.8968081228712527,4.036747228011532,0.0,0.0,1.0,1.0,1.0,0.0,-0.07183515795502265,0.43699568858733095,-1.192950997073413,0.8668622566165548,-0.5101349881603577,-0.4929292446866291
0,-0.7224126697687735,-0.39569964516651795,-2.0441307199759966,-0.39569964516651795,0.0,1.0,0.0,1.0,0.0,0.0,-1.2558301588466354,-0.21418099615790404,1.128612079602139,-0.4884473922815632,0.016045135203167228,-1.1969816559567823
1,2.544413598898184,-1.1766381673096236,-1.1766381673096236,1.4192339969242702,1.0,1.0,0.0,1.0,1.0,1.0,-0.70343444330843,-0.5864501713300125,1.1338271367801416,0.5379525008282053,-1.3286809658602996,-0.31789941020792056
1,0.9652640035447576,-0.6808677108886414,-0.6808677108886414,0.40387613878282447,0.0,0.0,0.0,1.0,1.0,1.0,-0.9472739597222697,1.1322427757278066,-0.2934268595986785,-0.8790157830872967,-0.01863853888231118,0.47786932716710623
1,5.27475653661661,3.6712018455426065,3.6712018455426065,3.5812451523481865,1.0,0.0,1.0,1.0,1.0,0.0,0.9575959259579958,0.41260326492218413,-0.9988931178999887,-0.007208348642817081,-1.0432374073633586,-1.3649810428177998
1,1.8825611695665327,-0.3081410887946382,-0.3081410887946382,1.5310011613104382,0.0,0.0,0.0,0.0,0.0,0.0,0.34056906223848726,0.6227865632927965,-0.6464693016738753,-1.4476512112979336,-0.13707064129338808,-0.17424908684684431
1,5.408310360541069,2.717497905330232,2.717497905330232,3.899019416520863,1.0,1.0,0.0,1.0,0.0,0.0,0.39577271998473695,0.07442809644438911,-0.15470276933323213,1.2270094652705898,-0.9070430739397353,-0.44325137808173737
0,-0.20965793538278743,-0.05686066513898497,-1.2668514576110494,-0.05686066513898497,0.0,0.0,0.0,1.0,0.0,1.0,-1.3155097128639595,0.07854972291930598,0.35574466310023717,0.15983043975169856,-1.0631909016870715,0.26244583588842085
1,-0.6809295417449822,-1.255443201786331,-1.255443201786331,-1.6640582132990847,0.0,1.0,1.0,0.0,0.0,0.0,-1.687612253917825,-0.5892130437201732,-0.5191087327154904,-1.4104151732647585,-2.008349285110072,-0.539292099148923
0,5.5719702645292415,4.502819785260344,3.4339720345912292,4.502819785260344,1.0,1.0,1.0,0.0,1.0,0.0,0.12417940141437461,-0.26481307937621507,-1.6697759008780908,0.903340612536307,-0.12755150463239304,0.7075993107364025
0,1.0246541718937754,1.5600496940647586,-0.3990891782004147,1.5600496940647586,0.0,1.0,1.0,0.0,1.0,0.0,-1.3316429823023583,0.3336910642456527,-0.10759979927820648,0.7507959927760158,0.9671545504557086,0.32595222135827917
1,1.28659536516721,-1.4553906323057175,-1.4553906323057175,-1.4909698425712552,0.0,0.0,1.0,1.0,1.0,0.0,-0.43220654718498874,-0.9025306070983401,0.7318886563770367,0.4584551143047701,-0.7181958583221221,-0.08154766356511298
0,3.798302785626422,8.074708039438853,2.236300527367713,8.074708039438853,1.0,0.0,1.0,1.0,0.0,1.0,1.3568697545570103,2.2517783348812563,1.272422846686796,-0.15882804479882112,0.336340104114096,0.75087989736356
0,-1.5098434552387376,0.3471077475657706,0.506318922224824,0.3471077475657706,0.0,1.0,0.0,1.0,1.0,0.0,0.3887720429462654,-1.3704899783362858,1.1285779883900795,-0.733083524928748,-0.7655100366386071,-0.05962908488516275
1,4.833913797340633,4.471147010773719,4.471147010773719,4.811479703002885,1.0,0.0,1.0,1.0,1.0,1.0,-0.17242416589232146,1.7671849915005118,-0.4085096058448562,0.7047265379194997,-0.05272385835103116,0.6376948708631506
1,-0.2876944756973373,-0.8556096012051712,-0.8556096012051712,0.6475959474844619,0.0,1.0,0.0,1.0,1.0,1.0,-0.8102646189570737,0.2868518140624576,0.2240996981981167,-0.8858756832878677,-1.3489903785920097,-0.23588578759954776
1,2.1246881745186164,0.3761366322208302,0.3761366322208302,0.5617641121189105,0.0,1.0,0.0,1.0,1.0,1.0,-1.0998863611568246,-1.0120919524463807,-1.427844548946462,0.5350093799022511,0.32833394205782906,-1.807676564025154
0,2.926844951653654,3.288064476959912,3.0062043900206774,3.288064476959912,0.0,1.0,0.0,1.0,1.0,1.0,0.4299981559647748,1.752376397341838,0.2194230426100886,0.35296575037799527,0.21245185284772544,0.05016574141634239
0,4.979116073943542,4.174974571842057,4.054813824124304,4.174974571842057,1.0,0.0,0.0,1.0,1.0,0.0,1.2376732860449438,0.515916644733026,0.7388578853213543,0.34061086527099776,-0.9098245850251241,1.5512378440592225
1,3.1886127530918404,1.847626819325435,1.847626819325435,3.434972195371675,1.0,1.0,0.0,1.0,1.0,0.0,-0.16353987230884676,0.20362490085223006,-0.8502252357438458,1.0336967614317105,0.2872679507460778,0.3145265028727596
0,3.9248544715096907,5.368237585441422,2.259138209282371,5.368237585441422,1.0,1.0,1.0,1.0,1.0,0.0,-0.5317082485501738,1.244295057622706,-0.7385087540171537,0.10555601210483911,-0.8092254400656608,1.6561693416658483
1,3.6996037245735818,0.3524629040852245,0.3524629040852245,3.5504030874315595,1.0,0.0,1.0,1.0,1.0,0.0,0.9187633909519107,-2.087097407402475,-0.06726756729751271,0.49214614711476257,-1.547063685584088,-1.3831062602096533
1,3.392891160821726,3.4105904484366603,3.4105904484366603,3.0087228953831393,1.0,1.0,1.0,1.0,1.0,0.0,0.7219212333224548,0.343073744902165,1.5530157138877962,0.6250131735588528,-1.9330489574958942,0.2086351011138085
0,-2.9265064888713868,-0.9234671922277876,-2.9967368564080146,-0.9234671922277876,0.0,0.0,0.0,0.0,0.0,1.0,-1.4119558034706565,-0.9031957211854542,0.6985883331274145,-0.28576854767937654,-0.21996057767263855,-0.2577291794826788
1,0.9372925104206002,2.9954175156139735,2.9954175156139735,2.4764866861822825,0.0,1.0,0.0,0.0,0.0,0.0,0.22425052756524663,1.3198307812702952,-0.7089719909780395,-0.21225533105241873,1.5563582282645894,-0.9780233626117674
0,-0.06901474470149549,-2.228332604789352,1.1599931474272862,-2.228332604789352,1.0,1.0,0.0,1.0,1.0,1.0,-2.5589138246865866,-0.34096284412492284,-0.7861975912938477,-1.1635738026075961,-1.585526384973352,0.5488330033935337
1,-1.562295760048201,-0.4596725260571929,-0.4596725260571929,0.6139000258456971,0.0,0.0,0.0,1.0,1.0,1.0,-0.7539498663429719,-1.4892676248184191,-0.6067059017111287,0.5242538974344604,0.7011114347522518,-0.4967596549579981
1,3.679307126830549,0.8910571709593558,0.8910571709593558,5.536049992369709,1.0,1.0,0.0,1.0,1.0,1.0,0.2545512453803515,-0.07182743447245288,0.6674103658630951,1.402173275249658,0.975651654688043,1.7522586315161846
0,1.0433160923107583,0.6456656189913939,-0.33638082123321317,0.6456656189913939,0.0,0.0,0.0,1.0,1.0,0.0,-0.7992044405460682,-0.007361227850593455,-1.956010915820093,-0.4409056270120924,0.21357434761332733,0.9731163488892733
0,-2.011376474688622,0.2960173542276663,-2.6474848341985897,0.2960173542276663,0.0,0.0,0.0,0.0,0.0,1.0,-0.6350660468387058,-0.8743502895360794,-0.5908293110491741,-1.38330219366797,-3.1227307422704706,-0.9962577330407815
1,-0.4963613898637471,1.804582614032821,1.804582614032821,0.7569132126678981,0.0,0.0,0.0,1.0,0.0,0.0,0.0943375534149483,0.7306979169025694,1.016885160519567,-0.6684249789219184,0.6835648822514484,-0.6274645071551026
0,2.531337176091046,3.5279565295925,1.860023933419269,3.5279565295925,0.0,1.0,1.0,1.0,0.0,0.0,0.40895330109798295,1.5797503322188515,1.780778416551338,-0.03119538103741866,2.3965634913152525,0.1265495584231453
1,3.103868637035624,1.9069841489352597,1.9069841489352597,5.113370719588182,1.0,0.0,0.0,1.0,0.0,0.0,0.29676332842613734,0.76283892022353,0.6966852676727009,1.7524016928984967,1.1089364808446258,0.2379122938203172
1,6.836265303973994,4.413143616370171,4.413143616370171,4.994769111418682,1.0,1.0,1.0,1.0,0.0,0.0,0.025484145816728598,1.74329921055485,-0.8919143676496859,-1.139083527822056,0.6200045311885386,0.06415427843056538
0,-0.31298801019476674,3.404718713017515,0.49865954455507555,3.404718713017515,1.0,0.0,1.0,1.0,1.0,0.0,-1.3679567672133228,1.2231893027627911,2.590674231735466,-0.6573962851906427,0.6655269524640033,0.9962266547791723
1,8.408007622269055,5.893860615413853,5.893860615413853,5.973631112436658,1.0,1.0,1.0,0.0,1.0,0.0,1.1850515242494757,2.0035074023616604,-0.7084217249048073,-0.406621709432107,-0.014916747822742604,1.3062446526650706
1,5.312020826329984,0.8935827674618759,0.8935827674618759,2.914486487226185,1.0,0.0,0.0,0.0,0.0,0.0,-0.44990712447751113,0.9851393492212793,-1.553093304779275,-0.7880232067262112,0.10343916847014552,1.5038188747959835
0,2.0194570041071813,1.4070477012315847,0.4899646076227318,1.4070477012315847,1.0,1.0,0.0,0.0,0.0,1.0,-0.8032429207622346,-0.1661960484099754,-0.45729654589750085,-0.6853803608240929,0.2039509587472325,0.07118297100130133
0,-0.7712476438790539,-0.88156718543031,-1.5946186696817422,-0.88156718543031,1.0,1.0,0.0,0.0,1.0,0.0,-2.040961307252551,-0.9907084545835212,-1.7294541032169715,-0.9272033485336322,-0.8716387776835403,-1.9525539564233645
1,-0.3075480535934545,0.4652544882343611,0.4652544882343611,-0.8828802727049667,0.0,0.0,0.0,0.0,0.0,1.0,0.1600877907946137,-0.5653045435519467,-0.5370475782673407,0.7222301049563288,0.1931355934755108,-0.6020052736035324
0,0.13573099390778387,-0.2645684994048869,1.6672904990587214,-0.2645684994048869,0.0,0.0,0.0,0.0,0.0,1.0,-0.7149331261325756,0.35162112027210657,1.4084837507916341,1.6241247286759832,0.6054076805420199,-1.5014940653136595
0,0.80710113017263,-0.4570241723152976,-1.9365870412629445,-0.4570241723152976,0.0,1.0,0.0,0.0,1.0,1.0,-1.0834063153675961,-0.10469911255340136,1.447025762967376,-0.16361710656540374,0.7220960109541069,-0.1243369319613501
0,-1.6490090603034633,1.8166053967552909,-0.8113382484444195,1.8166053967552909,1.0,1.0,1.0,1.0,1.0,0.0,-1.3263538564749708,-2.134182378537219,0.5947759741165022,0.2922791697160587,1.4608214770891192,-0.6835211290849471
0,4.369086892561846,5.548797980293179,1.8326023100240616,5.548797980293179,1.0,0.0,1.0,1.0,1.0,0.0,0.7842591199577873,-0.14405777487877713,-1.0673276625725505,-0.24738107067488155,-0.6719821014735438,0.7130213546767941
0,2.62607326613568,0.9538834791161791,1.6797576784718604,0.9538834791161791,0.0,0.0,1.0,0.0,0.0,0.0,0.9131258519900279,0.022175976210271075,1.1212960743239562,-0.7359010698115999,1.0018622310686136,-1.5318097698223867
1,2.742723925776498,0.5492901228506976,0.5492901228506976,5.253027696948438,1.0,1.0,0.0,1.0,1.0,0.0,0.12646858286683518,-1.0622536613324494,-0.8750161354580357,-1.1092544773182673,0.7355218420528864,0.9643812570701598
1,2.5538183761110096,1.8425155835020668,1.8425155835020668,2.4357861504716816,1.0,1.0,0.0,1.0,1.0,1.0,-0.6156487789306637,-0.6201841369493278,0.9162256091784524,-0.5509390924988187,0.025960767728540626,0.04829381767177336
0,2.0893931289836374,2.7312952519285387,-0.1495757692429983,2.7312952519285387,0.0,1.0,1.0,1.0,0.0,0.0,-0.8410108588329389,0.19271900995565525,0.21444508534127926,0.8797672095912589,-1.4181967923405818,0.17850757617536528
1,1.7955192487178206,-0.35737045210319524,-0.35737045210319524,2.1837862206792447,0.0,0.0,0.0,1.0,1.0,0.0,-0.4464991658557747,1.1186314976023182,1.0347640699234044,1.086206806805542,0.8799085230131377,-0.5966664031990812
1,4.464941190865778,2.739225299089856,2.739225299089856,1.1125460766772326,1.0,1.0,1.0,0.0,1.0,0.0,-0.32555911458882236,-1.0340015093806805,-0.3436012474331839,0.36368432387089816,1.6522617590337747,-0.8963810873084936
0,-0.6823703317792925,0.9219528897678583,0.016358678545147054,0.9219528897678583,0.0,1.0,0.0,1.0,1.0,1.0,-0.8435022088982944,0.5638664701280702,-0.00723135042519004,0.3490023008789506,0.3978900680438596,-0.6644574690501236
1,2.8449724772976763,2.9459169843115682,2.9459169843115682,3.14588615795361,1.0,1.0,0.0,0.0,0.0,1.0,-0.03521472345839406,0.7680573675247284,0.5706883630280407,0.196238375592019,-1.374067620599865,0.11417905417309106
0,-0.14193110165840428,-2.3196333722027083,-1.0263558498396796,-2.3196333722027083,0.0,0.0,0.0,1.0,0.0,1.0,-0.6290196974093522,0.3785543541148217,1.3195627088157658,-1.169377390684645,0.20876847833072082,0.7417085361513258
0,1.4882965443343337,2.044957045283077,0.3999048345060433,2.044957045283077,1.0,1.0,0.0,0.0,0.0,0.0,-0.5401848156209016,0.24453350243870087,-1.283996846554059,-2.2237915598400324,-0.29536774051170817,-0.429322044497759
1,5.663887455636417,3.100956675940755,3.100956675940755,5.020639523409565,1.0,1.0,0.0,0.0,1.0,1.0,1.1575899641867462,0.892765606605183,0.5574494919140296,-0.6445530205651185,-0.7783621837287962,-1.3767238105968933
0,0.03612343454425737,2.4017295719270217,2.6624728151983788,2.4017295719270217,1.0,0.0,0.0,1.0,0.0,1.0,0.43630145563856493,0.5382597950886989,0.28739923396572187,0.47068379984559183,1.0213042193094823,-0.7840322488194945
1,5.713860307148721,1.4999977087118272,1.4999977087118272,0.8849174310566328,1.0,1.0,1.0,0.0,1.0,1.0,-0.07208945010847295,-1.3316977688248863,-0.5327798949514891,-0.9360479140288476,-0.5343514241098416,-0.23538579308251956
0,4.24023306082186,4.15964329049098,3.0014972965083886,4.15964329049098,1.0,1.0,0.0,1.0,1.0,0.0,0.13589178055832238,0.5130146379048116,-0.3678162629881476,1.2100361565471973,0.7225239542663813,0.8273491686443675
1,4.77444891082194,2.5369557727793266,2.5369557727793266,2.882982684162939,0.0,0.0,0.0,1.0,1.0,0.0,0.7142611883777648,1.570129992957936,-0.5994893396164013,-0.17153867637397863,0.42276825930266865,0.22446152748904613
1,2.2327732652499046,-0.40221237058295667,-0.40221237058295667,3.5592031053712,0.0,0.0,0.0,0.0,0.0,0.0,0.12161911737013309,-2.002104608439887,-1.4721088667231141,0.09106934656155978,-0.9181698353919401,-1.0984294795105083
1,2.086058872182557,0.5972274132022599,0.5972274132022599,0.006883975093106232,0.0,0.0,1.0,1.0,0.0,0.0,-0.795953122935024,-0.10357142145872045,-1.305914426962,-0.9665527548064641,-0.5585488612097887,-0.35972039881180845
1,2.4078113214274293,1.2681519450946066,1.2681519450946066,3.7307929708160508,1.0,0.0,0.0,0.0,0.0,0.0,1.0657516283469086,-0.6232605832940339,0.9132487557799162,0.42293918750658294,1.043709740491875,-0.8624221315592101
0,4.187885920036462,5.228043764549974,3.9253928915674003,5.228043764549974,1.0,1.0,1.0,0.0,0.0,0.0,-0.16120058521737435,1.330751732259023,-0.4159092399378139,1.2546867042710694,0.822840695604874,1.515364908884024
1,2.863763938933994,0.775703543585343,0.775703543585343,0.5676649373010312,0.0,0.0,0.0,0.0,0.0,1.0,0.10492062795306334,0.5971511839531203,1.6495419229640453,1.1604489333068329,0.7859588032896272,0.49476303092637514
1,3.5014004360363753,3.039750553213504,3.039750553213504,1.9105210005121123,0.0,1.0,0.0,0.0,1.0,1.0,1.2710040295663634,-0.09140269331954284,-0.5247450095532272,0.5431563106241274,-0.09555115489022376,0.9471608681497959
1,1.2634613163444142,0.22956116215844935,0.22956116215844935,0.2524160993514598,1.0,1.0,0.0,0.0,0.0,0.0,-1.8441323569787877,-0.5057700798893385,-0.5238331428192302,-1.1987637717544652,-1.100964364578136,0.09127880482906026
0,3.404033936381196,1.234062154855911,2.0516392264501735,1.234062154855911,1.0,1.0,1.0,1.0,1.0,1.0,0.10646338185230689,0.3216661396140729,2.0511742596807236,0.37034385948275594,1.1625598325345394,-0.24885636931842248
1,4.693217527679893,3.1595158881558563,3.1595158881558563,4.692447968927711,1.0,1.0,1.0,1.0,1.0,1.0,-0.31209382474804304,-0.6837091720545982,0.10184542734430813,1.2571013083393567,1.5444816312402863,-2.284003258635929
1,5.608253867136254,2.463341363515984,2.463341363515984,5.010104451353189,0.0,1.0,1.0,0.0,1.0,1.0,0.912746845942202,-0.8144235564515294,0.059907357947884654,1.9188604887990937,1.7346500150313964,1.5033347020691308
1,3.03994798616731,1.2732123827397042,1.2732123827397042,3.3991637518129103,1.0,0.0,0.0,0.0,1.0,0.0,1.0714748741314732,-1.8556848760284836,-0.8117778193806198,1.8908513807435585,0.5012691781335447,0.792068395538934
0,4.137448851721106,5.898110914793254,3.0421131302196223,5.898110914793254,1.0,1.0,1.0,0.0,1.0,1.0,1.0762374450078234,0.748790544804605,-0.6658879717674594,1.0886811088793789,0.8434849063052682,-0.22288324734452297
0,0.5363930679760837,1.3880650314973615,-1.5039159262053712,1.3880650314973615,1.0,1.0,0.0,1.0,0.0,0.0,-1.606544360133151,-1.1912330669958717,-0.9355411289345592,1.5984312173423816,-0.514326035710694,-0.6998274788592895
1,2.4416176287307803,2.469387926447982,2.469387926447982,1.880568487657417,0.0,0.0,0.0,1.0,1.0,1.0,0.8769469360618577,0.3250823392194896,-0.6891615761732072,-1.653318863397262,0.17530043878073007,-0.10541035554242226
1,0.011260182089601667,1.5032113631060655,1.5032113631060655,-0.11387336196363229,0.0,1.0,0.0,0.0,0.0,1.0,-0.6337521879612379,-0.4939446689361455,0.23004773245124122,1.5445413675134783,-0.11605386061670243,-0.6469724973181671
1,3.181737974590988,2.574087303731136,2.574087303731136,3.504892706438972,1.0,0.0,0.0,1.0,0.0,0.0,0.10101540956160121,0.1899590305406184,0.02984942379463483,-0.0648330295644599,-0.04516023128220409,-0.0825749086452227
1,3.522907636467952,0.9477427557570225,0.9477427557570225,3.7035008424734555,0.0,1.0,0.0,0.0,0.0,1.0,1.37505809400251,0.045981013783273905,1.3532301650133518,-0.06119188179181667,-0.8783404711118762,0.9884335524283874
1,1.5600641670078597,0.023977223369065825,0.023977223369065825,2.460694660109473,0.0,0.0,0.0,0.0,0.0,0.0,0.11866628048525248,1.6918007335014975,1.0598537586570411,0.36543295347485966,-0.04132822343138298,0.6779219024737573
1,0.6371576203953393,1.658648052307113,1.658648052307113,0.6925237183979318,0.0,0.0,1.0,1.0,0.0,0.0,0.6239280008559861,0.8397864322645368,0.7332741564705811,-1.0019242458231972,-0.003074212440362989,1.0729359109630694
0,1.5210027288096495,2.1598146502515907,1.9591971691985828,2.1598146502515907,1.0,1.0,1.0,1.0,1.0,1.0,-0.8569106954142418,1.481789897835859,1.0922294267564951,0.9854256421604317,-0.4429340116838043,1.819175315909178
0,-0.5460796342008194,-0.6454309719602049,-0.522650779571561,-0.6454309719602049,0.0,0.0,0.0,0.0,0.0,0.0,0.0697606948804336,0.35760612327286956,1.6432702804355728,2.5729936497170076,1.1818029881754621,0.04877428987929333
1,2.8605720692496224,2.3884250035189374,2.3884250035189374,3.933725296903324,1.0,1.0,0.0,1.0,1.0,1.0,0.28770488942663336,0.6601863171741995,1.6368467368161543,0.22898220106580827,3.385257166007557,0.039630340385795604
1,1.1788609243474557,1.2555807192053052,1.2555807192053052,0.44135491308124747,1.0,1.0,1.0,0.0,1.0,1.0,-2.0381085171961297,-1.248298194604518,-0.10254580089292212,-0.4716719203714144,-0.580197371761022,0.226118272566373
0,2.2639188438940296,3.193309716743106,2.0564126105724396,3.193309716743106,1.0,1.0,1.0,0.0,1.0,1.0,0.5055122977508648,-0.17140569298637465,2.3894972395095175,0.5317166906834357,0.7165615895930493,0.5753739055853608
0,2.59309802416338,3.0062941249837603,0.9995636570206838,3.0062941249837603,0.0,1.0,1.0,1.0,0.0,1.0,-1.7646326723395607,1.6797279507268317,-0.13310451566543227,1.0429558398234935,-0.24046920662295412,-0.0802859201130463
1,2.249272840854382,-2.362609439363239,-2.362609439363239,2.500111916991486,1.0,1.0,0.0,1.0,1.0,0.0,-1.841484572259304,-1.8018597855773497,-1.4311467301812688,-1.0326042561148963,0.24060146938967997,-0.42627840667379324
1,3.6557710902119718,3.0787633422997662,3.0787633422997662,5.008177671022992,0.0,1.0,1.0,0.0,0.0,0.0,1.427870359134945,0.23822342757746623,0.1048220690459609,0.15165722407828244,0.5000847753725154,-0.3966395063706123
1,2.23221308086056,-0.12219543012399026,-0.12219543012399026,3.6949781422710943,1.0,0.0,1.0,1.0,1.0,1.0,-0.6668847339286887,0.1225171270416035,-1.3539633035307603,-1.7570987479236555,0.14091491735270478,1.1066102881959063
0,1.4779732820215687,3.300472427228157,-1.0980898101105727,3.300472427228157,1.0,0.0,0.0,1.0,1.0,1.0,-0.8973679212930772,0.04142015711517112,0.2769203106298483,0.1041946956498455,-0.565757772445251,0.8295030998277848
1,5.815789198819037,2.3945092246411908,2.3945092246411908,5.693692665898879,1.0,0.0,0.0,0.0,0.0,1.0,1.1556477122913007,1.4290293896758843,0.6174778887448313,0.5739959183422182,-1.2705980373209609,0.6218955277407592
0,-1.5759313869315341,0.6068054493785708,-2.4979990564388035,0.6068054493785708,0.0,0.0,1.0,1.0,0.0,0.0,-0.6028470201684725,-0.7455620686429628,1.3540069516392133,-1.206892327853271,-0.4652502474355268,-0.7533327839579308
1,3.059237824390894,1.988790045170285,1.988790045170285,4.884568496798857,0.0,0.0,1.0,1.0,0.0,0.0,0.5679312100523425,1.0163482092477318,1.423306565274348,0.64819203823095,-0.8974307800698853,0.08766262102477596
0,4.205482395453353,4.6135068158135235,3.9673989391413893,4.6135068158135235,1.0,1.0,0.0,1.0,0.0,0.0,0.6832319044541146,1.1201851137989758,0.07287063865108712,-0.4631062759553928,0.08048691796680973,0.6750316362800306
1,4.165606371713075,1.398917620256929,1.398917620256929,2.4834510021572562,1.0,0.0,1.0,0.0,1.0,1.0,0.48889260936047424,1.2247231876272464,-0.32382125560726566,-0.9258915285144267,-0.41671488497701115,0.5698559932629255
1,5.5181845187531335,4.811062438475587,4.811062438475587,5.772896752121605,1.0,0.0,1.0,1.0,0.0,0.0,1.8249410978088825,0.6044557832726553,0.5117423513536374,1.9797573055018562,1.777342101955936,0.9351134202705633
0,-1.0954325621086811,-0.6291855094106796,1.3878097230618693,-0.6291855094106796,0.0,0.0,1.0,1.0,0.0,1.0,-1.0529960036626704,-1.6817696459113178,-2.199577007756101,-0.1884255800149674,-1.1371309852585902,-0.7904908682433769
0,-0.5519635902014741,-1.7731974873312044,0.12368890371066188,-1.7731974873312044,0.0,0.0,0.0,1.0,1.0,0.0,-0.9870203168048459,-0.48740384122241953,-0.9333510010031326,-1.4151293729951582,-0.2609542348060878,-2.0051032727537903
0,1.2318136650500011,2.51049020157513,0.5054118107380654,2.51049020157513,0.0,0.0,0.0,0.0,1.0,1.0,1.1543924542407757,0.1285664693601978,-0.300003781713326,-0.026767869133002234,0.468325752988455,0.14662332973601988
1,1.791192572048239,-1.9119911725594123,-1.9119911725594123,1.2682997822541067,1.0,0.0,0.0,0.0,1.0,1.0,-0.8063782257822426,-0.870028252322107,0.11463116426517939,1.2177786295356483,-0.7608663423383923,-0.2965142627863848
0,1.1099438682080518,3.3866116286662225,1.7686579380912333,3.3866116286662225,1.0,1.0,1.0,0.0,1.0,1.0,-1.7970910635920687,0.5864634795971935,-0.5250549089164334,-0.0166559867617313,-0.46676925081423076,0.9851393009441778
0,0.1150410223569146,0.6072788432296948,0.23131796210885058,0.6072788432296948,0.0,0.0,1.0,0.0,1.0,0.0,-0.5612173115257864,0.11300014959237215,-0.9010367410818793,0.43108862697633615,1.0392455805753322,-0.5522141549540464
1,1.7524748985800997,0.6896753018898112,0.6896753018898112,2.3717917730195786,1.0,1.0,0.0,0.0,0.0,0.0,0.7517161769511094,-1.450945415949996,-0.493969385930916,-1.6228045695892996,-0.5582980285108411,-2.1802664142212986
1,0.5076808255986385,1.5535957753069787,1.5535957753069787,2.166689865730443,0.0,1.0,1.0,1.0,1.0,0.0,0.4364082046663859,-0.7809900644515139,1.4103886904907856,1.60034826183876,0.6680335685632416,0.7490068711609561
1,4.971998772388647,3.701587205041151,3.701587205041151,7.0256804043368115,1.0,1.0,1.0,0.0,1.0,1.0,1.0297307944736955,0.25240221561590886,-0.1437171773699477,-0.07307656100680124,-0.9370138758692642,-0.9422569130102217
1,3.3682380085733192,3.3531931420069516,3.3531931420069516,4.914724164865232,0.0,1.0,1.0,1.0,0.0,0.0,0.712729890957236,0.69877714450865,0.45143992630419744,0.47348017213163224,0.19127793308795915,1.9134001683581854
1,3.6870755713111323,1.7782667161500223,1.7782667161500223,1.0283425774938313,1.0,1.0,1.0,0.0,0.0,1.0,0.03958101282695108,-0.3662240575696147,-0.6093574850328045,-1.533530147837321,-0.229452190292143,-0.12164701955701257
1,1.15632335944065,1.9155852751849867,1.9155852751849867,4.183135197664286,1.0,0.0,0.0,0.0,0.0,1.0,-0.3135747709743969,0.8662574331248645,-0.5077447781551986,-0.3957757537264961,1.4000986630132968,1.19187396665846
1,2.099615941144774,-1.0868476857029647,-1.0868476857029647,2.4449611937638616,0.0,0.0,0.0,1.0,0.0,1.0,-0.4186245972901324,1.294707181816931,0.2974047472949068,-0.8343962493180045,-0.6718484090033536,-0.37321972708651974
1,-0.30996392640890646,-3.137281488756318,-3.137281488756318,-1.7527514323197417,0.0,0.0,0.0,1.0,0.0,0.0,-1.760564902784838,-1.6341955401066617,0.3467455873201715,0.15287560714107976,0.9455740076545344,1.1960638584471994
1,5.014451881978364,2.4133178378358893,2.4133178378358893,3.407677915350389,1.0,0.0,0.0,1.0,1.0,1.0,1.2646150658556683,-1.1324361399002592,-2.4572534864877706,-0.6219374776067144,-0.12140450280652071,-0.9335613789273614
0,3.3796914076324636,4.255313916800214,4.714432450382997,4.255313916800214,1.0,1.0,1.0,1.0,1.0,1.0,0.1322447454240582,0.37215989954073014,-0.17928485413099615,1.2579469455579335,0.4945569657576251,0.4479825548987806
0,1.591543705258251,1.9197807637480633,2.418031424633452,1.9197807637480633,1.0,1.0,0.0,1.0,1.0,0.0,-0.34389077059217577,0.04877199875590188,-0.5562889849156165,0.12190118303170083,0.9844725781387537,0.963070123166471
0,0.051985183873074936,0.1973602208583991,1.1004673286665216,0.1973602208583991,0.0,1.0,0.0,0.0,0.0,0.0,-0.18742691235358167,0.42432786293409974,0.3924958928796164,-0.2581996473028582,0.5420509837341319,-0.6555837918257683
1,7.256711345514862,4.004546810873934,4.004546810873934,6.639033507651037,0.0,1.0,1.0,1.0,0.0,1.0,1.1733543366219794,1.4189277138364729,1.793991126651645,1.3381434797318592,1.6687905804895224,-0.0420659772972376
1,6.180405421679829,2.808588840622053,2.808588840622053,6.192608371302247,1.0,0.0,0.0,1.0,1.0,1.0,1.105959262877646,0.773131501314565,-0.7584755417211525,1.671224934687049,-0.8600773169073781,-0.012793700153902354
1,0.6901701419509062,1.1078166063865502,1.1078166063865502,0.034439144017825774,0.0,0.0,0.0,1.0,0.0,0.0,0.10942310307544252,-1.1449800600524798,-1.0063775898525036,0.47723702560142955,-0.08440690912587853,0.9863217597286651
1,3.4921080077596396,2.00519821048461,2.00519821048461,2.3914867204915216,0.0,1.0,1.0,1.0,1.0,0.0,-0.4742462842717928,0.2147252277675141,0.2417909325205995,1.1081835370227795,0.9648270991301777,-0.5709659625758303
1,3.4642236484495905,1.6119577849582107,1.6119577849582107,1.5636291461377168,0.0,0.0,1.0,0.0,0.0,1.0,0.752610309909174,0.4052545752760306,1.0594761990420394,0.46640188105322405,-0.3677123104913459,1.1675092053061538
1,1.4578777000008378,2.538119427929358,2.538119427929358,4.052225457611596,0.0,0.0,0.0,1.0,0.0,0.0,-0.2289017933257319,0.24022426298251587,-1.7228263797082495,0.8100623800694443,0.7116705501329337,1.544742115707464
1,4.63764962733276,2.011100367723414,2.011100367723414,3.2453655987396353,1.0,0.0,0.0,0.0,0.0,1.0,1.628879262072561,-0.6939500330395333,0.784468665806053,0.11143893809522915,-0.4412547259629672,0.5076674947594743
1,1.097935573689078,2.2014671865390865,2.2014671865390865,3.450469382490885,0.0,1.0,1.0,0.0,0.0,1.0,-0.05574333441717606,1.143191554141984,3.193118081167364,-0.38059476413021115,0.6967896109717148,1.2141011045795616
1,2.16531378532823,1.2145457722689708,1.2145457722689708,3.7419944052778913,0.0,0.0,0.0,1.0,1.0,1.0,1.040256144749174,1.0425591377810124,0.536559830768218,-0.37680057324865884,0.7057160753743268,-0.08586901451215823
1,5.6244984160292635,2.5655975780726465,2.5655975780726465,6.701060444754512,1.0,1.0,1.0,0.0,0.0,0.0,0.9929885336988111,0.7562427990818029,1.4550033314023112,-0.018610917038252323,-0.06892014952691339,1.1118793745172908
0,-0.47284008879703215,0.9955984359186452,1.055111594277334,0.9955984359186452,1.0,0.0,0.0,1.0,0.0,1.0,-1.2354824606777068,0.08129652203018245,-0.27391902704564164,-0.39646328196793007,-0.28068271630456787,-1.0350207274525878
0,2.9441581838959805,4.639454598093754,3.3959700670234936,4.639454598093754,1.0,0.0,0.0,1.0,1.0,0.0,0.22507087247509783,1.4564259675247315,1.5301931282387866,1.1183557716629522,1.1981258087552138,1.3644300167302783
1,8.034562338685902,2.7017301748627127,2.7017301748627127,5.311513214848905,1.0,1.0,1.0,1.0,0.0,0.0,1.9713753686663753,-0.08114829900004317,0.9656946236906352,1.0412773536036268,1.2959045763381083,-0.5669381525235216
1,1.929334014641247,1.6578152922175153,1.6578152922175153,3.037882068184495,0.0,1.0,0.0,0.0,1.0,1.0,0.45312541120811606,-0.08865004092450912,1.2596333491641891,0.3079407975942393,1.8076185162594929,-0.45586356314321885
1,1.787580223921839,0.025457624335673154,0.025457624335673154,2.211870699604022,0.0,1.0,1.0,1.0,1.0,0.0,-0.38851340562219144,-1.157876143013965,-0.01236404633941579,-0.1718685697835321,-0.6198241655819293,-1.3616587387951506
0,4.907035087675909,4.462842054093356,2.8576312115179303,4.462842054093356,1.0,0.0,1.0,1.0,1.0,0.0,0.8883683572744623,-0.3513259928347431,-1.6391381106951417,1.2366373033964113,0.18919456485998476,-0.5595146201189449
0,0.2532471491268158,2.880119074655434,0.35738122622219426,2.880119074655434,1.0,1.0,0.0,1.0,0.0,0.0,-0.11832781675789025,-0.2743413874134275,-0.8778889922131665,-0.31677120476399717,-0.37990406826026246,-1.849701639913458
0,0.03212214781866407,1.100702930731732,-0.6963692231661703,1.100702930731732,0.0,0.0,0.0,1.0,1.0,1.0,-0.2019189217561017,-0.11639888999894005,0.3313458179707899,-0.6466735597984586,-0.7802130379275851,-1.2147616874713003
0,1.0014617718695915,2.9805325191743512,-0.03710910413854174,2.9805325191743512,1.0,0.0,1.0,1.0,1.0,1.0,-0.9150732217086734,-0.264012120768728,0.1948616428847735,0.9922415547775957,0.03416063074978204,0.8807224298033083
1,7.493000039745262,4.144319552714742,4.144319552714742,7.547575012572169,1.0,1.0,1.0,1.0,1.0,1.0,0.918551547003966,1.1852230078093844,1.7275722369565043,0.30775835191508993,1.4737302040658773,0.36522997858333917
1,4.3683285268481535,3.06683447826528,3.06683447826528,4.350057993738883,0.0,1.0,1.0,0.0,0.0,1.0,0.23073245413911322,1.2308859532413043,0.9826690337989661,-0.09695318784000488,1.2068603700281983,0.26301847567435843
1,6.00692407974042,4.351321262400111,4.351321262400111,4.222218060560911,1.0,0.0,1.0,1.0,1.0,0.0,1.4159035257680939,0.1366774356603897,0.8425572777958334,1.0922174615518319,-0.06272951197024779,0.511368056872504
1,2.5555624898190468,0.15296099930060025,0.15296099930060025,5.2255977445550545,0.0,0.0,0.0,0.0,1.0,0.0,1.3938790417501175,-0.3379205429909643,0.5022976764365902,1.3701476913532122,-0.30819554406410465,0.4403221378565062
0,2.020142452678645,5.959236252348172,4.186728697338017,5.959236252348172,0.0,1.0,0.0,0.0,0.0,0.0,1.5655277010261393,1.5364649021396388,0.541247858246192,-0.29709851873462145,1.0279823973705127,1.366193147807283
0,2.3841921037982736,4.1125121303435135,2.735149016196436,4.1125121303435135,1.0,1.0,1.0,0.0,1.0,1.0,0.5749845424456556,0.6941484192692968,1.3347133555317752,0.6913147347760548,-1.0466841882777311,-0.3753115686670113
1,2.3788960664403564,2.429588673490024,2.429588673490024,2.644922433026556,1.0,1.0,1.0,1.0,1.0,1.0,-0.5360551762333366,-0.48159435340483664,-0.23451551222116895,0.3864685834795471,0.7566643920047421,-0.020932138544777126
1,0.9831639579937886,-0.22602292573816807,-0.22602292573816807,0.6005170531987163,0.0,1.0,0.0,0.0,0.0,0.0,-0.6684538057578908,-0.3375631691443286,-1.3951832969682194,-1.0938971628104768,-1.6115097189641754,-1.643782630279581
0,4.956626286417014,7.892015397877272,5.937328128180817,7.892015397877272,1.0,1.0,0.0,1.0,0.0,0.0,1.5533907135788518,1.5351455466474269,1.1980023073500203,2.4453318284345746,-0.283307464484027,1.2360641518352844
1,3.407298550500472,1.779121613172012,1.779121613172012,1.7754302526449055,0.0,0.0,1.0,1.0,0.0,0.0,1.2576088622086583,0.89280613885655,1.1533471200407135,1.0848786985489667,0.7448732368000588,0.8779544397014625
1,2.7869873937562835,1.9398836549772822,1.9398836549772822,1.6247685290234186,0.0,1.0,0.0,1.0,1.0,0.0,-0.8001631384942072,-0.22745086851439386,-1.071995055028062,1.3652318029629749,0.753159480385605,0.4085673409099813
0,-2.2888916468675133,-1.3790019171277725,-1.094407102467248,-1.3790019171277725,0.0,0.0,1.0,0.0,0.0,0.0,-1.6201486447785225,-0.709375309368908,-1.0191995139261776,-1.4328303957441537,-1.6029972458101365,-0.6361378086959943
1,-0.9012524437832231,0.19950895634590182,0.19950895634590182,-1.4352171428987344,0.0,0.0,0.0,0.0,1.0,0.0,-0.4297275337895284,-0.14841742128029553,0.8757959830250077,-0.026137634138336696,-1.2940150704113442,0.11795344127911417
1,3.1310796806742403,0.9436701153172697,0.9436701153172697,3.3901772700638513,0.0,1.0,1.0,1.0,1.0,1.0,0.324102367295361,0.6482387938827621,0.49961943088064403,0.8189593451709023,1.7023008373913235,-0.9340304174032215
1,2.350524976827512,1.6553759336537137,1.6553759336537137,3.6914463924123946,0.0,1.0,1.0,1.0,1.0,1.0,0.5495637715595314,-0.8585462546251263,-1.3331558687389262,0.9798068721591309,-1.3529198144707175,-1.6829825399658462
1,3.1797654873202372,-1.0635028564932876,-1.0635028564932876,2.5793419641595747,1.0,1.0,0.0,0.0,1.0,0.0,-0.06847207540211882,-1.598945987313952,0.5422186849051922,0.1970381601579598,0.6474434505344789,-0.4237020374159294
1,1.7538302600338147,0.3786587230312758,0.3786587230312758,1.4532595572929625,0.0,0.0,0.0,1.0,1.0,0.0,0.33786548038514913,0.090249639093536,0.7859826371514291,0.056383699039686444,1.1527237797948713,1.8145358742371442
1,1.3805624762751223,-0.28580784192664194,-0.28580784192664194,0.09466414791421579,0.0,1.0,0.0,0.0,1.0,1.0,-0.3060550339741325,-0.8146909328961138,-0.011716639414935226,-1.266237595371672,-1.593492981362212,0.8257524357714576
1,0.36588132310388066,-0.4007510063964148,-0.4007510063964148,-3.220155360898718,0.0,0.0,0.0,1.0,1.0,0.0,-1.4511937443179999,-0.27417697629750026,0.339374894434887,0.33802334055664135,-0.8945576926512855,-0.5636153916179398
1,1.2550692846085185,1.256774233318191,1.256774233318191,2.850541764228243,0.0,0.0,0.0,0.0,0.0,0.0,0.4830979665562324,-0.27105535492528054,-1.7671202444392757,-0.7248158876025794,0.07945378360374289,-0.041313204729146014
1,-0.3024151303495026,0.3772259772625494,0.3772259772625494,1.3950743733252648,0.0,0.0,1.0,0.0,0.0,1.0,-0.5858687054767397,0.33168937314075375,-0.6562853827450621,-1.0264638778024977,0.8295912293391783,0.45049770825457675
1,5.067901379594222,3.259578792224482,3.259578792224482,3.808759327697135,1.0,0.0,1.0,1.0,1.0,1.0,0.19856781927155384,0.14425735582667606,-0.09367651623910617,1.0867679203656844,-0.4136738625689561,-0.2394076918600408
0,-0.2195267341381839,0.6298052517394206,-1.1167960839362236,0.6298052517394206,1.0,1.0,0.0,0.0,1.0,0.0,-1.7682291836462083,-1.0310371718731466,-1.3232869407146703,-1.879356671620557,-1.50212564711473,-0.33437762353827605
1,0.31496276696489156,0.9201053001045865,0.9201053001045865,1.5899994128761952,1.0,0.0,1.0,0.0,0.0,1.0,0.012608239229659418,-1.3290431311352555,0.7425854676931238,-1.7861454761779967,-1.9532565553819783,-0.6340265926519205
1,4.540296488186971,1.4226577245775833,1.4226577245775833,1.3355360923240909,0.0,0.0,0.0,0.0,1.0,0.0,-0.025908442338695055,0.6113560246401809,-0.8410858120820662,-0.3559886939125938,0.7452701708525435,0.4833441034800458
1,2.541841397605312,1.3697267379839428,1.3697267379839428,2.6528853911108583,0.0,1.0,1.0,0.0,1.0,1.0,0.6227478239919076,-0.44037472443582326,-1.0150917639341606,0.13037459861802836,0.7185571059004874,-0.43288418733363904
1,3.2116620872157293,1.1155749897577079,1.1155749897577079,1.9681960043475084,1.0,1.0,0.0,1.0,0.0,1.0,0.6866091960022241,-1.4727817064732003,-0.29083738386317715,1.2120509474451762,0.5823039104631229,0.8785917705079967
0,2.560676032165943,5.622567929008016,3.52618875921343,5.622567929008016,1.0,0.0,1.0,0.0,0.0,1.0,1.0432530479594564,0.21371897378743607,-0.18375579721704677,0.5312937248968006,0.6021355527394064,0.20622157438903418
0,0.12386622461265051,-1.3505967710496134,-2.131971912356504,-1.3505967710496134,0.0,0.0,0.0,0.0,1.0,0.0,-1.4557149290693816,-0.326520397622834,0.5145878005653896,1.2137048600249567,0.33911080505128016,-0.9529596191255749
1,4.41199707518999,0.5084426401159788,0.5084426401159788,2.2695292093986317,1.0,0.0,1.0,1.0,1.0,0.0,-0.36857151564163165,-1.2226746921867382,-1.9514659589687575,-0.324205746307755,0.2656765644363235,-1.6539108780750225
1,3.450614958057514,1.6171911511414407,1.6171911511414407,3.460511026544346,0.0,0.0,1.0,0.0,0.0,1.0,-0.3987458780896901,1.5303800849359133,-0.9569389316608956,0.6991811746490562,0.03302507308184352,0.08681938785039581
1,7.220561519443726,2.2622887058477925,2.2622887058477925,4.760078067395547,0.0,0.0,1.0,0.0,0.0,0.0,1.9456179162258107,1.6434768551652308,1.4387490156638962,0.5613127488440295,0.515741659337133,1.6711973801559048
0,-2.6796008455426277,2.634881322798447,-0.9149123404832066,2.634881322798447,1.0,0.0,0.0,1.0,1.0,1.0,-0.9367502337233649,-1.6863740482315865,-0.5203164507190401,-0.03749153339924838,0.31705185209575193,-1.244821687680623
0,1.828353510774686,3.6838714085836863,1.6080784586061614,3.6838714085836863,0.0,1.0,1.0,0.0,0.0,1.0,0.7484534894604133,0.06182037433558357,0.21097116044108066,0.8970381111995143,-1.8323511378600583,0.8834796196928668
1,2.3082902287543687,0.5348262312828225,0.5348262312828225,3.582313142202486,0.0,1.0,1.0,0.0,0.0,1.0,0.5875859035982841,-0.004642703866568121,0.7400266300903051,0.2975344003089925,-0.15364661067189023,0.6592386996542551
0,-0.8259052273158918,0.7556676180200209,0.5070150144781997,0.7556676180200209,0.0,0.0,0.0,0.0,0.0,0.0,0.43340883223758353,-0.03201594109829503,0.8124848091235545,1.6125569912113873,-0.6419002258767673,-0.0571678383877193
1,0.8114193230401571,-0.7288148113275533,-0.7288148113275533,0.8692667181232685,1.0,1.0,1.0,1.0,0.0,1.0,-1.7740816355422653,-1.1425751838669247,-0.44968015402552436,-0.24765259350096533,0.02722400410010023,0.07814142339243296
1,0.2516964683394183,0.4924729649552731,0.4924729649552731,1.1078303638407812,1.0,0.0,0.0,1.0,0.0,0.0,-0.49570319566078425,-0.9731790338088926,-0.8069498916536401,-0.9661308787651358,1.1432067387414961,-0.010309282291169286
1,6.325288058996741,2.5409203090601156,2.5409203090601156,5.169931379120379,1.0,1.0,1.0,0.0,0.0,0.0,0.21751155014853943,0.520436507631524,0.3563278623710584,1.9346221757178317,0.7793278717266837,0.464768739967865
0,0.4660174276420539,3.1175345758865225,-0.022246290260659607,3.1175345758865225,1.0,0.0,0.0,0.0,1.0,0.0,-0.6947151505364894,0.4992410434891659,-0.2512317510892085,-0.4059195240181675,-1.5676263528650267,-0.11848197886219747
1,4.768095878021271,2.2916623049144453,2.2916623049144453,3.7876361849358915,0.0,1.0,1.0,0.0,0.0,0.0,0.9611515078844942,-0.03493835506724907,-0.09068237926422876,0.08259710893833502,1.6008260436660875,-0.616784826070819
1,2.0101454435731325,-0.7862590687568393,-0.7862590687568393,0.6000001947327172,0.0,0.0,1.0,1.0,1.0,1.0,-0.39662837353977326,0.4054926880727654,1.664031233042418,0.21113320989768253,1.5856742935032235,0.1495613852233767
1,2.6645198650971498,3.8331917418611843,3.8331917418611843,3.419722478594198,1.0,1.0,0.0,1.0,0.0,0.0,0.7857011114291558,-0.6444074885048923,-0.6092587369260769,0.3504607284815125,-0.8076418063115446,1.1025116208212884
0,2.8688573636093775,2.535873534297536,0.28847668029694534,2.535873534297536,0.0,0.0,0.0,0.0,0.0,1.0,1.1920185061586779,-0.5390785371670254,-0.1636973617474,-0.9886748211761345,0.5119006727310079,0.20282805587077907
1,2.528955525212478,1.9180717907930926,1.9180717907930926,2.89202866841571,1.0,1.0,1.0,1.0,1.0,1.0,-0.6436725138813091,-0.8121903658195802,-1.3960241886176539,-0.5979170408121259,-1.4048417100869828,-1.2636957726113762
1,2.171552308330875,1.3655272117625752,1.3655272117625752,5.111340747264799,0.0,0.0,1.0,0.0,1.0,1.0,0.4735464712305678,0.3050337663375424,0.286546226262818,-0.5595889058110589,-0.829682587543956,0.25598896996947246
1,3.6643201966390304,1.2697399853847169,1.2697399853847169,2.0546390982489613,1.0,0.0,1.0,1.0,0.0,0.0,1.1282263087317976,-0.6077606053173003,1.8172387883357182,2.142987776727349,1.1503095650689175,-0.42355638519111083
1,7.265317760719999,5.270012981638583,5.270012981638583,6.71010116736541,1.0,0.0,1.0,1.0,1.0,1.0,0.9984757331435681,2.175636897114399,0.9663417060020197,2.3404842333535747,1.2293556030259898,1.0948096574731812
1,2.2696391409899537,2.0227516541290798,2.0227516541290798,2.7985477648474535,1.0,1.0,1.0,1.0,0.0,1.0,0.1858948490274469,-0.38972652906192645,-0.11861539715885125,-1.368133116658622,-2.0451235340332534,0.5841643286678082
0,-0.34061019563802225,3.160759764105765,-0.6904452198692763,3.160759764105765,1.0,0.0,1.0,1.0,1.0,1.0,-1.6031565953678355,0.5254669201728087,-0.8593838934383151,-0.6411882483925998,-2.3597859758318975,-1.1724754509639475
1,1.2088863562033867,0.37297151015585506,0.37297151015585506,1.990441028460197,0.0,1.0,0.0,1.0,1.0,1.0,0.8689013075262043,-0.06100501961465887,3.1050357082284403,-0.43921389170101466,1.1984158199055552,-0.026377143792570168
0,-0.5405783395889854,0.909755300971318,-1.3376002358239358,0.909755300971318,0.0,1.0,1.0,1.0,1.0,1.0,-0.934128439578835,-0.7652159962686776,-0.23489317235122242,-1.4710549339478887,1.2579297635977034,1.1333182094886745
1,2.301119464453381,2.1750262845245256,2.1750262845245256,2.9210705095422473,0.0,1.0,1.0,0.0,0.0,1.0,0.08545561279286243,0.19989473395553678,0.27683394629215363,0.5067486857372475,0.6966912237887931,0.4073416483180167
1,4.087096290693627,1.0250472528116101,1.0250472528116101,2.582249195850745,0.0,1.0,1.0,1.0,1.0,0.0,0.11918438855859773,0.08596970076136856,-1.7512063339083206,-1.166789408818499,-1.3834401994560024,-0.3734461390869117
0,-0.8698615693026119,-0.1289217454633037,-1.348517764202101,-0.1289217454633037,1.0,0.0,0.0,1.0,0.0,1.0,-1.176256776653754,-0.9761166281798654,0.7629389082986299,-0.1322621078021708,0.3724688057764252,-1.1802822630140146
0,3.281307777913667,2.193673785452577,3.5295215056139457,2.193673785452577,1.0,1.0,0.0,1.0,1.0,1.0,1.3613888470026818,-0.39239847633390795,-0.46929975510418837,-0.20620075269903126,0.9186329945118696,-0.006238382631481404
1,-1.0576051928326515,0.5061891378027719,0.5061891378027719,0.7317303465535502,1.0,0.0,0.0,0.0,0.0,0.0,-2.2479862604812837,0.17915561262213486,-0.6245291492403645,-0.2342156467973151,-1.3678715874929963,-0.49372746866029793
1,4.13868592763838,4.496684125571906,4.496684125571906,3.805141927202218,1.0,1.0,1.0,1.0,1.0,1.0,-0.4527133005178904,-0.6609211800827706,-1.8060359820203464,1.2118796369993965,-0.1425065151453042,-0.315198305432261
1,-0.6192178309789773,-1.138858289910855,-1.138858289910855,-0.454772229183914,0.0,0.0,0.0,0.0,1.0,0.0,-1.2520605209908393,-0.245822648740273,-0.11516673842049477,-0.21126741942075844,-0.7874657929029736,-0.1699729790999777
0,6.6248784675102765,3.424103733529349,3.527895118825148,3.424103733529349,1.0,1.0,0.0,0.0,1.0,0.0,0.32480156282452516,1.2589904559830942,-0.5393394561798742,1.1443280253246995,-0.577240320864103,0.0969520097115198
1,2.501211563007024,0.013442403347715515,0.013442403347715515,1.890658951495843,1.0,0.0,1.0,0.0,0.0,1.0,0.5150797174541675,-1.4860147100005294,-0.5875123926899108,-1.517242372535485,0.8938259069012472,-1.5938550983286537
1,4.810433047875368,3.29728730568741,3.29728730568741,5.983715201903714,0.0,1.0,0.0,0.0,0.0,0.0,0.3854860272582915,1.7776008010461146,0.8830730437361268,1.367900168952998,1.447759882381165,1.8182918708583862
0,0.1039974580405516,1.2017805498480554,-0.669828274024689,1.2017805498480554,1.0,1.0,0.0,1.0,1.0,1.0,-0.7477767129044309,-0.23101388107276383,0.6735621843516587,-1.314581479826393,0.09329873327712644,0.42414843681914527
1,1.861751450424174,0.4521436532569111,0.4521436532569111,1.4181651472647767,0.0,0.0,1.0,1.0,1.0,0.0,0.3829970443245912,-0.014099508510230674,0.8494299343251372,-0.01812311347491087,1.7463560668172695,0.4828034434630173
0,-0.22477667574621613,2.3529642688076837,-0.7024453457936481,2.3529642688076837,0.0,0.0,1.0,0.0,0.0,0.0,-0.2549998555774278,-0.7651532501223318,-1.1696598893452212,-0.5434644604330733,0.3000261721670927,-0.9201389583696247
1,0.8741325242720457,-0.41846895615710467,-0.41846895615710467,1.8423682460918815,1.0,0.0,0.0,0.0,0.0,0.0,0.6251465809873069,-0.44267860671382175,0.44665678367437733,-0.7574820417126993,-0.06770955584936533,-0.0597449792675168
1,2.8204953140481264,2.615142436170623,2.615142436170623,2.496445834570321,0.0,0.0,0.0,0.0,0.0,1.0,1.4552788850027858,-0.20126092912816962,-0.790350749359088,0.7288508571830357,1.2295371749477602,1.1412197080999833
1,-0.6506823622766906,-1.0197069112298331,-1.0197069112298331,-1.9873531635398392,0.0,0.0,1.0,0.0,0.0,0.0,-0.5283628852447617,-0.047252105509109577,1.3425861407471942,-1.6157307220486439,0.6002649860150786,-1.0976433196328714
1,2.4467089822942127,1.888761726132664,1.888761726132664,2.404737694066212,0.0,0.0,0.0,0.0,0.0,0.0,0.8131131699106023,-0.43252093941282355,0.8453836015879804,0.6347500516160517,1.2648408914988274,0.9973220445244073
0,2.1681420364712514,4.026710584862881,1.665372075855497,4.026710584862881,0.0,0.0,0.0,0.0,0.0,0.0,1.1911051661174026,0.09842992933820466,0.811710840202925,0.34010239052262403,0.6002620549940723,-0.47862042893796936
1,-3.2309521242297823,-2.4900877188718615,-2.4900877188718615,-0.5252512706200723,1.0,0.0,0.0,0.0,0.0,1.0,-2.6241071186183116,-1.2405485665296418,0.2056988241557294,-2.2826999861923705,-0.8332092765143222,-0.0017204325460355996
1,1.226002017389827,0.7149838371198072,0.7149838371198072,-0.20197218784638893,1.0,1.0,0.0,1.0,1.0,1.0,-2.0702907849414394,-0.7486917566754353,-1.7193310994374278,0.2596968618543244,0.6194711132645618,1.1498539860195047
1,4.497077441784969,1.2672673368866614,1.2672673368866614,3.1594782077129926,1.0,0.0,0.0,1.0,1.0,0.0,-0.0006612639884420105,-0.7706760524272634,-0.24781550731210855,1.432548494128582,-0.2703405385002625,1.1016482347576178
1,3.5497172621127184,0.8238416368864327,0.8238416368864327,3.3215909013175966,1.0,1.0,1.0,1.0,1.0,0.0,0.025319004443446053,0.3931037428197256,0.02385517009982399,0.4788762145357591,0.46720069996073277,0.06539225394220777
1,3.6545825830615692,1.260380622104583,1.260380622104583,3.289311433535741,1.0,0.0,1.0,0.0,0.0,0.0,0.010996005446956038,-0.04940628182633029,-0.5224070526717542,-0.34663915892483965,0.5110487388367496,0.5476673883481555
0,2.8395731885290574,3.396959523013712,4.6086864639650695,3.396959523013712,0.0,1.0,0.0,0.0,0.0,0.0,1.181338767893907,0.8342528087311611,-0.010576442808728534,0.5507735921635069,0.17045627475674135,-0.41770244674779256
1,1.905551336777631,2.73973609126082,2.73973609126082,3.8968488259007703,0.0,1.0,0.0,0.0,0.0,0.0,0.20259057373495656,1.4653652863535929,-0.0474526418567226,-2.2772274898266387,-0.8649749813716274,0.963344392064132
1,0.531898855144893,-0.08841769664650978,-0.08841769664650978,-0.31337769072972443,0.0,0.0,1.0,1.0,1.0,0.0,-0.11977163546882381,-1.432402408828497,-0.427946204236917,-0.11053796090692397,-1.0032829456303236,-1.1147220009804237
1,3.0858500663597335,2.155376285903701,2.155376285903701,2.811537677342984,1.0,0.0,0.0,0.0,0.0,0.0,0.6013917054893856,0.2662247771443802,0.40898503651495,-0.9364832255609802,-0.07519979300107721,-0.2889805344327601
0,0.44456180563092207,2.183795609482546,1.4063767063304664,2.183795609482546,1.0,0.0,1.0,1.0,1.0,0.0,-0.6905001266346326,0.2679530257170304,0.9007682376598486,-0.28673924053434935,-1.1984672561007916,1.1318470649426664
1,6.332586269327717,1.6855217557902304,1.6855217557902304,4.673455303759754,1.0,1.0,0.0,1.0,0.0,0.0,-0.17308766316382773,1.2552982208027608,0.4789553132988952,0.6102006979384789,0.9775067670984293,1.4030789220513904
0,2.448622811486028,3.584914713217235,3.0216821037171044,3.584914713217235,0.0,1.0,1.0,0.0,0.0,0.0,-0.20232957385049846,1.3720839120697388,0.21923442328347412,2.141222553146917,-0.017743461723435883,0.2238237249191815
1,3.6963055141052976,0.9659442709952827,0.9659442709952827,3.2218102437609875,0.0,1.0,0.0,1.0,1.0,0.0,0.7684508212914434,0.2593603438790304,1.4226147457496876,0.7871188804495738,2.1792710363453924,1.2132089001978859
1,0.6141407355473538,-1.5440000046082112,-1.5440000046082112,0.4971142324623093,1.0,0.0,0.0,0.0,1.0,0.0,-0.7744935424537961,-0.5524474536685613,-0.3954909091008809,-1.1640425081590577,-0.33652588670215067,0.6831184084735293
1,0.5780715442910453,-1.3079015062645598,-1.3079015062645598,0.7914989590785001,0.0,0.0,1.0,1.0,0.0,0.0,0.6485984217578444,-1.5262163978092316,0.5512393448871645,-1.4194550064148423,-0.2949399491365763,-0.6671676286346429
1,4.461325518595101,4.166001934476846,4.166001934476846,6.629582582139249,1.0,1.0,1.0,1.0,1.0,0.0,1.6554966161357434,-0.43352062870525726,0.01073897135223878,0.07407351164555498,0.4486877709480425,1.5011123067484862
1,5.542331106922292,2.9619505779477455,2.9619505779477455,4.9883991042056595,1.0,1.0,0.0,1.0,1.0,0.0,0.4478877073971556,0.4690347900344849,-0.14259515278970253,0.7414273625785215,0.7679602529742735,-0.0768163503029406
1,2.743000933074211,0.2948735551221251,0.2948735551221251,1.0619954398736116,1.0,0.0,0.0,0.0,1.0,1.0,-0.8776359603390939,0.4553573087629468,-1.1243633452142943,-0.5091398346754353,-0.5498618346122108,-0.7768865197158156
0,-0.9927153916811361,-1.2502405326114356,-0.6250105642507553,-1.2502405326114356,0.0,0.0,1.0,1.0,1.0,0.0,-0.42307773078241906,-1.4762425306664606,0.7097959382289545,-1.678343123536885,-1.1903340310525619,1.3882002435296588
0,-0.43785751761398395,1.8643243030947505,1.3029098289078784,1.8643243030947505,1.0,1.0,0.0,0.0,0.0,0.0,-0.11884364999848725,-1.0534306245670195,0.2444802976783818,-0.3170821590743525,-0.4028185107477788,-0.5905456320323359
1,4.003853336879439,2.6227079060755543,2.6227079060755543,3.8437223293037555,0.0,0.0,0.0,0.0,0.0,1.0,0.8191444193563291,1.6139289355668347,-0.48920255792977074,-1.0278980905034687,-0.14135248900237454,-0.5098354787366749
0,-1.740365650933649,0.6649948435792432,-0.9767807290006439,0.6649948435792432,0.0,0.0,1.0,1.0,0.0,0.0,-0.6583001841515682,-1.0270294770484958,1.1674297833721885,-1.3676728345484026,-1.4158431323829839,1.1525534486789204
1,1.2588561980313773,1.1295116646167132,1.1295116646167132,0.9187610170832323,0.0,1.0,0.0,0.0,1.0,0.0,0.03105529360839856,0.030964750835355215,-0.08075698767502662,-1.0501589266255729,-0.39627026740749605,-0.1730336889994136
1,7.263664632532354,4.203530676768071,4.203530676768071,7.253666405952809,1.0,1.0,0.0,1.0,0.0,0.0,2.2055667132868533,0.9307684815136414,0.39750119658898997,-0.18103614671051138,0.7318952436904262,0.7883678251995412
0,-1.169388056256567,-0.8496968216970149,-1.415889643889086,-0.8496968216970149,0.0,0.0,0.0,0.0,1.0,0.0,-1.1331066757620132,-0.07221629790954676,1.046757060242053,-0.9042251607461886,1.830344739311658,1.7871760164656776
1,1.9019883258657189,-1.3500137280216242,-1.3500137280216242,0.5587603209321144,1.0,0.0,0.0,0.0,0.0,1.0,-0.7557382594903398,-1.4572069547581665,-1.1587916442320727,-1.0268170280439224,-0.04629981652036108,-0.10749450956722384
1,4.567275040182715,2.833232878281469,2.833232878281469,4.657613330947206,1.0,1.0,1.0,1.0,1.0,0.0,0.7449527294051491,0.3765576763583076,0.28791710907500645,0.04253953919849622,-1.4248510601889282,1.1354475162681836
1,2.179869919027192,2.20600665548719,2.20600665548719,2.0064644713849575,0.0,1.0,1.0,1.0,1.0,1.0,-0.6677813632966406,-0.46531693850677,-0.008337707879445544,2.705560041633916,0.5598713773580005,-0.7641787475006879
1,2.2162666097191113,1.3761583288579669,1.3761583288579669,0.36701169421483204,0.0,0.0,0.0,1.0,0.0,0.0,0.8524855223053223,0.7643513847139985,0.853071514306122,-1.7114196143132105,0.5006308837608826,-0.3563424970637658
0,-0.3322424012620251,2.2476144858626044,1.7048054102739458,2.2476144858626044,1.0,1.0,1.0,1.0,1.0,0.0,-0.5552522034962941,-0.4370936404593642,-0.12912769494070953,-1.654660777757975,-0.740567546905942,-0.7509894902529977
0,-1.175440401363079,1.3939681690455425,-0.8978966528338386,1.3939681690455425,0.0,1.0,1.0,0.0,0.0,0.0,0.39540155415125505,-2.5306031085152103,0.1374881910352706,-0.8587848773681952,-0.28633670797527855,0.4915645314511556
0,-0.08853975879015924,2.321952253139247,0.49169646023074637,2.321952253139247,1.0,0.0,0.0,1.0,1.0,1.0,-0.8313743741985742,-0.0947881887303732,-0.6200485271738758,-0.7623911106549335,-1.757578348780981,-1.373356309272599
0,1.112006852374648,2.6151340341718443,0.5870181782447342,2.6151340341718443,1.0,0.0,0.0,0.0,0.0,0.0,0.479347812569354,-1.0010850255566073,0.7564843901658815,0.24956356020858406,1.2980949893185711,0.4135851504177613
1,3.6439775656639353,1.7377565914082471,1.7377565914082471,1.1937107226719994,0.0,1.0,0.0,1.0,0.0,0.0,0.5753068752074808,0.3807795581589306,0.5903874554975316,-0.2614663497272567,-0.42351637996547864,0.7756294905175967
1,-0.7761251051224283,1.068470377180474,1.068470377180474,-1.1020708457563302,0.0,0.0,0.0,1.0,1.0,1.0,-0.8633226391318868,0.8098534887162403,-0.11559855517366519,0.679848750454686,0.6168312538274373,0.84720079040422
1,4.266775402315277,2.6975759009087033,2.6975759009087033,4.2886455953518565,1.0,1.0,1.0,1.0,0.0,0.0,1.017083269318588,-0.05869655100656186,1.2373671781993463,-1.8431083467136535,-0.5131215110160009,0.5514521799358573
0,0.9735990606130235,2.552006439665121,2.317627379784253,2.552006439665121,0.0,1.0,1.0,0.0,0.0,0.0,-0.27055892363794587,-0.669374519258952,-1.7365904349086565,-0.15364217317879075,-0.4382248885592525,0.4322743315541747
0,0.4017725863602181,1.6378008647646045,-0.7192057767444036,1.6378008647646045,1.0,0.0,1.0,0.0,1.0,1.0,-1.2569893880872591,-0.9466896243459219,-0.9693468190887914,-0.3752131324864671,0.7931876133405807,0.5202542628197527
1,1.2936223559354452,1.9493984688909671,1.9493984688909671,1.5158529477807112,1.0,0.0,1.0,0.0,1.0,0.0,-0.43842386414886914,0.44167078318174063,-0.5531927544030881,-0.6844211722209304,-0.4964583458926989,1.7127618816331165
1,0.3296430258724505,-0.3306017191785857,-0.3306017191785857,-0.4386622024386358,0.0,0.0,0.0,0.0,1.0,0.0,-0.6613668533559651,0.7636581385459926,1.4641636511708225,-0.012885220687737065,0.11086864346044134,1.1664256283984977
1,3.1992862700275073,0.07603569703855584,0.07603569703855584,1.7392693804598005,0.0,1.0,0.0,1.0,1.0,1.0,-0.29410666384285017,0.6456136111693715,0.3915487927747048,1.064774750247615,-0.29307520793150427,-0.11913236861968313
1,3.551104576315571,2.728221683309947,2.728221683309947,4.704867848633822,0.0,0.0,0.0,0.0,0.0,1.0,0.8623712992016367,1.8321124288683848,1.3524829522451403,2.2550065574473614,2.3011214982121704,0.46997010784920823
1,1.9357023047883146,0.8062467058776138,0.8062467058776138,2.6727247812772235,1.0,1.0,0.0,1.0,1.0,1.0,-0.2721822269051896,-0.6509321903788476,1.0663066282495988,0.5823001434190488,-1.3462335694169965,1.2081602440133183
1,2.050951334558812,0.1032337443319592,0.1032337443319592,2.688074975036659,0.0,0.0,0.0,0.0,1.0,0.0,0.35303775261809,-0.41397382072187244,0.02993059163908543,0.48221203132712387,1.9734556125456508,-0.5189036306258548
0,4.267362901429658,5.149848626153821,3.9180735838219425,5.149848626153821,1.0,1.0,1.0,0.0,0.0,0.0,-0.7673064576788087,2.3813816709727087,0.9637075117878108,0.08329028861952398,1.4194963983109736,1.174647384123169
0,-0.04758335801762539,2.123217833174764,-1.563125319653258,2.123217833174764,1.0,0.0,0.0,0.0,0.0,1.0,-0.4789717821498163,-1.5016050565478702,-0.22037384004064167,0.9796439632902005,0.7139669575517477,0.7889174942833971
0,0.675207156126189,-0.22881563957423567,-0.6963754011193984,-0.22881563957423567,0.0,0.0,1.0,1.0,1.0,0.0,-0.6920244434237669,0.16663948994650346,-0.23698445901942505,-0.9568495451786405,-1.1544639028968668,0.3825785852542274
0,2.7676467932949893,5.156848400979659,3.640954998921184,5.156848400979659,1.0,1.0,0.0,1.0,1.0,0.0,0.2548864420324702,0.4874768059467073,0.15424638251361644,-0.16611780671155793,1.0376568922839349,-0.33674087731808844
1,2.3136291215650444,2.091734370100697,2.091734370100697,2.0810090305318645,1.0,1.0,0.0,1.0,0.0,1.0,0.3271369462406172,-1.576083192443578,0.7876954367309601,-0.8970282162589366,-1.05028570863251,-0.3088719824921466
0,-2.0170786968447674,-0.24485419414077025,-0.19823647557643947,-0.24485419414077025,0.0,0.0,0.0,0.0,1.0,1.0,-0.8693358974142208,-1.0313373150819731,-2.056746278181014,0.7609286398262961,-0.6148361301334535,-1.2175204284129602
1,4.540601937653809,3.2238476193926866,3.2238476193926866,4.54503705642656,0.0,1.0,1.0,1.0,1.0,1.0,0.150956724389723,1.0601414221846768,-0.006906478707153316,0.446173468459484,-0.20604966739683686,0.2503265819314769
1,3.6391500570491875,0.4706155811240127,0.4706155811240127,1.7401618045275171,1.0,1.0,1.0,1.0,1.0,1.0,0.3950588370276364,-1.063068547601035,1.5845847096255963,0.5053965324324128,1.2550777709356487,-0.7355934319629811
1,1.3436349242998442,0.08890659656687933,0.08890659656687933,3.3136263667332546,1.0,0.0,0.0,1.0,0.0,1.0,-0.5658752640924665,-0.39599869064875615,0.1901637205340545,-1.4244338631743134,0.36648906545226884,-1.2052707572421149
1,0.19624772886783487,1.0513084790320837,1.0513084790320837,1.6385113979942845,0.0,1.0,1.0,1.0,0.0,0.0,-1.546818427745802,0.01419496257833941,-0.6010465795333821,0.42764607108028396,-1.4351642296553435,-0.3629243406029333
1,1.3483455114329403,0.6695288582666836,0.6695288582666836,0.4143228542855317,1.0,0.0,1.0,0.0,0.0,1.0,-0.38939311225529444,-0.5118099897026985,0.9225722831087151,0.41175905732454104,0.4897453432837577,0.9475537040270445
1,1.646572192017309,0.5369620498902874,0.5369620498902874,0.5481372760970105,0.0,1.0,0.0,1.0,0.0,0.0,0.27970098189829595,-0.6981642316959781,0.7944069983050582,-0.6789624668083414,0.995870956641961,0.1976939795944987
0,3.062415232223798,5.905408040255944,1.6972290967443808,5.905408040255944,0.0,0.0,1.0,1.0,1.0,1.0,1.6482186465462427,1.4809066507022952,1.248492534481263,1.550553066654711,-0.8880177073902886,0.295246450715059
1,3.054650900132965,2.1587773711438754,2.1587773711438754,4.038808313158871,1.0,1.0,0.0,0.0,0.0,0.0,-0.28323587777468895,-0.7601483986178188,-1.433310564661984,0.886331702972729,0.3776296780391546,-0.8702553353439315
1,2.3420886994753545,-2.535004783817646,-2.535004783817646,0.6731599233117508,1.0,1.0,0.0,0.0,0.0,1.0,-0.6911107250183705,-1.858111414046526,1.2055231797377528,-0.8099143614410695,-0.6331084584234505,-0.08991283780710563
0,0.48173136033835784,2.471126328223634,0.6768764936175506,2.471126328223634,0.0,0.0,0.0,0.0,0.0,0.0,1.1345170844123746,0.8725323440705992,0.9461193734996919,-1.3821443847802808,-1.338516723099987,-0.6229632745103925
1,3.948194345340747,0.0031756768273862868,0.0031756768273862868,1.6008691034950808,1.0,1.0,1.0,1.0,1.0,1.0,-0.6790365152176977,-0.2226821844573541,0.4897193498998966,0.9299218770320332,-1.3513346930838281,-1.3129032928284687
1,1.4413576537385737,0.3791950594409085,0.3791950594409085,2.8297070980258785,1.0,0.0,1.0,1.0,1.0,0.0,-0.21475271188391618,-1.5193044160672027,-0.6119179988830342,0.14599420376178296,0.13334855568325132,-0.4297720109472855
1,0.6446472860611261,0.1792675696599422,0.1792675696599422,1.0175813912609053,1.0,1.0,1.0,0.0,0.0,1.0,-1.0314647517363398,-0.5066687173201709,1.3392357654221891,-0.0015339517699170524,0.37053951577533223,0.47812503580679044
0,0.8831372796229542,0.1807159747114705,0.12984539674720558,0.1807159747114705,0.0,0.0,0.0,0.0,0.0,0.0,1.2436255783214634,-0.3372715884255478,1.2889112144281007,-0.6796814006320777,-0.049623785688229324,-1.3690352524031948
