1,7.595828115605597,4.283779735477858,4.283779735477858,5.746842487490931,1.0,0.0,0.0,1.0,1.0,1.0,0.7057225866352512,3.275658167153639,1.1553532753326483,-0.9771718438243899,-0.585978241752656,-1.7592980896143628
0,-2.3234544175762837,-2.0616011829113217,-0.9289073144407995,-2.0616011829113217,0.0,1.0,0.0,0.0,0.0,1.0,-1.4946526294987377,-0.5723829156012283,0.9927745174114431,-0.05948568484971467,-1.0317640974929945,-0.2690818201385977
0,-2.1020665574882464,2.1170399553605797,0.15262660540430545,2.1170399553605797,0.0,1.0,1.0,1.0,0.0,0.0,0.6134346476244293,-1.9489880807602835,0.12498871548764479,-0.38485717563325217,-0.5393067370773146,-0.37554162248229206
1,0.413591580650691,-2.3345497003448727,-2.3345497003448727,-0.19367372242687575,0.0,1.0,0.0,0.0,1.0,0.0,-0.5330316153946452,-0.2855479439549708,0.5945796436479127,0.05317908986357808,-0.2351365313868502,0.20641337363748422
1,0.6125963907503573,0.1359799622186681,0.1359799622186681,-0.8520034084267754,1.0,1.0,1.0,1.0,1.0,0.0,-1.3969801220750384,-0.9943518221888038,-0.038740401339296404,-0.4306298874297029,0.6714464273196141,-0.3217068472479137
0,0.5859140176255523,4.244629307624507,3.2832463844706887,4.244629307624507,1.0,1.0,1.0,1.0,1.0,1.0,-1.2008486798963582,0.5325980537391346,0.9574602484372352,-0.9826314704275606,-0.5479363925793448,-0.6975270960339662
1,4.322502678781053,1.5636554369478244,1.5636554369478244,4.459433521052277,1.0,1.0,1.0,0.0,1.0,1.0,0.16757810052494562,-0.9507685014452791,0.23247203881028033,-0.5461069429573364,-1.6165783829802525,0.4658654181584406
1,5.927018551560996,3.712276565583437,3.712276565583437,7.800189227718228,1.0,1.0,1.0,1.0,0.0,1.0,1.7036930149681953,0.3464901921385289,0.4392378046624519,0.0857686656389661,-0.3997678278230462,-0.8344346892332726
1,5.585323954132445,2.4338878131158763,2.4338878131158763,4.389471252334434,0.0,0.0,1.0,0.0,1.0,0.0,1.5015835914756093,0.87731070247986,0.6624024190421868,-0.4121974344046277,0.48513920511867326,-0.5869007958276864
1,1.1330558297876,-0.5440325669464667,-0.5440325669464667,0.8159552868403639,0.0,0.0,0.0,0.0,0.0,1.0,0.47230001629151025,-0.767114457510208,0.4129789295630632,0.19863300399180592,-0.47551995981080086,1.6351212153218169
1,0.6025042126470765,-1.5049425333622832,-1.5049425333622832,1.528138496207148,0.0,0.0,0.0,0.0,0.0,1.0,0.10233591585010797,-1.6133473118294346,0.6560853811692249,-0.4209270231850982,-0.2544697266376864,0.5693263415818446
1,1.6280831548445356,2.816724164587953,2.816724164587953,4.314056997683337,1.0,1.0,1.0,1.0,1.0,1.0,-0.787498521653517,0.17832296122207542,1.3532640464926076,0.11526138424287585,-0.620986055814077,0.37130440938185355
0,1.7825068018662367,4.808191048166276,2.0924833350127376,4.808191048166276,0.0,1.0,0.0,0.0,0.0,0.0,1.1123466725688462,-0.37226853765041223,-1.4973169128996564,0.9599633696129242,-0.141060034532193,0.4179739713011545
0,2.327676068438333,5.575534647227511,1.7941798481937417,5.575534647227511,1.0,0.0,0.0,0.0,0.0,1.0,-0.16319582701973928,1.1215215994512584,-1.0338788007342727,-0.5043270623879481,0.6487920217360239,0.08203191009732887
0,-0.00301571945866419,2.173456331011001,0.598664449586926,2.173456331011001,1.0,1.0,0.0,1.0,0.0,0.0,-0.5893292092806276,-0.3437543621932553,1.529504874333842,1.1984607760427473,2.0955497521680635,1.0352310455222538
1,8.539195046433028,4.041684520404048,4.041684520404048,7.091591218900748,1.0,1.0,0.0,1.0,1.0,1.0,0.7598624988767564,2.0921089063970757,0.4071491397908985,0.03404188495732258,0.7012655815557557,0.019420001782263774
1,-0.7402770289069667,0.6145808961592267,0.6145808961592267,-0.8059033042395151,0.0,0.0,0.0,0.0,0.0,1.0,-2.154091114273742,-0.35831261992409646,-3.0406768454264217,0.09873073736215349,-1.4362533858347968,-0.8652671846417791
0,-0.002496570424350031,-0.8739106866708679,-1.342321575788008,-0.8739106866708679,1.0,0.0,0.0,0.0,0.0,0.0,-0.8435315703229777,-1.15067608985079,1.154242090326371,-1.0357379460796476,-0.3829688898085365,-0.6606895878723998
1,2.6593590271382515,0.1317043868671648,0.1317043868671648,1.0157580725580027,0.0,1.0,1.0,1.0,1.0,1.0,0.03032804768583938,-0.06959620304605163,0.4891630979880214,0.599425435649237,0.2877691144159689,0.7630775926413496
1,1.717952835358576,0.32843560757281043,0.32843560757281043,3.4581032164656995,0.0,0.0,0.0,1.0,1.0,1.0,0.061193561960798344,-1.2250693936737258,0.783382934708139,0.32991519213527376,0.6316510057316318,0.4773004410169396
1,2.5921394709728904,-1.6187845840375692,-1.6187845840375692,0.6206609562855554,0.0,0.0,0.0,1.0,1.0,1.0,0.3014988694408828,0.7954028611989554,2.1008404916177277,-0.711307491076352,-0.5620347388934239,-0.663264361206829
1,3.4529114686314926,3.3108191225841455,3.3108191225841455,5.356152535571632,1.0,1.0,0.0,1.0,1.0,1.0,0.275644438118023,0.10002378981771476,0.7828900530037497,0.6585513589542389,1.3441627528947253,1.3652715489865093
0,4.105833224954589,5.187976023640025,2.4565777196583145,5.187976023640025,1.0,1.0,0.0,0.0,0.0,1.0,-0.0785900389049687,0.6715985341549389,-0.30869642156571114,-0.02484799428673007,1.3884965098748225,-0.779546460167973
1,4.597618314404148,3.5877192195707766,3.5877192195707766,4.454293409133458,1.0,1.0,1.0,0.0,1.0,1.0,-0.573834840097971,0.6115826905244698,-0.15252599202257378,0.9816848305475008,0.01020159592871367,0.7770288346552789
1,3.155719375596001,3.9989591319890683,3.9989591319890683,2.4047609082055676,1.0,0.0,0.0,0.0,1.0,1.0,0.01955581913337531,0.4417101280721758,0.9864148583724512,0.82906275222427,1.00108229057861,1.2285628329354161
0,-0.4699426430800697,0.30641133127289755,-1.5677443632749113,0.30641133127289755,1.0,1.0,0.0,1.0,1.0,1.0,-0.5358362815933799,-0.4993091658971708,0.4356104825834048,-2.982331124708712,0.515826668803123,-0.8700844357976465
1,2.9671529518717947,2.476658938499057,2.476658938499057,1.0649737633051921,0.0,0.0,1.0,1.0,1.0,1.0,-0.4562266626847206,1.610974296663417,1.4868027717339398,0.8462602568510514,0.25990869054259624,-0.04351984766999073
1,3.6296127799688476,0.6306629056304737,0.6306629056304737,4.103681735943619,1.0,0.0,1.0,0.0,1.0,0.0,-0.125621422815991,0.1209884141626214,0.4602980783952172,0.16963356286639475,-0.9693553450575692,-1.9772489475097532
1,1.2969326400359398,-0.4145288512220667,-0.4145288512220667,1.776172237158269,0.0,0.0,0.0,1.0,0.0,0.0,0.7339603525120559,-0.5444966121106352,0.4131498400054075,-1.5297660290151973,1.2447677818501843,-0.9256086185371759
1,7.410823331700215,2.9119487237284343,2.9119487237284343,6.225241124294469,0.0,1.0,1.0,1.0,1.0,0.0,0.19900616113171582,2.3580284831114966,2.0951020996835297,2.346536689040133,0.5245626597969109,1.0730460115916616
1,6.091804062818622,5.548086085379669,5.548086085379669,6.437235389728,1.0,1.0,1.0,1.0,0.0,1.0,1.083422634886224,-0.13542432030986828,0.03016434171386284,0.7433639201043051,0.0850963550480003,-0.6887639176973447
1,5.593867545963491,4.391060684756098,4.391060684756098,7.511052386821237,1.0,1.0,1.0,1.0,1.0,1.0,1.6360799326473865,0.00679681675757654,-0.1920780051660984,0.42629180470041195,-0.8237184328647342,-1.486655680365458
1,-0.1765558958949585,1.0462077433847599,1.0462077433847599,1.4794099787525328,0.0,1.0,0.0,1.0,0.0,1.0,-2.175726614219301,0.8407263048007861,-0.6636746267074973,0.31466554941715247,0.7563280386138008,-1.0952753723756565
1,2.492085876375644,0.4741155503836275,0.4741155503836275,3.342620404189156,0.0,1.0,1.0,1.0,1.0,1.0,0.23799728854562882,-0.8452397635747197,0.8964638429233704,1.5805954668156623,0.7700431979788319,0.9810527818535009
0,3.307534691370432,6.277231453053815,2.975178304067795,6.277231453053815,1.0,1.0,1.0,0.0,0.0,1.0,0.5232323783883119,0.5249256347889828,-0.39578604178273497,-0.08524582954520098,-0.34543486219290076,-0.140788356294112
0,2.659879576317994,4.2686877927094855,3.07023565584873,4.2686877927094855,1.0,1.0,1.0,0.0,0.0,1.0,-0.11572032361703907,0.13385051667531273,0.6612991222400401,0.906874445397452,0.1744447917517274,0.8942895575039473
1,3.464818505116578,1.84666015404192,1.84666015404192,3.5793937409390715,1.0,0.0,1.0,1.0,1.0,1.0,0.8574226171717669,-1.1688152965040062,0.5262972249696661,0.8121700565288241,-0.15423913880226306,0.9562413954272433
0,3.7774734239248,4.465402342670862,1.9046190502818445,4.465402342670862,1.0,0.0,0.0,1.0,0.0,0.0,0.841562202222406,0.7097174070645949,-1.09875620995544,0.10240249558670428,-0.46538453355446363,-0.7668100521939576
1,3.3489541739217152,2.7241432762878004,2.7241432762878004,4.867234176377297,0.0,1.0,0.0,0.0,1.0,1.0,0.8659659857415268,0.5783249870781895,-0.25362097255854216,1.730326532601157,0.7252775762991599,0.572839780140362
0,1.0003264789311859,4.675069630422455,2.6809465588344863,4.675069630422455,1.0,0.0,1.0,0.0,1.0,0.0,-0.6276637084496725,0.40505236628388036,-0.9816969613842332,0.8385964569376533,2.0401913670055354,0.9468464705328855
0,2.4002915846676234,4.970729260560397,3.109945569350658,4.970729260560397,1.0,0.0,0.0,1.0,1.0,0.0,1.269586828545784,0.12708130723450034,0.6162191015034331,0.5610959403530253,-0.3423587129297219,0.2762146560271018
1,5.149381754605999,5.381678846617861,5.381678846617861,6.73203612330057,1.0,1.0,0.0,1.0,1.0,1.0,0.8784846477802929,1.4805608826637433,0.5714101449411595,1.1256115833793263,0.2790450524226792,0.4514308732894734
0,-3.6673601109099483,0.7057331407123216,-2.1786423699908943,0.7057331407123216,0.0,0.0,1.0,0.0,0.0,0.0,-1.740045121137759,0.08625668832435804,0.5354036711981927,0.44503605356800874,0.011789555200023005,0.3511291102251434
1,3.8819065670274435,0.04872053327556869,0.04872053327556869,2.81290493319436,0.0,0.0,1.0,1.0,1.0,1.0,0.674093225007468,0.09685923227435755,0.9315643402354878,0.6221785988311084,-0.0191372282868858,1.1802609426693258
1,1.326813560870998,1.1899719989641113,1.1899719989641113,1.7378997226693835,0.0,0.0,1.0,0.0,0.0,0.0,0.22686670503880374,0.344929363142593,-0.10448831510028952,-0.7133261852697607,0.054681261267280026,-0.2337532675045093
0,-1.7599835786998843,0.14932010667485407,0.01782275549128881,0.14932010667485407,0.0,1.0,0.0,1.0,1.0,1.0,-1.0140194828574767,0.02364579224511687,0.12366310679474812,-0.0937738741801051,-0.4834601762927087,-1.7245674659468837
0,-0.1558362593739045,1.9668107590773536,-0.9887345718986509,1.9668107590773536,0.0,0.0,0.0,0.0,0.0,1.0,-0.3424251759133246,1.1532768920433156,0.05302823719105093,-0.5905731277119568,-0.0780371043972779,0.2701012636057441
0,-1.2763202529531013,2.4195551703205194,2.495778531946211,2.4195551703205194,1.0,1.0,0.0,0.0,1.0,0.0,-0.09786297642172932,0.15479066518081291,0.819562100320161,-0.01593259659745301,1.0097657725025622,-0.005179420009892466
1,7.911178832741129,4.5237669851435625,4.5237669851435625,6.427402245747636,0.0,1.0,1.0,0.0,0.0,0.0,0.9651821390826997,2.5480500585464707,-0.6894799530087222,0.05905817777577804,1.321895358704901,0.13501636422014607
1,1.67750974300699,-0.3458023098702374,-0.3458023098702374,3.6316820391195916,0.0,0.0,0.0,0.0,1.0,0.0,0.9132981580861009,-1.024669640583959,0.6068884607049005,1.054786807207359,0.1182075772991032,2.3086121204168975
0,-1.1455364807818598,-0.8911254450084483,-0.0367374853128003,-0.8911254450084483,0.0,1.0,0.0,0.0,1.0,0.0,-0.08058660721760749,0.08925595968300651,1.133881128364922,-0.10435568879444246,0.0006212001417831015,-0.5540948979615468
1,5.4725553649312815,1.4999314533231973,1.4999314533231973,4.32720064692397,1.0,0.0,0.0,0.0,1.0,1.0,0.6463215881579683,-0.6696251100596345,-2.48986684465746,0.6488194464169323,1.135253389496408,0.5327554022882287
0,1.7601083857941313,1.943118914581686,2.2761463515280465,1.943118914581686,1.0,0.0,1.0,1.0,0.0,0.0,0.6459081921297564,0.03846102601718951,1.011457281365156,-0.4978267914830829,-0.2937445873067461,0.5857713351927681
1,0.7105389780870481,0.6772198600801228,0.6772198600801228,1.4357685439319638,0.0,0.0,0.0,1.0,0.0,0.0,-0.6474437648510314,0.5252751524859811,-0.7354938578733051,0.605021625721013,-0.3988239051047455,-0.7148213833381127
0,0.7524798071387494,1.6960342906558368,-0.06203574663284073,1.6960342906558368,0.0,0.0,1.0,1.0,1.0,1.0,-0.5829915120830375,1.0452466731625696,0.21587828643985352,-0.4850984811671998,-0.08430659534300766,0.9660352043805822
0,0.998549372969753,0.695258274690528,-0.032674004289976216,0.695258274690528,0.0,0.0,0.0,0.0,0.0,1.0,-0.4940339440076943,-0.1705939773869732,-0.5337005929007498,1.0808522874422362,-0.18153945568393615,-0.28789215528856715
1,2.080985548544667,-0.021868881923901462,-0.021868881923901462,2.8699653926919133,1.0,1.0,1.0,1.0,1.0,0.0,-1.5403549039293662,-0.9643895041391924,-1.1062190875610556,1.1877304431372142,0.2654828510217169,-0.41795708298152
1,-0.9329594845001423,0.17812813243574488,0.17812813243574488,1.280674319577686,0.0,0.0,0.0,0.0,1.0,1.0,-0.05285926062399411,0.6625759395262817,0.7980494009352046,-0.5976084710776184,0.9194549928094655,-0.8376730635466292
0,2.0016858341118366,0.471811117474946,0.6319180699328315,0.471811117474946,0.0,1.0,0.0,0.0,1.0,0.0,-0.42067360372932017,0.6040405828111366,0.6904914215194438,-5.7647904873059375e-05,-0.9230913506959093,0.3286547451408352
0,-2.1073399305100837,0.0850158243656578,-1.701678480880849,0.0850158243656578,1.0,1.0,0.0,1.0,1.0,0.0,-2.2634272364621606,-1.1710174558075397,-0.967499932198034,-1.1455747218978394,-2.856806976364837,-0.8165468964374839
0,-0.9573426197997388,0.7475179962362156,-0.8568314699107399,0.7475179962362156,0.0,0.0,0.0,0.0,0.0,1.0,-1.3637965961448926,-0.1612205598685884,-1.977621536246636,0.2896673088273265,-0.8366112085654533,-0.6061950269064732
1,1.6791212451802964,-0.637830160096827,-0.637830160096827,-0.2576585051094362,0.0,0.0,0.0,0.0,0.0,1.0,0.9968448833573285,0.08184252256952956,0.7140747643940166,-0.9974536612881566,1.097834086028278,0.4248009601014178
0,0.575954422200849,2.1094846150599555,1.9166306591363855,2.1094846150599555,1.0,0.0,0.0,0.0,0.0,0.0,-0.640578730768523,0.4780221482370141,-0.5347224214658657,-0.15295202951665812,-0.022230202500755254,0.5290377351862091
1,7.660681963208718,4.9472822209269625,4.9472822209269625,7.582345366339203,1.0,1.0,0.0,1.0,1.0,1.0,2.579373118863185,-1.1062460065110264,-0.3450408322592737,-0.5131241547627358,0.18788875510932018,-0.006999860729549501
1,4.501293372339073,1.339287474188052,1.339287474188052,3.231796394583731,1.0,1.0,1.0,1.0,1.0,0.0,-0.1724969984237653,0.3300298307029804,-0.5439012045416904,-0.20875136871640523,1.2731496063236445,0.9292413289681691
0,1.1419742257840242,3.623126632557219,2.2271502356998534,3.623126632557219,1.0,0.0,0.0,1.0,1.0,1.0,-0.21633287999194653,0.32480356020200984,0.7372557093293935,1.0787399263475974,-1.2219045652490004,-1.2039439535981638
1,4.4436879517834935,3.724995933525324,3.724995933525324,3.061445836125258,1.0,1.0,1.0,1.0,1.0,1.0,-0.16794132255550423,0.9677876545218148,0.27289605726544863,-0.3867398399735317,-0.32133658329986925,-0.18824440629575356
1,9.106918281980956,3.3670178018501966,3.3670178018501966,5.537186861898706,1.0,1.0,1.0,1.0,1.0,1.0,0.6103412861486208,1.3488092224839614,0.20503528272002935,0.6216335491789682,1.8606540464851768,0.6009338139200316
1,2.0573737393049947,1.2045991719702247,1.2045991719702247,0.9508324150209124,1.0,1.0,1.0,1.0,1.0,1.0,-0.1778969481688997,-0.49780315198494074,1.0840299628051624,-1.5448854188012147,0.4175011434188972,-0.29123330043416473
1,1.5597936354404949,-1.00773294207087,-1.00773294207087,1.572722793324875,0.0,1.0,0.0,0.0,1.0,0.0,0.304750646277392,-1.3021609382486397,-0.37378263407678025,0.47290908231186213,0.33082817207263293,1.627286506830069
0,-0.22162264358213912,4.80664090297577,2.063166302434504,4.80664090297577,1.0,1.0,0.0,1.0,0.0,1.0,-1.0688143040534317,-1.0965400953272195,-1.4126067359527918,0.5139746625235276,-0.2556232826475463,-0.14528245649007065
1,2.1050549855019396,1.220739010366017,1.220739010366017,1.8620700965750083,0.0,1.0,0.0,0.0,0.0,0.0,-0.30315762001997165,-0.3235319369587066,-0.2413380218968378,0.8724317753247604,0.28916872210842426,0.8243677416623791
1,6.236158164356436,1.8034167121714733,1.8034167121714733,2.9796373708291055,1.0,1.0,1.0,1.0,0.0,1.0,0.8775702492730925,-1.4401632564964348,0.5011029829421269,-0.5144926644895076,0.41372229061232046,0.6109084653607318
1,2.7445594083674028,2.2226045027802526,2.2226045027802526,3.432464906743341,1.0,1.0,0.0,0.0,0.0,1.0,0.6916370126866846,-1.2587207905252125,-0.17409172003394874,-0.2502087100559208,0.13936912380085145,0.5238772389474133
0,3.0011855726055994,3.661559190565298,3.6602141324645334,3.661559190565298,1.0,1.0,1.0,1.0,1.0,0.0,0.4201788486452543,0.012022685770650132,-0.7736668608893953,-1.4797692878032729,0.4519186668017696,0.33534041738227227
1,4.558035963525061,0.42233342527099627,0.42233342527099627,4.393829339462971,0.0,0.0,0.0,1.0,0.0,0.0,1.4868114191606792,0.5840710759645382,1.017127977165836,0.0011167784113173679,0.31254454564850154,0.2656007001745112
1,7.2584343534153195,5.203111873547732,5.203111873547732,6.222239423571215,1.0,0.0,0.0,1.0,0.0,0.0,2.257480084969508,0.5809619037625011,-1.0403040390825278,0.04538144790073695,1.1667523962021875,-0.16681304216814644
1,5.654415643881074,4.440412021682896,4.440412021682896,5.0700508451587405,1.0,1.0,0.0,0.0,0.0,1.0,2.1675017217082835,0.49392232205775266,0.8828801861603757,0.7760859284381065,0.28272016349186235,-0.019276100489969306
1,0.12855823633049168,0.20430561475830056,0.20430561475830056,0.6714663212695812,1.0,0.0,1.0,1.0,1.0,0.0,-2.153411803961418,0.5444934371155041,0.06834571910166054,-0.669280916311739,-1.7405127041703798,-1.7327000549349971
0,0.9037830181257603,0.5408125639879231,1.1415925342820534,0.5408125639879231,0.0,0.0,0.0,0.0,1.0,0.0,-0.5133063357499724,0.8223063309217254,-0.1874835772111242,0.5326965734247097,-1.6384720922025466,0.7901321387729648
0,0.8898104013863188,1.375968600869496,1.039037233722961,1.375968600869496,1.0,1.0,0.0,1.0,1.0,1.0,-0.3875833465026021,0.1956778837526184,-0.7735612976422309,-2.8314945729519105,-1.064575862011687,-0.21863459838942084
0,-0.6505736226622432,-0.5638230115279484,-2.9976362279723734,-0.5638230115279484,0.0,1.0,1.0,1.0,0.0,1.0,-1.1139420472344042,-0.5460865138865162,0.4280692520997066,-2.0235307478462463,-0.1421379356955978,-1.6611408867810404
1,2.676376349168305,1.5273424712788906,1.5273424712788906,1.5995376580259162,0.0,1.0,1.0,1.0,1.0,1.0,-0.3498714410319089,-0.33743754601301806,-0.8910384464003783,0.6917461727131474,1.2162472873746382,-0.7492246783568643
1,2.388275471907355,1.4055777698520773,1.4055777698520773,1.090411986990391,0.0,1.0,1.0,1.0,1.0,1.0,-0.4516227815019263,1.0057689870199877,0.018321967164766584,0.18540651328959265,0.4111394540323829,-0.27653211049692394
0,1.5067167880113088,1.3104543772810848,1.5448632008164869,1.3104543772810848,0.0,1.0,1.0,0.0,1.0,1.0,-0.3700876841523922,-0.1681805906359198,-1.4468216489234227,1.2347942084439807,-0.7715987535546709,0.2899901540664173
1,4.075844947098573,1.9745689602541745,1.9745689602541745,3.0452520004762684,0.0,0.0,0.0,0.0,0.0,1.0,1.2999267909702856,0.4301053909550457,0.07231655147879634,0.904412451487605,1.6129615232672543,1.0034374077463841
1,0.29483800584464925,0.4942341560218051,0.4942341560218051,0.3735918198364583,0.0,0.0,0.0,1.0,0.0,0.0,0.34504877386702515,-1.90799142175335,-0.42359643992070395,0.03544841977721411,1.742015016375034,-0.29793261041487507
1,0.2688528241847731,1.0824037299847205,1.0824037299847205,2.450662501854474,0.0,0.0,1.0,1.0,0.0,1.0,0.24853214092721776,-0.544993649111185,-0.3114351488232607,-0.851726029077368,0.1522974476450596,-0.6645496287275894
0,1.853104995205061,2.331923797378968,3.1101295192267733,2.331923797378968,1.0,0.0,1.0,1.0,1.0,0.0,-0.9436599278494547,-0.354811532069069,-1.723411404466819,0.7797955835539182,0.2071981723822266,-1.5108798319200092
0,0.44702542663681066,1.3360554269691463,0.9826263051924081,1.3360554269691463,0.0,0.0,0.0,1.0,0.0,0.0,-0.15187133326720806,0.08355332691987283,0.07306307564846096,-1.108236909487766,-1.80914421652784,0.23336882055118702
1,1.1997103504712239,-1.9515137276312087,-1.9515137276312087,1.54466421348259,0.0,1.0,0.0,0.0,0.0,1.0,0.00017727498866764525,-0.755347833683994,0.19515022863852305,-0.2645527816928853,-1.6029630251413662,0.8835492890525747
0,-1.2212434263425713,0.8344635696757735,-1.083819875284073,0.8344635696757735,0.0,0.0,0.0,1.0,0.0,0.0,-0.7752414931666433,0.4267337657852688,0.42618704073480373,-0.7131141610216115,-0.27196630559773277,1.1245977625950805
0,6.1497516425003145,5.009061074526471,4.068733947112203,5.009061074526471,0.0,1.0,0.0,1.0,0.0,1.0,1.0757524157526521,1.2432972587290654,0.32085945571725283,1.1646527845126826,1.2428394220508288,-0.17091046569806345
1,4.733740236288195,2.5407613775788938,2.5407613775788938,6.209295784345023,1.0,0.0,0.0,0.0,0.0,1.0,0.625311387197948,1.428942958003704,-0.4229719789028913,0.5396423406961521,-1.4135144334981216,1.668981901425136
0,2.481407403549154,4.434620951754614,1.7591521837673394,4.434620951754614,0.0,0.0,0.0,0.0,0.0,0.0,1.5412144248852655,1.1881640508294546,2.0048940585540453,0.4604811990619001,0.09882912020199508,2.124089113261863
0,1.6195577475613965,1.9571099126383222,1.252876837789739,1.9571099126383222,1.0,0.0,0.0,0.0,0.0,0.0,0.7773021865482707,-0.7368126528590335,-0.3375345246185858,0.07549186309088572,-1.0748416389248108,0.11099360656333257
1,0.30215198646777286,-1.2534857271745845,-1.2534857271745845,-0.9005494434606525,0.0,1.0,0.0,1.0,0.0,0.0,-0.8979010560460217,-0.5889957207693773,-0.5736387985006075,-0.7400100340084453,-0.06981454072766113,-0.7446814463561875
0,3.266674187865414,5.02748230227662,2.636043561337385,5.02748230227662,1.0,1.0,1.0,1.0,0.0,0.0,-0.7573327949630357,1.3361264551691059,0.22223669790209183,2.11697635372803,-0.6981598842007601,-0.06245927394117706
0,4.4431501277607355,3.5200372084848546,2.8135585711323046,3.5200372084848546,1.0,0.0,0.0,0.0,0.0,1.0,1.0417107374453856,1.1752820786146405,1.1977080473501671,-0.2712919089715744,1.6665190576661832,1.049419841586139
1,2.1791176809645227,3.353522075392847,3.353522075392847,5.3554868410844305,1.0,1.0,0.0,1.0,1.0,1.0,-1.0255402402915244,1.371277354633335,-0.9375361244150926,0.24146705723108403,0.03188040505742015,0.4543346570866469
1,3.214678568364556,-0.8772233509503131,-0.8772233509503131,1.5791596941614552,0.0,0.0,1.0,0.0,0.0,1.0,0.16166241017104832,0.355702621914188,1.1470259225781616,1.935199738658131,-0.3930746091216455,0.5628490516232664
1,4.898893240421032,1.9743045049399288,1.9743045049399288,4.353328140185144,1.0,1.0,0.0,1.0,0.0,1.0,1.1083147074236794,-0.9583024382948856,0.027525197026658565,-0.7874746114869746,0.2816624737664929,-2.3929540688428923
0,0.8804935148201439,0.4743321711443984,0.46129842436943796,0.4743321711443984,1.0,0.0,1.0,1.0,0.0,0.0,-1.4987618512503915,0.09257146175180614,0.6699149975163651,0.5972132468060105,0.6202936852557693,-0.20127776339537173
1,3.234971385856748,3.2508886133482275,3.2508886133482275,2.515474664748133,1.0,0.0,1.0,1.0,0.0,0.0,-0.31036974328589856,-0.5222421114833985,-1.4490272330869767,0.05852389046725845,-1.7745146239990417,-1.9581603225272772
1,4.425061889581022,-0.6526064921023584,-0.6526064921023584,3.9737894452307376,0.0,1.0,1.0,1.0,1.0,0.0,0.3721428817003355,-0.6055858660614957,-0.9457906211540053,-0.34600599597395043,1.1596711090406735,-1.3903811627886375
1,0.9881844155772117,1.3202478533142543,1.3202478533142543,2.7550037104702745,0.0,0.0,0.0,1.0,1.0,0.0,0.7875394566254846,0.6978128345846515,2.450513243962503,1.3013866547118398,1.2364704491150327,1.2383999658210472
0,-0.05028796047959261,-1.1965791318705814,-0.9496317545469537,-1.1965791318705814,0.0,0.0,0.0,1.0,0.0,1.0,-0.15520902268526418,0.9314237493954551,1.0901483434132464,1.7032929304209627,0.14934956065201122,0.7186590715105096
1,4.274241537887153,4.2601495237221405,4.2601495237221405,4.684798408096924,1.0,1.0,1.0,1.0,0.0,1.0,0.917932026312077,0.2255401454444163,-0.25687317260923404,-0.005568937390366485,-0.008789757289401678,0.3028632721845182
1,1.74329149329288,0.4621573325660091,0.4621573325660091,2.0612781922833103,1.0,1.0,0.0,0.0,0.0,0.0,0.27218635951432407,-0.10960186946054168,1.9729801018763022,0.1409119272510756,-0.7139029394093057,-0.661553428054712
1,2.1459680465047275,1.4862172883274942,1.4862172883274942,2.532016022447594,0.0,0.0,0.0,0.0,1.0,1.0,1.1704784399389465,-0.12562987533389894,0.377010210262795,0.19076842421981705,0.4817809955597002,-0.23879983338137448
0,6.1196810206801056,6.82544257227486,4.170674339937648,6.82544257227486,1.0,0.0,1.0,1.0,0.0,0.0,1.5038060757627665,1.3616855075025396,-0.6251284855505551,1.7728135617891367,1.0754902105447008,0.03765432808900665
1,2.1598596404806445,-2.7564152969889113,-2.7564152969889113,1.730104311141236,0.0,1.0,0.0,0.0,0.0,0.0,-0.11661807649828783,-2.0455010943011978,-1.63610388261653,1.1946006555134288,0.1997150571199371,-1.5577423929313428
0,1.181470264554022,2.9098578553726906,4.067724429409095,2.9098578553726906,1.0,1.0,1.0,1.0,0.0,1.0,-0.6276441860510091,-1.1036121161976118,-0.5670235678200933,1.5062484018312798,-1.336306220848666,-0.9547354438855826
0,-0.9591852587063868,1.261021401747522,-0.604594496997007,1.261021401747522,0.0,0.0,0.0,0.0,0.0,0.0,0.3533679655681317,-0.16551755039133267,0.12420731705899576,-0.9712914535921344,-1.174420056965164,0.6574923959987266
1,4.077087130205715,3.9491236066215243,3.9491236066215243,3.371846196333438,1.0,1.0,1.0,0.0,0.0,1.0,0.39596945685159735,0.902139028977702,1.0837428176631987,-0.4013252522938172,-0.6932233051775524,2.7287565596700603
1,1.409987793061997,2.186303263583523,2.186303263583523,2.3178726162522993,0.0,0.0,0.0,1.0,1.0,0.0,0.7561126063274817,0.6575433764889018,1.3539781269922984,0.040243455671608835,-0.30251119949297617,0.17792078104077352
1,3.523625288016899,-0.11631460101937252,-0.11631460101937252,2.2597698442329555,1.0,0.0,1.0,0.0,0.0,0.0,-0.1052386814444868,-0.33832712969010004,2.167021445363641,1.4147752349856408,1.2796294757668354,0.6953114071799478
1,2.2439040528995484,0.3916503739980466,0.3916503739980466,2.125567454089984,0.0,0.0,0.0,1.0,0.0,0.0,0.0027636512413148073,0.8393281141796358,0.303378125778789,0.09381725078965933,-0.01020022545692062,0.8299561413069835
0,0.13668507587887002,0.21880928346124984,1.5903745056351561,0.21880928346124984,0.0,1.0,1.0,1.0,1.0,0.0,-0.8294068524718629,0.2743293069623747,-0.2504611008496274,-1.0842066073306071,-2.5137720247093114,-0.07174749090440091
1,3.176878356172484,2.3884977150880307,2.3884977150880307,4.274347280644021,0.0,0.0,1.0,1.0,0.0,0.0,1.2324587707594505,0.9623205031207844,1.6026682398961007,2.0983730599943775,-0.6743387611847281,0.3335544129794206
0,0.0923739767648977,1.5399681342007336,1.1173748510515296,1.5399681342007336,0.0,0.0,0.0,0.0,0.0,1.0,-0.2465091290586248,-0.13647406317355965,0.01647614678225745,1.1847653021186302,0.43967837425798684,-1.1427341978701155
0,6.416089847488523,5.284963622663131,4.645569853274031,5.284963622663131,1.0,0.0,1.0,1.0,1.0,1.0,2.352174145512331,1.7731714253757689,3.0489392646055493,2.5678649299557064,1.1584992879192866,2.1512578580972908
1,0.9392103608818986,-0.2575197298639717,-0.2575197298639717,2.5615446382480336,0.0,0.0,1.0,0.0,0.0,0.0,0.5725743606103407,-0.3820394367222192,1.7061816379697778,0.9686290956393981,0.6448361721824857,-0.1411428541738925
1,-2.2449346800322645,-3.032309078301909,-3.032309078301909,-4.570381903840834,0.0,0.0,0.0,1.0,0.0,1.0,-1.446932210787901,-1.4749256665679993,-0.17755928963812992,-1.6458623889067905,-1.1481173398894349,-0.10825331678473771
0,3.9847279660550043,3.6435927135469113,2.3717683389199533,3.6435927135469113,0.0,1.0,1.0,1.0,0.0,0.0,-0.0816155346254435,0.3952079930716469,-1.1071383977404223,0.9849143919901973,1.1944592168524066,-0.6948988072910599
0,-2.5401239219571563,-2.023272664819647,-3.109903132478793,-2.023272664819647,1.0,1.0,1.0,1.0,1.0,0.0,-2.2246340048478563,-2.084775942873086,1.4204131861021894,0.03808618353245019,-0.3564714919907802,-0.74512654300466
0,-2.5486662074067534,-1.16030010057056,-1.167505686610603,-1.16030010057056,0.0,0.0,0.0,0.0,0.0,0.0,-0.18452824343172886,-0.3346606392052034,1.532752086559566,-1.0632525229654854,-1.1451548156900393,-0.06998863752042503
1,4.286465504954482,1.0634011164096344,1.0634011164096344,3.3497888331363677,1.0,1.0,1.0,1.0,0.0,1.0,-0.4788569442205724,-0.7760403534435087,0.3455578222070377,0.7031103189603347,0.18027797895302686,-0.1875352402495382
1,3.089370802980091,1.414653874535583,1.414653874535583,2.5522622009756035,1.0,1.0,1.0,1.0,0.0,1.0,-0.5534268571590816,-0.028754936381478413,-0.276386215517115,-1.6819259974940763,1.0622814439023855,-1.9839161016083229
1,3.406028464620154,0.00826853217800494,0.00826853217800494,3.2029615946921384,1.0,1.0,1.0,0.0,1.0,1.0,-0.37521534350607993,-1.1216020234910056,-0.17427421281340638,0.1426275716320086,-0.34291443924332654,-2.3120148443283615
0,2.2364041340604923,2.885185831549819,-0.23841372078926337,2.885185831549819,0.0,0.0,1.0,1.0,1.0,1.0,0.07645394572865048,-0.4050167951835538,-1.7385812130401017,-1.5177174675285356,1.7500217858691398,-0.06452845958084202
0,3.175662458553136,4.829053563371241,3.4264907364313366,4.829053563371241,1.0,1.0,1.0,0.0,0.0,0.0,0.8123979035469598,1.464338583544217,0.8210926451922794,-0.7912400093475243,1.597767112777828,1.4540930966532633
0,2.1670892608677197,3.341091800685602,2.414013642034511,3.341091800685602,1.0,1.0,0.0,1.0,0.0,1.0,-0.05149863231997874,0.9184289709153132,0.02852154672972751,-0.8724972628612911,-0.12593855947038007,0.02891266414517829
1,4.049130913968135,1.8852349001558644,1.8852349001558644,4.528112692013974,1.0,0.0,0.0,0.0,1.0,1.0,0.541012717633532,1.2015674019246314,-1.083441172464211,-0.4391295079845645,-2.5559831313666592,-1.9321537042562462
1,2.5274562367823044,1.1992975804336072,1.1992975804336072,2.160912864690356,0.0,0.0,1.0,0.0,0.0,1.0,0.3150807683880176,0.34728117535365904,0.7535125909890729,1.1432214549930317,-0.9586814554958834,0.19788913954893647
0,5.4986199491796866,8.838180635170097,5.003818275605344,8.838180635170097,1.0,0.0,1.0,1.0,1.0,1.0,2.217741032231073,2.0906263412992567,0.3335564382455797,0.4641443096054314,1.2857790325822989,0.16783250602352218
0,-3.224351955175783,-0.039113665911596984,-1.4160383879075658,-0.039113665911596984,0.0,0.0,0.0,0.0,0.0,1.0,-0.6469995387224469,0.5570964381293628,0.3815992797507046,-1.2620820204532612,-0.46648926880833996,-0.876824837421174
0,0.04938815713403097,2.3531946268653816,0.00970136587855519,2.3531946268653816,1.0,1.0,1.0,1.0,0.0,1.0,0.11471645025838566,-1.1271118091487151,2.940469429959605,-0.3904907944117062,0.9821599480717199,0.8062221950636148
1,0.9230668116598681,1.0531857071419655,1.0531857071419655,2.7860657872589307,1.0,0.0,0.0,0.0,1.0,1.0,0.10266144771139325,-0.46055693183529844,1.382620492991207,1.7202554537725137,0.9073301067079811,-0.8142298485493298
1,3.6000874150798206,2.5903780568281367,2.5903780568281367,1.6511398292758344,1.0,1.0,0.0,0.0,0.0,1.0,-0.8733104218466924,1.1159670723436346,-0.42409143161812785,0.784377267993858,-0.9064748360260407,-1.1721168915000262
0,-0.6454230409856903,1.8541802466923274,-1.8813593098095245,1.8541802466923274,0.0,1.0,0.0,0.0,0.0,1.0,-0.6312387729488343,0.2405587028063902,0.29014922064323806,-1.3252530812502619,-1.1613898713958233,-0.43185808471786447
1,-1.3542971972377822,-1.4425211255078563,-1.4425211255078563,1.016069960494773,1.0,0.0,0.0,1.0,1.0,0.0,-0.9041376859084519,-1.6382714505285954,-0.12830126497637895,-0.026898422728307447,0.3970217850982394,-1.4019806270245545
0,-0.36918857706445696,2.1657110117272054,0.29501655057007614,2.1657110117272054,1.0,1.0,1.0,1.0,1.0,1.0,-0.9527956671602278,-0.7151566287028102,0.23863023490941077,-0.664871748795811,0.7520548388419962,-0.3278333339801661
0,0.6450947943201208,2.411113842116146,2.3919269574828173,2.411113842116146,1.0,0.0,1.0,0.0,0.0,1.0,0.7058367872464407,-0.5292152927571543,-1.3384532396354147,-0.7649810561039816,0.36502380106056487,-1.0740424699728286
1,-2.1765837637700236,-1.2815954353636487,-1.2815954353636487,0.4093132424204782,0.0,0.0,0.0,0.0,0.0,1.0,-1.755113333865874,-1.6619973387526512,-3.1925220079840058,-1.5647238149657179,-0.7723089405986916,-0.954354406163268
0,-0.7261217444527928,0.35638196596564087,-2.293089708051673,0.35638196596564087,1.0,0.0,0.0,1.0,0.0,1.0,-1.3835334855544064,-0.9358133532356974,-1.3442911262114008,-1.8923052717628512,-1.249966406481062,-1.849942054082476
1,3.2300664655099354,3.390548716100778,3.390548716100778,4.7407810766875915,1.0,1.0,1.0,1.0,1.0,0.0,0.7738240614513653,0.3700291705242363,1.0389918681717165,-0.9287787266072005,-0.02469040878680112,0.7652323490756342
1,1.2416209820191342,0.9814779653500393,0.9814779653500393,0.8416117467241786,0.0,1.0,1.0,1.0,1.0,1.0,-0.2242552161010043,-0.8509420929079126,-0.8607005367286154,-0.11032982974595376,-0.6490910284261517,-1.2686312968123385
1,6.020076853970579,2.3580643865277287,2.3580643865277287,3.786063893617307,1.0,0.0,0.0,0.0,0.0,1.0,1.4646718935560232,0.7905892244064213,0.2618939369794677,1.0586781695881735,-0.6058112178808082,-0.08205286339628634
0,3.342929402768332,4.939045049088872,2.5721204329713467,4.939045049088872,1.0,1.0,1.0,1.0,1.0,1.0,-0.42268116115978843,1.2681760968251503,-1.2066820056059844,-0.37678467332452475,0.5007397748942974,1.1120886242861754
1,4.523161551152918,3.513832717259204,3.513832717259204,3.924942377780188,1.0,0.0,1.0,0.0,0.0,0.0,-0.40750190152305227,2.179811112582771,0.9405139527146034,-0.39379025039712107,0.6146250807087563,0.9573688843411935
1,3.3581412427183643,1.357039990871725,1.357039990871725,2.8641404900032437,1.0,1.0,0.0,1.0,1.0,0.0,-1.1569120394103802,0.588096012551472,-0.8694169496691847,-0.18955784942949636,-1.154353858466445,-1.0627873116230235
0,2.7077565293473054,6.061609333010803,3.6638627156699437,6.061609333010803,1.0,0.0,1.0,1.0,1.0,1.0,1.6301136242672019,0.8226118994816878,1.1545420960280406,-0.11797157346684295,1.416366107319646,1.5558540202642719
0,0.053446003255312347,1.6202680742391613,0.640143638478869,1.6202680742391613,0.0,1.0,1.0,0.0,0.0,1.0,-0.2329931210651091,-1.2224097312063444,-1.6171661405880025,0.0055256835155274575,-1.0425252231555373,1.5943441854261047
1,4.878760658122673,3.411997616353748,3.411997616353748,2.4579279833769068,1.0,1.0,1.0,1.0,1.0,1.0,-0.014265109504123956,-0.27543299283254197,-0.6369499703034609,-0.3680586371930661,0.6930142022864826,-0.12117861013053258
1,4.405297611830813,2.295852558243079,2.295852558243079,4.013197870894859,1.0,1.0,0.0,0.0,0.0,0.0,-0.43107354996042413,1.115680619453298,0.4448344916095099,-0.049201676358297794,-0.20962453822375052,-0.7225236277307701
1,5.183586959623415,2.4093497240938064,2.4093497240938064,5.361366022464979,0.0,1.0,0.0,0.0,1.0,1.0,1.6748822188964734,0.7495666838038123,-0.20944558527415358,0.6604881791440225,1.7764800740291906,0.2449106341780053
1,1.7925913651367633,-1.3078933721783663,-1.3078933721783663,0.8449427792901643,0.0,1.0,1.0,1.0,1.0,1.0,-1.2509856279527416,-0.9898832965224349,-0.6075709211657525,-1.0070594034449731,-1.614939850041027,-1.7111953787112881
1,5.23067863120207,2.1425526838089866,2.1425526838089866,5.73811667864444,0.0,1.0,1.0,0.0,1.0,1.0,0.9248772533309344,1.6086548265318021,0.2602354531831529,1.1006746859082432,0.8293328280997319,-0.6993262182696
0,-0.05800326047197113,0.02042563042822243,0.3216961227807267,0.02042563042822243,0.0,0.0,0.0,0.0,0.0,0.0,-0.17693685172633494,-0.7087860442435582,-0.3536548624546987,0.44891795484363506,1.5552184496246833,0.288019836073224
1,-0.338131748321032,0.6660493706075066,0.6660493706075066,1.2672649853636189,1.0,1.0,1.0,1.0,1.0,1.0,-1.954525495883776,-0.4294418728691043,0.10793586086298437,-1.3169462717999254,-0.39414512845562305,-0.9775827759625604
0,2.9250216947405616,5.9494995817954095,2.3160000636010536,5.9494995817954095,1.0,1.0,1.0,0.0,1.0,1.0,-1.321955897592766,1.6072127292292118,-1.0803483478077767,-0.4183384747607693,-0.4452158538486556,-0.7151994243011053
1,0.42513229751743675,0.6915019438738135,0.6915019438738135,1.9272744726510675,1.0,0.0,1.0,0.0,0.0,1.0,-0.8404783101396416,-0.8252948516676037,0.9275273568498397,1.6630889355468776,1.2523322997451616,-0.014181272991985738
1,3.106666693073018,2.9602354016612464,2.9602354016612464,2.5346378091612847,0.0,1.0,1.0,1.0,0.0,0.0,0.42402703835563005,0.15368948111625713,1.9780860994686333,0.7428057043380912,1.7101810196335199,0.5915276500814756
0,0.7150274319976078,0.6204667026921682,-0.2543097538389281,0.6204667026921682,1.0,1.0,1.0,1.0,0.0,0.0,-0.14153351005685677,-1.9691226555567867,1.6169314635224117,0.9842215652575609,-0.6572101093524507,1.0696889892442618
1,4.425157020028121,1.0230984212727625,1.0230984212727625,4.188975849170268,0.0,0.0,1.0,0.0,0.0,1.0,1.2258506802198994,0.04806746003402507,-0.5988478760950474,2.4374927745649457,0.26765020393380146,1.9006372728431633
1,1.8908536583274929,1.275736114294026,1.275736114294026,2.457939217369858,0.0,1.0,1.0,0.0,0.0,0.0,-0.05918918761693056,-0.015363087822140409,-0.1506304946707441,0.29763480623809896,-0.15537863505272612,0.6501266265449457
1,4.760510545651477,1.0345432124400127,1.0345432124400127,2.0089276127317772,1.0,1.0,1.0,1.0,1.0,0.0,-0.09238916908063374,-1.189601261034956,1.1009425072505115,0.9323418129254741,0.03160277437344494,0.5928935625362997
0,3.381182802571878,3.938887834649836,2.7390351511599866,3.938887834649836,1.0,1.0,1.0,0.0,0.0,0.0,0.010403837625245169,1.2851323310301823,1.2331240737223166,0.1207313783737877,-0.02657496321154973,0.9805899732960965
1,1.5279658193686076,1.4968971068460792,1.4968971068460792,3.0240912406494984,1.0,1.0,0.0,0.0,1.0,0.0,-0.558000178511651,1.2855316859903276,1.0657935190859116,-1.407634025777371,1.0615203304133074,0.6623743267786287
0,0.3152900362967689,-0.6950166622385388,-0.20072580100313864,-0.6950166622385388,0.0,0.0,0.0,0.0,0.0,1.0,-0.23804716064394038,0.9897782736675094,0.9010225947672702,0.5039138266409545,0.6275090348695865,-1.5335297892879316
1,3.279550982234093,3.687953613199104,3.687953613199104,3.205934151428294,0.0,0.0,0.0,1.0,1.0,0.0,1.1703165016542911,1.097609543383288,0.5978666582110088,-0.04092367139336231,0.2985016790369315,0.014979769936484533
0,0.8447926042810894,2.156438449796389,1.0706516839831393,2.156438449796389,0.0,1.0,0.0,0.0,1.0,0.0,1.1025333525812209,-0.37043228488217916,-0.5042333881278943,-0.5121482417284642,-1.2061622909529788,-0.41286958398251183
0,-1.0810265086082156,0.6504020776523091,0.9371760907776544,0.6504020776523091,0.0,0.0,0.0,0.0,0.0,0.0,0.055534421416766046,0.17561099701487348,0.12947671484451873,-0.394517920832386,-0.7934618410656951,-2.172669090109925
0,1.4010218916620691,5.34655723821679,4.331025912230615,5.34655723821679,1.0,0.0,0.0,1.0,1.0,0.0,0.7788392229638381,1.8179922387156213,0.7510609467343361,0.889940597448286,-0.15457576251350458,-0.31496582837512255
1,5.523818394670273,5.1008367253243145,5.1008367253243145,5.576108779819175,1.0,1.0,0.0,1.0,0.0,1.0,0.03145407793848758,1.3782468858731491,0.07693213452889436,0.04130688331082599,0.6172789492375712,1.6885864479735213
1,3.8196177455942375,2.607913329425169,2.607913329425169,6.838038583201746,0.0,0.0,1.0,0.0,1.0,1.0,1.9414256972317618,0.7797663121054483,0.1429497752649335,2.304279089378522,1.9600346829166946,0.19849754927882712
1,1.9409321780136752,1.6008683462128102,1.6008683462128102,4.817233623792626,0.0,1.0,1.0,0.0,1.0,1.0,0.11857750972395031,0.5512578256865193,0.8553022397963531,-0.6710250727117272,1.6619205561914,0.45932001926390315
0,-0.15193384562026546,3.2607924087342126,1.6206250632461328,3.2607924087342126,1.0,1.0,1.0,1.0,1.0,1.0,-1.6174904865432065,0.405196064600021,-0.26543975739362663,0.1567086540788546,0.2533417704437386,-0.785516265891215
0,2.6573077101105698,4.579886248595102,2.6923343507304027,4.579886248595102,1.0,1.0,0.0,0.0,0.0,0.0,0.22595687803313158,1.256168567465764,1.4936982327380173,0.682814003074256,0.13209604793530982,0.35892982660422956
0,-2.55858175817207,-1.7910485870754052,-1.141267215017036,-1.7910485870754052,0.0,1.0,0.0,1.0,0.0,0.0,-1.7635394580473736,-1.465277614074652,-0.16248110116275716,-0.24232584171470545,0.15980405350864513,-1.9482410407785151
1,3.595174146853011,2.388686040208027,2.388686040208027,3.81424191909099,0.0,1.0,1.0,0.0,0.0,0.0,1.5070082959251947,0.6653231924969433,2.6093850683970388,0.6801643805146074,1.8080437252628578,0.1633536226661958
0,3.211227636186811,3.8512656880161065,1.8968449602052129,3.8512656880161065,1.0,1.0,0.0,1.0,0.0,0.0,0.16021504053998623,1.3355616467355342,0.17513451430224647,-2.2046948760444627,1.547043148498084,0.646300947048012
1,5.005297273170797,2.6092078766125497,2.6092078766125497,3.890624162753713,1.0,0.0,1.0,1.0,1.0,1.0,0.2739390988394387,0.23990944715123572,-0.16697610070601615,1.3468306489776445,-0.0030445066956697256,-0.5863554990948033
1,5.5561066728973785,3.2270204624228005,3.2270204624228005,5.187873462849449,1.0,1.0,1.0,0.0,1.0,1.0,0.08297221928089352,1.0248737022472267,0.40686219138649604,1.529525028321965,2.207940405227113,0.2944464514260323
1,4.351334731444497,2.4181049520360682,2.4181049520360682,1.6034355816104917,0.0,0.0,1.0,0.0,1.0,0.0,0.6598676466299577,0.03125449411526632,-0.8874254644623392,-0.11542236999539573,-0.7839777663593299,1.1053529087637424
1,1.1753397824342882,2.2796945206383556,2.2796945206383556,3.1749114139354604,0.0,1.0,0.0,1.0,0.0,1.0,0.330503016379472,0.3770925220266245,1.7314906797889447,0.8284615207330368,-0.774003657459109,-0.07470498003687776
1,1.2711953432862244,-0.22484528605278886,-0.22484528605278886,0.6049648416614175,1.0,1.0,1.0,1.0,1.0,0.0,-1.4975636739314189,-0.8534503109205425,0.7970689569400558,-0.5664353698360152,-1.9138187263403144,-0.9916396099159897
0,0.8127583068236157,3.0726466626600946,0.8883451049284348,3.0726466626600946,1.0,0.0,1.0,1.0,1.0,0.0,-0.2748460549751488,0.05903580963025412,0.18356406011821952,-0.4846863309853395,-0.33482696600564515,-0.7262656517515569
1,0.9487885536104594,0.9155189689828888,0.9155189689828888,2.5491608322779307,0.0,1.0,0.0,0.0,1.0,0.0,-0.7878438019469597,1.2330629518680745,-0.20090180264858837,0.504700894463118,2.1518078485378123,0.5399174120349806
1,-1.5750656768434608,-3.240646642534565,-3.240646642534565,-1.6669294501623362,1.0,0.0,0.0,0.0,0.0,1.0,-2.0350283492007626,-1.6134208053993153,-0.6179559317170131,0.492823271375666,0.11180277676629735,-1.8725251408330927
0,0.25929634343982344,1.8087369609957942,0.8535352136612437,1.8087369609957942,1.0,1.0,1.0,1.0,1.0,1.0,-0.30332216444783305,-1.2074738855741896,2.0255179324991026,-0.502547693568588,-1.2793204957274686,-0.10338954107640297
1,5.251115884167246,3.3687345973959872,3.3687345973959872,5.778051184074995,1.0,1.0,1.0,1.0,1.0,1.0,0.05975695991974569,0.37446297407665585,-1.3418698248773357,-0.4691382026491633,-0.3163687584540277,-0.6278164966354491
1,3.1753771129900032,1.5571755458504457,1.5571755458504457,3.1036721598947823,1.0,0.0,0.0,0.0,1.0,0.0,-0.5348664664942141,-0.05093821470408006,0.2482055609381476,0.5146009786470002,-1.1241096437790798,-0.06003088890560475
0,1.6410485367025074,1.5466159085241489,0.6385485603867246,1.5466159085241489,0.0,1.0,0.0,1.0,1.0,1.0,0.07239855709772429,0.291037515972733,-0.12341844476093912,0.020346124956487924,-0.49636267281148205,-0.2671298548008334
1,2.824945966819617,0.9029900296782465,0.9029900296782465,4.512849437200021,1.0,1.0,1.0,1.0,1.0,1.0,-0.3992193393315252,0.8983460379345792,-0.21542796132775066,-0.3296239743089221,-1.8983956579690067,0.5130243052500204
1,0.33254972950691336,-1.2942562086356701,-1.2942562086356701,0.8801759086314082,0.0,0.0,0.0,1.0,0.0,1.0,0.6802384103529346,-0.8126955997071255,0.7567143013191865,-1.7935320789330742,0.04557550079176176,-1.3064836455341948
1,0.8157155813120877,-2.343959722518784,-2.343959722518784,2.2298112966483385,0.0,0.0,0.0,1.0,1.0,0.0,0.597459762027721,-0.5806182768613612,-0.536648319848693,-1.6835800071389289,-1.6848554457537739,-0.3672722846320119
1,2.0230458438936716,0.7744520026021785,0.7744520026021785,0.678583584809815,1.0,0.0,0.0,1.0,0.0,0.0,-0.2656984300584349,-0.3890019073938761,-1.124868019467932,-2.144874043215526,-0.5869439580751413,-0.9573919762852555
0,-2.186086341268771,0.062474212837732974,0.06892117884074889,0.062474212837732974,0.0,1.0,1.0,0.0,1.0,0.0,-1.4537831828342185,0.4482800524243432,-0.018219850425580386,-1.759125744464412,-1.683992688343265,-0.7629452560214334
1,1.125957507770472,0.3459844850077966,0.3459844850077966,0.8762229222789137,0.0,1.0,0.0,0.0,0.0,0.0,-0.5033758552985985,0.18096132028569717,-0.6599499851464974,-0.07447106850130356,-0.6390827893250505,1.0660848252381336
0,2.7288506606175207,6.509375034142205,4.404473038671273,6.509375034142205,1.0,1.0,1.0,0.0,0.0,0.0,0.28601457169458416,1.534295622758806,0.7811996220882234,-0.08939305688470764,1.5160375780769642,0.8902027984585419
1,3.5922735378044415,-0.12572506113338977,-0.12572506113338977,2.4773973338638844,0.0,0.0,1.0,1.0,0.0,1.0,1.0714931095683318,0.0018714804809360497,2.5185176814772445,0.3210805218255323,-0.06721254880295813,-0.4204063473737152
0,-1.3176837307091116,1.8859594557835195,0.6591640920550479,1.8859594557835195,0.0,0.0,0.0,1.0,0.0,1.0,0.2755983333885424,-0.5769433356322778,0.9119846660739117,0.7202603428219136,0.8385846883103172,-0.9613572897671259
1,0.8320856836659876,2.0721946021441067,2.0721946021441067,1.8572215891497736,1.0,0.0,1.0,1.0,1.0,0.0,-1.7271923225805859,-0.7387708665455066,-1.2268530652977245,-0.5505371283196872,0.06688071969961945,0.11354106468548003
0,2.169380339770416,3.8372285110397466,2.9142120544511387,3.8372285110397466,0.0,0.0,0.0,0.0,0.0,0.0,1.674302112314121,0.6148998916524488,0.6803599569580681,0.8764172721124366,-0.33834303587394954,-0.6770210944657129
1,3.0279325170177462,0.9800412732121948,0.9800412732121948,3.1239893409695854,1.0,1.0,1.0,0.0,0.0,1.0,-0.9021003743152114,0.0031927677500169505,0.10535455899936035,0.10225048963270875,-0.11131351255509897,0.6188366688774882
1,4.214731891492664,2.6005587061092963,2.6005587061092963,3.8301295367288932,1.0,1.0,1.0,0.0,0.0,0.0,0.6289949384868165,0.41509102699445116,2.151923566375364,-0.24277694785977244,0.6747414485043337,0.8832489178877427
0,0.327152532092875,2.9045035513008686,1.1534061519739938,2.9045035513008686,1.0,0.0,1.0,0.0,0.0,0.0,-0.7698449719051695,0.11349068871996826,-0.6035076050010444,-1.3499403408907018,-1.5644118868599162,-0.44608436333657475
1,4.291934211311342,2.9578310197775943,2.9578310197775943,3.2441907037928797,0.0,0.0,0.0,0.0,1.0,0.0,1.9366206835724509,1.2030495806949888,0.2954897093364277,-1.2966619773816026,-1.506250448228439,0.06881681297104522
0,4.245343564979123,5.021264032337156,1.3312321405817782,5.021264032337156,0.0,0.0,0.0,0.0,0.0,0.0,1.8339700507941992,1.4317416185784806,-0.11217771073936023,1.9826308038125509,1.102970703713829,0.06396567377684725
0,-0.5115561335705303,1.6291078694970127,1.6605104427967785,1.6291078694970127,1.0,0.0,0.0,0.0,1.0,0.0,-0.3037288439774933,0.6662469641979913,0.8562247250367739,0.8568071991391423,0.9851019522191029,1.5910421939923909
0,2.1563399710471107,3.1659988988342667,0.36781310480154406,3.1659988988342667,1.0,0.0,0.0,0.0,1.0,0.0,0.5016524494386188,0.6492240648040916,0.06795322479239174,-1.826133667793254,1.9617145705702344,0.1736924383681907
1,0.43090357612832375,-1.1997591038659536,-1.1997591038659536,-0.662467632393267,0.0,0.0,0.0,0.0,0.0,0.0,-0.7100380410203831,0.029155161466242793,1.2183307449402236,-0.007119202443938988,-0.26035716918515445,-1.1121775757345547
1,4.059629349939691,3.755716937348438,3.755716937348438,2.749764719945116,1.0,1.0,1.0,1.0,1.0,1.0,0.25584773521423426,0.20220117313053165,2.0271592353447474,1.6879691339337082,0.18891630726806474,1.3077166843166779
1,1.3919951688544345,0.9095461593714314,0.9095461593714314,1.0051513072994418,0.0,1.0,1.0,0.0,1.0,0.0,-0.32919183238858146,-1.9270941293896857,-0.2606379208986707,-1.6886276509350147,1.0747936741071786,-0.3879488452048413
1,3.2988429851490095,1.3700299776952125,1.3700299776952125,4.173806719133043,1.0,1.0,1.0,1.0,0.0,0.0,-1.2237927479824293,0.5372127286643547,0.20551902325435228,1.0498791860001035,-0.01732527696357461,0.23247293829443044
1,2.6337003375598105,0.8696637650870123,0.8696637650870123,2.6398027946306986,0.0,0.0,0.0,1.0,0.0,0.0,0.9162999222108094,-1.1904734298895792,-0.8386961713407208,0.3649752495064399,-1.7215076879254094,0.2991912706680566
1,1.8479809279322166,1.8396680065099498,1.8396680065099498,3.732931753524393,0.0,1.0,0.0,1.0,0.0,0.0,0.751702203112464,0.9627899217967051,1.4321658565680184,1.1883919670649112,-0.5062827825585968,0.4676011621926017
1,1.0829750304807613,0.1446507597814367,0.1446507597814367,0.0560576150496931,0.0,1.0,0.0,0.0,0.0,1.0,-2.032447942093686,-0.2218215255221367,-1.195775987265668,1.4417672489152356,-0.26387236448143564,-0.6368147794709071
0,0.44591512673609707,0.34682593574084264,0.43902792265173235,0.34682593574084264,0.0,1.0,1.0,0.0,0.0,1.0,-1.4689797060601304,0.03368120035543057,-0.5711205609964227,1.0565348539513733,-0.8805467461189873,-0.6595925620067922
1,3.701355684034459,1.1890359751025918,1.1890359751025918,2.8754107110248075,1.0,1.0,1.0,1.0,1.0,0.0,-0.23519695331796922,-1.0382495862254517,-0.6135446484317368,0.0772769455329308,0.12235402342037222,0.018530730690586195
1,3.1529478483055082,2.4424195923958827,2.4424195923958827,3.841548781510278,0.0,1.0,1.0,0.0,0.0,0.0,0.8247448651798939,0.177496320067127,0.2812993922987513,0.3875369591011992,-0.28770784435175023,0.22006403925799417
0,0.89556973084018,3.3627803863710897,0.9973936727127766,3.3627803863710897,0.0,0.0,0.0,1.0,1.0,0.0,-0.690463919928967,1.2497005935697287,1.005681725824238,1.1223400307179656,0.8865928933483938,0.35471156603006004
0,-0.0002454215084267686,-0.7669984186457619,0.9973761103959742,-0.7669984186457619,0.0,0.0,0.0,0.0,1.0,0.0,0.07858234768123265,-0.11559295929939604,0.8740345428525422,0.3559223688744061,-0.7899824766202013,0.0254907671889293
0,-3.2326112281679853,-2.3163232585071336,-2.0660675689624504,-2.3163232585071336,0.0,0.0,0.0,0.0,0.0,0.0,-1.505066544744829,-1.9239282148614671,-1.0710431702170125,-0.571771011878224,-0.06381641912188729,-0.14696075767698635
1,3.4865510029267663,2.4272704354824506,2.4272704354824506,3.4362675534061218,1.0,0.0,0.0,0.0,1.0,0.0,0.48797391794687545,-0.18243749656655248,-0.5542213871095109,0.6180973068383779,-0.13660626364902975,-0.40618497420711636
1,0.783348925002785,0.1475998835630732,0.1475998835630732,1.245483446593548,0.0,0.0,0.0,1.0,0.0,0.0,0.5123970954782842,-0.36522738934043253,0.7021117105225707,0.26233630796314533,1.8428966346655866,-0.3775370969254978
0,1.2557267742590443,1.5652684407734487,1.1831469112773723,1.5652684407734487,1.0,1.0,1.0,1.0,0.0,1.0,-0.05396146976630795,-1.7694240632024432,-0.6248845213601735,0.43275135236060697,-0.8014998029995737,0.2568560775711636
1,6.515270032345397,4.751288226857358,4.751288226857358,6.353168480366074,1.0,1.0,1.0,1.0,0.0,0.0,0.29824147464797074,1.8784891533465353,1.7081324465249341,0.14834130477184873,1.5082490469959644,0.5797697531184309
0,-1.0665476632047315,1.5235535899545645,0.16320436082208112,1.5235535899545645,1.0,0.0,0.0,1.0,0.0,0.0,-1.0806857859368046,0.567156276069227,0.07808504707801539,-0.7633580465801628,-0.10550070831621519,-0.6639859401321904
1,2.4430992077213203,-0.9002672569239569,-0.9002672569239569,0.03835002034250001,0.0,0.0,0.0,0.0,0.0,0.0,0.2724843469311175,0.3247722871398552,0.35279065051108494,-1.1014234325187091,-0.8020463591130887,0.5613294887836804
1,3.514298027469927,2.985029516845097,2.985029516845097,1.1327639540285295,1.0,0.0,0.0,0.0,1.0,1.0,0.5778218395349811,-0.7767694941514316,-0.1497960787361019,-1.7765264231154494,0.20317010539984595,0.913092397596173
0,1.6763917826054555,4.8616102828653425,1.4706556863400384,4.8616102828653425,0.0,0.0,1.0,0.0,0.0,0.0,1.4254786796388772,-0.801674784900174,-1.1005756554356354,0.2506503384914247,1.023688983832212,0.12415665736336381
1,1.156289236608907,-0.03587951632908937,-0.03587951632908937,2.6416637438897004,0.0,0.0,0.0,0.0,1.0,1.0,0.7204589891282075,0.5221610240916778,1.4919093055120518,0.6369720962650175,0.3690485581140739,1.2791974331459688
1,4.9936084700838155,4.455720154370204,4.455720154370204,5.323673589597024,1.0,0.0,1.0,1.0,0.0,1.0,1.4502546135222911,0.35049077426896486,0.26915746239733607,0.2742939930010442,0.4460872562854972,0.6213477695921966
0,-0.2451502705622437,2.39894115529024,-0.8351054825295481,2.39894115529024,0.0,1.0,1.0,0.0,1.0,0.0,-0.3923885151379148,-1.5278422063183368,-0.8586372780199616,-1.767566733322003,0.4304127986515591,-0.7731824121405311
1,2.085786148930083,0.8391348233884018,0.8391348233884018,2.0244958432721645,1.0,0.0,0.0,0.0,0.0,1.0,-0.257560694127475,-0.6792687557675162,0.449784143563444,0.10126737032991512,-0.30557517065006445,-0.5716849016385257
1,2.2043550912164034,-0.2536178955681138,-0.2536178955681138,1.1534836697054829,0.0,0.0,0.0,0.0,1.0,0.0,0.8097150092899362,0.1694599612787768,2.1738908511947015,0.5351039964161989,-0.6604787084645679,-0.3162062309489072
0,0.9930065298224671,4.198600727048529,3.1482851517741928,4.198600727048529,0.0,0.0,1.0,1.0,1.0,0.0,0.9362911984435798,0.18255975267550917,-0.7779319713938676,-0.08612229977897745,-0.6449884674161579,-0.17916722344037841
0,2.4373913403398784,2.168440985817142,2.4834416418091974,2.168440985817142,1.0,1.0,1.0,0.0,1.0,0.0,-0.2977293961439477,-0.2037764850912713,-0.7036835056800617,0.5452430072398895,1.4901941525289517,-1.2276024179685103
0,1.866439615072326,2.9892703528624187,3.604375213877217,2.9892703528624187,1.0,0.0,1.0,1.0,0.0,0.0,0.03550768232355326,-0.38169534687802914,-1.4650497702243368,0.6982991927595816,0.9046742426609289,-0.34566269338454175
1,3.838888359420348,2.965713350731015,2.965713350731015,3.5923998670864714,0.0,0.0,0.0,0.0,1.0,1.0,0.9189538869514267,1.4001197978500353,1.2616395152704571,0.6695855149390795,1.7730186688851002,1.3869794678000653
1,4.772902986653288,3.626600463308011,3.626600463308011,5.537985872713063,1.0,1.0,1.0,1.0,1.0,1.0,0.42572379054645226,-0.28210032431551485,-1.1843446723679572,0.6791794433087219,-0.3410118889400032,-0.636827762363354
1,4.485065426860322,1.7847857549746542,1.7847857549746542,4.502343044429222,1.0,0.0,0.0,0.0,0.0,0.0,0.47663788525863415,-0.5391748456129167,0.07251746041292445,0.13582296225532128,0.7895548760335351,1.0715958779378778
1,1.9282751865892496,0.6854780878788842,0.6854780878788842,2.2929921518085057,0.0,0.0,1.0,0.0,0.0,0.0,-0.14974414336833047,0.2712305681887738,-0.5667807343109437,-1.264258468268272,0.27258456226451067,1.15318846338296
0,1.0352876290541655,-0.1643158400572593,1.9614317575171358,-0.1643158400572593,0.0,0.0,1.0,0.0,1.0,0.0,0.2438837953583723,-0.4044081500625542,-0.80234179872276,0.24099600536307642,-1.5315449051834835,0.2624894104661718
1,-0.9255619661462395,0.19020683852409936,0.19020683852409936,-0.7083881602868385,1.0,1.0,1.0,1.0,1.0,1.0,-2.934488608398426,0.43570444764942334,-0.14466164633715722,-0.20734533589985119,-1.3555565240923109,-0.3337332110344818
1,5.4309587838119135,1.8379585473275655,1.8379585473275655,3.306913686063027,1.0,1.0,1.0,1.0,1.0,0.0,-0.03315135350972502,-0.1494938501692276,0.5365090341041459,0.36920967505950153,0.46493469618364375,-1.0773887877496098
1,6.978211472679269,2.989872618307731,2.989872618307731,6.40149240822488,1.0,0.0,1.0,1.0,0.0,1.0,0.8649668033916521,1.3608679467266123,0.6924971022513245,-0.3968650799008516,0.6268885764123627,-0.5779338464051433
0,3.564765729219613,4.176359395296397,2.985569468077448,4.176359395296397,1.0,0.0,1.0,1.0,0.0,1.0,1.5747298016317834,0.164278432017971,1.5871782968911634,1.3697674929235037,1.0958972406805945,1.561329826216366
1,4.807380027221525,2.8901425149698725,2.8901425149698725,4.06357224252537,0.0,0.0,0.0,0.0,0.0,0.0,0.6274640378289165,0.6780172380220504,-0.009545768990522091,2.0703851887644973,-0.18339815333127235,0.9393890435629819
1,-0.44886549787203456,-0.8981681882103362,-0.8981681882103362,0.7068111970085809,0.0,0.0,0.0,0.0,1.0,0.0,-0.16599316276999332,-1.6485566455702232,0.5545930637209618,0.570147322099964,0.6960211583527589,-0.18416500506222927
0,-2.6009918500550433,0.7767838260622784,-2.107363866122426,0.7767838260622784,1.0,0.0,0.0,0.0,0.0,1.0,-0.52756476537021,-1.2851424378646144,-0.09029062927411831,-1.4097195948220687,-0.3479999409616616,-0.18427890978721978
1,7.208440543101242,4.624828041373302,4.624828041373302,7.225716772014415,1.0,1.0,1.0,1.0,1.0,1.0,1.9319378628068424,0.21785351965069133,1.2177656543584634,0.5350014461799248,0.6457356873003299,1.539952047866687
1,0.41143155144046695,0.5747228117406598,0.5747228117406598,1.5686829900177395,1.0,1.0,0.0,1.0,0.0,1.0,-1.0623383835537792,0.11106010852656328,-0.4904473150478439,-0.1756181872709921,-0.8341524345623916,-1.015726872973123
1,-0.497739332076227,-1.013731991076505,-1.013731991076505,0.21833921891916555,0.0,0.0,0.0,0.0,0.0,1.0,0.06749511476284474,-0.40225973111031965,-0.26163342355582453,-2.154990673775984,-1.1453553321501975,0.6060443037151714
1,0.4647962286591494,-1.0181146555958331,-1.0181146555958331,2.6330458423035283,0.0,0.0,0.0,0.0,0.0,0.0,-0.26701379362050065,0.3320302040784088,-1.6003632546210036,-1.201895987335395,-0.2610644980589767,-0.38652104519521385
0,-0.9441439102023542,-0.04708895465423363,-1.0112946582279276,-0.04708895465423363,0.0,0.0,0.0,0.0,0.0,0.0,0.2144435794625174,-0.2381016982685932,1.425832205696153,-0.44737489963984034,-2.4867012854922104,0.8341477139337433
0,-0.2734180714233379,0.058120575160096055,0.4634844979488762,0.058120575160096055,0.0,1.0,0.0,0.0,0.0,0.0,-0.3071528583294427,-0.8123448557742601,-0.22661866326110383,-1.1152274862620326,0.29863525408575187,-0.34399730340101375
1,3.911862972225898,4.2059303502248575,4.2059303502248575,4.9360152630952445,0.0,1.0,1.0,1.0,0.0,1.0,-0.8708452312765507,1.7378042359392722,-1.538324372208355,-0.1904679516966581,0.2116442964599867,-0.3661452816470242
0,5.3642936263901815,6.242017670291515,2.9654689652540163,6.242017670291515,1.0,1.0,1.0,1.0,1.0,1.0,0.6675760812563486,0.7826840660758837,-0.2343840534872283,1.4728363269257563,-0.6049887986160574,2.214864837003434
0,1.794621776625545,2.1737274689709154,2.0126516140569235,2.1737274689709154,0.0,1.0,0.0,0.0,1.0,1.0,-0.10356324228620327,0.3005146641060514,0.130098755167254,-0.8221328387549504,0.9266696057070501,0.23935689126889434
0,1.5147620458153872,1.923230086806867,-1.1587746633838747,1.923230086806867,1.0,1.0,0.0,1.0,1.0,1.0,-0.5063545799464949,-0.27775564813561676,0.7586627818055215,-0.15003380890932108,-0.7863856307374267,0.4076830333163235
0,-3.3773914593964514,-0.7613768284062035,-2.7815431919143485,-0.7613768284062035,0.0,0.0,0.0,0.0,0.0,0.0,-0.8458430676327708,-1.8278231659430952,0.23892910308172516,0.23723814634574958,-0.419830996703127,0.040481543585944524
0,-1.0542571919476804,0.7088713527767988,-0.31017789750472075,0.7088713527767988,0.0,0.0,0.0,1.0,0.0,0.0,-0.4152983429193591,1.2668020694999256,0.906972529159819,-0.7202428922340809,1.1002767167417673,-0.16386765924202773
0,4.280535609544912,6.051018101792463,2.9686591301931102,6.051018101792463,1.0,1.0,1.0,0.0,0.0,0.0,0.2412576410565245,1.8328477413990183,0.9368073827496375,-0.1653470126008024,-0.07070246819283599,1.007592672058215
1,-1.601324967320998,-1.498394326860443,-1.498394326860443,-0.009273151020606551,0.0,0.0,0.0,1.0,0.0,0.0,-1.8498357389894025,0.143440994641921,-0.22228132318333593,-1.8733316636508786,-0.32489803134382333,0.428162605192743
0,2.5609713682845836,4.275918788227314,2.081075810415849,4.275918788227314,1.0,1.0,1.0,1.0,1.0,1.0,-0.5657097153131354,-0.5499469071515379,-1.944343143878939,0.5603026190790168,-1.203971130171249,0.18352248787400338
1,3.210998564968523,1.8415426261613514,1.8415426261613514,1.4603103932316082,1.0,1.0,1.0,0.0,1.0,1.0,-0.6634154580485191,-0.4968365868815362,1.3999506451213848,1.0071185522029829,1.1814046647522627,-0.3597146737697362
1,2.630718991991777,1.0695206047924448,1.0695206047924448,2.8004136279987377,0.0,0.0,0.0,1.0,0.0,0.0,0.37585860224145407,0.451122768442705,0.41641953621685435,0.10353504576704646,-2.1707333444451233,0.4766156826179887
0,4.437652769214235,6.045762192513127,5.736794482730046,6.045762192513127,1.0,1.0,0.0,1.0,1.0,0.0,0.9186877385221314,0.8391677607377803,0.036878525063749334,1.129394909731086,0.4965198168583305,1.6943572418870854
1,3.817319876722168,3.834838382905734,3.834838382905734,6.315724235000433,0.0,1.0,1.0,1.0,1.0,1.0,1.5625643049017732,0.5399898479568598,0.11623072432927214,0.8738115645550095,-0.2508121793257788,0.4362434109878453
1,2.7178236673017095,1.9392858172043752,1.9392858172043752,1.6938640114754062,0.0,0.0,0.0,0.0,1.0,0.0,0.36973920498902857,-0.19925498578329587,-1.055054674848497,-0.015176039700386834,-0.49457568833595206,-0.5988827675591704
1,5.976360069546027,3.7058835117857827,3.7058835117857827,6.100631437208806,1.0,1.0,0.0,0.0,0.0,1.0,1.326990885811419,0.9368564260567134,0.5772682741812194,1.1308636783999646,0.931506965126943,0.3183844160892175
0,1.1064515165929096,0.6308488865014903,-0.009572403240487734,0.6308488865014903,0.0,0.0,1.0,1.0,1.0,1.0,1.0266781341668183,-1.681737638990469,1.4739728880194432,0.7509975055436496,1.5375428040434356,0.6451440052616512
1,1.6061009755775681,0.01889134436090345,0.01889134436090345,1.9977501848952945,0.0,0.0,0.0,0.0,1.0,0.0,0.12369595225506859,0.8782384105784522,-0.06806332073302421,0.22763644506652944,-0.6575374907763146,0.8220473628627116
1,1.1609248078102286,2.0555811775915607,2.0555811775915607,0.8390179470860872,0.0,1.0,0.0,0.0,1.0,0.0,0.14649137356744782,0.22017978186782178,-0.09682231266977133,1.073655694624374,1.2947053018104866,-0.861695352273976
0,-0.5144350474796628,0.2598701339916756,2.1558384435582774,0.2598701339916756,1.0,1.0,0.0,1.0,1.0,0.0,-0.9921932026519303,-0.36449148941340925,1.2191479247450179,1.2108993024471442,0.789142036287186,0.6480092748205882
0,0.9157943295996882,2.1225861739124685,1.6058102838415769,2.1225861739124685,0.0,0.0,0.0,0.0,0.0,1.0,-0.31063024888897234,0.46567315238235785,-1.6620142703012182,1.3763202158581544,-0.8442195937042347,-0.6562056063995303
0,-0.26801904183212866,0.16333648444287907,0.30306426106331047,0.16333648444287907,0.0,0.0,0.0,0.0,0.0,1.0,-0.2779329865598737,0.8417814106517708,1.0370450547748378,0.8716576672926302,-0.3524862122747028,-0.9296172608149805
1,2.3081736928202776,1.2146848183379908,1.2146848183379908,3.433562100620313,1.0,1.0,0.0,0.0,1.0,0.0,0.056025188562407076,-1.2056740826263947,1.5666354347259621,0.6523982838784882,1.066637360329734,0.974351484257265
1,9.40866799551194,6.161839821992018,6.161839821992018,9.389625744989644,1.0,1.0,1.0,1.0,1.0,1.0,2.153066966191656,2.2238102145376013,2.0205109935674748,3.206759524041998,0.6626013983739407,1.0309801974810888
0,1.1386547390920263,2.9117055755924133,1.561757612665191,2.9117055755924133,1.0,1.0,1.0,1.0,0.0,1.0,-0.9041741795120191,-0.7408344498655016,1.038357442914342,0.04741226640960933,-0.009588267552794738,-1.2924673963776594
1,3.2187875360134623,2.257457647644642,2.257457647644642,3.805618409117042,0.0,0.0,0.0,0.0,1.0,0.0,0.2032374697887281,1.5877968656317396,-0.8336273350462899,-0.9754518717024079,1.289676009747057,-0.9096407922990031
0,-2.4203378791748644,-0.9919772374249693,-0.6199141715328835,-0.9919772374249693,0.0,0.0,0.0,0.0,0.0,0.0,-0.4333390635366379,-0.867560458967132,1.0248769709541927,-0.19756452407286507,-1.3312231455642674,-0.20294304146298686
0,1.7134790777053168,3.9154952439385156,1.0243932285379398,3.9154952439385156,1.0,1.0,1.0,1.0,1.0,1.0,0.6092723223888017,-0.5172332358589988,2.981020113911904,0.7477196988377894,-0.22608000954511775,-0.14623116684076198
0,-1.8118698745059736,-1.8453266821348484,-4.275120762431026,-1.8453266821348484,0.0,1.0,0.0,1.0,0.0,0.0,-1.6435551562478896,-2.1147516403158697,-1.1355114239836621,-0.6001197054343107,-1.362609523296753,0.39736731429814287
0,0.22323885343933525,0.1939891902761759,-0.8151208573104454,0.1939891902761759,0.0,0.0,1.0,1.0,1.0,1.0,-0.3905789288112784,-0.9116752839331937,0.04377816163127335,1.013756966109689,-0.9035355414470678,-0.36424315511291516
0,2.1329087107690894,4.05149724431112,1.796609900928173,4.05149724431112,1.0,1.0,1.0,1.0,1.0,1.0,0.506868216643583,-0.32884956125343556,-0.6870953651738877,0.47435743215088266,-0.15215315114533695,-1.583327052418674
0,3.286406169131669,3.2993631126231624,2.4786983354610226,3.2993631126231624,0.0,1.0,0.0,1.0,1.0,0.0,1.1598075497684333,0.34172056875180046,-0.11656765731610154,0.078350541475776,-0.028036575941440947,0.13180284622544375
1,1.511063906070199,0.03368067401307817,0.03368067401307817,3.3396831675829945,0.0,1.0,1.0,0.0,0.0,0.0,0.47916118894116366,-0.8730450183734102,0.5221169806427007,0.3731251460593524,0.5526934662758995,0.6549568862259456
1,1.3053887965725948,0.6407454855527916,0.6407454855527916,1.4516858089858922,0.0,1.0,0.0,1.0,0.0,0.0,0.7299557055468705,-0.6799221460835985,-0.377390335727428,-0.7805760019137619,0.814743664426915,-0.022377259324843232
0,1.0392691094212854,1.2373790955143065,0.7499135830996511,1.2373790955143065,1.0,0.0,0.0,1.0,0.0,0.0,-0.34397303557408376,-0.0093246989230647,-0.39197532921333433,-0.5302437020375255,0.1821053731027637,-0.6605315950772273
0,0.16586256322102455,1.5911623271342126,-0.7317219344321034,1.5911623271342126,0.0,1.0,0.0,0.0,0.0,1.0,-0.7102585204301676,0.48073534829835696,0.08275556516567922,1.379336169906534,-0.07737834477147786,-0.4961302266295924
1,4.18000654475101,1.1724058241563249,1.1724058241563249,1.0894034182386534,0.0,0.0,0.0,0.0,0.0,1.0,1.2723959903827584,0.42043167190673525,-0.5333548090138802,0.4804570359309666,0.37737236485168113,0.05968840091776853
1,4.780653508916338,3.3402587791217306,3.3402587791217306,6.262527569224135,1.0,0.0,1.0,0.0,1.0,0.0,2.1798957020538285,-0.2658545854039116,0.36676045481982533,0.0757170036148384,-1.5492515877860649,1.1351584898415112
1,3.9649669128254317,0.5943490675609764,0.5943490675609764,1.6488236600798074,1.0,1.0,0.0,0.0,0.0,1.0,-0.2014476678120994,1.0772185599108988,0.9659280783725261,-0.6448931047298423,-0.10926757116177166,1.3843454204913141
1,3.99970957588436,1.9037208613658223,1.9037208613658223,3.035627106233777,1.0,0.0,1.0,1.0,1.0,1.0,-0.025685907591929524,-0.4631248776325781,-2.2780161871063522,-0.4354067583911195,-0.9742166598477342,-0.21092423540515703
1,6.002060760321635,5.230573700348911,5.230573700348911,4.627128521440741,1.0,1.0,1.0,1.0,0.0,1.0,0.4106585355180162,0.5397413369094785,0.12030579243298953,-0.0986293417264586,-0.5405943766392225,-0.007629770236127912
1,1.6693399009907584,-0.12917641045001138,-0.12917641045001138,0.7811987554191175,0.0,0.0,1.0,1.0,0.0,0.0,-0.5910059696915662,-0.301208165120293,0.25647597074637235,0.4380396215052624,1.5515049452919283,0.7322101408386892
0,1.15744525319337,3.832126052012912,2.0390612819873852,3.832126052012912,1.0,0.0,0.0,0.0,0.0,1.0,-0.3335877256832729,1.3240486018736113,-0.8525394740651648,-0.1526243418488522,-0.3205355334637346,-2.2785438486024425
1,1.7910008320856083,0.12719595408643983,0.12719595408643983,1.6203717197690621,0.0,1.0,1.0,1.0,1.0,1.0,-0.13613246342055188,-1.0677462913444782,0.9037814837377341,-0.9790243574865358,0.9784376240702317,0.9980426079703768
0,3.750236255629365,5.904145297711506,5.472724108648706,5.904145297711506,1.0,1.0,1.0,1.0,1.0,1.0,1.2534567785008575,0.9321606814525444,1.3785670624962332,-0.34449071931936864,0.7407719229718037,1.1575513478737722
1,4.060648729135455,2.8572182080640873,2.8572182080640873,3.4524344974479177,0.0,1.0,0.0,1.0,1.0,0.0,0.7598299446283002,1.2384550651695498,1.41093058790912,0.005864429813966834,-0.26953012720431024,0.9231115743559881
0,0.10123916658910087,2.587920580701965,-1.6421819546641494,2.587920580701965,1.0,1.0,0.0,1.0,1.0,1.0,-0.7520863748403632,-1.7856468428377599,-0.800729229498708,-0.5516824205939075,-0.6304100294080761,-0.8170043382519697
1,7.2397139364800145,3.0139045681799415,3.0139045681799415,5.551759361344698,1.0,0.0,0.0,1.0,1.0,1.0,2.0039427536421286,-1.4125134396940713,-1.6592981864340284,0.1416662529492887,0.03668728873311222,1.3909763073302785
1,0.8988320465967345,2.3215323149468383,2.3215323149468383,3.5656064504743634,1.0,1.0,1.0,1.0,1.0,1.0,-1.7400102815924932,0.14307249217149742,-2.5746510544351926,-2.6297710719134653,-2.299882035218634,-0.7496034550768211
1,4.691128394841647,2.471936405484419,2.471936405484419,6.90287023932636,1.0,1.0,1.0,1.0,1.0,1.0,0.00877625161144024,-0.3116936152019408,-1.235941459494314,1.8187665365373684,0.8224286865785242,0.6254106654237604
0,2.090297403240569,4.342953095158222,3.6788071530925714,4.342953095158222,1.0,1.0,1.0,1.0,1.0,1.0,0.009813482623479676,-0.06420831648787684,-0.4586205136993966,0.9105128533010545,-2.5984785115471167,-2.1041745957405964
1,-1.7745530310615165,-2.184581373344428,-2.184581373344428,0.1651223584101129,0.0,0.0,0.0,1.0,0.0,1.0,-1.322892420541309,-0.6148292438870266,0.14047976907731546,0.6728387848394551,0.5245938437139172,0.1646550927425379
1,7.101455945122224,5.7413376363732835,5.7413376363732835,3.861916944839113,1.0,1.0,1.0,1.0,1.0,0.0,0.7870231144313321,0.764505286873589,-0.9428802585681959,1.2808246639373717,-0.8494058260682495,1.8441066427602717
1,2.7606479698308215,2.374347364859837,2.374347364859837,2.561913244734181,1.0,1.0,1.0,0.0,1.0,1.0,1.0527125041551606,-0.7598218172096359,1.9518471815142144,0.07241359816285625,0.007690900924162358,3.008857859338753
1,6.8370458339262825,3.269793117951899,3.269793117951899,5.276582158207927,0.0,0.0,1.0,1.0,0.0,1.0,1.7221450118711412,1.4943552292399567,1.357654047293149,1.721291384208046,0.6952238322688629,2.1805605050710586
0,-2.1157649708023447,-0.6457104815104846,-0.6147913162746704,-0.6457104815104846,0.0,0.0,1.0,0.0,1.0,0.0,-0.6551848485268925,-0.22847588198039837,0.22256643743476012,-1.5910908065451121,-1.9992650831336578,-1.3155604916677424
1,1.6031820830170176,0.6970217928768088,0.6970217928768088,5.079139583033561,1.0,1.0,1.0,0.0,1.0,1.0,-0.19465186934244091,-1.2342477783448027,-0.9855246657369685,-0.9497616156520384,-1.5045555191941202,-1.23416190126699
1,2.3536795091342966,3.1712387066126144,3.1712387066126144,5.062264273379968,1.0,0.0,0.0,1.0,1.0,1.0,0.3400988699852835,1.5275710801140931,1.6749211467785052,0.3543439637125815,-0.09227085266228263,2.9315990309096085
1,3.6469937739519622,0.38232119454168023,0.38232119454168023,2.2415877052738167,0.0,0.0,0.0,0.0,0.0,0.0,0.1040563849710018,0.7715029467839415,-0.36744310647903455,0.8689783703085425,1.0753119902071895,-2.1079412543430043
1,4.651446030676925,4.556441198368793,4.556441198368793,4.807920648538839,0.0,1.0,0.0,0.0,0.0,0.0,2.2458734420315203,0.5069115380624055,-0.025902619311485187,-0.023229174847147552,0.14723305666060582,0.4425145055828961
0,2.185948301400776,3.8230956898894304,2.9473580531912,3.8230956898894304,1.0,1.0,1.0,1.0,1.0,1.0,-0.6728143937079807,1.5288259920686134,1.0027306451286455,1.4192355146595135,-0.2947342265720473,0.6193068488640849
1,5.133171658146554,2.61629616320677,2.61629616320677,4.909215555893475,1.0,1.0,0.0,0.0,1.0,0.0,0.30019941902959246,0.3302892855518182,0.4434957614928643,-0.3607755868380702,0.9170792434526015,0.2131986304323766
0,0.868719686163909,0.9371132098962951,0.14478606698707172,0.9371132098962951,1.0,1.0,1.0,0.0,1.0,0.0,-1.2202492605801534,-0.9896801506860914,-0.2645550638355117,-0.22306169210322205,-1.4007216630392305,-0.030248904379929997
1,-2.107816810482793,-1.5257650705189163,-1.5257650705189163,-2.5092023023128007,0.0,0.0,0.0,0.0,0.0,0.0,-0.9748816134046461,0.25098556737411803,0.9760188826703158,-0.0590017049466489,-0.713172211212449,1.6310963135932013
1,5.094575142670367,3.783270676295443,3.783270676295443,5.605708187550079,1.0,0.0,1.0,1.0,0.0,0.0,1.0546421072161134,0.747237448545035,0.05166517815273286,2.416920296587011,0.31647746189628323,2.1937425087654763
1,0.5552175367947942,0.3377124495067668,0.3377124495067668,-0.8248627707512952,1.0,0.0,0.0,0.0,1.0,0.0,-1.1279484564773825,0.3786261212888363,-0.33924028556617714,-0.3501463768100711,-0.3501261914442265,-1.1194196228097368
1,0.8215918131863821,-0.008669341523121266,-0.008669341523121266,0.2830823413286425,0.0,0.0,1.0,0.0,0.0,0.0,-0.006663466965302347,-0.2827595776749419,1.1310227564731359,-1.146075039558272,-1.7957509339464857,0.1718175157753928
1,2.687342138224154,2.87877976376267,2.87877976376267,3.331446689291772,0.0,1.0,0.0,1.0,0.0,1.0,0.7635603042365939,1.5533925972988563,1.4455207669538939,0.9072812484975159,0.10109985491266948,-0.9537130447561273
0,-0.26842847919338586,1.4186374378757274,0.049966897051374304,1.4186374378757274,1.0,0.0,1.0,0.0,1.0,1.0,-1.0712578602856004,0.23178969253591675,-1.2017097082125197,-3.0893629240573905,0.8404721208926156,-1.47306585059907
1,4.890642524894038,2.2420933260444142,2.2420933260444142,4.7310218779817905,0.0,0.0,0.0,0.0,0.0,0.0,-0.19194566832480506,1.3497324669527693,-1.2044924618761634,0.40266021804595964,0.19066477342590005,0.7333475661249337
1,3.4641017428061036,-0.7195939464932215,-0.7195939464932215,1.815688357816489,1.0,1.0,1.0,1.0,0.0,1.0,-0.41691255879687084,-1.306877401102955,-1.1056122454014412,-1.4930684528907938,-0.11930838669857524,-0.4964954734640591
0,1.2371080912971364,3.891281711841856,4.542433591764092,3.891281711841856,0.0,1.0,0.0,0.0,1.0,0.0,-0.2892303033072427,1.3301349891553558,-1.587479103033157,0.345826647024137,-0.8957763858561849,-0.48369940011569984
0,0.01872299454896209,4.195607515965175,0.3133114987767259,4.195607515965175,1.0,1.0,0.0,0.0,1.0,0.0,-1.1362961353600762,-0.7080025856696415,-1.2259189483773612,0.5034904885247421,-0.72715669345801,0.3851832521248737
1,0.6765049762047382,0.02492532370796985,0.02492532370796985,2.494390019949251,1.0,1.0,1.0,1.0,0.0,0.0,-1.3704057391185869,-0.5807563376357232,-0.03624888931151629,-1.1164503515807918,-0.26134722236329183,-0.5393113878524505
0,-0.254523498437119,-1.0985042233980946,0.9746969610739431,-1.0985042233980946,1.0,1.0,1.0,1.0,0.0,1.0,-2.168016123732134,-1.30930733133042,-1.5781703106368896,-0.5913518551102893,-0.5763007751694507,-1.206198242705988
1,1.2955514529039327,-0.5993433212368682,-0.5993433212368682,-0.6446776665331535,1.0,1.0,1.0,0.0,0.0,1.0,-1.6431115064818718,-0.41070270391844266,-0.6122166368290918,-1.0395727670543065,-0.9608847755411676,0.42734614732317516
0,1.391827250307236,2.5734292029382466,1.8246521329313694,2.5734292029382466,0.0,1.0,1.0,0.0,0.0,1.0,0.7145103084929154,0.6057584373698396,0.7434892465001159,0.18806113016755796,-0.022124851510952337,1.0247337310012983
1,1.2772562935899807,2.889842503734301,2.889842503734301,1.7754532030508734,0.0,0.0,0.0,0.0,1.0,1.0,0.4381001618935712,0.3137026713637729,-0.03085524866923535,0.5360356480162327,-1.9446223199545836,1.651780343939262
0,2.095750364923672,3.3859688403632364,1.6876718310967769,3.3859688403632364,1.0,1.0,1.0,1.0,1.0,1.0,-0.03332574542506592,-0.7985126294602977,0.44345109787873105,0.6830557665772393,-0.03764296865164772,-0.15711359069105768
1,4.537104553834186,1.9549374462234579,1.9549374462234579,3.2782030283664514,1.0,0.0,1.0,0.0,0.0,0.0,-0.30348275017208964,1.4082821281640276,-0.8299135418133713,0.15607404993476404,0.7877036242484823,-0.986026472099057
0,1.5358198274962773,2.888569052953811,0.8692888656480019,2.888569052953811,0.0,1.0,0.0,1.0,0.0,0.0,0.1823862670071642,0.9589617522649827,1.161993551332123,0.8138652657549367,1.9532180147769043,0.6234844153913833
1,2.4011108638976006,-0.5509909592334657,-0.5509909592334657,0.6375128129757375,0.0,0.0,0.0,1.0,0.0,0.0,0.42211544376093185,-0.25713010440149936,0.19109844017555727,-0.05106788980627802,-1.5558072416970345,-0.146573427846644
1,1.6226498859055407,0.2840198812509551,0.2840198812509551,2.8899402692470133,1.0,0.0,1.0,0.0,0.0,0.0,-0.5855436728156014,-0.2246491970835217,-2.201458753276894,-0.6745353634282736,-1.4797926060461397,-0.5376714015659086
0,2.8773553433659567,6.048492217913321,3.1450190139639407,6.048492217913321,0.0,1.0,0.0,1.0,1.0,0.0,1.8057914012214185,1.373887434038056,0.5399532994751145,-0.007241933932753741,-0.24337727402772724,0.6218411509695393
0,0.22032183498404878,1.28240940501657,1.346840489269744,1.28240940501657,0.0,1.0,1.0,0.0,0.0,1.0,-1.2645637447461522,0.6604984111443691,0.15234070701467428,1.265048234243542,-1.1239726933942293,-0.12733803727489593
1,3.4714379483153612,3.2555754829244536,3.2555754829244536,4.454538689564561,1.0,1.0,1.0,1.0,1.0,1.0,0.5825435259674959,-0.8013965504738619,1.9011079996561095,1.3371846634742084,2.059139122237083,-0.08824648196199547
0,1.1032630564444013,-0.6384139552957457,-0.5969813000835537,-0.6384139552957457,0.0,1.0,1.0,0.0,0.0,1.0,-0.21184001640319788,-1.558807790426341,0.6993919661744903,0.03617199443394581,-1.1133822662608746,-0.3397756708848866
0,1.392490848304798,0.6956139924156965,0.19609204929819168,0.6956139924156965,1.0,0.0,1.0,1.0,0.0,1.0,-1.0065847917656314,-1.141277788277808,-0.3104043438112799,-0.32032553901973737,0.3123875993636295,-1.610910576294851
0,-0.7679043551093321,1.57723966871374,-0.6131122874963435,1.57723966871374,0.0,1.0,0.0,0.0,0.0,1.0,-0.09345549677392528,-0.809089277612314,0.520025752914682,-2.0368661270136648,0.9746820686598838,0.14366704140926576
0,-2.484993838034962,0.1986682043400526,-1.35923253705995,0.1986682043400526,1.0,0.0,0.0,0.0,1.0,0.0,-1.677197832619296,-1.7311735863936364,-0.35231707169800697,-0.32310088312985,-0.4524739940272657,-0.9518263617699136
1,2.07829635257196,1.7269775733579886,1.7269775733579886,1.7286730778440853,0.0,0.0,1.0,1.0,1.0,0.0,-0.44139796567952494,0.11054641678034632,0.11346913483333082,0.9134063519121571,0.31582052367567076,1.0208527049633584
0,-1.2201121701941666,0.13364133101631626,-0.2899759162762402,0.13364133101631626,0.0,1.0,0.0,0.0,0.0,1.0,-0.26887472802713897,-1.398970433427831,0.19149337721840176,1.1202815078721247,0.01545760999773097,0.7420762191787202
0,-2.759832271234849,-0.5436766664008652,0.7432034175993782,-0.5436766664008652,0.0,0.0,1.0,1.0,0.0,1.0,-1.221092638818797,-1.4480540269528297,-0.6299518105228809,0.05005523800913797,-1.1531700148145356,-1.4262195221163165
1,4.320248827917094,-1.2481941817224027,-1.2481941817224027,4.011575919965112,0.0,1.0,0.0,0.0,1.0,1.0,1.3335221627818061,-0.23268275637360025,0.447696130482896,0.0007218290650524151,0.7578957324981199,-0.655851443423967
0,5.676715666355702,7.155263337285829,5.287912269779657,7.155263337285829,0.0,1.0,1.0,1.0,1.0,1.0,2.2775028132803667,1.728037751682223,0.10381076886830976,-0.12843835067462078,1.0461297261314066,1.176243787714887
1,2.9071205809989915,1.7567034563898825,1.7567034563898825,4.184625245491713,0.0,0.0,1.0,0.0,1.0,0.0,0.08553654461220263,0.7924979496580509,0.2980755118674352,0.5940942489147195,0.19790008666090647,0.6569111311734512
1,6.977029868393414,4.4293509478613915,4.4293509478613915,6.18533493572357,1.0,1.0,1.0,1.0,1.0,1.0,1.069538310065553,0.8084039522978366,1.0427958386814697,-0.24095169118728424,-0.6773981961889428,2.176054334424035
0,-0.537367740276142,1.3301238997808356,1.417997209857996,1.3301238997808356,0.0,0.0,1.0,0.0,0.0,0.0,-0.351880944998732,-0.556788640563385,-0.9896212544504639,-0.4814281221150909,-0.7737923577184187,0.12392065816418407
0,1.369178932751372,0.591529515531086,-0.6570551035440425,0.591529515531086,0.0,1.0,1.0,1.0,0.0,0.0,-0.6519043255605134,-0.09780537560919089,-0.03692382040351139,0.39045219300595924,0.6115134067931243,1.159769437356403
0,2.236601350629111,4.181594952971368,2.7317962808610337,4.181594952971368,0.0,1.0,1.0,1.0,1.0,1.0,0.20564900156742222,1.71519143349704,0.5455585364863176,-0.567203401533524,0.5271286848140531,-0.2303283218727329
1,-1.1029017288091927,-2.7320800286612394,-2.7320800286612394,-0.5284964517889474,1.0,1.0,1.0,1.0,1.0,1.0,-2.3623253359883742,-1.6381819270333575,-1.4119410072029586,-3.000615256564463,-1.9927828405856278,-1.2185344725791778
1,-1.9935391884406024,-0.41943643425176025,-0.41943643425176025,-0.3125323607836866,0.0,0.0,0.0,0.0,0.0,1.0,-1.1349346699620242,-0.16937833694473914,0.5840150764905232,0.06553814319815941,-0.7138582664737516,0.650900128028063
0,1.1834390666468864,0.10714037343078797,1.8197940350057873,0.10714037343078797,0.0,1.0,0.0,0.0,1.0,1.0,-0.6454015186505521,0.1709133508079284,1.2362044203617175,2.2271804186515007,-0.4916181850313593,-0.09907922622721566
0,1.3427198493792147,2.6194493063008637,0.9744231047691151,2.6194493063008637,1.0,0.0,0.0,0.0,1.0,0.0,-0.2597031669628407,0.4593360330789141,0.16403904860333843,0.9146458747412707,0.054755314679149014,0.4134359101037061
0,1.4805707938936092,2.9687424068049197,1.1589388209166196,2.9687424068049197,1.0,0.0,1.0,1.0,0.0,0.0,-0.37013180312243377,0.7414860112775876,0.06389692111126849,-0.23167755356863334,0.11240144702259122,0.32367029999593533
1,1.9310355305390128,1.6317508245297154,1.6317508245297154,1.341427203934885,0.0,0.0,0.0,0.0,1.0,0.0,0.9750613597937574,0.392730294298946,2.020411771763256,0.7702087113507119,1.6281185089758967,-0.2659823541158961
0,0.17767326817812257,-1.4308799472797546,-0.8939192127696052,-1.4308799472797546,0.0,1.0,1.0,0.0,1.0,0.0,-2.3697532452019576,0.4017910923333686,0.4147964490283804,-1.9402906773870723,0.24373179640744658,-1.2306368584000884
1,2.463996361285832,-0.6101513750779188,-0.6101513750779188,2.0213866670293097,0.0,0.0,0.0,0.0,1.0,0.0,0.35522886806297965,-0.12511655457063084,-0.7118251441613003,-0.9617919731899914,-0.13599577240439323,0.2990110814473288
0,1.8779112800180642,4.191462951205828,2.929437549567802,4.191462951205828,0.0,1.0,0.0,0.0,1.0,0.0,0.950804611584222,0.28394054445968786,-0.3807351269856717,0.3362059101636513,0.10109536620041408,0.048771277747798394
1,-0.0358636703180395,-0.724246257991099,-0.724246257991099,0.6725931328659416,0.0,0.0,0.0,0.0,0.0,0.0,-1.7965983096575473,0.20439437181115183,0.10746122171977598,0.16945644613290642,-0.730716937634229,0.06788643553309705
1,1.256046925818819,-0.18231068113905857,-0.18231068113905857,1.8302428994022921,0.0,0.0,0.0,0.0,0.0,1.0,0.838063318071422,0.03621241519222823,0.9059810146086911,-0.44858398216507744,1.1543823203344066,0.9594560458045358
1,1.0435716993035804,-1.4700428936522505,-1.4700428936522505,-1.3142547323262699,1.0,1.0,0.0,1.0,1.0,1.0,-1.1064464100626554,-0.5506624824852351,1.940931508311436,1.1138170871571291,-0.6230914102572158,1.0106938104068388
1,7.10663084848515,2.7358861168158364,2.7358861168158364,5.386823785567901,1.0,0.0,1.0,0.0,1.0,1.0,1.7000096257158996,-0.03133446150441188,1.1490691555475234,0.714497603695447,0.33589983765799714,1.5797354237845154
1,3.6421397202685086,3.3708688067598915,3.3708688067598915,2.297181565318778,0.0,1.0,0.0,0.0,1.0,1.0,0.894973011279423,0.48239251484501244,-0.23561538093094464,-1.5496145033991926,-0.7330888109248828,0.47491557276761864
1,3.8437148747765875,1.9380519840504657,1.9380519840504657,1.7746326615157435,1.0,1.0,0.0,1.0,1.0,1.0,0.008252477777013783,0.2811750948998465,-0.1910271081317974,-0.49581452544443644,-2.0943332179845826,-0.4323332253792669
1,4.178620173510988,2.2332515743485994,2.2332515743485994,3.8329321926779616,1.0,0.0,1.0,1.0,0.0,1.0,1.0137214843235918,0.1858965786844181,1.7346422771209355,1.3132713678042145,-0.20934901158023966,1.07549643880178
1,2.5594958936856393,2.2351074220325557,2.2351074220325557,2.649735689084493,1.0,1.0,0.0,1.0,0.0,0.0,-0.16920125331153926,-0.1847474424038693,1.4336268866605986,0.8487717115686417,0.8133884646934193,-0.36577721689563425
1,2.8757559984323757,1.5682136288448616,1.5682136288448616,3.8375869827497997,0.0,0.0,0.0,0.0,0.0,0.0,1.5017715613614788,0.5888627719996755,1.2175526357970454,0.17729539777478065,0.8640473753316897,-0.4018923131856218
0,2.4222601933359544,3.3126720539812577,1.1313251386915137,3.3126720539812577,0.0,1.0,1.0,1.0,1.0,0.0,0.24195217910480799,1.1164937147075293,1.4106186986329443,1.1309704512056573,1.2078570393418766,-0.8171946805632533
1,3.6859347037859185,1.792787399439866,1.792787399439866,2.729401395944366,0.0,1.0,0.0,1.0,1.0,1.0,0.516592461477787,0.5987288304455456,0.08387524728214957,0.9658180383536443,1.5441216497640622,1.0310796711293218
0,-1.7520681408057133,0.3822439210166949,-2.3842649111750918,0.3822439210166949,0.0,0.0,1.0,0.0,0.0,0.0,-0.868323641286117,-1.267030545208044,-0.08290807634625641,-0.8689698666468537,-0.2417424304338968,0.7758902630635187
1,5.242076426872466,2.5279202838010844,2.5279202838010844,4.479510153002951,1.0,1.0,0.0,0.0,1.0,1.0,0.7510470142296436,0.5275659989511242,0.8117126416425181,0.7983837260032971,0.11510139300109601,1.6905150558880864
1,0.4855680972970031,0.2520386611510672,0.2520386611510672,-2.17957518417444,0.0,1.0,0.0,0.0,0.0,1.0,-1.6105037868894858,-0.31978780986148403,-0.5348600883691716,-0.9548419626232226,-0.02005309422345325,-0.6979314522489128
1,1.6296147828354661,-0.4918103385381789,-0.4918103385381789,1.58251665066072,1.0,0.0,1.0,1.0,0.0,1.0,-0.36530884340195247,-0.44651644148348857,-0.5011365534833618,-0.6427724741317344,-1.073889273271349,-1.1180289332040987
0,-0.27125191094648793,1.8489753117414605,0.0550059243003479,1.8489753117414605,1.0,1.0,0.0,0.0,1.0,0.0,-1.151038741916404,-0.8541269733065924,-0.7122946666616359,1.2087595345369015,-1.0787129425745348,-0.7904104429154604
1,2.677054727003234,2.2108662232754246,2.2108662232754246,3.2288508888569663,1.0,0.0,0.0,0.0,0.0,1.0,0.6433433405344415,-0.10376738743543806,-0.7307328391486876,0.8321153811024637,-0.049638783324321645,-1.475934924044497
0,4.607231562344579,6.841290837519022,3.358522763048681,6.841290837519022,1.0,1.0,0.0,0.0,1.0,1.0,0.893432550827157,-0.006529341416956491,-0.9406800498640282,2.967911788061578,-0.5459967278272484,2.3288995279670015
1,5.724696184267197,4.052643141289877,4.052643141289877,4.41952208870792,1.0,1.0,1.0,0.0,1.0,0.0,0.042039990066204215,0.6152808411064604,-1.1299876265657205,1.9539758779090874,0.7315370895719895,0.8934369496670239
1,1.90333371219728,1.2386165328298162,1.2386165328298162,2.3023207406851927,1.0,0.0,1.0,0.0,0.0,0.0,-0.039834106491447176,-1.3925184039439442,-1.099346774367799,-1.1387903358366667,-1.3682823779416977,-0.17392456218859875
0,-2.0628480357594383,-0.9803158225193275,-2.756143069469646,-0.9803158225193275,0.0,0.0,0.0,0.0,0.0,1.0,-2.027170580359206,-1.4520727514765455,-1.0365010773250736,-0.11610426570684929,0.6032171350245961,-1.324542090781705
0,1.426253379839576,0.7829043889319838,1.1283323286847995,0.7829043889319838,0.0,1.0,0.0,0.0,1.0,1.0,-0.3268932151309203,0.5901586336947067,0.7259856406593002,1.2449220494657685,-0.12136464897308186,2.2542666641897773
1,1.3258557724363005,1.1918239144283507,1.1918239144283507,4.20432567913043,1.0,1.0,1.0,1.0,0.0,1.0,-0.4789096394919826,-0.038613734505559855,1.030265880477235,-1.4071828483435602,0.7388471179036713,0.6169072642214999
0,-1.1963491754474391,-2.034809343535853,-1.4267847945455276,-2.034809343535853,0.0,0.0,0.0,0.0,1.0,0.0,-0.7409862034090811,-1.344136633884198,-0.39619492173692217,-0.2951944994763442,-0.7006598953718666,-1.767433327188527
1,3.065689784881926,1.1632514309983577,1.1632514309983577,3.570177150656634,0.0,1.0,0.0,1.0,0.0,1.0,0.746833816936469,0.6835275560759324,1.0800723262125773,1.0158107331460764,0.8099376425441659,0.9207958632413302
0,1.1898167104858115,1.775953368118032,-1.2047854558171645,1.775953368118032,0.0,0.0,0.0,1.0,0.0,1.0,-0.9888940618217943,1.2248296084994552,-0.5934777004440905,0.2696329563654667,-0.5457546014581176,0.5293350529907322
1,1.5829190197334995,2.938703665645849,2.938703665645849,3.5252165782238194,1.0,0.0,0.0,0.0,0.0,0.0,0.19804502281019534,0.35495386436574083,-2.073305475204159,-0.8894197982164486,-1.3630606755099641,-1.2192144699112897
0,1.1794319077911812,4.171597579129265,1.9552728818741851,4.171597579129265,0.0,0.0,0.0,1.0,0.0,0.0,1.6077850204230955,0.2986805268368042,-1.039000480202434,0.6434445030426984,1.2720949928132412,-0.7998252225772475
1,3.3207538068028706,2.3557824260562596,2.3557824260562596,3.038286085268296,1.0,1.0,0.0,1.0,1.0,1.0,-0.29864677555728963,-0.3977059088718083,0.23064199249491607,-1.3433854390124695,0.38908719113015594,0.6416757517810192
1,3.1972330401373505,2.782808264481466,2.782808264481466,2.1863743840653767,1.0,1.0,0.0,0.0,0.0,0.0,1.3585269886638198,-0.26360624166192703,1.5451682491151622,0.2869369323356129,-1.38434755885116,-0.172314210350823
1,5.27626445421824,0.6509875183309526,0.6509875183309526,4.228870076228009,0.0,0.0,0.0,1.0,1.0,0.0,-0.05665417969492779,2.007659622185316,0.022484292865148775,2.2775021022615958,0.49647067810780354,0.6796336044797667
0,0.177993350592719,2.160812014473184,0.7163137167484591,2.160812014473184,1.0,0.0,1.0,0.0,1.0,0.0,-0.500922061080572,-1.236829007808589,-1.5843400742120886,-0.881392823329351,-0.7334742991143806,-1.996043638078696
1,4.665550159248591,0.5097285681097712,0.5097285681097712,4.735681969264403,1.0,0.0,1.0,1.0,0.0,0.0,0.7036821126239311,0.31563697646586575,1.0969560148769126,0.24313415746374373,0.11949008011315032,1.0498074095480783
0,0.43943103217177215,1.415108741838303,0.8706316235734183,1.415108741838303,1.0,1.0,1.0,0.0,0.0,0.0,-1.0458787041553892,0.15997252231657094,0.6439368430066404,0.6288315681174962,-0.5682234178287323,-0.2687836568119174
0,-0.0016901162268605496,-0.32965935676857305,-0.33373783785806665,-0.32965935676857305,0.0,0.0,1.0,0.0,1.0,0.0,-0.7166819740203476,-1.8985582542224388,-2.4585454180044275,-0.5213500345841273,-1.824057211487245,-1.3808873500565
1,2.293547824636409,3.845340375532877,3.845340375532877,5.352654754438488,0.0,1.0,1.0,1.0,1.0,1.0,0.28969177401746077,0.5585595371413712,-1.588112965561765,-0.31145463340215196,0.806191042741258,-0.9072476005303947
1,3.4428653048333597,1.926231488366167,1.926231488366167,4.037468218481208,0.0,0.0,1.0,0.0,0.0,0.0,0.37986885248310104,1.787633348708281,1.4512064029505525,1.0169518967770674,1.5532551590222203,0.27584263556039246
1,1.9662534359233677,0.28272167376184076,0.28272167376184076,1.1073872600341053,1.0,1.0,1.0,0.0,1.0,0.0,-0.6561563389162293,0.7818317387664059,1.6429592702237226,-0.2159668457978694,0.8094813358987208,-0.18780045578197324
1,4.235401199002653,3.415889225521889,3.415889225521889,5.067203484125825,1.0,1.0,1.0,0.0,0.0,1.0,-0.9754073182594375,1.3573868133472355,-1.796131837558439,1.7901979469052436,-0.7494878615820252,-1.3153897281890752
1,4.947218302609368,-0.2205526772944959,-0.2205526772944959,3.0635450717025376,1.0,1.0,0.0,0.0,1.0,0.0,0.12501763950195444,-0.1107245253313407,1.049871845924846,1.1860468688427555,0.26155869303602286,2.549662573845999
1,5.852577705605957,2.008656815851771,2.008656815851771,4.21699792841231,0.0,1.0,1.0,1.0,1.0,0.0,1.2569322226577582,1.5593290605819607,0.864715868261587,-0.919859287671444,0.754280234255276,0.40656932724878336
1,-0.2700594094107118,-2.8634976573107176,-2.8634976573107176,-0.3792953690433931,0.0,0.0,0.0,0.0,0.0,1.0,-0.3274216393790377,-1.7289147090995214,0.8733418922873254,0.25161490572352224,-0.40152638784986083,0.21438557020816887
1,2.717378690085675,1.2497673012869364,1.2497673012869364,1.7910939334052527,1.0,0.0,1.0,1.0,1.0,1.0,-0.9252444679627274,-1.016437259058193,-2.5425348012748477,-1.012115842469294,-0.3807506504437055,-1.0726117654300131
1,-0.13083529484718892,-1.6812217932831253,-1.6812217932831253,1.250534584127819,1.0,0.0,0.0,0.0,0.0,0.0,-0.6000985614391441,-0.6057343564939501,0.32114567386956216,-1.422307926577583,-0.7735956651768072,-0.07210998095612703
1,3.3054950939440406,1.142923503171048,1.142923503171048,1.8525525504233795,0.0,1.0,0.0,1.0,1.0,0.0,0.46143923036025636,-0.25935190248906803,-1.2799203091346074,-0.7754741838884014,0.9063579571717144,0.4560989051903302
0,-0.03062801081848532,4.193996614770361,0.9883918537815473,4.193996614770361,0.0,0.0,1.0,0.0,0.0,1.0,0.1657066802328846,-0.035171372390061795,-1.352470512323528,-0.720231631731022,-0.3012207230136165,-0.05692786372707709
1,0.8818292049222765,1.5673706811531098,1.5673706811531098,1.9092043990316703,0.0,1.0,1.0,0.0,1.0,1.0,0.4967053633891286,-0.7903293562477703,0.7387778177773474,0.8032579696828807,-1.9009671563733435,-1.66021977861176
1,6.160834286205528,3.3991915902201075,3.3991915902201075,4.695180671635354,1.0,1.0,1.0,1.0,0.0,1.0,0.3617760925775294,0.9237160267156285,2.0579533720626326,1.2768050727793463,1.8941347000492836,-0.6152769072112403
0,2.9357900320907655,4.809596907672321,3.537324798761336,4.809596907672321,0.0,0.0,0.0,0.0,1.0,1.0,1.953225563203432,0.1605000928177519,0.41290221700218044,-0.21397182451152735,-1.291750826845913,1.212982908124605
1,5.766719194687597,4.391947140625975,4.391947140625975,6.372161813061231,1.0,1.0,1.0,0.0,0.0,0.0,1.1871744690846806,0.2179962056889903,-0.696620749143257,-1.0414921955182947,1.3692181654482585,-1.6974650168820387
1,4.303795276609188,1.5463203240629653,1.5463203240629653,5.495746658802251,1.0,0.0,1.0,1.0,0.0,0.0,0.5976550850296182,1.163903725038976,2.0494546951643606,2.809882484522423,1.2968673242863087,3.8559163154623173
1,5.525909730876107,2.3065438334232304,2.3065438334232304,7.136456847329563,1.0,0.0,0.0,0.0,0.0,0.0,0.5610411670929341,0.366717325428058,0.25012031831920234,-0.02103776186600939,1.057118358970536,1.1003225798751175
0,1.4678790885460844,2.1831852888337995,0.15258508713432795,2.1831852888337995,0.0,1.0,1.0,0.0,1.0,1.0,-0.6411739592956114,0.5450323017043914,0.7085179019389551,0.9634333779394065,0.8518317861316365,0.653192143437203
1,3.6829161090522144,1.570338402877919,1.570338402877919,4.665095773833432,1.0,0.0,0.0,0.0,0.0,1.0,0.0873892119778192,1.486453130256586,-0.829905597967555,-1.0451222223327328,1.0774189554654103,-2.435066104881899
1,1.1355889954232534,0.6223978691379228,0.6223978691379228,1.3860154855706344,1.0,0.0,0.0,0.0,0.0,0.0,-0.30699302150015795,-0.14968777301744562,-0.17867075497159188,0.85420372851447,-0.3087994823990595,0.6880706044737682
0,1.1248944503647458,1.1124880251781453,1.5992175709014829,1.1124880251781453,0.0,1.0,0.0,1.0,0.0,1.0,-1.160683644990111,0.47257082365495534,-0.811536480584123,0.6163923068999841,-0.45509007724883843,0.11249657316505049
0,-0.03984954520221684,1.7858577607535557,0.9140433167122188,1.7858577607535557,0.0,0.0,0.0,0.0,0.0,0.0,0.7957445202227211,-1.129875882217396,0.4500438522539648,1.865052554738087,-0.20640633874722908,-0.4990516891613907
1,2.8979849348975186,2.5016855202923285,2.5016855202923285,1.1028189527802068,0.0,1.0,1.0,1.0,0.0,1.0,-0.015756195758764743,0.8623511867852554,-0.6941666062890004,-1.8772870797708552,-0.5491649893818128,-0.633630110687739
1,3.692847837574581,4.981570728086753,4.981570728086753,4.893039231620059,1.0,1.0,1.0,1.0,1.0,1.0,0.24872362974198195,0.7378729269352449,-0.6294409630502911,1.467545855839303,1.359060362989955,0.24528423105512395
1,1.4305731704001812,1.3411590940460216,1.3411590940460216,1.883286765447234,1.0,1.0,0.0,0.0,1.0,1.0,-1.7854137939169201,-0.084526670522164,-2.2237122031345358,-0.6624666052339918,0.05412759928799693,-1.1773040921234805
0,0.39283244644823145,0.23437599975851908,0.04049787563363447,0.23437599975851908,1.0,0.0,1.0,0.0,1.0,1.0,-1.1293072486553553,-0.43360938081873746,0.32257888339813834,0.6167787499339678,-0.5558341170746782,0.8133937532351312
0,3.9887934553581594,4.927129632925414,2.8496672237292096,4.927129632925414,1.0,1.0,0.0,0.0,1.0,1.0,1.6409827346668497,-1.0070243162423527,-0.09113514724680291,0.8491739558185472,-0.36750920988261093,1.0154891081057078
0,1.9530405976887093,7.36214717199021,3.2545790059703483,7.36214717199021,0.0,1.0,1.0,1.0,0.0,0.0,1.3252711501905443,1.7955207820970402,0.3168730120760499,1.0628711035175766,2.0486259561808415,-0.16131261035443378
1,4.770513923465708,2.2265091967719974,2.2265091967719974,3.469569508625018,0.0,0.0,0.0,1.0,0.0,0.0,1.644663218447905,-0.17350926457950971,-0.40767664426727407,1.2062462607654183,0.5131797528490366,0.18876981398004633
1,0.8874577092686096,-2.041241776430629,-2.041241776430629,-0.8773876123361156,0.0,0.0,0.0,1.0,1.0,0.0,-0.33869346953196455,0.0844788616127823,1.0426310924360132,-0.38429363277386386,-0.1284579178970028,-0.4031549950041019
1,6.399359567138481,2.3267880255106754,2.3267880255106754,5.143837835238252,0.0,1.0,0.0,0.0,1.0,0.0,1.6099465226333152,1.425968484072425,0.5052773888669209,-0.12457473949128169,-0.087452917082884,-0.17855717697389156
1,5.27354907902598,2.2385087141160915,2.2385087141160915,4.943414355611789,1.0,1.0,0.0,1.0,0.0,0.0,0.21542850251303847,1.435721620821715,0.5328715944546296,-0.9055449596530185,-2.471037906933281,-0.7296912226122894
0,-0.611041674230711,-0.5740336547457693,-0.9926322414202001,-0.5740336547457693,0.0,0.0,0.0,0.0,0.0,0.0,-0.27252078732082274,0.23847251814292536,1.6925782087505739,1.909532370906935,0.2861282825055683,1.680820349934494
1,-0.1684293659414383,-0.7476883313603,-0.7476883313603,-0.9439961345429118,0.0,0.0,0.0,0.0,0.0,0.0,-0.7764550625107656,-1.2104755640827867,-1.1016679645638612,-1.6460972879805367,-1.4610371245881906,-1.6314078870759374
1,4.173946403639867,2.305611723323939,2.305611723323939,3.4236696692676616,1.0,0.0,0.0,0.0,0.0,0.0,0.5433791777799294,0.9812210114966797,2.5042615729556363,0.18935502755335162,-0.8045497140976048,1.3440427418009735
1,4.230000815955023,2.701817180854988,2.701817180854988,4.488688966660965,1.0,1.0,1.0,1.0,1.0,0.0,0.17513759544694693,-0.7634437040895354,0.21603868783711014,0.08859777387833376,0.3989235464668656,1.2638150660928775
1,0.6940526711788051,0.6636876416839563,0.6636876416839563,1.4606161118096006,0.0,0.0,1.0,1.0,1.0,1.0,-0.26988059542047316,0.4874896764199306,-0.16237462038274397,-0.016107127348541472,-0.06087048920658156,0.4890123376158674
1,3.9200798311418272,1.160961629298082,1.160961629298082,4.2465225751835955,1.0,1.0,1.0,1.0,1.0,1.0,-0.7741149153569448,0.6100055445193407,-0.3586823567391329,-0.4021756078330503,2.1294890170553664,-0.6136925484758472
0,0.0025584197221007465,3.029249513409723,2.0124356050769316,3.029249513409723,0.0,0.0,0.0,1.0,1.0,1.0,0.3016014065146465,-0.5406788103823778,-0.3241061413830348,0.2012329285908382,0.23773559426716467,-0.47216687591691164
1,5.719107159957251,3.0043006351716635,3.0043006351716635,4.880425614507088,1.0,0.0,0.0,0.0,0.0,0.0,0.5159513594953767,0.7917703290700239,-0.633490888666536,0.005534969011461499,0.852349887700879,0.646784268891274
0,1.9897598343854694,1.7738521829901672,0.61030495798677,1.7738521829901672,0.0,0.0,0.0,0.0,1.0,0.0,0.3077020588719457,0.7779464743902001,-0.07190144624268892,0.0700007274975597,-0.6463480783880562,0.6287710276032616
1,3.011120090231006,1.8752248776312195,1.8752248776312195,3.69848110748293,1.0,1.0,0.0,0.0,0.0,1.0,-0.27248373257192104,-0.21709528639696607,-0.7042570555903531,-1.456801364625002,-0.9326201392626874,-0.44058753698725395
1,10.560967144925588,9.137062878211164,9.137062878211164,10.25418944384713,1.0,1.0,1.0,1.0,0.0,0.0,1.7908770223734152,2.960194944188699,0.9740605069656165,2.810143331331852,2.5109969473928926,1.0363606693100416
0,1.884184053009733,2.743675010920417,2.357005276445311,2.743675010920417,1.0,1.0,1.0,0.0,0.0,1.0,0.05658815319160849,0.7047179322185734,-0.051531772492775574,-0.00439780280587751,-0.40531199607714,-1.4727932646941588
1,4.253555057885381,2.060071918376893,2.060071918376893,3.098319587886295,1.0,1.0,1.0,0.0,0.0,1.0,0.10167210425665621,0.09046306128786841,1.8920767242056957,0.6961364616832285,0.8481693339640245,0.7906206949141399
1,1.179177697666483,0.272199306342286,0.272199306342286,0.2976981063957225,0.0,1.0,0.0,1.0,0.0,0.0,0.35503369933466244,-0.3067876418908211,2.402497122954516,1.596288239205024,0.2834040959809626,-0.9991963254134187
0,3.0529210786600354,3.265444362748347,2.542836390634907,3.265444362748347,1.0,1.0,0.0,0.0,1.0,0.0,0.4148627272830752,-0.8435074297173967,-1.390635272568399,-0.47615751793344774,-0.20601527325571634,0.7696922567362185
1,6.029837129977645,3.532557691919669,3.532557691919669,8.060213122975254,1.0,1.0,1.0,1.0,1.0,0.0,0.9844387324496675,0.42962268753128147,-0.9681992626044424,1.9455074456767707,1.290549503300718,-0.5851249253536455
1,3.7736036283156613,2.6230618885207986,2.6230618885207986,2.4557113031092555,0.0,0.0,0.0,0.0,0.0,0.0,0.467918994470874,1.3422998240843638,0.29414283947619496,-0.4836675791314916,1.604365592867668,-0.6187559266554602
0,1.7426656551968103,6.180398899790016,3.2822871642422067,6.180398899790016,1.0,1.0,1.0,1.0,1.0,1.0,-0.3204236712633423,0.6509014729518523,0.0889673224332164,0.9501001533874381,-0.019308730807345298,0.7810207865285788
0,-1.6030121027825137,0.5997874481475414,-1.2183169638949738,0.5997874481475414,0.0,1.0,0.0,1.0,0.0,1.0,-0.8639708604968267,-1.3515741417620142,0.5052870763202653,0.6611380557892114,-0.9698666543814743,0.7264052375375154
0,-2.5441238003451523,2.3635349783825523,0.1938203620389904,2.3635349783825523,1.0,1.0,0.0,0.0,1.0,0.0,-0.6618742065801481,-1.183638385676843,0.28741149041325514,0.1913882449712724,-1.7138813619208584,0.5057180119888993
0,1.4474824148160401,3.4610600832984613,3.256969625115641,3.4610600832984613,0.0,0.0,1.0,1.0,1.0,1.0,0.8314677475831992,0.7282672863304658,1.1562445564103385,1.608263603166621,-0.06060591087053968,-0.40957138743485644
1,2.65508708958242,1.2938456852705733,1.2938456852705733,3.073520511738956,0.0,1.0,1.0,1.0,1.0,0.0,-0.3604346398454347,-0.3069932243953059,-0.9442032921804361,0.8481772395762117,2.7477849987030916,-0.18587858634274457
1,4.54721686835108,3.016281771100873,3.016281771100873,5.441696382034086,1.0,0.0,0.0,0.0,0.0,1.0,0.36381954745311157,1.577342865687926,0.47036772644431823,-0.7649551623084533,0.7362168696639738,2.1587073633731535
0,0.526544058590623,0.4845011079474224,2.178088446482789,0.4845011079474224,1.0,1.0,0.0,0.0,1.0,0.0,-0.055074509087447696,-0.6775671026496699,-0.8036693896723968,-1.2073845875063234,1.2484507525784692,-1.4026531662667954
0,2.25863250335629,2.671653632743828,1.5513400919115228,2.671653632743828,0.0,0.0,0.0,0.0,0.0,0.0,1.5754404585929982,-0.26656411150095083,-0.17195771441312932,-0.08189129604146388,0.06455222398344061,0.11752827101595749
0,3.145022359902218,5.170847754374024,1.757090981880754,5.170847754374024,1.0,0.0,1.0,1.0,1.0,1.0,1.695341833999925,-0.5738828885965948,0.8352720394185507,1.8171972501914848,-0.1062015124614735,0.0054390472818454105
0,4.053375997479998,3.378362553167093,1.439711426587725,3.378362553167093,1.0,0.0,1.0,1.0,1.0,1.0,-0.8065018954265025,0.9399953273338575,0.6493533792429027,1.04346135183613,0.8696149727739687,1.7023267486601483
1,4.558724073597371,2.115389450416442,2.115389450416442,2.9471245512502833,0.0,0.0,0.0,0.0,0.0,0.0,0.4268534729745415,1.0773164241955397,-0.519987788025926,1.581968491986584,1.6192458210016816,-0.19196805848695042
1,5.725542769787811,2.553972802460989,2.553972802460989,5.13923251156685,1.0,1.0,0.0,0.0,1.0,1.0,0.491806643551949,-0.6555504829995407,0.48444144023622826,2.058752840546967,0.40724074463066373,0.3217531773500926
0,2.508690396360778,2.5689205620867135,0.030823766103483363,2.5689205620867135,1.0,0.0,1.0,1.0,0.0,0.0,0.15842633811249615,-0.9174182908856071,-0.19869323647276793,0.4665888136112012,-0.4305960264895333,-1.246662633442928
0,-1.2985304587997557,0.82620054176551,0.2781793234808061,0.82620054176551,1.0,1.0,1.0,1.0,1.0,1.0,-1.5279020565778705,-1.0302340847708389,1.4299883017737671,-1.371005369486745,-0.9709526278891553,0.35794625647498474
1,6.4846859986988274,4.7033421617897355,4.7033421617897355,5.556863799792764,1.0,1.0,1.0,0.0,1.0,1.0,0.5246852640856451,0.6642971254371924,-0.2968190607863311,1.0165143476443097,-1.0048971850694306,-0.9542779861039573
0,-1.8343496832549324,0.14217963278763746,-0.2715150597965964,0.14217963278763746,1.0,1.0,0.0,0.0,1.0,0.0,-0.7562528344448566,-1.0149778006904862,-0.355045551891274,-0.8222784984244287,0.053038234862846645,-0.3425053905159843
1,4.012889246339933,1.7789498148226384,1.7789498148226384,3.186132425609266,1.0,0.0,0.0,1.0,0.0,0.0,0.7402291159161692,0.3839442448037396,0.20496259457781002,-0.47631445284758855,0.7993041062425145,-0.3881184246215126
1,1.0693917322133197,2.3637414409948683,2.3637414409948683,0.992225421327094,1.0,0.0,1.0,1.0,1.0,0.0,-0.5686817999200546,-0.32590475592680995,-0.3111218526475403,-1.1492022029271018,-0.7407875986764276,1.1810471543392884
1,1.426267624203398,0.8886559243960777,0.8886559243960777,0.29424848429421346,0.0,0.0,0.0,0.0,0.0,0.0,-0.06858215665630267,0.749965330019523,-0.2938853621417795,0.6036824930688075,1.0954153365647206,-0.05813068855268272
0,1.42029133843057,2.49945854267669,1.7523409706530015,2.49945854267669,0.0,0.0,1.0,0.0,0.0,1.0,0.36141630499586214,1.0447292550168272,-0.2721344838960395,0.23955002457153105,0.18530766754490194,-1.2899594166794197
1,2.578774624487848,1.1323257377414542,1.1323257377414542,0.5198560335960162,1.0,0.0,1.0,1.0,0.0,0.0,-1.3478914230546046,-0.4711738323633238,-0.5396560892711769,0.20740100092902286,0.023112110457904178,-0.514471431790163
0,1.9553454199387885,3.9364008983844254,3.753506572311208,3.9364008983844254,1.0,1.0,1.0,1.0,1.0,1.0,-0.9089911660591139,-0.30864584915682475,-1.84599399489029,-1.329256986789956,0.36883287078510496,0.22273538161668038
1,1.7480228937321933,1.6222715921352215,1.6222715921352215,2.1760863645494375,0.0,0.0,0.0,0.0,1.0,0.0,0.5103766930817769,0.5341519851754024,-0.2548113905794128,-1.387961964602972,0.10414836455989623,1.8984800575517178
1,3.1026183150387587,2.1479888550751176,2.1479888550751176,3.42573092675004,1.0,1.0,1.0,1.0,0.0,0.0,0.33431570870383215,-0.38757859191996735,-0.9618105633115505,-0.6392958488512189,-1.6109376696065425,-1.1673831694314
0,2.6666867753925274,1.2782733172285239,0.658718662595994,1.2782733172285239,1.0,0.0,1.0,1.0,1.0,1.0,-0.9657193172989977,-0.9463933991159454,-2.155415744378286,-1.8475867770211547,-0.586011617837705,-0.4381387794924928
1,6.324016836580511,3.0058205338039046,3.0058205338039046,3.788043561222975,1.0,1.0,0.0,1.0,0.0,1.0,0.45367640377907387,1.113092127497731,0.8054252180806016,0.02818644100293295,0.04398121606270883,-1.3381010534898512
1,4.059996732043896,0.17394640977640075,0.17394640977640075,5.066199315596011,1.0,1.0,1.0,1.0,0.0,1.0,-1.0386340049507141,-0.527531512756652,-1.2972770253541146,-1.456340634055651,-0.23729739278336098,0.38052376285174916
1,4.495289485621161,4.082538226588095,4.082538226588095,4.268043223773451,1.0,1.0,0.0,1.0,1.0,1.0,0.6903938414414516,0.7919959029470561,0.6772249487414961,0.20099093224006997,0.2582356774956317,1.5738525203529694
1,0.06790419341979259,-2.4320606031417262,-2.4320606031417262,-1.0045423155160207,1.0,0.0,0.0,1.0,0.0,0.0,-1.5899459558436069,-1.2514258563755605,0.2564213721367713,-0.923372160948977,-1.3550757654913466,0.2308015840205213
0,0.3295807025236186,3.7625032444964495,2.178956684002233,3.7625032444964495,1.0,0.0,1.0,0.0,1.0,0.0,-1.9923280064069986,1.5190731983080397,0.6623108924579607,0.22103169280582002,1.1892087006871714,1.4242631492809616
1,3.428336727955037,2.0383096447890434,2.0383096447890434,2.485112148947346,1.0,1.0,0.0,1.0,1.0,1.0,0.912977062032286,-0.40681764514366076,1.3044541419659414,-0.8253993425999371,1.2751813019558818,0.029934865767750285
0,1.1203162884326143,4.46389407311411,2.507628301048692,4.46389407311411,1.0,1.0,0.0,0.0,1.0,0.0,-0.2179157980524512,1.3722066748123716,0.6494945337067929,-0.25880047525881333,-0.2540582794123878,1.679026163261893
1,4.202155929575535,2.88354103690891,2.88354103690891,4.849483892315968,1.0,1.0,1.0,1.0,0.0,0.0,0.05852844827747203,-0.05883587399065385,-0.14174785273070098,-0.7117380184901542,0.2597724839266205,0.26736956849989824
1,4.713095436703158,2.9552532123344433,2.9552532123344433,4.063498949479261,0.0,1.0,1.0,1.0,0.0,1.0,1.5189113386027053,-0.3480061270472001,0.7842128741286278,2.2151792324936777,0.5473550405431229,-0.8678892736778496
1,1.3841641308079748,1.5690249434445591,1.5690249434445591,4.776859975660867,1.0,0.0,0.0,0.0,1.0,0.0,0.5022919790060979,1.0715435181958572,0.20933107333774575,-0.9241432598416945,-0.5845505530867126,-1.201154592292649
1,1.795208481740611,-0.029575767331304653,-0.029575767331304653,0.8324610293686866,0.0,0.0,1.0,0.0,0.0,0.0,-0.16355904899785578,-0.37355650236994675,-0.35657144215966863,0.055104329877600236,-0.10293462884530732,-0.267845042034176
0,1.6375011943384714,3.287700396124009,1.0014107518267823,3.287700396124009,1.0,1.0,1.0,1.0,1.0,1.0,0.06475758254606162,-0.9061427274914708,0.3748644559416366,-0.43348342332422235,-0.8950413942301171,0.4449968937533548
0,0.20225465577093,3.261092339546739,1.1809757402263945,3.261092339546739,1.0,0.0,1.0,0.0,1.0,0.0,-0.15894600726558547,-1.1684693169090916,-1.5801039796943663,-1.7537445449114717,-1.5299105420501076,-0.20212483603364917
1,4.678537455368164,3.1836722226752023,3.1836722226752023,1.0947518955919116,1.0,1.0,0.0,1.0,1.0,1.0,0.25733412733245264,-0.3820140594463467,0.7115139810092754,-1.7734410353956658,0.3131458690470911,0.2014131276727764
0,1.0949287531648793,1.5609038627518217,0.7798917022239713,1.5609038627518217,1.0,0.0,1.0,0.0,1.0,1.0,-0.4927088316908974,-0.7953672061116429,-0.2665726602012675,0.06196124258893902,-0.6186381156665999,-0.332667429281773
0,0.7030720548673077,2.9446101401922857,1.4627017050924238,2.9446101401922857,1.0,1.0,1.0,1.0,1.0,1.0,-1.4971601109332233,-0.13418942537951298,-0.5114556510481063,-0.5292456213790374,-0.07617007138618939,-0.2918957400661477
1,2.249823636703837,2.2863926914073067,2.2863926914073067,2.102262867040115,1.0,0.0,0.0,1.0,1.0,1.0,0.7378983595187553,-0.4828357282123377,0.39230597567200726,0.00044872645649046694,-0.6719168498574276,2.197441686152166
1,3.054274939482569,3.13222101871569,3.13222101871569,2.3882127459757414,0.0,1.0,0.0,0.0,1.0,1.0,0.27496056897197796,-0.15322222579922085,-1.3196152645342358,1.9290008397830556,-0.010530892938697037,0.9265845001105856
1,3.3380003788806123,0.09683325916413643,0.09683325916413643,1.9265244351060402,1.0,0.0,0.0,1.0,1.0,0.0,-0.8793735868208391,0.6904271630101798,0.1561079822939421,0.15529625976484018,0.028374393840175954,-0.5016516528596511
1,-0.40438222157450543,-1.7198166811414586,-1.7198166811414586,-1.2515987032379816,0.0,1.0,1.0,0.0,0.0,0.0,-1.4833802629117463,-0.7352037470801036,0.4927963782900115,-1.4691633528154724,-1.660891794262581,-1.0315775426039002
1,6.225859213837199,3.8602385682457263,3.8602385682457263,6.165995455171228,0.0,1.0,1.0,1.0,0.0,1.0,1.9933457191228783,0.7536393243941333,0.6806951161433085,0.03992914393651713,1.127235862798785,-0.11142909997872674
1,1.2627441233465424,1.739445330877668,1.739445330877668,3.337944643466745,0.0,0.0,0.0,0.0,0.0,0.0,0.22136778587967884,0.12443774542368155,0.4034627030311462,-0.051036594266978166,0.3784762549216574,-0.5082336430708331
1,5.219589527359645,2.476119743785703,2.476119743785703,5.753832227724489,1.0,1.0,1.0,1.0,0.0,0.0,0.6491166617324016,-0.6337646116685789,-0.4376116889891518,0.5143680542760999,0.46277054540940143,0.2849434541292969
1,4.644594092584096,1.4980185577947418,1.4980185577947418,2.9443856431381037,0.0,1.0,1.0,1.0,1.0,1.0,0.9006703030612392,0.7138086782471083,0.5834846269098108,-0.23053424485677126,-0.29650118773685347,1.1066709984793635
1,4.468921635511387,2.9359963988765077,2.9359963988765077,3.0236044599277476,0.0,1.0,0.0,0.0,0.0,1.0,1.7665330543807318,-0.06831777845360504,1.4629896560601146,1.055467201553719,0.172201465072938,-0.1475580169016421
1,2.6314945434899655,1.6650977989246842,1.6650977989246842,3.1837176709700366,0.0,1.0,0.0,0.0,0.0,0.0,1.3094424669353188,-0.7742645203265212,-1.0055325226276455,-0.23094004048599667,-0.48472146677308675,0.6441096804759203
0,-1.858239531525405,0.17022292494035862,0.8564084996426755,0.17022292494035862,1.0,0.0,0.0,0.0,0.0,0.0,-0.7996812275947707,-0.1398578335258458,-0.077178335542718,-1.1332328337669366,0.18335476372157256,-1.5337499942668114
1,-0.4056495960354699,-0.8266182813592124,-0.8266182813592124,-1.3755093910044522,0.0,0.0,0.0,0.0,0.0,0.0,-0.7611578807840165,-0.3174988347125457,1.1406724881756038,1.1247243333807697,-0.9732638471283923,-2.545037822536753
0,1.375545904150292,3.439169282073017,2.0283639388798607,3.439169282073017,1.0,1.0,0.0,0.0,1.0,1.0,0.31434290801676124,-0.13379007849525903,0.8074654202828311,0.16476718500373178,1.5612268862130851,0.1359392652329549
1,3.9165647638538243,3.9658707090433207,3.9658707090433207,4.066184787863474,1.0,1.0,1.0,1.0,1.0,1.0,0.03884669147408165,1.180554184849143,1.4513541142557809,-0.09131606347378017,0.5898370699645777,1.0220321681475402
1,3.674084202341671,2.1853953751724235,2.1853953751724235,1.3110670150712966,0.0,0.0,0.0,0.0,0.0,0.0,0.4428264208518417,0.768736183524324,-0.4647424883495748,0.6781803188698434,-0.25935759552994697,-0.40881738218625874
0,-0.13213014580847182,2.5596269127821385,1.2723247341519466,2.5596269127821385,1.0,1.0,0.0,0.0,1.0,1.0,-0.811451576663519,1.0290695792863467,-0.5165744122900457,-2.268668210021092,0.4251562905674214,-0.42929917886245955
1,5.880529354702899,4.322511057222024,4.322511057222024,5.459714767856613,0.0,1.0,1.0,0.0,1.0,1.0,1.1079411067997242,1.203993194192206,-0.7722920221006908,0.9948365692847048,0.048684489074105136,-0.13537414359876832
0,2.0990320357110424,2.3516107718966794,0.8011747038847417,2.3516107718966794,1.0,1.0,1.0,1.0,0.0,0.0,-1.2920767305560228,0.0018434831120812956,-0.8473230056902447,0.35910573513380645,-1.18843069579818,0.47818864047613646
1,5.660989367959978,3.445980447682647,3.445980447682647,5.964417512184931,1.0,1.0,0.0,0.0,0.0,0.0,0.4279053456831905,0.12556164703138734,-1.9803846697284713,0.579367767526143,-0.7173743146946352,0.963132479732433
0,1.640297890386098,0.7906709874323077,-0.6294256743162301,0.7906709874323077,1.0,0.0,0.0,1.0,0.0,0.0,-0.4632142580110026,-1.0174543533268172,-1.6136185505981622,-0.24530980790360618,-0.22775387513462614,0.006557153332307664
1,3.323346508868294,3.5535048518747785,3.5535048518747785,5.830047595989453,1.0,0.0,1.0,1.0,1.0,1.0,0.20277687006204614,1.0993005426241647,-0.08013261374453479,-0.3179761163989127,1.075823081175542,-0.9197908977528928
1,1.2174080329045314,-1.0119605492059218,-1.0119605492059218,0.8824806271547755,0.0,0.0,0.0,1.0,0.0,0.0,-0.37546656854594046,-0.3535656921485762,-1.8795763376295123,1.0400330086984713,0.45108765810171886,0.5457224611756812
1,5.572808300742896,2.2685766797550158,2.2685766797550158,5.9166286796232885,1.0,0.0,1.0,1.0,1.0,0.0,0.7218291383390762,1.1165922650816724,0.29853596561465534,-0.2679036487850626,1.5590347124108463,-0.610276186240203
0,0.7605397065461832,0.6719878139229887,0.025504453604115684,0.6719878139229887,1.0,0.0,0.0,0.0,0.0,1.0,-0.5361001300422144,0.5210773573206955,0.8033522192266139,-0.11557037699167723,0.5086904992476928,-1.1034251137996014
1,3.781562039746709,2.8216105622116388,2.8216105622116388,3.9766965362018607,1.0,1.0,1.0,1.0,0.0,1.0,0.9028056899462277,-0.9197187724211897,0.42466966627317293,-0.2651927979408518,-0.2894468436698151,0.15333203186591426
1,0.4101286681631863,-0.9335542778745276,-0.9335542778745276,-0.4535022367852882,0.0,0.0,0.0,0.0,0.0,0.0,0.0018404914231635594,-0.20250309756522666,-0.5969770768393895,-1.3592832903098602,-0.7356410762864105,-0.7085828196722992
0,1.1985620132489483,3.271819440142812,1.8582846389088594,3.271819440142812,1.0,1.0,0.0,0.0,1.0,0.0,-0.09084427417531656,-0.02549809434043515,-1.314608494174193,0.793794319389098,-0.3159142888135084,1.9261692242620574
1,6.972757036801795,4.068842996654489,4.068842996654489,8.700965119178742,1.0,1.0,1.0,0.0,0.0,1.0,0.6858390676824265,2.7203189410717257,-0.3700000097176168,0.25636833662313585,0.5359821916294589,0.5786913965469235
1,3.5722675168936737,1.2132682936020507,1.2132682936020507,1.9674805694323383,0.0,1.0,0.0,0.0,1.0,1.0,0.5065036230418413,0.27363890503510435,1.4153185577850675,0.4104403769133357,1.4206499643205017,0.19073660280321436
1,-0.591970479708084,-2.82788473119219,-2.82788473119219,0.2132426758070376,0.0,0.0,0.0,0.0,1.0,0.0,-0.17214960521796777,-1.1333718527725485,0.11032514140900285,-2.581150594313665,0.496515508444049,-0.009326995546980216
1,5.150754444266101,3.5382034770133837,3.5382034770133837,5.908410934394573,1.0,0.0,1.0,0.0,0.0,1.0,0.8407907724944638,1.4699117200765732,2.494035814853042,1.044786004385104,-0.48095924358430486,0.581290776234348
0,3.6745863338911118,4.899409156909087,2.2818006950353933,4.899409156909087,1.0,1.0,1.0,1.0,1.0,1.0,-0.35599340101252275,1.466585573108758,1.226605363056507,-0.684052862708993,-0.3684119776564034,-0.35760925300517993
1,3.3714584464442328,-0.3420629453304147,-0.3420629453304147,4.016243048096246,1.0,1.0,1.0,1.0,1.0,1.0,-1.1067768271688576,-0.34770884938320634,-1.169821589175272,-0.1577566990059769,0.22264443492591876,0.9633341578088527
0,6.051644402756063,5.4989408917642715,5.793943399495448,5.4989408917642715,0.0,1.0,0.0,0.0,1.0,0.0,1.87132369149534,1.0813481569452337,0.9647199456064135,3.1572100503860567,0.689267506882066,1.3589496096199072
1,2.8947850947089133,3.117055644465366,3.117055644465366,1.871322760844894,1.0,1.0,1.0,1.0,1.0,0.0,1.0213124732113075,-1.089886685654105,0.23870166379118143,-1.741106487646676,0.6163976390232911,-0.902879996335611
0,-2.6855716134582144,0.7913736919676841,-1.9941990304644348,0.7913736919676841,0.0,0.0,0.0,0.0,0.0,0.0,0.5044490147937186,-1.3054122786587041,0.2620618474003736,-0.779721345903656,-0.5240582989397164,0.7610224327482263
0,-1.56993981651121,0.596756813250163,0.4962693758620177,0.596756813250163,0.0,1.0,1.0,1.0,1.0,1.0,-0.8503904349844469,-0.13013986601072428,1.3403211193435909,0.11554730298559773,-0.40328858032500736,-0.6088035021470555
0,4.0206311046475784,3.2312524864641285,3.815821491885593,3.2312524864641285,1.0,1.0,1.0,0.0,1.0,0.0,0.6287847665840701,0.27434489479829066,-0.8728262582464874,1.0491076113020201,0.3715676151046668,-1.3307355343344054
1,7.528799753214265,5.479790325251748,5.479790325251748,8.158152623983158,1.0,1.0,1.0,0.0,1.0,1.0,1.9581745089889873,1.5772047654471495,-0.15447270630804255,0.7373666040022401,-0.1088688537283321,1.5372489790962036
0,0.20106454386237216,0.8242696897868775,-0.1751071025596309,0.8242696897868775,0.0,1.0,0.0,1.0,1.0,0.0,-0.53095284161952,1.4141914269086933,1.247193977043682,-1.2422819117136736,-1.0616170238169522,0.2016730995686005
1,1.9333285414980586,2.7876121083674716,2.7876121083674716,3.083751875633364,1.0,1.0,1.0,1.0,1.0,1.0,-0.2192242588306626,-0.07453471030637371,0.4277785951509751,-0.5780949587135652,-1.2653240317852315,-1.0093142808080378
0,3.334210107261488,4.652169472734258,4.134561589073251,4.652169472734258,1.0,1.0,0.0,0.0,1.0,0.0,0.24900765269717112,1.4154228785003613,-0.79805194856021,-1.6063672929131738,-0.5220512657442435,-1.2806998461001424
1,7.891802582513407,5.8445549928391305,5.8445549928391305,5.669324965666538,1.0,0.0,1.0,1.0,1.0,0.0,2.8812141814300825,1.0230718624289286,1.5184092978450705,1.1475828075791625,2.448148272105293,0.33089926041946893
1,0.15173636736666377,0.6429393798374043,0.6429393798374043,-0.17618283108220367,0.0,0.0,1.0,0.0,0.0,0.0,-0.38771432279505924,-0.7760441388336842,-0.2728007643225519,-1.877780244718683,0.4736623092331572,0.6389699374190991
1,2.635352756085134,-0.4906927122836644,-0.4906927122836644,2.0377817261630247,1.0,0.0,0.0,0.0,0.0,0.0,-0.5077567442735764,0.36007797977099554,0.12004957932010304,0.05121433355938554,-0.4071397567454228,-0.44708366930447074
0,-0.023950054450066482,2.5947256270512886,1.5620217840541817,2.5947256270512886,0.0,0.0,0.0,0.0,1.0,0.0,0.38636630318907567,0.3638172534045349,0.3913984531464994,0.5289374347034212,-0.025964812712148996,-0.44237302038588916
1,3.962559505144436,2.7122706564406416,2.7122706564406416,5.858931028802551,1.0,0.0,1.0,1.0,0.0,1.0,0.4817020016678371,0.4632836394652535,-0.13572483217868378,-0.9449012328869103,-0.7022013448024114,-1.1420922811412852
0,0.27010677952684436,2.519984546806376,-1.741673847094416,2.519984546806376,0.0,0.0,0.0,0.0,0.0,0.0,-1.4503187178176922,1.1774424129343868,0.3751051123738189,0.9620907068587803,-0.033769145458692695,1.4839941427000456
0,-0.5801271265487757,1.269218232807937,-0.166743882899934,1.269218232807937,0.0,0.0,1.0,1.0,1.0,1.0,0.03958916159852425,-0.9455464219688512,0.15299423100542886,0.03895090535171908,-1.8518037373819758,-0.9186576793209761
0,1.8926368012221313,3.8977485855552483,1.1918508910498766,3.8977485855552483,1.0,0.0,1.0,0.0,1.0,0.0,0.0724817802415925,0.1095157558231461,0.18056766766252502,0.7955735869729677,-0.30537178331741527,1.1306279005572786
0,0.34206544050521004,3.090284110048249,0.5001684548980512,3.090284110048249,0.0,0.0,1.0,0.0,1.0,1.0,-1.452982259582435,-0.2699106266365316,-1.855107052253285,1.7668459365885647,1.3406509083561986,-0.2212024509730763
0,1.4281697104472209,4.367201270679673,1.603912186135587,4.367201270679673,0.0,0.0,0.0,0.0,1.0,0.0,1.42937648426341,1.2660979812090385,-0.04128116198827708,1.0784504303968045,1.3458789627614918,-0.10017624860683916
1,0.8091872295229261,1.0418588058688105,1.0418588058688105,2.293133485489251,0.0,1.0,1.0,0.0,1.0,1.0,0.3896475558818072,-0.19221444178764335,-0.3368956910086217,-1.8637189600821276,-0.2793905413267467,-0.20954195228524025
0,7.015122149976768,9.601604582677727,5.421988984875229,9.601604582677727,1.0,1.0,0.0,0.0,1.0,0.0,2.3677523549736423,1.9298654532173611,0.4103824904007849,1.5152565060865635,1.7254900397118815,1.830790867232955
1,1.8786748168520202,2.222997856868349,2.222997856868349,0.6616154398175442,1.0,1.0,1.0,1.0,1.0,1.0,-2.3434567656033516,-1.051796326359488,-1.0407923406825503,-0.5144536847941616,-0.7126539224049981,-0.0831914089837108
0,1.6739393987809776,3.0991895965601413,1.9518631440575236,3.0991895965601413,0.0,0.0,0.0,1.0,0.0,0.0,0.56156726227136,0.4903688987694729,-1.044370959174381,1.5572360837175865,-0.2322121607204138,1.3602992074534963
1,2.02526962629733,2.2658312471603503,2.2658312471603503,2.7343311168776383,1.0,1.0,1.0,0.0,1.0,1.0,-1.4332803444584894,-0.48595167290054736,0.1896232555276104,-0.1422989663976244,-0.43559506454874664,-1.5862349358220995
1,8.728076915368318,6.271435807046927,6.271435807046927,6.686104742643383,1.0,1.0,0.0,0.0,1.0,0.0,0.8217793593257994,1.6541507808734064,-0.353430882864988,0.534732802409694,-0.4912366173341667,1.6172669102126909
1,7.302456142467302,4.535573032097914,4.535573032097914,6.926607470126999,0.0,1.0,0.0,1.0,1.0,0.0,0.8005599610317942,1.6812549859044101,-1.5615182095452698,1.299498473173068,1.035545115450617,0.1611297163039846
1,8.201058373779976,4.765356405899325,4.765356405899325,5.488096775877216,1.0,1.0,0.0,0.0,0.0,0.0,1.1951227730408804,2.158961448190521,0.530289969691802,0.3539299359742789,1.0481182488450105,0.791927875235078
0,2.0718744677452774,5.296130248553679,3.638443849654273,5.296130248553679,0.0,0.0,1.0,0.0,1.0,1.0,1.0488748715634646,0.9725906285917563,0.11386713240579838,0.26480170245716184,1.6145663271397748,0.1907028270097444
0,0.08566936050162738,3.1797893126220003,0.6358217387515306,3.1797893126220003,1.0,1.0,1.0,1.0,0.0,0.0,-0.5664240253222028,-1.2123672693733498,2.1574916986938435,0.7720451757095854,0.599594017645537,0.45145401811758284
1,3.8234762352699274,0.5982665462400789,0.5982665462400789,3.7542741642056185,0.0,0.0,0.0,0.0,1.0,1.0,1.1267572084582564,-1.1406572026502846,-0.7332328091552807,1.1965521932389906,-0.4913638061378077,-1.5582389579353195
1,1.6819726550504535,-0.16503327758812736,-0.16503327758812736,1.094892799828011,0.0,1.0,0.0,0.0,0.0,0.0,-0.11820221411467854,0.2554041440240479,-0.510378455138404,1.6906149384300626,1.8938524148256972,0.5394451007472737
0,3.2822741772218564,6.069774320154713,4.773812118260657,6.069774320154713,1.0,0.0,0.0,1.0,1.0,0.0,0.206656088916512,1.3202906323765387,-1.581984071537614,-0.19136289800985823,0.3540212199275835,-0.06514298958455872
0,4.5139023370955345,4.436526004874924,3.536719989194858,4.436526004874924,0.0,1.0,1.0,1.0,1.0,1.0,1.6428766633259781,-0.19459640413646653,-1.2742180675363202,-1.2860142415912428,1.2004152346342467,-0.3197089860526432
1,1.8952306697447265,-0.5090513268106713,-0.5090513268106713,2.7322360672230843,0.0,0.0,1.0,0.0,0.0,0.0,0.9022052981170187,-0.3349550608670423,-0.47600408859815213,0.10320479380373199,1.0520776930385578,0.5552148652329657
1,3.823285705985331,3.1686396941863864,3.1686396941863864,2.084000241651899,1.0,1.0,0.0,0.0,1.0,0.0,1.0838318854895852,-0.20803819849430494,1.7133286094681668,1.0504105033238533,-0.07867348568484966,0.7722239493543366
1,0.5463984035987046,-1.2477693679797799,-1.2477693679797799,-0.8326421281379943,0.0,0.0,0.0,0.0,0.0,0.0,-1.0026076584355623,-0.16271634652459704,-0.9106082327303908,-0.3667421989076042,-0.2740089575706137,-0.07927547098951054
0,5.083969100916587,6.266343283084836,4.157134159691125,6.266343283084836,1.0,1.0,1.0,0.0,1.0,1.0,0.47898817398193777,1.3011780249183778,0.8585249468015919,0.7099740896019172,1.1355130405895666,0.7528477247869837
1,0.7375028041230546,1.0027120734461703,1.0027120734461703,1.8260299730332057,0.0,1.0,1.0,1.0,1.0,1.0,-0.05114300900224301,-1.6250534462238173,-0.05025030931831123,-0.6379380291699215,-0.18188721294856158,0.6217298321900697
1,2.1523860034170825,0.9910477543629563,0.9910477543629563,1.0803894133517986,0.0,0.0,1.0,0.0,0.0,0.0,0.5624953450767965,-0.2785627885762337,-1.011231358021331,-0.9619265542332041,1.0903046708496145,-0.23873559321462634
1,-0.1881622261272129,-2.1048701864607082,-2.1048701864607082,-2.4976373605032673,0.0,0.0,0.0,0.0,0.0,0.0,-0.8515947448816789,-1.2291262010299877,-0.11001887143678346,-0.5273958141132002,-0.4968106093987277,-0.7210651751834365
1,2.6950496630997742,1.723041508280241,1.723041508280241,2.8234281827402476,1.0,1.0,0.0,0.0,1.0,0.0,-0.02075186257779802,0.36352558675803326,0.05146839632558639,-0.13995971439424082,-0.28392970184429195,0.24953707689444393
0,-0.5429325531502148,3.0454509959134173,1.9699570916453029,3.0454509959134173,1.0,0.0,0.0,0.0,0.0,0.0,0.2227921451396091,0.11107253002105624,0.604595463652646,-0.9083480709491814,0.7318375494432922,0.22516852476872798
1,1.342929239128264,-0.31649002870854137,-0.31649002870854137,1.0015439716350287,0.0,0.0,0.0,0.0,1.0,1.0,0.43665022998513975,-0.30014195602322735,-1.156903601690995,-0.8505317964420437,-1.3866985286813307,-0.5671530735616543
1,5.391083055618921,4.406970547054527,4.406970547054527,4.996050439288263,1.0,1.0,1.0,1.0,1.0,0.0,0.484307168335669,1.5510046198502025,2.082466183915658,0.9440915993163141,1.213237714867345,0.8933308092392972
0,1.7938689905488747,2.1143432476754045,3.5358865550757166,2.1143432476754045,0.0,0.0,1.0,1.0,0.0,0.0,0.6602311571635125,-0.12609660019908608,-1.261697035950594,-1.0069381488746285,0.2437743542467259,1.361092745434464
1,3.7217884966427066,3.4890338979785067,3.4890338979785067,4.208259179777663,1.0,1.0,1.0,1.0,1.0,1.0,-0.08810772485840088,0.19290432503230093,-0.9553117200531124,-1.0737775193495451,-0.2297713617871001,0.07030881073424161
0,4.6406542830659046,4.803769946776129,2.820866781608717,4.803769946776129,1.0,0.0,1.0,1.0,0.0,1.0,2.0757931330740247,0.5094188096232954,0.8171858834314916,-0.9402319329511155,1.1783716420422086,0.1524970130841503
1,1.7777493118398482,2.5728056555407646,2.5728056555407646,2.080935355869821,0.0,1.0,0.0,0.0,1.0,1.0,-0.2572487741336494,0.3266871430112324,0.08498417034467058,-0.0801663717029644,0.4823944845840987,-0.8740109305464471
0,2.3423492636441434,-0.16970693653735003,1.4947727706371456,-0.16970693653735003,0.0,0.0,1.0,0.0,0.0,0.0,-0.5946462832658373,1.312095474814606,-0.7826350496021331,1.670695191321912,-0.5361413587826332,-1.0802551624479801
0,3.1230939504873536,4.361439552216719,0.4950648959216202,4.361439552216719,1.0,0.0,1.0,1.0,1.0,1.0,0.5520091210500481,0.5060406291616646,1.5518892490208462,0.986965995579016,-0.6682155215407389,0.8435927203754131
0,-1.9994095843316368,0.3959038833189737,-0.8168671462929546,0.3959038833189737,0.0,0.0,0.0,0.0,1.0,0.0,-0.5705404220517634,0.9458481310088289,1.5703982350429595,0.10690358910486933,0.9291733146303002,0.2194802724981667
1,2.5754619354720942,1.7225923383634512,1.7225923383634512,4.39381076420965,1.0,1.0,0.0,1.0,0.0,0.0,-0.8075082957512987,0.8871709709486582,0.34572178180731705,0.20716990545736538,-0.6649837528900502,1.3962787809461343
0,-1.2027118085230464,0.40048366764654486,0.8891948337576688,0.40048366764654486,1.0,1.0,0.0,0.0,1.0,1.0,-1.613511840074679,-0.3716860566815181,0.8684679526129531,-1.1287284765242185,-0.724489016913919,0.3661888996697623
0,0.4493357879044948,-0.18865459570216558,-2.975373045510582,-0.18865459570216558,1.0,0.0,0.0,0.0,0.0,1.0,-1.1216598443910966,-1.2621412433276615,0.48646862390878454,-0.957143525567239,0.6944537998214806,-0.24236293736302933
0,0.7391027845382073,1.4764469174699097,0.09461294686775212,1.4764469174699097,1.0,0.0,0.0,1.0,1.0,0.0,-0.051406829190370276,0.4060312584234391,-0.06731775607417881,-0.5409066658525381,0.09183262856266462,0.18235853919900386
0,0.6106987967228898,1.8583100847120655,0.2985054864106602,1.8583100847120655,1.0,0.0,1.0,1.0,1.0,1.0,-1.0197422267118297,-1.2625745517600397,-1.50224825133057,0.445694381720719,-0.34937294919717793,0.6917900380496993
1,1.9235721072937402,1.7928666137657614,1.7928666137657614,1.9847116973636971,1.0,0.0,1.0,1.0,0.0,1.0,-0.20844853007789532,0.7840451925430283,0.46578652694021716,-0.11794267466164565,0.8224953336033197,0.6816079843805348
0,3.3617485902015485,3.7627929117612786,0.16278401992183822,3.7627929117612786,0.0,1.0,0.0,0.0,1.0,0.0,0.5988729855511241,-0.5761507387904268,-1.4217787944959697,-0.6787606860172278,-1.0398007501872515,0.02978849349829904
1,5.993058869069216,5.467092598999142,5.467092598999142,8.500686168233129,1.0,1.0,0.0,1.0,1.0,1.0,0.9111643790880293,2.3713115842429677,0.19053391890029842,0.00335807972080171,-1.967688968014428,-0.20216909205675612
0,1.8063211571790907,0.1101297391398901,-0.7348952661249282,0.1101297391398901,1.0,0.0,0.0,0.0,1.0,0.0,-0.6686396483046713,-2.034016301724285,-2.1087768010288954,-1.404509966701336,-0.9043620120739098,-1.1735440175065541
1,1.0604790767715522,-1.1242889639815399,-1.1242889639815399,0.12133599254600125,0.0,0.0,1.0,0.0,1.0,1.0,-0.5096596792279485,-0.5613322320911969,-0.5536677763026168,0.20268760288226714,0.3257051353238515,-0.2848054563713223
0,4.736105980917893,8.057278280932778,3.5875874010480446,8.057278280932778,1.0,1.0,1.0,1.0,1.0,0.0,0.5952313416485817,1.399844166890546,0.6904005232115482,2.40520957951334,0.9087711706717064,1.8764835846742733
1,3.171075513523549,1.398823859728088,1.398823859728088,3.4300582642985553,0.0,0.0,0.0,0.0,0.0,1.0,1.5039894536994,0.19915915748365787,0.928502511713456,0.36225455937741274,-0.8283979687355973,0.19309013562246202
1,4.2468069914397555,2.9291099140916073,2.9291099140916073,4.377522885806685,1.0,0.0,0.0,1.0,1.0,0.0,1.0108484029147582,-0.9527737349197164,-1.7721595658498326,-0.37519415473846573,-0.5385315785090937,-1.0823982202095257
1,1.2115303296810862,0.9932534837523335,0.9932534837523335,3.059127194600017,0.0,1.0,0.0,0.0,0.0,0.0,0.8159491794679751,0.09531138132844891,2.2497906122925233,0.5063343860084192,-1.041798936241398,0.5202826768201382
0,1.523100556037707,2.4522363819211295,2.1907026251871033,2.4522363819211295,0.0,1.0,0.0,0.0,1.0,1.0,0.33649521232715784,-0.7970603906067564,-2.108093343241225,0.5004035540580132,-0.8262908333148445,-0.8971461507862791
0,0.44293497032381335,-0.2556593301813618,0.4488052671934265,-0.2556593301813618,0.0,1.0,0.0,1.0,1.0,1.0,-0.7084458547593883,-0.22868148580862674,0.5463810714507514,-1.4473377130480443,0.13791241780187394,-0.49382254413783655
0,-2.2430211993211877,0.34283611472020104,-1.8954762023715248,0.34283611472020104,0.0,1.0,0.0,0.0,1.0,1.0,-0.7022733588329989,-1.7493081144080207,-0.6984383157572712,-1.3320483635894416,-0.9417099000557739,-0.7445322165032441
1,2.850938218316667,-0.6498375357875196,-0.6498375357875196,0.2929538474139002,0.0,0.0,1.0,0.0,0.0,0.0,0.5417156572515281,-1.58478265962022,0.4244098248449362,-1.215352443586349,0.12202863810640324,0.9056396565196789
0,-1.2228841007430615,-0.7123611784770443,-2.53935409806638,-0.7123611784770443,0.0,0.0,0.0,0.0,0.0,0.0,-1.0566091151326245,0.7073676216395635,-0.12668519117090213,-2.716063769046693,-0.4018210163808871,-1.917774075355456
1,1.7323097893116663,2.530004392859115,2.530004392859115,3.377934104339282,0.0,0.0,0.0,0.0,0.0,0.0,0.8931377866791262,0.006293919537675996,0.9248842723757587,0.09921448236955574,0.988081349620082,-0.07244752865437437
1,2.6589681261255103,2.8270164643734237,2.8270164643734237,0.4029140797685671,0.0,0.0,1.0,1.0,1.0,0.0,0.3393038024836691,0.4112237554696631,-0.10901770848911552,-0.676426658292364,0.6161633151047058,-0.5378801024630155
1,3.0874336085309055,5.10583810958357,5.10583810958357,4.6746913786111834,1.0,1.0,1.0,1.0,0.0,0.0,0.4667895595237304,-0.021732746217046017,-1.9809004166035473,-2.512016776262894,-0.8231170075928866,-0.5395628767544678
0,0.05192652903361994,-1.7242196676014434,-1.5562845943460297,-1.7242196676014434,0.0,0.0,1.0,0.0,1.0,1.0,-0.8564263559579093,-0.600915356135409,0.4764757679797469,-0.7097174728927439,-0.014014741889514654,0.36485454407223084
1,1.0452873117739827,-2.0907994535080148,-2.0907994535080148,1.2165938751375849,0.0,1.0,1.0,1.0,1.0,1.0,-0.4334586747497657,-1.1268685980602056,0.3038507967541896,-0.9511807389624757,1.587142496034986,-1.477199492177256
1,3.0018807122260274,0.8421546379964406,0.8421546379964406,2.194946272164957,0.0,0.0,0.0,0.0,0.0,0.0,0.1422452673740887,0.15842827554331235,-1.4820038696359374,0.7189357594426518,-0.5377889420412897,-0.87905077839875
1,2.393576297749649,2.888150545423837,2.888150545423837,3.4413211113958533,1.0,0.0,0.0,0.0,1.0,1.0,1.348535277239347,-0.5281511409827898,1.0815728301781042,0.21541257123795884,0.054133065182850146,-0.310341493371212
0,2.280970955401178,3.3667798644360536,2.815332655574549,3.3667798644360536,0.0,0.0,0.0,1.0,0.0,1.0,-0.23056798399809006,1.1244955652520632,-0.569809000990217,0.4384776050959865,2.7250853971270272,-0.07691704184823067
1,4.4582518290480255,2.75056196746352,2.75056196746352,6.711589687645947,0.0,1.0,0.0,1.0,0.0,0.0,1.7791793548428625,0.2995985984875483,0.17127412237924083,0.01969229148679423,0.3499069125022526,0.8263797579982819
1,6.341033809782647,4.426791949486868,4.426791949486868,5.498902604086549,1.0,1.0,1.0,0.0,0.0,0.0,1.1391631469225059,0.471911653497355,0.1834980736549796,0.6723890372173362,-0.2800119337058443,-0.2926521948288842
0,0.8943403286136997,2.3417174681070287,1.2836816947295282,2.3417174681070287,0.0,0.0,0.0,0.0,0.0,0.0,-0.6717121247600512,2.249240969262726,-0.30375790015797377,-0.1854016757936886,1.6458478807819512,0.6624196002284735
1,6.1634205122392025,3.5812789805762018,3.5812789805762018,3.963994616509564,1.0,0.0,0.0,1.0,1.0,0.0,1.6168104279645379,0.387408313278627,1.9618699265587838,1.06757037615123,0.5790470049640392,0.7529464232546577
1,5.2812615302386,3.665475513841849,3.665475513841849,7.035734438809976,1.0,1.0,1.0,0.0,1.0,0.0,1.2368666432887203,0.6533566904621119,0.8597609396677866,0.6918205191593803,0.14307667438669203,1.4594597374921126
1,0.606003064426274,-3.0244093662439075,-3.0244093662439075,-0.07648804004066578,0.0,1.0,0.0,1.0,1.0,0.0,-0.7061876097020043,-0.17097441015691156,0.8594887925301797,-1.7845172628334216,-0.006601609266328329,0.6538082481398892
0,0.3423836761996527,1.2833408381611309,0.5253708493088006,1.2833408381611309,0.0,0.0,1.0,0.0,1.0,1.0,-0.01966123075713229,0.34147018596839585,-0.5275026429949425,-0.4285677036268387,-0.7193619395889759,-0.24575426515689736
0,-1.22138484570134,-0.07421567633741438,0.37027066638453676,-0.07421567633741438,0.0,0.0,1.0,1.0,0.0,0.0,-1.0306806169038172,-1.2297618225111449,0.38471680788688706,0.635035582281841,1.1539110184513188,-1.3515751232135675
1,0.9886521060492589,-1.7447550534467233,-1.7447550534467233,1.0073051015957177,1.0,1.0,1.0,1.0,1.0,1.0,-2.0563416437461304,0.08729089420469871,0.8095639802309541,-1.049494661184538,-1.1271630988404173,-0.8386707115832288
1,6.597352022409314,5.412758801480107,5.412758801480107,3.0912414567856272,1.0,1.0,1.0,1.0,1.0,0.0,0.380007605060063,-0.47990316733858085,0.2785759659446086,2.5863388400947613,0.955376295567448,1.0857289776736625
1,7.0408376852788335,4.694090188459341,4.694090188459341,9.029245367796802,1.0,1.0,1.0,1.0,0.0,0.0,1.7226651260594088,1.9814390493920093,0.6138892073475251,0.0993121707376603,1.0288496968157783,0.34060212174922655
0,-3.0915665646714587,-1.1785422417835916,-3.803613453795829,-1.1785422417835916,0.0,0.0,0.0,0.0,0.0,1.0,-2.2738184901605134,-0.411269232077897,-1.2217196720974028,-1.5667667880507312,-2.1395210082317773,0.7225414028557523
1,0.6184396863783624,-2.5418266114041193,-2.5418266114041193,0.2730742666534366,0.0,0.0,0.0,0.0,0.0,0.0,-0.29022647355745496,-2.275959688970944,-0.9063019177024663,-0.9864371967281504,-1.0736682739517394,-1.2650754543411238
0,1.311091026831681,1.714174005670463,1.0976786890469217,1.714174005670463,0.0,0.0,0.0,1.0,0.0,1.0,1.5101498602811265,-0.9823518321938649,-0.10953931150219359,0.02001757213344557,-0.09361894243977203,-0.9066611184423703
1,0.30206764910938677,-1.0613350345461647,-1.0613350345461647,-0.9386401826423422,1.0,0.0,0.0,1.0,0.0,0.0,-1.1902158453046965,-1.0546803957094621,1.9509902566278698,-0.2954352215526288,-0.1774174408334241,-0.9661862583555567
0,2.5930384555727244,3.6016708204778882,1.0714189266630112,3.6016708204778882,0.0,0.0,0.0,0.0,1.0,0.0,1.315477196774136,0.39618556368099844,-0.2940069402105996,1.506331505067623,-0.028357705585985327,0.2399481643461724
0,0.9328775695345987,2.8529827822295633,0.061797457613992135,2.8529827822295633,0.0,0.0,1.0,1.0,0.0,0.0,-0.5390413192703768,2.2918112684734036,0.3026696564585123,-1.3725692914135819,-1.110070141805831,0.7458592128565689
1,5.209578826237704,2.348785171401677,2.348785171401677,4.231125389748961,0.0,0.0,1.0,1.0,0.0,1.0,0.8058868314852199,1.835121016048551,0.43789675367639913,0.8496434674321054,0.20339401052367068,0.9921848848880681
0,-0.5805596387415515,2.4303548555160415,0.06383079554121251,2.4303548555160415,1.0,1.0,0.0,1.0,1.0,0.0,0.5316833329797581,-1.2752048450280122,-0.7734651958581631,-1.8965197276116093,-0.3410614123372556,0.14331968688135754
1,1.032530468458727,2.0218205959310462,2.0218205959310462,2.3923709200745447,0.0,0.0,1.0,0.0,1.0,1.0,0.5066255714267075,-0.6133217212918249,-0.19871387072522584,-0.8285934480637559,0.5144889413737475,1.6394751963519456
0,1.8074093499403892,0.4590645909435809,2.015992508283257,0.4590645909435809,0.0,1.0,1.0,0.0,0.0,0.0,-0.6916091035524016,1.4484261760741695,-0.3722369091326898,-1.5027584296087317,1.007087533937759,2.1518492645453247
0,4.23689088932743,6.079925291295169,4.642651539274665,6.079925291295169,0.0,0.0,1.0,1.0,0.0,1.0,1.9898182406950717,1.5870592821651612,0.5848079291355814,0.6214659957887546,0.4108968439858089,1.0997165431413896
1,0.0013803146090238805,-1.6297169021378768,-1.6297169021378768,0.7699069505378027,0.0,0.0,0.0,0.0,1.0,0.0,-2.0599818690440967,-0.17899366503919273,-0.5357888892637764,0.6855833513563484,0.9091535408566442,0.6654427434083054
1,7.011238668669588,3.583755684811563,3.583755684811563,9.025680712351745,0.0,1.0,1.0,0.0,1.0,1.0,3.0115738039985485,0.6627426903411432,0.7441973005052636,0.9598553518360597,1.7464736093511428,1.087708727859383
1,0.6996253275535903,-1.6441954213187555,-1.6441954213187555,-0.4653212766691782,0.0,0.0,1.0,0.0,0.0,1.0,-0.04570603208394916,-0.06236385104688713,-0.6287766535367567,-1.8439102858148342,-1.2088243136856578,-0.848278676639706
0,0.08688140727580784,1.7426419445614365,0.6745008101635017,1.7426419445614365,0.0,1.0,1.0,1.0,1.0,0.0,-0.6202451115086197,-0.19082454294925755,-0.7631602658796175,-0.23032435539123164,-0.27937495259980233,0.18756360759902185
1,0.09398774160823908,-0.9833728649142979,-0.9833728649142979,-0.10401852588390853,0.0,0.0,1.0,1.0,1.0,0.0,-0.5075359940319556,-0.8631074171519376,1.261588056021542,0.6343494633013163,-0.8351115493687332,0.8749944877260994
1,-1.1153464165478575,-0.44913794610286517,-0.44913794610286517,-0.3588929852159975,1.0,1.0,0.0,1.0,1.0,1.0,-1.8806260650605857,-0.20863753457528844,1.66333260342717,1.365598706848626,1.269243571351862,0.6362170444873523
1,1.783632206516089,2.2322754702970924,2.2322754702970924,2.246906857012791,0.0,1.0,1.0,0.0,0.0,0.0,0.9559430433056357,-1.0817626323197242,-0.47693715329471087,1.6336731731823715,0.977708516504892,-0.496128603619055
0,1.5521779280025687,5.297174779082706,3.4011848064078922,5.297174779082706,1.0,0.0,1.0,1.0,0.0,1.0,0.5709002645036823,0.4178225996374654,1.1765584219491727,2.1443308021095517,0.5587205539895135,-0.8770140316593869
1,2.721496550027829,2.845219346197654,2.845219346197654,1.2261932379494798,1.0,1.0,0.0,0.0,0.0,1.0,-1.5279133661237554,0.5376696023748835,-0.639024227329523,-0.3085555104756248,-0.7438545721384318,0.23620553587626453
1,1.5930816389180849,2.1645375361366357,2.1645375361366357,3.0229941179662516,0.0,1.0,1.0,0.0,1.0,0.0,0.061932725144189994,0.6064533026332193,-0.077415014857497,-1.1255422765694938,-0.1785300383763418,-0.1219668460214283
1,4.1911971384192475,3.3153183900529926,3.3153183900529926,0.48215883639041035,0.0,0.0,0.0,0.0,0.0,1.0,0.8462155574623165,0.3755336379738348,-0.04347004758232359,0.34131957827755915,1.2885700217328027,-0.2339092057005865
1,2.5259413671310083,3.461915693231929,3.461915693231929,3.071221210969526,0.0,1.0,0.0,0.0,0.0,0.0,0.5875073839664242,0.7144471479604894,1.5769633327434536,1.1903598824160584,-0.3388978703937472,0.9686573469098055
1,0.4670150924880532,-1.598952015657102,-1.598952015657102,-1.006770436572475,0.0,0.0,1.0,0.0,0.0,0.0,-1.7765647121709458,-0.969297265337332,-0.9969231268358376,-0.09037151483844072,-1.0589063591024752,-0.18341677219893582
0,1.3932373791516262,3.004794209471771,0.8884867915028337,3.004794209471771,1.0,1.0,1.0,0.0,1.0,1.0,-0.27552034446511503,-0.04704948502178277,1.0014522926740645,-0.7528719646414223,-1.0538940856679002,-0.37719807103573766
1,1.3292837160388415,1.430882958617808,1.430882958617808,0.5558387940305196,1.0,1.0,1.0,1.0,0.0,0.0,-1.483726295178951,-0.10059604148862811,-2.248180210134078,0.19824805675774942,-1.84135165935778,-0.8916497672133754
1,5.570218342076709,2.1199175671969335,2.1199175671969335,3.504099632332874,1.0,1.0,1.0,1.0,1.0,0.0,-0.16909573409238438,-0.47085815351122795,-0.635389167779185,-0.13130435720451894,0.2842828198726381,-0.20748729949427075
1,6.346534810436798,2.4303848757745103,2.4303848757745103,4.795061170091415,1.0,1.0,1.0,0.0,1.0,0.0,1.148079766223859,0.4822838848732044,-1.0137741656225452,0.2609701675322857,0.15536568418996338,-0.12460052213295703
1,2.8938295445979887,0.8784628477455885,0.8784628477455885,4.507660018310453,1.0,0.0,1.0,0.0,0.0,1.0,0.7683562426169216,-1.1081880941107507,-1.0892625452718525,1.6969903893224332,-0.40150746613574195,-0.22852268911895962
0,1.1356762305094619,7.410866350058395,1.907034066064829,7.410866350058395,1.0,1.0,1.0,0.0,1.0,1.0,2.0147111170135563,-0.48183537421005795,0.2053707453199489,-0.7625603356506289,-0.9781188809495813,-0.03884548972947355
1,4.221641899247911,-0.5787753760027159,-0.5787753760027159,2.6644214931178505,0.0,0.0,1.0,0.0,0.0,1.0,0.046562918551376994,0.7004279013081113,1.3453049136418604,-0.15388905552527665,0.3583148479288945,0.346751833891759
1,1.3214642781162629,-1.671173461797974,-1.671173461797974,0.6539691377422918,0.0,0.0,1.0,0.0,0.0,1.0,-0.4172450204800816,-0.3050427261782981,-0.022442240711239847,-0.5732962346328404,-0.03734107356873517,1.2974583730627336
1,6.613262434285905,3.3204553651442215,3.3204553651442215,6.012191980434718,1.0,0.0,1.0,1.0,0.0,1.0,1.9043521640665326,1.4110495940644143,1.6394589236470933,1.35717236557735,-0.27841211067625316,0.8870493933260897
0,-1.7745973211214605,-1.5944208277251468,-1.2834767147371737,-1.5944208277251468,0.0,0.0,0.0,0.0,1.0,1.0,-1.7696270797457372,-0.8902877959430815,-2.364803967492547,-0.7629685078579833,-1.175326887856909,-0.9502671353334675
1,4.4553666383840484,3.8026457274369063,3.8026457274369063,4.413238273793101,0.0,1.0,0.0,1.0,0.0,1.0,0.45798746042298727,1.2079493192382027,0.6133989374979503,0.03337228854241034,0.9279459844952065,0.9714075014786292
0,-0.5024974746207462,0.38182821675617473,1.7784675422208236,0.38182821675617473,0.0,1.0,1.0,0.0,0.0,1.0,-0.6485176099787137,0.19007009699673505,1.5320877875269945,1.4001042133561457,0.6747562003897705,2.4880481999815913
0,-1.1190058008274162,-1.167007205926669,1.2685892405066905,-1.167007205926669,0.0,0.0,0.0,1.0,1.0,1.0,-1.1617993410863312,-0.03771150139911722,-0.6128644209820827,2.090594258523853,0.809228018977689,-0.6636836823703567
0,-1.7025542204171233,-0.823747968364952,-0.5019433304471164,-0.823747968364952,0.0,0.0,0.0,0.0,1.0,1.0,-0.643491013768975,-0.5657683216593311,-0.6691534065767016,0.5038352841491992,-0.027369433341770805,0.3928454909711568
0,-1.504835919433431,-1.3996802277653644,-1.5593659518968648,-1.3996802277653644,0.0,1.0,1.0,0.0,0.0,1.0,-2.0015321194442657,-1.121400080582228,-0.33869796452302503,-0.603381702244878,1.060826072729005,-1.1763216029283683
0,2.8333050912445445,4.2898523444235,4.456258233909316,4.2898523444235,1.0,1.0,1.0,1.0,0.0,1.0,-0.500496277346641,0.7882746507244487,-0.4318090125531032,0.23986174373448643,2.0248032343194717,0.22937858481163215
0,0.9703285552620854,3.4566725427612646,1.3180043671212869,3.4566725427612646,1.0,1.0,1.0,0.0,0.0,1.0,-1.0037525881981404,-0.36894143749790664,-0.1804191417520682,-0.586871994800349,-0.28526663725195694,0.11483454584025665
0,0.11177930358973898,1.576548878625692,2.4193572992917156,1.576548878625692,0.0,0.0,0.0,0.0,1.0,0.0,0.20451089573929504,1.4685578879556949,1.324698512424495,0.1659800306496374,-0.606680254106594,0.6656328345331821
0,5.046280426587296,5.373606141475932,5.524365796500668,5.373606141475932,1.0,1.0,0.0,0.0,1.0,1.0,1.2051276053252318,1.8917781670684275,1.6294922453110765,1.7111885911484475,0.5756187600102075,1.518818310633257
0,-1.909456844049329,0.2936342275810319,-0.3703105284555757,0.2936342275810319,0.0,0.0,0.0,1.0,0.0,1.0,-1.532646396117567,0.438711005056166,-1.5170719980120921,-1.2396033290783266,0.6756402632884614,-0.9670856886953538
1,2.9728410602351403,3.004646664526129,3.004646664526129,3.8536128438013755,0.0,1.0,1.0,1.0,1.0,0.0,1.1120595563271851,-0.6539228943669539,0.33126209387349914,1.6753098598747396,1.401106487212767,0.5556945447820949
1,-2.896549103321347,-1.4331453027926684,-1.4331453027926684,-2.234157703403508,0.0,0.0,0.0,0.0,1.0,1.0,-0.9632795179446465,-0.9338362451374032,-0.1533898462423954,-0.8050573851778358,-0.103574043748561,-0.14487624828676882
1,3.9733138394285694,1.6581740985883917,1.6581740985883917,6.746112215958286,1.0,1.0,0.0,0.0,1.0,1.0,1.1612578885961384,-0.026168419988125302,0.15988590885421772,-0.5417760704688128,0.5557529738199835,1.672181142237869
1,1.6581127903786828,1.4892080975155881,1.4892080975155881,-1.9097518518108925,1.0,1.0,0.0,0.0,1.0,1.0,-1.8549663043432185,-0.828972783235528,0.4862775740743781,-1.1313520424777224,0.9368030922589883,-0.047058632059329655
0,-1.0291307213214913,2.4705322572602713,-0.7650014026035845,2.4705322572602713,0.0,0.0,0.0,1.0,1.0,0.0,-0.21551874719289502,0.7321342347326312,1.1744846034396423,0.481699470551373,0.3263955006215653,1.3124285398949596
1,2.5632497518292574,2.2454329532967976,2.2454329532967976,3.669352024259462,0.0,1.0,0.0,0.0,0.0,0.0,1.441290432133382,-0.6937556765376435,0.9798390603208335,1.5913728514654184,1.7970836631780827,-1.0481731680541817
0,-0.3659609995298443,2.8340059023152158,0.7908223732293088,2.8340059023152158,1.0,1.0,1.0,0.0,1.0,1.0,-0.5536718964478989,-1.2245923793033215,-0.8750500291722305,-0.6233654665409936,0.45546149103048894,-0.6965283007558318
1,3.7011799980163476,2.5246297696567037,2.5246297696567037,3.9523825154561436,0.0,1.0,1.0,0.0,1.0,1.0,0.1285857760598883,-0.2797717306611827,-1.6083086133624396,0.1675870083101887,-0.3354029593265505,0.49483324011925084
0,0.8932984784249981,4.9139388984608114,0.14261897608154994,4.9139388984608114,0.0,0.0,1.0,0.0,0.0,0.0,0.996791098395142,0.3158371386646308,0.438136829731745,-0.48099542989382676,1.2795923869085792,-0.9370553540240407
1,3.238286250666572,-0.26991916150425665,-0.26991916150425665,2.8579634690733036,0.0,1.0,0.0,0.0,0.0,0.0,0.44291061072946336,0.13390353138904776,0.0813689799463304,-0.4665251384471921,-0.12569161938777565,0.2729249878168857
1,5.634807423124142,2.3198848292952006,2.3198848292952006,5.638784790439777,1.0,1.0,1.0,1.0,1.0,1.0,1.5079066245181156,0.4571120322634714,2.300619396641548,1.478964359384975,2.2556373570341064,2.707535289950297
1,2.7094731683755433,1.5466224325288718,1.5466224325288718,2.867892206046425,1.0,1.0,0.0,1.0,0.0,1.0,0.2951221156298409,-0.7628036714919126,-0.4160145905824866,-0.5433802843584884,0.5299731487456871,-0.15525372606623494
0,1.9662374511616076,2.2684720620592715,0.19461710424368917,2.2684720620592715,1.0,1.0,1.0,1.0,0.0,1.0,-0.013641509491020238,-0.9968840616521648,1.3023510164318366,-0.05728375956330384,-0.07228551588387366,0.9880568629376623
1,3.379144581010236,-0.13493201853274753,-0.13493201853274753,1.409488004575818,0.0,1.0,0.0,1.0,1.0,1.0,-0.8693613910085072,0.0671417032758409,-0.08718071369216235,-0.5929204274657278,0.8385067546891641,-0.23559133558400458
1,0.2918262586161291,1.3637412233472859,1.3637412233472859,2.436857936780889,1.0,0.0,0.0,1.0,1.0,0.0,-0.7219848143378146,-0.5504558801347084,0.3225801319573792,0.2313358008919033,-1.3442541341813274,0.8432002773858389
0,-2.5731745503371806,-2.7337990534647885,-1.2036648677494708,-2.7337990534647885,0.0,0.0,1.0,0.0,1.0,1.0,-1.5904816286251924,-1.3386382225188271,-0.01499532375381385,-0.2775756334346466,-2.208520347807429,-0.5325353702919713
1,6.249845248956016,4.444246698063292,4.444246698063292,6.750167287024504,1.0,0.0,0.0,1.0,0.0,1.0,2.5874434968684605,0.47003913124282853,0.12860829869213286,-0.6090468114710302,2.3141589986951034,1.5692439397752915
1,4.236179141258788,2.746877313442127,2.746877313442127,3.4496210034005728,0.0,1.0,0.0,0.0,0.0,0.0,0.6143965369422553,1.197245536612202,0.4995735847687972,0.5733114960466706,0.5036226223147664,0.9773967233242181
0,2.311436348532427,5.081095288911693,3.5941077654019318,5.081095288911693,1.0,0.0,0.0,0.0,0.0,1.0,0.8514952128318348,1.439181341089358,0.00948092264316841,-0.40618735975338943,-0.5605679504341667,0.5463095270017859
1,-1.0678465024000952,-0.9215350174155372,-0.9215350174155372,-0.6432158052586949,0.0,1.0,0.0,0.0,1.0,0.0,-1.3063565511769173,-0.9653530478624559,-0.2287902398496338,-0.3125094784218163,0.4969042298510669,-0.9145767072196542
0,3.2038964349263654,6.343856152624692,1.8305525203295185,6.343856152624692,1.0,1.0,0.0,1.0,1.0,0.0,0.5704112843721221,-0.27259577379976074,-1.242123407527922,0.21292461744324415,0.7319965780706219,-0.1275473538818984
0,-0.5262526877734208,2.864993737892768,1.911973851657676,2.864993737892768,0.0,1.0,1.0,0.0,0.0,0.0,-1.1369786421170183,0.24882167140325806,-1.0889644096075677,-1.1573955120416373,-0.06205457096098438,-0.9191012358156981
1,3.051120864084318,2.7283894232450896,2.7283894232450896,4.403584146044507,0.0,0.0,0.0,1.0,0.0,0.0,0.43860246507104134,1.3306359213287977,-0.2117919044639477,0.8606620513919874,0.05552380163180415,1.805930419235752
1,1.568802986078759,1.6905197272417878,1.6905197272417878,3.627257645236724,1.0,1.0,1.0,0.0,1.0,0.0,-1.0307441012905316,-0.11966396812070723,0.6806160263542345,0.2954919147505483,-0.46806421821624916,-0.7641063957796509
1,2.731574026335856,3.372263160199328,3.372263160199328,2.753651086095009,1.0,0.0,1.0,0.0,0.0,1.0,0.1090855455845611,0.8888780320348443,-0.18403171596057863,-0.16832605121142116,-0.4619229421254928,-0.45334015373397174
1,5.059183607242312,2.1261409537408396,2.1261409537408396,4.799172144126297,1.0,1.0,1.0,1.0,1.0,1.0,0.5384173605942757,-2.029294834964273,0.27528967934592785,1.620446682328432,0.11505498200876675,1.4519940605590684
1,-2.185841424852798,-2.274808093389518,-2.274808093389518,0.5841490444432754,0.0,1.0,1.0,0.0,1.0,0.0,-0.42508826082602635,-0.5992168703313744,1.4329086021967083,-0.6340916422058365,-0.1063949225866217,0.5758481144210795
1,4.529247248661616,4.065897022919274,4.065897022919274,5.17453341345668,1.0,1.0,0.0,0.0,0.0,0.0,1.9772594910232824,-0.9663251970975517,1.0970080097946804,0.37215527107066787,0.9034949710325202,0.8521287737523151
0,0.7943215986193399,3.2995729474172286,0.9987383123595253,3.2995729474172286,0.0,1.0,0.0,1.0,0.0,0.0,0.44658378285100137,-0.08903973451217162,0.949216516147757,0.5716867571384235,0.9650264050976491,-0.37832687995785813
1,0.42438206782049426,0.23042994736481326,0.23042994736481326,0.7607170502934798,0.0,0.0,1.0,0.0,0.0,0.0,-0.8781034712843038,-0.5375768960554244,-1.1047362974376063,0.4645689780232539,0.9955348162260658,-0.8374835544879755
0,-0.830155811444485,3.3297530976623486,1.4861425249255984,3.3297530976623486,0.0,0.0,0.0,0.0,0.0,0.0,-0.07125563778135131,0.7206010443021718,0.6998806617379245,1.2752733021204006,1.3751158137862403,0.23658120517949144
0,3.1865913970812727,2.1123635957979587,0.8362890194968161,2.1123635957979587,1.0,1.0,1.0,0.0,0.0,1.0,-0.738693706127964,-0.5186687320264977,-1.3231511783380747,-0.7925942643942108,1.6731065227249464,-0.19402960026082253
0,2.10744433026647,3.937317906733032,1.546724871986235,3.937317906733032,1.0,0.0,0.0,0.0,0.0,1.0,0.11193346017408932,0.4219171969129622,-0.9450265076733221,-1.3613957215986976,0.37439941651594155,-0.2863451960672855
1,2.914908562461657,2.2838958254674373,2.2838958254674373,0.9157625456652054,1.0,1.0,1.0,0.0,0.0,0.0,-0.5438062447374481,0.3322548116728569,0.3328326566033352,-0.4243887033601529,-0.13950697736953988,-1.3920246943168442
1,2.7155734234203126,3.735075815887818,3.735075815887818,1.5054342660824882,0.0,0.0,1.0,0.0,1.0,1.0,1.3319780377242498,-0.7784437143079566,-0.7447598257378623,-0.38765598688352987,0.8226224500698106,0.04771561534342217
1,1.238228388775349,-0.10071693535870696,-0.10071693535870696,3.068493219245349,1.0,1.0,1.0,1.0,1.0,0.0,-0.9535178467286631,-0.8108810334840502,-0.8990595226929677,-2.8427085473458344,0.37926300154392634,-1.0758686207464825
1,3.4482061110799225,-0.058975599506849496,-0.058975599506849496,2.978582039132877,1.0,1.0,0.0,1.0,1.0,0.0,-0.6442685293367212,-0.0556163384151741,-0.875397216319423,0.006063448495934709,0.4627614080773944,-0.038331105718752465
0,3.1966888500472574,4.5923548666321174,3.5136104074259356,4.5923548666321174,0.0,1.0,0.0,0.0,0.0,0.0,0.38726663091289465,0.9894858199055236,-1.5605849453122733,-1.1608239437378969,1.5093630360882506,-0.23605448215570785
0,0.9972663512550922,0.6708221520957276,1.3630665620428981,0.6708221520957276,0.0,0.0,0.0,0.0,1.0,1.0,0.3278966249397409,0.15878400089930314,1.0861580462901244,0.053337888881122675,0.027163143407247015,-0.1985568235901864
1,3.8028474574075704,-0.799045834761834,-0.799045834761834,2.314132824277898,1.0,0.0,1.0,0.0,1.0,0.0,-0.512432242685847,-0.2636733877660662,0.721713434595231,1.347853064622208,0.1647914853504643,0.38525820377119546
0,2.8688225294580767,5.710248455067875,4.614296988027238,5.710248455067875,1.0,1.0,1.0,1.0,1.0,1.0,0.7666761086029629,-1.2709507387523051,-1.1055618587089397,-0.3164559573679289,0.27622434910831273,-0.12391339834061188
0,-0.33100138533302115,2.4107245736848273,0.2580500991944477,2.4107245736848273,1.0,0.0,0.0,1.0,1.0,1.0,-0.940621563063336,-0.046835015611982,-0.42421165551655676,-0.37366782599366977,-0.9103816295831563,-1.6210241283630897
0,0.44459558669153154,2.8008609521171985,1.1532701154905056,2.8008609521171985,0.0,1.0,0.0,1.0,1.0,1.0,0.7022925856340346,0.1312086228810604,2.5355820055069564,0.489441057830687,0.39746930679203446,0.07525323691071117
0,3.5171670772718056,7.052415313177631,3.9924849769420234,7.052415313177631,0.0,1.0,1.0,1.0,1.0,1.0,-0.09782109280541536,1.9573976855159434,0.0434800559098083,0.9211919415058679,2.301122468485735,1.8655201760818851
0,1.8056584456202658,0.4131889366970538,-0.3452142976505044,0.4131889366970538,1.0,1.0,0.0,0.0,0.0,0.0,-0.4581429913227876,-0.9339706427254567,0.008650827161333807,0.9680733626233017,-1.153811878590385,-0.19381954947631658
1,-2.1798465707021464,-0.45780738729721016,-0.45780738729721016,-2.3144230403274015,0.0,0.0,0.0,1.0,1.0,0.0,-1.2423749099582377,-0.30472561928243524,-0.34155312680232985,0.21896831673370284,-0.6418793117239615,1.070795211832369
1,6.042340700921947,5.170547995700497,5.170547995700497,7.16232960847547,1.0,0.0,1.0,0.0,0.0,1.0,1.1945589894840831,1.6983542103498244,-0.7037357932399985,1.0605861993243084,1.6178362572668794,-0.16954498471985002
1,-1.090625460873805,-0.9997821113362284,-0.9997821113362284,-0.858482670233701,0.0,1.0,0.0,1.0,0.0,1.0,-2.257520233548494,1.398486402731324,-0.10223471621230251,-0.6715022260977022,-0.26073964617705325,-0.07540769458379032
1,2.3550825190371136,2.144532708440803,2.144532708440803,3.2844968692489216,1.0,0.0,1.0,0.0,0.0,0.0,0.2213608210481061,-0.4734264712009746,0.058955077154330404,-1.714495346606095,0.657925639158678,-1.0133363104182438
0,0.7012595663966527,3.9162261057882013,1.6353801429422679,3.9162261057882013,1.0,1.0,1.0,1.0,1.0,0.0,-0.7344180855998688,-1.1464771809238405,-0.1011763147557726,0.5076141557267438,0.6517636155267181,2.0721331043399593
1,5.210177463965214,-0.7753841713804228,-0.7753841713804228,3.462599405103857,0.0,0.0,0.0,0.0,1.0,0.0,1.3286460220850573,0.9675813056664215,2.014036268176224,-0.356058375182378,0.19262539936632728,1.3755993729656513
0,4.10320125769991,8.103389581682132,6.115085885135606,8.103389581682132,1.0,0.0,1.0,0.0,1.0,0.0,1.4185807108171153,1.6850628654405249,-0.6084563419005287,1.3497679667078455,1.0220738536686313,-0.3448981996594871
1,5.954690832118594,2.9965829430966866,2.9965829430966866,4.906418974592775,1.0,1.0,0.0,1.0,1.0,1.0,0.8300025392096203,-0.04132012314936068,-0.17839918082551673,1.0692691325749482,-0.10925894124672555,0.8781244178590063
0,-3.3155179956506813,-2.3891941101028444,-0.9230564632858549,-2.3891941101028444,1.0,1.0,1.0,1.0,1.0,1.0,-2.96212446526118,-0.6425161610594566,1.161120398901202,-1.151533380988686,-0.0033478763403319844,0.07339170969387077
0,0.24677510468738184,2.754719931602597,1.3043311348870352,2.754719931602597,1.0,0.0,1.0,1.0,1.0,1.0,-0.15460681770540416,-1.0460218404138821,-0.395467242978757,0.5429603229476562,1.5927108500666676,0.028596960018096113
1,5.8845273444292365,3.5249089301033627,3.5249089301033627,7.189698191455371,1.0,0.0,1.0,0.0,0.0,1.0,0.9917585287348198,1.1589114969003282,0.7377876045045493,1.9501899969778242,0.5583088956316592,0.4128472946012814
1,5.179226388909136,1.991573879538662,1.991573879538662,4.339131823505094,1.0,1.0,0.0,1.0,1.0,1.0,0.34145938031279005,0.8499948301395253,-0.17166676014096727,-1.5492952173543566,-0.14536379228330157,0.7292329015226412
0,-1.240482008537812,1.9556618976768247,1.5877791381383761,1.9556618976768247,0.0,0.0,1.0,0.0,0.0,1.0,0.5773281528222214,-0.10105892200814043,-0.5697003183722303,0.4535040286811304,-1.030819930225002,-0.6582553520491138
0,2.085698742755439,3.5039426570352497,1.6540166663510414,3.5039426570352497,1.0,1.0,0.0,0.0,0.0,0.0,0.621546783339082,-0.07785351957468134,1.5842682304094868,-0.028631145572027616,0.20515521002592568,0.8904572672940012
1,2.085730261074662,0.40303974383752994,0.40303974383752994,3.1806213845975377,1.0,0.0,1.0,1.0,1.0,0.0,0.008354948989371587,0.32754452877496787,-0.6907983687123512,-0.2218403678873781,-1.2753922688121602,2.013441398464133
0,-0.04518674498995978,0.23026243294317394,0.7413662215429935,0.23026243294317394,1.0,0.0,0.0,1.0,0.0,1.0,-0.8578623805706301,-1.141190476940204,0.575699315694835,0.6137199931076855,0.49451031910260634,1.5414079593573078
0,0.5814156404806683,4.303458885599018,3.7489559925529674,4.303458885599018,1.0,1.0,1.0,0.0,1.0,0.0,-0.48820107890784276,-0.19859972606475484,-0.304540643527204,1.292464823408575,0.10776615271956978,0.4022068543994686
0,-1.6155619754060677,0.5131269863675426,-1.0715496569654803,0.5131269863675426,0.0,1.0,0.0,0.0,1.0,0.0,-0.6206768774083448,-1.3083407610480817,0.787534094484537,-1.0296038742022753,-0.9154908234662822,-1.2484690346826186
1,1.8150467386898337,1.0381146294774188,1.0381146294774188,1.1462182027042536,1.0,0.0,0.0,1.0,0.0,0.0,0.0840336990422868,1.6716033834478752,3.331506376131442,1.6566936568296458,0.2248914420557171,2.7002602359547727
1,2.7393318366240593,1.4702983954359894,1.4702983954359894,2.966201251824805,1.0,0.0,0.0,1.0,0.0,0.0,0.3929841036083738,0.47924109240181445,0.5960632707880994,-1.3169333488497117,-0.7799782539118366,0.6504860877850291
1,0.23042230483079917,-1.283072636224936,-1.283072636224936,1.1466963119727582,0.0,1.0,0.0,0.0,0.0,0.0,-0.20837385776371173,-1.777902793249304,-1.1532337531260357,-1.6207253715456724,-0.6447611400538834,-0.4489737408007227
1,3.71136600770409,3.676521187189627,3.676521187189627,2.3957443569047494,1.0,0.0,0.0,1.0,0.0,1.0,0.4889507840199206,0.4014763627379411,-1.7349426284757257,0.31963279540663164,-0.28827097651124595,-0.40022790702775
0,-0.14829639096778235,-1.901124221566235,-1.3574706788830129,-1.901124221566235,0.0,0.0,0.0,0.0,0.0,0.0,-0.9110902700739025,-0.10517599113416226,0.6198736213448197,-0.25854022236825996,0.10548067818660341,-0.6989520459816109
0,0.6299048736954327,2.7101741281557152,0.8670213889119252,2.7101741281557152,1.0,0.0,1.0,1.0,1.0,1.0,-0.8989017766570777,-0.324346281489749,-1.7828321214237226,-0.37568802642149235,-0.879117791638601,0.4096180644751368
0,3.783921503884609,6.621168697801113,2.789147530922217,6.621168697801113,1.0,0.0,1.0,1.0,1.0,1.0,2.192143854424995,1.4118444033441753,2.3057728149647287,2.020043507489444,2.179500592836957,-0.09482656331204331
0,5.847209867068765,8.299885767842337,3.309245026445769,8.299885767842337,1.0,0.0,1.0,0.0,1.0,0.0,1.3529752561408026,2.619508098786791,-0.010124970443692094,-0.08242482143645935,1.3328645335764184,0.531737916956343
1,2.3147323389749848,2.7940130480007843,2.7940130480007843,1.1770594121479065,0.0,0.0,1.0,0.0,1.0,0.0,-0.39175462353813034,0.05756101532649997,-0.9176894564844547,0.48824081716279655,0.3977433808996329,0.30494846104502554
1,4.1328901993028975,4.235596993593805,4.235596993593805,6.579450796865738,1.0,0.0,0.0,1.0,1.0,0.0,1.502725103664823,1.858417713973688,1.1766704612955978,2.0899203622728213,0.8974836198518256,-0.12166427663168444
0,2.740287742769532,3.5809050014738313,0.5702096547903213,3.5809050014738313,1.0,0.0,0.0,1.0,1.0,1.0,-0.061443837300718875,0.5419592303881047,0.7299638579546851,0.3983899826335752,-0.15464108901272922,1.126750121290577
1,1.4533224488669951,1.1509338731890086,1.1509338731890086,2.7205363662119995,1.0,1.0,0.0,0.0,0.0,0.0,0.0968269949073015,-0.8892460248718983,1.558066661977338,-0.7563817905996102,1.9386559127407081,-0.41688353836134306
0,-1.686865177488768,-0.4061119564331439,-1.9946893641074503,-0.4061119564331439,0.0,0.0,0.0,0.0,0.0,1.0,-1.836975425280128,-2.057528145620803,-1.5700750906558498,-0.28074930014138955,-0.1094389953333188,-1.1119038586863315
1,2.6944576790923636,-0.6349858812620536,-0.6349858812620536,0.5588165394681293,1.0,0.0,0.0,1.0,0.0,0.0,-0.8282902836184702,-0.9840585402086632,-0.0750471370609872,-0.15049130794970017,-0.9410094668145709,-1.4975126740579845
0,3.330165817954498,2.264322839738188,1.9581829774402972,2.264322839738188,1.0,0.0,0.0,0.0,0.0,1.0,-0.11793801137298,0.3002840121024146,0.9857652681169895,2.0722987285142462,-0.3665634055872391,0.5347930474724726
0,2.04183393506052,2.5917245406066147,1.298212976490088,2.5917245406066147,1.0,1.0,0.0,1.0,0.0,1.0,-0.7020281341760212,0.7698868319826332,0.9479551336851622,0.4369781214183426,0.45575875757615614,1.09220174486076
0,1.097346772846856,0.4959053895313891,0.500622556691072,0.4959053895313891,0.0,0.0,0.0,0.0,1.0,1.0,-1.140436548929635,1.3364729782815243,-0.018903249954353107,0.7288199831916785,0.12177255854897963,-1.4554736665173524
1,5.638948844548093,3.969428186011956,3.969428186011956,3.9146789749215913,0.0,0.0,1.0,1.0,0.0,1.0,0.07840659044476928,1.1039892236456856,0.05837676309797579,2.176238296667011,2.2073887546106663,1.7500941029017727
1,3.06416826869346,1.362647994138419,1.362647994138419,5.566220646619303,1.0,1.0,1.0,1.0,1.0,0.0,0.41475913194100705,-0.91368115338608,-0.10811103630903685,-0.19453712536951623,-1.7241739644955283,-0.6898021529326531
0,2.9242329391446877,1.238018317603386,4.0589840398084736,1.238018317603386,1.0,1.0,1.0,0.0,1.0,0.0,-0.05646956100818514,-0.0982100753494839,-0.5407494375973791,-0.6820437396510952,-1.5600083138167862,0.10995126270821531
1,2.083128662854869,1.3491110875253802,1.3491110875253802,1.3573640941195781,0.0,0.0,1.0,1.0,1.0,1.0,0.5944437440021242,0.2775954760128253,1.2000868910722584,1.8546872067059614,0.9392773897714635,1.5798281354772912
1,5.042322297935834,4.217582801743622,4.217582801743622,5.4700253674973105,1.0,1.0,1.0,1.0,1.0,1.0,0.7194457178497387,0.5503297295040838,-0.5845084520158579,-0.03482448577629188,0.2669326609920965,0.9607877832385352
1,4.2525088535411815,3.9588485746746103,3.9588485746746103,4.347951693988739,1.0,1.0,1.0,0.0,0.0,0.0,0.2400932151784544,-0.16471527195616642,0.09780954360844253,-0.29910809365109847,0.3378252529221681,-0.308154026175847
1,1.5613148139642403,1.419087483137912,1.419087483137912,0.7173733124026149,0.0,1.0,0.0,1.0,0.0,1.0,-0.2982955169751927,0.2766350432949913,1.2135866883730089,1.5176489936907824,0.1825483989926473,-1.0679675842007041
0,-1.0628027389019477,1.772567355693823,0.38813112797365357,1.772567355693823,0.0,1.0,1.0,1.0,1.0,0.0,0.5838937868587295,-2.279391698392951,-0.7900044222674572,-1.7984190492073049,-1.9844290637639541,0.06137925969203861
0,-1.6887616581971308,0.43322075877874844,-1.7884715439031185,0.43322075877874844,0.0,0.0,1.0,0.0,0.0,0.0,-1.516074247840634,-1.732499260200609,-1.6819450078710347,-0.3740207204267512,-1.4160612608705931,-0.985562566232177
1,-3.7155117910799786,-1.8780252898285255,-1.8780252898285255,-3.267454943577127,0.0,0.0,0.0,0.0,1.0,0.0,-2.3414620687345518,0.20608757717098636,0.9044377159056062,-1.2035187395018698,-1.1456732850766342,-1.8759742356607814
1,1.670613955437397,0.19905756921390483,0.19905756921390483,1.7648494444343488,0.0,0.0,1.0,0.0,0.0,1.0,0.8800847415135388,-0.025765334030146705,1.0406587045363194,-0.9744949783598067,0.6112544775138087,-0.22992309887923984
0,3.236034378409056,4.156615045199048,1.8493488192935725,4.156615045199048,0.0,1.0,0.0,1.0,0.0,1.0,1.6757741236592034,0.686517980316276,1.112785313472893,-0.8926930718349205,0.14577956106862222,1.8449597388326247
0,1.05726005128266,5.739886108700915,2.168729087313791,5.739886108700915,1.0,0.0,1.0,1.0,0.0,1.0,0.5388553994213143,0.7857716391844162,0.6250862372545826,0.36062452792934946,0.8807417206132215,0.5488516766618384
0,-0.832065309155879,1.4550203379106912,-0.6555873414622083,1.4550203379106912,1.0,0.0,0.0,1.0,1.0,1.0,-1.3783159159245792,-0.5651981465499778,-0.8188177702991792,-1.5697997825322496,-1.806075631129806,0.869182929392113
1,6.9484534335324035,6.356893128470745,6.356893128470745,7.229795636700074,1.0,1.0,1.0,1.0,0.0,0.0,0.5265356264158432,1.4798057681172514,-1.7257892249260516,0.9784323087217771,-0.043455616331253305,1.627027767886106
1,3.7624962092112075,2.8781219918085084,2.8781219918085084,5.597722950833534,1.0,1.0,1.0,1.0,1.0,1.0,0.7120875788815063,-0.2235612457319771,-0.32542596597028894,-1.6109918856391139,-0.22703117258124128,0.9284710291231607
0,1.2921272785952929,1.2846156995571294,-0.19613647232935416,1.2846156995571294,1.0,0.0,1.0,1.0,0.0,1.0,-1.1561106889704678,0.34912318509761586,0.5400142934513301,0.26432146095888215,-1.399225746007821,-2.1344187363539793
1,2.644091923758697,4.24122567342661,4.24122567342661,5.03715694688928,1.0,1.0,1.0,1.0,0.0,1.0,0.49923825007544653,-0.01062745524482045,0.22662776059076717,0.7532064387616212,0.8719954911133954,0.1155622302977124
0,4.777670185065437,2.578946560586145,2.9739543841537417,2.578946560586145,1.0,1.0,0.0,1.0,1.0,1.0,-0.33693118543464057,0.6451672948798202,-0.29024265918200554,0.9138909321199118,0.4976410197168275,-0.3992764526677015
0,0.34732391576888433,0.9372797006100121,0.8644156458590224,0.9372797006100121,1.0,0.0,0.0,0.0,0.0,0.0,-0.7703417441272046,0.8220561811654052,-0.17160426702654252,-0.15798128972211964,-0.6673909674586567,-1.1663613361649476
1,4.523648504598241,3.352241149755151,3.352241149755151,5.69301770415896,1.0,1.0,0.0,0.0,0.0,1.0,0.9776621240632557,-0.6554993338505359,-0.5233801042551335,1.1470069683379531,0.2662245314096582,1.6448526164714705
0,1.26522566915579,1.5238287576903125,0.9743134581952799,1.5238287576903125,0.0,0.0,0.0,0.0,1.0,1.0,-0.23316395635340958,0.3991420096675763,-0.09752133339793076,0.4621606556293871,-0.16437213140039372,0.5312068869855595
0,3.917330215780254,6.550637022391023,4.656679120764573,6.550637022391023,1.0,1.0,1.0,1.0,0.0,1.0,0.4995490722802638,1.4725665724326629,0.5329927671549187,1.733238545072649,1.4526416591331253,0.7129749230089123
0,-0.40761383470760115,1.583680713435498,-1.0677212408636636,1.583680713435498,0.0,0.0,0.0,0.0,1.0,0.0,0.06806761498033187,-2.6362032586540165,-1.1930892661573347,0.6159911963658682,-0.07707096350756981,0.03728839367003833
1,3.840730973917859,2.1118536839400965,2.1118536839400965,2.6139241556226493,1.0,1.0,1.0,0.0,1.0,0.0,-1.9191250494992176,0.3542696297148874,-1.6522551665549794,-0.8221965825844141,-0.6451472869268808,-0.8946887926241627
1,4.942373103932625,3.387349429795353,3.387349429795353,2.8686839389988044,0.0,1.0,1.0,0.0,0.0,0.0,0.7413057178808095,0.09011361613095226,-0.2933158907931983,0.8292353809270534,0.5864494478600553,1.7541117204479746
1,4.960620288367078,0.7648531927703801,0.7648531927703801,3.959664461989984,0.0,0.0,1.0,0.0,0.0,1.0,0.7208087045847669,1.1128402205078634,0.16883805453044715,0.05030374634582807,0.6280776216238352,0.6496393548707254
1,2.156687429498578,2.3332478325678494,2.3332478325678494,1.4923558862229287,0.0,1.0,0.0,1.0,0.0,0.0,0.41547303551332365,-0.5467007893746785,-0.695239042026,0.20137542437605468,0.6575257626031193,-0.14825920649132754
1,-0.048410151763627035,0.7220666327057047,0.7220666327057047,0.6546599386603763,0.0,0.0,1.0,1.0,0.0,0.0,-0.9681675442915073,-0.025156408866009033,-0.5435226442983936,-0.9703840576249589,2.176359586747821,-0.2983786049921295
1,5.418921351319274,3.5550246995735097,3.5550246995735097,7.0836964794560755,1.0,1.0,1.0,1.0,0.0,1.0,0.8846460732624329,1.0605019869464034,0.5016988460348453,-0.3159597768682914,2.536620971345042,1.3074474463894497
0,-1.245739006809343,1.2977939371420508,1.1033943510023974,1.2977939371420508,0.0,1.0,0.0,0.0,0.0,1.0,-0.7841270629677448,0.021959641083175385,0.06485970219580878,-0.8212821937497112,0.04518199425277669,-1.3143422415953783
1,0.7734332042198284,-1.422722390403042,-1.422722390403042,2.288229606168985,1.0,0.0,0.0,1.0,1.0,1.0,-0.6281041669929025,-0.9917413016302947,-0.904699030890711,-0.32426554734233315,-0.6503936415570889,0.4590432427342366
1,3.0688651085368033,1.1274803609635535,1.1274803609635535,5.13523292819336,1.0,1.0,1.0,1.0,1.0,1.0,-0.13243161474033652,0.7556927077905168,0.37744628351158094,-2.057144133928821,1.0920348354316405,0.1411478535766068
1,4.269049387033453,1.6826069086773079,1.6826069086773079,2.0711497278292694,0.0,1.0,1.0,0.0,1.0,0.0,0.5775910611232292,-0.696099206556411,-1.172112630962603,0.05540848123948002,-0.640914882459025,-1.8816558664068364
1,2.9421647685853287,2.3144193854851176,2.3144193854851176,4.573910057735841,0.0,1.0,0.0,0.0,1.0,1.0,0.6057334591268263,1.0769344509256418,1.6468270064891164,-0.3662488683996547,1.5291377998945448,0.8626567333145428
0,-1.355436504260912,0.020488769727526668,0.22664452197234936,0.020488769727526668,1.0,0.0,0.0,1.0,1.0,1.0,-1.0351265158451668,-0.7887586478562882,-0.7969504021374982,-0.0816773400843031,0.34380651805112333,-0.797868302796741
1,2.374376112852008,-0.15858066800153048,-0.15858066800153048,3.163678156011228,1.0,0.0,0.0,0.0,0.0,1.0,-0.7652895888141369,1.04985060968892,-0.11442431225184951,-0.2763584397627471,0.36513531855649717,-0.029682533286859908
1,0.19731450619989527,-2.7158744657368903,-2.7158744657368903,2.4426046411118967,0.0,0.0,1.0,1.0,1.0,1.0,-0.44161398361309384,-0.08090519264804363,-0.5896981821269685,-0.9222068190299497,-1.186180565122131,-0.8486920386268171
1,1.3583141822473916,1.7971226141024115,1.7971226141024115,2.491802646689627,1.0,0.0,0.0,0.0,0.0,0.0,-1.1642599708155463,0.21121340641758546,-2.4494130357808483,-0.6347955451080752,-0.6062888566942337,-0.1493337111845574
0,5.148351216921857,5.564741832030145,4.185622277339205,5.564741832030145,1.0,1.0,1.0,1.0,1.0,1.0,0.7306344238483331,0.6347973062524881,0.808302997705235,2.290845779884643,0.8932651454268322,0.8354009071798314
1,4.565665112116209,3.697350776027043,3.697350776027043,5.536535453312859,1.0,1.0,0.0,1.0,0.0,1.0,0.17016180053201005,1.3021869326591529,-0.29758191534145423,-0.06497732204575962,0.27441696783961067,0.037553986161001224
1,3.5179381368619813,0.773723223615151,0.773723223615151,4.3299760214822465,1.0,1.0,0.0,0.0,0.0,1.0,-0.33116871170559975,-0.2640009039888886,-1.101698740108132,0.5661599663368685,0.46710739400681855,0.6248456831936968
1,0.4154420683746796,-0.5548824329480345,-0.5548824329480345,-2.303524026175483,0.0,0.0,1.0,1.0,0.0,0.0,-1.3837243317435095,-0.6535769989698337,-1.9038177028003094,-0.93850777504224,-2.0953439181305984,0.35760174594676664
0,0.8677345832748518,1.576520045436844,1.1356809780713357,1.576520045436844,1.0,0.0,1.0,1.0,1.0,0.0,-0.32409879953798293,-1.425312174657076,-0.6346397313396657,-0.5820567425577149,-2.1372219772735863,0.47581380816234364
0,3.0702911401449713,5.000954806452093,4.125804542701351,5.000954806452093,1.0,1.0,0.0,0.0,1.0,0.0,-0.6515378519656363,-0.15193014111141379,-1.5487610867445833,-0.4192613414410649,0.7808520383320056,0.6187547750227197
1,3.1388684552245416,0.703049160880185,0.703049160880185,2.437813973875886,1.0,0.0,1.0,1.0,1.0,1.0,0.05056757005868216,-0.4066627835702372,-1.5889521264760487,0.18222213107292876,-0.6385837865531855,-0.5683688531438008
1,3.5219244018742915,2.607464722215169,2.607464722215169,2.992525276327499,1.0,0.0,1.0,1.0,1.0,0.0,0.2876318499686835,1.0708689904234285,1.3211735546680923,0.07119939279606459,0.11415270217096929,-0.19368011538526175
1,5.136812204803455,1.6981464647193723,1.6981464647193723,3.518586598207377,1.0,1.0,0.0,0.0,0.0,0.0,-0.4515604431647379,0.8088647932798037,0.2914164260007054,0.12561732661406097,0.053883474788945396,1.2835715847623697
1,6.8815361943035365,0.9739940813597785,0.9739940813597785,4.323639174979032,1.0,1.0,0.0,1.0,0.0,1.0,0.6264654902736303,-0.6354869594428683,-1.198327895377227,-0.23136353513532795,0.037101456095313345,-2.218565047414442
0,3.3950428103876114,5.6561446314478365,2.9363838577903363,5.6561446314478365,1.0,1.0,0.0,1.0,0.0,0.0,1.7321485251236817,-0.8983749274715901,0.3699045360908442,0.5833846708842046,1.144099398415296,1.9124809520436457
0,3.5556041078599745,3.2938398542370515,3.5180825192050174,3.2938398542370515,0.0,1.0,0.0,0.0,0.0,0.0,2.4071803639887204,-1.0040966847901516,-0.002722198442813184,-0.0469712691295804,2.0578722538154963,0.7772923397802936
0,1.147057905489183,3.2874132422936273,4.195752531156627,3.2874132422936273,1.0,0.0,1.0,1.0,1.0,1.0,0.34484444933417907,1.0147103232419215,-1.325179300652362,-0.6940169601379456,0.23302790738110296,-0.45090231958480165
1,7.2386088978873335,4.8807303292518744,4.8807303292518744,6.7742977931749015,1.0,1.0,1.0,1.0,0.0,1.0,0.9509689058482432,0.5003624655667543,-1.3732339395084852,-0.26055289414055505,-0.8948605606925497,-0.26239667754835955
1,4.167564135233988,3.381772756711661,3.381772756711661,2.6912512948897565,1.0,0.0,1.0,1.0,0.0,1.0,0.9258672048877975,-0.6408331024921952,-1.1794679247133104,-0.724483770105623,0.1319311808859891,0.575519712637055
1,2.816260803164579,1.3119350520514788,1.3119350520514788,2.1470788010693136,0.0,0.0,0.0,0.0,1.0,0.0,0.8862376159227354,0.1893660166495571,1.321838376458721,0.1320502625606362,1.2173101460959785,0.13428231259763446
1,1.1138109008066017,0.5948837510944579,0.5948837510944579,1.1980846285233557,1.0,1.0,1.0,1.0,1.0,1.0,-1.8906408584073526,-1.2662954542078477,-1.3587807155591847,-0.900396593979375,0.38783812866296863,-2.2046996152671032
1,3.284952295779991,2.347095197698804,2.347095197698804,3.5654029678460804,0.0,1.0,0.0,1.0,1.0,0.0,1.1884276145078534,0.12052548430425092,1.9554772761534909,0.31614586667533895,-0.179494951692323,1.7341315404368713
0,2.5850032683325948,2.4222050158861355,2.4613412917696165,2.4222050158861355,0.0,1.0,1.0,1.0,1.0,0.0,-0.6823362788875507,-0.23673483338709592,-1.5576605062143838,0.713371984458349,-1.0875859749446564,0.4100060317338843
0,2.1727104822404595,4.12015005039705,1.6379989616593131,4.12015005039705,0.0,1.0,1.0,0.0,1.0,1.0,1.4860366502591884,0.1383931023355136,1.6469506018498792,-0.35256955961619046,0.9688086649338404,0.9545201356791877
1,3.4433162448176033,1.6204087086430456,1.6204087086430456,2.76284606351127,1.0,1.0,1.0,1.0,0.0,1.0,-0.7834830831679763,-0.597892488209745,-1.3381819186345671,-0.009133264844873396,-0.9307957557805626,-0.7486126919867568
0,-1.970797592155754,2.815853355241945,0.7166693048598267,2.815853355241945,1.0,1.0,1.0,1.0,1.0,1.0,-1.5260186950442143,-1.659072197544285,0.4843793324058501,-0.1446787229972477,-1.1530141495436306,-0.16245015333671425
1,3.4055756965691115,3.19835134303421,3.19835134303421,2.666540876327045,1.0,0.0,1.0,1.0,1.0,0.0,0.6457244560360406,-0.2168897518466062,-0.097352656238729,0.01161626820537704,-0.5157303786439499,0.9831277630049707
1,3.8101527452467576,1.772806963121974,1.772806963121974,4.631521102383523,1.0,0.0,1.0,0.0,1.0,1.0,0.4727443590945719,-0.380267893473888,0.8090705589718956,0.6796492644313157,-0.40073770140916415,1.030463690668703
0,2.5344488703205252,5.563977230937382,2.1281101591031546,5.563977230937382,1.0,1.0,1.0,1.0,1.0,1.0,0.7032389225335842,-0.06970215127691087,-0.14291233435304423,0.8536161660981694,-0.18998538426948544,0.2207017889447747
0,1.5755467744096818,3.3947020839174895,2.489914371429749,3.3947020839174895,0.0,1.0,1.0,0.0,1.0,0.0,1.1431523950676066,0.8065078972986035,2.028495998252733,0.6239716030200066,1.0078382050978063,0.2739368281030101
0,0.5288976214095404,3.1793019134292493,3.2733708704317865,3.1793019134292493,0.0,1.0,1.0,0.0,1.0,0.0,0.502503247389968,0.7132640981035445,-1.1715506141371936,-0.5022255598131558,0.2768789649376068,-0.1834209924994255
0,1.398390227408444,2.7954810404305555,2.0366063242775234,2.7954810404305555,0.0,0.0,0.0,0.0,1.0,0.0,1.2942259185961973,0.6252016388000221,0.4491279304624708,0.23119796401427284,1.350328130088569,0.800481055624863
0,0.5180781483755079,1.113756793932906,0.5885829844289293,1.113756793932906,0.0,1.0,0.0,1.0,0.0,0.0,-0.5124404539206806,0.5318438623702343,-0.4323925529397423,-0.4422998814314434,1.0746741797304789,0.3100363714676646
1,2.713152021382694,2.044390736482346,2.044390736482346,3.453769049749686,0.0,1.0,1.0,1.0,1.0,0.0,-0.20122985558030645,0.7522941043572385,0.24395322517136325,1.3924974131784034,-0.2026310586615796,2.5632292667247887
0,1.7676062208214203,2.563830765037276,1.1026625302965412,2.563830765037276,1.0,0.0,0.0,0.0,1.0,0.0,-0.027529445235282026,0.191803263555002,-0.5646639603490764,-0.3995130069879311,0.0907643310876231,-1.2017325473567466
1,-2.741731457310397,0.09497071767603182,0.09497071767603182,-0.9528373005639836,0.0,0.0,1.0,0.0,0.0,1.0,-0.7718172564836402,-0.2714976100103913,0.4708435737462493,-0.3153814127196511,-0.6579617313393449,0.17845476093833126
1,-0.02379725721305559,0.7042508262270836,0.7042508262270836,-0.3234640830505662,0.0,1.0,1.0,0.0,0.0,0.0,-0.6169676681011819,-1.0077216032547311,-1.6197369139532063,-1.5335406768938349,-1.4786733729159836,-1.668400572212349
0,3.606271099812971,4.574939600536303,2.4263132930257134,4.574939600536303,1.0,0.0,1.0,0.0,1.0,0.0,0.5123263407911988,0.3786558097139675,0.7140880879110314,1.2789403401034924,0.28369805174001556,-2.017431229630619
0,1.5839019711668736,1.6278653094246254,1.894287511713201,1.6278653094246254,0.0,1.0,1.0,1.0,1.0,0.0,-0.010259481319592619,-0.49716737664241567,-0.563838879003041,-0.46212953932690054,-0.7844836766610721,-0.897899626127847
1,3.933725105863247,2.033307175053495,2.033307175053495,1.6451525367188562,0.0,1.0,0.0,1.0,1.0,1.0,0.1560270441883884,-1.0640111465668265,-0.6076254226550117,0.3452910868117852,0.6663351120659671,-1.0786096615400114
0,-1.2109044734568664,2.648262251018091,1.4113375024338037,2.648262251018091,1.0,0.0,0.0,1.0,1.0,1.0,-0.489758725807387,0.11719001793044911,-0.8241209948136963,-0.020672162547572148,0.2291510665059314,-0.2095373772182539
1,3.835251032628384,2.886153481229673,2.886153481229673,2.3593387555675696,1.0,1.0,1.0,1.0,0.0,1.0,0.5246693487337055,-0.748158342890947,1.9419978854689328,0.46420228488528825,0.03746786514339373,0.6210777281325865
0,1.136138952775073,2.617945593329889,0.1350206532149567,2.617945593329889,0.0,0.0,0.0,1.0,0.0,1.0,0.15729156061531036,0.3821621199473844,0.08674649263363776,0.20722530804797853,-0.10551791624176504,-1.149460412005193
1,1.6932641875413093,1.1993440121319776,1.1993440121319776,2.3069232079298727,0.0,1.0,1.0,1.0,1.0,0.0,-0.2671439643813452,0.17112287180782337,-0.05346550493181185,1.4690159640658094,1.1502043894809513,0.737625585529702
0,4.01299455229755,6.450456546973573,2.1391712705129278,6.450456546973573,0.0,1.0,1.0,1.0,1.0,1.0,1.6642108800364306,1.8883442542456108,1.4614711475545696,0.31785146701336675,1.5556221511425328,0.20419471181777982
0,0.43451454751793206,0.9435010556112272,-0.31340718798058376,0.9435010556112272,1.0,0.0,1.0,1.0,1.0,1.0,-0.6709984512317273,-0.7118774419721228,0.436116883514026,-1.473410836020393,0.9046318064805905,0.10357089752239365
1,1.6512391694655801,1.48090309995392,1.48090309995392,2.592508254120611,1.0,1.0,1.0,1.0,1.0,1.0,-0.04763308591458303,0.02663718000306886,0.0724241424902165,-0.264523698505087,-0.6812999193964435,-0.6672301809191397
1,2.8352761728049223,0.5105103847427971,0.5105103847427971,2.9863633547022577,0.0,1.0,1.0,1.0,1.0,1.0,0.7211385399238709,-2.1851541864818067,-0.5050268158967686,-0.38543327658194954,-0.911527125516368,0.3578136472939544
1,4.0135567610518565,3.863834805097886,3.863834805097886,5.8605658200573165,1.0,1.0,1.0,1.0,1.0,1.0,0.9620480778732783,-0.7242702508739582,-0.07046958384892837,0.13641513200542293,1.8566030025570417,-0.013031374122568329
1,0.3274399243414263,0.049642610626746464,0.049642610626746464,-3.1082035396569703,1.0,0.0,1.0,1.0,0.0,0.0,-2.511321094163419,-1.6137280194768302,-1.840727900576337,-2.2698268550408804,-0.3386231516290933,-0.8066674351152924
0,-0.44935821706949364,2.2452784720222536,-2.3333564381246537,2.2452784720222536,1.0,0.0,1.0,1.0,1.0,1.0,-0.4087360779529642,-2.2893907894383387,-0.023011253889347827,-1.2124629475929956,-1.6793398836772644,0.9476684541110375
0,4.205657116371698,6.158210122062749,4.105364610944204,6.158210122062749,1.0,0.0,1.0,0.0,0.0,0.0,1.9057008060077012,1.2632747990330975,1.2449286086647584,-0.38482566568362125,-0.07565888892195727,1.4738903394882015
1,3.277568746593113,2.073944435753811,2.073944435753811,2.201227346055073,1.0,0.0,0.0,0.0,1.0,0.0,-0.36243608659457244,0.5001247942972252,-0.7233258600367783,1.233838396378451,0.45365744723518514,-0.9592648837551707
1,-0.4213961013612848,1.3170127105376228,1.3170127105376228,-0.5681991985741839,0.0,1.0,1.0,0.0,0.0,0.0,-0.4397842282745495,-0.02664964775457182,-0.0934071375488931,-0.9078244748733987,0.08213352544464389,-0.21499639106792146
1,0.72277616029335,0.8936786185392778,0.8936786185392778,0.00684138607948237,0.0,1.0,0.0,1.0,1.0,1.0,-0.5836268795786004,-0.5639714219683587,0.6296039134098198,-0.03325609576529298,1.617075943075315,0.03403210414669405
1,5.868317704818688,4.067807252275767,4.067807252275767,3.8718628135476267,1.0,1.0,0.0,0.0,1.0,1.0,0.48321885593275665,1.6040064950384245,1.5797483291164236,2.8284507772584493,1.5002975823938252,1.8259978566937707
0,1.6980184636909295,-1.624163987962446,0.06347305170329665,-1.624163987962446,0.0,1.0,0.0,0.0,1.0,0.0,-0.8547539240433123,-0.8157572796363356,0.7207166072611827,0.1088953572047619,-0.26719122065881873,-0.3611694186621579
0,2.4786427553639006,1.9239971740974011,3.7256617688833744,1.9239971740974011,1.0,1.0,1.0,1.0,1.0,0.0,-0.6925197292270374,0.5572115469199084,1.0118375721020516,1.2051278330954387,1.175404064403642,-0.955806231049102
0,1.1963886490312512,3.2648293213919555,1.8655024039893535,3.2648293213919555,0.0,1.0,0.0,0.0,0.0,0.0,0.2218889711024415,1.319408270822745,1.1807273358522121,1.2267877686872568,0.884222311285654,-0.1535762583703132
1,0.9394475214456771,-0.4754222002318733,-0.4754222002318733,-0.8535988082157088,0.0,0.0,0.0,0.0,0.0,0.0,0.6873597319474904,-0.40639931131633317,1.198148245882954,0.0012417724640736427,-0.38212511928299886,-0.6645230704908651
0,2.049533642991485,4.540376315135015,0.4153999690898764,4.540376315135015,1.0,1.0,0.0,1.0,0.0,0.0,-0.7435145834041634,1.4625373122204663,0.6643100750849278,0.6581872689071614,-0.7286532628367288,1.6312826490408652
0,-1.8204075359954908,-1.3341929716040277,-1.3653502291935615,-1.3341929716040277,0.0,1.0,0.0,0.0,0.0,0.0,-0.7181299541300464,0.49312781999716215,1.882621435116838,-2.244763190217487,0.1034019399518763,0.9181237677370213
1,3.1915669644532123,0.9838184366306586,0.9838184366306586,1.675947402402829,0.0,1.0,0.0,0.0,0.0,1.0,0.7737417218573982,-0.6902565860698893,-0.8617936120445925,-1.2805092625118537,0.1693628329330018,0.26528995763032004
1,2.1575760193501106,0.7941471741247526,0.7941471741247526,3.3419348861851788,0.0,1.0,1.0,1.0,1.0,0.0,0.9987206331935261,0.28857625065273496,2.0291394054329177,-0.18203166514951555,1.6445212109656278,4.057917181993306
1,2.6330945399202523,0.8567091833480331,0.8567091833480331,3.685310431399991,1.0,0.0,1.0,0.0,1.0,1.0,0.1477758629578052,-0.6994722732430888,0.45350422262208306,0.2520689035344635,-0.04370073847443362,1.3709510814772874
1,2.1871222253065907,0.2172181455400678,0.2172181455400678,2.991508389834233,1.0,0.0,1.0,1.0,0.0,1.0,0.14948996305101991,-0.725583741113657,0.34972211464882014,0.3339439518920879,0.8672869143413158,-2.025228984600528
0,-1.6386167925985717,1.9283623684707925,1.5929552797531388,1.9283623684707925,0.0,1.0,0.0,0.0,0.0,0.0,-0.7176065417121555,0.6062724891148428,-1.5821867161871233,0.7719420498803391,-1.1598300673746835,-2.443580578818741
0,-0.6475426239792869,0.22824506107443482,-0.4672504480274242,0.22824506107443482,0.0,0.0,0.0,0.0,0.0,0.0,-0.4905656482531274,-0.24907909029084696,-1.5490069711191476,-1.4670769921959927,-0.6136176844106331,-0.8052645019142004
0,-1.9118231322587234,-0.8097526534600867,-2.3057017191072147,-0.8097526534600867,0.0,0.0,1.0,1.0,1.0,1.0,-1.7768851194732076,-1.0329422148311476,-1.9941059493403037,-0.1588911773794049,-1.1293330123433087,-1.0585988023536381
1,3.2439637163759807,2.2027541814273928,2.2027541814273928,3.75050557041848,1.0,1.0,0.0,0.0,1.0,1.0,0.15679584726789525,0.582741363179432,0.3695597358201874,0.24899310677746167,1.4717591495248534,2.450963153166865
1,-1.212984766997175,-0.8292784800107831,-0.8292784800107831,-0.8901923096119674,0.0,0.0,0.0,0.0,1.0,0.0,-0.029523851906773205,-1.246537134280793,-0.15212238218842952,-0.9779772105788969,-0.7909915311243457,0.0735025771967931
1,5.167981934931428,4.0603534082795125,4.0603534082795125,4.794512700228693,1.0,1.0,1.0,0.0,1.0,0.0,1.2629758122928418,0.08231701447701001,0.5741574326672503,-0.14903651961985012,0.34959370890224256,0.6512563387570531
1,6.97319139136064,4.724819984473829,4.724819984473829,5.8779809107965,0.0,1.0,1.0,0.0,0.0,1.0,1.4070237211794911,1.6339609190897766,-0.35606858115294765,-0.9522581396624465,0.9635376468313671,-0.7862669152633016
0,-1.2266169541661769,0.5008280030721182,0.29479550459114656,0.5008280030721182,0.0,0.0,1.0,0.0,0.0,0.0,0.5323014653095967,-1.4388050247634825,0.6187239944577949,0.7584911931692805,1.5312342299361692,-0.08754482777770217
1,2.5411218017029693,0.757158373809894,0.757158373809894,2.6036558150261886,0.0,1.0,0.0,1.0,1.0,1.0,0.4851695046607601,-0.6542889400551869,0.032971542229176976,-0.24709504553095032,-1.3388873505693226,-0.23270956676429388
0,-2.2944954631225323,-1.411286793551677,-1.0894851223347457,-1.411286793551677,1.0,0.0,1.0,1.0,1.0,0.0,-2.134088872403994,-0.7577370492399321,0.09489316494585842,-2.057811847038898,-1.6907592180433775,-0.9949700956614772
1,2.7370473596765406,2.654594577559782,2.654594577559782,2.2113046554144846,0.0,0.0,0.0,0.0,0.0,0.0,0.1400292640113728,0.6674680754056521,1.1084901648007355,2.0827260541571273,-0.6175212427829546,-0.4268677111257558
1,4.544741597564952,0.2494889377098417,0.2494889377098417,3.7011325617517934,0.0,1.0,0.0,0.0,1.0,0.0,0.9085220284826518,-0.3588023583097833,-1.0894261813530122,0.7581914330442725,0.7924299038111746,0.18614741725635958
1,3.0597200683143093,0.4793145831137777,0.4793145831137777,2.62659223610511,0.0,1.0,1.0,1.0,0.0,1.0,-0.28988964091630665,0.5416824482602793,0.8108181104329587,-0.38224113414240424,1.1731009264265488,0.9438593547227788
0,0.5401262575221537,0.6562596149270155,2.123417150854871,0.6562596149270155,0.0,0.0,0.0,1.0,1.0,0.0,0.5768724651372771,0.4512498348622769,-0.09818391223110504,-0.1090948806139472,0.8520033224547029,-1.1908993977731532
1,4.967735403487154,3.815910973471081,3.815910973471081,4.192222274544688,1.0,1.0,0.0,1.0,1.0,1.0,0.46515172021868745,-0.2743260030262782,-0.995483714870714,0.705621437852509,-0.4269410326722449,0.39027751867732363
1,1.0581770166793643,0.20522375976810253,0.20522375976810253,1.1354988741834864,0.0,1.0,1.0,1.0,0.0,1.0,-1.0047950066129574,0.16557185423115864,1.5998425587675014,0.6477601683891766,-0.6597433754368018,-0.471614843866023
1,1.7252417247704344,3.4538463061904245,3.4538463061904245,3.3399539830130913,1.0,1.0,0.0,1.0,1.0,1.0,-0.13582904078501387,-0.047535074813010864,-0.7132796632791784,0.08752327930973847,0.43869236897573277,0.9904321020490617
1,4.84063718780228,3.6148652478218297,3.6148652478218297,5.491323482283043,1.0,0.0,0.0,1.0,0.0,0.0,0.5073504521921244,1.8650811636612454,-0.6545088537666385,-0.37428218815040987,0.8565006945373361,0.7073852118113907
1,0.17738523205034107,0.008286169289095424,0.008286169289095424,1.965623342048168,1.0,1.0,1.0,0.0,1.0,1.0,-1.6061390897893855,-1.093413762323952,2.0305251884650084,0.3459387523815534,1.502563893272879,-1.1151664909968058
0,0.6004505165172311,2.477876161245788,0.15932770736729368,2.477876161245788,1.0,1.0,0.0,0.0,0.0,1.0,0.016182870351655602,-1.1904103037865412,1.2480306138349815,-1.5655674010525122,0.08446001399578885,-0.03640444881238583
1,4.527812640009625,0.4467631242001049,0.4467631242001049,4.537495636509236,0.0,1.0,0.0,1.0,1.0,0.0,-0.22813271188596643,1.981056870549622,0.8310593764370142,0.7203853664919526,1.0081758778645435,1.0730352971377892
1,-0.8633394778949192,0.15462969172373153,0.15462969172373153,-0.5542643462438914,0.0,1.0,1.0,0.0,0.0,0.0,-1.647030601883737,-0.1984854863520641,-0.5794327760685621,-1.760344884820791,-0.3242209505856004,-2.0751534261581783
1,2.2974418183325502,0.6861453181755524,0.6861453181755524,2.1292536995893285,1.0,1.0,1.0,0.0,1.0,1.0,-0.5447907869930637,-0.47373103450547205,1.1227338892881653,0.5828362276222189,0.6676650295259356,-0.08023077503363285
0,3.3453699216015043,6.085942677333841,5.080182238918951,6.085942677333841,1.0,0.0,1.0,1.0,1.0,0.0,-0.5536646576161827,1.82126704300529,-0.6321902946262667,0.5178964273567939,0.5448724373399171,1.1704407476624312
1,2.035633009377613,1.4374831765868277,1.4374831765868277,2.984578113578203,1.0,1.0,1.0,0.0,1.0,1.0,-0.3855990352155802,0.6446702786503682,1.0730557930223685,0.5471562827699682,0.2655156058745771,0.9149134359126416
0,0.4215011113215107,0.8596606147675059,0.9693393267191321,0.8596606147675059,0.0,0.0,1.0,1.0,1.0,1.0,-1.8837254716043799,0.8236054229951908,-0.45502829318659344,1.2253117730248326,-1.0755086188434055,1.1310300517196674
1,3.0232114255546185,2.75832246205697,2.75832246205697,4.53324208552848,0.0,1.0,0.0,0.0,0.0,0.0,1.2636910450158507,-0.2107469610994085,-1.305515834179524,-1.175685871138718,-0.674863168509442,-0.4244861415596459
1,4.5331667477329205,3.098373141308112,3.098373141308112,3.856506884060308,1.0,0.0,1.0,0.0,1.0,0.0,1.1800471203984764,-0.10032053683524356,-0.24616474480193823,0.1592168481620207,1.4665441437092197,0.539236094780163
1,5.013949565317722,3.955733712953524,3.955733712953524,4.1403691306092005,1.0,1.0,1.0,1.0,0.0,1.0,-0.21346570687527647,-1.372380581650295,-1.6214833706845067,-0.5019867244995289,-1.0650650596915756,0.21126692060663288
1,1.0719669968565875,-1.4298529041860504,-1.4298529041860504,1.4421282230596033,0.0,0.0,0.0,0.0,0.0,0.0,0.6356933012467009,-0.7277087613746427,0.5263532676298618,-0.7635021101957115,-0.7305110882949911,-0.7210118048550144
1,2.527113787591679,2.0234049693405636,2.0234049693405636,3.471948884585859,1.0,0.0,1.0,1.0,1.0,1.0,-0.4515996150758657,-0.19666761125670473,0.49446087896767854,0.6322863015178193,0.9573121300516775,0.4349827466668374
1,5.382591880388155,2.8804675993365887,2.8804675993365887,3.309725854752727,0.0,1.0,1.0,1.0,1.0,1.0,0.9534122964951199,0.17879829051349178,0.15528426868406026,-0.19040597730164058,-1.8592510770142003,-0.41705395191774475
1,4.0669796361939285,2.610650112355012,2.610650112355012,3.99680180225319,0.0,1.0,0.0,1.0,0.0,1.0,0.961075933887617,0.9265794800806519,0.8298943621857245,2.2808196002160854,1.7784753301381142,0.450967011148258
0,-0.6706877682026453,1.8341463361722274,-1.9935632440007898,1.8341463361722274,0.0,0.0,1.0,0.0,0.0,1.0,-0.49792224401290774,-0.24441757173013273,0.18405436611193654,-1.1753987512182429,-0.15000243003694363,-0.05879956410658924
1,0.282030637583518,-1.0363857779898524,-1.0363857779898524,-1.1050023163946048,1.0,0.0,1.0,1.0,1.0,1.0,-2.241540676295901,-0.874193140150576,-0.09795108644503292,-0.3802330491596601,-1.1910700756820476,-1.180507124097681
1,1.2330663232413221,-0.22796697882525863,-0.22796697882525863,0.09371234365794635,0.0,0.0,1.0,0.0,0.0,0.0,-0.9689215763775693,-0.5310785669921894,0.6736297417736687,1.3896063258409581,-0.6775838196837525,0.763886406820004
0,1.7092255568349337,0.5923342105727851,1.2406683572772814,0.5923342105727851,1.0,0.0,0.0,1.0,1.0,0.0,0.19887763955532073,-1.19309140216913,-0.8046656983113596,-1.3031727827069461,0.1232845351592099,-1.633607939403937
1,3.5613540041844782,1.4534630739723622,1.4534630739723622,5.846060557366988,1.0,1.0,0.0,1.0,1.0,1.0,0.5132241771724979,0.36054127398394653,1.26999419836081,1.042959270519563,-0.9866776432973969,0.504638859447563
0,-1.5239629822307608,-0.6376602387523231,-2.5394014596366796,-0.6376602387523231,0.0,1.0,1.0,0.0,1.0,1.0,-1.0369935952822793,-3.1747067753011313,-2.9530834492750833,-1.5055901929127096,-1.1052682041213084,0.3994205003413529
1,1.820593868111192,-1.5662793885964952,-1.5662793885964952,-0.5505130656272943,1.0,1.0,1.0,0.0,1.0,0.0,-0.8211898858397393,-0.49703446850560695,0.37614130916360233,-0.7662029336485701,0.9943952644327282,-1.4539818000205065
1,-0.6726022620072891,-2.142498427627232,-2.142498427627232,0.32961831475212416,1.0,0.0,1.0,1.0,0.0,0.0,-2.519116397070201,-1.7081587658333188,-1.6619433911315982,0.0784521840740298,-1.0610993090187653,0.673145174594715
1,1.1601033958195905,0.8808093806552773,0.8808093806552773,2.2661512057707287,0.0,0.0,1.0,1.0,1.0,0.0,0.43075677697490233,0.01814760318856956,1.1044885496990784,-0.3855314382191609,1.4005490738414164,0.5392011477154799
1,2.868516059202505,1.6254497666604395,1.6254497666604395,1.3613294971258836,0.0,1.0,0.0,1.0,0.0,0.0,0.3684607237818217,0.4537269204108026,1.2484178360790037,0.018372916927772574,1.1659801411449036,1.50070859992954
1,0.6933255380662454,-0.8075384976123401,-0.8075384976123401,0.0075183184677538595,1.0,0.0,0.0,1.0,1.0,1.0,-0.7543415273148589,-1.2688023106136637,0.4972612815028196,-0.33803762048393327,-1.6155825742394225,-0.1237272719167985
1,1.7590990307171224,-0.9896890621124738,-0.9896890621124738,1.7789359271561072,0.0,1.0,0.0,1.0,1.0,1.0,-0.49709110959370806,-1.3146033609782206,0.25310364362089355,-0.701715697415257,0.3504380320889415,-0.01277880527522629
1,2.440148888516727,1.9632339300788313,1.9632339300788313,4.432684111291813,0.0,0.0,0.0,0.0,0.0,0.0,0.7861909312026394,0.16860626263692075,-1.227821610681933,-0.38903061000259814,-1.2434151667004931,0.471835846701086
1,0.4610329860267264,0.7264259378439477,0.7264259378439477,2.738524112154622,0.0,1.0,1.0,0.0,0.0,1.0,-0.02352486115199629,0.5373549722348909,-0.22723333429928028,-1.6041896526180277,-0.66015705601175,-0.9797075443055505
1,0.8739981616372161,2.7563849448277793,2.7563849448277793,1.6232713350549677,1.0,1.0,0.0,0.0,1.0,1.0,-0.29353189556130355,-0.7243199250099233,0.9072138267373567,0.42065820055330383,0.4963730132540709,1.0157855128341242
0,4.89623176761022,4.380888735488732,2.832556886149037,4.380888735488732,1.0,0.0,1.0,1.0,0.0,1.0,1.4399020984502455,0.8772523258250488,1.7627698735303237,1.0024336854927418,1.044712767816587,0.5125435106968594
0,3.635619077958527,4.059234349652526,3.093604019521307,4.059234349652526,1.0,1.0,0.0,1.0,1.0,1.0,0.2016824235096915,-0.5919427901595491,-0.6764025367828509,-0.5422094025574443,0.6242730042871707,-0.2835216340712814
1,2.291118641383759,1.2064075491122486,1.2064075491122486,4.945346257068584,0.0,0.0,0.0,0.0,1.0,0.0,1.0811105588203913,0.3350150589053803,-0.3267295518847372,-0.3161895953936892,-0.5752178366677837,0.33397945365253495
1,4.868602482934446,2.5360300106137164,2.5360300106137164,3.0829079196122082,1.0,0.0,0.0,1.0,0.0,0.0,0.950679292382851,0.2858837605023218,0.9631092736022665,-0.0126207561654255,1.1410153361102382,0.8809501545172969
0,-2.155558986224299,-1.0690528179157197,-3.070944365137145,-1.0690528179157197,0.0,0.0,0.0,0.0,0.0,1.0,-0.8546410784960652,-0.3118398932542644,0.4022406285086358,-1.459955759222317,-1.0175733080897793,-0.07032679039290748
1,3.4249803256352687,2.6892549657352456,2.6892549657352456,3.0249483294519237,0.0,1.0,0.0,1.0,1.0,1.0,0.6003620135163602,0.40388766952297883,1.1766026716813414,1.1168813422432597,1.1538912915036466,0.12369221728091229
1,0.7640663061259639,-0.7557683227793595,-0.7557683227793595,1.0891759855651832,0.0,0.0,0.0,0.0,1.0,0.0,1.1177206709576426,-1.4102358567570912,0.8942939174592713,-0.21878080622396007,0.02207691858688518,-0.5493153712911836
1,1.0758025654143668,0.9309099805159395,0.9309099805159395,3.413352083085153,1.0,0.0,1.0,0.0,1.0,1.0,0.11640093467730983,-0.9217244126267627,-0.6536144450415896,0.9910053842571447,0.19846731137444062,0.5241569546064934
1,2.259612296028677,2.0739712768701457,2.0739712768701457,3.4952335783896746,1.0,1.0,1.0,0.0,0.0,1.0,-0.14140324676761631,-1.4879934306791367,1.1553798177965469,0.8288120323169137,-0.49107524700977834,2.0919390551308537
0,1.8231854126128604,4.656623276853038,2.889822263074026,4.656623276853038,1.0,0.0,1.0,1.0,1.0,1.0,0.0009826490416813037,1.3508661453636543,-0.19660769133463274,1.2946973199216076,0.06174357605325964,1.2022294347542164
1,6.1779826207616235,4.33619427524147,4.33619427524147,6.937050570053612,0.0,1.0,1.0,0.0,1.0,0.0,1.9540336955022437,1.1625854121735535,-0.07000454747655982,-0.043906366739873415,0.7665220717743102,0.19409093191159946
1,4.179419034888554,2.950590770457755,2.950590770457755,4.025912049431607,1.0,0.0,1.0,0.0,0.0,0.0,0.048356537537010115,0.8725032202326318,-0.6314522463007682,0.12097281010085986,0.9554818023299424,0.04050150423891469
1,4.37857946352287,4.016277964608658,4.016277964608658,4.537506155342409,1.0,0.0,0.0,0.0,0.0,1.0,0.808447285849874,0.8342197573263741,0.9894157029507666,1.7802929903602713,0.718336672904032,0.22792089803726678
1,-0.21447421722939625,0.6141780290417503,0.6141780290417503,1.3346259964907432,0.0,1.0,1.0,0.0,1.0,0.0,-1.0106674796857462,-0.5338205941319399,-0.38832353014564785,-1.1115006959521012,-1.4569198069008187,-0.04148396794412146
0,1.034398911922596,3.0894704901938486,0.8798553461024254,3.0894704901938486,0.0,0.0,1.0,0.0,1.0,0.0,-0.8299093557604826,0.9192029688548566,0.27416423840882087,0.6187397318362645,0.6799885301867661,0.7759193849472649
0,2.966333008828015,3.7906977781870057,3.9699376530810686,3.7906977781870057,1.0,1.0,1.0,1.0,1.0,1.0,-0.2535051548870007,-0.14394105982950955,0.1675458772619024,1.4290585156374367,1.3511207886437824,-0.06600021911909404
0,4.0296799750654495,5.594459527408381,4.06255590590773,5.594459527408381,1.0,0.0,0.0,1.0,0.0,0.0,1.785080491874255,1.085459599657861,0.5423753551414041,-0.25497080211355416,-1.3508993189575145,0.9103990252012821
0,4.791153370341717,4.764971302032542,5.177995074807903,4.764971302032542,0.0,0.0,0.0,0.0,0.0,0.0,2.519947327921716,1.6875668668787749,0.09662640041289622,1.99886574089939,-0.2012795767097223,0.8781515506554936
0,-2.0580247811757735,1.5503535353048847,-1.1371215268012476,1.5503535353048847,1.0,0.0,0.0,1.0,0.0,0.0,-0.43273269019801863,0.3294355880167561,1.5269752354772048,0.7846087114323118,-0.7105789972414835,-0.11564970419339904
0,-3.6602873542576946,0.4472982473773741,-3.288475589741058,0.4472982473773741,0.0,0.0,1.0,0.0,1.0,1.0,-0.9094755177712277,-2.025027026398224,-0.17875469331027116,-0.6315195596474548,-0.14931853876425327,-1.9272302687432412
0,1.8658705943842753,3.546905246893386,2.4288137965230745,3.546905246893386,1.0,0.0,0.0,0.0,1.0,0.0,-0.30761501852890316,1.5833307917935535,-0.5267181616701906,0.9103852306469066,1.6809958086589392,0.1167336887213053
0,0.3911925419392108,0.21193282209343692,-0.23994564441491503,0.21193282209343692,0.0,0.0,0.0,0.0,0.0,0.0,0.2815603294777455,-0.053830692129562124,1.4132781052191603,0.22164582080694548,-0.4463647445741922,-0.4167233339098829
1,3.3437205895343096,2.2635588710338936,2.2635588710338936,3.2600743741596783,1.0,1.0,1.0,0.0,1.0,0.0,-0.25141339047278044,-0.04636783848875792,-0.3771303276868873,-0.09029434356636726,-0.17949004785420083,0.24674864072835778
1,2.58281956933991,2.892703793563114,2.892703793563114,2.9365081049294495,0.0,0.0,1.0,1.0,1.0,1.0,0.27971038268646964,0.6877253551561074,0.8638654492603179,1.197957668344175,0.857710561057832,0.29508689191388643
0,4.593117312234727,6.228919057077025,2.0533391057475985,6.228919057077025,0.0,1.0,0.0,0.0,0.0,0.0,1.4643082390341213,1.3302215677363756,0.7528090604478795,2.913073746508736,2.0541029546771172,1.35014642898185
1,6.8232231326105035,6.446298300438583,6.446298300438583,7.619116924539153,1.0,1.0,1.0,1.0,0.0,1.0,1.405950534527688,0.814380948640063,0.2601235761896671,-0.2044385541625454,0.7480180049594383,-0.777614707344846
0,-0.022177615741453605,2.316527527344516,0.8792032500842653,2.316527527344516,0.0,1.0,1.0,1.0,0.0,1.0,-0.7125881284676466,-0.2607314251188575,-1.2889948127083428,-0.10235953068127551,-1.2523593358195455,-1.1479180901883086
0,2.260989642371347,4.707999507041146,0.8283343767598887,4.707999507041146,1.0,0.0,0.0,0.0,0.0,0.0,1.01565900209666,1.3829800651738517,2.089621475759708,0.24063790898681,1.5151663634331372,0.6033819202338921
1,3.0006513799928696,0.36967899626827894,0.36967899626827894,2.891309335177469,1.0,0.0,1.0,1.0,0.0,1.0,-0.12345394360407509,0.9399358612131403,1.5447524661781342,0.28627131707176656,0.23047377026827276,0.9509699580872427
0,-0.9385857682420078,1.6122954875985458,-1.5416085316478263,1.6122954875985458,0.0,0.0,0.0,0.0,0.0,1.0,-1.209506421252826,0.6238779148414146,0.46817830264059196,0.2552060062131922,0.23643894666023374,-0.19271263669734356
1,1.9272216347621056,2.6337991298486445,2.6337991298486445,3.5319075985537904,1.0,1.0,1.0,0.0,0.0,0.0,0.10768083155414403,-1.2336616741301822,-1.3850526266977208,-1.2469829291866303,-0.8538706890785781,-1.1261138571151674
0,0.209864988178734,3.786342180322601,2.460261849541616,3.786342180322601,1.0,0.0,1.0,0.0,1.0,1.0,-0.2903589185417925,-0.2672709252618378,-0.23088773219428077,-0.030158757769384398,0.2643028121108194,1.5562461754909556
1,5.447659672049776,3.878574595644726,3.878574595644726,4.3863951854497305,1.0,0.0,1.0,1.0,1.0,1.0,0.313824590231415,1.228894119109671,-0.1375558732669908,0.030758540184222416,-0.6270803925714921,2.1381070949021534
1,1.4437097157197463,0.5872546779106259,0.5872546779106259,1.8819104558361364,0.0,0.0,0.0,0.0,1.0,1.0,-0.6734151663194246,1.344230682213161,0.504423049077,1.0643947747377283,-1.0987494665640096,0.346407529179614
0,-0.44838713100153815,-0.3176900855370088,0.7751853720091844,-0.3176900855370088,1.0,0.0,0.0,0.0,1.0,0.0,-1.908212597867752,0.860680381683451,-0.5813891340921504,-1.820024035270651,0.7335780513869421,-1.0324018968452942
1,1.6005171497429023,0.9863824614295605,0.9863824614295605,1.5735359338494106,1.0,0.0,0.0,0.0,1.0,0.0,0.7359593259905362,-0.6169147585626771,-0.6255260414905699,-0.6142324153743252,0.20231010537094224,0.3646087182946268
1,5.563801787450375,4.324250133734167,4.324250133734167,6.342690965414079,1.0,0.0,1.0,0.0,1.0,1.0,0.7081160418278174,0.8547558516759582,-0.4367628701044074,-1.6291874271015638,-0.5423042544986586,-0.07868884780372873
0,-1.0190771109258014,2.5631343246767573,-1.6313158427656134,2.5631343246767573,0.0,0.0,0.0,0.0,0.0,1.0,0.20623246930479422,-2.8370205592536903,-1.8026281201851324,-0.5548319895528849,-0.7709641220389517,-1.874006485634581
1,2.2137801993603805,3.6330576403360366,3.6330576403360366,3.5906610939869603,0.0,0.0,0.0,1.0,1.0,1.0,1.2407158857977347,-0.19516309075683325,-0.5245358676213397,0.7764166904971107,1.1772799091758797,-0.7495286737461931
1,1.3431096541443237,2.4417668539731405,2.4417668539731405,2.1177911031336976,0.0,0.0,1.0,1.0,0.0,1.0,0.03925381566589461,-0.018628030698419173,-0.275458273874901,1.8416474793622202,1.012109468466673,-0.4838555013020933
1,1.600912368852544,0.03488677804306384,0.03488677804306384,1.5372598726374667,0.0,0.0,1.0,0.0,1.0,1.0,-0.5916689194799255,1.2793694878933632,-0.24909266940466995,-0.5689868152585633,-0.7205959146379011,-1.232650796874231
0,0.08016323335850964,1.7155741624911802,0.9864833162859656,1.7155741624911802,1.0,1.0,1.0,1.0,1.0,1.0,-1.2879090161105455,-0.521107933939992,2.1316523401959033,0.35958857954544543,-0.4469702028669359,0.39749380426925784
0,-0.47754336367578365,1.2961504339616183,0.40582482865486735,1.2961504339616183,0.0,0.0,1.0,1.0,0.0,1.0,0.44131366454320536,-0.7214794992241904,0.2531971270532995,-1.0675973972626496,0.48863715948953046,-1.5852914671030103
0,3.3654063780778545,2.9453150957989207,3.944740425114995,2.9453150957989207,1.0,1.0,1.0,0.0,1.0,0.0,0.24472212761868728,-0.6993024652859235,-0.07421999055079986,-0.0851250137752248,1.5725178006628875,0.6950369977145765
0,2.486332008466827,2.1795717302543594,1.7680247434849936,2.1795717302543594,0.0,1.0,0.0,0.0,0.0,0.0,-0.5039635056329921,0.8864212861482867,-1.3258658166138544,-1.0666052622798468,0.010530841821090486,0.4788220707310912
0,0.5511133116437211,0.5916556691591176,-2.0018051468160905,0.5916556691591176,1.0,0.0,0.0,1.0,1.0,1.0,-0.8996038238844795,0.2441036762848553,-0.33224899572579847,-1.5324757917840484,-0.5880462350348465,-1.3912381607523596
1,1.2186668564888523,0.33522992143939956,0.33522992143939956,2.133122825816901,0.0,1.0,0.0,1.0,1.0,0.0,-0.7077564115851949,0.5105913522853762,-0.2943765970421436,0.1317811638157696,0.25548261255503313,0.8811256576753401
1,3.0911464398103243,2.3321957507986557,2.3321957507986557,5.610403362181189,1.0,0.0,1.0,1.0,0.0,1.0,0.7104813311416738,-1.2135392522216857,-1.5130108995989908,-0.20447284079031183,-0.11279516422509173,-1.7122120979729443
0,1.8830689142184927,1.8685580287484238,0.7866107679435205,1.8685580287484238,1.0,1.0,0.0,0.0,0.0,0.0,-1.0703221194553105,0.44485445504086585,-0.24926401893845906,-1.3498130743127512,0.35352429988403855,-0.39519964753341913
1,3.0203082591770167,1.9888476540928086,1.9888476540928086,0.99950829654322,1.0,1.0,1.0,0.0,0.0,1.0,-1.261676666587826,0.376804876749662,-0.5067285335160494,0.3159428217893955,-0.0827117674823793,1.1567434699001788
1,0.5617935893654407,-2.284764596234226,-2.284764596234226,0.5301175680251373,0.0,0.0,1.0,0.0,1.0,0.0,-1.1833734775453657,-0.40344521427171876,-0.8321740983196614,0.17255661435401598,-0.7297593069754775,-0.5153448860136356
1,2.591311514168159,3.5888429476238475,3.5888429476238475,3.562353281376779,0.0,0.0,1.0,1.0,1.0,0.0,0.48401316558658297,1.1366877992818245,0.87808589745162,-0.4837361362784736,-0.02328143859416787,0.4425410094450063
0,0.24095984870456122,3.2432058847886056,1.8764793543786322,3.2432058847886056,1.0,1.0,1.0,1.0,1.0,1.0,-1.0907606272580652,-1.0636366846759193,-0.03463145972429611,-0.0036076640232218238,0.571788548966241,0.5397060733365594
1,4.771797945701342,2.0361657921881906,2.0361657921881906,7.10565300745374,1.0,1.0,1.0,1.0,1.0,1.0,0.9178068231913535,0.5674269036179127,0.4817951925537408,1.0784545442904712,1.6557230916540466,0.5674165256920527
1,0.7218392395667277,1.358483484798094,1.358483484798094,1.2326055297583172,1.0,1.0,1.0,1.0,0.0,1.0,-0.8939904998811554,0.03243998723994368,-0.10272490194884465,-1.426777876379954,-1.2457343385825694,-2.3291277185518573
0,-0.8082857276487674,2.9635300088653995,3.6853800852218224,2.9635300088653995,1.0,1.0,1.0,1.0,1.0,1.0,-1.0268286578816082,0.2798784228782968,0.23738280000612644,-1.4458268447699174,0.08971533537168014,-1.0795872102457056
1,1.9091902455417213,-0.49504131054174977,-0.49504131054174977,0.7479644899894341,0.0,1.0,1.0,1.0,0.0,0.0,-0.3115747006474409,-1.0225918302624377,0.4843388100547087,-0.3182788417008294,0.0134765862082773,0.26399780973709996
1,2.51341178128733,0.743525059896394,0.743525059896394,2.5678136682764783,1.0,1.0,0.0,0.0,0.0,0.0,-1.1143549228599063,-0.1598468117108467,-1.625833659753625,0.411442707493659,-1.4990516048505962,-1.1703294123706072
1,2.9173192546469235,1.1521310313401345,1.1521310313401345,3.7006857509824904,0.0,0.0,1.0,1.0,1.0,1.0,0.20154743779593762,1.1284385819239817,0.47676936831689976,0.6301817719206307,1.7598361391287574,-0.1943434967048463
1,6.562314269654368,2.126310189975478,2.126310189975478,5.066583380321273,1.0,0.0,0.0,0.0,0.0,1.0,1.1237652381530783,0.8126849952816257,0.08406350754435682,-0.2750466278005158,-1.599821765885702,0.1434958059495703
1,3.7199188084180395,1.1064988632117052,1.1064988632117052,1.642951562443332,0.0,0.0,1.0,1.0,0.0,0.0,-0.07344312225602327,1.3303924973766659,-0.13138193072607457,1.4220226899462767,-1.4158474203243887,0.17952660996353714
1,0.9605278702495089,0.12781097025619698,0.12781097025619698,0.9469360392153932,0.0,0.0,0.0,1.0,0.0,1.0,0.0047106674835078145,0.5739426604916784,2.4935034597185783,0.3535437261894506,1.0726996831924316,0.6934082033866907
1,5.5748810454796836,4.4687076724898205,4.4687076724898205,6.057832931213552,1.0,1.0,1.0,0.0,1.0,1.0,1.4922896446720113,0.982926664984663,-0.1662583667083738,0.5606276688259126,1.6367408501911036,1.2681847044355357
1,5.2730896779220435,3.1203494256051494,3.1203494256051494,5.078466229689566,1.0,0.0,0.0,1.0,1.0,1.0,0.12109405707794806,1.2464216261318226,-1.2531429873961328,-0.4508590395402267,0.6475011960204998,0.37631058873983536
0,2.0988678039525914,2.7059050719808617,2.446759912739477,2.7059050719808617,1.0,0.0,1.0,1.0,1.0,0.0,1.2301043868542263,0.03521104312225737,2.1698918919867243,0.0702821046531798,0.19554297549945637,-0.5104000268146671
1,-1.120900157960978,-0.5506654465323791,-0.5506654465323791,0.2746458922551345,0.0,0.0,0.0,1.0,0.0,0.0,-1.6869828641598494,0.638717657727491,-1.1828298716106131,0.3546648553684705,0.7318612223204618,-0.4389309560050526
0,-0.23500945182441207,-0.16220674955130587,-0.6388003783374719,-0.16220674955130587,0.0,0.0,0.0,1.0,1.0,0.0,-0.9932955412257604,1.1225390703736757,0.7036036215576774,-0.9927136462804376,1.2735843866724588,-1.8138283123308039
0,1.6149162691581487,0.2560177051134902,1.669260519147584,0.2560177051134902,0.0,0.0,0.0,1.0,1.0,1.0,0.5167124273534126,0.5326049415208985,-0.1400064129506715,0.28855413599500584,1.0810156742324208,0.054067823949616456
1,4.7744616387819026,-0.6020266958817673,-0.6020266958817673,2.0267365723425566,0.0,1.0,1.0,1.0,1.0,1.0,-0.16743554442097397,-0.6618432291641139,0.3928382289102975,0.27746714307928655,-0.4512320960010192,0.9587872715027488
1,3.16229166339943,-0.6182337159582794,-0.6182337159582794,-0.11594087860571156,0.0,1.0,1.0,0.0,1.0,1.0,-1.375638096583994,-0.8059312209511303,-1.211856179244844,-0.9419674697807011,0.32774820068534716,-0.9569682384425364
1,3.9491697943334545,1.9344332277113545,1.9344332277113545,4.762953108462379,1.0,1.0,0.0,1.0,1.0,1.0,0.30772884673228706,0.27302475009143823,0.2540232807579934,-0.3187737458803809,1.5262873795106588,0.882423265235202
0,1.8041718920486907,3.360801265577664,0.9033603601624333,3.360801265577664,0.0,0.0,0.0,1.0,1.0,0.0,0.7798261472018202,1.9410112875327965,1.0875111146770908,-1.1504696852701919,0.8024945173999202,0.7038110533494613
0,1.0657304348302132,1.550799048845927,0.44660857513022456,1.550799048845927,0.0,1.0,0.0,0.0,1.0,0.0,-0.701941305167511,-0.439771686365835,-1.1556002649650037,-1.0327383473412448,-0.50175269672366,0.658595432703423
1,2.3809816709875906,-1.26677572960816,-1.26677572960816,3.375619430795684,0.0,0.0,0.0,0.0,0.0,0.0,0.062478499655673134,0.6878210730214823,-0.6934664259271688,-0.8589816605625152,-0.664629316388979,-0.912646111717794
1,7.887057166566568,6.3071419629648995,6.3071419629648995,8.181439923298889,1.0,1.0,1.0,1.0,1.0,1.0,2.7375821074892586,1.7215787174511108,0.7027677764547942,0.030708876985055034,2.2776616509407006,-0.08870387645575906
1,2.923678817294223,4.135874930553962,4.135874930553962,3.373974506548784,0.0,1.0,0.0,0.0,1.0,0.0,0.8387381736809174,0.07191822925441514,-0.9627201163262791,0.872840222494184,0.5078252745886326,0.15484433464845523
0,0.3673529165303132,0.8464759465677267,-0.9161678292077717,0.8464759465677267,1.0,1.0,1.0,0.0,1.0,0.0,-1.7028967725735977,-0.5476603105654962,-0.08347154436063792,0.44256312100189316,-0.03798559684538539,0.5265154237145305
1,3.8446401067967004,-0.09314591466757594,-0.09314591466757594,2.9166073616902413,1.0,1.0,1.0,1.0,0.0,1.0,0.5345223362864302,0.017058537972465992,1.3293570885940602,-1.1517933081949534,-1.7922878765942953,1.6392386430063302
1,2.7991757577664895,2.8595138633576216,2.8595138633576216,2.3353258140408117,0.0,0.0,0.0,0.0,1.0,1.0,1.7120288222944775,0.09430991644923675,0.2657689594156192,0.055949438013292066,-0.4403138818747703,-1.052032964573651
0,1.4889934805102762,4.316311965307166,2.4953779012529704,4.316311965307166,1.0,0.0,1.0,0.0,1.0,1.0,0.13283430094004853,1.3355709565969733,1.2729595490895402,0.16248149133389386,-1.316175031448388,-1.6911494954169903
0,1.608521248529478,2.8925647286086895,2.2820328624544386,2.8925647286086895,1.0,1.0,1.0,1.0,0.0,1.0,-0.24076275018597326,-0.3156752520756746,-0.3189543030839465,-0.41550283400517557,-0.28581553836224227,-0.5505514316987026
0,0.6094524358132966,3.3437571224542078,1.5682095016573716,3.3437571224542078,0.0,0.0,1.0,1.0,1.0,0.0,1.1585841252859013,-1.2282739641728175,-0.9618902618852915,-1.6053411583166528,-0.59230264133627,-0.9109185935810711
0,-3.6216761226225898,-4.094763633957198,-4.610653461427393,-4.094763633957198,0.0,0.0,0.0,0.0,0.0,1.0,-1.8420886757116672,-1.9609698736678287,-0.8128360698965816,-0.8019044278430669,-0.29860953329560047,-1.194940456779955
1,5.799956064822821,3.000381468595593,3.000381468595593,2.733144463844047,0.0,0.0,0.0,0.0,0.0,0.0,2.829433572324643,0.3770345410288752,1.2915076232646054,0.5719607697994402,0.44091689277496493,0.9738175526089836
1,2.960460735116848,2.9669163330645185,2.9669163330645185,1.7601586361737038,0.0,0.0,0.0,0.0,0.0,1.0,0.7604105977724935,0.2279273114090627,-0.6269252511536528,1.8501410259727555,0.21535890258743015,-0.18733091075465655
0,2.29965155183537,3.8368116835419177,4.5027709368975035,3.8368116835419177,0.0,1.0,1.0,1.0,1.0,1.0,0.8566746993801272,-0.9514031343650841,-1.5304563201416244,-0.018519622607993582,-0.30814910365685855,-1.2566969951189926
1,3.3463241721879973,1.653849662060723,1.653849662060723,2.411996793365324,1.0,1.0,1.0,1.0,1.0,0.0,-0.0794810597095425,-0.7850439475573168,0.11600805529161418,-0.43579768225613835,0.4478139259882876,2.1643112922571914
0,-1.3591805754505861,3.1488101000693622,2.0154617790226816,3.1488101000693622,0.0,0.0,1.0,0.0,1.0,0.0,0.4739912088159204,-0.34582163813162836,2.2361808405441916,1.627869482178776,0.7726305753155127,1.1981068403893262
0,2.293203034191045,3.348561457081015,2.33598122603909,3.348561457081015,1.0,1.0,1.0,1.0,1.0,1.0,-1.1046167753933138,0.6097164685718912,-0.9292606321296886,-0.5955856761436331,0.28146749557385065,1.064057178728597
0,1.0357595442857264,3.954100959962733,3.187662078719639,3.954100959962733,1.0,0.0,1.0,1.0,0.0,0.0,1.3936795505377408,0.22401610178652076,0.23712190284821108,0.3750544426289142,-0.7384590301576637,1.2493922876790022
0,3.3421679220754767,6.406977499572262,3.143308319151085,6.406977499572262,1.0,0.0,1.0,0.0,0.0,1.0,1.709172447372469,1.265271350076008,0.26011162552912204,-0.09015269952207353,1.0040238586052515,0.2284090630658442
0,0.3941560459014135,4.124620247635013,3.7697985610848015,4.124620247635013,0.0,1.0,0.0,1.0,1.0,1.0,0.07057722511110873,-0.06845981984920269,0.9204124181713765,1.2276672739785135,0.05039442561077101,2.031446340428052
1,4.217133185912799,2.237025741657659,2.237025741657659,3.7860347173894224,1.0,1.0,1.0,1.0,1.0,1.0,0.7770250584134866,-0.7609510091118233,-0.25115886118836217,0.12219558310854407,-0.01260123816416897,1.901169089618814
1,7.02924968547881,5.616982346124977,5.616982346124977,5.778198200140384,1.0,1.0,1.0,1.0,1.0,0.0,-0.052914389818409006,1.0229180870048893,-0.8682126003448227,1.333824990149592,1.6900129688572454,1.523269736776156
0,1.367474786021487,2.0860515904371653,2.838147436126748,2.0860515904371653,0.0,0.0,1.0,0.0,1.0,0.0,0.394477517543677,1.2853814881695913,-0.10707782410626857,1.4659457212053655,-0.5729986868793515,0.6610154558372978
0,0.31823521864232696,1.8914695436105955,0.6480552760826083,1.8914695436105955,0.0,1.0,0.0,0.0,0.0,1.0,1.564003337350301,-0.7072154174621349,0.7104174800202196,-0.44648456020812105,-0.9443872879907838,0.2061665975518333
1,2.37271332197989,-0.33083813832099274,-0.33083813832099274,1.2508436284937525,0.0,0.0,0.0,1.0,1.0,1.0,-0.565491563976887,0.7680951018734792,-0.037829057176920936,1.5014961524144632,-0.8651882783512447,1.2064309432791138
1,-2.643275562111209,-1.637398673248101,-1.637398673248101,-2.1885486831381344,0.0,0.0,0.0,1.0,0.0,0.0,-1.9183053698783448,0.3241686291734829,-0.5977736554426478,-0.7203549495806184,-0.6310256578700069,1.116939770557282
0,2.18094666488316,4.505897758164618,3.100086441460456,4.505897758164618,1.0,0.0,0.0,0.0,1.0,1.0,-0.18588231786718543,1.365369853446272,-1.0174704274504338,0.828339132193128,0.07864013114998164,1.399530464555878
1,6.873843192714623,5.913151128281363,5.913151128281363,9.05392017167609,1.0,1.0,1.0,1.0,0.0,1.0,1.9479937576779023,1.5230834913997,0.7842330403354304,0.8280819163533853,1.3654144539187936,0.30236690343256023
1,4.756865023916804,3.95937348150607,3.95937348150607,5.820156676302973,1.0,1.0,1.0,1.0,0.0,1.0,0.6152473290124199,0.7573150937790494,-0.8269374583809683,-0.5142626507550279,-0.4497498822332394,0.848734733878168
1,2.4763095839823768,0.9376233968114395,0.9376233968114395,1.7313027180861018,0.0,1.0,1.0,0.0,1.0,0.0,-1.1087171989866331,0.3500809100741775,0.04437858555820828,0.16687183059334645,1.762639173245599,0.35197851625234644
0,1.2626695817293898,1.2190889478833093,1.1959254831303898,1.2190889478833093,1.0,1.0,0.0,1.0,0.0,0.0,-1.385417160141413,1.5016666416648845,1.043106260195636,-1.7497802299047842,-0.5755930038827746,-0.32268518391551876
1,5.112852892856212,3.6778648818118893,3.6778648818118893,5.286692463111423,0.0,1.0,0.0,0.0,0.0,1.0,0.8034605150862355,1.9856174793131431,-0.25631569949544025,-0.1829146101658009,-1.3487311556945734,-0.8869746981988196
1,1.958646581952726,-0.4976351002554662,-0.4976351002554662,1.6266668363516112,1.0,0.0,0.0,1.0,0.0,0.0,-0.0413372840811212,-0.2830486572090262,0.6160964260246268,0.6022114632886229,0.49668172151039175,-1.2437065881943885
0,2.6258418638404843,1.77306702875669,3.343579723794876,1.77306702875669,1.0,0.0,0.0,1.0,0.0,1.0,0.27508252801471855,0.5868922768669105,1.0260013204373684,1.078336265436024,0.11098016342307326,0.6676537888185005
1,5.620220372998626,1.6285286769792526,1.6285286769792526,3.6890409050073703,0.0,1.0,0.0,1.0,0.0,1.0,0.6987723063145622,1.0400952136724688,0.7170697917945256,-0.19577368620454527,-0.3421631064669915,-0.028433082389297926
0,1.0624633417702314,2.351492247068528,1.458317424776571,2.351492247068528,1.0,0.0,0.0,0.0,1.0,0.0,-0.29456347255084797,0.43142043375286276,0.9863642699969599,1.257819617149881,-0.9769250256263966,0.3873871455365624
1,4.752781663457617,4.889192459672269,4.889192459672269,4.427261104825412,1.0,1.0,1.0,1.0,1.0,0.0,0.5005655152504659,1.595375885341928,-0.03900061814422001,-0.6054898079856643,0.3547682989485817,-0.17417211609688432
1,1.1547004291357292,-1.8366180538381638,-1.8366180538381638,1.1405483136550678,0.0,0.0,1.0,1.0,1.0,0.0,-0.4472038480350421,-2.152077940610837,0.12501441546678738,0.543965300967201,-0.4010085559700595,0.05395853272580586
0,-0.4145089660173713,2.9883463916660356,-0.3637297181520448,2.9883463916660356,0.0,0.0,1.0,1.0,1.0,0.0,0.3625750199192337,0.13939650461225706,0.13706493116778096,-1.6135030620915596,-0.664890512734648,0.05877683296444622
0,0.950853057510766,1.6789620590339278,3.247735889600352,1.6789620590339278,0.0,1.0,0.0,1.0,1.0,1.0,-0.8439230706754994,1.0904285709287127,-1.36712892456125,0.3459381695692833,-0.9877637747385859,-0.03725479537937376
