0,-0.8736794885579714,1.1412724878150067,-1.5533672096134203,1.1412724878150067,0.0,1.0,1.0,0.0,0.0,1.0,-1.881464910622377,-1.9462711403942485,-1.4327586729224808,-0.4912655140777381,-0.30141012719874316,0.219846508636652
1,3.9871246163383596,0.32266378468396195,0.32266378468396195,3.5212083077878735,1.0,1.0,0.0,0.0,0.0,0.0,0.06805268516509698,-0.6134088553335081,0.2570669205941111,1.0149185385959314,0.012452761228604059,2.3051125455924972
1,0.7135640462551802,0.38870782369018336,0.38870782369018336,2.9165466375380844,0.0,1.0,0.0,1.0,0.0,1.0,0.5148379272468674,-0.8046370979029305,0.2655989859354463,-0.9816737621228534,0.2806938160470497,-0.7396235371972114
1,0.08052313261427013,0.021189055084428393,0.021189055084428393,1.4317620691008082,0.0,1.0,0.0,1.0,1.0,1.0,-0.9737127250228638,-0.7354790052216194,-0.6693294975961842,1.2060651798284994,0.6564371052830009,-0.20499937767150667
0,-0.2744994588418961,0.15243990513405759,-0.6280738847344698,0.15243990513405759,0.0,1.0,1.0,1.0,1.0,1.0,-1.4468353641207068,0.1737301621746863,-0.41482149817606806,-1.1874894883385083,-2.5788310349281796,-1.5127146539825724
0,-0.7817515903869792,1.9304072824974998,-0.4597861175435104,1.9304072824974998,0.0,1.0,0.0,1.0,0.0,1.0,-0.5327994706270858,-1.2203320678656084,-0.7396861975315944,0.4803784138572412,-0.9519923302657656,0.3130687726086334
1,0.4789365384677131,1.7942818513560463,1.7942818513560463,2.591639957594337,0.0,0.0,1.0,1.0,0.0,1.0,0.8081573077642059,0.9482452521730225,1.7968035754852876,1.1849481678051612,1.7127064736455377,0.2767558897337865
0,-1.9478177086857067,0.7175273428564322,-1.8708378041428435,0.7175273428564322,0.0,1.0,0.0,0.0,1.0,0.0,-0.720194813691313,-1.6204499427103554,-0.5554355271043653,0.576579077249895,-2.1237200958329554,-0.7939153079889574
0,-2.2657779802898474,0.9544990767029657,-4.766769898257735,0.9544990767029657,0.0,0.0,0.0,0.0,0.0,1.0,-1.1872881051127933,-2.165775407832663,-1.220737812368636,-0.335002220597323,0.5471499231369666,0.6082495938577172
1,0.31178894461484563,0.22978234177264628,0.22978234177264628,-0.3291513995906936,1.0,1.0,1.0,1.0,1.0,1.0,-1.4421272995119954,0.35353335406942554,1.232775825979072,-0.128964666216774,0.7802402478344141,-0.9073873747184329
1,6.974950237613211,4.908919438322238,4.908919438322238,6.191378561884604,1.0,1.0,0.0,0.0,1.0,0.0,0.28960992618683673,1.9586782013260249,-0.6056847720201871,2.219513438812525,-2.2215708407642154,-1.0285417434481179
1,3.0198853900554052,3.2411177481547644,3.2411177481547644,0.362707725168979,0.0,1.0,1.0,0.0,0.0,1.0,0.13659021037435262,0.5544542619125488,1.1325946884992193,1.8357594750352915,0.05879462844492611,0.6968088416223716
1,3.6026889122608052,1.807276030449604,1.807276030449604,2.4425666507925015,0.0,0.0,1.0,0.0,1.0,0.0,1.2453434018696143,1.005020425678017,1.485700578613165,-0.2676459137184871,1.3697455675414432,-0.7585866318715382
1,2.8269915072237444,0.7486633786827557,0.7486633786827557,1.7812450760030427,1.0,1.0,0.0,1.0,0.0,1.0,-0.011911707874246943,1.209156232717928,2.4164874505206524,0.6990541119370434,2.000653773257826,0.36093460091579366
1,4.232548843779896,3.8562254004745027,3.8562254004745027,5.154465322835811,0.0,0.0,1.0,0.0,1.0,0.0,1.255848992378715,-0.20634251753475535,-1.1312727336168469,0.9546915419798473,-0.7733961905359737,0.7781824729892091
0,1.3666577507937576,3.2219488218114574,1.070281700978925,3.2219488218114574,0.0,1.0,0.0,0.0,0.0,0.0,-0.12972172962857217,0.3468695808134816,-1.8766522355122623,-0.9344870672931891,-1.2298558002373172,1.0116856495402886
0,4.540157145321625,6.471716288422224,2.627476858804638,6.471716288422224,1.0,0.0,1.0,0.0,0.0,0.0,1.2986282692683675,-0.874530242449113,0.7316106872360946,1.6750814271498713,1.0199015631162198,1.3982408534309636
1,2.9433222054677026,3.8818664262357765,3.8818664262357765,3.434151788695446,1.0,0.0,1.0,0.0,0.0,1.0,0.02828681807208796,-0.02136265685295241,-1.6420833710041438,-0.6714350990751367,-0.3628346697196289,0.4793264153059542
0,2.808478378461343,2.7194501600145715,0.5166523390192697,2.7194501600145715,0.0,0.0,0.0,0.0,0.0,0.0,0.30456168055477467,1.0222965375226774,0.4415029895834797,0.7919195485166367,-0.26588811093657594,0.6878059515435706
1,4.92851708668581,5.155817384979643,5.155817384979643,6.173721078980128,1.0,1.0,1.0,1.0,1.0,1.0,1.2902327409743415,0.7288037613013041,1.7529881667315241,1.6721967080281919,1.2978553812590883,0.8547899586092096
0,0.6032974005387195,2.7537253029961404,1.5167479667892045,2.7537253029961404,0.0,1.0,0.0,0.0,1.0,1.0,0.6383843660793728,-0.7606343401726403,0.5090373789149045,1.197451995886862,-0.17424753729413742,0.550588979135295
0,2.6633900570882796,5.327070077601302,2.6792722128260165,5.327070077601302,0.0,0.0,0.0,1.0,1.0,1.0,0.7334604955461843,1.0312773357848162,-0.13834419910859674,1.4878940593405305,1.9151273740984118,0.9474945982734773
0,3.275642262137662,4.34967364869856,3.815281198867866,4.34967364869856,0.0,0.0,1.0,0.0,0.0,0.0,0.9058187544907275,1.687629471097094,1.022281081751423,-0.6302809461015662,0.6222228114908246,1.02753708728919
0,3.1029271737246606,4.744659120862383,2.9266956840368588,4.744659120862383,0.0,1.0,1.0,0.0,0.0,1.0,1.8116461542070816,-0.8988840524772189,0.28389616964333,0.5162030155421244,0.7277144947489126,-0.13577581373595324
1,7.174239067644744,4.61406399851193,4.61406399851193,7.0857100485348194,1.0,1.0,0.0,0.0,1.0,0.0,1.103354786626451,0.8896061912932901,-1.7241795357985312,-0.48612285475931727,0.1829661475138006,0.5672474977464413
0,2.843324419786134,4.610207686204834,1.827521689695455,4.610207686204834,1.0,0.0,1.0,0.0,1.0,1.0,-0.1943086746260381,1.4305671785910483,0.9142686872405179,0.8331973744490537,1.1334497620333996,1.3412885378924517
1,2.1371553722147647,1.6884050602707856,1.6884050602707856,2.5908910402820386,0.0,1.0,0.0,0.0,0.0,0.0,0.7564681351237308,-0.5805343455679252,0.07063799255111852,0.40067078600282013,-0.10663383287192282,-0.10700635343492979
0,2.3700004059892628,3.280884751275749,1.4363086361614985,3.280884751275749,1.0,1.0,0.0,1.0,0.0,1.0,-0.5349339555852013,-0.781555330341641,-0.29725482388087887,-0.18803489558982575,-0.43146529529104666,-0.954879132545113
1,2.6715585825370685,3.269461673342687,3.269461673342687,5.370026241390719,0.0,1.0,1.0,1.0,1.0,1.0,0.28027797371921565,0.261161843579755,0.05667653138532902,1.3779839303434467,2.2748324474211508,1.5740957031530862
0,1.7759947275910217,1.7047181697674372,1.961357903470061,1.7047181697674372,0.0,1.0,1.0,1.0,0.0,0.0,0.7248298083942236,-1.235918175327646,-0.1882590783273546,-0.4085170670397933,0.8230906688039433,0.5822621519292789
1,2.112954607386004,1.0218177843731089,1.0218177843731089,2.9749183425388726,1.0,1.0,0.0,0.0,1.0,0.0,-0.23852008537711025,-0.8777946946228308,1.021851829136419,2.6015939281633624,-0.11866581693244627,-0.6655222016038389
1,1.9023766332582657,-0.5569127284421341,-0.5569127284421341,-1.1686711749106904,1.0,0.0,1.0,0.0,1.0,1.0,-0.7135354586786898,-1.3325203260863838,-0.9735806533129985,-1.6571852402795242,0.7782377730314874,-1.412847040247097
1,6.2457881456208515,5.713561479348273,5.713561479348273,5.38089584471552,0.0,1.0,0.0,0.0,0.0,0.0,1.7262808965409335,1.6365212104058142,1.0704207014709506,1.4012499333183577,0.3130081128434953,1.1830891533571715
0,1.470712968343609,2.4016153819800685,0.7392885116915145,2.4016153819800685,0.0,0.0,1.0,0.0,1.0,1.0,-0.10581361001574226,1.3300435381694726,-0.4610926348344414,-0.08420626866030484,-0.27632109838807656,-1.8056092038072329
1,5.089599389053468,1.97720723293111,1.97720723293111,4.096132941390023,1.0,1.0,0.0,1.0,0.0,0.0,-0.7251077404225121,0.6407458576048517,-1.1842595010801311,-0.056122963478022314,-0.17327859199205037,-0.6865638292622989
0,-0.18112156691740045,0.5395396846717301,0.7347464306937908,0.5395396846717301,0.0,1.0,0.0,0.0,0.0,0.0,-1.1738192769443487,1.2646816589075793,-0.04194332504994244,-0.25676037033094223,-0.7231384185316203,-1.0873975041583852
1,4.071896837504176,1.4450006194071836,1.4450006194071836,3.907884458236925,0.0,0.0,1.0,0.0,0.0,1.0,2.056168889526515,-0.882349088227776,2.319844590683565,0.7119091247402107,1.8919742288004378,1.6285599213362922
1,1.6860809808172263,2.063447600557713,2.063447600557713,4.041295908746931,1.0,0.0,0.0,1.0,0.0,0.0,0.8860839668571061,-0.864425497962587,0.23723968926469416,-0.6193565912501416,0.5704381466301989,-0.7108772449886337
0,-1.002038279866801,-0.7714934519012996,-3.369485538171845,-0.7714934519012996,1.0,0.0,1.0,0.0,0.0,1.0,-1.431384945738612,-1.174596389531868,-0.4679697958562823,-1.817128435887358,0.08813572580492923,-0.6152986566502282
0,-1.1164348240967197,1.3986019051382477,-0.356528857779264,1.3986019051382477,0.0,0.0,0.0,0.0,1.0,0.0,0.1959169809306211,-1.5660383893702368,-1.4530424392972712,-0.9070997418896649,0.1396936684234774,-0.5902650938927897
1,-0.0356234085610756,0.7124774314248429,0.7124774314248429,0.7937604209518168,0.0,0.0,1.0,1.0,0.0,0.0,-0.17476486618543727,-0.11323031338001682,1.2257285375242295,-0.6965700494967613,-0.09820560820391194,0.8584158531180859
1,5.638039872418953,4.558590066885374,4.558590066885374,3.881850858015606,1.0,1.0,0.0,1.0,1.0,1.0,1.3691347474778555,0.00556414974593028,0.5643023014828499,-0.28877813338249964,-1.9422086679365498,-0.4868093070153052
1,5.232776864629919,2.7918466534741686,2.7918466534741686,3.657702410943846,1.0,1.0,0.0,0.0,1.0,1.0,-0.017104514290412463,0.28659046363498425,0.35395375561554876,0.6306274247225566,-0.3812416108840767,0.31959697587168195
1,3.5580441243734926,2.119376580400427,2.119376580400427,4.49468221492844,1.0,1.0,1.0,1.0,1.0,0.0,0.48753066241294063,0.09991815224684364,2.1280884609708286,-0.3216800994928688,1.0402522864737782,0.7177528299296134
1,-1.5050590823462828,0.4373967941982242,0.4373967941982242,1.3429913074320523,0.0,0.0,0.0,0.0,0.0,0.0,-0.8744317628404149,-0.16825265634028852,-0.3985089863580719,-2.5885219064020104,-0.6720282720650025,-1.575286949456439
1,3.724904845071981,0.6567665165683025,0.6567665165683025,4.090309558676669,1.0,1.0,0.0,0.0,1.0,1.0,-0.09461678818014435,0.10542178122422924,-0.3076331000905801,0.23947210099400812,1.2953700905678434,-0.5218361241952334
1,1.5494025864663672,0.2859804658907512,0.2859804658907512,5.572056703269913,0.0,1.0,1.0,0.0,0.0,0.0,1.2759112165112791,0.6703075871042381,1.0976987708290393,0.12719427619882148,-0.21000747116642993,0.48662798353121284
1,3.1352012286380435,4.116464446306227,4.116464446306227,2.61957157612302,1.0,1.0,1.0,1.0,1.0,0.0,0.1402642889051648,-0.6049933381235124,-0.14420689849986798,-0.24988219030024988,0.6515526065550912,0.2075112455638087
0,2.2573791941178305,4.429823810000343,1.619856786851152,4.429823810000343,1.0,1.0,1.0,1.0,0.0,1.0,-0.25913674735787784,-0.11945127204940725,-0.7392468254153348,1.409868151962318,0.800833600645626,-0.072984033252583
0,4.693140972946577,6.141988660532923,4.586087931169219,6.141988660532923,0.0,1.0,1.0,0.0,1.0,0.0,1.4268080033885737,0.981658218346653,-0.9330918211284183,0.27453660495750454,0.5469911944247816,-0.7150623805451493
1,6.477299660736497,3.2093485338131362,3.2093485338131362,6.383096317576245,0.0,1.0,0.0,1.0,0.0,1.0,1.337550928017108,0.8030511863961259,-0.11330107410062512,2.9602262363032636,1.2186434181844306,0.8185255634609931
1,-1.6244160844109765,-0.1560295605456411,-0.1560295605456411,-0.6955168278275179,0.0,0.0,0.0,0.0,1.0,0.0,-1.1650524536693199,0.17523757927071268,-0.20459732834832856,0.49310105086301775,0.011884836363733428,-0.32417369231022
0,0.2727416845832439,1.3832584635226461,0.5432105415332544,1.3832584635226461,0.0,0.0,1.0,1.0,0.0,0.0,-0.19474504120282304,-0.8420415572212796,-0.7216242826987723,0.49036692419038735,1.4493195525399192,-0.029605940956636313
0,-1.4851046635020861,3.5737825758701365,2.829059442755881,3.5737825758701365,0.0,0.0,0.0,0.0,0.0,1.0,-0.9511797411632449,2.5795890706297477,0.9087451179579186,1.3157960477561323,0.534558598349758,0.2233214236570633
0,-1.5035511481047983,0.6001975664271252,1.6299219948798793,0.6001975664271252,0.0,1.0,1.0,0.0,0.0,0.0,-0.3201148977480125,-0.876939757314769,0.3121381904459923,0.14481089341072634,1.0785091215764195,-0.2945356332353913
0,1.7964711788977268,1.6160533308982057,-0.01400434151840102,1.6160533308982057,0.0,1.0,1.0,0.0,0.0,0.0,-0.507129428198572,0.47779661467382084,-0.4222049261926003,-1.1565985085309831,0.17843795349303518,0.05306440306910275
0,0.6824812312108226,2.752342162013646,-1.2418029475141112,2.752342162013646,0.0,1.0,1.0,0.0,0.0,1.0,0.4164705677742692,-1.2252374665221797,1.0562545190283803,0.22836176399087021,-0.38477530543637584,1.656152875631102
0,1.7105702107169962,3.1919954812270905,1.1436865266080378,3.1919954812270905,1.0,0.0,1.0,1.0,1.0,0.0,-0.6560431656687837,0.9415570129618965,-0.07690860809294395,0.5988603998345666,-1.7749083390914344,1.2756031487065014
0,-1.1248864709518847,1.0392898638641943,-1.6183934025056552,1.0392898638641943,0.0,0.0,1.0,1.0,1.0,1.0,-0.10992964810947194,-0.8113051764174295,-0.7942486821772853,-1.5329540346224608,-0.26449848552412336,-2.570926911350895
1,5.381026069429034,1.585313241918589,1.585313241918589,4.152573019741995,1.0,0.0,0.0,0.0,0.0,0.0,0.23734505243403975,1.1251795148267472,0.33055220039009464,0.5017963295795114,-0.9402019818284775,0.3850265960534159
0,2.3081233873084863,1.128438850935507,0.03350151456766787,1.128438850935507,1.0,1.0,0.0,1.0,0.0,1.0,-0.6867619928709879,-0.022135057100569067,1.070751950067683,-2.333741463503009,-0.1898115847238124,-0.39041924897453545
0,4.838517896095434,7.633221623653068,4.45784977451099,7.633221623653068,1.0,0.0,1.0,1.0,0.0,0.0,0.47841839064189917,1.6440458394515671,-1.5898110079850327,-0.26434185046760017,0.4775500029018947,0.7425312390287151
1,5.692177516486998,4.329763835340123,4.329763835340123,6.482391686176562,1.0,1.0,1.0,0.0,0.0,0.0,1.3992820495631417,0.49506602981392467,1.0200820133860429,1.9986256533744915,3.4303086285074103,-0.9438306516948929
0,-0.9037246652008174,1.2522869705758395,-1.3712174032371052,1.2522869705758395,1.0,0.0,1.0,0.0,0.0,1.0,-0.9005326086851302,-1.3840763188516607,-1.2325266165958422,-2.343755362209852,-1.2171710860383618,-0.3243448979588882
1,0.8488528911734876,0.1299908756079287,0.1299908756079287,1.2171900141654903,1.0,0.0,1.0,0.0,1.0,0.0,-1.4981966448883948,-0.7835171034923862,-0.9586172188933076,-0.3925546115660045,0.14329084917557622,-0.9309129679291606
1,2.132345544250178,0.4937123454727152,0.4937123454727152,4.6004506696069924,0.0,1.0,0.0,0.0,1.0,1.0,0.03488703163713366,0.09304693194372696,0.6599900668786761,0.6656255415604361,-1.1197836520744018,-0.1583522053736987
0,-1.8407109104635668,0.42747290374787394,1.144251412521659,0.42747290374787394,0.0,0.0,0.0,0.0,0.0,0.0,0.06415669750489418,-0.5938942420293093,1.5368642678299014,-0.17293201370598005,1.1752468080286094,-0.5811265712672653
0,4.184890725150244,4.30402000421217,4.286071553943316,4.30402000421217,0.0,1.0,0.0,0.0,1.0,1.0,1.2615100506829275,1.2343776181397645,-0.9308849763170809,0.19765266701481932,1.033334063590423,-0.36055141619839226
1,4.147210143454632,4.663562378632275,4.663562378632275,3.684666112931332,1.0,0.0,1.0,0.0,1.0,1.0,0.4331310573186142,0.738305682972126,0.4750088851122757,0.9753107613304487,0.37700684223818365,-0.4119287516482025
0,-2.730952530363165,-1.2796240388882287,-2.970030313262298,-1.2796240388882287,0.0,0.0,0.0,1.0,1.0,0.0,-1.7125136101989422,-0.9814368954971489,-0.20129366469785281,-1.025798948592385,0.11680551993595967,-2.9871191802804757
1,-0.4336996796893936,-0.03306813074009629,-0.03306813074009629,-0.3222718050472243,0.0,1.0,0.0,0.0,1.0,1.0,-0.8084712761386872,0.05543644892846239,0.6853112282253999,-0.6594074883561238,-1.6124938444777452,0.14090496829168628
0,5.227606479240332,4.355195560643298,4.2208335370867625,4.355195560643298,0.0,0.0,1.0,0.0,1.0,0.0,2.2157698231917378,1.1110101982207596,-0.3914284351481119,-0.21092576053000586,1.316511166426465,0.6105589862212372
0,1.1871178743442838,-0.2065346263056298,1.4179265278515292,-0.2065346263056298,0.0,1.0,0.0,0.0,0.0,1.0,-0.5577853272954514,0.3870323761474719,-0.1333673129558669,0.8809324403923364,-0.7802777790870037,-1.516886871566825
1,1.1583620905632097,0.2976180870865279,0.2976180870865279,1.5084044531018588,0.0,1.0,0.0,1.0,0.0,0.0,-1.1167895298623614,0.5748213050350071,0.7473198801699087,-0.4385293197437832,2.0309501972613773,1.5129422061037263
1,3.9293820103491446,3.518005261377574,3.518005261377574,2.9381050338417602,1.0,1.0,1.0,1.0,1.0,0.0,0.3517591460562957,-0.7067787430245964,-0.8548173978121748,0.6602338665973955,0.8420730726434329,-1.314482983000225
1,-1.0471197640825902,-0.3271557166137822,-0.3271557166137822,-0.21596140559932758,1.0,0.0,1.0,1.0,1.0,0.0,-2.1158892824253224,0.36836115584692036,1.2511993407117714,-0.817190935383134,-0.16636930212270118,0.9391001039250155
0,-2.001232738227492,-0.4802431555868697,-1.750932010805176,-0.4802431555868697,0.0,0.0,0.0,0.0,1.0,0.0,-0.8114390229581459,-1.525364043703386,-1.2241271432514076,0.2234798829665131,-0.5618288971226351,0.01306956643552093
1,2.121574257977358,0.06273970592909017,0.06273970592909017,2.3534516026384993,0.0,1.0,1.0,0.0,0.0,0.0,0.12890135227464528,-0.31361807228645167,-0.043285084325621725,0.12440699673158673,0.5658844487804668,1.47000386114589
1,1.675819834078085,0.7836861976888744,0.7836861976888744,2.9954906132836845,1.0,1.0,1.0,1.0,0.0,1.0,-0.4973315352548943,-0.8134975595390532,-0.7914351575574367,-1.250472027313833,-0.5429005986858878,-2.020553426350409
1,4.401877595342296,0.4705782112320416,0.4705782112320416,3.3830105039866254,1.0,0.0,0.0,0.0,0.0,0.0,0.018769659442533688,0.6603359404608087,0.41252801890887036,1.9579104638293363,-0.7691468952903792,-0.23652230478042174
0,3.000064641952929,3.737261628115872,1.7579844810608298,3.737261628115872,0.0,1.0,0.0,1.0,1.0,1.0,1.0830336330802997,-0.3056187860388435,0.7576072278260875,1.1340818852429995,-0.054207618341096664,1.282040128405813
1,3.797872476485535,2.0338959263606693,2.0338959263606693,4.338556563704607,1.0,1.0,0.0,1.0,0.0,1.0,-0.5582203628934389,0.6813733069771841,0.9989847264742149,0.9058856053251697,1.259700403101883,0.1422605594216818
1,4.856133818435349,3.4294016162055048,3.4294016162055048,2.869071738107855,1.0,0.0,1.0,1.0,0.0,0.0,0.2797440147056122,1.0060593298345732,-0.06701866615880814,0.5726116783313349,1.0498378338608714,-0.08716287445743637
1,5.219204625709829,2.501957779263463,2.501957779263463,3.8099244331320605,0.0,1.0,1.0,1.0,0.0,1.0,1.0423831829560624,1.324176742480022,1.0272387878001346,0.8453655934630537,1.4919719131406812,0.4099233488829567
0,3.6539198950435248,3.295924576863542,3.996917294041917,3.295924576863542,0.0,1.0,1.0,1.0,1.0,1.0,1.1128433871645729,-0.5683795552085023,0.3309281779650246,1.894607192019627,0.23629894021258557,1.4614454234300585
1,-0.08007834903810396,0.4245500670100417,0.4245500670100417,-1.2565739268298086,0.0,0.0,0.0,0.0,0.0,0.0,0.012325018121077244,-0.13106766216622995,0.8165415667601834,-0.6476406800215395,-1.4870185440943486,0.6821724808346202
1,1.8962274054811377,2.818801878521118,2.818801878521118,0.8756525358312748,0.0,0.0,0.0,0.0,0.0,0.0,-0.12377441489162984,-0.4491509679116697,-1.5934810733796843,-0.7910515062532946,-1.5597828781282872,0.7808766247478734
0,1.2809569719547,3.9799473046223097,1.193994158777322,3.9799473046223097,1.0,1.0,1.0,1.0,1.0,0.0,0.012368995956001584,-0.10937198482751531,0.42020677860729844,0.04467578559044788,-0.5658593839930688,-0.7584703296558832
1,0.7423201661055501,2.698140434210222,2.698140434210222,1.865662230228869,0.0,1.0,0.0,1.0,1.0,1.0,0.7876443848030138,0.42090006460611984,2.37826508132907,1.6282616556700165,1.4317864430204106,0.609442336265407
0,3.581309513114592,3.86982972821692,4.288523704373979,3.86982972821692,1.0,0.0,0.0,1.0,0.0,1.0,0.8983487307682603,0.5084083845909524,-1.5848115954434643,-0.5931297993224965,-0.33828801550996535,-1.9097202251782057
1,1.3248479126133899,2.2977815203459677,2.2977815203459677,1.7387876445332742,0.0,1.0,0.0,0.0,0.0,0.0,-0.1165049013313864,-0.9232712524402307,0.18469930168698045,1.513597045906836,-0.7741989216777707,-0.09143870230127818
0,0.42670272515661345,0.726626252012722,1.0482636480710688,0.726626252012722,0.0,1.0,1.0,0.0,1.0,1.0,0.23180163695434738,-1.0646035038510753,2.1940228480227857,1.2424207413662678,0.18007383179389747,0.9321869995268661
1,1.4699596327536577,3.955444037884824,3.955444037884824,3.4646798477781044,0.0,1.0,1.0,1.0,1.0,0.0,0.5119635995040379,0.7279452939936735,-0.27289779441453843,0.8286610150900269,0.23933386498239645,-0.9393373424192915
1,7.239033052405977,1.9990666316760695,1.9990666316760695,3.691082675217082,1.0,0.0,0.0,0.0,0.0,0.0,2.0180000096173574,-0.454932509442386,0.4728942484121337,-1.1239801469006856,0.5599313235760691,-0.06845288968276654
1,-0.16933162569593535,-2.494804295470588,-2.494804295470588,-2.3340356019071877,0.0,1.0,0.0,1.0,0.0,1.0,0.261050942959949,-2.7052500346380386,1.2078443137157182,-1.062744834441594,-1.1891219245814024,-1.4185256940427637
1,1.4248014679667569,0.7938946736399919,0.7938946736399919,3.060761476463534,0.0,1.0,1.0,0.0,1.0,0.0,-0.17047102242860573,-2.1568410126820234,-1.6716545270860381,-1.3154403495362406,0.4804946180536567,-1.0697161802502357
1,2.1665182901821245,2.1566947816177975,2.1566947816177975,3.3419961418433264,1.0,0.0,1.0,0.0,1.0,0.0,-0.33288082993783813,-0.2613187470632218,-0.4663438321777448,-0.07471938478631612,0.06895606299517754,-0.41288067643382437
1,2.6202859750106646,0.11311250307510234,0.11311250307510234,2.8866549398119883,0.0,1.0,1.0,0.0,0.0,1.0,-0.3339716240319214,-0.06155735582867261,-0.8436219449019646,-1.0995308971039899,-1.9185169331774201,0.606316502568776
0,0.28939207957413915,2.0200377606935405,1.1990442115336604,2.0200377606935405,0.0,1.0,0.0,1.0,1.0,0.0,0.31611309226845985,0.45465513109063943,0.9988190655667222,-0.4713228056882652,0.5328239400628412,0.3954398831284294
0,-2.5624349280170797,1.6592822716505962,1.3601417080612792,1.6592822716505962,1.0,1.0,0.0,1.0,0.0,0.0,-1.4763215407612393,0.5222456550406571,1.0907303271411368,0.7480805428113393,-1.2442808855006002,0.9879259377445592
0,2.491755320692796,1.3916831067128608,0.9770499274345019,1.3916831067128608,0.0,0.0,0.0,0.0,0.0,0.0,-0.0193664457413285,0.7541231603578695,0.4714654464576602,-0.009709473075496466,1.74759666432475,-0.03859753732983673
0,0.2462449350711673,2.5890934815195803,1.2923536547156318,2.5890934815195803,1.0,1.0,1.0,1.0,1.0,1.0,-0.6115375326438154,-1.787044088160785,-1.6695864066182986,-0.3539373354607235,-0.8614178674028451,-1.5032099203904274
1,4.523593570391045,4.216588244651116,4.216588244651116,6.077889253579978,1.0,0.0,0.0,1.0,1.0,1.0,0.45990346157300893,0.5832476793946075,-2.244530036856231,0.901898890028308,0.02177556282831994,-0.33059107455611203
0,-0.013695826411146049,0.528141108151168,-0.4643857460450777,0.528141108151168,1.0,1.0,1.0,1.0,1.0,0.0,-1.631655692564762,-1.0421754609540763,-2.299948223588556,-3.257784370869327,-0.08225556596497463,-1.6423851605220074
0,2.8723493538465212,4.132120692286107,-0.2397680889801712,4.132120692286107,1.0,1.0,0.0,0.0,1.0,0.0,0.11308545471127421,-0.9370167295468106,-0.3715782233638645,-0.7556948535373533,-0.9091289615405529,-0.5879737703536524
1,6.8237992286937,3.61424333021189,3.61424333021189,4.932264932387113,1.0,0.0,1.0,0.0,0.0,1.0,1.1394812830384926,1.4170932357601427,0.5181132237648832,-0.38418483593942,0.1522339522348503,0.4844411948296286
1,4.565227443874634,3.2011580795825028,3.2011580795825028,4.132987107062049,1.0,1.0,0.0,1.0,0.0,1.0,0.4575179397335021,0.24713105994537654,0.23402512466702705,-0.4334109703972649,-0.3003838970699987,0.3876680830489468
0,3.8904077272630286,5.645468668739944,1.9690461483191448,5.645468668739944,1.0,1.0,1.0,0.0,1.0,1.0,1.119956137300127,-0.0842668973756433,0.308023694132073,1.0181598432729557,0.832184532827018,0.4799722041543708
1,2.178468869397557,4.761684935841625,4.761684935841625,1.5153359986727548,0.0,1.0,1.0,0.0,0.0,1.0,-0.41459288910982073,1.011428783386854,-0.6083371085843722,0.4929257051235428,2.0728653163716895,0.3859903946487558
0,1.0500788773714442,2.985068977152817,3.7071953259977466,2.985068977152817,0.0,1.0,1.0,0.0,0.0,1.0,-0.8701540857808778,1.4394503281735462,0.3951374113782846,-1.1649049914573435,0.626679405451371,0.5325561978651271
0,3.425104119245442,4.7154095204916135,3.7724054243637273,4.7154095204916135,1.0,0.0,1.0,0.0,1.0,0.0,0.8210677977517857,0.3646057361060474,0.21284177142668229,0.0382298485782788,-0.7993403973528408,-0.3832717992996769
0,-0.08524367502791264,3.7576403419729933,0.41851342621379906,3.7576403419729933,0.0,1.0,1.0,1.0,0.0,0.0,-0.30382048692170627,-0.2304140026013481,0.06533930346018804,0.44458273222026323,0.6303576280807022,-0.2589590120964958
0,2.9242371693704725,5.4211299767375545,3.117094614915523,5.4211299767375545,1.0,0.0,1.0,1.0,0.0,1.0,1.2687484263346576,2.001595683406273,1.0682342921948147,0.842208321024114,1.0857179867615012,0.3799600676489706
1,1.581367041750319,-0.6925065051739842,-0.6925065051739842,1.4276057670146718,0.0,1.0,1.0,1.0,1.0,1.0,0.06091924313742271,-1.0757339731951958,-0.6812625945436677,-1.6559545818422992,-0.8708495817866811,-0.431761580701991
1,-0.841863537204589,0.25313934853134074,0.25313934853134074,1.2979583949465474,0.0,1.0,1.0,1.0,1.0,0.0,-1.614774499870008,0.046055556081853445,-0.14590185322101917,-0.7531773533912678,0.8747226234099061,0.456725845733604
1,-1.592107499215813,-0.9752384931935143,-0.9752384931935143,-0.11059752490645738,0.0,1.0,0.0,1.0,0.0,0.0,-0.9016129152571629,0.4499972649874773,-0.176153339121499,-2.036600004920408,-1.4882224523986158,-3.1806390426197204
1,4.7161974465800665,3.9011580877289562,3.9011580877289562,4.419288899315527,1.0,1.0,1.0,1.0,1.0,1.0,0.7083486436060746,-0.4757602686500252,0.7872585135213612,0.6468489718823549,0.6886707891697091,1.9325184321061983
1,1.6598967839889334,0.321304490841369,0.321304490841369,2.847995918565541,1.0,0.0,1.0,1.0,1.0,0.0,-1.508599293245557,-0.43447004585933796,-1.4218340598931012,-0.5620379892088835,-0.5970513468001565,-1.4910399401189711
0,-1.0778973623029644,0.729525611974844,0.037548090447269256,0.729525611974844,0.0,0.0,0.0,1.0,1.0,0.0,0.16918248274638867,0.10314888869200883,0.5161597853800169,-1.5794811939036764,-1.3742565391887382,0.6085485175968696
1,5.31712559159879,1.333998920506708,1.333998920506708,5.221019112639148,1.0,1.0,1.0,0.0,1.0,1.0,0.2728281775639591,-0.32478640811386406,-0.6372186059851361,-0.052898896885561514,1.2151243399648863,-0.27541729028098094
1,3.6128057087083665,2.2724304067903236,2.2724304067903236,5.898326075842416,0.0,0.0,0.0,0.0,1.0,0.0,1.7296996775813973,1.1271713680629303,1.2932753653459168,1.04496755069872,1.1872614489080424,-0.4186856381115841
1,0.4692948437338223,-0.2540201080761506,-0.2540201080761506,1.2016169066921334,1.0,1.0,1.0,1.0,1.0,1.0,-1.352857332294546,-1.117115000233504,-0.40294281098622786,-2.0752860318650104,-1.1127189618256397,-2.855589020271979
0,1.0875655666031643,4.455187981394047,3.3000433170083734,4.455187981394047,0.0,1.0,1.0,1.0,0.0,0.0,1.0542256021195275,0.15081152147730648,1.5655650300185968,1.0269141698200739,0.3947519509129707,0.2992697003051424
1,3.82292225468697,1.9770180634562713,1.9770180634562713,3.0985979946408775,1.0,1.0,1.0,1.0,1.0,1.0,0.1790417775407856,-0.7064870052953073,-0.38491178618907695,-1.4108332401074775,1.2035651593011305,1.4930931650770367
1,1.0319188850743117,-1.436528397722761,-1.436528397722761,0.18847447113028665,1.0,1.0,1.0,0.0,1.0,0.0,-1.707039147565157,-0.8761296378156352,-0.35902514808910346,-0.6800196299304777,-1.2004158689388462,-1.703801889742884
1,3.2271334098395457,0.41496068362176164,0.41496068362176164,0.30313094627853476,1.0,0.0,0.0,0.0,1.0,1.0,0.15488129016526367,-0.36889726089636343,0.021667510748413242,-1.3553148699414963,-0.20450792230981502,-0.674648115139541
0,3.585420339683258,2.876333086244606,2.2719079860218057,2.876333086244606,1.0,0.0,0.0,1.0,0.0,0.0,0.7860823280690246,0.37556975874458237,-0.42112221876080513,1.1911705563405153,-1.302796625061647,1.8031778146714605
0,1.5291215691074758,5.291976661648556,3.980260243987299,5.291976661648556,1.0,0.0,0.0,1.0,0.0,1.0,0.4911025821515717,-0.4948075132637383,-0.39703104943073786,2.3457423474227315,0.16267158823004446,0.38758002082231807
1,-0.5783936552355445,0.26459382938710574,0.26459382938710574,0.637356169809761,0.0,0.0,1.0,0.0,1.0,0.0,-1.2802389591862282,0.1215214353344202,-1.112386109102037,-0.6696601781818587,1.15217493745354,-0.5068896165615417
0,2.3369772358727974,1.8494620179844459,1.5216437071070672,1.8494620179844459,1.0,1.0,1.0,0.0,1.0,1.0,-0.7496017919571925,0.024463206982792668,-0.050895460127915765,0.3100780762710887,1.6859990069712525,-0.6472342366113694
0,4.534763223206225,2.0152146299616343,2.270327297376202,2.0152146299616343,1.0,1.0,1.0,1.0,0.0,1.0,-0.5916732569508173,0.9095618940942322,-0.6921027185554253,0.3383873870238756,0.5210304869995481,-0.43854633654517966
1,4.062055775398143,2.090269628540564,2.090269628540564,4.406731536416216,0.0,1.0,1.0,1.0,1.0,0.0,0.7078975299973604,0.22505133294695645,-0.1970456337656442,1.0690373752069044,0.29539350384483887,1.3729971596887502
1,2.6687389419945395,-0.6093040337903997,-0.6093040337903997,1.7911441006895477,1.0,1.0,1.0,1.0,1.0,1.0,-0.9464736024067983,-1.9331871661503928,-0.14658386741233925,-0.2687357417675847,0.1664104314850166,0.3660250810274604
1,3.8267360651481908,1.483010128915847,1.483010128915847,6.323805220731009,1.0,1.0,0.0,0.0,0.0,0.0,0.11977962869579543,0.8816812749587338,-0.29952810980659983,1.2467885758680304,2.107718185135351,0.6699294374240693
1,5.882405363583495,3.3543870026565634,3.3543870026565634,3.4229328319410373,0.0,1.0,1.0,1.0,1.0,0.0,1.14882409953705,2.03390860840285,1.427918734821867,-0.7707005443666436,1.9345073035971403,-0.6871582292458911
1,5.838063611724837,3.185936071287249,3.185936071287249,5.945493167819356,1.0,1.0,0.0,1.0,1.0,1.0,0.9283635683249587,0.22409523564891382,-1.6623088210480583,0.05903785382281612,-0.035532578846620644,-0.546194849401903
1,4.05834416053276,1.9950365515899915,1.9950365515899915,3.14331214280673,1.0,0.0,0.0,0.0,0.0,0.0,0.47975964876637045,1.410416407592208,1.1502894062189988,0.31026167085836465,0.6672486862479973,0.362248220523597
1,0.8128686010838899,1.1175210430436815,1.1175210430436815,0.7944934547183873,0.0,0.0,0.0,0.0,0.0,0.0,-0.09705801942839094,0.30086468821799245,0.34412891130242856,-0.27597454337910376,1.4822990082116396,-0.08002416802274359
0,1.4313150272161084,-1.0863557086676792,-1.8423495906889633,-1.0863557086676792,1.0,0.0,0.0,1.0,0.0,1.0,-1.322360103353654,-1.1501069330816485,-2.740406207059774,-2.439085552466991,-1.7759133025618081,-0.3809260777783616
0,-0.816382127321603,-3.2517380848299573,-4.983182771217585,-3.2517380848299573,0.0,0.0,1.0,0.0,1.0,0.0,-2.3327261702177915,-1.3606021758444653,-1.1523500273093665,-1.387891802748099,-1.8746440843884975,-1.5961317775771315
1,1.9640892882412768,2.549390901405066,2.549390901405066,-0.4747373930163814,1.0,1.0,0.0,1.0,1.0,1.0,-0.8182743344942487,-0.4811208076670468,1.275898313034236,1.2052581372646636,0.3072892239847611,0.1415470016758298
1,4.342464717754376,2.723986373697223,2.723986373697223,3.0896355490652283,1.0,1.0,0.0,0.0,1.0,1.0,0.7859656625708245,-0.39876556409974473,0.05490078091182515,-0.7474355757172155,1.0351590913846678,0.4320395450847875
1,3.7202446370019935,1.6325387656238672,1.6325387656238672,1.8253437992910893,0.0,1.0,0.0,0.0,1.0,0.0,0.4767339086559737,0.48666966604813455,-0.691318381690601,-0.18248218806324776,-0.24700162727808964,-0.45628148522743717
1,1.849181233333977,1.9457745022411683,1.9457745022411683,2.1644632302999742,0.0,0.0,0.0,0.0,0.0,1.0,0.47137346697497556,0.7674002512298103,-1.1104034313867273,0.7696922683895077,-0.5771254169427564,-0.08255452743088898
0,1.9720451679611917,3.959890698231512,2.8314281325707786,3.959890698231512,0.0,0.0,1.0,0.0,1.0,1.0,2.2481006424103915,-0.056924350126587475,1.310648635435429,1.6022679634505792,1.1841252879822712,1.0224889800961194
1,4.492942413755113,3.3093672960610636,3.3093672960610636,2.042740630711651,0.0,1.0,1.0,1.0,0.0,1.0,0.5888782371250298,0.7969727007816735,0.9971725314416048,-0.014227629050160139,0.4498347763745041,-0.4759532327992515
1,4.531813328658888,3.497047760263045,3.497047760263045,5.106710996631882,1.0,0.0,1.0,0.0,0.0,0.0,1.6415216366263672,-0.9732258355229894,-0.7024754839445764,-1.3199454732361422,-0.10406347474989525,-0.2633593675137606
0,-1.441238279404915,-0.1514508842224383,-2.1033770473437565,-0.1514508842224383,0.0,0.0,0.0,0.0,0.0,1.0,-0.013515649287368717,-0.2432888062464053,1.3405431459987551,0.13604766921145045,-0.15414558341731538,-0.5191252910338056
1,5.2517491310170135,4.274516093633115,4.274516093633115,3.93246853145609,0.0,1.0,1.0,0.0,0.0,0.0,1.1373943260761539,1.1289799620536942,0.9773120298187209,0.35256122469409157,1.7230817824696216,1.8997834960021112
1,4.634131273598544,4.005955712715513,4.005955712715513,5.607564231104109,1.0,0.0,0.0,1.0,1.0,0.0,0.3474065633029256,1.2902965814527536,0.29928420945599654,-0.21647833939933858,0.5000080956979064,-0.22806725430603492
1,-0.784788572085852,-1.6084393259384313,-1.6084393259384313,-0.6429402020059913,1.0,1.0,1.0,1.0,0.0,0.0,-1.5974315714611984,-2.4590992707167336,1.033141527833262,-0.8630690675160478,-1.3481204136654807,-0.8486703921558149
1,2.1493459613880077,-0.15918292453699046,-0.15918292453699046,5.20397634507674,0.0,1.0,1.0,1.0,1.0,0.0,0.3150089414548141,0.2876725885954976,2.1092892635563203,0.7481260795137382,0.5472116246352744,1.440147321525372
1,4.344582773592615,3.695581918254712,3.695581918254712,5.162418873621712,1.0,1.0,1.0,0.0,0.0,0.0,0.6225789547570791,-0.33657177734863153,0.26311874066524693,-0.6206182041223492,-0.14398076344318467,0.3092541683784747
1,3.749131812567404,2.5463188003459543,2.5463188003459543,4.582629180046812,1.0,1.0,1.0,1.0,0.0,1.0,0.030195429564561633,0.14195925466905168,0.7765692692779855,0.42058865772379783,1.074607817653459,0.528755633448544
0,2.2191817694823293,6.342530220849423,1.8260108182685952,6.342530220849423,1.0,1.0,1.0,1.0,1.0,1.0,1.235113067497221,0.7463703893766896,2.456676930089067,-0.18734241010666813,-0.4602308659916077,-0.9646504328545431
1,5.290168910485461,4.501863725329159,4.501863725329159,3.7757435310928438,1.0,1.0,0.0,0.0,1.0,0.0,0.16347502209426434,1.7170866511120988,-0.3068827344091365,-2.104914707854662,0.6570029262279294,0.9272929766267567
0,3.8408909380433793,9.225493005281884,6.46939790634616,9.225493005281884,1.0,1.0,0.0,0.0,0.0,1.0,1.4819687533318768,1.2111981863661212,2.5105672617570196,2.5050506175668827,1.3907720732760032,0.6479200288277475
0,3.4871509190167744,8.208443663637855,2.614631344236609,8.208443663637855,1.0,1.0,1.0,1.0,0.0,0.0,0.803121461628987,1.757893664457525,1.5550122272270495,0.3705676441626997,2.0853773667222257,1.1232639890496743
0,-0.32305774195799497,-0.37442935259396093,-2.184311478218961,-0.37442935259396093,0.0,1.0,0.0,1.0,0.0,0.0,-0.9242750123893237,-1.0988587962080936,-0.8967480565290133,-0.9872413096446248,-0.4293569249714838,-0.6381747677019013
0,-0.7792062890966438,2.5016100753607446,-1.3664329563205424,2.5016100753607446,1.0,0.0,1.0,1.0,1.0,1.0,-1.3818411559298704,-0.9125757998819486,0.22044302563899432,0.5856605143565692,-0.13838616351852517,-1.3906945532792356
1,1.637944937409645,1.033409556785844,1.033409556785844,4.795122670090109,0.0,1.0,1.0,1.0,1.0,0.0,0.1540137867735153,-0.7808836658209506,-0.06746115821284682,-0.10196933410887177,-2.4239058329613377,-1.5144416869420194
1,2.7441783207397594,-0.33015412268600564,-0.33015412268600564,1.7404097161261631,0.0,1.0,1.0,0.0,1.0,0.0,0.5465260336708523,-1.2322885022069932,0.5886810063591961,0.434052589874981,-0.6435871459762951,-0.9148533804164052
1,2.9201015442785616,0.2089100163810349,0.2089100163810349,2.2384117670737713,1.0,1.0,1.0,1.0,0.0,1.0,-0.285517586360421,-0.4882600998283053,-0.038663818982777515,-2.3466349319737505,-1.8236071293361917,0.5237076992931484
0,2.790312541910387,3.7551320854774146,1.7758485339224657,3.7551320854774146,0.0,1.0,1.0,1.0,0.0,1.0,0.524457635692509,0.046928784168551396,-0.08015009241609372,0.2051474314388922,1.5913136988859202,0.8759123371085168
1,1.0437658764826727,1.9281559056224409,1.9281559056224409,2.00803958082365,0.0,0.0,1.0,0.0,0.0,1.0,0.9808121959266243,-0.3357556043058011,2.169293770076224,0.0095801718077127,1.0489713443750017,0.7987609613090125
1,2.748558202551463,-0.48099329757016007,-0.48099329757016007,1.303222874589219,1.0,1.0,0.0,1.0,1.0,1.0,-1.392416354818934,-0.15651358218567613,-0.12955807955576593,-0.5049487831214965,-1.676244604969042,1.7904536229081913
0,3.949611329450422,4.659757969100845,3.030201454667717,4.659757969100845,1.0,0.0,0.0,0.0,1.0,1.0,1.7401569758488888,1.6339037275238797,0.6858428619282594,-0.6747026434237887,-0.622176400132613,0.1527366302224165
0,1.4959715114118386,5.043452588349792,3.3502061863792627,5.043452588349792,1.0,1.0,0.0,0.0,0.0,1.0,0.4000954492918592,0.5298297165189579,0.5754569493822944,-0.08095232510400723,0.82164075928309,-0.4413415424376913
1,3.848309472263317,2.8160901436461354,2.8160901436461354,3.8085736365311886,1.0,0.0,1.0,0.0,1.0,1.0,0.3600491438305907,1.0908566970959526,0.9028625676287105,0.4506564794113876,0.4186609578954482,0.7350756267328055
0,0.9023520499890892,2.4709798022794685,2.906310389250124,2.4709798022794685,0.0,1.0,1.0,0.0,0.0,1.0,0.2608113971507675,-0.235593528123124,-0.46462760142328796,-0.5908757136694914,0.665387184637469,1.0282582377950713
1,1.131313115967187,1.0687863942929718,1.0687863942929718,3.1416251672627356,1.0,1.0,0.0,1.0,0.0,0.0,0.01277298450296611,-2.844909638145232,-2.4315400209259703,-0.4979060671112081,-1.62971003674967,0.12189757662195366
1,4.53566366006541,3.2235023612558606,3.2235023612558606,5.069712973598258,1.0,0.0,1.0,1.0,0.0,1.0,0.3921824128324054,1.448591935728829,1.1598577031036734,-0.6569112149636915,1.579635069854787,0.18464099688040692
1,3.778410218434633,3.6513377800240048,3.6513377800240048,4.497873457160221,0.0,0.0,1.0,0.0,1.0,1.0,2.4494909547398045,-0.03530199238381304,1.7342581429796473,1.6062331909592276,0.8398732736164825,0.3788209362328032
1,5.167908603981691,1.500889223531864,1.500889223531864,5.674485261813796,0.0,1.0,0.0,0.0,0.0,1.0,0.8354428831577916,0.5759865894289775,0.5710666966445763,1.3610714134390771,-0.014431794210242155,-0.16829674547477091
0,-0.09828676597383645,3.8747929542015447,1.7229197372987546,3.8747929542015447,0.0,1.0,0.0,1.0,0.0,0.0,1.2941715376875023,-0.5069680931429217,1.4429679925264127,-0.15119727035328873,0.02240310608063467,0.7321270210409487
1,4.35008643608795,1.0466594807843073,1.0466594807843073,1.6079717886375586,1.0,1.0,0.0,1.0,1.0,1.0,0.16712601459405285,-1.3929606528479308,-0.5843458148244255,0.09723869122924203,-1.414197107813656,0.5452069298819074
1,2.3800880544083816,-0.26081041298052066,-0.26081041298052066,1.725026266366452,0.0,1.0,0.0,0.0,0.0,0.0,-0.018852115028547937,-0.30437750137854214,0.03697857618341993,0.5377943184364917,0.09492023757915691,-0.7964908116254189
0,-5.762112499917189,-5.604943442007508,-4.046072890160616,-5.604943442007508,0.0,1.0,0.0,1.0,1.0,1.0,-3.7083893562526944,-1.6996138018155325,-1.207215628961381,-2.657105601773191,-1.9801428581233387,-4.117836028515489
1,-0.25336153879339685,-1.2639351293679377,-1.2639351293679377,-1.4018944435692868,1.0,0.0,0.0,0.0,0.0,0.0,-1.5933142812593901,-1.3272986583517035,-0.49830624327274564,-0.4226964312416061,-1.8177180155894574,-0.6686839085585145
1,4.908605443318794,3.583250639675464,3.583250639675464,7.0455342756843695,1.0,1.0,0.0,1.0,0.0,1.0,2.2340788132918066,-0.18832374791871934,0.6807309434376592,-0.3751179509358423,0.27936231851752313,-0.39733961142078006
1,2.851325055731876,1.7600858024579134,1.7600858024579134,2.252148854080043,1.0,0.0,1.0,0.0,1.0,1.0,-0.028107558181330997,0.8423749987887519,1.260125698177632,0.5534606223298941,1.3569631685525803,-0.047115147314239825
1,3.303703126171807,4.2504987448640765,4.2504987448640765,2.4885778706486112,1.0,1.0,1.0,1.0,1.0,0.0,-1.1753102692618067,1.4285765583300103,1.2520737998316012,2.1769581092423005,0.5773791854116739,1.329671820193321
1,2.5377610887267252,1.9926784403464395,1.9926784403464395,3.5327079288773477,1.0,1.0,1.0,1.0,1.0,1.0,-0.28312203677147363,-1.1807159261736109,0.23735667170100283,-0.7435934054631326,-1.029085681772628,-0.30940767262419877
1,2.6972748808776283,0.045996004197763174,0.045996004197763174,3.991293550912369,0.0,0.0,1.0,1.0,1.0,1.0,-0.23642498309019966,1.221871748230885,0.30720032473690395,0.6310274099465519,-1.270652937669233,-0.045463205819875535
1,-0.813399786989482,0.8991961268962443,0.8991961268962443,0.018353651691570327,1.0,0.0,1.0,1.0,0.0,1.0,-1.1708470134184914,-0.8103018125948137,-0.6432074097856623,1.4094423532979061,-2.011535344328757,-1.1152673943146236
1,3.294088252293651,1.5357708631977567,1.5357708631977567,2.1387586257009694,1.0,0.0,0.0,1.0,0.0,0.0,-0.8271452820823498,-0.23320335386329197,-1.2970683175206092,0.5910016154111288,-0.8754639215995359,-0.3362686241616192
1,3.559811710953673,1.206429191121967,1.206429191121967,0.73169743795071,0.0,1.0,0.0,0.0,0.0,1.0,0.6183032445629832,0.6625672543578875,0.8104384598392531,-0.5123815409633969,0.14328593316160626,-0.7479197781508933
1,3.2381792770891757,2.8726059796687853,2.8726059796687853,3.85507320518617,1.0,0.0,1.0,0.0,1.0,1.0,0.10109172155047554,0.15455613601639093,0.4457078912738775,-0.09475768166684645,-1.5709364039482927,0.030524923051698988
1,-0.24673244874071742,0.6047791596883217,0.6047791596883217,0.866953706625257,0.0,0.0,0.0,1.0,0.0,0.0,0.6480578437155315,-0.7798884379781434,0.8961129812167687,-1.6322787786689887,-0.005212504568626486,0.9855276464378344
1,3.3682516290229305,2.3617357966517916,2.3617357966517916,2.3981613910993502,0.0,1.0,0.0,1.0,1.0,1.0,0.4574778031949001,-0.4120975040968726,0.5391509408761521,0.04832485379759914,1.0315770684771686,-0.4321758256400087
0,0.1581033799816196,2.504916740392423,2.6739540181951664,2.504916740392423,1.0,1.0,1.0,0.0,1.0,0.0,-1.0410107243356799,0.4699012333429875,0.13893666491382645,0.06662060713733366,-0.862717223290616,-1.1823115513335511
1,2.5843768255712836,-0.29664530365964614,-0.29664530365964614,0.7572907118342349,1.0,0.0,0.0,0.0,0.0,0.0,-1.1645274945405029,0.6492735555540713,-2.087297002295616,0.5849879976439212,1.2395359509271788,-0.6402593733180756
1,0.008803265932403548,-1.2863136766760555,-1.2863136766760555,2.3626389218431463,1.0,0.0,1.0,0.0,1.0,0.0,-0.48787209723617936,-1.7150115580317267,1.0750580666378753,-0.8218110469213078,-0.047438263501655184,-0.08410467144321042
1,3.8163359881458025,2.1490668709948144,2.1490668709948144,3.397843857389814,0.0,1.0,1.0,0.0,0.0,0.0,1.0720156746828504,0.7838787173714106,1.6553645045375927,1.8960227690153313,0.28365122086075933,0.627542423027468
1,-1.6073789710560495,0.6701297476443557,0.6701297476443557,0.29332569670796393,0.0,1.0,1.0,1.0,1.0,1.0,-1.70249887278216,-0.913856816062503,-2.006845278104878,-0.699246519826851,-0.5297711218453852,0.4907266591473902
1,3.406203291272145,-2.272151886367348,-2.272151886367348,0.54440294859931,0.0,0.0,1.0,1.0,1.0,0.0,0.33205906098880117,-0.7629820967928131,0.26984959890600785,-1.1684758169730163,-1.170575015116837,0.6075325086573077
1,3.718789366903824,1.872987483584636,1.872987483584636,3.9072734794965873,1.0,1.0,1.0,1.0,0.0,1.0,-0.14226528381066844,-0.4949504670901948,-1.2099410707273028,-0.4895565183137803,-0.6593809519839308,0.2816802404125117
0,2.418733389965807,5.552755316096112,4.1403333379419065,5.552755316096112,1.0,1.0,1.0,1.0,0.0,1.0,-0.331869761034867,1.7135690090322035,-1.5488331752933744,-1.375737049296323,0.6149395042275658,-0.5488974571587195
1,-0.9628937535032832,0.024986606235148867,0.024986606235148867,-0.13555313657286272,1.0,1.0,1.0,0.0,1.0,1.0,-1.2581355544436972,-0.6582440249602439,1.0009538247426661,-0.9289495637274121,-1.0302817040388372,-0.5610526434118477
0,-0.7037281832066646,0.7324127966165079,-1.2986057580821633,0.7324127966165079,0.0,0.0,0.0,0.0,1.0,0.0,0.3596725889114451,-0.6260317760700029,0.7217501006865596,0.5701572810747096,-0.4823771708514709,0.6404634932753909
1,6.681620630650992,2.273086055601431,2.273086055601431,5.800534063151608,1.0,1.0,1.0,0.0,0.0,1.0,0.7135320889665734,1.2663766072502831,0.26016444436395825,1.0793968853799902,0.9618052875773746,0.9907369798019767
0,-2.1135714643487082,-0.331912701599421,-0.9932391410822126,-0.331912701599421,1.0,1.0,1.0,1.0,1.0,1.0,-0.9701767733769099,-1.3122299419615138,1.263535313292755,-0.5965125873984649,-2.3058751029517457,0.26564462723579435
1,6.835272882473003,0.17190163930236535,0.17190163930236535,3.289580874805434,0.0,0.0,1.0,1.0,0.0,0.0,1.5169421247925818,0.38055181742473854,0.24457040249711415,0.24660282391085078,0.7958818565678042,0.5729663786493481
1,-0.45803529535065624,-0.3128188190424034,-0.3128188190424034,-0.1566518462858391,0.0,0.0,1.0,1.0,0.0,0.0,-0.7938342632613036,0.019024094158264837,0.4979810611015349,-1.1773419215308838,0.31746948510202333,-1.490559339816767
0,3.731619324731538,4.859412755715369,2.4251725648732596,4.859412755715369,1.0,1.0,1.0,0.0,1.0,1.0,0.4219626904476703,0.3576368354298307,1.6449846903661824,0.8484666286706566,0.18584601181259375,0.39941183882404374
1,2.961067322010086,0.6828161548524732,0.6828161548524732,0.4048925574980271,0.0,1.0,0.0,1.0,1.0,0.0,-1.574955096542436,0.9393555824754493,-1.0217359990864,0.4628659367200556,0.49544089648959694,-0.054459604498842795
0,-0.2818826041282328,2.275936352799574,-1.524357297530294,2.275936352799574,1.0,0.0,0.0,1.0,1.0,0.0,-0.06417792991206302,-1.5687533865781118,0.04928259436110105,0.21689720967415313,-0.8667687005836741,-0.7382136293583699
1,3.3697015502614405,1.1547574063575703,1.1547574063575703,2.935301965825974,1.0,0.0,1.0,0.0,0.0,1.0,0.5441762572097864,-1.7305940325367066,-0.17347840741764786,0.11848475281331272,-1.293384200927636,-0.9692300635832614
0,1.3444772575658293,1.794509917330107,0.8171232235493271,1.794509917330107,1.0,1.0,1.0,1.0,1.0,0.0,-0.729876053488352,-0.8460179420207892,0.1739288646900924,-1.2153379864719338,-0.18360808988313565,-0.8307064113027296
0,0.30563922600708715,-1.0248438990470534,0.8220485667258438,-1.0248438990470534,0.0,1.0,1.0,0.0,0.0,1.0,-1.3709954820628403,-0.6291548432642915,0.4791103054250282,-0.7315322684909071,1.1065481296327337,0.07566953699138929
0,-1.2324390496482236,-1.3012115112496174,-0.988233991406954,-1.3012115112496174,0.0,1.0,1.0,1.0,1.0,1.0,-2.6805310226294,-0.972797317308047,-0.8504133057698248,-0.6211619940279243,-0.035917577857331906,-0.015656574076679475
1,1.2574582649936195,-1.5538925586123282,-1.5538925586123282,-0.06660050734326461,0.0,0.0,0.0,0.0,1.0,0.0,0.3327263242057472,-1.6467663232031047,-0.777817853983165,-1.5644991417107221,-2.2686130612543125,-0.6263234910089703
1,3.942608798200545,1.3018871708420336,1.3018871708420336,2.2986128793376905,0.0,0.0,1.0,1.0,1.0,1.0,0.01521745368396962,1.2515772628449806,-0.7292337725599004,-0.20259201258892168,-1.5472011419441671,-0.3509513179253088
0,2.0853522076483877,6.118562267552173,2.6200851982607873,6.118562267552173,0.0,1.0,1.0,0.0,0.0,1.0,0.47643124723573876,1.0478203412804143,1.055715595688902,0.27262730658759604,1.799369915129599,1.1070386574522846
0,-1.0952328164534835,1.0303800008838186,-0.39123792900372883,1.0303800008838186,0.0,0.0,0.0,1.0,1.0,1.0,-0.8765531877618599,0.4299274855240385,1.9234796805180692,1.2706401820864066,0.9665624484671633,0.12938742796200553
1,2.8719050253951366,0.07087525186302912,0.07087525186302912,3.3868844090712003,1.0,1.0,1.0,1.0,0.0,1.0,-0.019844047506212,-0.25927538475361445,-0.5413398669287705,0.1371596883151678,-0.34922151276943,-0.8310161472477211
1,-1.5248588352656367,-4.132408276319314,-4.132408276319314,-1.1983717750298886,0.0,1.0,0.0,0.0,0.0,0.0,-1.9965682260255058,-0.808739406961753,2.570840003460633,-1.5152750776134036,0.2437005367937869,-0.24875616693056712
1,3.8594794859704025,2.540948283081063,2.540948283081063,5.883351143278057,0.0,1.0,1.0,0.0,0.0,1.0,1.6518823815530728,0.4587715409547187,1.3796702742238787,1.2946650576578236,1.8800152216230663,0.6182373974592988
1,1.6279906195489888,1.5418813848841908,1.5418813848841908,1.784984366210143,1.0,1.0,1.0,1.0,1.0,0.0,-1.8057486700856311,0.3513862813519214,0.16469148529006983,-0.4712989760172191,0.1663766353475323,-1.3027574278833858
1,6.102528786993409,3.2893991353748024,3.2893991353748024,4.612547957183626,0.0,0.0,1.0,0.0,0.0,0.0,0.9748898060522826,0.7041226582250035,-1.3223657212940614,0.6166563176042268,-0.23304827679535156,-1.1934658810847258
0,5.168268133173529,6.239498313557413,2.447670912576257,6.239498313557413,0.0,0.0,1.0,1.0,1.0,0.0,2.52974494762936,1.1554249498859603,0.13115317529303483,-0.02320795986124574,1.458636757660847,0.6074400714047106
1,3.8646030511947953,-0.1673374727041801,-0.1673374727041801,4.2680612384290555,1.0,0.0,1.0,1.0,1.0,1.0,1.0666669985640636,-0.3333728343895772,0.6929074468742513,-1.6954701804127494,-0.19317798529221944,0.6217819679497331
0,4.703560109081141,7.0839832428055916,4.072763394866801,7.0839832428055916,1.0,1.0,0.0,0.0,0.0,1.0,1.1827692065021274,0.8809286615472929,-1.4167988526514668,0.22238951362582127,-0.282183915565146,-1.4580203449689781
0,5.284052638592599,6.460160968358005,4.638677498685934,6.460160968358005,1.0,1.0,0.0,1.0,1.0,1.0,0.46095058221978574,1.5688048015926754,0.6659626820436196,1.8521275608595273,-0.10932047235156261,1.9975227893587064
0,3.916759852876633,5.2124440571054755,3.9179610470599737,5.2124440571054755,1.0,0.0,1.0,0.0,1.0,0.0,-0.25788938723620053,1.2892199495031744,-1.7177283829162824,-0.8550365159117327,-0.9264438316176176,-0.06770787406024309
1,2.3687980311699945,-0.526058932384154,-0.526058932384154,1.4531915129033146,0.0,0.0,0.0,1.0,1.0,1.0,0.10996508482811172,-0.40864716700334236,0.2854456765350731,1.6223532163190366,0.04961134107853804,1.2865615172769278
0,0.3626576559679,2.9537698973219655,1.3652458134309964,2.9537698973219655,1.0,1.0,1.0,0.0,0.0,0.0,0.007999818106745807,0.2510040881306354,1.3006186813227723,0.33760126854231354,-0.650401389096867,0.009099702199992177
0,2.74190507663677,3.3966151506481355,4.461866528647008,3.3966151506481355,0.0,1.0,1.0,0.0,0.0,0.0,0.02887924883775349,1.5512105000679086,0.9693907273448048,0.4342580927111349,0.5471755854175027,0.8636437492347228
0,0.34249206168057056,2.5803198420958853,-1.0153854457813518,2.5803198420958853,0.0,1.0,0.0,1.0,0.0,1.0,0.15687102926964056,-0.8995826279088712,-0.9333601879861184,0.09367807235288539,0.788442237784342,0.9427816554115266
0,3.100471600213035,5.15919952264868,1.6620908011961015,5.15919952264868,1.0,0.0,1.0,0.0,1.0,1.0,0.9995484560538752,0.1771138809504087,0.29563576579336215,1.6292795759030136,1.0468759339242208,-0.12154916627854634
0,-0.32639146438254163,1.5853634001118035,0.2401814555277122,1.5853634001118035,0.0,1.0,0.0,1.0,1.0,0.0,-0.6021464082372051,-0.47996861489235143,-1.5853870078495973,-1.82466431000515,-1.239832819440094,-1.0472560399539008
1,3.0396529999846016,1.6746204577852013,1.6746204577852013,2.814028385815883,1.0,0.0,0.0,1.0,0.0,0.0,0.8325973410327129,-0.19812281665644071,0.8214958839587286,0.03674737473089926,-0.9375670074906711,-0.12845305686504996
0,3.018900676950688,3.809203049958807,2.593613003374172,3.809203049958807,1.0,0.0,0.0,1.0,1.0,1.0,1.3356733153816696,0.45259566898219983,0.7731023198915775,-1.533243766762244,0.05971906982381503,1.235434856208574
0,4.8159018451640945,5.7139530521226085,5.493035661117583,5.7139530521226085,1.0,1.0,0.0,0.0,0.0,1.0,0.988627198793836,1.911851110746821,0.11865840466912558,-0.2292778816105046,0.904677664030908,-0.007229009993274027
1,-0.0019379735014419808,-0.569812513848997,-0.569812513848997,2.261725736991669,0.0,0.0,0.0,0.0,0.0,0.0,-0.030794229121494335,-0.5226351833428696,-1.488377435894114,-0.578549704958046,0.2890301498211689,-0.16327928243110085
0,2.4737916984223043,1.5747155706192464,0.470008378088878,1.5747155706192464,1.0,1.0,1.0,1.0,1.0,1.0,-1.123414863824777,-0.8410974782893788,0.4377599590241663,-1.2221927548021079,-0.10970198517058127,-1.1436937361903792
1,2.497732319001232,2.6839124829959276,2.6839124829959276,3.4081272889936063,0.0,1.0,1.0,0.0,0.0,1.0,0.09844710871217353,0.5106283550918027,-0.4924472057237578,0.34935432418388357,0.5432375869193506,0.7487904851746803
0,-4.124231685016116,-1.7662662160061124,-3.089198255234133,-1.7662662160061124,0.0,0.0,0.0,0.0,0.0,1.0,-1.2540931028400244,-2.783847583650621,-0.9452424496136035,-0.6212487629798493,-0.6960275036347268,-1.6655759338789617
1,3.060311566341062,0.22146050890290692,0.22146050890290692,4.2739187537195145,0.0,1.0,1.0,1.0,0.0,1.0,-0.5880464356480913,0.672319220274854,-0.007732264027865671,1.7335383018954253,0.7189792208787721,-0.3863012832477435
1,0.5150543123781084,0.5338547871173653,0.5338547871173653,0.36530124695998,0.0,0.0,1.0,0.0,0.0,1.0,-0.6539312032073646,-1.349490552007507,0.2881372367069663,0.1323614415759056,1.077001702351027,0.2533269947988398
0,0.4894643171589145,2.644141532679928,-0.2905029897199829,2.644141532679928,1.0,1.0,1.0,1.0,0.0,1.0,-0.03397169901801599,-1.4232729964055837,-1.2024519530563782,-2.1779129272928124,-1.8362186116627488,0.12873753916819286
0,-1.5977380383705042,0.7371768152423535,-1.9769270248268895,0.7371768152423535,1.0,0.0,0.0,0.0,1.0,0.0,0.04019832766182924,-0.5131984142502379,2.4542100604780392,0.07907176663045767,-0.2581636282682492,-0.30807708979127374
1,5.748785118940278,4.0488710689026,4.0488710689026,5.863670554311019,1.0,1.0,1.0,0.0,0.0,1.0,0.17629758018048913,0.0011204480491260327,-3.5839675477645105,-0.689064672984892,-0.8628418191294225,-1.7176499267908791
1,3.9664333204491395,1.5002733869143525,1.5002733869143525,3.486951198836325,1.0,0.0,1.0,0.0,1.0,0.0,0.2740806923240917,0.6264826639140055,-0.4672788016004956,-0.7503531692679881,-0.44168705973592887,1.5214277178598719
1,8.02316346624816,6.410061710179291,6.410061710179291,8.732742525602022,1.0,1.0,0.0,0.0,0.0,0.0,1.8640363117498548,1.8106823725447845,0.3202234149709994,0.03542313602074587,1.1618127390960316,1.4510312979123061
1,4.48186535666056,1.0697261807401182,1.0697261807401182,1.3326579586158407,1.0,1.0,0.0,0.0,0.0,1.0,-0.21282502232790956,-0.2305836374550798,-1.2202882588660005,0.44058136402159664,-1.2859557051083934,0.35785910568307877
1,0.036513947174440786,0.00870611286892578,0.00870611286892578,1.3502948919697437,0.0,1.0,0.0,1.0,1.0,0.0,-0.6809381892458458,-0.5872627128617308,0.34704591874716584,0.3307522956147566,0.3605768307255552,0.003089505563980688
1,4.876439712628596,4.333097592191015,4.333097592191015,5.8791094268702855,0.0,1.0,1.0,1.0,1.0,0.0,1.7818938074954962,0.6273221649441973,-0.20423065000661572,2.87889026575419,0.7966153151814537,0.3342976126735954
1,6.6894972046753365,6.339082899165107,6.339082899165107,6.574752692717876,1.0,1.0,1.0,1.0,0.0,0.0,0.9617904098547243,1.0339886430850622,-1.114443329455975,0.24735933157747692,2.0364025010988653,1.965653466975987
1,0.03695570866399578,-0.7875050347156847,-0.7875050347156847,1.109141689243277,1.0,0.0,1.0,0.0,1.0,0.0,-1.2616184965364476,-0.43984264948140894,-0.27047396084414876,1.291068785156609,-0.00034447177252089345,-1.1712852575541615
1,2.6081348701109937,-1.521605118367412,-1.521605118367412,2.581260338677741,1.0,0.0,0.0,1.0,0.0,0.0,0.023824866479047944,-1.668539496263162,0.6168012209334925,0.8237677017009775,1.7539582017246735,0.8669841606952651
0,-0.5272655732844839,1.755304159095031,0.2899328377858396,1.755304159095031,1.0,1.0,0.0,0.0,0.0,1.0,-0.6092026766003779,-2.1969161793620615,-0.40450973368617227,0.6290481829369559,1.603511831920104,-0.1751704736018213
1,0.670107741043557,2.0173956998128157,2.0173956998128157,-0.5993322315904481,0.0,0.0,0.0,0.0,0.0,1.0,0.35361764513883465,-0.6706469943820427,-0.17292639357060158,-1.3505537111744828,1.232202466581451,2.2390304695251344
1,-5.675304235669566,-4.517107189996999,-4.517107189996999,-2.509907507489774,0.0,1.0,1.0,1.0,0.0,0.0,-3.4384675362338077,-1.4256767967299404,-0.5462453726029936,-0.763870563653889,-1.6002470166584197,-2.1813269311779377
0,0.1845698139371481,1.332899449532503,0.1550690618594071,1.332899449532503,1.0,1.0,1.0,0.0,1.0,1.0,-1.5989320833347282,-0.8632183513925236,-0.39128051655076557,-0.8178170254937729,-1.5555247687496303,-1.8869939504769684
1,2.4381634732851403,-1.3307588397617767,-1.3307588397617767,0.7624651005941624,1.0,0.0,0.0,0.0,1.0,0.0,-1.1945501217077286,-0.9517430252881356,-2.859794578555106,-1.2026172017910715,-0.2726829316417091,0.48005586209561635
0,1.3006770873226867,3.5012768883930336,1.2108615694773193,3.5012768883930336,1.0,1.0,0.0,1.0,1.0,1.0,-0.40977289841630615,-0.039902392413455445,0.7028153393055518,-0.2575483262667476,0.5797151815665584,-0.6879835889282238
1,1.3860983287262818,-0.059585252686408685,-0.059585252686408685,1.7865055850711902,0.0,0.0,0.0,1.0,0.0,1.0,1.502031324017491,0.4631264868517946,-0.6356389727270054,-2.299387479650939,-0.23199012947108813,-0.7071195867536249
1,1.0469034346911474,0.48158498949443623,0.48158498949443623,1.45156309542197,1.0,1.0,0.0,1.0,1.0,1.0,-0.7388029699919302,-0.5512364827753228,0.36389054094917894,-0.8359838768144358,-0.6503528582985059,0.36976397426975594
0,4.2533339382562705,6.383065369107912,4.809434323021972,6.383065369107912,1.0,1.0,1.0,1.0,1.0,1.0,0.4187839224741436,0.9086045183804803,0.3352852574643208,0.8095489376931145,-0.846843226523975,0.19882240111148586
1,4.810011778315554,4.870836638145661,4.870836638145661,3.8785678606971494,0.0,0.0,0.0,1.0,0.0,0.0,0.975787590013462,1.0821295632245964,0.5166736036248981,1.9820080768195347,1.9778762074213092,0.22188428349189926
1,5.881576356135404,3.301189622321023,3.301189622321023,5.961139874744889,0.0,0.0,0.0,1.0,0.0,0.0,2.928685489238645,0.5887986490849596,0.5670974764824381,1.253763525694992,0.7477416444939093,-0.4667929604894603
1,3.0566113064977167,0.836179036403257,0.836179036403257,0.9042689021324628,0.0,0.0,0.0,1.0,1.0,0.0,0.24534033132211164,0.323727265971163,-0.8930744795048517,0.5823624568186976,-0.1878450462155709,-1.5640097898094079
1,5.639182099993298,3.1572979325237784,3.1572979325237784,6.167657034432033,1.0,0.0,0.0,0.0,1.0,1.0,0.9666887674835557,0.939732239320269,0.6557249703660504,0.2823792448324215,-0.5301701974127805,1.887213436289945
0,2.144401487606312,1.6637759576246922,1.0263771780620239,1.6637759576246922,1.0,0.0,1.0,1.0,1.0,1.0,-0.7751658828469848,0.4749894219193738,0.09244984944246153,-1.5350989727125497,-1.291403296708352,0.1985517213026951
0,0.6460276473831981,3.615715460494144,1.0711136349755352,3.615715460494144,1.0,0.0,1.0,1.0,1.0,1.0,-0.4504051002881587,0.773972967787966,0.7282427465461778,0.024251406660291103,1.2970419630569792,0.4184160319251223
1,3.8129730341116446,-0.07569969878356653,-0.07569969878356653,2.3728722475780955,1.0,0.0,0.0,0.0,0.0,0.0,-0.4465571761279411,1.119848574889746,-0.23203775731569798,-0.43741743702308866,1.188171333399832,0.7493826411196176
0,-1.189495475850844,2.5143731495157673,0.15811253932800284,2.5143731495157673,1.0,1.0,1.0,0.0,1.0,1.0,0.18674371758219319,-2.2385908544778204,0.49329218271168496,-1.2408673783606385,-1.381970419589954,0.33164638996564166
0,-1.1644872383327636,-2.2884049124349626,-0.3168868958351201,-2.2884049124349626,0.0,0.0,0.0,0.0,0.0,0.0,0.06853482373482428,-0.5699750621064872,-0.25830238815140044,0.3857745323536288,-0.6469848858802183,-0.8682892016192398
1,0.5540410063893308,-2.2649236126314944,-2.2649236126314944,0.9282127226128984,1.0,0.0,1.0,0.0,0.0,0.0,-0.8562288148809564,-1.8368030154334019,0.2946103357453118,-1.211633960188894,-0.639948866877101,-0.47067538965227007
1,5.571570748701373,4.456396925364099,4.456396925364099,7.658119361541253,1.0,1.0,1.0,1.0,1.0,0.0,0.8881970146267121,1.0231492142275995,-0.2692440446617041,-0.9668987639649915,-0.2918365691629607,-0.5922581803618072
0,2.63524718405023,4.281334245836623,3.658883328800359,4.281334245836623,1.0,0.0,1.0,0.0,1.0,1.0,0.3197985833951377,0.40834611237966517,0.009695181201229142,0.04117462559267987,1.319585764210825,0.26773224918972705
1,1.1540773398303914,-0.24346927542658114,-0.24346927542658114,0.9341440011047445,1.0,1.0,0.0,0.0,1.0,1.0,-2.1672074970317827,0.1449086227900115,-1.8190808774661398,-0.8523435370830287,-0.1162056014328482,0.25690899590483807
0,-2.2001339549152883,-2.3733490058171425,-2.787575273043144,-2.3733490058171425,0.0,1.0,0.0,0.0,0.0,1.0,-0.9845012380053715,-1.1032886118044183,0.6357228987200275,-0.015656859877321017,-1.4233971469318556,-0.6530005153916765
1,5.457450162400524,1.569205594787248,1.569205594787248,3.1241436676539727,0.0,0.0,1.0,1.0,1.0,1.0,0.05798630198824271,0.7194415577341197,0.7084118218792287,0.8321105022042086,1.0281465925548474,-0.16495213850546342
0,1.0970023040032306,2.6240673603994833,-1.144985792110327,2.6240673603994833,1.0,1.0,1.0,0.0,1.0,0.0,-1.128237214601851,-0.6808892114235872,-1.3088913794995847,-1.3856569083002537,1.0798000195785733,0.10680442008017382
1,1.8860613126014476,0.27222469744917177,0.27222469744917177,3.2097241798710634,1.0,0.0,0.0,0.0,0.0,0.0,-0.1286690186744269,0.4860192501153867,0.5909505346466892,-0.27744598715434443,-0.3903359844757821,2.3153471044034895
1,4.800298577000613,4.482008083684798,4.482008083684798,2.9122187074912116,1.0,1.0,1.0,1.0,1.0,0.0,-0.25130404087693897,1.0288238414388293,-0.03689256607256827,-0.9963680882472814,-1.1270331711863748,0.5769163700323321
1,1.9460431088959238,-0.05515349464074858,-0.05515349464074858,1.7901916040180255,0.0,0.0,0.0,0.0,0.0,0.0,0.029633408733438567,0.5726684775575737,1.291699896189289,0.554750463405637,0.8274770949233887,-0.26255010491836794
1,0.8448581285856903,-0.7691326001459128,-0.7691326001459128,0.4677526598589067,1.0,1.0,1.0,1.0,0.0,0.0,-1.362358321173835,-1.2049431602834557,-0.28806739915545676,0.219026104015947,-0.6875128234055514,0.3838785764351814
0,0.41181079446249236,3.0026454708970847,0.12367461195849039,3.0026454708970847,1.0,1.0,0.0,0.0,0.0,1.0,0.2275477418799121,-1.9277808265592768,-1.102344275261913,0.48441458514211866,-0.36318900202823745,-0.08995670005757372
1,6.285242580110802,3.2718502546176285,3.2718502546176285,5.692942918743844,0.0,0.0,1.0,0.0,1.0,0.0,1.7925236815771566,1.4617944345631846,2.3007497451343615,1.8073932125506627,1.9257486017068624,1.0192313754972633
1,3.5994272383953527,2.9636845326061527,2.9636845326061527,3.315475609149598,1.0,1.0,1.0,1.0,1.0,1.0,0.9528254096214568,-0.20065744154669135,0.5531959865671309,0.1426653486776544,0.0702861713582202,-1.0765981516395815
1,0.6068668084328349,-3.4332118715442475,-3.4332118715442475,-1.67751189128338,1.0,1.0,1.0,0.0,1.0,1.0,-1.9150510830957816,-2.744068510312849,-1.105824361376049,-0.9607165220862411,-2.8126860637742013,-2.866983421835756
1,2.131381111446118,3.2829475374978863,3.2829475374978863,1.9332323527277941,1.0,1.0,0.0,1.0,1.0,1.0,-0.18231388211565783,0.08378311883575001,0.9649589288661458,0.16426513744357513,0.8351168182436415,0.3542915796195262
0,-0.8613132737535054,0.9825192129260893,0.5703478867859046,0.9825192129260893,0.0,1.0,1.0,1.0,1.0,0.0,-1.0600227035614491,-0.38541779106619756,1.192584578436237,0.28423410195800025,0.11254005554813504,-0.09323802358579442
1,-0.5655497478373511,-0.8746893015434054,-0.8746893015434054,1.365207671287235,0.0,0.0,1.0,0.0,1.0,0.0,-0.11546619528898998,0.12028699965474177,1.7243232839378329,-0.663056026032696,0.5986968161971102,0.8140278209724372
0,-1.643369543482168,3.1745951646579935,-1.1749379582788508,3.1745951646579935,0.0,0.0,1.0,0.0,0.0,0.0,0.04315184578655873,-2.168056305636186,0.2930802360942799,0.2739286225143913,-0.7909928667219418,1.479542235156619
0,1.12256453144867,4.219512881769482,2.034036996927847,4.219512881769482,1.0,0.0,0.0,1.0,0.0,1.0,-0.2252687902869277,0.40082319112194337,0.05037326049862739,1.31612798546256,-0.2958689606896644,2.3402470666054533
1,2.291079422120447,1.5399061651157555,1.5399061651157555,3.5348526504026854,1.0,0.0,1.0,1.0,1.0,1.0,0.5162986794536086,-0.3120352322590503,-0.8809815347078916,-0.024924262713045185,-1.104619170527966,-0.4125965994929057
1,4.749275233652057,3.0634362071805152,3.0634362071805152,5.234585428250669,1.0,1.0,1.0,1.0,1.0,1.0,1.174363168190635,0.38042434109223466,1.0146760811036415,-0.033116213940902854,0.6330106057760024,1.6091586639092856
1,-0.4180648440523996,-0.2169437294917851,-0.2169437294917851,-0.7961476572048635,0.0,0.0,0.0,0.0,1.0,1.0,-0.6491319759113157,-0.5215100144474951,0.1717932509193928,-2.1719745849677823,-0.6926602021866061,-0.8916808836155268
1,4.168043042482517,1.3614841242372582,1.3614841242372582,4.119343792855316,0.0,1.0,0.0,1.0,0.0,0.0,0.26079435842873255,0.8949242372277274,0.7458776854102315,-0.03025647529306899,1.3877159757388957,1.7944688968166616
1,0.6469595426518222,-1.594545597092508,-1.594545597092508,0.5464975428472533,0.0,0.0,0.0,0.0,1.0,0.0,0.4799385681048729,-1.3003085161840247,-0.4343545901782716,-0.959926455626758,-0.681334080623078,0.3062960955072114
1,3.798437672867299,1.6515787376319937,1.6515787376319937,4.723210271502106,0.0,1.0,1.0,0.0,1.0,1.0,1.159400069150574,0.000638564759760693,0.5827735823378263,0.6086589314903388,0.2710641979564756,-0.8829012608152282
0,4.901449355074838,5.196166564100737,3.9898262347858076,5.196166564100737,1.0,1.0,1.0,0.0,1.0,1.0,1.4887436942738672,0.07422771819636786,1.2792187574552232,0.31409469956719227,0.4611110450437144,1.4687992738081328
1,2.471222229832287,1.7525334558338457,1.7525334558338457,2.7374858907587143,0.0,1.0,1.0,1.0,1.0,1.0,0.34588169747344,-1.7609584419080893,0.221474794834288,-0.03301692009342494,0.22572791263731581,1.6728939453148277
1,3.2131221420390093,0.3970960285799483,0.3970960285799483,2.6388617047810947,0.0,1.0,0.0,1.0,0.0,0.0,0.8645277280474288,-0.3218504069562429,-1.0981626741477715,-0.48858179349786107,-0.5097511157046536,-0.11731846717707112
1,5.260950055794551,3.888670617645036,3.888670617645036,5.5872115053778915,1.0,1.0,1.0,1.0,1.0,0.0,1.4288744524816483,0.8729344681597055,1.3332535562413004,1.102991068653514,0.3792965213119666,0.3980048319897373
0,-2.1689962980027553,-0.18737370109893678,-0.9694070303687825,-0.18737370109893678,1.0,0.0,1.0,0.0,1.0,0.0,-2.070176187016115,-1.5352304968555608,-0.6115294399817501,1.3043807672906633,-1.7923259944947763,-0.6009513175579559
1,5.546675638323649,4.429777914003888,4.429777914003888,4.162475944068377,0.0,0.0,1.0,1.0,1.0,1.0,1.7744206159359859,0.17772095557168988,1.5854881516729906,3.1958450998686136,2.702172486186768,1.913333138664845
1,3.7115860898538666,2.1858700418677524,2.1858700418677524,4.53522775905654,1.0,0.0,1.0,0.0,0.0,1.0,0.7552069960386063,1.001712351371927,1.89764966430376,0.8711096230563193,0.6647560039428926,-0.3237051809082784
0,1.8498633887315523,3.624480587329785,0.755803788560099,3.624480587329785,0.0,1.0,0.0,1.0,1.0,1.0,0.4378842899629096,0.32862056057356376,-0.1438755159139909,0.38554265813506616,0.014474007059802091,-0.5118168339150599
1,0.7402099980530685,0.39465816576808965,0.39465816576808965,-0.2604409094782558,1.0,0.0,1.0,0.0,0.0,0.0,-0.8223496001358306,-0.4475828524825558,0.35830208893669374,-2.0349445120556595,0.30885843896272175,0.1830855088360223
0,5.303523322644382,9.802209605965386,4.923805285863901,9.802209605965386,1.0,0.0,1.0,1.0,1.0,1.0,1.9125858113858636,1.7223064007896425,-0.031080114017696725,0.3397879378587365,1.2051565749118756,-0.3092041025441947
1,3.822930790431454,0.08526380634752406,0.08526380634752406,3.1158239876107223,0.0,0.0,0.0,1.0,1.0,1.0,-0.4351782335800108,0.41178929648529944,0.1575629520471307,2.922706730575757,0.15014170617359845,0.6986279997738055
0,1.4848313897039016,4.096924066358495,3.2480459367829404,4.096924066358495,0.0,0.0,0.0,0.0,0.0,0.0,1.13854476656518,1.2171315667414255,0.18403345700710783,0.006739580328644912,0.8873845361449403,0.6168928380597737
1,0.16412841223700103,-0.369863363880464,-0.369863363880464,0.7662179321301118,1.0,0.0,1.0,0.0,0.0,0.0,-0.7893982081011826,-0.30549387053060784,1.1579247047899783,0.04504529958676873,-1.1571404452686982,0.3553074282468983
0,1.699901726212631,5.244288525037,-0.9118684958771078,5.244288525037,0.0,1.0,0.0,0.0,1.0,0.0,-0.4762328427809498,-1.4457761797058288,-2.5738137700429924,0.5673953344079536,-1.4719413553703278,0.8509678916672667
1,8.246389200584735,5.678512812717675,5.678512812717675,7.0287732374849226,1.0,0.0,0.0,1.0,0.0,0.0,3.081036174734123,1.1347994217757218,0.1421080051742487,-0.7502673173106578,2.1764597518682836,1.4735976330274405
0,2.38676332045238,7.444315783544392,4.405192331512388,7.444315783544392,1.0,1.0,1.0,1.0,1.0,1.0,2.1840998314105504,0.6851572690295844,0.7840829113902725,-0.8069773081254864,-0.4883994839162087,0.4783899659321396
0,0.6168399135791618,2.8006736614451895,0.9255327932043927,2.8006736614451895,1.0,1.0,1.0,1.0,1.0,0.0,0.08714023654515493,-1.2773155694585632,-1.3386237741226592,-0.9719792630773478,-0.7453509688950256,0.9088933065573989
1,0.8339112281312491,0.4573015577844849,0.4573015577844849,1.7134007907040743,0.0,1.0,1.0,0.0,1.0,0.0,-0.6749280404225689,-1.235624346138385,0.42215017274381117,-0.6671030689814403,0.7852493001598492,-1.8017759059229843
0,1.2556409941745985,0.9646523246627241,0.24489075604830413,0.9646523246627241,1.0,1.0,0.0,0.0,0.0,0.0,-0.5091579265770403,0.5905205402545237,1.2987939874726209,0.5656239086382346,-0.521664079230088,-0.47028282671165783
1,1.655236429794477,-0.13094676309707992,-0.13094676309707992,1.8397244244617725,0.0,0.0,1.0,1.0,0.0,1.0,-0.6480789070918738,0.9088921618979124,0.6295394979642557,-0.11579454395470137,0.475350520683148,-0.31170966610871387
1,3.720211720432581,2.36739193626211,2.36739193626211,3.036362964766406,1.0,1.0,1.0,1.0,1.0,1.0,0.2534060814046531,-0.5721087435672189,-0.1648981372551459,-1.4488839999253096,-1.4389945007879508,-1.1499445826033168
0,2.3920153492352716,3.257751051021611,2.788985155244773,3.257751051021611,0.0,1.0,1.0,0.0,1.0,1.0,-0.7691710676445541,1.6446724160891226,0.824845562868149,0.7155567882739466,1.1028081183645622,-0.21721720101893305
0,0.9847472610474628,0.6398661252044089,2.5140167797076876,0.6398661252044089,1.0,1.0,0.0,0.0,0.0,0.0,-1.3692756863037785,0.6354162102596983,0.644328986210804,-0.7562446468210486,-0.4935435574177975,0.5768216994621477
1,4.875322017255713,4.432594070576398,4.432594070576398,5.527062681972478,0.0,1.0,1.0,1.0,1.0,1.0,1.123021382055489,0.9738283887979883,-0.39900131771323366,-1.2943543200553478,2.0234894892744144,-0.632763568397283
1,2.8977336666959452,3.7686399331409044,3.7686399331409044,4.658404710280853,0.0,0.0,0.0,0.0,0.0,0.0,1.3833837505538418,0.8222797058146247,-1.2105572802235218,-0.4842636150428229,0.26435376405252203,2.2053508009633074
0,-1.0251909217432837,0.7935329973291156,-0.1712258938135458,0.7935329973291156,1.0,1.0,0.0,1.0,1.0,1.0,-1.6345174349239924,-1.9597021270266515,-1.5410915662918707,-0.10467524972014484,-1.0912474158425167,0.22900047774914167
1,5.117367415154136,4.558560061474133,4.558560061474133,6.561926840560429,1.0,1.0,1.0,1.0,1.0,1.0,0.7012318854595775,1.0314167817803113,-0.6600666184253171,0.0456201537170674,0.4197664659161219,-0.20473142809304068
1,1.1828900759609673,2.7170136564991205,2.7170136564991205,1.4205869164836,0.0,1.0,0.0,1.0,1.0,0.0,-2.3219597657640962,0.7960303810418862,-1.6322644425995374,1.3157515819990557,0.07532327888170698,-1.2949818144346563
1,0.5761121975328971,-0.18654233650629337,-0.18654233650629337,-1.6766290750096118,0.0,1.0,0.0,0.0,0.0,0.0,-1.5241601622133205,-0.42540505452916644,-1.0409177504739697,-1.578381030488016,-0.618596062130479,-1.1316594650894563
0,-1.813140933314919,0.650210585258095,-2.836801602129803,0.650210585258095,1.0,0.0,0.0,1.0,0.0,1.0,-1.7849981365218721,-1.832783513526709,-0.9786625037660173,-1.2705621637449354,-0.9577805985626064,-1.0989668341617556
0,-0.42002488948711275,-2.0265783071235326,-0.20323472179636504,-2.0265783071235326,0.0,0.0,0.0,0.0,0.0,1.0,-0.8453881467987254,-0.4773611310788146,-1.0546791077027302,-0.3323894891529606,0.6104688072529436,-0.8817184490348629
1,3.0750412261279956,1.0779027521308717,1.0779027521308717,4.1885552989496535,1.0,1.0,1.0,0.0,1.0,0.0,-0.7400179609981385,0.33907065355323734,-0.10618565026051716,0.5276384432628941,0.5106296649939897,-1.1330651530062255
1,0.03322981834204142,0.5954724998247612,0.5954724998247612,2.411923626868493,0.0,1.0,0.0,0.0,0.0,1.0,-1.600323771854145,0.4007300348215126,-2.1024936158888723,0.768045446084654,-0.08834089717259058,-0.12008443192728174
1,2.3869092601709023,0.26579533153614376,0.26579533153614376,1.2864319426969093,0.0,0.0,1.0,0.0,0.0,0.0,-1.437390839095868,0.41316021885845033,-2.524529391308154,-0.09425463599087824,-2.1334389592371283,-0.24267501741654085
1,5.021410882850341,1.2770156935982966,1.2770156935982966,4.380153301613101,0.0,1.0,0.0,1.0,0.0,1.0,1.519229487656796,0.5604670841665698,-0.15459069085502752,-0.6103142803195225,1.12513493827041,1.2044377290394404
1,8.86378387224065,6.6221019815361135,6.6221019815361135,7.43556847353701,1.0,1.0,1.0,1.0,1.0,1.0,0.737998004848413,1.8940396598249971,-0.6557511601171591,-0.16092795507311997,0.503626431362277,2.000247886616591
0,-1.553004585577908,1.8830509833712625,1.0212595797190707,1.8830509833712625,0.0,0.0,0.0,0.0,1.0,0.0,-0.25602155843969737,-0.3139958805831719,-0.060695827587876526,-0.7424338114852234,-0.20847325117218762,-0.31622644197467065
1,4.10372504190396,1.4524875698381168,1.4524875698381168,4.659522440258875,1.0,0.0,1.0,0.0,1.0,1.0,1.5049513575574711,-0.006274962647119228,0.8496176379447251,0.19110510044903556,-0.35318798609756114,-1.046854433389896
1,1.952775954144322,-0.6122874400564805,-0.6122874400564805,0.6117929398158035,1.0,0.0,1.0,0.0,0.0,1.0,-1.7222153180810602,-0.6638774937228663,-1.7948189731573916,-0.14005179621315547,-1.4726322651438715,-1.198913138164149
1,2.576260424801806,0.950776032333963,0.950776032333963,0.10389734197199507,0.0,0.0,0.0,1.0,0.0,1.0,0.2629879658062812,1.1998777213228808,-0.37181639838325486,0.025075816833405373,1.1025472065130646,-0.23011243122318764
1,-0.07481395149404935,-0.4254543285515745,-0.4254543285515745,0.3154620979525873,1.0,1.0,1.0,1.0,1.0,1.0,-1.9001920119203597,-0.2946719363810247,0.6353003565705082,-0.49229222537672485,-0.22312869322447648,0.7558680653051769
1,6.44283009962021,2.635477951096887,2.635477951096887,6.338950878922479,1.0,1.0,1.0,1.0,0.0,0.0,0.12454193759439923,1.9138540934251655,0.8084476869901968,0.3536811788012761,1.760270747191986,0.7102675678933206
1,5.461338968956293,3.3966884602142016,3.3966884602142016,3.8217863612790763,1.0,1.0,1.0,1.0,0.0,1.0,-0.03863197934019493,0.7000378575268995,-0.1406903121976018,0.039973875932519,0.5107245878182903,0.3118614155891098
0,1.3826304630377189,1.4882394572096407,-0.3175974790391861,1.4882394572096407,0.0,0.0,0.0,1.0,0.0,0.0,-0.6544682698370208,-0.1484286291617437,-2.369310833178307,-1.7086517287227583,-0.896843914985829,1.4082838750255062
0,3.526539314894242,5.910556485306648,3.400436114757155,5.910556485306648,0.0,1.0,1.0,1.0,1.0,0.0,1.11616264438382,0.769958624254024,0.24487456905386024,2.097357500427408,0.35417031979843916,2.0871951552015378
0,2.435184646290529,1.4263601677270326,2.75347274969759,1.4263601677270326,1.0,1.0,0.0,0.0,1.0,1.0,-0.7628529196096153,-0.3513979798598276,-0.5792420377687842,-0.297046183760596,-1.1282394814372627,-0.9757688569073407
1,4.155582781469851,3.0553686677040552,3.0553686677040552,5.158494344958366,1.0,1.0,1.0,1.0,1.0,1.0,-0.0022915522552877515,0.7147554161564147,-0.09271397283947314,-1.791492906215574,-0.4347155338517603,-0.1260110769755199
1,3.7970077388311942,2.2438770070542926,2.2438770070542926,2.890681220270083,1.0,0.0,1.0,0.0,1.0,1.0,1.3944439862996167,0.23140403565337353,1.7422076126422852,0.8770722944657791,-0.3561036599167873,0.9650150730587275
0,0.03772990337432797,4.475821435030701,-1.0353574613072207,4.475821435030701,1.0,1.0,1.0,0.0,1.0,0.0,0.13294149490067364,-1.7950361045799277,1.3777820411720394,0.35429990288146196,-0.26384710592519667,-1.271788109947864
1,0.7760275623747858,-1.8463997612784258,-1.8463997612784258,-0.8626198157294759,0.0,0.0,1.0,0.0,1.0,0.0,-1.1536844940003075,-0.8488683162998985,-1.212778310209577,-0.5164668190613307,0.47824256586017755,0.38342629754207225
1,-2.061112852666234,-4.941782604195779,-4.941782604195779,-1.8434636470012242,0.0,0.0,0.0,0.0,0.0,0.0,-2.414859705847786,-1.0268290586023163,0.32863664487558236,-0.23577347286513112,-1.4436350731948249,-0.25713601458031055
1,2.692015975827607,2.252923778705516,2.252923778705516,1.7826692100675987,1.0,1.0,1.0,1.0,1.0,1.0,-0.25052837933477917,-0.8509795109152,-0.21434210776007223,-0.5921595323560944,-1.1024642100699213,-0.4833605648769348
1,5.14387851011185,1.4571846798340315,1.4571846798340315,6.435229154338423,1.0,0.0,1.0,0.0,1.0,0.0,1.7877929124607308,1.260564635354005,1.7552871752390549,-0.4066956497212551,1.6610571620106627,0.610714152316395
1,-0.9913092258222065,-0.6153798841740521,-0.6153798841740521,-0.0854711830175785,0.0,0.0,0.0,0.0,0.0,0.0,-0.3357302729184391,-0.02994371601054572,-0.016573297354246508,0.6712533621171982,0.42764308142137175,-0.9560263055187507
1,-0.8041442409485403,-0.08715691594616415,-0.08715691594616415,0.5906064471844785,0.0,0.0,0.0,0.0,0.0,1.0,0.08077623585049261,-0.9038646190042148,-0.5551084738409495,-1.129147653187535,-0.8385343385860292,0.2190780652542561
1,5.382318166239573,4.089322964093682,4.089322964093682,3.067098636150435,0.0,1.0,1.0,0.0,0.0,1.0,1.7274247344065379,0.4481225903771244,-0.007227447798327659,-0.06785069313006362,-0.6480733555296637,0.07531104234184016
1,-2.3217902768239504,-2.4618609713269533,-2.4618609713269533,-1.9903339913698743,0.0,0.0,0.0,0.0,1.0,0.0,-1.378412742229038,-0.5936348654925286,-0.23263767047027561,0.8866166158254652,0.439403941310743,1.074152120954182
1,6.006042108053298,3.8634174469533895,3.8634174469533895,5.8265381207524065,1.0,1.0,0.0,0.0,0.0,0.0,0.8946525662087239,0.41547668343820704,0.2577868463901507,-0.34139062698952677,1.4166110391918232,1.7660581290883828
1,5.598532243715254,0.9821374361058308,0.9821374361058308,5.720993415765645,1.0,1.0,0.0,0.0,0.0,1.0,1.161537522300977,-0.633598027707437,-1.6581824277047938,-1.5799144930474176,0.24189016008448228,-2.8230576326331454
1,0.4707244619412212,-1.2013916296019567,-1.2013916296019567,2.908992505149351,1.0,0.0,0.0,0.0,1.0,0.0,0.2610912170824276,-0.42657120336765636,0.350051692960224,-0.31459331639464505,-1.0732967706155259,0.41914299268988475
1,3.7703179369553186,1.8968884680610958,1.8968884680610958,2.0583219007411304,0.0,1.0,0.0,1.0,0.0,0.0,0.18954942266352012,0.6640638331470865,-1.0307744000564716,-0.5046339437467936,-0.12248671585608534,-1.189550718981051
0,-1.4157228509386854,2.805352659669211,-1.2574054623953954,2.805352659669211,0.0,1.0,1.0,0.0,0.0,0.0,-0.6309622891350064,-2.168542808266234,-1.4749347881317127,0.08530228267100246,-0.670991186958902,-0.782214064624445
1,4.015921025220312,2.239796706517434,2.239796706517434,5.863543902287743,1.0,0.0,1.0,1.0,1.0,1.0,0.8026473855154651,1.0266241610004676,0.8042272996346547,-0.15681375309427167,-0.36694080248388106,1.8510064373816255
1,-2.4181595901230306,-0.9394438029186738,-0.9394438029186738,-1.7307428297652254,0.0,0.0,1.0,1.0,1.0,0.0,-1.7735362051388912,-0.1605092141764799,0.9863793880439652,0.2088962445697801,0.8004786331062406,1.0542628197601303
0,2.119096780733499,1.677704457704205,2.19931311745352,1.677704457704205,1.0,1.0,1.0,1.0,1.0,1.0,-0.07521130111371555,0.1715577213015304,0.5870731624373794,0.5648693026108992,-0.4852518145090436,-0.1723114193895161
0,-1.4853049902226358,2.113764582017981,1.9927780668565664,2.113764582017981,1.0,1.0,0.0,0.0,0.0,1.0,-0.015993065109105493,-1.1344744750236584,-0.6894135093980585,-0.6256061352468333,0.4088906340665063,-0.19587386340260807
1,3.934054918148703,2.3667032155019854,2.3667032155019854,2.9985952274282996,1.0,1.0,1.0,1.0,0.0,1.0,0.5960732230071514,-0.08197774562197738,1.1610208039256216,-1.0264138318380955,0.503358041681387,0.23055663316227248
0,-2.295744755706289,-1.4473780770375444,-1.3108305370731919,-1.4473780770375444,0.0,0.0,0.0,0.0,0.0,1.0,-1.796416281860622,0.07644284450946137,-1.1344288084579506,-2.0961389743376264,-0.9049003040523949,0.40049831429821225
1,3.0327117919194757,0.23915881770296743,0.23915881770296743,3.1420906269626143,1.0,0.0,0.0,1.0,0.0,1.0,0.2759815556553136,-0.9843243759059347,-0.48820116741014785,-0.577068876129487,-0.2191387172321751,1.0707536643848594
0,0.11318964522303682,1.8431278497670505,1.7773586667146293,1.8431278497670505,0.0,1.0,0.0,0.0,1.0,0.0,0.4010253769589678,-0.6415248773838654,1.0259466040360246,0.025656530291709168,-0.6304736802414735,-0.2577721144961747
0,0.347213952630683,0.8685416186437085,-1.5555931557668181,0.8685416186437085,0.0,1.0,1.0,1.0,1.0,0.0,-0.8321101358930125,-1.8226660644834984,-1.1219937026982616,0.5490419887339166,-1.1464134997489854,-1.0045651382418335
1,1.3830096567206964,1.2229486368632463,1.2229486368632463,-0.11495197238198918,0.0,0.0,1.0,1.0,1.0,0.0,-0.5181857364291362,0.5236179318806387,-0.5579152975395777,-1.060120377262668,0.3570598842167424,-1.1973923039488694
1,3.3584202796236284,1.7944544312759492,1.7944544312759492,4.107525375492419,1.0,0.0,1.0,1.0,1.0,1.0,0.2044241302444481,-1.5133979747021984,-0.39366713189352376,-0.09896410098231267,0.07070353031064042,0.3052563288649935
1,4.154845767238911,2.176532899914313,2.176532899914313,3.0289369504347583,0.0,0.0,0.0,1.0,0.0,1.0,1.4236408750463054,-0.49924623382765576,-0.3293617550381964,1.308694515108699,0.8338450674411688,-0.25585193903075953
1,1.1266796753490798,1.441908238499097,1.441908238499097,2.4123632073764214,0.0,1.0,1.0,1.0,1.0,0.0,-0.13848429070677823,-1.0208101914127212,-1.5855837878642698,-1.505212594080534,-0.4596876424470855,1.0918970698140873
0,1.1855056793234513,4.313160421737994,1.7757173950883403,4.313160421737994,1.0,1.0,0.0,0.0,1.0,0.0,0.8449096978341243,0.10403631794731513,1.2348555746002925,-0.24432797232463627,-1.1820933348526836,-0.08707819153343559
1,4.712284196365148,3.7439388795103996,3.7439388795103996,4.788366983386874,1.0,1.0,1.0,0.0,0.0,1.0,0.3531651619209277,0.6764218089755927,0.4570013256809591,0.23267133554679092,0.05189713575836169,0.23636270579537258
1,1.2894252051350745,0.8030665918302269,0.8030665918302269,3.552730954159053,0.0,0.0,0.0,0.0,0.0,0.0,1.1768627028780558,0.05343608407398809,0.167678268923303,-0.15428411744898754,0.500718444551002,0.630190785952534
1,2.4440587149861086,3.0229739094432766,3.0229739094432766,2.5305927517739044,0.0,0.0,0.0,1.0,0.0,0.0,1.1606460731567603,0.039438584882100246,0.5230415280077905,0.9155285066593919,-0.8342555242961669,-0.1827386732905911
0,2.632515728286772,3.36315861979511,0.5669353479876758,3.36315861979511,1.0,1.0,1.0,1.0,1.0,0.0,-0.7833858572686454,-1.2007563772669119,-1.8157543982288549,-0.9228996910568319,-1.1134809567940047,-0.35202763584412333
1,-2.005878855734994,-3.4463609492339433,-3.4463609492339433,-1.439639688953054,0.0,0.0,0.0,0.0,0.0,0.0,-1.994714337447271,0.19723996768819752,-1.5455240467283644,-2.2129162460343226,-1.61160370430826,-1.200248115732297
1,2.886472306893861,2.1212971029817944,2.1212971029817944,2.2596919390668333,0.0,0.0,1.0,0.0,1.0,1.0,0.4055448316610577,0.4702308201251689,-1.2822861110347628,-0.2059228221561203,-1.829699983926854,-0.26809363727001156
1,3.840314875693765,3.440563893674459,3.440563893674459,3.4971563343835874,1.0,1.0,1.0,1.0,1.0,1.0,-0.5243623235808549,-0.4730560651645001,-0.2899593852119854,0.5428180443689922,0.7998642312542703,-1.0684058646605976
1,3.023465172369228,0.8622319026835645,0.8622319026835645,3.8910921279339044,1.0,1.0,0.0,0.0,1.0,1.0,0.3441724771279067,-0.4494972158012701,0.7762053285976476,-1.574820171878252,0.5627403305880331,-0.5852741251673889
0,-1.2815010219379548,1.5306374217933914,-2.835050892392333,1.5306374217933914,0.0,1.0,1.0,0.0,1.0,0.0,-1.0245026114777378,-2.3072664731973314,-1.50650249884065,-0.24465641071255387,-1.8059550641958315,-0.15594291984430497
1,0.19795747238288608,-0.15098446767979234,-0.15098446767979234,3.1040401144668586,1.0,1.0,1.0,1.0,1.0,1.0,-1.7646894118208918,-0.025541860783323322,-0.8849075259178534,-1.003312606206867,-0.9101657277781021,-1.4825852109526039
1,-0.7240541584868567,-1.3808096466958408,-1.3808096466958408,1.751013876057978,0.0,0.0,0.0,0.0,0.0,0.0,0.14647798628347677,-0.39432056655752734,0.3569662529175403,-0.19322467163178406,1.8866941142570992,0.29498034449014016
0,0.20017105199013585,3.5897421175617192,2.691593058087376,3.5897421175617192,0.0,1.0,0.0,1.0,0.0,1.0,0.37237612106455464,0.5462861156253066,-0.3174486524632606,-1.7668583988635604,-0.047733210321986574,1.2128184256193473
0,0.06733111824931814,0.02189954121711246,-2.220075480253685,0.02189954121711246,0.0,0.0,1.0,0.0,0.0,0.0,-0.7567816164398715,-0.3597801788687849,-1.305983577416556,-1.2736162088919727,-1.9851397716882895,-0.5075614245976097
0,-0.279492983472974,2.6823379598040353,1.1797981573856304,2.6823379598040353,0.0,0.0,0.0,1.0,0.0,0.0,1.278344385195022,-0.3032610093590061,-0.6681176301251006,-0.13474439330354895,-1.446069076957964,0.2316358139133734
1,1.6628377383496098,-0.5508040783560647,-0.5508040783560647,0.3079295048739783,1.0,0.0,0.0,0.0,0.0,1.0,-0.8486922598338765,-1.7869023055428608,-1.3056572047477841,0.5210906968051118,0.7289295618105999,-1.0768493483325388
1,4.914157104145481,3.9475903573866473,3.9475903573866473,5.555852232135035,1.0,1.0,1.0,0.0,0.0,1.0,0.08227264488719459,0.6501389590177077,-0.6110080168045502,-0.03139184270600143,-0.24967051601383458,-0.4879297935098932
0,-2.238024738854551,-1.1952996239730678,-2.3192775178248843,-1.1952996239730678,0.0,1.0,0.0,0.0,1.0,0.0,-1.693719437351221,-1.4396082190902906,-1.4491729905376116,0.2983254205520969,-0.5372033803975973,-0.14078207628973882
1,4.519833637633356,2.1107276517244498,2.1107276517244498,4.33083491163211,1.0,1.0,0.0,0.0,0.0,0.0,0.8548524837858537,1.2409187559052763,1.0138928743318416,1.0065905831227486,0.6703269494896766,1.1506067081623295
0,-1.203187985900626,2.2579836759090677,-0.14953927415279056,2.2579836759090677,1.0,0.0,0.0,1.0,1.0,1.0,-0.9889525457693342,-1.2961839916115732,-1.2965979992921697,-0.16005056088964326,-0.3034200103706647,-1.1771961174746952
0,4.855758159890548,5.1051657844626455,4.3364575864182235,5.1051657844626455,0.0,0.0,1.0,1.0,1.0,1.0,-0.2858493414430109,2.3430060616067068,-0.17432550734343033,1.7872446273211313,1.0103807541808165,1.8629688382257772
0,3.624060258974811,4.009438676260894,3.485567228195465,4.009438676260894,1.0,1.0,0.0,1.0,1.0,0.0,1.704079186461102,-0.051497443441758564,-0.29531493639706174,-0.9128315802489175,0.9774918702291046,0.5963999244908833
1,3.6205522695226895,6.1684922441966386,6.1684922441966386,3.8237766680739886,1.0,1.0,1.0,0.0,0.0,0.0,0.3872901446353851,-0.17869011861865997,-0.5173080843877889,1.1323889355076742,1.8777552044823091,0.06968580644935779
1,5.609080573651401,2.8063468196790735,2.8063468196790735,6.125206058044391,1.0,1.0,1.0,0.0,0.0,1.0,0.5558206741241861,0.3784550667664942,0.01624169733615266,2.164707966894007,1.2354284754658382,1.460858166501492
1,3.712271027621243,2.8984926821313954,2.8984926821313954,4.79436163960234,1.0,0.0,1.0,0.0,0.0,1.0,0.8865812991866351,-0.4290496059717731,-1.2493125332345618,0.4464970497177401,-0.3685713570769609,0.7758899285674746
0,-1.8909715735855555,-1.5817667715283226,-1.5883103407846182,-1.5817667715283226,0.0,1.0,1.0,0.0,0.0,1.0,-1.5101302315751892,-0.9845566511765532,-0.10703519540365193,-1.7859417838391323,-0.797152550122699,0.059367996368465126
1,4.363515996106737,2.122278993691084,2.122278993691084,3.0450777945992176,1.0,0.0,0.0,1.0,0.0,1.0,0.7141285807975513,-0.04122124182279391,0.0737076784886343,0.21476219354389758,1.5553900294427654,-0.6768834812508013
1,-0.5020532321926785,3.379723729150862,3.379723729150862,2.1758513365077494,0.0,1.0,0.0,0.0,1.0,1.0,0.25150453220422564,-0.4635029111972761,1.4833355827720174,0.4967401885555233,0.9903076037703731,-0.9862634444777874
1,7.243008354878399,6.066065284229802,6.066065284229802,7.2924370818128015,1.0,0.0,1.0,1.0,1.0,0.0,1.2270420546476617,2.150800971337315,-0.5435114415547753,-0.1317772369467638,0.6929239244428291,0.3420336011830979
0,0.752294613798531,0.8078669515991248,0.039792952369010315,0.8078669515991248,1.0,0.0,0.0,0.0,0.0,0.0,-0.5994801953363047,0.9112865793748417,1.4455250888409514,0.29455434185746204,-0.5697994224731401,0.19173054650110344
0,5.674126652863958,10.137584876508134,5.88905401282528,10.137584876508134,1.0,1.0,1.0,1.0,1.0,1.0,2.0512468723225212,1.8394759306865498,0.6225230692644094,0.9933841143388561,-0.1528125989768041,0.9072959527049372
0,1.5089057951526366,2.414530937703463,1.2220573905240963,2.414530937703463,0.0,1.0,1.0,0.0,1.0,0.0,0.07262396630660725,0.5341771141350466,-0.698192679896292,-1.0563229697665393,0.7158418382039684,0.16399227728117463
1,5.687264365705389,5.458255833850008,5.458255833850008,5.410887544917926,1.0,1.0,1.0,1.0,1.0,0.0,1.2542717869084419,-0.350181461805846,-2.1448117921762906,0.10143276320567235,0.530422765337167,0.046693324381851586
1,2.6420039137122937,2.239522252125403,2.239522252125403,3.8603373177270885,1.0,1.0,1.0,0.0,1.0,1.0,-0.27141926582316106,-0.5482651744372976,0.2791944485479373,-1.6169416559818766,-0.5252704838567692,-0.8225143379637994
1,1.4939099377542115,1.347185788583119,1.347185788583119,3.306045014021149,0.0,0.0,1.0,1.0,0.0,1.0,0.13536935724718382,-0.8851272194280988,-0.390023942843293,0.4745594859789155,-1.0617564574839224,-1.4083214530407657
0,-0.9168764197046142,2.499033449633318,-1.272362043928618,2.499033449633318,0.0,0.0,0.0,0.0,0.0,0.0,0.26184559521162387,-0.6507908419574542,0.18332062893748474,0.41891665332030364,0.48647243869041296,1.11126474751839
1,4.052205338707167,2.0117197823970185,2.0117197823970185,3.9354592725834943,0.0,1.0,1.0,1.0,1.0,0.0,-0.3514977326975074,-0.0888796447472068,-0.7134781195847677,0.6008927400560584,-0.6295016225541409,0.11706633552159268
1,6.514309235437395,3.8970129411121204,3.8970129411121204,5.115067255301206,0.0,0.0,0.0,1.0,1.0,1.0,1.0212350727805248,2.724917592815168,0.5631905899569245,0.8960617387564694,2.5805779846608803,1.5241391605428563
0,2.061982737937876,1.821988337719433,1.1885019352603239,1.821988337719433,0.0,1.0,1.0,1.0,1.0,1.0,0.1253213136438327,0.4520921154322094,0.05999086649404669,-0.6397122680151535,-1.0769862664519714,0.47570539627933595
1,4.739099114224141,4.549401146098607,4.549401146098607,4.582488386040418,0.0,1.0,1.0,1.0,1.0,1.0,1.9752855619579006,-0.7254245705796383,-1.4929343935835249,0.35729552473169296,0.5814510805933203,-2.0658052527564617
0,0.4853547294533645,1.7612921040034382,-0.09820855272421197,1.7612921040034382,1.0,0.0,1.0,0.0,1.0,1.0,-0.5624454399159285,-0.8724100600825155,-0.5648814213229678,-1.311567707857114,1.299672722860855,-0.623233831193164
1,0.15357762707765166,-1.27537666632846,-1.27537666632846,-1.97983153120772,0.0,0.0,0.0,0.0,0.0,0.0,-0.5191136870991238,-1.3786911485461457,-0.22689917831941717,0.8612471665149892,1.6199578703045971,-1.226231148224741
1,1.5945782701219167,1.6510760152787183,1.6510760152787183,2.668425031670446,0.0,0.0,0.0,0.0,0.0,0.0,-0.290168062429551,2.1119367818716324,-0.24840637471733618,0.5094307527736439,0.16591830960801965,-0.6260019345354318
1,6.665417969811724,2.678183223550746,2.678183223550746,6.984266733208621,1.0,0.0,1.0,0.0,0.0,1.0,0.7092879036380596,1.9449942412497983,0.5119336853819738,0.9489795350172333,-0.06680359164155414,0.6114722675766776
0,5.722728567208522,6.020151424034953,3.43157096787598,6.020151424034953,1.0,0.0,1.0,0.0,0.0,0.0,-0.31589909426670626,1.9786805148553288,-0.5835355206679778,1.5765176949876858,1.9485807907482302,0.7235818692330322
1,5.93532633155434,5.455473151769626,5.455473151769626,5.311870468571312,1.0,1.0,1.0,1.0,1.0,1.0,0.8847057666744331,0.829891961606626,0.48591193207722183,-0.6933258205274448,-0.17385673475359942,0.27748491178170814
1,4.085298336108148,2.3799366555844714,2.3799366555844714,3.9668924600357296,0.0,1.0,0.0,0.0,0.0,0.0,1.373329304401203,-0.6784948998153821,-0.853939208813798,1.6054435717541757,1.1147083590570535,0.28013545469772055
1,3.1204539725073053,2.786896561318752,2.786896561318752,5.635950077240243,1.0,0.0,0.0,1.0,1.0,1.0,1.4166170861669505,0.6292192208763643,1.7174964222365379,0.38429864923352747,1.622864841742544,2.0684563306443207
1,1.6121467822988862,1.4752934355090397,1.4752934355090397,2.3402489846579724,0.0,0.0,1.0,1.0,0.0,1.0,0.397604893823072,0.13908586197514616,0.02924530887906035,1.4378516170465998,0.8555330629863953,1.373966598294353
1,1.4517845475219535,-0.265452950648772,-0.265452950648772,0.6854570970519588,0.0,1.0,0.0,1.0,0.0,0.0,-0.6101172234005744,0.3506093112509636,0.6136973108634846,-0.38930575220558855,0.4395612795231818,-0.8983630598887268
0,1.3945796093281262,1.519137932055639,1.8383941231572578,1.519137932055639,1.0,0.0,0.0,0.0,0.0,0.0,-0.0710394144634006,-0.05722475639155311,-0.30225109121274524,-0.6895667905691487,0.0025680244489921233,-0.17733793269361867
0,-0.12969417452504706,2.0842381736203643,1.9921694409437367,2.0842381736203643,0.0,0.0,1.0,1.0,1.0,1.0,0.19627949803195158,0.12307238386358677,-0.3394505158164947,-0.03608700991666517,-0.7757354240595413,-1.0620106513621936
1,1.0682659294756736,2.2564368788550295,2.2564368788550295,2.3094944587475243,1.0,1.0,0.0,1.0,1.0,0.0,-0.05856449552863028,-1.5386586725854403,-0.10959355398158288,0.7868364259290423,-1.8065672716139218,-0.16132134209963667
0,-0.7577891031473617,1.3002642397496116,-0.8535124603609308,1.3002642397496116,1.0,0.0,0.0,1.0,0.0,1.0,-1.0433282793979328,-0.236320192732194,-0.4536239673010883,-1.0573788777849327,-1.5798827965800117,0.5638240634740943
0,-2.6024479927062543,-0.15855884489964572,-3.040093274043584,-0.15855884489964572,0.0,0.0,0.0,0.0,0.0,0.0,0.5099098850446274,-0.32186300968819115,1.5435836521012032,-1.9079924611821528,-0.8042020072472649,-2.7105177148528172
0,0.03727091514700742,2.1790743931241128,1.9400170110223716,2.1790743931241128,0.0,0.0,1.0,0.0,1.0,1.0,-0.32385979993934694,1.1536109585344159,1.0567935604318008,0.3803016764973433,2.402524529278221,-0.7268873868819036
1,3.3946982436079276,-0.2410771013985476,-0.2410771013985476,0.41371664755149934,0.0,0.0,0.0,1.0,0.0,0.0,-0.2942095443825713,-0.5335983198270254,0.6877152507718494,1.5661897755555065,1.0622674106811725,0.08707853136996568
1,4.790113911919078,1.7208883319301713,1.7208883319301713,2.775744220403081,1.0,1.0,1.0,1.0,1.0,0.0,-0.47347357276401936,0.17842612469394342,-0.9572810303940702,0.5283554607428225,-1.3834019154067583,0.1886004267254487
1,2.757152003838373,3.8740162421521553,3.8740162421521553,3.900569393341946,0.0,1.0,0.0,0.0,0.0,0.0,1.2338522904583802,0.5311028212661651,-0.09138893287337402,0.028242855457151855,0.2943901929575353,1.0188367559329068
0,-1.8396851797551506,-1.901288789627189,-2.4533518087787938,-1.901288789627189,0.0,0.0,1.0,1.0,0.0,0.0,-2.260040353786231,-2.651175492705118,-2.4133742429742773,0.16541010241501236,-1.3450063001301327,-1.8326165962310592
1,4.093547477412006,1.4753263245655959,1.4753263245655959,2.9912258734502317,1.0,1.0,1.0,1.0,1.0,1.0,0.4243215595730321,-0.9231114115681022,0.1393148647294783,-0.45214359738469906,-0.7539756722952853,-1.272988459866359
1,1.5876480416946979,2.640710676220506,2.640710676220506,1.3820584594603642,1.0,1.0,0.0,1.0,0.0,1.0,-0.8352081701350182,-0.5775527035089552,-0.7959552829347238,0.4081986634601228,-0.02570304244703736,-1.0261080580391124
0,1.422098239688573,2.9439394880768415,2.3787268714651146,2.9439394880768415,0.0,1.0,1.0,0.0,0.0,1.0,-0.0678693416071491,-0.17228489571069702,-1.35187655731266,-0.29379335626989633,0.9950986546273,-0.6836634183805215
1,2.334813838099466,0.5458778799802637,0.5458778799802637,1.6806057206164509,0.0,0.0,0.0,0.0,0.0,0.0,0.498957728385888,-0.04771393292908477,1.6717386386325703,1.4472706132227457,1.8015376402000354,-0.5286145146179754
1,-0.9118975093788966,-2.8040934252921126,-2.8040934252921126,-0.7675420653992648,1.0,0.0,1.0,1.0,1.0,1.0,-1.918010493402491,-0.7864436811773953,0.37607046520464726,-0.48146700694082445,-1.5100549384744562,0.07579528361986765
0,1.7430077390624583,2.1014523021536164,0.7344160600995389,2.1014523021536164,0.0,1.0,1.0,1.0,1.0,1.0,-0.9063120312730731,0.5872049494183187,-0.7325836400814112,-0.620342229565986,0.26408262144839334,-0.8381077868531237
0,-0.06264481471694949,0.9980528156553333,-1.319605673150298,0.9980528156553333,1.0,1.0,0.0,1.0,0.0,0.0,-0.6506627527743073,-1.7535884002509543,1.5094071183465285,0.22864460582144164,-0.8340226167958003,-0.727968757573599
1,1.8715881646212222,0.6822477728765006,0.6822477728765006,3.0711222049885536,1.0,1.0,1.0,1.0,1.0,0.0,0.3927445718612159,-0.7280974775241826,-0.31880512750716866,-0.7706674592392513,-0.0042258680705754,-0.7790887422263509
1,3.684476306443211,3.0581825159433063,3.0581825159433063,3.653419143923192,0.0,1.0,1.0,1.0,1.0,1.0,-0.19801362247854953,1.0906865191258044,1.624059629202353,0.7577000093580687,3.6119479151191785,1.5244255060493117
0,1.1191911191606416,3.0998258758084374,-0.02409523191745171,3.0998258758084374,1.0,0.0,1.0,0.0,0.0,1.0,-0.6501368461228968,-0.7551837589081012,-1.1928389784660545,-1.8879875656571914,-2.591216459019587,-0.795891841097436
0,-3.0280619990716984,-0.9427760985202727,-0.9703920443524214,-0.9427760985202727,0.0,0.0,1.0,0.0,0.0,0.0,-0.7805592718306454,-1.4502578672364455,-0.24585599849680012,-1.3044936429560645,-1.2925065593643472,0.9357895651529119
0,3.237829801633141,5.080883675765877,2.8798717165336405,5.080883675765877,0.0,1.0,0.0,0.0,1.0,0.0,0.2847136767081113,0.20556801136898162,-0.868466811527016,2.0849130996688947,-0.006552310967465669,2.422280892692573
1,3.29025881502937,1.194435453017398,1.194435453017398,2.4161227744575013,0.0,0.0,1.0,0.0,0.0,0.0,1.2160116967408112,-0.20945336899045663,-0.4701889305256976,0.2996702130079186,0.6544737029771003,0.2462306415591458
0,3.639800609105914,4.288919259185008,5.184157617337976,4.288919259185008,1.0,0.0,0.0,1.0,1.0,1.0,0.6866445546326002,1.4819118980665196,0.9091462334428847,1.0588557572408814,0.9526132884917571,2.261321453760035
1,3.0528137941154347,0.6616741111761331,0.6616741111761331,3.1560908520367685,1.0,1.0,0.0,0.0,1.0,0.0,-0.16704983240801405,-0.8771508220124732,-0.30335682313996437,0.09817253403984623,0.3253770428672456,0.08748533745477172
0,-1.0036717623213802,-0.373180690097455,-1.7802468571125538,-0.373180690097455,0.0,1.0,1.0,0.0,1.0,1.0,-0.9594650178371306,-2.642351074051531,-0.5470180909641652,0.784001171465347,0.3386468909612076,0.5043766862175237
0,-1.8451656658083773,-1.2050931106222107,-1.5223139561209842,-1.2050931106222107,0.0,0.0,1.0,0.0,1.0,1.0,-2.176597684894326,-0.9396155810828615,-1.3297454560818185,-0.7733180803570368,-0.8547284156496922,0.4972687020887264
0,0.7264741001401138,-0.3395205089904124,-0.44400672620359427,-0.3395205089904124,1.0,0.0,0.0,1.0,0.0,0.0,-0.3812373942980221,-0.2514039261092209,1.3858009702457244,-1.7118512140868365,-1.3605531608453434,1.433223778682292
0,4.795114634099591,6.804732926867022,5.219734707449637,6.804732926867022,1.0,1.0,1.0,1.0,1.0,0.0,2.1887569400775204,-0.06615219547812079,1.1693378480658438,-0.4017114588399946,2.2634293172689426,0.49513709022776264
0,3.60216519641545,7.8436801132665375,4.058134567814114,7.8436801132665375,1.0,0.0,1.0,1.0,0.0,0.0,2.0220956074764946,0.2606814815827363,1.5669863043462735,1.0726123614845253,0.6419997157811601,1.4859828885564492
0,-2.162586928638272,-1.3403072993147542,-1.7766388570555558,-1.3403072993147542,1.0,0.0,0.0,0.0,1.0,1.0,-1.0952281585958707,-2.7136792625178296,-1.4033833208960167,-0.9507603185599701,-0.49221324264240507,-0.27029640866848836
1,3.3464203181646957,1.2760882563559006,1.2760882563559006,2.7732602546093905,0.0,1.0,0.0,1.0,1.0,1.0,0.632495248087625,-0.8939338040855971,0.3843527387511936,0.3855744334253835,0.011337651736268106,0.6277069402319122
1,2.1926927174628412,2.9571370404581296,2.9571370404581296,2.4135991000582693,1.0,1.0,1.0,1.0,1.0,1.0,-1.2419955748346196,0.7967240501266016,0.8676130364165816,0.049505478196286895,-0.10659975180455439,-0.11760434214899229
1,3.904970554159714,5.257907923358539,5.257907923358539,3.1144920373368867,1.0,1.0,0.0,1.0,1.0,1.0,0.5164656509709343,-0.4122794348211921,-0.8145220090672208,0.07739224110116706,0.3188223767805979,-0.3193263303708106
0,-0.3904167172597164,1.5861903060496996,-2.07998880749478,1.5861903060496996,0.0,1.0,0.0,0.0,0.0,0.0,-0.4280993413049268,-1.7981260728709128,0.5080362062159287,-0.006097387463646131,0.6896824420800842,1.33790523907298
0,2.4058648988084776,1.7727895306910013,1.8271406657092317,1.7727895306910013,1.0,0.0,1.0,0.0,1.0,0.0,0.5292164206813936,0.7555942597085055,2.356397418108348,0.23418389027819436,-0.6097161811758768,-0.2692121003533454
1,5.988314749234429,4.851583691792113,4.851583691792113,5.213105210047788,1.0,1.0,1.0,1.0,1.0,1.0,1.0229270833625463,0.985969987279434,0.23931853814328374,0.5095121337719034,0.8140037752675294,1.5548072415939724
1,-1.7337105226050955,-0.7934368738011726,-0.7934368738011726,-2.149985409506164,0.0,0.0,0.0,1.0,0.0,0.0,-1.1807092795870482,-0.10546078593793895,0.01857033346157544,-0.4499092730593297,-2.3415421201380777,-1.011471174369007
1,4.950850117691035,3.3997454156294977,3.3997454156294977,5.90351038406911,1.0,1.0,1.0,0.0,1.0,1.0,0.14700617901306684,0.4512411569462843,-1.1946977915811265,-0.2655641011200167,-0.030450428832182186,-1.927008961301318
1,1.8373662687165575,4.698296700720206,4.698296700720206,5.064175591129889,0.0,1.0,1.0,0.0,0.0,0.0,0.12236595442549042,0.4340574197342578,0.14873417467950603,1.472284063850099,0.27590078169251425,0.5877414959193038
1,2.1640042929034906,0.5641376978936785,0.5641376978936785,-1.198708289219323,0.0,0.0,1.0,0.0,1.0,1.0,-0.1755555125867993,-0.6257123692920495,-0.46730522800282603,-0.19297269269239994,-1.0840304860380097,0.023950721380091022
1,3.753412227373839,2.8815689375584537,2.8815689375584537,5.1987706422593165,1.0,0.0,0.0,1.0,1.0,0.0,1.8927174674116842,-0.4592892764676233,0.25354060987287624,-0.004123770741953414,-0.47697574380842545,-0.7020840388028227
0,2.6807392057668515,0.3359194622117221,0.40384369102848205,0.3359194622117221,1.0,0.0,1.0,1.0,1.0,0.0,-0.862918005829306,-0.02375176347901148,-0.21796429524787048,-0.5557438161019471,0.2549125473442078,0.05803290848691175
0,1.0393212962844358,1.206917887372011,1.117041134334697,1.206917887372011,0.0,0.0,0.0,0.0,0.0,0.0,-0.4583217479502883,1.0498779445041382,-0.11053483747313803,0.7511533233216463,0.09986145615817749,-0.376130286029472
0,1.9598880184769165,2.5765383309985133,2.0048470623070442,2.5765383309985133,1.0,0.0,0.0,0.0,0.0,0.0,0.6425049291130623,1.218074711676497,1.7546262299866644,-0.16873333294788442,-0.3864792805812305,0.034711779256466624
1,-0.06144700711163198,0.41589640266534345,0.41589640266534345,1.1323833178618257,0.0,1.0,0.0,0.0,0.0,0.0,-0.3933951913375698,-0.8150691463572678,-1.1123822809180364,-0.18591574826873064,-1.7615667843685061,-0.9097255399042289
1,3.2394706937728017,0.03633533678348244,0.03633533678348244,1.0002401000844805,1.0,1.0,1.0,1.0,1.0,1.0,-1.4523746220266915,-0.19760337088706748,-1.9269742923207862,0.0003269722417823251,-0.6170098453987942,-1.6364185524672683
1,3.993704477457422,0.569460798387273,0.569460798387273,4.932933177755741,1.0,1.0,1.0,1.0,1.0,0.0,0.29709920324300404,-0.5464763161394909,-0.100080866919315,-0.9245768350930408,-0.6914665460151721,-0.8999197185596941
1,2.3258866188911447,1.2409731621220086,1.2409731621220086,3.0990320998468506,0.0,1.0,1.0,0.0,1.0,0.0,-0.11025154299557155,-0.6412144179681047,0.22940745801699836,-0.06204832518573035,1.9923957170344826,0.8825268551921568
1,0.4441648282266568,-1.49783991550252,-1.49783991550252,1.3867379202279029,1.0,1.0,0.0,0.0,0.0,0.0,-1.482733670114116,-1.550824494790644,-0.6244602097159798,-0.7371976549446233,0.5933015135928347,-1.0709339584066275
1,-0.2402896840369057,-0.06923096640830295,-0.06923096640830295,-1.5083742612031763,0.0,1.0,1.0,1.0,1.0,1.0,-1.0097268574162002,-0.28524127825016593,1.0734051437718972,-0.4656143260655055,-0.4642293032988249,0.04200086063957545
0,2.7567179001381756,5.5601584947869735,2.7139266673563602,5.5601584947869735,1.0,1.0,1.0,1.0,1.0,1.0,0.32031001584728697,0.8792121183003825,1.6874835272796997,0.2837469768734882,2.1588781935152337,1.5098724659415281
0,0.8155864835624834,1.5668313380230556,-1.0949604927505714,1.5668313380230556,0.0,1.0,1.0,1.0,1.0,0.0,-0.42987719976877825,-0.8601124041083025,0.1983827712935251,0.02588902348828842,-1.1020108276101621,-0.16520627956496672
0,4.154736023585069,6.963438369252461,5.837561008545543,6.963438369252461,1.0,1.0,0.0,1.0,0.0,1.0,0.3006472817519562,1.6003803001120798,-1.1168717101118755,1.0658837490987043,0.6748674248118501,-0.06321212060307901
1,4.430019427634254,4.303955706134657,4.303955706134657,5.315021411942197,1.0,0.0,1.0,1.0,1.0,1.0,1.0063366125463085,1.0391766006886467,0.7771704996582222,-0.025549137447841635,-0.7517498801473621,0.7412111808981562
0,2.3377478392654467,2.384301107246175,1.175502096677892,2.384301107246175,1.0,0.0,1.0,0.0,0.0,1.0,-0.567404549831543,-1.1803110215305013,-2.088383198749329,-0.20241380408675252,-0.2925279883279881,-1.347162359744458
1,3.0805437745860127,2.662952207260795,2.662952207260795,3.5980756407014467,1.0,1.0,0.0,0.0,0.0,0.0,0.6235615850481683,-0.5069701967674833,-1.314225413167241,-0.2512253575900089,-1.5264169707230202,-0.8021965921621071
1,2.8914574344521298,2.3463434033445183,2.3463434033445183,4.705935596574672,1.0,0.0,1.0,1.0,0.0,1.0,0.4809172832513428,-0.09486580376683929,-1.2973456280409863,-1.6489169280609617,-1.2935557589930746,-1.153304589792657
0,-0.750573222277085,2.863269355980437,-0.4346228857921847,2.863269355980437,1.0,0.0,0.0,0.0,1.0,0.0,0.10850553646512269,-1.3381193127092716,-0.8887904410440124,-1.9756454945489845,-0.2823065505030623,-0.6483911520944284
0,0.9624190786982114,5.195205261773015,2.105669462253359,5.195205261773015,1.0,1.0,0.0,1.0,0.0,1.0,0.479978516393481,-0.24523014811381438,0.2263278426135048,1.765508536749456,-0.5552473883948745,1.600865990109618
1,1.775257188399361,-0.8837519121177639,-0.8837519121177639,1.6686607947458412,1.0,1.0,1.0,0.0,0.0,1.0,-1.292392064683349,-1.3055701224600609,0.25841030211245564,-0.8780696216379368,0.616130110701658,-0.2997473223336035
0,4.087613619194505,4.339665168228939,3.417661093896651,4.339665168228939,1.0,0.0,0.0,1.0,0.0,0.0,1.75318561550556,1.5271999371328795,1.6532737018572308,0.3130355904309705,1.7691176911804214,1.4587504373496638
1,0.8266295789230365,1.0859889703645613,1.0859889703645613,3.4309103755839825,0.0,0.0,1.0,0.0,0.0,0.0,0.4797516273105956,0.1774794869996209,0.13314738572078064,-0.41604595349410844,0.2572960028164197,0.39519620830621727
1,1.1492657016281935,-1.6082349162954133,-1.6082349162954133,-0.7915472633826934,0.0,1.0,0.0,0.0,1.0,1.0,-0.11340552141023262,-0.5920353113229591,0.2553318712737201,-0.7729542285349223,0.2420376591702212,0.19986445432943659
1,1.7894411069048533,0.8713059126822791,0.8713059126822791,0.3271192432727632,0.0,0.0,0.0,0.0,1.0,1.0,0.2929808662684013,-1.3175657306488675,-2.1126217503349243,1.1700973800100287,-1.47791135374559,-1.152425113727256
0,4.268608485634745,5.636531674566134,-0.18743658815908226,5.636531674566134,1.0,0.0,1.0,0.0,0.0,1.0,1.227837342704879,1.0053944498694631,0.47080991702767194,-1.111078599905381,-1.0297840397614397,-0.005067960474451648
1,8.590934522934951,5.689976085470325,5.689976085470325,8.032525517461043,1.0,0.0,1.0,1.0,1.0,0.0,1.837330229010461,1.8545184847956924,0.2889086457552796,0.7699655046138025,-0.3090588047885543,1.550110210736267
0,0.9320739737819747,0.5825717946621174,-0.7284618795226869,0.5825717946621174,0.0,1.0,1.0,1.0,1.0,0.0,-1.0589408590482214,0.1752219981968442,-0.9621114346733772,-1.679315747978465,0.6873621355644113,0.09348950576640785
1,2.6453311019100507,-0.8690375648828657,-0.8690375648828657,2.4122549700155043,1.0,1.0,1.0,1.0,0.0,0.0,-0.7887174894036881,-1.0181023945941639,-0.705260334344672,-0.4865182389470504,-0.6222877778447841,0.6296767864079524
0,-0.684296724107577,0.8960104451622202,-0.48926468641676846,0.8960104451622202,0.0,0.0,0.0,0.0,1.0,1.0,-1.1266925709254956,0.4752085424662523,-0.8970428158191175,0.5704272999503648,-1.7998168161096615,-1.1145615252416166
1,1.5268642370825012,-0.13242466712511025,-0.13242466712511025,3.0385596428027615,0.0,1.0,0.0,1.0,0.0,1.0,1.3444523321137745,-2.6908454303143365,0.08059712090447735,-1.0739210876256475,-0.6055809490263004,-2.617441374446387
1,2.5525401980821534,1.2993415038393545,1.2993415038393545,1.7171262707126378,0.0,0.0,0.0,0.0,0.0,1.0,1.578620173443427,-0.7710019074445238,0.8192714342250071,0.7391343552043349,0.7422785693726187,0.9585838158137643
1,5.9222298647088385,3.914419306439232,3.914419306439232,6.199630672916304,1.0,0.0,1.0,1.0,0.0,1.0,0.8577937856226265,1.7732908553581777,0.7797654527473118,0.4801341078300029,1.540981798169527,-0.1532042057814077
1,4.661645297213856,3.9720196423022833,3.9720196423022833,7.20236486602931,1.0,1.0,0.0,1.0,1.0,1.0,1.245989302743208,0.48454243467468594,0.4853484675653592,1.6627638577854869,0.52497579357027,2.501875906419112
1,-1.830752176076486,-0.46095230939219245,-0.46095230939219245,0.418925144216686,0.0,0.0,0.0,0.0,0.0,0.0,-0.8786236737790407,-0.8919857869494932,-2.7741570202061148,-1.2832461758062754,0.007361192037229847,-0.5449760166929035
1,2.6661235796059515,1.9711558563072982,1.9711558563072982,4.444795795049712,0.0,0.0,0.0,0.0,0.0,0.0,-0.34163741273662523,0.4639184193855207,-0.7343021992220624,1.3771708579801727,1.5585242585885954,-0.7923228573428428
0,1.840573811631536,5.055276139546945,3.5606955711466224,5.055276139546945,1.0,1.0,1.0,0.0,1.0,0.0,1.1597225761645482,-0.6952084932451396,-0.9629095501024556,-0.3595750223151994,-0.07021418069958413,0.26150980928733675
1,5.230049823499813,2.92339108334174,2.92339108334174,4.6550231221211975,1.0,1.0,0.0,1.0,1.0,0.0,0.6708776382177769,0.7584207089070046,-0.11334087036602508,-1.0106605637606096,-2.121661103738846,-0.2514496621210041
1,-0.8501161735756243,-2.3724590083757566,-2.3724590083757566,-1.2977157963213297,1.0,0.0,0.0,0.0,0.0,0.0,-1.8818499243100675,-0.4700224979786493,0.8981189737026481,-0.9564000154358158,0.8170041515583417,-0.6763146172910857
1,3.627132505570922,0.5168914271143489,0.5168914271143489,1.7529682625045797,1.0,1.0,1.0,1.0,1.0,1.0,0.12656648363362935,-0.8182754763066468,0.8155325157981581,-1.4907819596618657,-1.443728899600917,-1.599560041117544
0,0.446585445229897,3.2410694189441456,-0.20831891433062455,3.2410694189441456,1.0,1.0,0.0,1.0,1.0,0.0,-0.48011159376026336,-0.5168542257835916,0.27236254656172443,-0.5006333116685447,-0.09608581627610671,-1.0997477372770295
1,2.0241611850041643,-0.8058042011770783,-0.8058042011770783,5.003549479673394,1.0,1.0,0.0,1.0,1.0,0.0,0.5006805646756346,0.9379021419799112,2.9308577731965597,0.9631464776596506,1.4886202672379723,1.627641514484496
1,1.1966348109081448,-0.3715795390232763,-0.3715795390232763,1.3903100405695397,0.0,0.0,1.0,1.0,0.0,0.0,0.3607013996200759,-1.1467221690872105,0.167726531394458,-1.152903894418982,-0.32319302670531563,-0.01678608282595012
1,4.55381265547762,3.3207886593274774,3.3207886593274774,5.442460923125165,1.0,0.0,0.0,1.0,1.0,0.0,1.5190150988545958,-0.032079859456036086,-0.12976409137864472,0.8048387652977405,0.2605330706955935,0.6867764293070057
0,2.2788961783126047,5.10732188768381,1.246788632317901,5.10732188768381,1.0,1.0,0.0,0.0,1.0,0.0,-0.9171023347474224,1.7553688991098588,-0.5679688025706408,0.4902821651879053,-0.23531753936278116,0.16018234302696194
1,0.2789566279563631,-0.22470486017671432,-0.22470486017671432,1.3057877162866203,1.0,1.0,1.0,1.0,1.0,0.0,-1.1179474030746483,-0.6672106825318334,-0.902112881910061,-1.4990341809113825,-0.18498526083456723,-0.9850289682508574
1,-2.3905300365774975,-2.4306795975549487,-2.4306795975549487,-1.0968454041735318,0.0,1.0,0.0,1.0,1.0,1.0,-2.201650857171763,-2.077919635496905,-1.0551283355475902,-0.7613387141907768,-2.621394568318509,-1.819060511309279
1,4.772367372260609,2.7354966687540134,2.7354966687540134,4.309417304929618,1.0,1.0,1.0,1.0,0.0,0.0,0.48360240291055084,-0.21870352082070144,0.4307574170808617,-0.011349021061374961,1.5577490289864637,1.459397854318166
1,9.768675305710559,5.7587725276586825,5.7587725276586825,7.368091800134904,0.0,1.0,0.0,0.0,0.0,0.0,1.0600618844109815,2.801209028166121,-1.283472706594967,0.0883581464062011,-0.6258270234401431,-0.3637069995101171
1,2.4946628780058924,2.029118720209683,2.029118720209683,2.703149766423855,0.0,1.0,0.0,1.0,0.0,0.0,0.030465746563142285,0.5664613037143118,0.006393799798232347,0.9941953322764326,0.9572697677957358,0.13462836359044744
0,2.4008280404921356,2.447130423729929,1.0081516501928924,2.447130423729929,0.0,0.0,1.0,1.0,1.0,0.0,-0.09871880479370859,1.3588469696541228,1.5147506934408468,0.37628348943398116,-0.5372095845191055,0.015302510400641456
1,1.8172866335921567,-1.4523759787637274,-1.4523759787637274,-2.080012982710474,0.0,1.0,0.0,1.0,1.0,0.0,-0.23084269234761837,-1.2222333582538876,1.2875231659730453,-0.49891455356666736,-1.5069536142419169,-0.522733513549
1,-1.198175232162408,-2.0298438793705356,-2.0298438793705356,-0.24641061353523053,0.0,0.0,0.0,0.0,0.0,0.0,-1.0203103120902275,-1.0131849378045164,0.13374624316238348,-0.7553175768977423,1.4602485736480466,0.32612119430518555
1,1.336146844306051,0.4080987589698038,0.4080987589698038,3.5785175014256767,0.0,0.0,0.0,0.0,1.0,1.0,0.6219776741821248,0.077116944564536,0.30753083758317207,-0.7695661681397408,0.0184740091958015,-0.9135209476158648
1,1.5323014209131085,0.815838001603189,0.815838001603189,2.4932015901109508,1.0,0.0,1.0,0.0,0.0,0.0,0.7796725646425751,-1.2805279805894105,0.0008149820023061194,-0.48701176698166904,-1.1428025274797005,-0.12801151474384898
0,1.746761831675232,2.522941563474781,-0.06106526741349652,2.522941563474781,1.0,0.0,0.0,1.0,1.0,1.0,-1.0678511072501244,-0.8906027149119904,-1.442581093201879,0.413796878125334,-0.2942005562040151,-2.3249351546846038
1,0.5253231755226655,1.3425658702593748,1.3425658702593748,3.126937549141118,0.0,1.0,0.0,0.0,1.0,1.0,0.412799310031065,0.9043212625292277,-0.5278945434044052,0.5589278698117265,-0.6749611176854561,-0.2830359863481503
1,-0.04824538986475302,-1.135282666863523,-1.135282666863523,-0.05226389893695921,1.0,0.0,1.0,0.0,0.0,0.0,-1.1395721734480369,-2.114597922483982,-0.6921371624218344,-0.8766732991812634,-1.1490690297408848,-1.4117114069490033
1,1.2851741182732517,2.5312195620921787,2.5312195620921787,2.4633587608548524,0.0,1.0,1.0,1.0,1.0,1.0,-0.4272664267731194,-0.14561849461769932,-0.282687279744703,0.15862763192156543,0.26075295241446583,1.13821994662525
1,4.853210792991432,3.369972120944741,3.369972120944741,3.746382098557478,1.0,0.0,0.0,0.0,1.0,1.0,1.3749342550825951,1.713780165749373,2.1944963695533883,0.07528735235674386,2.1492793405017214,1.4767716816229222
0,-0.7804702123307128,-2.7418608651992913,-2.514486408305996,-2.7418608651992913,0.0,1.0,1.0,1.0,1.0,1.0,-1.4305942494258084,0.6878628758479362,2.217445169291742,-1.379857632336457,1.6104700674311911,-1.1679246876334877
0,3.616197567972697,2.4154593608107007,0.3406499993864087,2.4154593608107007,0.0,1.0,0.0,0.0,1.0,1.0,0.475116051025498,0.31016490425144655,1.0903043876267788,1.0195280458130909,0.9100176689436976,0.017109898191241646
0,1.6878491764371284,3.6292542112558426,0.46755568735912856,3.6292542112558426,0.0,1.0,0.0,0.0,0.0,0.0,-0.6009770460989085,0.6755777595170155,-1.0196287147763492,0.14055815775045194,0.47460810966698325,0.15230429069631143
1,2.1724140271480343,1.7175536306494488,1.7175536306494488,0.1781991512029406,1.0,1.0,0.0,0.0,0.0,1.0,-1.3333203223976755,0.32839280328440396,0.4390582581389193,0.26548637787146434,-0.25999828936243646,0.19732534354765208
1,1.4354719096451676,-0.625138604296252,-0.625138604296252,1.191226667495509,0.0,0.0,1.0,0.0,0.0,0.0,-0.3904792856482952,0.05987568281497635,0.12171210996487924,0.8424544624676681,1.2083265079216146,0.8220878691298186
1,1.4408168378028774,0.035329939383510964,0.035329939383510964,1.0729450712339301,0.0,0.0,0.0,0.0,0.0,1.0,0.549024268011925,-0.4179513389419376,-0.5544325342662608,-1.0842302629151082,-0.01825745100069076,-0.7532722631844271
1,3.6301139000069362,2.785706740528986,2.785706740528986,2.8396308077609107,0.0,0.0,0.0,1.0,0.0,0.0,1.379667914509782,0.5136322154556568,1.6212971940782028,0.4604580293518438,2.0141807006765227,1.4311311532906057
1,2.706301928484973,1.653465634755061,1.653465634755061,5.072461395418426,1.0,0.0,0.0,0.0,1.0,0.0,0.7358904408290314,0.19304095279086453,0.15696413763755304,-0.8888010877457214,-0.06502281789778606,0.37310072320004656
1,4.64099474051219,3.328776242105079,3.328776242105079,4.58949571557473,1.0,1.0,1.0,1.0,1.0,1.0,1.032026166316283,-0.5932354347023268,0.28532325479359666,0.24239430454377472,-1.0593553517254202,-1.3043238256804268
0,1.5061287158833254,1.1126764103842075,-0.05244910597096987,1.1126764103842075,0.0,1.0,1.0,1.0,1.0,0.0,-0.6610116802165035,-1.0237706734083218,-0.6319502073783871,-0.6844311147745585,-1.4898304180494892,-0.503352200710498
0,1.0794898634434755,2.4631077318187082,2.5409711928505465,2.4631077318187082,1.0,1.0,0.0,0.0,0.0,0.0,-1.0142858707571152,0.4751784799109828,-0.5272438679815529,-0.4877575762048713,1.008878460595087,1.1698146808651724
0,0.04199544108523676,-0.734167550748021,-1.8892818310389243,-0.734167550748021,1.0,1.0,0.0,1.0,1.0,0.0,-1.2469832431015235,-0.4089133892282033,-0.652765489490329,-0.6235759472446273,-3.1076023169901714,0.5787958805492908
0,4.148455206912736,4.1409403020243385,0.7658593732680159,4.1409403020243385,1.0,1.0,1.0,1.0,1.0,0.0,-0.5307796984983294,0.7303835968784469,-0.8370405518350235,-0.426725429628668,-0.6906090599718051,-1.0854270656701799
1,3.7500798351179405,-0.5826192488028534,-0.5826192488028534,5.711909613524845,1.0,0.0,0.0,1.0,0.0,1.0,1.1721793372371705,-2.1774264223854107,-1.5743389515083694,-0.45686342057054935,-0.4337622049137896,1.3004945380051605
0,3.236957074614884,2.942775069523485,0.825875197367735,2.942775069523485,0.0,1.0,1.0,1.0,0.0,0.0,1.6348034103182607,-0.6148892959797659,0.9792398237385385,1.2767693483600993,1.0286493448561176,0.6774425906361023
1,0.1912170158636508,0.06533011342370926,0.06533011342370926,2.1339067630660136,0.0,0.0,0.0,1.0,0.0,1.0,0.4203218309293709,-0.0097756494636273,0.5178049175747191,-1.385166852070655,-0.5166364982302317,-0.1638768359361498
1,6.199800789711093,4.245316396338692,4.245316396338692,7.851024394857624,1.0,1.0,1.0,1.0,1.0,1.0,1.585388645907149,1.0039732477557683,0.903047672911779,0.3622965068703869,0.4931836958149824,1.5577177225480856
1,5.636122701087709,3.2491380507157643,3.2491380507157643,2.8239027661601304,0.0,0.0,1.0,1.0,0.0,1.0,2.124313444719791,0.6698600519011797,1.6372704342145723,0.4332888220470079,1.028138938308293,1.1765599873436952
1,0.22918043595673954,-4.244032524733555,-4.244032524733555,0.40319026928789836,0.0,0.0,1.0,1.0,0.0,0.0,-1.3762733598114567,-0.8427189683049109,-1.173918176723371,-0.8808300671745972,-0.3166347471608002,-1.0984808260729362
0,6.083411224175183,7.413249822364237,5.257794491925413,7.413249822364237,0.0,1.0,1.0,0.0,0.0,0.0,1.3270246066776261,2.654650750451239,0.024968941026674442,0.7071938346666853,-1.005473193779925,-0.3767310487200042
0,-0.08447788209441587,3.5349575813360623,3.8543287455170705,3.5349575813360623,1.0,0.0,0.0,1.0,1.0,1.0,0.7340317941904586,0.3931209010637895,0.8803058339491188,2.463565968061619,0.9550808581591346,2.397598197235909
0,2.453768447610202,3.364955400884578,1.8408929748068452,3.364955400884578,0.0,1.0,0.0,1.0,1.0,0.0,-0.27204849822901006,0.33657323383244864,-0.5882646448665318,0.349932966689214,-1.6360981764404183,-1.0659902502752239
0,1.1726660020819122,1.8935955323169518,2.1470798332127643,1.8935955323169518,0.0,1.0,1.0,1.0,0.0,0.0,0.009503623665066392,-0.08427657401112654,0.45327005923508623,0.602731481575786,0.43617032106219106,0.4836407327875909
0,-1.0141299340224867,1.6929310940350515,-1.403781830847172,1.6929310940350515,1.0,1.0,0.0,1.0,1.0,1.0,-1.4339571288863822,-1.0337874748201863,-1.2306338153734395,-2.137618541377534,-2.357445974066047,-1.8250499957108035
1,8.969503915424232,4.944119850554203,4.944119850554203,7.316745479190727,0.0,1.0,0.0,0.0,1.0,0.0,2.2504603079002763,2.929471278755147,2.5507618194595905,-0.25332479120680684,2.2891181224062187,3.191733741112282
0,3.730947325974906,3.2775248816627975,1.6977814550515689,3.2775248816627975,1.0,1.0,1.0,0.0,1.0,0.0,-0.8295300221628917,-0.4149791727180763,-1.6282886750001346,0.3352384508443697,0.15158054084912886,0.378345187132226
1,3.234518442462524,2.810422397941515,2.810422397941515,4.670003982715941,1.0,1.0,1.0,1.0,0.0,1.0,0.8654936060685839,-0.06813858805847542,0.7426134395520236,-1.1570527012446188,0.3704356511689298,0.6869594611086012
0,3.83856747954664,8.37879093216162,4.418344848496794,8.37879093216162,0.0,1.0,1.0,1.0,1.0,1.0,1.2283919845262492,1.5962227859075875,0.3455557715398142,0.44068561827178476,1.1205055594084121,1.5233049455110546
1,2.40779030258627,2.1839051299454084,2.1839051299454084,3.355179992588751,0.0,1.0,0.0,0.0,1.0,0.0,0.12639655286481627,-0.06312211283474993,-1.1458213805628543,1.0844074978533316,0.5393469360226574,-0.08188412824324112
0,1.2372425569365388,3.0379829710233066,0.3131450566528425,3.0379829710233066,0.0,0.0,1.0,1.0,0.0,1.0,0.7492383451484096,0.7503978739949391,3.0702469595782813,0.09488874090525767,1.4338245566414616,0.31153535955449185
1,-0.7392776808381383,-1.3812578684374979,-1.3812578684374979,-0.5602166280360019,0.0,0.0,0.0,1.0,0.0,0.0,0.4699985816552607,-1.461345054184012,-0.2841489269247663,-0.9874093741440869,0.10754245955761466,-1.3192636444612038
0,-2.7689195448401076,-1.33230368540566,-0.682956702724357,-1.33230368540566,0.0,0.0,0.0,1.0,1.0,0.0,-0.4664223325925946,-1.699261597783173,-0.023256277081437293,-0.7364870106495733,-0.6343181042527,0.255900572612904
0,2.275104641027811,0.7687836285184291,0.655932296346259,0.7687836285184291,0.0,1.0,1.0,1.0,1.0,0.0,-0.7453035229294726,0.5642293606819777,0.44391353080131857,0.08318971839739342,1.252271328506596,1.5814988247972877
0,1.688693269231613,1.4000576935002664,1.2247400013183976,1.4000576935002664,0.0,1.0,0.0,0.0,0.0,0.0,0.2880260097182863,-0.22086163828503644,-0.2510989844903643,0.8977358655387214,-0.5324836028830235,-0.39944692855130365
1,4.325049937193109,3.9138967791662034,3.9138967791662034,4.335156016605231,1.0,1.0,1.0,0.0,0.0,1.0,0.4332795943914041,0.19450747379919575,-0.8583083537176344,0.1119442449642988,0.6024050565247142,-0.11177210300731677
1,2.2059887814425316,0.23168124058634937,0.23168124058634937,2.493684777140415,0.0,0.0,0.0,0.0,0.0,1.0,0.997830305538558,-0.31770772254019397,1.3984371025740785,0.6966985458303553,1.6767128981970905,0.7006229647131388
0,2.399109281945604,4.953468777890343,3.810617990968276,4.953468777890343,1.0,0.0,0.0,1.0,1.0,1.0,1.5435261875307689,-0.6644283149160102,1.0369824793435876,0.20078278641325265,0.21116716840605101,0.6104005138863513
1,3.759715445199804,1.8694664409610646,1.8694664409610646,5.037148044287637,0.0,1.0,0.0,0.0,1.0,1.0,0.5241056035556457,-0.05054708106135889,-0.9045959722149168,-0.7215428620906443,-0.022471289119305377,1.7002056267595087
1,6.081328824531375,1.8890360410282727,1.8890360410282727,5.557816599641031,1.0,1.0,1.0,1.0,0.0,1.0,-0.03247191518548992,0.32764562880073045,-0.6803439221064016,0.40546416876252445,-0.03594314287255604,-0.6203472092413866
0,-0.5915419416808938,1.2682805387966574,0.6650960450717722,1.2682805387966574,1.0,0.0,0.0,1.0,1.0,1.0,-0.7488094416416032,0.4739995373201615,-0.6759861881146934,-0.17733155472037765,-0.9110257172576367,0.4296296725743728
1,2.6626365896817337,0.5978854636609089,0.5978854636609089,2.666419056360031,0.0,0.0,1.0,1.0,0.0,0.0,1.7982187892861943,-1.1535462045146887,1.8372220054948563,1.136698492453928,0.6133636895509621,0.5709222232579956
1,2.6776668215198565,0.9070972018073524,0.9070972018073524,3.9992087201400137,1.0,1.0,0.0,0.0,1.0,1.0,-0.10112441652077063,-0.7554959345325133,0.5952423700593652,-1.119175837029995,-0.020295539677629815,-1.0392116477489746
0,3.536196600476404,5.224039899916815,3.1719656385077095,5.224039899916815,1.0,1.0,1.0,1.0,0.0,1.0,0.40568393115560886,0.7008289097058796,-0.4882283024360684,0.6400159655388904,0.6458894284377221,-0.4359343393491638
0,0.5379521703792811,3.679854116142725,0.3949580295534465,3.679854116142725,0.0,1.0,0.0,0.0,0.0,0.0,-0.34743498804459544,1.2403415378090927,2.1034413474785163,1.8444087650805143,0.9134864876453175,0.8472881570509101
1,2.682154820630962,-0.7242837182417251,-0.7242837182417251,1.6279028867416994,1.0,0.0,1.0,1.0,0.0,1.0,-1.0492094334158406,-1.8595057310900722,-1.8360684919487817,-1.175652186400728,-1.0636046609999932,-2.04872412629555
0,-0.9251885540574826,1.5859193995692196,-0.7991244399587867,1.5859193995692196,0.0,1.0,1.0,1.0,0.0,0.0,-0.25043626727932783,-2.654052668945724,0.08684546354435174,0.2615387192702106,1.1071719429143898,-0.9565283262587464
1,3.614190976540696,1.7351084595682449,1.7351084595682449,3.960358860314111,1.0,1.0,0.0,1.0,0.0,1.0,-0.4406652208000956,0.07722848388012554,-0.4052032265505301,1.0308339955646977,1.2241889092902807,0.057718453810503445
0,-0.9944043719841512,3.342165694699964,1.3440427375000805,3.342165694699964,0.0,0.0,0.0,0.0,0.0,0.0,0.47238017763974227,0.4746077745719476,0.026018865859064155,-0.2957680012364235,-0.33346579045637365,1.299589938864795
1,1.4221468301505933,2.4867259160315776,2.4867259160315776,3.202495893377856,0.0,0.0,1.0,0.0,0.0,0.0,0.4013150889829261,1.1800240725589248,-0.4149762068862032,-2.079716819323976,0.3574326289776913,0.044957606473759695
1,1.5518662320672802,-0.5063309939118383,-0.5063309939118383,1.9870943444270104,1.0,0.0,0.0,0.0,1.0,1.0,0.12089023158980393,-0.42037853633190086,1.997104490785709,0.4709239663629407,-0.3176394455344872,0.4067276273267456
1,2.63556479585126,2.787243745627705,2.787243745627705,5.46875043118227,0.0,0.0,1.0,1.0,0.0,1.0,1.4848059571454828,0.4592972471458424,1.0279115062523525,1.6222867548474003,1.9020434550643643,-0.8246700559006258
1,3.431483342028852,2.6612637157005223,2.6612637157005223,1.1118281982697518,1.0,1.0,0.0,1.0,1.0,0.0,-0.4221717557736169,0.36544488274754094,1.458166831510285,1.8764771748294566,1.2005321688226724,0.6445749883077825
1,5.212718122950495,4.6163086045732875,4.6163086045732875,4.478898806883393,1.0,1.0,1.0,1.0,1.0,1.0,0.6789066600608608,0.16153260480062115,-0.5939245388277337,0.8702310348776159,-0.2797520229247271,0.5744319542857054
1,2.693397730078457,1.1535280727747739,1.1535280727747739,1.8068787084387732,0.0,1.0,0.0,1.0,1.0,0.0,0.17868036114571947,-1.0001307197651668,-0.8753969830211044,0.31702992416696274,-0.4589807411178523,-1.333264981016317
0,0.8311151304755082,5.633560767278405,2.181880809464275,5.633560767278405,1.0,1.0,1.0,1.0,0.0,0.0,0.10094042130739224,0.7005170802005322,0.9972742141399381,0.05754608191885181,0.5937331074423436,0.20151959039213935
1,6.047864100473034,1.8784288563715175,1.8784288563715175,4.608730391321281,1.0,1.0,1.0,0.0,0.0,0.0,0.19002454454570536,1.6378107290236894,0.662326178571033,-0.5264622383256905,0.09824618098687332,1.0550723283135373
1,2.982772637337872,0.24376139086630816,0.24376139086630816,2.83278563546508,1.0,0.0,1.0,0.0,0.0,1.0,-1.4129730385072057,0.8597061029160575,0.6998015797259918,-1.4004394146840955,-1.6256089968048792,-0.08955684835470407
1,5.867962109353715,1.0920659141641829,1.0920659141641829,1.8049936623161056,1.0,0.0,0.0,1.0,1.0,1.0,2.0267389512098943,0.31196508804952394,1.1470405823066656,0.8163109410016034,-0.9446227726852957,1.6473327049535094
1,6.227459454395112,6.127513324091162,6.127513324091162,7.880093496728917,1.0,1.0,1.0,1.0,1.0,1.0,1.3888067948818803,1.2711100120955592,0.5557126435650186,0.0150724140535472,1.236543423755709,1.5341845280892836
1,6.190749923783295,4.756466875735073,4.756466875735073,6.7320390920293445,1.0,0.0,0.0,1.0,1.0,0.0,0.5419918758326334,2.287687690013991,1.1967150999296452,1.0831659993956089,0.5095896837152067,0.08048224564413908
1,3.713538088700856,2.0376545556053856,2.0376545556053856,3.088369965649456,0.0,0.0,0.0,1.0,0.0,0.0,0.7748483015499116,0.7356617457983093,1.1028764861468785,-0.28838801315484236,-0.307440872826138,0.28729001183685926
0,1.5119936622368277,5.32604735376941,1.8512267966955267,5.32604735376941,0.0,0.0,0.0,1.0,1.0,0.0,1.6771662261605313,2.412568134066616,1.7373125101384082,0.06397922593040312,2.1199296728339942,1.863155585852753
0,4.4090678431388035,6.958618005316879,5.580298788817968,6.958618005316879,0.0,0.0,1.0,1.0,1.0,1.0,2.0600168016883207,1.443980539724907,1.0309638210515506,1.3203918987477365,0.45246510298108145,0.22447452206091822
1,6.962011004967044,2.029524236376062,2.029524236376062,5.553731353064222,1.0,0.0,0.0,0.0,0.0,1.0,0.2391408331825038,1.473978120462482,0.44975290843218607,0.4420523537574992,0.33494549534138474,-0.1709278913240605
1,2.7812174578225792,3.3135844951397795,3.3135844951397795,3.778672291851132,1.0,1.0,0.0,0.0,0.0,1.0,0.023631973741561646,-0.48330345285110443,-0.35037604413117307,0.6806674937137779,-0.2650977658727556,0.8674149752960347
1,4.7327826974660026,3.617483260125411,3.617483260125411,2.67818522158536,0.0,0.0,0.0,0.0,1.0,0.0,1.0658713607019912,1.3392263759647827,-0.8852512216403673,0.22473167205365208,0.9074269419602634,-1.4043465323816753
1,5.175878781232873,1.452014888952251,1.452014888952251,5.73329046701701,0.0,1.0,1.0,0.0,0.0,0.0,1.1044568693558723,0.9777624270802926,0.37207128355895625,0.7540952721651004,0.40339630015778855,0.884342772736969
1,-0.7853208033201274,-2.0787629581808575,-2.0787629581808575,-0.5639321231195922,1.0,0.0,0.0,0.0,0.0,0.0,-2.576308068995093,0.04082597635091678,-0.9213792641378782,-0.8519781269434253,-1.7638695382878473,-0.934168637766469
1,1.6514603419915153,2.0708781164412793,2.0708781164412793,2.330748397981411,0.0,0.0,0.0,0.0,0.0,0.0,0.5594481187619275,-0.0368152109812282,-1.981407417568923,-0.573579467238645,0.27160147974228643,-1.0456040099463646
0,2.1842545312356902,4.163723044120664,1.6148919870426255,4.163723044120664,1.0,1.0,1.0,0.0,0.0,1.0,-1.0479970481216576,0.018554323284012686,-0.17997847565694364,-0.11476650163799695,1.6726317184444954,0.0957104724816139
1,1.6217899828083508,0.9814312213575325,0.9814312213575325,1.6299132778345267,0.0,0.0,1.0,1.0,1.0,0.0,-0.08163416228971775,-0.16685704569893178,-1.531508097514516,0.5387054966881477,-1.3595000532467754,0.008937477307675468
1,0.07438312036658035,-1.1166423388709932,-1.1166423388709932,-0.5423578770369669,0.0,1.0,1.0,1.0,1.0,1.0,-1.1506196335163625,-0.14134758610465545,0.01245028372304055,-0.5172095142947863,-1.0229652321703087,-0.10747010996920586
0,-0.8924239420836593,0.09952585210058817,-0.5304256813966007,0.09952585210058817,0.0,0.0,1.0,0.0,0.0,1.0,-0.411849232655863,-1.20972802327273,-1.1625259676067443,-0.7352212441930304,-0.6222026137238259,-0.6418721450061804
1,2.7681731508231224,1.4246920652870454,1.4246920652870454,4.53518101630984,1.0,0.0,0.0,0.0,0.0,1.0,0.9703347869366252,-0.29617760853562686,0.011283359278149552,-0.8833759075939648,-0.13841362902584134,-1.010800460982853
0,-0.7799059719276927,0.06201335592906376,0.5396892982290459,0.06201335592906376,0.0,0.0,1.0,0.0,1.0,0.0,-0.5430463987038854,-0.3674224008959916,0.3630503692926103,-0.0012555502224042003,-1.1661447070295419,-0.44282939845782
1,-0.016159850733578507,0.0058961918539857106,0.0058961918539857106,0.8801441773643233,0.0,0.0,0.0,0.0,0.0,0.0,-1.085374561418143,-1.0770558438291564,-0.14696232179346924,0.4281096325107453,-0.627531263552662,-0.425723052197477
0,1.4107910136722537,4.697242963531529,0.9070697593742558,4.697242963531529,1.0,0.0,0.0,0.0,0.0,0.0,0.7147447220629615,-0.3238906293312299,0.26467711910695685,-0.28960284750950793,1.0192540620539576,0.8632505414978486
0,1.9600640941848488,3.378874341369387,1.9899846552964953,3.378874341369387,0.0,1.0,0.0,1.0,0.0,1.0,0.6877806060898026,0.7240702066106139,0.23764690945539593,0.4102713932147826,-0.267197482927421,-0.7190192194245701
1,5.441131865793515,2.1767441117195623,2.1767441117195623,4.743089522456184,0.0,0.0,0.0,0.0,1.0,1.0,0.8738476297550057,0.684640798200923,-0.1942932109071161,2.888006737582979,1.1558766997473997,0.34548473879014796
1,4.530934798158083,3.3699502620221518,3.3699502620221518,4.265992610060406,1.0,1.0,1.0,1.0,0.0,1.0,0.34769817172590295,1.03599763738074,0.3518731991886101,0.6674758449500361,-1.079159046231945,0.41881631362573857
1,6.091741434256977,3.987288280791564,3.987288280791564,5.00571285195627,1.0,0.0,0.0,1.0,1.0,1.0,0.9714727125807767,1.626172128353419,0.43938827571831485,1.0043380919254208,1.3238261580588127,0.5419257904222945
0,0.8691246523123525,1.1517806636243697,1.4633776486739165,1.1517806636243697,0.0,0.0,0.0,0.0,0.0,1.0,-0.462959343089007,1.0363184634803713,-0.9886943630908642,0.5151005400147048,-0.19976717502075664,-0.1642618352337924
0,3.030448536768051,3.256172623687836,1.5783995893909124,3.256172623687836,1.0,1.0,0.0,1.0,0.0,1.0,0.07269853589757201,-0.6922218834777079,-0.623303802238355,1.0879194267952077,0.014103581897795203,0.06515788584110269
1,2.2797730228426216,0.9786416901788821,0.9786416901788821,4.8038022330939985,0.0,1.0,1.0,0.0,1.0,1.0,0.3539741086168941,-0.24412704690000886,-0.7935869579315478,-0.04223953827298588,0.8605323275906112,1.136548633315284
0,1.3861668032581758,4.027910320209644,0.8666567053937276,4.027910320209644,1.0,1.0,1.0,1.0,0.0,1.0,-0.7944944392664803,0.14500694635666683,0.6087987988378181,0.9709681564103566,-0.41021273259498764,1.3810979645476067
1,6.531904984565784,3.2194529289573826,3.2194529289573826,5.357061972862311,1.0,0.0,0.0,0.0,0.0,1.0,0.9848697814174714,1.7888935308809935,-0.18467495013862334,0.37458889008095975,0.7113943024940433,2.3982150583188675
0,0.8160215523874221,2.9507209652033826,0.7687367037983959,2.9507209652033826,1.0,1.0,1.0,0.0,0.0,0.0,-1.3853559621981517,-0.005918417953179822,0.4944207370607678,1.9772948144932778,-1.2579473658407478,0.9854557645901794
1,3.3988600315044644,0.9415503938924767,0.9415503938924767,4.072733233831214,0.0,0.0,0.0,0.0,0.0,0.0,1.550715642324277,-0.1997414233557933,0.948009693883941,-0.28766974438292475,0.47096858429310096,1.4113639844849715
1,2.333770733983911,1.6175484079807,1.6175484079807,1.9242242197451205,1.0,0.0,0.0,1.0,1.0,1.0,-0.025722511632390047,-0.4577288354172886,0.10583940900208016,0.3861831958051686,0.373517413246483,-0.3900957884914191
1,6.386026488328428,3.232154805952372,3.232154805952372,8.106082824348459,1.0,1.0,1.0,0.0,1.0,0.0,1.853158232567813,0.3661860471554266,0.3664566979287931,-0.4738277757443688,0.45794449664610803,0.12819604589518085
1,-1.1267233100102225,-4.931336553355642,-4.931336553355642,-0.13298200478615385,0.0,0.0,0.0,1.0,0.0,0.0,-0.9191070709252323,-1.3286263289668185,0.11483237462443752,0.20405711654468434,-2.0146949450584426,-0.9379918711531627
0,4.970478097281363,5.073698158926705,5.233445389360448,5.073698158926705,0.0,1.0,1.0,0.0,1.0,1.0,1.264226699190039,1.6099885858867604,1.555843016964702,2.10123178628229,0.2860572787470774,1.6185217762049113
1,3.697884352461115,3.0662206277442783,3.0662206277442783,1.229254401729235,1.0,1.0,0.0,1.0,0.0,0.0,-0.053644413854969694,0.33633729947582874,-0.5940670617628983,-1.5286473410461248,0.5459379682377893,1.078938205948655
1,3.474816076170903,3.3654633502047044,3.3654633502047044,2.719003874101594,0.0,0.0,0.0,0.0,1.0,0.0,1.4468326287089261,0.17886638822112438,0.5088864819820058,0.5534420979580006,0.6140336265579912,1.346860882890005
0,3.8942420711917256,3.865268196435472,2.619430678260864,3.865268196435472,1.0,1.0,1.0,0.0,1.0,0.0,-0.6322589889372128,0.14326332420772117,0.29956816887184823,-0.21512524520233572,0.5125443081174058,-0.08897025254220542
0,-0.14021237374635942,0.9133598299447097,1.4729892888740395,0.9133598299447097,1.0,1.0,0.0,1.0,0.0,1.0,-1.064935118876151,-0.32224131725101535,-1.4746126176864989,-0.20386774886519496,1.1431193409787384,-0.029619937908765215
0,1.0422992779935625,0.980049373607675,1.8142696864034782,0.980049373607675,0.0,1.0,1.0,0.0,1.0,1.0,-1.249343553459653,-1.1249518323573846,-0.8591695535228974,-1.0323031480911307,-0.6447287720460313,1.143018528863676
0,2.62876036366989,3.7928994448042888,-1.7650408468046854,3.7928994448042888,1.0,0.0,0.0,0.0,1.0,0.0,-0.11061673109170299,-0.8177759541001997,-0.9539826687001983,0.5643568811834985,-0.24792672716697223,-1.0747905252621879
1,0.06638977977003979,-1.4941743497050324,-1.4941743497050324,-0.023736243765324683,0.0,0.0,0.0,1.0,0.0,1.0,-1.2627290066793815,0.014441667975284858,0.6961501675992119,0.11639922179765964,-0.812700306612774,-0.3319073922911569
1,2.436456396672627,1.794094259119025,1.794094259119025,3.765651336276368,1.0,0.0,1.0,0.0,1.0,1.0,-0.9142178528831367,1.7953588417452464,-0.46711219502990564,0.0964984306532417,-1.1283850626375025,-0.23743899433229212
0,-0.7665791715101005,0.5234788292259096,0.7065169007767024,0.5234788292259096,0.0,1.0,1.0,1.0,1.0,1.0,-1.144063848561184,1.0685120865976447,0.8800801977070344,-0.532299800897696,-0.7952569536930438,0.3276780802917314
0,0.5767870746024133,0.4366153412434277,-1.8768637259880228,0.4366153412434277,1.0,0.0,0.0,1.0,1.0,0.0,-0.2683110544513553,0.6350836570486249,1.0861156729690329,-1.1992425503871615,0.8128401554545218,0.7207412207070122
1,4.167903923795664,2.9588048484634872,2.9588048484634872,4.73900819702137,1.0,0.0,1.0,0.0,1.0,0.0,0.86528723646595,-0.5539148204440124,-1.572228977659516,-0.5296300718646227,-0.31378820078439157,-0.5282142162056078
0,2.0910818210760196,2.3097233413194838,0.2136848447575257,2.3097233413194838,0.0,0.0,0.0,0.0,0.0,0.0,-0.014386629572949018,0.9847978915815959,-0.6358031639312445,0.19751210893785714,1.3966734698338625,0.24356316298582614
1,6.052252280535671,4.331193446527697,4.331193446527697,6.034479793909651,1.0,1.0,1.0,1.0,0.0,1.0,0.6887920329779988,1.6437320309197077,0.8485843892924733,0.8962362586429968,0.7199914447212332,0.7483748790601212
1,3.0172923081583036,0.8109963804572513,0.8109963804572513,2.7947127514035803,1.0,1.0,1.0,1.0,1.0,0.0,0.3828558949526974,-1.5536050086820148,-0.6580131859071129,-0.6717891835969473,0.0011147327530213191,-0.8085280387263836
1,2.7324604810509734,0.15878405276510432,0.15878405276510432,2.5245247019398973,1.0,0.0,1.0,0.0,1.0,1.0,-0.6004863229590797,0.20171524496084325,-0.7773161189433713,0.08510351903615732,0.5958017547894986,-0.5622945605120798
1,2.335143936191626,1.3199805642200855,1.3199805642200855,1.3248313078095522,1.0,1.0,0.0,1.0,0.0,0.0,-0.32363056956342323,-0.9508164339734264,1.3108727329842023,1.2495382938390232,0.6930192795734825,-1.2617750813983095
0,4.817159604135869,8.117244231997748,4.225458046532756,8.117244231997748,1.0,1.0,0.0,0.0,0.0,0.0,1.9320448126016903,1.2721301766155912,1.9151032022690984,-0.9109154320419403,1.306719165256599,1.9752344536906579
0,5.4772252882973955,6.837003145595842,4.9105865398740285,6.837003145595842,0.0,0.0,0.0,1.0,0.0,1.0,1.444417046149753,2.618843028152045,-0.05209026172942555,1.2679522846644762,0.607068327222752,1.4003594554643235
1,0.2066361405067938,-0.3593224652349415,-0.3593224652349415,1.5761709558116563,0.0,0.0,1.0,0.0,0.0,1.0,0.12937855670704668,-1.036328401837429,-0.4967627114656738,0.3791861552792753,1.8679792909004,0.19700975899187045
1,1.9629498481715855,-1.263943668222786,-1.263943668222786,1.3831436955688983,1.0,1.0,1.0,0.0,1.0,0.0,-1.5765944425964922,-1.1726338957914582,0.5655836760858092,0.6251650241795428,-0.017988860227555747,-0.7357462439048478
1,5.611549180501385,1.1218354652507605,1.1218354652507605,2.4883820896259286,1.0,0.0,1.0,0.0,0.0,0.0,1.2080580210980432,-0.18304137914119606,0.38062808901615963,-0.8196488253686153,-0.765825874581014,0.045632815824063366
1,0.08164130028955174,1.5219805408959413,1.5219805408959413,2.9808864339095553,0.0,1.0,0.0,0.0,1.0,0.0,-1.0908287059942956,-0.18690395636510704,-2.596657224829898,0.5953327986683445,-0.26837086081335926,-0.013428000128004491
1,2.482993394526948,0.9360468143348445,0.9360468143348445,0.9691346862927648,0.0,1.0,0.0,1.0,0.0,1.0,0.7404690504642374,-1.1183272398246549,-0.4707326434772299,0.06848923901079856,-0.4993197131499187,-0.915681182214996
1,4.306160495435068,1.414556760410046,1.414556760410046,4.04346554265172,1.0,1.0,0.0,0.0,1.0,1.0,-0.06969597727754243,-0.054339207548911306,0.49972130929958425,0.6886615108373881,0.8753430001943954,0.7786236160979727
1,0.4427139427158452,1.5483106661535955,1.5483106661535955,2.1090665759546776,0.0,0.0,1.0,1.0,1.0,1.0,-0.13767173703704544,-0.07913230636871008,1.0082288921162954,-0.4605602353605315,-1.7240732662231228,0.9696365586238176
1,-0.8803919328026606,0.7873095178858485,0.7873095178858485,-0.9841057861173801,0.0,1.0,0.0,0.0,0.0,0.0,-0.9217993295512417,-0.10624971863506674,0.4484919726193002,-1.0520205390172173,-1.0746248265980407,0.17865915981082875
0,-1.5369910356928724,-0.8594516652499344,-1.5448575782464835,-0.8594516652499344,1.0,1.0,0.0,1.0,1.0,0.0,-2.386529600477269,-2.9793437606302087,-3.7371185824211564,-2.2881976251473732,-1.5653739587626208,-1.220869802181836
0,3.1240242628443573,5.1106655674613295,3.8318366459556383,5.1106655674613295,1.0,0.0,1.0,0.0,0.0,0.0,0.8856035999602091,0.10277583825686931,0.7437592572740903,0.14186845822508737,0.6826449308586309,0.25234379997073275
1,6.610015537138823,5.089481640973547,5.089481640973547,7.660249638567968,1.0,1.0,1.0,0.0,1.0,1.0,1.0617635790408184,-0.8197172251028848,-1.9317285796522048,1.6954211231416996,0.678622812589143,-0.4762583330068789
0,2.3644552344640517,4.080376868978334,1.7348378584860953,4.080376868978334,0.0,0.0,0.0,1.0,0.0,0.0,0.6115620376097978,0.8885122940516311,-0.9853323736043658,0.5490527990333354,0.5620980945836074,1.8258014046750588
1,2.2046814512949418,0.19135989956154686,0.19135989956154686,3.7359206863845076,0.0,0.0,1.0,1.0,0.0,1.0,1.6161482490624033,-0.18059097848321737,0.27635760509705914,0.6981764632355925,0.16836508614105988,0.4736138092837955
1,6.132278627361261,4.230154630295591,4.230154630295591,4.598298467247627,1.0,1.0,1.0,0.0,0.0,1.0,1.5416106882847076,-0.3788174313422872,1.4599962005764933,2.373137749179624,0.8410424866348121,2.111034966681802
1,2.1926387602678776,0.03340012372436507,0.03340012372436507,0.42733369824590905,0.0,1.0,1.0,1.0,0.0,0.0,-0.47635624452201675,0.6048617864905855,1.382702916100813,1.2610745281560813,0.0574867322412439,0.7978561425137265
1,2.7429449469000633,0.7765135170633617,0.7765135170633617,1.0730795699797726,1.0,1.0,0.0,1.0,1.0,1.0,-1.0632980723622718,-0.5105022845167444,0.2095030855462462,1.3255498109861787,-0.005854573180934686,0.14401097529722906
0,4.544867140129163,6.647404423235302,4.468632807008408,6.647404423235302,1.0,0.0,0.0,0.0,0.0,1.0,2.895866218274059,-0.026497071756001845,0.011822128217888028,-0.4248311013504141,0.32206276244142507,-0.09686823004622871
0,-2.110443393351228,-0.3631252132122592,-1.9606326885110716,-0.3631252132122592,0.0,0.0,1.0,0.0,0.0,1.0,0.6960261719158906,-1.3562121704034262,2.9110320168865225,0.8430145417294709,-1.111801649079149,1.5274638197957797
1,0.815763586081331,0.7217567968273815,0.7217567968273815,2.7743413220179196,0.0,1.0,0.0,0.0,0.0,1.0,0.2992510366351492,-0.11631753474317191,0.9652986665359657,0.46583227314677567,0.6723223678189838,-0.08965967614892578
0,6.245425970660097,8.747612042848044,7.62460971821128,8.747612042848044,1.0,1.0,1.0,0.0,1.0,0.0,1.9532675097501593,1.6635884388135396,0.6904294175969334,0.04699644211906767,1.1975685081692848,0.6826117461274972
0,1.9963998210221283,2.4365343095414893,0.28547668041074054,2.4365343095414893,0.0,0.0,0.0,0.0,0.0,0.0,-0.6052436364067167,0.20288754693172878,-2.264423228258291,-0.5858396933564834,-0.0011341032575864496,0.24272993888771166
1,4.4954097060697995,2.210443977379552,2.210443977379552,1.5027720237649398,1.0,1.0,1.0,1.0,1.0,0.0,-1.6770453532103013,0.6151177296747475,-1.2875168998489555,-0.9821426719030344,0.23961635678397564,-0.5570227653610607
1,3.180042260665661,2.6876131733748965,2.6876131733748965,3.5586047816979347,0.0,1.0,1.0,0.0,0.0,1.0,-0.29249345024554063,1.676676235418146,0.9315372157621624,-0.10358936061997856,0.33326730489894396,0.1521632701796095
1,0.9416441364358261,-0.27183772329359746,-0.27183772329359746,-1.4839554644962425,0.0,0.0,0.0,0.0,0.0,0.0,-1.4803959915501639,1.0676518757952955,1.1103020452723609,0.7780884100834173,-0.06070045942840252,0.7093945222074742
1,0.9799050340240374,2.0636780165856328,2.0636780165856328,2.492999245413211,1.0,0.0,0.0,1.0,0.0,0.0,0.005197602660965077,-0.7732998365307773,-0.3446038112601002,-0.6742235995641398,-0.808750900544186,0.7045658120344922
1,4.798341555331419,3.532711504392399,3.532711504392399,6.235587895351429,0.0,1.0,1.0,1.0,1.0,1.0,1.070766774393711,-0.4663678615454041,0.01665826111740914,1.6023925364570413,1.173043239659449,0.5943124457303454
1,1.9575389209475311,0.18458385460212723,0.18458385460212723,1.939975963820519,0.0,1.0,1.0,1.0,0.0,0.0,-0.07258941949034761,-1.351718457278354,0.4947926683496733,-0.4142211334496746,-1.9468644685819931,1.596490516745182
1,5.398820425746423,2.509353337190934,2.509353337190934,3.901126192478383,0.0,1.0,0.0,0.0,0.0,1.0,1.3804501430661944,0.3357828966456875,-0.6736206035526134,2.647000123740316,-1.11092335279834,0.339625222558144
0,-0.5851107623999852,1.1381603728872531,-0.7234579403987522,1.1381603728872531,0.0,0.0,1.0,0.0,0.0,1.0,-1.002915254070487,-0.3931968355870959,0.33523285888867344,-0.5556920576824538,-0.038496686764590476,0.7528367400505933
1,0.8985843034542542,-1.6435914804654548,-1.6435914804654548,1.6494888911497365,1.0,0.0,1.0,1.0,1.0,0.0,-1.4348654462333037,-0.9748803129654775,-0.4566931469615111,1.2972781694731053,1.2636669989019174,0.711643093549384
1,1.3413570260419418,2.401738150469074,2.401738150469074,2.537882541345705,0.0,0.0,0.0,1.0,1.0,1.0,0.18838567406606313,0.3824239866364303,0.5716226087832802,0.8746388367404768,-0.6499701931667826,2.184373319488253
0,-0.3057502768048761,4.641458143735025,1.5294045324299246,4.641458143735025,1.0,0.0,0.0,1.0,0.0,1.0,-0.014640698440568957,1.3591446257616484,0.880841593222105,-1.283083033194543,-1.569874859253083,-0.4076876175992936
1,4.627760887493164,4.101326614651446,4.101326614651446,6.924730046345715,1.0,1.0,0.0,0.0,0.0,1.0,1.65270396802233,-1.4367670480006343,-0.33509979089839037,1.3113077647734857,-0.24440431373448618,-1.5639246839655243
1,5.004477200548417,3.39350077998187,3.39350077998187,3.5145740472691047,0.0,0.0,0.0,1.0,1.0,0.0,0.8090712128108993,1.2879581702381664,-0.37104025052913275,0.8213364340698821,0.15759842828699944,1.0789652727638037
0,2.7610273148004945,5.5059350650418395,4.068660984597362,5.5059350650418395,1.0,1.0,0.0,0.0,0.0,0.0,0.9720458078022093,1.4581305701240805,2.426670051611368,1.5223647181014224,1.1479985349292907,-0.11863169942487817
1,6.001182598390538,4.723655899390486,4.723655899390486,5.86177380067031,1.0,1.0,1.0,1.0,0.0,1.0,1.3732887511783178,-0.22296052067033817,-0.262277962290435,-0.723376515106313,0.7644298880712922,-0.1271237736765582
1,2.2200285528790844,-1.2419126756810754,-1.2419126756810754,2.722349559217672,0.0,0.0,0.0,1.0,0.0,1.0,0.010988183327788077,1.1434133995904598,-0.07034022335147472,-0.3446232197416446,1.323143433254316,0.959404909598552
1,2.977808541809579,0.6470982637180063,0.6470982637180063,0.9145034816197736,1.0,0.0,1.0,1.0,0.0,0.0,-0.7042092466556612,-0.3969347381952133,1.3034490491964628,0.9589050952816831,1.2779729991762927,1.901217834996245
1,2.6089288505672825,-0.2062333607168786,-0.2062333607168786,2.1629999929399215,1.0,0.0,1.0,1.0,1.0,1.0,-0.2864141360138869,-1.2062011404608897,-0.3068171149908484,0.358712597666794,-2.0913482550727425,0.10533526125593617
1,3.259219198654055,1.5362789822160572,1.5362789822160572,4.108435287118514,0.0,0.0,1.0,1.0,1.0,0.0,1.4211834912359496,0.524180564746229,1.5527710216227477,0.37454067538229796,1.4135377196009218,-0.210671379515192
0,3.5324706038673552,4.292304298373587,5.3488994977081745,4.292304298373587,1.0,1.0,1.0,0.0,1.0,1.0,-0.6202571779659246,1.1641794415767945,-1.4901638281226404,-1.1315409850257456,-2.2041190869745173,-0.9173151752779994
0,2.1707432882706272,4.958744583504531,2.8842381208360726,4.958744583504531,0.0,0.0,0.0,0.0,1.0,1.0,1.7046602915661724,0.5303439015991502,-0.27011077674558015,-0.7455781101091534,0.9372725493947202,0.7254542763838754
0,-2.189981732520211,0.08137659876460612,-1.450590518651024,0.08137659876460612,0.0,0.0,1.0,1.0,0.0,1.0,-0.5405849891524245,-3.199179238616125,-0.8512653206973921,0.4371222921232206,-1.5788676622099076,-0.9812602856815141
0,2.90508525282982,5.229725476446154,2.4487499019207437,5.229725476446154,1.0,1.0,1.0,1.0,0.0,1.0,-0.30787287852743106,0.7629668182146728,0.8675547165105132,-0.2578462234853349,-0.5638093048751107,0.6436440766936222
1,0.7920909277670634,0.5993630045883198,0.5993630045883198,2.4681654043150374,0.0,0.0,1.0,0.0,1.0,0.0,-0.44282512784930045,-0.44127978466548823,-1.5785082123238205,-0.34842182512416225,-0.25905827254105795,-0.03800170627388899
0,-1.8263686596468385,-1.1989808686375532,-0.17185128213773204,-1.1989808686375532,0.0,0.0,0.0,0.0,0.0,0.0,-0.9990587755420524,-0.03612157231463109,-0.15996234057688624,-0.7185141079223754,-0.26233730439785163,-0.5397710707006445
1,4.359221859214321,2.354450309715145,2.354450309715145,4.070926295217678,1.0,0.0,0.0,1.0,1.0,1.0,0.6654231867023591,-0.8740234990118985,-2.2410405954890678,0.12116834050634684,-0.20887265425729717,-1.0598298396923784
1,-0.2722836134403376,-1.8056701451282444,-1.8056701451282444,-0.5220279732088491,0.0,0.0,1.0,1.0,0.0,1.0,-1.4054072129228292,-1.4662425695178074,-1.2885082437911575,-1.2892181604226318,-0.5065664588789209,-0.6415883564982424
0,-3.376817852742096,-0.1336176335814605,-3.6454053104780026,-0.1336176335814605,0.0,0.0,0.0,0.0,0.0,1.0,-0.9369697258567101,-1.158115916941069,0.6449773444054694,-1.337824035494385,-0.31126689822373194,-0.45627789071616054
1,4.470304801151588,2.560616981586106,2.560616981586106,3.71841890469118,1.0,1.0,0.0,1.0,1.0,1.0,0.570260159547211,1.0679176489595887,0.7019493683050206,0.0658517286596007,-0.7713948504244086,0.7714386666670203
1,0.6418747079057913,-0.25004433016218797,-0.25004433016218797,1.4428984313393003,0.0,0.0,0.0,1.0,0.0,1.0,-0.3845725426126505,0.345657756565551,0.3657211217570311,-0.9361389799889849,-0.2438407642255333,-0.6649868344323859
1,-2.0682508783650713,0.08600798670771903,0.08600798670771903,0.79177349945177,1.0,1.0,0.0,0.0,1.0,1.0,-1.2562867218457925,-1.2004460991344779,0.8130214592784084,-1.0520617691054315,-0.5619905589047646,0.6102240894502893
1,5.816530559025602,2.6358823247821377,2.6358823247821377,3.799667455588849,0.0,1.0,1.0,0.0,1.0,1.0,2.011551205340446,-1.0779189710596644,0.9468270935117344,1.4214919552239778,-0.20341461750939394,-0.9586810335540146
1,2.1838653625504203,0.5607028928524448,0.5607028928524448,3.3160427932550682,1.0,1.0,1.0,1.0,0.0,1.0,-0.06909137763530562,-1.705504354130029,-0.35255184061451417,-1.9100850016549509,-2.5002223788738807,-0.8479124971201315
0,1.6679293678546716,1.2758846740142544,0.2094391394932298,1.2758846740142544,1.0,1.0,1.0,1.0,1.0,1.0,0.1669904257920724,-0.10159805811221528,1.2315236832177012,-0.2539170632896733,-0.31787770470708665,0.0036179463381686428
0,-0.15901813412656013,1.0498817539383951,1.1434440580299188,1.0498817539383951,0.0,1.0,0.0,0.0,0.0,1.0,-1.0243671242567898,0.2989399401815656,-0.3594923950542829,0.26086646786593715,-0.24279314703206523,0.21402241413463682
1,2.5314135161488984,2.5060416377998833,2.5060416377998833,1.3619537601507716,0.0,1.0,1.0,1.0,0.0,0.0,0.5704374006978312,-0.4978235455047979,-0.23294272675007988,-0.11296269947756099,2.175663077907284,0.4776561528457381
0,-0.15144532395148314,2.157953432493562,-0.11792709612164742,2.157953432493562,1.0,1.0,0.0,0.0,1.0,0.0,-1.4160291437057568,0.30489796098612326,-0.025087906552839934,-0.04283201603735805,0.6017346522653741,-0.05399562532792651
0,1.7748357957995353,1.2879737935674571,2.5160503884751164,1.2879737935674571,0.0,1.0,0.0,0.0,1.0,0.0,-0.42862068832698985,0.23094496123970104,-0.7483286295514671,0.42862073269076995,0.5955833652491388,-0.12151399908728885
0,-0.7978250046433686,-1.6669058464949127,-3.1380718441515913,-1.6669058464949127,1.0,0.0,1.0,1.0,1.0,1.0,-2.497419325163809,-1.3712336812668493,0.11038334794671512,-0.8358688121125621,-1.0450251868855696,0.27191048034633525
1,2.664980376498178,2.1037638726543744,2.1037638726543744,2.7954807582198518,1.0,1.0,1.0,1.0,1.0,1.0,-0.3343179375890249,-1.4762937034253842,-0.5749920889341373,-0.0364512149208088,-0.739104592858064,-0.3027391636913685
1,-1.56592715491014,-1.6748095557496772,-1.6748095557496772,-2.6281422444965106,0.0,0.0,0.0,0.0,0.0,1.0,-0.31525706641645324,-0.46462825847105454,1.4398812039480997,-0.4454034898180664,0.4500520060280431,-2.0702426191843406
1,-1.3327940321963718,-2.2749383327631696,-2.2749383327631696,0.31634150351184387,0.0,1.0,0.0,0.0,0.0,1.0,0.0202569431595724,-1.7943819136476802,0.5121826129443059,-1.238682417829169,-0.9605333701774947,-0.8223483139074379
1,1.7871677236761692,-0.051983331694502866,-0.051983331694502866,2.354119897652612,1.0,1.0,0.0,0.0,1.0,0.0,-0.5027926214303874,0.14435973008535716,0.9777067895562996,0.5000861079501984,0.05156885669345607,0.257761690950383
1,6.663491814073823,3.8500939345155487,3.8500939345155487,5.918400604772606,1.0,1.0,0.0,1.0,1.0,1.0,0.5717427414981514,0.4180429146533706,0.3401338415450046,0.09426458326971544,-0.1389637975596354,-0.042469076255528204
1,3.622632287171596,1.1586245131003852,1.1586245131003852,2.7823784827891265,0.0,1.0,1.0,1.0,1.0,1.0,0.1576272377416121,1.1678983116681472,0.784079318900275,0.2885879419231995,0.7502916136525117,-0.6391426898540649
1,1.066140060525439,1.2635275316492276,1.2635275316492276,2.7003098233681753,1.0,1.0,1.0,1.0,0.0,0.0,-0.6591571636443381,-0.09298772767275176,0.20828363042725345,-1.1216198725699018,-1.7721365315330773,-0.7027657767437286
0,-1.5733666717793122,0.030753976819837714,-3.4844415924656413,0.030753976819837714,0.0,0.0,0.0,0.0,0.0,0.0,-0.9739938452680716,-1.630162402440233,-0.1803340199428749,-1.7538518943912649,0.526169978001108,1.0188156055622117
0,2.870716248668851,4.944835588143677,3.8464243203183845,4.944835588143677,1.0,1.0,1.0,1.0,0.0,0.0,0.05379807171189161,1.7597548579248294,1.914672930468958,2.78904502059572,0.8401433125627975,-0.2591324624716702
0,-1.7712057411447037,1.002952096152728,-0.7714522125381436,1.002952096152728,0.0,0.0,0.0,0.0,0.0,0.0,-1.1678668969408763,-1.5813971331427972,-1.354909236309717,0.6449821568127341,-0.3080014406383665,-0.028531107903230435
1,4.389652492940149,3.679180826802452,3.679180826802452,2.526791422757549,1.0,1.0,0.0,1.0,1.0,1.0,0.16366682017029063,-0.7119848606066945,0.5716358281560849,0.3230007048666061,-0.6546700516058737,0.23835873848552896
0,4.325019660369222,7.97224902866765,5.09690109315231,7.97224902866765,1.0,0.0,0.0,0.0,1.0,1.0,2.726537625511123,1.582814051188278,0.020780179561668555,0.08378454583864126,0.7935426833925547,1.7027521607458096
1,1.0944503520787445,0.002723886555694402,0.002723886555694402,0.9896215243127703,0.0,0.0,1.0,1.0,0.0,1.0,-0.7369564912584226,-0.5032470222521105,-1.1775389105368501,-0.5758042554182087,-0.09711112045810366,0.535979584645166
1,2.62701569764047,0.7677387028174769,0.7677387028174769,3.517201719575697,0.0,1.0,1.0,0.0,1.0,0.0,0.23283575240281712,-0.7617230740713158,0.3716906907524213,0.4041950278314213,0.0023231531953957357,0.5251666728818745
0,0.6515305335649264,0.5832427293966597,-0.8969565090373217,0.5832427293966597,0.0,1.0,1.0,0.0,0.0,0.0,-1.2361343046469124,-0.8099948400040454,-0.8724812943138124,-1.0233218515893807,-1.4544331584834294,-0.06740364302461777
0,0.6109491621505081,2.9951875994790043,0.7761596176578637,2.9951875994790043,0.0,0.0,1.0,1.0,0.0,0.0,-0.3176108208571039,-0.20785497100886458,-1.6809202285567117,0.4576516861802809,0.8568443189199196,-1.0259168838401755
0,1.419069598447317,4.680066760428386,1.947391440089248,4.680066760428386,0.0,1.0,1.0,0.0,1.0,0.0,0.7604635863495659,1.130167375145719,1.1903901328243813,-0.06265692908976403,-0.854168708743678,-0.9159062534113644
0,-2.743067870191158,-0.2553012096456094,-0.981615826258605,-0.2553012096456094,0.0,1.0,0.0,1.0,0.0,0.0,-0.7151264248843584,-1.3538549594047233,-0.3310497524982232,-0.5054757338103787,-1.423311327181714,-1.645255913003884
1,0.5424771030429644,-1.2855882580955271,-1.2855882580955271,0.14078675029769577,0.0,0.0,0.0,1.0,1.0,0.0,-0.18532751492116328,-0.9927272870903152,-0.09104036746183358,-1.5446867599694218,0.3223207432506102,0.7329074495542545
0,0.08868822913611346,0.8300883085291942,0.6280395110787013,0.8300883085291942,1.0,1.0,0.0,0.0,0.0,1.0,-0.4021557325663595,-1.0865076327688858,-0.6153635091511018,-1.2473088757760382,0.03312014029969723,-0.6841550610538183
0,1.2066380056595116,5.102476749352782,2.8599981945872743,5.102476749352782,1.0,0.0,0.0,0.0,1.0,1.0,-0.03626175598651173,1.8812446412215889,-0.1542793773710467,0.265570894651633,-1.1364276957402573,0.40664878330944865
1,-0.6523473126903379,-4.589576075982604,-4.589576075982604,-2.0003334664529233,0.0,0.0,0.0,1.0,0.0,0.0,-0.7509980002634955,-1.4021685876103596,0.6868072177306759,-0.16763379011678514,-1.721997593281729,-0.0017423059492167048
1,7.876492050851281,2.601278347862655,2.601278347862655,4.389767964639964,1.0,1.0,1.0,0.0,1.0,1.0,0.7028305017065793,-1.1132878779708641,0.42907242510819676,1.5148161588030624,-0.1636376212757797,1.6707092072359058
0,0.4094144232961916,1.205226357882115,-1.0668178686146794,1.205226357882115,0.0,0.0,0.0,1.0,0.0,1.0,-0.5032605000717179,1.077452747744292,0.7855974154958492,-1.0703327350463534,-0.1586095331915927,0.4855622991440245
1,3.6480734152540446,0.8363295785776922,0.8363295785776922,2.7222304873749312,1.0,1.0,1.0,1.0,1.0,1.0,0.5162110501939681,-0.7993866371315683,0.8741627962283641,-1.829276200115796,0.5695359513432646,0.8562999087791374
1,6.074231789503047,3.6459585544683453,3.6459585544683453,6.26909752979608,1.0,1.0,1.0,1.0,0.0,1.0,1.086961526871238,-0.575595258245546,-0.24983009685204846,1.9376055232516474,0.20609871067286809,1.6292216959263466
1,0.8415706455933513,-1.1613972365451004,-1.1613972365451004,1.2931884023807036,0.0,1.0,1.0,0.0,0.0,1.0,0.6601588959563882,-1.1302983041213377,0.46775880887036064,-2.381945286296105,-0.4652830283952993,-2.211289428053866
1,1.6031584144410063,0.9502315623468647,0.9502315623468647,1.9136901553879433,0.0,0.0,0.0,1.0,0.0,0.0,1.0705599736902334,0.2825791841515088,1.0243828986810057,-0.553261739483542,1.1930895028884496,0.1258363026356964
1,3.368223275263508,1.495598310471436,1.495598310471436,5.14804013843406,1.0,0.0,1.0,1.0,1.0,0.0,0.8877351103445259,-0.5109167614335036,0.07577449154577887,1.3379065803806478,-0.2009442127632271,-1.787033727331866
1,7.083213100256905,5.425676608771077,5.425676608771077,8.028288636830947,1.0,1.0,1.0,1.0,0.0,0.0,2.0595641241586935,1.4847794091951958,1.6433813462999578,0.42064012741118345,0.08971239241109563,1.2353356588587707
1,1.7337012885025547,1.0317927087144665,1.0317927087144665,1.332598456045745,1.0,0.0,1.0,1.0,0.0,0.0,0.2713009835561831,-0.0813111793006277,-0.5932650671814854,-0.551760606402675,-0.014286430026674513,-2.4111938084073703
1,1.770286757177844,1.8863610796052643,1.8863610796052643,2.661777376807044,0.0,1.0,0.0,1.0,1.0,1.0,0.7052936199499884,-0.5598916313030207,-0.2523007142165917,-0.05630995035979072,0.8063452307495252,-0.8536643073190514
0,2.6106643664531424,0.2848873168110211,1.3585088933400231,0.2848873168110211,1.0,1.0,1.0,1.0,0.0,0.0,-1.2302555496558267,-0.4894427059503004,-0.13606974198816535,1.2602212728656594,-0.7073623457132047,-0.380143229693169
1,0.5307281597002513,0.04640700182686494,0.04640700182686494,0.26745095444547795,0.0,0.0,0.0,1.0,0.0,0.0,0.45259504881482554,-0.44534388411007403,-0.33592502678582126,-0.4787107025131073,-0.602245734550694,-0.8613929912846467
0,-1.5489850386478874,2.2767947487987046,0.19187533965744724,2.2767947487987046,1.0,0.0,1.0,1.0,1.0,0.0,-0.0399849911620302,-1.6697691711476486,0.7974910992468285,-0.012437908159153577,-0.8681394284791079,0.29940506112606413
0,2.4007585905678814,4.368477197460173,3.915316846698314,4.368477197460173,1.0,1.0,0.0,1.0,0.0,1.0,1.1567979107189896,-0.10630613655085697,0.7564945193449542,0.5356904630374129,0.7416667720216081,0.374301832964406
1,8.024184482501132,2.159688442735595,2.159688442735595,7.129130070323639,1.0,0.0,1.0,1.0,0.0,1.0,1.2924800595276842,1.9484283689311594,2.837595014215988,2.087809841905215,1.2392755371710529,-1.1128105572535558
1,1.728184855545863,1.1623486284734934,1.1623486284734934,2.0749672789984626,0.0,0.0,1.0,0.0,0.0,0.0,0.3268179736228118,-0.3495322776348212,0.16574972849585845,-0.7582481891325491,1.8059154257957855,2.8599482781486825
1,1.0377760171956734,0.7368262623381077,0.7368262623381077,4.035653948743058,0.0,0.0,0.0,1.0,1.0,0.0,0.8831684051799241,0.47001818061567,-0.27767766294483953,1.2639738441019384,1.5251156192425792,0.8888253787569078
1,3.797256808885572,2.84112354897823,2.84112354897823,3.8739540253310665,1.0,1.0,0.0,1.0,0.0,1.0,0.6459760744045534,0.7002853950970733,1.0147952197924042,-0.2933384099976788,0.13042838179130484,0.45100872041130224
1,2.6434623548784515,1.7406826742517403,1.7406826742517403,4.522067538898934,1.0,1.0,0.0,0.0,0.0,0.0,-0.28534656479258524,-1.6160531636930089,-1.0448688692179608,1.107769930230564,-1.5789533420424329,-0.8240039110943427
0,0.2261075151294618,2.9334055399227994,2.0568108494973356,2.9334055399227994,0.0,1.0,0.0,1.0,1.0,1.0,0.08931902252969477,0.373667930305578,-0.21148353600658987,-0.4297957598992961,0.8199714605407271,-1.114906501657416
1,3.9037421699718418,2.66072544814554,2.66072544814554,6.2411708145108395,1.0,0.0,0.0,1.0,1.0,0.0,1.0767145693113127,-0.3893391890297881,-0.16224494850880444,1.7403613339777317,-0.5863754325508327,1.1372479904419195
1,3.129102534270531,-1.3484641980216316,-1.3484641980216316,2.1665157862971096,0.0,0.0,0.0,1.0,1.0,0.0,0.8560843235603871,-0.6482241951968813,-0.8218951298833229,-0.3756575335472302,0.25500208159594273,1.388026177702262
1,-2.4112548294839327,-1.1596168636589341,-1.1596168636589341,-1.5419241377298718,0.0,0.0,0.0,0.0,0.0,0.0,-0.5029999080451695,0.24465280695347372,1.7118438336878836,-0.3755594129433683,0.6568942426577397,0.1599484434651981
0,2.176150764896241,3.3176849243433284,1.8588047656547309,3.3176849243433284,1.0,1.0,1.0,1.0,1.0,1.0,-0.4970615743006538,0.15121400001117205,0.47932496923106893,-0.20852861977272955,0.3284943209940637,-0.2540727107546743
1,2.0566421129508043,-0.05261793002800075,-0.05261793002800075,2.124619247085971,1.0,1.0,1.0,1.0,1.0,1.0,-0.7616706552131937,-0.7344908276474025,0.4723953166072784,-0.8707428753065057,-0.3654421506984817,0.35673584170518535
0,-0.18249646807148018,2.7434226237055936,2.632670881771888,2.7434226237055936,1.0,0.0,1.0,0.0,0.0,1.0,-0.6970508700267277,-0.27585883559983965,-0.16689695427731732,-0.3278360293423774,-1.76464048642916,-0.4023123063037194
1,7.365495905714261,5.705556712153163,5.705556712153163,5.970064178242202,1.0,1.0,1.0,1.0,0.0,1.0,2.1130998599281563,0.5342803087892478,0.04309790823872132,0.5717983192427551,0.1704806412034729,0.18846394704457156
0,-2.1511879890609134,0.7502960201534357,-2.0923360811502745,0.7502960201534357,0.0,0.0,0.0,1.0,1.0,1.0,-0.7736753682863486,-1.1853264541056965,0.2479258058765842,0.07113972365306187,-1.8672512916524737,-0.5267187743594561
1,2.608147147978856,0.3446337460884418,0.3446337460884418,2.030022984353193,1.0,0.0,0.0,0.0,0.0,0.0,0.04604770134686571,0.79195258946151,0.9023658134068939,0.11376122220008153,-0.1865144296369201,0.10840875814827089
1,-0.6677887878176059,-0.9221914016213918,-0.9221914016213918,-0.3342776120156161,0.0,0.0,1.0,1.0,0.0,0.0,-0.4718050590047132,-0.3270571574196258,-0.47172904303956653,-0.4059958990383805,-0.6469241063481139,-1.1030839073458818
1,0.7148398780127032,-2.114736122924915,-2.114736122924915,-0.9807740724477219,0.0,0.0,0.0,1.0,0.0,0.0,-1.3259535750946374,-1.090995021305058,-0.5460069687087652,-0.7031867232448075,-0.7063005281250894,2.376465403878606
0,-0.07074592362059642,0.12948890906426758,0.01953223893482886,0.12948890906426758,0.0,0.0,0.0,1.0,0.0,0.0,-0.27114343364930815,0.8400969372090666,1.3395668178533628,0.7240173915176717,1.3722329948041396,0.14265782275986438
0,-1.8966615749021636,-1.108072387260632,0.39280811066045984,-1.108072387260632,0.0,0.0,0.0,1.0,1.0,1.0,-1.221864782415258,0.7804121694920636,-1.0130882099211822,-1.3707492053507968,-2.2957145788752715,-2.341490709722841
1,2.883450849783711,1.5939868643993487,1.5939868643993487,4.837479755210381,1.0,0.0,1.0,1.0,1.0,1.0,-0.7117174972018241,0.8270277179302321,-0.49392332186213245,-0.33061430542841497,-2.0061007873110865,0.6877750633414457
1,1.8062356336514658,0.4244555842783731,0.4244555842783731,3.4162748851264686,0.0,1.0,1.0,0.0,1.0,1.0,-0.3403989673200433,-1.466922010004958,-1.1374022006114495,0.2938078294431861,-0.5069506846257905,-0.05640151130758142
0,0.6239781164263206,2.4336118997692795,1.2396341682983876,2.4336118997692795,1.0,0.0,1.0,1.0,0.0,0.0,-0.20393851606866997,-1.5464142621311439,-0.9152251583905749,-0.5240997706378013,-2.7693919820881816,-1.3726253356693587
0,1.7614870887880434,4.606235098130227,1.9820091706345064,4.606235098130227,0.0,1.0,1.0,1.0,0.0,1.0,0.025480443895516028,0.506583304266943,-1.6138133172043763,0.2648595623325466,0.47823502088528125,-0.8634520859347594
0,-3.0109392543875284,-0.5607970913887581,-1.4327922756121219,-0.5607970913887581,0.0,0.0,0.0,0.0,0.0,0.0,-0.4543197682652317,-0.8909877647161814,-0.9696206053942438,-1.66842930031549,-0.3367300014110392,-0.8356315208878056
1,1.2076856014693689,0.8024453473880546,0.8024453473880546,1.091084912772271,0.0,0.0,1.0,0.0,0.0,1.0,-0.10122263646708335,-0.49815795771031857,-1.0276549805053756,0.5895828672615867,-0.9037318796949033,-0.21013516853093134
1,0.7364137601403653,-0.08826775568849166,-0.08826775568849166,-0.4456463657516687,1.0,1.0,1.0,1.0,1.0,1.0,-2.152444878089512,-0.08655080526625922,-0.06674712743088052,0.3920799900592946,-0.6313425459553001,-0.20343141580784468
1,8.06318442377126,4.633900270689457,4.633900270689457,6.140822170992916,1.0,1.0,0.0,0.0,1.0,1.0,2.4665160522538785,-1.218969535767675,0.4394499842277564,1.1047278966122556,-0.14983798119046776,2.4707340420206223
1,1.0639405963603705,-0.34686393861954246,-0.34686393861954246,2.480570601138192,0.0,1.0,1.0,0.0,0.0,1.0,-0.41641466716644326,-1.0175316353520643,-0.20587346190121142,-0.5333971715408762,-0.1274101423360256,0.7282843039808844
1,5.193302544972812,2.814399097962063,2.814399097962063,6.477402390104127,1.0,1.0,0.0,0.0,1.0,1.0,-0.05211028548166197,0.3677905314781037,-1.2750162982157551,1.3011229292531772,-1.5291624596911026,0.17040768033318598
1,1.35927273928843,2.2515098075791173,2.2515098075791173,3.6427795306136455,1.0,0.0,1.0,1.0,0.0,1.0,-0.7748964565888532,-0.1066627368749315,-1.3116967750581456,-0.6528672353232851,-0.42838724352153995,-0.13361103675239877
1,0.674698628699284,1.0876795359448674,1.0876795359448674,3.5332174630129325,0.0,0.0,1.0,1.0,0.0,0.0,-0.11845593753808727,0.5625534904316953,0.4872591267006471,0.9557968039536017,1.3966516405466667,1.33255411461499
0,-2.001796150594012,0.9140077557585056,-2.1989167036043953,0.9140077557585056,0.0,1.0,0.0,1.0,1.0,1.0,-0.5533591050718274,-1.1361580003496752,0.20952496208116222,-2.674376355800661,-1.7864078900578781,-1.7330806167395454
0,2.821829372760652,2.9920670317699716,1.6032201699589677,2.9920670317699716,0.0,1.0,1.0,0.0,1.0,1.0,-0.020208934595303926,0.8951111137797267,-0.25361957249712047,0.22610298528351902,0.9030272747663636,-0.7471187515844786
0,-0.42080513850999013,-0.44528787182231877,-2.5012399612171716,-0.44528787182231877,0.0,0.0,0.0,0.0,0.0,1.0,-0.09174190940777714,-0.41846058787101237,-0.5428896904319976,-1.0808726840250629,-0.3840281818656653,0.7817083525038795
1,2.8858356583550484,2.4821943765974224,2.4821943765974224,3.2107837967994004,1.0,0.0,1.0,1.0,0.0,1.0,0.5777468463510459,0.039020590710992495,-0.3284918029320382,0.14569676098544948,0.33121581802295263,0.5523498664764355
1,3.2821670657749893,1.597897737428722,1.597897737428722,2.700603553301671,0.0,1.0,1.0,1.0,0.0,1.0,0.5448266491692284,-1.0743172446064335,-0.46710586194054404,0.38437403814676896,0.05254887881861969,-0.3603384275413351
1,1.791592644685354,-1.9102615340875986,-1.9102615340875986,1.4178251666795003,0.0,0.0,0.0,1.0,0.0,1.0,-0.8547410528142355,0.4595858851389515,1.2474983617918407,0.4290500677867414,1.5695267933129702,2.388550495927105
0,-0.17360968563715973,2.15979512911163,0.9107504675123052,2.15979512911163,1.0,0.0,0.0,0.0,0.0,0.0,-0.27298036061033126,-0.8460799256298517,-1.6069038942003924,-0.013470915196387725,0.22319248244806478,-1.1427679697332764
1,3.3838866518469137,2.116623069422902,2.116623069422902,3.656118795670798,1.0,1.0,1.0,1.0,1.0,0.0,-0.7796297798876224,0.8380249941671931,0.3070076224454915,1.6639254802531809,-0.29994759094706414,-0.16608576106909612
1,5.089702337793858,3.762091519097673,3.762091519097673,3.2180733635277674,1.0,0.0,1.0,0.0,0.0,1.0,1.2047816207272681,-0.5568089620109042,0.06398878285111154,0.15887030301489466,2.4658376233938837,0.1584770368178931
1,8.0873921437859,3.813182999781266,3.813182999781266,5.9822178726099455,1.0,1.0,1.0,0.0,0.0,0.0,0.19149381480149688,2.2427810617788753,0.3932514437575453,2.3204289950005137,1.5214838873156298,1.6283332411383014
0,4.083143346020092,3.4997297007992687,3.3215616767620846,3.4997297007992687,1.0,1.0,1.0,0.0,1.0,1.0,0.7731799180263209,-0.6646236377091147,-0.5663140627946941,-1.1153951275236702,0.3103687609772959,1.485829663481117
0,0.07260031969256409,1.3848377485231815,-0.36842090383714937,1.3848377485231815,0.0,1.0,0.0,1.0,1.0,1.0,-1.3175271486573472,0.27328954133256056,0.6214364499055942,0.2834197947937061,0.7462556207619311,0.31410272965290525
0,4.304320320278081,5.165071903353127,4.152741273050715,5.165071903353127,1.0,0.0,0.0,1.0,0.0,0.0,2.243850880996603,-0.21815318129985461,-0.588400596647952,1.1909370987658978,1.9637402527296006,1.0782485647866036
0,1.357846971666232,3.0627180390412208,0.6964564805106003,3.0627180390412208,0.0,1.0,1.0,1.0,0.0,0.0,-0.15995737060120693,0.6582695763883518,0.30664795193406263,-0.3623812732090961,0.5919880968707425,0.38862665302870497
1,4.400746150831318,5.692050556587663,5.692050556587663,4.26126682613236,1.0,1.0,0.0,1.0,1.0,1.0,0.6462718514631433,0.6757656698090108,1.5698653730410423,1.6755663952468236,1.3143944748950789,1.101578819404621
0,0.7991220317698695,1.92736542087385,1.547072628908778,1.92736542087385,1.0,0.0,1.0,1.0,0.0,0.0,-0.6064080234110332,-0.008079512524767574,-0.007805995664525334,0.28196181948527554,2.433823071011152,0.0082570454498484
0,-1.438823450806609,0.08155527158523634,-2.750657969426171,0.08155527158523634,0.0,0.0,1.0,0.0,0.0,0.0,-1.157287077682216,-1.0564215421077987,-0.74638340111016,-0.7355873193769281,0.29041874930217937,0.3923620556635812
1,1.3121749870556365,2.756072208350724,2.756072208350724,1.4987346439536022,0.0,1.0,1.0,1.0,0.0,0.0,-0.4452254275268973,0.3051240552169915,0.07826747064643269,-0.08541721290456472,0.7693602896745058,1.4881122743939752
0,2.1438880217212164,8.03260257054572,3.7905478268001658,8.03260257054572,0.0,0.0,1.0,1.0,0.0,0.0,1.4455763963144006,2.7020569444000335,2.118091775618181,0.9995236998748546,-0.31996507730809,0.3353765561032288
1,3.471565171924956,2.311555297442445,2.311555297442445,3.4308159907413525,1.0,0.0,0.0,0.0,0.0,1.0,1.2770796878151367,-0.7374819059922234,0.5497676753272064,-1.5469283815361397,1.7707621271580054,-0.09204653747486347
1,-0.7872335879193182,0.15346678219676138,0.15346678219676138,1.4405974769629941,0.0,0.0,0.0,0.0,1.0,1.0,-1.153487826782574,0.04829103699811721,-2.300705524520284,0.6353709891540559,-0.2981260465498724,-1.9197642205675098
0,2.3736239448096406,3.9811501971738577,0.9472735868634894,3.9811501971738577,1.0,1.0,1.0,1.0,1.0,1.0,-0.48227078124756023,0.09611276064530072,-0.7444899424399407,-2.111738714446623,-0.05962309388367665,0.10390535695039149
1,3.816201237360672,2.1793393246601793,2.1793393246601793,1.9512537450382792,1.0,0.0,1.0,0.0,0.0,0.0,0.12531010672074605,0.463336422708046,-0.43997979621643823,-1.1569563450001528,-0.0008295808027149465,1.5153001688457772
0,1.6877722984346772,2.4483918953485806,1.098649885288486,2.4483918953485806,1.0,0.0,0.0,1.0,0.0,0.0,-0.41186076074151645,-0.8343327998802537,-1.363570284584366,-0.40370229867245855,-0.6873911761790725,-0.8932405995321859
1,1.6960781009772314,1.4714190641466307,1.4714190641466307,2.018946122271824,0.0,0.0,0.0,1.0,0.0,1.0,0.8111695000373909,1.0541943964514808,1.4382693213311204,1.6979513734789293,0.4619739837960645,0.10887336349593646
0,1.6837011101244588,3.4108133907209393,1.1732663082257868,3.4108133907209393,0.0,0.0,0.0,0.0,1.0,0.0,-0.9129998238470783,-0.26510782412309447,-1.911389525204999,1.1767111083057906,-1.107269934894156,0.08733248273642313
1,4.1023795467478035,2.1092266319898947,2.1092266319898947,1.9111935223255347,1.0,0.0,1.0,1.0,1.0,1.0,1.171227471180109,-1.4588464818282596,1.036386690235907,0.06091543706053243,0.6374136198475232,0.9491681751805494
0,-0.5652312878192081,1.2586683366429396,-0.42951440845887306,1.2586683366429396,1.0,0.0,0.0,1.0,0.0,0.0,-0.14348155960288603,-1.5719814866223123,-1.191054083060835,-2.611855215870444,-1.8592904081517316,-2.294319593880651
0,4.344070520874704,6.186434051070649,3.6224600268719307,6.186434051070649,0.0,1.0,1.0,1.0,1.0,0.0,1.413981663709039,1.484702897653414,0.7959748886017194,0.8381932105957259,1.2108286794202483,1.2281967731862704
1,1.8511795677211254,0.6679975340934021,0.6679975340934021,1.7886783912595652,0.0,0.0,0.0,0.0,0.0,0.0,0.3587075824624655,0.48478358797152493,0.4752921001624206,1.2825695261971828,1.273461317826465,0.8340208109202809
1,5.984763826628238,2.966535410139147,2.966535410139147,6.159156860382309,1.0,0.0,1.0,1.0,0.0,1.0,0.48478286775691637,1.4074584360034241,0.848952602342687,-0.5393325692587021,-0.537106375422157,-1.7256669359094665
0,4.565619343325363,3.6964742307462934,2.2514131549501006,3.6964742307462934,1.0,1.0,1.0,1.0,0.0,1.0,-0.049708717251574046,0.08463828322572609,0.3523265998325583,0.02231835330963935,-0.6073649980966341,0.7815784591243716
0,1.6220361564206653,3.027580784207631,2.438529309272081,3.027580784207631,1.0,0.0,0.0,1.0,1.0,1.0,0.23403656650472895,-0.7480512630749196,-0.732384119783881,-0.7139735096876991,1.1660914721289664,0.13858212178900248
1,2.234404928194657,3.948718723802557,3.948718723802557,1.1530685232888882,1.0,1.0,0.0,0.0,0.0,0.0,0.25916713372755706,-0.8965805992449191,-0.4306461734499841,-0.46538205514479075,0.05253219917426498,1.250433836246589
0,-1.2868281668808406,-0.10293457742389855,-3.7679608860215907,-0.10293457742389855,1.0,0.0,1.0,0.0,0.0,0.0,-1.82786334327974,-1.7726018781756139,-0.7879891212509146,-1.6836386089110313,-0.5683316336631643,-0.8793626530454619
1,4.457982039448279,0.06085529177014104,0.06085529177014104,1.5756273154386444,0.0,0.0,0.0,0.0,0.0,0.0,1.1068160369647646,0.4027398214677049,0.8923817466216687,-0.04629252391612208,-0.06641384060583538,0.7681617984857882
1,3.235960841733861,4.485752873254825,4.485752873254825,2.0345064495981813,1.0,1.0,0.0,1.0,0.0,0.0,-0.022072539513648595,0.11066963193640272,0.18672630523996098,0.6051308116641236,0.8814454414356077,1.1428773190141057
1,2.7623886745357065,3.07629404878766,3.07629404878766,3.7387348679974544,0.0,1.0,0.0,1.0,0.0,0.0,0.30119043489873704,0.5338751113485899,0.10670237368262632,-0.3438531202934323,-0.16495149311616986,-0.18178823176242281
1,7.536746534344034,5.3833282863640335,5.3833282863640335,6.680596369853997,1.0,1.0,0.0,0.0,1.0,0.0,1.2510732649746077,0.6641578556099256,-1.4968794078797192,0.15488919774825405,0.39712998612175254,0.007402295826967414
1,3.763430733723356,0.9982547253899365,0.9982547253899365,0.8909901297712355,0.0,0.0,0.0,0.0,0.0,0.0,0.6495885180168809,0.8082112114607518,-2.661911330034708,-1.451082354028594,-1.9464090939021226,0.078787310342189
1,0.1309784421032325,-0.7850724529663059,-0.7850724529663059,0.2446478456306569,0.0,1.0,0.0,0.0,0.0,1.0,-1.2925340202185227,0.9950728095602702,-0.06747190982257056,0.03467873574950392,0.4208352239689208,1.0757558393993483
1,2.13937925033781,0.7851699076097521,0.7851699076097521,2.6854196891591653,0.0,1.0,0.0,0.0,0.0,1.0,-0.5440954349269561,0.7088935147389569,0.4959491266956666,0.8479245618362218,0.06201370572134235,0.9922871029380871
0,0.36529446823783507,1.9338443156812442,-0.31891621804619485,1.9338443156812442,1.0,0.0,1.0,0.0,0.0,0.0,-1.0694704134410804,-0.14262208186255654,-0.9899402064714803,1.0008823912363647,0.3223543320226755,0.42831881625635504
0,4.032757275130715,7.907724820603708,4.953587541092941,7.907724820603708,1.0,1.0,0.0,1.0,1.0,0.0,0.7482504450895001,1.569077067447287,-1.1344748092926382,-0.6186862049065653,-0.3236200327963997,-0.2251840321666887
0,4.630878714235153,7.29845162665664,4.680881484327846,7.29845162665664,1.0,0.0,1.0,0.0,0.0,0.0,2.2774092909550916,1.8450235650955888,-0.032838346363294635,0.5629319993117269,1.0468881954073914,0.9418347731496437
0,-0.4170088613597568,-0.08768072087918455,-1.8059756880180795,-0.08768072087918455,0.0,0.0,1.0,0.0,1.0,1.0,-0.7713097210066736,-0.3222049594883921,0.3278022907387056,-1.2160779273979563,-1.5257587140266902,-1.3505432510230482
1,1.5116838881788786,-0.47839904859410876,-0.47839904859410876,0.3721544122620708,0.0,0.0,1.0,0.0,0.0,0.0,-0.4079247289377957,0.19300504557049752,-0.14430844023936637,1.151343397998042,0.9339155730632346,-0.29414134209636555
0,-1.7667478712508473,1.906077335570139,0.7450079132938155,1.906077335570139,1.0,1.0,0.0,1.0,1.0,1.0,-0.3179183906329671,-0.5479473401922106,0.9103212435624765,-1.0306755542693697,1.0809822846924886,0.309850677337853
0,0.7944812432739206,5.984676256564898,1.2930987491459576,5.984676256564898,0.0,0.0,0.0,1.0,0.0,1.0,0.953223653273156,1.196735905519769,0.5582448493664272,0.9078352542412056,1.4250550918680178,2.2256221822399915
1,2.3671643490020653,-0.4883396312648048,-0.4883396312648048,1.725787884007993,0.0,0.0,1.0,1.0,0.0,0.0,-0.4316420732731015,0.0959506858002257,0.22221696240455238,0.08494819218211061,-0.1958001199775009,0.17221164410779496
1,2.4212067890272992,0.0905547027180641,0.0905547027180641,3.3223345623973883,0.0,1.0,0.0,0.0,0.0,0.0,0.19509303285098048,-0.9892895187508999,-1.3355616438149003,-0.4160109792054037,-0.5338451930441963,0.519614493616215
1,-1.7365087631328886,-0.06399565688390685,-0.06399565688390685,-0.6057779640745075,0.0,1.0,0.0,0.0,0.0,0.0,-1.818411249094246,-0.07168384134181512,-0.6594796806523132,-0.48519740087623536,-0.17150232237073884,0.9414752258034199
0,-5.02986499184421,-1.8785202063413866,-3.562228321939311,-1.8785202063413866,0.0,0.0,0.0,0.0,0.0,0.0,-2.7006387966745007,-1.840663524786427,-1.0669220527839671,-1.0699516624530625,-0.09305620059631858,-1.424530434128579
1,4.105743070357962,0.45873997350902385,0.45873997350902385,3.0241597010082586,1.0,1.0,0.0,0.0,0.0,1.0,-1.0549995031232968,0.68703590871532,0.02735108192672292,-0.1314632792624597,-0.28728205404503304,0.7597996536511483
1,-0.24689954857917684,-2.230314297843363,-2.230314297843363,-1.249904704136926,0.0,0.0,1.0,1.0,1.0,0.0,-0.9841399625648676,-1.199258128156148,0.47934042625688683,0.8069616898197541,1.1524441649319668,-0.05209458424117788
1,2.05003121020755,2.674732714494473,2.674732714494473,3.6633635981563746,0.0,0.0,0.0,1.0,1.0,1.0,0.392553953183829,0.3415294448786684,0.2737499385341451,0.7549985104943225,-0.4056263094911734,1.048369881054063
0,0.01944492791874275,1.2975664903554287,-0.6920037720332904,1.2975664903554287,0.0,1.0,0.0,1.0,0.0,0.0,-1.3015973689814033,-0.12873080984361396,-2.6444748503807967,-0.34101032064189496,0.9180564740000599,-1.0368502321571322
0,-0.7814888544622238,0.7102803516069394,1.2170952964132324,0.7102803516069394,0.0,0.0,1.0,1.0,1.0,1.0,-0.7506701065649937,1.5343872771621319,1.1775933809620978,-0.5765497812513878,-0.45656165079255373,0.20537123758213033
0,1.4726059841624255,1.9830014933298172,0.5970214334997266,1.9830014933298172,0.0,0.0,0.0,0.0,0.0,0.0,0.41192834436752485,-0.7013905628140177,-2.2311890279599647,-0.03361567130712134,0.9262306849818576,-2.4023851465727715
0,0.34086791143023865,2.8121275992971873,2.8507614876319716,2.8121275992971873,1.0,1.0,0.0,1.0,0.0,0.0,-0.28515530254345706,-0.8625459360087888,-0.8993397699235486,-0.45272346801412683,-1.1687842491109512,-0.9582509428829318
0,-3.1547283680591254,-2.500858033284098,-3.298552804873186,-2.500858033284098,0.0,0.0,0.0,1.0,1.0,0.0,-2.305989943346959,-1.1591046152092033,1.0337924654048283,0.7416039191652049,-2.091809412058449,-0.3217910801197651
1,1.4867410174957767,-2.096302244147353,-2.096302244147353,1.0710061142233067,1.0,0.0,0.0,0.0,1.0,1.0,0.06781400340203707,-1.157469229853544,1.071195768166067,0.34414310904724205,-0.16287153868039167,-1.3178417824815927
1,5.299713317373367,3.616119821635665,3.616119821635665,5.389168319354984,0.0,0.0,1.0,0.0,0.0,0.0,0.776201400793215,2.021739409112082,-0.24667888293892448,1.6683659687513388,0.46486881447723405,1.294490775065156
0,-1.2693755554664832,-0.8655630484521699,-1.3795524529403227,-0.8655630484521699,0.0,1.0,0.0,1.0,0.0,0.0,-0.77522246024758,-0.5485884460031039,1.5307899761775374,-1.5160410857298647,-0.8956807110056957,-0.3281311427717118
0,2.453010571207752,2.9891219937231748,2.936237457286737,2.9891219937231748,0.0,1.0,0.0,0.0,0.0,0.0,1.1147742299342687,0.15705238637164237,1.3016848857508778,-0.08778472375837176,-0.7103495641729083,1.6453303645222537
0,-0.14726100691517208,0.4700210108605568,-1.0852577647562804,0.4700210108605568,1.0,0.0,0.0,1.0,0.0,0.0,-1.2524263478943054,-0.4261967595818155,0.018013859073145122,0.30748773508037924,-0.35765648864262173,-1.2550598309758836
1,1.8101771273182452,-0.10243926832101835,-0.10243926832101835,0.6495233841044005,0.0,1.0,0.0,0.0,0.0,0.0,-0.8157518941822601,0.26302000081480525,0.2821441543758848,0.9434528530469725,-0.6602826524544223,0.21410574164208696
0,0.9649567357320804,0.07562938561014665,0.08502604161108351,0.07562938561014665,1.0,1.0,0.0,0.0,0.0,1.0,0.13502660873162892,-0.5347115832892475,0.5185786029034777,-0.6926453682945506,-0.9052112530290113,-0.2542352821485197
1,0.5245883467196084,-0.5354726811583921,-0.5354726811583921,0.35088438457313814,0.0,0.0,0.0,1.0,0.0,0.0,0.3676197378075942,-0.6235959634702566,1.3596254554059803,2.18188912248719,-1.8237476230579672,0.06055753388377484
0,4.330560382612877,5.194952114876661,2.2312630342451145,5.194952114876661,1.0,0.0,1.0,1.0,1.0,1.0,1.6695416437539476,0.19514506888338154,0.37851876730612166,0.5857060844268555,-0.49220902664067584,-0.8195889853930463
1,1.6180923482053962,-2.6178427247171374,-2.6178427247171374,-0.44281273452541015,0.0,0.0,1.0,0.0,1.0,1.0,-1.239325293086523,-1.8560625573746468,-1.853080278056998,0.035068189214990525,-1.2980373138408257,-0.8624306528298662
1,2.773342872129033,3.4957800901569924,3.4957800901569924,2.881535802786384,0.0,1.0,1.0,0.0,1.0,1.0,-0.09992224327907312,0.8212019372548659,-1.596729644930105,-1.7924456458942362,-0.3697132668333498,-0.9751992514648861
1,2.78549281554651,3.4999082238868144,3.4999082238868144,3.425227237742306,1.0,1.0,0.0,0.0,1.0,0.0,0.7233451533427879,-1.1479498321154509,-0.6273678199480514,-0.01998072819262047,0.46918447081082304,0.2404860164023904
1,7.756170258349513,5.253668598308242,5.253668598308242,6.95467083825124,1.0,0.0,0.0,0.0,1.0,1.0,2.540762825698926,0.5819776489515975,0.5038082777855547,0.6357205979812979,0.697200828945098,1.135252836046198
0,1.2044402124094964,-0.48040905074433815,-0.9697746639317271,-0.48040905074433815,0.0,0.0,0.0,0.0,1.0,0.0,-0.20151989886089883,-0.3257958959091359,-0.3233022088080964,-0.6279921613204504,-1.5073886149108846,-0.10561550706914757
1,3.8448902369172164,2.6053001038413575,2.6053001038413575,4.205571924172197,1.0,1.0,0.0,1.0,1.0,1.0,0.5460854127260861,-0.04798059719760284,-0.462535121852503,-2.0647117296910884,-1.0275708489178317,-0.8695304619339128
0,3.6001457760520044,5.958999444419748,4.099172594053098,5.958999444419748,1.0,1.0,1.0,1.0,1.0,1.0,0.05570946294522403,1.7262833808676543,-0.018022292740262236,0.21381621137780238,1.5162000677243137,-0.48575569166812627
1,3.403536869860309,0.49316659149601993,0.49316659149601993,1.9060359200773551,1.0,1.0,1.0,1.0,1.0,1.0,-0.48346133643756667,-0.37448943140180385,-0.19050380233244985,0.8012300707927074,0.10606339233573835,-0.2936352718101819
1,2.412258675938565,-0.49948527388054903,-0.49948527388054903,0.8735993276897778,1.0,1.0,1.0,1.0,1.0,0.0,-2.074208437839019,-0.1019901288498783,-0.16191127756776322,-0.4778950963107128,1.2119650482968038,-0.831434888934617
0,-0.434365918512644,1.8334105167022916,0.7205327582072492,1.8334105167022916,1.0,0.0,0.0,0.0,0.0,1.0,-0.5482846864367544,-0.6079185776523428,0.942102390914906,-0.07834819859968595,0.46721081060113695,0.5848367571573581
0,-2.619902545661873,-0.010620606397449772,-3.721076953309547,-0.010620606397449772,0.0,0.0,0.0,0.0,0.0,1.0,-0.853703175617161,-1.5416398065458745,0.26199827285314925,0.16779000615785145,-1.455468361556972,0.8440872782276989
1,1.8490995404146955,0.31297843217559546,0.31297843217559546,2.7274029005108953,0.0,1.0,0.0,0.0,1.0,0.0,1.0934514747147854,-2.0010847711851762,-0.2736494395540483,0.4740936665456741,1.4680078134812455,-0.07773065109868277
1,2.378931684085413,1.274691936762259,1.274691936762259,1.3266543870591048,1.0,0.0,0.0,1.0,1.0,0.0,-0.36159399176264206,-0.8031697626142298,-0.6401781261615588,-0.2783830140427248,-0.4185124146832885,-0.3657858899241999
1,3.140122421576791,2.444749034429958,2.444749034429958,4.466559412701334,1.0,1.0,1.0,1.0,0.0,1.0,1.0968784659637898,-0.8846648576186114,0.026124963657592926,-0.23311048284551394,0.5982606423437533,-1.276598656774668
0,-1.3619789606440018,-0.7473994121134335,-0.3265174128241094,-0.7473994121134335,0.0,0.0,0.0,0.0,1.0,0.0,0.4030365475302429,-1.5291346073022543,-0.21988107344206737,-0.42567585495536703,-1.562393697612781,0.26328914280014515
1,6.447407848998004,3.5244039345119322,3.5244039345119322,5.814637477632444,0.0,1.0,1.0,1.0,1.0,1.0,0.5840383608309384,1.6508887352047412,0.7933996666733512,1.4814774188187312,-0.5663987175729532,1.300521188990285
1,1.878454940084226,0.057447521735799256,0.057447521735799256,1.1698761609205037,0.0,1.0,0.0,1.0,0.0,0.0,0.4904908428132288,0.405272322786406,1.6198757298559316,1.6878578379142941,-0.39818011008084486,0.6558033488591474
1,2.0995989822793026,-1.0377573497161503,-1.0377573497161503,2.7662218722903438,1.0,0.0,1.0,0.0,1.0,0.0,0.399281937270736,-1.5746461899419817,-0.34393825536450207,-1.2556631922623094,0.7920320112877869,0.4444629925734791
1,6.271864753405132,6.701437375774425,6.701437375774425,6.803871800861019,0.0,0.0,0.0,0.0,1.0,0.0,1.6663191241631146,2.3970405579154392,-0.6517473527584936,1.5337345740586104,0.6533928225334364,0.4936024615335871
0,0.4849541447927886,1.4152428593466908,-0.03897373813169802,1.4152428593466908,1.0,0.0,1.0,1.0,0.0,0.0,-0.09368535870024865,-0.5022769135891777,-0.017544631328449883,-1.6612388620673042,0.8671402009297646,-1.2778259974920285
1,6.574779390024846,2.420711557249586,2.420711557249586,4.368402575161876,0.0,0.0,0.0,0.0,0.0,0.0,0.6782111994935418,2.3016444759587698,-0.19886179677194588,-0.09483483673657517,0.9178719694274444,-0.8022391097181205
1,4.753265883387634,4.342200986603635,4.342200986603635,5.028337936189627,1.0,0.0,1.0,0.0,1.0,0.0,1.3931843898493435,0.6430421354340337,-0.11953707941868505,1.023133875077377,0.19820136637521737,-0.5357613753899818
1,2.3910548734753596,-0.23907549895083186,-0.23907549895083186,1.5690253544110957,0.0,1.0,0.0,1.0,0.0,0.0,0.871757461800251,-1.2148200571631191,0.6793238507351196,-0.8737961330801858,-0.6876274784144649,1.1102609369870111
1,-1.4342050364964685,-3.0229646220572524,-3.0229646220572524,-1.0481104564104742,1.0,0.0,0.0,0.0,0.0,0.0,-1.7881654822578354,-1.5550108652955998,-0.40421204673297695,-0.6106822187695082,-0.6384546187183069,-0.6607028545419241
1,2.549511162479563,0.1858504843201288,0.1858504843201288,0.6548928723387815,1.0,0.0,0.0,1.0,1.0,0.0,-0.7462694846237986,0.07121576495960025,1.1019807507969583,1.4254920293299755,0.771398108832526,0.6436847215719801
1,1.4124961991115557,-1.3040065777421672,-1.3040065777421672,0.4746617075934503,1.0,0.0,0.0,1.0,0.0,1.0,0.05934312169129076,-1.6924379156886025,-0.5028449363472942,0.10433208340100422,0.10506160361714523,-1.5938223024482858
0,6.250069567014462,7.234914283425102,5.186912748720132,7.234914283425102,1.0,1.0,0.0,1.0,1.0,0.0,2.205161115528357,1.4685308464608793,0.4439795846913621,1.3073453057597424,0.9996185174951768,-1.2171399961394374
1,5.390066618333873,3.950753011429469,3.950753011429469,7.845502543982323,1.0,0.0,1.0,1.0,0.0,1.0,0.32275992887352534,1.6104143344567585,-0.44699736853883065,1.9435054262873186,0.5419752917858377,1.0868452321649853
0,3.16893468007917,4.120806407104616,3.1395886127229717,4.120806407104616,1.0,1.0,1.0,1.0,1.0,1.0,0.7836004694891361,0.8411557820042687,0.9924266424488374,-0.3442933257418821,1.8798930396145064,1.4772444358053856
0,0.48463707932347466,3.1547691747973445,1.9465439466683676,3.1547691747973445,1.0,0.0,0.0,1.0,0.0,0.0,-0.6636424923914152,2.1619845302797494,1.6579088328848546,0.9846933197296265,1.5182755122995566,-0.06347066634848053
0,2.1908454570195213,5.294511818127305,4.760367308432986,5.294511818127305,0.0,1.0,0.0,0.0,0.0,0.0,1.0867360347960628,1.0417502623519637,-0.8460241774966821,1.3700157157725732,-0.9521313434707942,0.05025131266043528
0,-0.15227214585825644,-0.6083315611931266,-1.1792903460769761,-0.6083315611931266,0.0,0.0,1.0,0.0,0.0,1.0,-2.482078685217633,-0.3557508826963065,-1.7018302402876424,0.7983544350484686,0.24503842677870658,-0.3864510535200688
1,7.1646701092414,2.7081500806933434,2.7081500806933434,5.174218680652745,1.0,1.0,1.0,0.0,1.0,1.0,1.296060805239088,-1.1814292557327482,-1.463887331358364,0.21582861069327428,-0.8125753827641456,0.2464396256920537
0,2.937925762237564,7.936216614079702,4.8852671441856925,7.936216614079702,1.0,1.0,1.0,1.0,0.0,1.0,1.9015419500388688,0.7160199220413463,0.17634934649961187,0.679903437935437,0.6380103931025787,1.3361769499541727
0,-3.5093314255589116,-2.2652683810928993,-4.008649898495629,-2.2652683810928993,0.0,0.0,0.0,1.0,0.0,1.0,-1.7197348572392372,-1.2832660871335115,0.026460671220291165,-1.3846602452143428,-1.1274628032436615,-0.8770866749371651
0,0.3326468907777682,4.707631356621624,0.8788206500240506,4.707631356621624,0.0,1.0,0.0,1.0,1.0,1.0,0.23463535132601437,0.22092128658117105,-0.5221286756408858,0.01593579813341961,0.8177716752554884,0.7503479775244192
0,0.41981792192834766,0.03976959819421433,-1.4689637359161813,0.03976959819421433,0.0,1.0,1.0,0.0,1.0,0.0,-2.503471475930347,0.6590993020157003,-0.3110601422758891,-0.7214715515926917,-0.44268810792851077,0.13341848362122288
1,6.097890167483711,3.492051930249836,3.492051930249836,4.0981160209390985,1.0,0.0,0.0,0.0,0.0,0.0,0.5869375874860546,1.216653017147013,0.44618381049650335,0.8898755585504768,1.2087597641503085,1.038592219368647
0,-0.8078343248828743,1.9528625831172077,0.615318332211235,1.9528625831172077,0.0,0.0,0.0,0.0,0.0,1.0,-0.7333653966176946,-0.42053217333732235,-1.008635682056008,-0.552793487830399,0.4223279604079254,0.7417334701410685
1,0.9540440380477176,-3.4852603069176604,-3.4852603069176604,0.05832997198971113,0.0,1.0,0.0,0.0,1.0,0.0,0.13534396914943977,-2.074698850190815,-0.3181078396240349,-1.6838760060487483,-0.4042690972300286,-1.8525849541001131
1,1.40026648128143,0.9102870412483685,0.9102870412483685,1.9519789935185519,0.0,0.0,0.0,0.0,0.0,0.0,0.7929738703373953,0.24438799703237613,0.6548428297496842,1.3732034677699987,-0.6199855949932728,1.7007350942808226
1,2.577711536264123,2.702277544830662,2.702277544830662,2.5921362847859815,1.0,0.0,1.0,0.0,0.0,1.0,0.21443178148243044,0.2384978208643398,-0.9342880961690796,-0.9569246396208265,-3.5158413382236944,-0.7747696261804234
0,-0.3799388544121307,1.680793139508036,-0.8524428594172158,1.680793139508036,1.0,1.0,1.0,0.0,1.0,1.0,-0.5036714136060763,-2.249990203276377,-0.5220152810948364,-1.8701353215811745,-1.2514213586465375,-1.257340375881574
0,-1.5166597065749374,0.09389656656020884,0.6929122989298321,0.09389656656020884,0.0,0.0,1.0,0.0,1.0,0.0,-0.4360788874060698,-0.5218492722652028,0.6129057352884643,-0.24262613159389668,0.021316861614655097,-0.8778152168419202
1,1.9725921507316266,-0.830569385091642,-0.830569385091642,1.5340962959579436,1.0,1.0,0.0,1.0,1.0,1.0,-1.3714492500286142,-0.3720584022673682,-0.41736884198070984,0.05201939093019557,-0.5473557758482652,0.2391811904417196
0,2.145897952507102,3.7334202177779097,-0.10533466144040185,3.7334202177779097,1.0,0.0,0.0,0.0,0.0,0.0,0.5405645520015873,-1.5133476227937157,0.5060397222025297,-0.38787442541626294,0.965859005588945,1.103409230532465
1,2.202489343426161,1.2678850336135452,1.2678850336135452,2.3975979924398483,1.0,0.0,0.0,0.0,1.0,1.0,-0.8038176105798839,0.7023435664072908,-0.7045613726161604,-1.2084776180065795,1.1790729944629363,-1.1584408334428746
0,-0.3816371664875271,-0.4602025329495272,-0.14265845953739625,-0.4602025329495272,0.0,0.0,0.0,1.0,0.0,0.0,-0.6873556037075497,0.462039839833073,-0.6910980228634886,-0.3001403671486323,-0.7082898866546383,-0.13935101359531016
0,1.704851509561759,1.670541025073281,1.297188059870082,1.670541025073281,1.0,0.0,0.0,0.0,0.0,1.0,0.6684739012032558,0.7412919744028915,1.3442650841044046,0.24778818231309516,1.40604686089012,-0.10359104228456595
1,2.39230145543865,0.8919555962848313,0.8919555962848313,2.965484537605008,1.0,1.0,1.0,1.0,1.0,1.0,-0.022906738187206413,0.19532321155986498,1.712534865043651,-0.6715555330575456,1.0328421922443778,0.35562598135261503
1,6.624666348628909,4.6921399132705925,4.6921399132705925,6.892664763599206,1.0,1.0,1.0,0.0,0.0,1.0,1.3483972330997864,1.661480809089411,0.807619708128068,0.787712567211106,-0.6627907965154209,0.9565278903090275
1,4.031451306360028,4.606300779267457,4.606300779267457,3.593634080111173,0.0,0.0,0.0,0.0,0.0,0.0,2.9130574076143145,-0.006180211438855054,1.255683402468185,0.5407738378952938,0.21969674067047096,1.6825457980398264
1,1.8900779259276415,0.10549429868610483,0.10549429868610483,0.7263713987817153,0.0,0.0,1.0,0.0,0.0,0.0,0.5643319877029166,0.3714066803420321,1.387548873472452,-0.5508236557940093,1.7415757226499307,-0.7172154264890785
1,0.9283089372285139,0.2983514095698901,0.2983514095698901,2.887559345184912,1.0,0.0,0.0,0.0,1.0,1.0,0.2744026673389966,-1.2952799551538472,-0.4602723615881098,-0.7944228165107078,-0.40924598985398714,-0.7690758457032021
1,3.0496599950477337,1.5362678801379461,1.5362678801379461,2.556479345026847,1.0,1.0,0.0,1.0,0.0,0.0,-0.3885994112124484,0.3741341576027946,-0.5991849169893579,-0.7608045256475731,-0.3925189423066908,0.0668364715090278
0,0.029732422351749076,-0.05197186452851965,-1.253503687195247,-0.05197186452851965,0.0,1.0,0.0,0.0,1.0,1.0,-0.7651136969566392,-1.0938909343947565,-0.7348700472395631,1.0658113560549285,0.4353803656597507,-0.8697479525118579
0,4.443457862403856,5.445477134913227,2.4335674627728334,5.445477134913227,1.0,1.0,0.0,1.0,1.0,0.0,1.265284447016654,1.4026236707328272,1.080150584636539,0.49189293612266954,-0.557505030179375,0.5976940628867047
0,-0.8939841237942723,4.277023200201329,1.1647247487375574,4.277023200201329,1.0,1.0,1.0,1.0,1.0,1.0,-0.15768194768618587,-1.5289107483469864,-1.676240096154142,-3.6333690393966998,-2.4039936770162855,-1.0412003401686432
1,2.9788044337251836,1.6438338076418058,1.6438338076418058,4.497534536604561,1.0,0.0,0.0,0.0,1.0,1.0,1.3764074575306535,-0.5318748894664308,-0.01746759217003757,-0.9220700848258696,0.5944086981759081,0.9496278451262063
0,3.4488007484596435,2.968832244237544,1.6363940705614937,2.968832244237544,0.0,0.0,0.0,0.0,0.0,0.0,0.8591068800087777,1.101911897580516,0.14242291852309297,-0.12834435613863523,0.32534099889751966,2.342156071972355
0,3.2822798859929243,1.87094082291854,0.2831551937382617,1.87094082291854,0.0,1.0,0.0,0.0,0.0,0.0,1.9242429273150026,0.5013475583894432,1.356819253249351,0.06421033292122538,0.20041175139142808,1.307112491384863
1,1.8400838700960398,-2.070285424188514,-2.070285424188514,-0.5111046190527233,1.0,1.0,1.0,1.0,0.0,1.0,-2.1124510915865966,-3.212958423571446,-1.5082117972223226,-1.440221917860641,-2.1399876729253204,-0.5955263672517253
1,6.976876199482669,5.652751503693809,5.652751503693809,5.8988919027458175,1.0,1.0,1.0,1.0,0.0,0.0,1.3134491889482511,1.6407204885822932,1.7718688622673675,0.5267830581889259,0.5954478497491342,0.5956150779815311
0,-0.2837743373779219,0.5097823435344705,0.5732472764884006,0.5097823435344705,0.0,1.0,1.0,0.0,0.0,1.0,-0.7613307622452672,-0.9378347933873248,-0.7379902311496842,0.024227470608727354,-0.5350949497059707,0.46252953594394136
1,2.4199697201223014,-1.7039907863214752,-1.7039907863214752,2.86748343328584,1.0,1.0,1.0,0.0,1.0,1.0,-0.6699324739284875,-0.9408512382418353,-1.2124962999273863,-2.6481187867681286,-0.9067903313633403,0.47400720072276137
0,0.01844451779499412,1.3776367510361531,1.2307647362470502,1.3776367510361531,0.0,0.0,1.0,1.0,1.0,0.0,0.09227703113982921,-0.05213424698057584,-1.4599803873638835,0.5389951998966962,-0.343194865351954,-0.5534229001502167
1,9.387217084172617,3.9147980882799587,3.9147980882799587,6.471936263341647,1.0,1.0,1.0,0.0,1.0,0.0,1.5920271451291514,7.014781491720967e-05,-1.7701867789536887,1.0828916264896458,-1.5257317100090404,-0.3092505481320108
0,0.19531279646333344,1.2829459706380346,1.930109928523857,1.2829459706380346,0.0,1.0,1.0,0.0,0.0,0.0,0.008577381392898285,-0.5527986673457479,-0.712979154637543,-0.46026414248342895,1.205423001677158,0.33951517991233005
0,0.299763729001159,-0.32249316169510023,-3.5443777246275268,-0.32249316169510023,1.0,1.0,1.0,0.0,1.0,0.0,-1.479877026933375,-1.6736309901875281,-0.3434374698880138,-1.2541140874214909,0.7291600202269496,-1.1513485512800459
1,0.3592764991003663,1.9069210434475803,1.9069210434475803,2.0553734306994533,0.0,1.0,1.0,0.0,1.0,0.0,-0.5947756595743324,0.12273820320330031,-0.4463791514181029,0.6333715166347247,0.4151776276943535,1.7133306978788088
0,1.615748602142902,4.079766927953201,1.679513473817136,4.079766927953201,1.0,0.0,0.0,1.0,1.0,0.0,-0.7115074233946352,1.9167207219464257,0.1891502060465704,-0.049400831640432685,0.6350174901589019,1.7660637232742098
1,11.58838365254007,6.0302145585826645,6.0302145585826645,9.189582978279734,1.0,1.0,1.0,1.0,1.0,1.0,2.63586490817288,1.292779894112296,-1.3406963408145731,-0.056893526715190545,0.9756987150439129,0.8333506958238162
1,1.8142945030163942,-0.22389691669859527,-0.22389691669859527,-0.7253750394155685,1.0,0.0,0.0,1.0,0.0,1.0,-0.23262209746467663,-1.3089053857340023,-0.7819204194398779,-0.3170426343871693,-0.33602705589475945,-2.1531674290999154
0,2.8759628173292553,1.9417493534181758,0.6721503502052681,1.9417493534181758,0.0,1.0,0.0,0.0,1.0,0.0,-0.006818473252045131,0.6996235882559406,-0.23758106241371663,0.8680820750425958,0.9973945510038311,0.16983358599602347
1,5.260373637041704,3.9208332631752674,3.9208332631752674,5.611496446258848,1.0,1.0,0.0,1.0,1.0,1.0,0.09319436400451005,1.13010208467163,-0.0165801864727817,-0.09898033220245944,1.0751409140591597,0.9229152661993079
1,5.688644951920523,6.0023365354232325,6.0023365354232325,7.842371963540934,0.0,1.0,1.0,0.0,1.0,1.0,0.8830142451014139,2.321831488166325,0.027954933655500613,-0.02212720512154437,-0.684211147598564,0.9429376177950775
0,0.26259434622415245,2.5645019179609916,-1.1186067788060006,2.5645019179609916,0.0,1.0,1.0,1.0,0.0,0.0,-1.608774956003256,-0.6106204732946943,-3.041561137449004,-0.918616573223892,-0.8793182659781343,0.06355014280697557
1,3.2682860656873256,2.8274418772638725,2.8274418772638725,6.7941468904496585,0.0,0.0,0.0,0.0,1.0,1.0,1.0406549107021699,0.20178774022093326,-0.7877215301304642,-1.1423837400000514,-0.1973951517294311,1.0944436895058847
0,2.817572483252672,0.4036854965632445,-0.05892929081831544,0.4036854965632445,0.0,0.0,0.0,1.0,0.0,1.0,0.006673909283668128,-0.06758815602870005,-0.4160755909875571,0.4638821250460343,1.7993301072331411,-0.5554999404733725
1,4.273438443893501,2.4574864558924547,2.4574864558924547,4.117860920292047,0.0,0.0,0.0,0.0,1.0,1.0,0.9249976675629483,1.9042161631246266,0.6286063481179283,-0.9111976616158438,1.0762802329844412,1.764858128299715
1,-0.8228434000097673,1.7034034105739408,1.7034034105739408,1.9267506919144286,1.0,1.0,0.0,1.0,0.0,1.0,-1.3410763167431725,0.25514257441637633,-0.9975246739248615,-1.7686031598962195,-0.6982005060396804,-0.06912969604010011
1,0.9731205531049664,-0.5697593000496808,-0.5697593000496808,1.0176207522006895,0.0,1.0,1.0,0.0,1.0,1.0,-0.3215832270431066,-0.4916926735882482,-0.6392531636145735,-0.9760045115838178,-0.5167330125206262,-0.5876509037235242
0,0.2878169586552275,0.8460025112763594,0.8770107253907067,0.8460025112763594,1.0,1.0,1.0,1.0,1.0,1.0,-1.2896220898368305,-1.0767324050563534,-0.5503811641818963,-1.342058125075908,-0.5097533758433844,-2.9069180590849792
0,-2.6648604530863467,-0.2258976911961772,1.8015638828824232,-0.2258976911961772,0.0,0.0,1.0,0.0,1.0,1.0,-0.8780037767040221,-0.9618892411942361,-1.2169671654358762,-0.6045636656434873,-0.47054136862918705,-1.4405128142744008
1,7.446623036160357,5.309931462664895,5.309931462664895,5.364730090961186,0.0,1.0,1.0,1.0,0.0,0.0,1.7981988551371009,0.38912269551656287,-1.017376025195891,1.1485335979356166,0.6939804851749561,0.37915439475674634
1,4.4343463709254465,1.833832137264177,1.833832137264177,3.3691231083918693,1.0,0.0,0.0,0.0,0.0,0.0,0.1032012200010296,1.5357083473822382,-0.9644160959697656,-0.02860730902168762,-0.12300593858042566,0.4040715989633556
0,0.48549609387374726,0.1760628808872074,3.1911338269770932,0.1760628808872074,0.0,0.0,1.0,0.0,0.0,1.0,-0.8323905927030841,-1.4767679712320572,-2.462880214418445,-0.9404359807715299,0.27389045748521457,0.30723076143841155
1,6.162488150037118,5.373748551198279,5.373748551198279,5.353870055303827,1.0,1.0,1.0,1.0,1.0,1.0,0.7400727087264012,1.23087461589137,0.003190542763436832,1.3541153909622339,0.5520377198932163,1.278896619255173
1,4.4888537670502355,3.2143628340156405,3.2143628340156405,5.282340976012963,1.0,0.0,1.0,1.0,1.0,1.0,0.902185908003402,1.9346366542807936,2.099178725114103,-0.7443709777827119,0.5939316283631922,0.27419970214956235
0,0.14669322253631845,0.8087781901267861,-1.6891930728786906,0.8087781901267861,1.0,0.0,1.0,0.0,1.0,0.0,-1.0691167823028336,-0.8511220242747237,-0.07909275769929415,-1.373847243752324,-0.5018569574165062,-0.08543345706742989
1,2.2816145917994053,-0.5996619676918934,-0.5996619676918934,1.3274789425680158,0.0,1.0,1.0,1.0,1.0,1.0,-1.1344314323312192,-1.1919831339787783,-0.6827193140255319,0.5695495562954591,0.44619892762770447,-0.019600092233557243
1,-0.03241882346983882,-0.4091779888324919,-0.4091779888324919,1.3588363528780047,0.0,0.0,0.0,0.0,1.0,1.0,1.0823178632117108,-0.41051976359001074,1.9196578694345892,0.5610799197706829,0.3428873488496317,-0.8503361472119091
1,5.402053101123397,2.673344133025575,2.673344133025575,2.8528950780806763,1.0,0.0,1.0,1.0,0.0,0.0,0.49820244452436274,-0.3773457943538736,-0.8055618668904878,1.0035877050496422,-0.8263571855414638,0.3795790999835368
1,3.3248739319009992,1.3566494957051047,1.3566494957051047,3.017835648232603,1.0,0.0,0.0,0.0,0.0,0.0,-0.3393707914407646,1.72844645168162,0.7757917980613923,-1.0343070540114816,-0.571365785237959,0.356297838924273
1,3.869621156058314,1.0561348400926345,1.0561348400926345,1.5549674045059079,0.0,0.0,0.0,1.0,1.0,0.0,0.7887426463857571,-0.6178766433681728,-1.813959803860879,-0.3418129711372488,1.0769400105252573,0.7938402061398704
1,3.1307928851349134,1.8843515442229162,1.8843515442229162,3.0453148812376565,1.0,1.0,1.0,1.0,0.0,1.0,0.3535365405531223,-2.425411815496206,-2.301267863066801,-2.142983317955127,-2.2515570303139776,0.3693803074115434
0,1.5410551773129897,2.0990530779681684,0.6805562286319373,2.0990530779681684,1.0,1.0,0.0,1.0,0.0,1.0,-0.10276286541809672,0.055106203104834744,1.622805690823128,0.04455268874044471,-0.13742266512756612,-0.2697395106893687
1,0.9287165039521922,0.7913479273908641,0.7913479273908641,3.165852865968847,0.0,0.0,0.0,0.0,0.0,1.0,0.5933077116419994,-0.4632666866855125,-0.1182302949130335,0.7909068683890399,-0.8792926802696214,-0.8399956701677642
0,-2.354912955153752,0.8700766370898988,-1.934511910629252,0.8700766370898988,0.0,0.0,1.0,1.0,1.0,0.0,-1.5343674699828542,-0.41444531250053124,0.1951127470473097,-0.5464471943447553,-0.8919505955846958,-0.10486492160520108
0,2.9274519224359556,3.2756789619436604,3.635418709578643,3.2756789619436604,1.0,0.0,1.0,1.0,1.0,1.0,0.031215034798065852,-0.2525433100343788,-0.9215681084360796,1.431765187193974,2.306489983495389,0.7409603479901631
0,0.5571540467048879,1.0581096000200134,-0.028299808700105067,1.0581096000200134,0.0,1.0,1.0,1.0,0.0,1.0,-1.0709754468260524,0.44890327352533993,-0.37393270149407254,-1.2271556693186678,0.49367000141311684,0.745776771505133
1,5.894291318561967,3.716289311735076,3.716289311735076,3.931956368385025,1.0,1.0,1.0,1.0,1.0,0.0,-0.17508976988132824,1.560384681395269,0.36653695484956406,1.3174102810645527,0.6445093835802354,0.5043161322921086
0,-0.14527525509127326,1.2257200493790226,-0.4362642664507398,1.2257200493790226,1.0,0.0,1.0,1.0,0.0,0.0,-1.5270223897012791,-0.1147958724929983,0.015304316583763355,0.03470932760267881,0.9166775004728156,-2.1255095470104988
1,4.858390492335358,2.641448226206865,2.641448226206865,7.470056291579234,1.0,1.0,0.0,1.0,0.0,1.0,0.675915245950759,1.0351270871524167,0.8687625824260496,1.0980858755562668,0.9358164545602117,1.4900979875866878
1,0.4558255606850642,-1.8716948105360909,-1.8716948105360909,0.683956743598744,1.0,0.0,0.0,1.0,1.0,0.0,-1.507378170540645,0.021140235677943375,0.9843985828240338,-0.24365006698813774,-1.4299126361125702,-0.4781185603449003
1,3.692189936361205,3.3735352725178904,3.3735352725178904,2.8072214376773914,1.0,0.0,0.0,0.0,1.0,1.0,1.2728762437607133,0.0012252143049155673,1.0655200843786745,0.932483998745488,-0.9813240574344233,1.0140129208143092
1,1.5835311639862775,-1.3001424656466203,-1.3001424656466203,2.8404045657567356,1.0,0.0,1.0,1.0,0.0,1.0,0.07446798770606852,-2.0691503342678526,-1.497865403988599,-1.4186006093901047,-1.0171812182167816,-0.8959331521936349
1,0.515826963069592,-1.9698703380063836,-1.9698703380063836,2.922653548337112,1.0,0.0,1.0,1.0,1.0,0.0,0.044798127155130825,0.5648034938070817,3.526724018979495,0.13475268449632777,0.08767887124084828,0.7839630711875069
1,6.187172868217944,3.6086177887795197,3.6086177887795197,5.699851752302427,1.0,0.0,1.0,1.0,0.0,0.0,1.878803719375395,0.9404726094200981,0.8997568069985014,1.0841280053783136,0.14636916806655437,0.2827441430103013
0,0.18117911768927697,1.8607907428591381,1.0463075841692013,1.8607907428591381,0.0,1.0,0.0,1.0,1.0,0.0,1.5632684136987274,-1.327288848504379,-0.24630602828457693,-1.0476591542346625,-0.7504292966839239,0.1381874551251464
0,1.453382693455791,4.519044324972998,1.0838686210019097,4.519044324972998,1.0,1.0,1.0,1.0,1.0,0.0,-0.7344768891611229,-1.2096096941304917,-1.4737074157160854,1.108515934435124,0.2835209902111757,0.08517515113336149
0,-0.43677334888798136,-1.704273793932075,-0.5186804280921036,-1.704273793932075,1.0,1.0,1.0,1.0,0.0,1.0,-3.5953289281567735,-0.266276752611838,-1.8162038987056237,0.021705854697848637,-0.08135697467532133,-0.9432138581940089
1,4.669871015797561,1.5787124642560495,1.5787124642560495,5.234070001900873,1.0,1.0,1.0,0.0,1.0,1.0,0.25223183321472065,0.08999901868504878,1.3557951986170844,0.9662447189573606,1.1714490333586975,0.18639659417125742
0,-0.9527439155515149,0.6237079218037918,-0.9181446662428934,0.6237079218037918,0.0,1.0,0.0,1.0,1.0,1.0,-1.4202902340555583,-0.6708259342912433,-0.6825336433789928,-1.1159975600935146,-0.8225176450869865,-0.7244647892156857
1,2.270572776084473,0.26994905636011973,0.26994905636011973,1.4382618218268706,1.0,0.0,1.0,0.0,0.0,1.0,0.041810825272150964,-0.6691114070427824,0.666249098309086,-1.893408300852957,-2.484747499033226,-0.5468322835766732
0,0.397097486651196,1.6125085823338912,0.7510542043201371,1.6125085823338912,0.0,0.0,0.0,0.0,1.0,1.0,0.34133379466335906,0.10794152274070787,0.3389913829725999,-0.3180118984122788,-0.8358236155929979,0.7085136948718567
1,4.587744673521206,4.733114600176364,4.733114600176364,3.9673808789066247,1.0,1.0,0.0,0.0,1.0,1.0,0.3759083570497638,0.5454088876067015,1.8831772526108195,0.30758457412040224,0.14632328815839996,-0.8963894676203503
1,0.5669858428280055,-1.5715526192560563,-1.5715526192560563,0.6895462702375994,0.0,1.0,0.0,0.0,1.0,0.0,0.12843098916876064,-1.6535845549066979,-0.6706971030808772,-1.7928354619800155,0.7785774863637868,-0.2757248509999608
0,-1.3169845179634334,-0.10321275761547566,-2.0164207186991447,-0.10321275761547566,0.0,0.0,0.0,0.0,0.0,1.0,-0.2173812638636813,-1.9871562699173693,-1.5965070480021764,-1.3426279234356784,-0.8458908037742495,-2.0953046968778497
1,2.4055336605978273,1.021051318424189,1.021051318424189,2.5407494403635162,0.0,0.0,1.0,0.0,1.0,1.0,-0.02865920532728013,0.6388267853484415,0.5658124645003804,0.8689283780161853,0.32685608078417755,1.3328543791398189
1,1.7085357092293967,0.2366680704313182,0.2366680704313182,3.2234554589165936,0.0,1.0,1.0,1.0,0.0,1.0,1.2656635177234647,-1.347154574340576,-0.4317488389872474,-0.3088744771939056,-0.856145378569519,0.26492151023030064
1,-2.015970053826879,-1.859663682846178,-1.859663682846178,-0.9723077118560441,0.0,1.0,1.0,1.0,0.0,0.0,-2.20354138621743,-0.4809393874315469,1.2099646141868998,0.0894439323632168,-0.5901067967073522,-0.17189150607093295
0,-2.156326538722825,-2.781351362734524,-2.711692297881483,-2.781351362734524,0.0,1.0,0.0,0.0,0.0,1.0,-0.7825948746165758,-1.8883720633030987,0.8107663713958478,-1.2740883937041927,-0.5208629993645603,-1.8169901032437799
1,-1.1421833249943518,-1.8829267022788683,-1.8829267022788683,-0.3639584819125211,0.0,1.0,0.0,1.0,1.0,1.0,-1.2670722108104608,-0.9081510204651724,1.2680708804940095,0.46547492991855505,-0.18741075734634727,0.58857203338058
0,-0.06860810101129411,0.09858717873142697,-2.072175211860862,0.09858717873142697,0.0,0.0,1.0,1.0,0.0,0.0,-0.8481231947923761,-0.8114476432408634,-1.4002880624867091,-0.44630622732318753,-1.0562614676928999,-2.8486771315353447
0,4.615138211991249,6.275811865739879,4.890632807565838,6.275811865739879,0.0,1.0,1.0,1.0,0.0,1.0,0.23202257533513906,1.0529883501711212,0.7224793222905259,2.4139921289407766,1.1465726833553984,-0.10044011899637739
1,0.667644090483402,-0.27305700099543584,-0.27305700099543584,0.9814821898210117,1.0,0.0,1.0,1.0,1.0,0.0,-1.4715518124161668,-0.5937261887268825,-0.33838171292575475,0.7201705297223016,-0.6302591052798256,-0.6557588503728764
1,4.3618893601360105,3.001048698684304,3.001048698684304,3.143394759778718,0.0,0.0,1.0,0.0,0.0,1.0,1.9065812622910623,0.1270070787216842,0.9327886721183752,1.146099069563249,0.201066896909962,0.35594391943040365
0,6.208046209717686,7.470721556523823,5.372782231602015,7.470721556523823,1.0,1.0,0.0,0.0,1.0,0.0,1.9218737016006022,1.1218377137843982,-0.334627226506787,2.585003806985764,1.9802649727188235,1.178036189560207
0,2.1625751357163434,3.2141186663895733,2.009812798701835,3.2141186663895733,1.0,1.0,1.0,1.0,1.0,0.0,-0.5124997422388449,0.8677446799886359,1.3678152424979633,-0.6016061935800424,0.7212955670580008,0.7267669194786894
1,4.711123834247404,2.2353302073721673,2.2353302073721673,2.8690582790973576,0.0,1.0,0.0,1.0,1.0,0.0,0.5481150727852292,-0.5013838324606239,-1.02383209986624,1.3206345130665638,-0.4989232327781903,0.7279305198163415
1,6.142164649092399,1.655460636931682,1.655460636931682,4.677869062761523,1.0,1.0,1.0,1.0,0.0,1.0,0.8543981874238445,0.24949396022065184,-0.2279270602981271,-0.5771067816426213,-0.718516353805183,-0.009283526577110762
1,2.0153118534881793,0.8573838410101742,0.8573838410101742,2.17721923051859,0.0,0.0,0.0,0.0,0.0,0.0,0.1789677014053081,0.3721671764633304,-1.47339486696365,0.963856769052938,-2.0000326730191222,1.3474803159867161
0,3.5533223603001938,5.01543752009591,3.8288107244410265,5.01543752009591,1.0,1.0,1.0,1.0,1.0,1.0,0.11801519314179912,-0.3945505724516127,-0.591221453812626,1.5030669098712865,0.8622117844637527,0.6408093410716433
0,-3.2481832641930737,0.9016514708969803,-2.9271237489846897,0.9016514708969803,0.0,0.0,0.0,0.0,1.0,0.0,-0.20035586386143875,-1.651987410039053,0.13459346613650142,-1.4235965974601212,0.0653752935705687,-0.4953053753909304
1,-0.253790014499921,-0.6041891131890674,-0.6041891131890674,0.7495000874291515,0.0,0.0,0.0,0.0,0.0,0.0,0.050442727842504774,-0.7025582818024143,0.8684285880594244,1.012933076252085,0.834072568249672,-1.0046548813101877
0,1.482695654886443,1.6716915278889175,1.2934393711513674,1.6716915278889175,1.0,1.0,1.0,1.0,1.0,0.0,-1.4027353708938113,-0.8262638785544957,-2.4037396148746537,-0.5176966301652766,-1.7682207413044113,0.3199257681945238
0,3.379185861025235,4.680724355001641,2.9889289415824507,4.680724355001641,1.0,1.0,1.0,0.0,1.0,0.0,0.6646959581299758,0.7380682510043324,0.7050243358365431,-0.006099196042968859,0.5147044471292399,-1.073627261959866
0,5.613866116972582,7.822967792817513,5.462384566120225,7.822967792817513,1.0,0.0,0.0,1.0,1.0,0.0,0.9870341892833946,2.507065856775897,-0.4195643121261287,1.7408651654238467,0.7408797210891571,0.3824926991019836
1,5.441687358945446,2.532348264022108,2.532348264022108,5.159525378701869,1.0,1.0,1.0,1.0,1.0,1.0,-0.3333586868370312,-0.3822673551745107,-1.2554111479317085,-0.03272874988763866,0.49170018051558106,0.7666823593754115
0,2.170043077767007,1.0428429703645645,1.0914755678062407,1.0428429703645645,1.0,1.0,0.0,1.0,1.0,1.0,0.21123071304873695,-0.4416196878950984,0.7395957913457958,0.15553408544109615,-0.9290063445407243,-0.6003300982659644
1,6.496810390502337,4.970353521559354,4.970353521559354,8.234996762198135,1.0,0.0,0.0,0.0,0.0,0.0,2.7539013804835926,0.9044323243222635,0.21586310045901816,0.9636547671679282,2.284447726991653,-1.6150262383930287
0,1.4903274715249102,2.0910579668840876,-0.3118191172896711,2.0910579668840876,0.0,0.0,1.0,1.0,0.0,0.0,-1.003059067137207,0.38968550147197933,-1.0374726058458672,-0.4738095562633683,-0.5648106975019762,-0.7381925819545672
1,1.265979860154952,-1.7997887352118291,-1.7997887352118291,0.4892736741618581,0.0,0.0,0.0,0.0,0.0,0.0,0.6780568346863439,-1.4750844287845437,-0.2970960137752514,-1.3367350353417242,-0.5229587623225491,0.10996173051387426
0,2.124254580126305,1.8869786889768565,2.1213498231109185,1.8869786889768565,0.0,0.0,1.0,1.0,0.0,0.0,-0.22622490031139006,1.0574432460097625,-0.1698408085114988,0.6767305285874096,0.443572849738883,-0.021162346059369452
0,1.7890122708763039,3.678080493336495,3.3614691898170843,3.678080493336495,0.0,0.0,1.0,1.0,0.0,1.0,1.2838491605480578,1.6338047049963944,1.7696587123768854,0.5742252308198428,0.2829035153276923,-0.8707613927933073
1,6.487003665566717,5.467684911117312,5.467684911117312,5.196665237678992,1.0,1.0,1.0,1.0,1.0,1.0,0.7664853188279528,0.6673410323191858,-0.16066842685860716,0.7415306297762357,0.05001826338419799,-0.7406310237630046
1,-1.2213269041647554,-2.6903626212551104,-2.6903626212551104,0.47512456808900333,1.0,1.0,1.0,1.0,0.0,1.0,-1.9809365969730104,-1.7643257600282691,-0.15234513702711716,-0.48197744062327863,-1.4861182724579565,-0.8999569981014828
1,2.265878126719629,0.9091981672519027,0.9091981672519027,1.0442256557885015,0.0,0.0,0.0,0.0,1.0,0.0,0.5637510315559917,-0.2723673300454945,0.14890174832460815,-0.19436803865878954,-0.2735248689056555,0.28386228576300093
1,7.5726582116688785,3.003574350208621,3.003574350208621,6.855654597061184,1.0,1.0,1.0,1.0,1.0,1.0,1.060119234155533,1.1398802732323332,0.8166187143981676,2.356495208872502,0.8542978410369026,0.1534163243047526
1,1.0885561789268712,0.5980420766610669,0.5980420766610669,0.5668624953295904,1.0,0.0,0.0,1.0,1.0,1.0,0.15176539617333457,0.028658799011422653,0.15855881799678503,-1.6141551576921975,-0.5743114183097757,-0.46830771402609966
1,1.8086457119041583,1.1968013009880383,1.1968013009880383,3.494150456092415,1.0,0.0,0.0,1.0,1.0,0.0,0.38873810687284954,0.20459490333572355,1.0163572249737736,0.9278105405973907,0.20315135926262218,0.9056581099319232
1,1.991161368123164,-0.8818967249715393,-0.8818967249715393,-0.04993881660169475,0.0,0.0,0.0,0.0,0.0,0.0,1.109068328802937,-1.2711812499528221,1.121317052187087,-0.19856875032082333,0.9714410337851384,-0.1863633943947678
0,2.7881030925444996,4.246067814028916,2.347689162784978,4.246067814028916,0.0,1.0,1.0,0.0,1.0,0.0,1.2301416855810476,-0.23894243421004024,-0.2712015829834598,0.07744354270644051,0.09918518050618988,1.6258976219979693
1,-0.6211680969392219,-3.2058974147696975,-3.2058974147696975,-1.8747251057392726,0.0,0.0,0.0,0.0,0.0,0.0,-1.5012706633355246,-0.43264263485694004,1.6133532165076332,-0.3177057638441653,0.9178600470170621,0.24462058651405988
1,5.340253287006452,5.353893867374715,5.353893867374715,5.700789123200411,1.0,1.0,0.0,1.0,1.0,1.0,1.0999066864234648,0.1263421707411425,-1.3007823788579937,-0.07105641582053085,-0.5676530617540152,-0.8831727672024858
1,2.187806932893512,2.828171210725243,2.828171210725243,4.040143741280747,0.0,1.0,0.0,1.0,1.0,1.0,0.3261177805808394,1.1294059520170678,-0.46389481164855906,-1.184359855483674,0.45319708704005834,1.293418115978628
0,6.341390448801367,5.789848033298444,3.5455493633980537,5.789848033298444,0.0,0.0,1.0,0.0,0.0,0.0,2.022442019892228,1.9189484472248781,-1.0889788208595141,-0.6300466357490717,1.4103243447194571,-0.28955260318881393
1,3.871361971922392,3.091352160001647,3.091352160001647,3.573515773101962,0.0,0.0,1.0,0.0,1.0,0.0,0.19951544994485737,1.6066046522584094,-0.05990849886462529,0.7993235022220415,1.450529922034049,-0.23045960162542412
1,2.9232073071799842,0.839889058887217,0.839889058887217,4.6281409357747805,1.0,1.0,1.0,1.0,0.0,0.0,0.030853158207892136,0.506741296091032,-0.49816333452907796,-1.7652768406580777,0.8761850586140788,-0.7639230839618877
0,3.5312363070308255,6.3508039986120135,3.501834144971452,6.3508039986120135,1.0,1.0,1.0,1.0,0.0,1.0,1.1619588087786878,0.9953844359575676,0.8013834930332658,-1.3573321796445834,-0.32918452001943865,-0.2599902190745472
0,1.8270108051629783,3.4204835655273698,1.076678598941907,3.4204835655273698,1.0,0.0,1.0,0.0,1.0,1.0,-0.64223912645642,0.5127438122115873,-0.19743173069244835,0.830163912879282,0.2839702589415689,0.09655226703144112
1,3.887215680193691,-0.5325019115283252,-0.5325019115283252,2.3532714824231333,1.0,0.0,0.0,1.0,0.0,1.0,-0.20042752701465869,-0.014567164102700758,0.8995482908608256,-0.6225435798947003,-0.9198618379914066,-0.9330726098039037
0,0.03966434853995526,-2.0102225130115707,-1.8062874474658088,-2.0102225130115707,0.0,0.0,0.0,0.0,0.0,0.0,-0.823890846407106,-0.7361192527624476,-0.7240861346841773,-0.628332097158249,-0.38382615166763245,-0.958404479981241
0,-1.3132626640071674,-1.2660417566579865,-0.0865847710595451,-1.2660417566579865,0.0,0.0,1.0,1.0,0.0,1.0,-1.0288992956027898,-0.3615562346241224,0.8888935239035844,-0.35030494139183876,0.41262318549857396,0.9930148613761491
0,-2.87704010820729,-1.0122119830568144,-1.619276722003147,-1.0122119830568144,0.0,1.0,1.0,0.0,0.0,0.0,-1.715346746885288,-2.962658554437536,-1.2379702553431562,-2.7774351459686373,-2.0585243605841708,-1.0581779491445547
1,5.507798272666675,3.5419941171539984,3.5419941171539984,6.138064716281772,1.0,1.0,1.0,1.0,0.0,1.0,1.7704777615804004,0.5427719925303094,0.8869282709037238,-1.3459241535539375,-1.6784850099834459,0.8599164681334325
0,1.070952705543324,0.3937466441139337,2.3491509530613524,0.3937466441139337,0.0,1.0,1.0,1.0,1.0,1.0,-0.9975980649666002,-0.42803491982402314,-0.15910894417696136,0.16792453798742377,1.0095358291190772,-0.6099614273370522
1,3.004360322331798,0.43301902329807807,0.43301902329807807,0.9242829774639569,1.0,0.0,1.0,1.0,0.0,0.0,0.016174710993112833,-0.46571017629425804,-0.3488047878593444,-1.2677972683292518,0.33588913837458056,0.5870065983696431
1,-1.881252809713578,-2.6924804343437208,-2.6924804343437208,-1.9079837363800916,0.0,1.0,1.0,0.0,1.0,1.0,-2.253535967306184,-1.345915157806649,-0.7092375199752599,-1.3251845190788691,-2.6576529409086334,-1.9025390446576784
0,2.173218865566197,3.211508953207643,3.7834300109283046,3.211508953207643,0.0,0.0,1.0,0.0,0.0,0.0,-0.24332972639979503,1.5250914941271105,-0.3277844223727252,-0.27641076239423257,-1.2851890588901207,1.7838422077023872
0,-2.8027844301273372,1.0997240278285312,-1.8202259793315678,1.0997240278285312,1.0,0.0,0.0,0.0,1.0,0.0,-1.1663570822721996,-1.6676647617427163,-1.277443825605433,-1.3637362298730586,-1.6238207415785653,-0.9622381756617654
1,1.7421965925470049,0.9703301192436171,0.9703301192436171,2.4667936132970834,1.0,0.0,0.0,0.0,0.0,0.0,1.570006119609688,-0.3347209981727104,2.140725929333226,0.5422153041589605,-0.6095910873833399,-0.5075466299412039
