1,6.338648465793303,3.7632160565513124,3.7632160565513124,5.994764041195925,0.0,1.0,1.0,0.0,1.0,1.0,0.9024287627334882,1.7025748930203255,0.4388519475407426,1.0521743429625492,0.13898205195034874,0.41995960500083096
0,0.806489443367567,3.4141902496568717,-0.5602101191129876,3.4141902496568717,1.0,0.0,0.0,0.0,0.0,0.0,-0.8721574936899259,-0.07504141984695945,-1.8112147684048616,-0.27575637001675746,-1.4972554292353653,0.620209715482683
0,1.7549602024840234,2.7473138613999426,0.2722130090450068,2.7473138613999426,1.0,0.0,1.0,1.0,0.0,0.0,-0.3882702681518622,-0.6965090910376623,-1.4364720620860545,-0.0974147589657478,-2.1369309838298562,-0.05230115077612385
0,-0.3504884973488277,0.33761253066764496,0.9749768763096731,0.33761253066764496,1.0,1.0,1.0,1.0,1.0,1.0,-0.8299779260726986,-1.2945413131016246,0.0707532384784384,-1.4331020599477393,-1.7374856732607218,-1.171178377511786
1,-0.09237993328779381,-1.2619035189373393,-1.2619035189373393,-1.1374005469895554,0.0,0.0,0.0,1.0,1.0,0.0,-0.5982726375195461,-0.5380807093450531,1.0124287440441524,-0.18838413099800927,0.5413647857721087,-0.8151648047624269
0,3.617915715629967,6.348136985443127,6.142052444713279,6.348136985443127,1.0,1.0,1.0,1.0,1.0,1.0,0.9345467475806108,1.0110731567606772,1.1212844024094972,1.218211720562183,0.091713790730792,-0.22718309754035704
1,1.8478528237574552,0.12057623024872866,0.12057623024872866,1.2576171609009283,0.0,0.0,1.0,0.0,1.0,0.0,0.4976152254345468,0.03786278341790095,0.9314435028649684,0.509624611058881,0.003918640894252756,1.6204777282142797
1,3.207008546703176,2.8401875156859826,2.8401875156859826,2.427722854224555,0.0,0.0,0.0,0.0,0.0,0.0,0.42236606947502553,0.48134158377716524,-0.004207477527054415,0.13233161229145501,2.1254711975644325,1.2903242309761875
1,0.6611050219535579,0.3283715021079062,0.3283715021079062,-0.7310805333113024,0.0,0.0,1.0,0.0,0.0,0.0,-0.35399489320652266,-1.7357704759064205,-1.430548158247445,-0.6811022950509271,0.13036580279118104,0.7818685434538072
1,0.08090042588980728,-2.7853714303055392,-2.7853714303055392,-1.4206406682306287,0.0,1.0,0.0,1.0,0.0,0.0,-0.7577807716048794,-0.977708283068828,-0.06301244987656021,-2.428531801007738,-0.45050294263024604,0.25283152963150435
0,4.320294450912742,5.173099373065635,2.700272209265196,5.173099373065635,0.0,1.0,1.0,1.0,1.0,1.0,-0.007428858853639668,1.149217445666297,0.2078263413434592,0.6261745853228753,-0.4222191315729042,0.3169792083509585
1,4.291632655366954,2.3987871399623435,2.3987871399623435,5.890691711175428,0.0,1.0,0.0,0.0,1.0,1.0,1.8924389482550041,0.2648992230484722,-0.07550033608043405,0.26124663897456935,-0.13819892015994883,1.389951820319445
1,-0.04985260492503585,-0.087919634266025,-0.087919634266025,0.2970422004074682,0.0,1.0,1.0,0.0,0.0,1.0,-0.6681432389496307,-0.7928099113988101,-0.7472736786024945,-0.6429785461140824,1.2232276342094792,-0.5565091504839479
0,-3.359616995520308,0.10168001658566972,-1.6877129804892763,0.10168001658566972,0.0,1.0,1.0,0.0,1.0,0.0,-1.45080464494505,-1.0031638743092832,1.3379350631458475,-0.14381889726161035,-1.5703345545433547,1.1179048110287677
1,2.100810739018012,-0.11553960898046989,-0.11553960898046989,1.5605769448383089,1.0,1.0,1.0,1.0,0.0,0.0,-1.7218085245145385,-0.7525728429305238,-1.13512140340794,0.20226971990187864,-1.169121049783928,-0.1589013679741481
1,1.8666134181162364,0.7265082453498009,0.7265082453498009,1.5494109763083816,0.0,1.0,0.0,0.0,1.0,0.0,0.4322730861620751,-0.4151946808691754,-0.5775239019330747,-0.03784641957389376,0.9387408043123378,-0.8760518898747809
1,2.2208496601731325,2.258802994964738,2.258802994964738,4.568469375212677,1.0,1.0,1.0,0.0,1.0,1.0,-0.7527258018956857,0.6177319902099659,0.3985610159918044,-0.27067375405859956,0.4127616688868814,0.8781201901037099
1,1.6211938415814626,0.49331459856894605,0.49331459856894605,2.5567155591273503,0.0,1.0,1.0,1.0,0.0,1.0,0.43442232847351575,-1.0339114834775518,-0.05075235401958199,-0.5068377469702579,0.3488597379416401,-0.14548465720372455
0,0.9070884788485573,2.6008413754144586,0.8103082931984145,2.6008413754144586,0.0,1.0,0.0,0.0,0.0,1.0,-0.3130632364337251,0.035555106761675725,-1.3871294716902727,-1.2474893804001106,-0.21648213988814147,-2.240067116011982
1,5.416718026263783,2.0677228003809147,2.0677228003809147,2.957077777615691,0.0,1.0,1.0,0.0,1.0,0.0,1.2716373225105866,0.9225276045920642,1.2426370398974964,-1.0547058907884008,0.4633611307581599,-0.9673782681602989
0,0.8427890554189112,3.983693554976306,2.1553401417696563,3.983693554976306,1.0,0.0,1.0,0.0,1.0,1.0,-0.24383301649943945,-0.10518360289819573,0.2028432909090893,2.3628364290087425,-0.003161280443579495,-0.12807019524772495
0,1.904144321210648,3.6925755314817486,0.728424185501274,3.6925755314817486,0.0,0.0,1.0,0.0,0.0,1.0,0.40404921805401406,0.7067685266935491,0.3808383541805128,-0.11058316160217765,0.37482078972066035,0.877953979955189
0,0.8652577817164935,2.4085355773087214,1.5932487237260975,2.4085355773087214,1.0,0.0,1.0,1.0,1.0,1.0,-0.6256763332162555,0.6723047638141539,-0.38073376758939825,1.4893224016563051,1.3602344534288644,-1.0614591885522366
0,-1.515385798940709,-2.673386320582463,-2.047647914242593,-2.673386320582463,0.0,0.0,0.0,0.0,1.0,1.0,-1.135366934860502,-0.6137808384746533,-0.48638155972577635,-1.2125354857462367,-0.18311390742140432,-1.5112489831094285
1,0.35985379125755634,-0.7289392871471796,-0.7289392871471796,3.5658305674343724,1.0,0.0,0.0,0.0,0.0,0.0,-0.41567461157335794,-2.1002727130112704,-1.445759380406507,-0.22911672360730978,-0.41701875724139376,0.10280121320856694
1,-0.9236401626085439,0.3634690426490741,0.3634690426490741,0.32236010872872345,0.0,0.0,0.0,0.0,1.0,0.0,-1.7066575594837379,0.4654468941798262,-0.7841157891605379,0.12820698198790362,-1.8890436923038574,0.10649108708067667
1,-1.9559172141784278,-0.568912751834245,-0.568912751834245,-1.6009864471299147,0.0,0.0,1.0,0.0,1.0,0.0,-1.6091310421536902,-2.082015570335826,-1.2870975220024692,0.22651331150441506,0.26580756359628765,0.23088292787748366
1,2.572739484120709,1.043774907483168,1.043774907483168,3.953256820700508,1.0,0.0,1.0,1.0,1.0,1.0,0.836341510849853,-1.3059124912149058,-0.5133417277020207,0.2773815405529831,-0.8159530518274478,-1.9976601319984109
1,5.770575759693096,2.913037965263011,2.913037965263011,6.188629065702792,0.0,0.0,1.0,0.0,0.0,0.0,1.5159743290876606,1.5996008132735002,0.0048425446105192504,1.4844247388442633,1.3266131572682895,1.88451813061222
0,-3.0041837877212947,-0.015113451175169629,-1.3731809020078078,-0.015113451175169629,1.0,0.0,0.0,1.0,0.0,1.0,-1.9107231912169493,-1.394315047222713,-1.6071228376948474,-0.972406012084388,-0.3341230789322407,-0.3334879732795055
1,1.2577888973879472,-0.3727842087060848,-0.3727842087060848,-1.0761884643716728,0.0,0.0,0.0,0.0,0.0,0.0,-1.269689488692819,-0.28819320393607345,-1.2740028784841013,0.2949881318469714,0.05703043644388692,0.6866800266332269
1,4.387025924303514,0.8851751797993623,0.8851751797993623,4.008066880275897,1.0,1.0,1.0,0.0,1.0,0.0,0.4840503374258856,0.16125414515146796,2.0243774451023273,1.3580297091972269,0.2914768096979493,0.3754318065395947
1,6.152560875147187,2.284773012654057,2.284773012654057,3.415425519742209,1.0,1.0,1.0,0.0,1.0,1.0,-1.3392675470041397,1.0415449713406755,0.6141845966505275,0.5605140220439881,1.4898900430074655,2.503014555942836
0,1.2514100587217145,1.7397854413033969,0.8469570450555506,1.7397854413033969,0.0,0.0,0.0,0.0,0.0,1.0,-0.06701705756505001,1.5359725231973793,1.0237750427859238,-0.36083627614699654,0.32753677822871713,0.3289021519884695
1,6.357607254764224,2.8983890218956456,2.8983890218956456,6.111472144187229,0.0,0.0,0.0,1.0,0.0,1.0,2.3806701831448347,1.8495731403877396,1.3246004293911295,0.6564868725412067,0.10599245424685577,0.03673704411778145
0,-0.16787081005706805,1.9851388963730194,-0.07275583521592277,1.9851388963730194,0.0,0.0,0.0,0.0,1.0,1.0,1.2735160092380344,-0.5918294408193276,0.3662161238136544,1.3776506858100568,-0.06593444061071486,-0.8507423475332574
0,0.8687066023171197,2.5342865657749742,2.384405829333075,2.5342865657749742,0.0,1.0,1.0,1.0,1.0,1.0,0.15963586883603811,-0.7074477546056052,0.5260396883185496,-0.482088668378321,-0.5491890560546071,1.7302519453590182
1,3.237131111549429,4.88628688288008,4.88628688288008,4.027315584162264,0.0,1.0,0.0,0.0,0.0,1.0,1.6830678386767202,0.5369493795695921,1.101894108316875,0.029691399615662473,2.4665751318786118,0.5319220422624953
0,-0.6804981625660329,0.6944377254600518,-1.3945127398831407,0.6944377254600518,1.0,0.0,1.0,0.0,1.0,0.0,-0.4401481184606651,-0.8738245238032076,0.6441498980636877,-0.6646492778920914,-0.5476760623037648,-0.7500746546413463
1,8.96854911812368,6.392513602648417,6.392513602648417,10.157527291264138,1.0,1.0,1.0,1.0,1.0,0.0,3.3509188719800664,2.0567354299575324,1.8961787970306068,-1.1148132691772212,2.081197716344104,2.617823540735171
0,-1.3266494736808268,1.5712705806271017,-1.9885647304885208,1.5712705806271017,0.0,0.0,0.0,1.0,1.0,0.0,-0.8099537396891828,-0.5384152163614105,0.4791105783029276,0.6215219917979838,-0.4196643777233076,-0.18359936421110562
1,0.02553161148028682,-1.3780918423036497,-1.3780918423036497,-0.4724731578206147,1.0,1.0,0.0,1.0,0.0,1.0,-0.9067520116252158,-0.9866024882779388,-0.7501962155947233,-1.4103135102090598,-2.14567860010641,-0.09743265494068976
0,1.007789512609214,3.6621069923520575,0.28494749112186546,3.6621069923520575,1.0,1.0,1.0,0.0,0.0,0.0,-0.07120152538057711,-2.013576998275441,-0.8297937270638835,1.7283373503526385,0.6286262050354539,-0.4708430708874251
0,3.888776945449811,4.1498745477037255,2.87429170877051,4.1498745477037255,1.0,1.0,1.0,1.0,0.0,0.0,-0.4937287415102616,0.5957370053714063,0.26626737283081314,0.03662393417331414,0.9048166610323279,-0.10883573389501572
1,2.715481759318206,3.1017394140140784,3.1017394140140784,3.1392055458421413,1.0,1.0,1.0,1.0,0.0,1.0,0.21535245835249042,0.0023610603516474316,0.8381737523785415,-1.424667143982037,0.2978211921654718,-0.018558510408142825
0,4.651397649223033,5.682870882673559,4.9972507604804495,5.682870882673559,1.0,0.0,0.0,1.0,0.0,0.0,3.0277741918590073,0.8920319549952227,0.5276913126920018,-0.07011917311982865,0.5441444753977351,1.231819310367301
1,3.449715499879648,2.014744157359191,2.014744157359191,2.3386579316925347,0.0,0.0,0.0,0.0,0.0,0.0,1.558404139598298,-0.9184804822912054,0.14543244005889996,0.31129754273305543,1.6374181110136115,0.31480404735507705
0,3.201766335939776,5.807282851872535,3.216528066985593,5.807282851872535,1.0,1.0,1.0,1.0,0.0,1.0,0.48998151383243677,-0.6374661032968001,-1.7047799365849015,-0.6661100238781328,-0.2900738787908525,0.314667188139664
0,1.5901249557161474,2.232327971020892,2.764505506820947,2.232327971020892,1.0,1.0,1.0,0.0,0.0,0.0,-0.835837196849132,-0.4702003104579481,0.5868036658309657,0.0267170433084368,0.2406760133812974,0.6579696670657411
1,5.391926109355609,3.2036508728259867,3.2036508728259867,5.863238082260289,1.0,1.0,1.0,1.0,1.0,1.0,0.5509120687531752,0.7244074234752602,0.09198915279223635,1.043846503721559,-0.2460863103453736,0.1969465865296148
0,-0.8341572500743564,-1.3729071781422957,-0.5515304767045491,-1.3729071781422957,1.0,0.0,0.0,0.0,0.0,0.0,-0.7930807457973974,-1.2129797117912666,-0.9107388336883409,-1.7723623199503191,-1.2763914812820536,0.7223720714981821
1,7.0531461362079595,5.1529322905341,5.1529322905341,6.587742433334396,1.0,1.0,1.0,0.0,1.0,0.0,0.21149027776570953,2.5285432270514887,1.5678508381113716,1.6075104210799136,1.0030355431032376,1.455089269133028
1,0.3298139331175224,-1.0377033092927863,-1.0377033092927863,1.4062954269453365,1.0,1.0,0.0,1.0,1.0,1.0,-2.765325748386255,-0.3967114347269366,0.22909939424962023,-0.11807952983426946,0.3057847855272306,0.8487327949850056
0,0.9324037750857657,3.4067057176300026,1.9088145631134954,3.4067057176300026,0.0,0.0,0.0,0.0,1.0,0.0,2.741436376164611,-0.45165599297273884,-1.0868234962671863,-2.4150163352443124,-0.498106453410165,-2.093283156862172
1,-2.1018141924839147,-2.935092612695233,-2.935092612695233,-0.21270187891076153,0.0,1.0,0.0,0.0,0.0,0.0,-1.920167064796126,-1.7172010755309968,-0.24042165884114264,-0.2372712738506325,-0.6424616581989038,-1.558415677730025
1,1.4209120900622887,-0.11229409506826382,-0.11229409506826382,1.689494725095932,0.0,0.0,1.0,0.0,1.0,1.0,0.44904078560172095,-0.39044000520178496,-0.011881153663930388,-0.5647703739273731,2.5989539341217385,-0.379174360329979
0,-2.2639604705072656,1.5646182925056635,-0.2705971820653288,1.5646182925056635,0.0,0.0,0.0,1.0,0.0,1.0,-1.2966122912941282,-0.34701510792778884,-1.1155101648236152,-1.4246222324376752,-0.05661929656983733,-0.9410018174836938
0,2.659696427541485,4.815576722480471,2.029239133721598,4.815576722480471,0.0,0.0,0.0,0.0,0.0,0.0,1.9102091515294652,0.8921630558792836,0.4078537967091914,0.42137613981819133,1.9933288219576357,0.6197161775433365
0,-3.021124242988022,0.6078479790755769,-0.22531949973672583,0.6078479790755769,0.0,1.0,0.0,0.0,0.0,1.0,-1.3682954191268355,-1.152557087002117,1.2286719253548695,1.7314136039634018,0.6620888183687106,0.32302116384347523
1,3.6060145886887294,-0.22705388753729294,-0.22705388753729294,2.1784639320474635,0.0,1.0,0.0,1.0,1.0,0.0,0.5971447808002308,0.8962019367154741,1.4403911458133618,0.24426461447553205,1.209499894193752,-0.04297711823722539
1,5.806982680874436,2.6909213996746293,2.6909213996746293,3.408307572556864,1.0,1.0,1.0,0.0,0.0,1.0,0.3412006400863235,0.8381988642777224,0.9534132705610746,-0.7836601758611551,0.5120489841267091,0.4731670836972799
1,1.5452651182427357,1.5290488336265806,1.5290488336265806,2.6690443969351683,0.0,0.0,0.0,1.0,1.0,0.0,0.9342783824640046,0.23967320353144378,-1.4533963350621144,0.3343312527708967,-0.2845388226557689,-0.8488157736520849
1,4.801149205520303,3.967881667017894,3.967881667017894,5.69368962750374,1.0,1.0,0.0,0.0,0.0,0.0,2.2506578518500615,-0.5219489802008802,0.24492691352031115,1.3587536483452294,1.0498277091677668,0.09108528318050882
0,-0.4051163654867882,-2.7988032994093315,-0.49547927496730415,-2.7988032994093315,0.0,1.0,0.0,0.0,0.0,1.0,-1.6700069049196005,-0.41518309153430255,-1.0909711329813467,-1.9606413156466709,-0.4647821373321821,-0.35632936818716826
1,1.3737376313995178,1.4094472426142004,1.4094472426142004,3.4988589587608794,0.0,0.0,0.0,0.0,1.0,0.0,0.17583969514568298,-0.26566199750161507,-1.2094304190272098,0.5361041292238151,1.4315781245764232,-0.24465619871761307
1,9.076668459797451,3.1707925488466366,3.1707925488466366,5.539510272289445,1.0,1.0,1.0,1.0,0.0,1.0,0.7898298909801859,-0.7463977717992256,-1.399749824052321,-0.26895813483191017,-0.12464270658642035,0.559786735248198
0,1.1377634526286429,3.232027336038987,0.9986748447519224,3.232027336038987,1.0,1.0,1.0,1.0,1.0,1.0,-0.5548853136119211,0.35544481822960516,2.341869531050125,0.1636573432110828,-0.019971218465289042,0.8507338617288986
1,0.2702634786139386,2.777574657408163,2.777574657408163,2.815254773979998,0.0,0.0,1.0,0.0,0.0,0.0,0.38042907230608286,0.7781260460668248,-0.22393928206363453,0.3313662420638718,0.06963206761886476,-0.07711600215715174
0,0.9350942206133099,4.071195920700867,-0.2358829336462791,4.071195920700867,0.0,0.0,1.0,1.0,0.0,0.0,0.7283525862228537,1.078779331978828,1.0583111797871665,0.8130689116162679,1.4678602367995475,0.3621655549472419
1,4.3590721036833,0.8152039306611449,0.8152039306611449,0.5157354681483641,1.0,0.0,0.0,0.0,1.0,0.0,0.5996464266355026,-0.8363685170086724,-0.2978335184776314,-0.32115753558352056,-2.528585350804446,-1.111840587463665
0,4.126512866090471,4.510918142298636,3.449528034689405,4.510918142298636,1.0,1.0,0.0,0.0,0.0,0.0,-0.5114260952218033,0.6461852974423465,-1.6241702692205746,0.011510143242672799,0.9368137419169644,-0.6971414992059057
1,2.5730721401153915,2.3003170689267476,2.3003170689267476,3.1485582343217047,0.0,1.0,0.0,0.0,1.0,1.0,0.4078152371365043,0.9588117307188704,0.7941942880550744,1.2506404588285263,0.9699369296658069,0.041772729793927654
0,-0.5566496263390875,1.5936623443588878,2.492922914265022,1.5936623443588878,1.0,0.0,0.0,0.0,1.0,1.0,-0.2071165687085057,0.4775727509253173,0.10792794106169316,-0.7112211798936732,-1.6168927627985992,0.32764560963134054
1,2.5452948505459405,0.2923591338235966,0.2923591338235966,0.07271005150890297,1.0,1.0,0.0,1.0,0.0,1.0,-1.4996682534801855,-0.25103647772684357,0.23381100634296575,-0.19918607728252902,-0.7153105980087164,0.746264863852535
1,0.31575899605085894,-1.0455253096680066,-1.0455253096680066,0.3617230622782725,0.0,1.0,1.0,0.0,1.0,1.0,-1.1086602180118414,-1.0209682608965627,-1.05295070857202,-1.429021400811972,-1.164051111005281,-0.9431516556342305
1,5.329037044395628,0.8650904983522645,0.8650904983522645,2.4503476219721123,1.0,0.0,1.0,0.0,1.0,0.0,1.361723505730815,0.38350616452727443,2.0360172267912935,1.4983652040932345,0.4183143617601402,-0.06724030941687997
1,1.7485864553318886,0.4527239215853176,0.4527239215853176,2.5957011105491357,0.0,1.0,1.0,1.0,1.0,1.0,0.18681222144567344,0.03546313679365587,-0.1881724153827284,-0.27337874923842764,0.5088613394317926,-2.618426206760957
0,0.038859682929339806,2.760477396860839,-0.7456672925354701,2.760477396860839,1.0,0.0,0.0,1.0,1.0,1.0,0.3955673718973561,-1.1371860771799693,0.2116216887494054,-1.1395788715660065,-0.4005222999710559,-0.3431906926869148
1,5.284907043328881,3.7460716520005706,3.7460716520005706,4.313660057336749,0.0,0.0,0.0,0.0,0.0,1.0,1.8814037228554885,1.4151325955225564,1.065474496014976,-0.17444782778842566,1.0688633446117235,-0.4152219336467412
1,5.968048447378092,4.007210501932444,4.007210501932444,5.898492436160684,1.0,1.0,1.0,1.0,1.0,1.0,1.4856061189840504,0.8951651724700599,-0.8130046315264066,-0.6511767713844752,-0.8994681666947232,1.2251747318236097
1,5.28018707637575,5.87131004051821,5.87131004051821,4.587395089725172,0.0,1.0,1.0,1.0,1.0,1.0,0.08958073614420682,0.9514098237889067,0.3250684488370069,-0.31501832547410635,-0.6675343217988291,0.3433255121732105
1,4.740943108462652,3.0666654948217067,3.0666654948217067,7.335973904800058,1.0,1.0,1.0,0.0,0.0,0.0,0.8129119905905509,0.09974148871374278,0.7405535941547319,0.24478693293302442,0.0020413907641639306,0.10056449995076072
1,3.7119295893617656,2.2153865719193835,2.2153865719193835,4.682594950652247,1.0,0.0,1.0,0.0,1.0,0.0,0.3536696061107485,0.31634339646186865,0.2509734701820632,-0.2564295350700999,1.340306231941415,-1.2840603167543219
1,2.2507401362990316,1.889655565952363,1.889655565952363,3.7778714493730474,1.0,0.0,0.0,0.0,1.0,0.0,-0.719124958586122,0.4405192363446937,0.6391797961125104,0.6095174570921711,-0.001976719205489076,-1.3690068340287835
0,2.617704972662814,4.529362753277607,3.3675688327393694,4.529362753277607,1.0,1.0,1.0,0.0,1.0,0.0,-0.10792995476503585,0.8775046963357089,0.04126047543525818,-0.9987940262982484,0.07808247845563086,-0.909567017603157
0,-1.8064303472308005,-0.4051074425039992,-0.46946709487670835,-0.4051074425039992,0.0,0.0,1.0,0.0,1.0,0.0,-0.2907686696918842,-1.0995616573485723,-0.9414742146268271,-2.3772504959589047,-1.0070158419852309,-1.3862366710805025
1,0.6637737907526251,0.553872334009713,0.553872334009713,0.9316289195144014,1.0,1.0,0.0,1.0,0.0,0.0,-0.18929841369609207,-0.8689419898847031,0.3517415187912799,-0.23318501732158134,-0.592756746464173,0.36129519049157766
1,3.5427973089477325,-2.637796885026453,-2.637796885026453,0.8774520517378084,0.0,0.0,1.0,0.0,0.0,1.0,0.20455434265965872,-0.5667789161726714,0.23734108822490607,-0.7635234122575467,-1.484789826865076,-1.0396334272807168
1,0.06874511980401565,1.996515261382079,1.996515261382079,0.5946673430314829,1.0,1.0,0.0,1.0,1.0,1.0,-1.605679390447399,-0.2445109021715094,0.2605725845308349,-0.5023092332273754,-0.663812496897703,-1.238639144746052
1,3.228618839744618,3.2852357655362034,3.2852357655362034,5.11937028173901,1.0,1.0,0.0,0.0,1.0,1.0,0.8319676545485827,1.1575982992781395,1.7339073338910331,1.1249277374777509,2.1629542614606714,-0.06561163439058615
0,-1.9012718295954447,0.40315925360665233,-0.7703813983607438,0.40315925360665233,0.0,0.0,0.0,0.0,0.0,0.0,-0.20486479137341518,0.36295485916351145,2.541463055225767,-0.33664155268766294,1.866941491235401,0.7600594613740228
0,-0.0676267148962103,1.7602086114325408,-1.8216470748490456,1.7602086114325408,0.0,0.0,1.0,0.0,1.0,0.0,-0.7033423374346476,1.7822395938472808,1.5984507765866058,-0.016321360629232815,-0.5539267470730588,-0.08885981885869332
1,0.01595070949258859,1.1893179957564146,1.1893179957564146,2.063318809824663,0.0,1.0,1.0,1.0,1.0,1.0,-0.17526287573824775,-0.653264389867034,-0.6052449907898647,-0.7932387124773996,-0.656579415155301,-1.2781612793755412
0,2.6326161577066185,5.364037840842409,4.8924757776910015,5.364037840842409,1.0,0.0,1.0,1.0,1.0,1.0,0.0868859571533853,1.271692417095578,0.2848801937837919,2.666788209848469,0.7588911998366855,0.03592671034067185
1,5.859408786677216,4.754124697509034,4.754124697509034,6.8648418190288965,1.0,1.0,1.0,1.0,0.0,0.0,0.9054014015796723,1.037532345834453,0.8900010367907673,1.1294916505862809,-0.7934645479449125,0.14060015674455692
0,6.762451750628201,9.01969926340705,6.720976816000666,9.01969926340705,1.0,1.0,1.0,1.0,1.0,1.0,1.8587188642758443,1.2065979687149713,-0.9216585215205033,0.27734157635354695,-1.1043652698327984,1.1486339565760513
0,-1.6500535155231528,0.5764950639999105,-0.6378158203619689,0.5764950639999105,1.0,1.0,1.0,1.0,0.0,0.0,-2.4270085951676323,-0.4986805043991629,-1.0984820000134692,-1.821569115238421,-0.7230911006835853,-0.5871062190439437
1,4.465656337046061,0.3199869216939296,0.3199869216939296,4.198270415971104,1.0,0.0,0.0,0.0,0.0,0.0,-0.42631456065015105,1.3287153360142363,0.9869519240231736,0.18273107740214029,-0.16074701520863166,0.8578201526750102
1,-0.07054105169790903,-1.3974667606974156,-1.3974667606974156,-0.2060347070740161,0.0,0.0,0.0,1.0,1.0,0.0,-0.03565123507143608,-0.15098015371158502,1.9448129538295227,-0.7254505198935088,1.6751931018478983,0.7218347732005321
0,-1.961027406922377,-1.606348859755376,-2.493671420599126,-1.606348859755376,0.0,0.0,1.0,1.0,1.0,1.0,-1.905681649218253,-0.9148500770862277,0.6269038161041289,-0.5553506467298759,-0.5986808060329665,-3.522083926969647
1,3.074644716192678,3.1255734242218525,3.1255734242218525,2.688628097508645,0.0,1.0,0.0,0.0,0.0,0.0,0.5274486033366834,1.0178005569213864,-0.6164823401092281,0.566047108766406,1.0754904150174054,2.894930932397137
1,-0.31825329881688,2.2004178766503566,2.2004178766503566,1.7084341828541638,0.0,0.0,0.0,0.0,0.0,1.0,0.5434289877712741,-1.049379907918433,-1.0396381851416894,-0.8423617172411109,-1.4793149151848066,-1.344866841179981
1,3.981131194928593,3.8670227413930296,3.8670227413930296,5.318978649390459,1.0,0.0,0.0,1.0,1.0,0.0,1.379915340147351,0.27221238730657266,0.3154520835485414,-0.4030960859141389,-0.12800442777185345,1.3646080643099652
0,-0.08567594007559133,-0.2611606534660862,-0.45165601218727625,-0.2611606534660862,0.0,1.0,0.0,0.0,0.0,0.0,-0.1752576406736783,-0.9869294844531227,0.3576477593647847,0.31690393115639626,0.928126980357644,0.6567432110748939
1,4.943857542496044,3.324375615112036,3.324375615112036,5.672326357867668,1.0,0.0,0.0,1.0,0.0,1.0,1.573279794293982,0.5454216029107121,1.292063250758476,0.30049243159250466,0.9607931379397038,0.7800967411650354
0,0.524077016123873,1.6502701288162689,1.5778930265115907,1.6502701288162689,1.0,1.0,1.0,0.0,1.0,0.0,-0.698335016818184,-0.7360819665930887,0.17391620802851498,-0.9237218332256671,0.41044007185219944,0.6590779022620004
1,2.9772443277080543,2.689926333118466,2.689926333118466,4.912052248257634,1.0,1.0,0.0,0.0,0.0,1.0,0.9825298612889412,-0.8058569747587359,-0.73837430450554,-0.7022086739877311,0.9799569242211578,0.18122707009386405
0,3.2791695257356395,7.228768134922703,3.8897501684889,7.228768134922703,0.0,0.0,0.0,1.0,1.0,1.0,1.652876772665002,1.833843954569869,-0.5369711577001693,0.08839641958235434,1.7630330551920363,-0.045833008206150994
1,1.4186732381041673,-1.0383247442779484,-1.0383247442779484,1.6585608186085876,0.0,1.0,0.0,1.0,1.0,0.0,-0.6720258268484413,-1.4082049932667329,-2.1974094939039834,0.2018580029523675,-1.1846610861433065,-0.48481120232363306
1,2.691025006508073,2.5260430400563942,2.5260430400563942,2.4800997299548064,0.0,0.0,0.0,1.0,0.0,0.0,1.1972010960237314,0.5184700108494906,0.15183734724615616,-0.9753246291970348,0.26674884524720605,0.6280182235061498
1,4.125048469019931,2.6882652032985375,2.6882652032985375,2.009088305197964,1.0,0.0,1.0,1.0,1.0,0.0,0.30380280169393675,-0.08894645795454292,-0.9224173945822259,-0.3905644077870587,-0.6200108320729695,-1.1298109280822384
1,2.8367120096009697,4.068758380456928,4.068758380456928,5.44846479985325,1.0,1.0,1.0,0.0,1.0,0.0,-0.08412581312011236,0.06838790753250613,0.37665916323423376,-0.9682203203328466,-0.08162857911780468,0.19260854782999748
1,3.9899238450861065,3.0351373152986403,3.0351373152986403,1.246888818193337,0.0,1.0,1.0,1.0,0.0,1.0,-0.5491182425227267,-0.5876589656328459,-2.4230269109679785,-0.2087893329424934,-0.45722886818047004,-0.9808759717246076
0,3.55096535499771,2.4934191295872195,2.1491863637608315,2.4934191295872195,1.0,1.0,1.0,0.0,1.0,0.0,-0.19648101843239207,0.644338037419746,-0.35542601578485167,0.34884732264663304,-1.1963376169207702,-0.3055784502229728
1,4.2242558112844595,3.0446591079755088,3.0446591079755088,3.0949230092591544,1.0,0.0,0.0,1.0,0.0,1.0,0.4943417774174149,0.5185275906656974,-0.7675401589837524,-0.3003424254954494,-1.2407495711388496,-0.33843500217781936
0,1.0554724618625557,0.5713714213494918,1.5457128033582084,0.5713714213494918,0.0,0.0,0.0,0.0,0.0,0.0,-0.13371379752531667,0.627249041422307,-0.17695631741258866,0.4882245413739392,0.930065244181765,1.3107410884014443
1,-0.41247608555132287,-1.0108185338336755,-1.0108185338336755,-1.0532113371290666,0.0,0.0,0.0,1.0,0.0,1.0,-0.3498329424314498,-0.2778537165570224,-0.04039401406321236,-1.635081312070008,0.21227831753128446,0.5328231600749236
0,-0.5047789219530489,0.7526412023903776,-1.0817152128424246,0.7526412023903776,0.0,0.0,0.0,1.0,1.0,1.0,-0.5689152863193876,-0.5167533842320555,0.3364920738688634,0.7904225741125088,1.432045169277146,0.5234831063043974
1,4.726170740389229,0.6389084754865197,0.6389084754865197,1.175138695315636,0.0,0.0,1.0,0.0,1.0,0.0,1.6921804502908842,0.3221676131495002,1.361481215689426,1.0523565821064658,-1.7827802894373077,-0.8853069801043354
1,1.286901256292507,2.121633306185749,2.121633306185749,3.839931755077894,0.0,1.0,1.0,0.0,0.0,0.0,0.5058451087083073,0.05002479228257005,-0.4346358222131319,-0.008196265900087263,0.47783157617090455,0.6141396274343984
1,3.576476771399891,-0.05359394709192822,-0.05359394709192822,1.0641727241258192,0.0,1.0,0.0,1.0,0.0,0.0,-0.0465534803342088,0.8216202942372216,-0.2013458123680406,-0.2868795697017218,-1.75654518580349,-1.409833934781191
0,0.9009937844803635,2.2572197487504875,0.5340041209059501,2.2572197487504875,1.0,1.0,0.0,1.0,0.0,0.0,-2.904205626215066,0.3310399570387199,-1.4012973900081915,0.20615812083876248,-1.4031182087711502,-1.1884918105936362
1,4.553887293597998,3.329248612397315,3.329248612397315,3.853574276300619,1.0,0.0,0.0,1.0,1.0,0.0,0.2676812482329654,1.446633948865899,2.568789828417579,1.132579288389485,0.7392990114658631,-0.49543402670332637
0,2.614635415432298,5.63089342274747,4.032852529253459,5.63089342274747,0.0,0.0,0.0,0.0,1.0,1.0,1.692392643071898,1.0938064920002262,0.21459876215386853,-0.11846043244539556,2.2074988700029725,-0.2575548246505206
1,2.6471795323769514,-0.32292925019478,-0.32292925019478,1.7269478462512253,1.0,0.0,0.0,0.0,0.0,1.0,-0.38561785527472286,0.33452211133259563,0.39830015976269256,0.0878917282350789,1.1454569036938012,0.15925578835780035
1,4.12379723034599,3.211630312988132,3.211630312988132,5.074790395145461,1.0,1.0,1.0,0.0,0.0,0.0,1.4196250066766234,0.1686769830819509,0.7290933981706798,-0.055121753682074406,1.7042637144294428,1.008313490997356
1,0.8424687573802206,-0.7929673243497416,-0.7929673243497416,-0.8816863348450168,0.0,0.0,1.0,0.0,1.0,1.0,-1.078980387403447,0.10894571284733895,-0.20251068375475567,-0.39215440890158376,-1.1216020021314475,-0.1425436461464511
1,0.8889978250085775,0.16734759213562378,0.16734759213562378,-0.40435230449557724,0.0,0.0,1.0,1.0,0.0,0.0,-0.40754472531275837,0.3882625018891148,0.8600004640779023,1.3627842510477948,-0.22084868271093866,0.24914676066707875
1,-0.8599659955973018,2.140475728710354,2.140475728710354,1.3727117997681408,1.0,0.0,0.0,0.0,0.0,0.0,-0.7502870590081656,0.18756899949388633,0.7584505622182852,-0.4834385680107351,0.10497376504929812,1.5249363291523872
1,7.063162558576446,1.932050899638812,1.932050899638812,7.055253110545133,1.0,1.0,0.0,1.0,0.0,1.0,1.1043030970313676,0.9029494906253643,2.2963250136220643,1.6254678786526124,0.7044065385191609,0.6074895430019283
1,4.060834139009772,1.9921796612574516,1.9921796612574516,1.9623832300772346,1.0,1.0,1.0,0.0,0.0,0.0,-0.6756641379091741,-0.22233851427180967,-0.7746812031986194,-0.2302646340343858,2.5086536806438278,-0.35715722420682694
0,1.81183242525477,1.133860258478762,0.03717621330341836,1.133860258478762,0.0,1.0,0.0,0.0,0.0,0.0,0.30597969161106836,-1.6657940338861215,-0.5724807875093254,-1.0702929887573724,-0.8324643567238106,-0.7857224122552584
1,2.993869268232001,0.8864219831646323,0.8864219831646323,3.353024768539757,1.0,0.0,0.0,1.0,0.0,0.0,0.7308742623068922,0.5907812937192622,1.5477331288384235,0.6740992776715695,0.709137032100845,1.118027148672271
1,5.614864644576836,3.2687890774095236,3.2687890774095236,3.4326038363273463,1.0,1.0,1.0,0.0,1.0,0.0,0.17456456916281973,0.4818503136683864,0.6772397235956928,1.0863696145989143,0.6799672100699066,0.1968783226120604
1,5.263463601747899,4.319424586774439,4.319424586774439,4.842393545088277,1.0,1.0,0.0,1.0,1.0,0.0,2.122689874152046,-0.19786184174830168,1.0699489292242694,0.21495054844280848,-0.3519084397816349,0.5823343100842824
0,0.01970629060742146,0.6375972708571118,-1.1423488981720993,0.6375972708571118,0.0,0.0,0.0,1.0,0.0,0.0,0.6595004032573805,-1.9771769938557626,-0.276270466054594,-1.3578161224661995,-0.9269889360607668,-0.25277056695215794
0,1.251301048283285,3.2620859314556756,2.581079275164244,3.2620859314556756,0.0,1.0,1.0,1.0,0.0,0.0,-0.3483604340890612,1.1546673604732889,-0.6239859031786863,-1.021274182641227,-0.3398049512311677,-0.08230340300716721
0,1.6957038287295136,2.3602346070698172,2.575200288329714,2.3602346070698172,0.0,1.0,0.0,0.0,0.0,1.0,-0.2812690841333659,-0.143394837869546,-1.5925124123244174,1.5324604881266117,0.6428501326664335,0.4917486861839779
1,0.0979090627412058,-0.5382174641313822,-0.5382174641313822,-1.2418520848752719,0.0,1.0,0.0,1.0,0.0,0.0,-0.8291646843253782,-0.06376383324245688,1.1352129300716134,0.156599814782906,-0.6499874689038251,0.22860874520158428
1,3.731381251907024,3.13416913877498,3.13416913877498,4.868318005343853,0.0,1.0,1.0,0.0,1.0,1.0,0.7212688531944571,0.8442612483361894,1.3192398376827066,-0.17543966672545622,1.2689215670257241,0.11927714076276097
1,3.462943105362712,1.8618207845623949,1.8618207845623949,3.6918238953337124,0.0,1.0,0.0,0.0,1.0,0.0,1.0389121183715184,-0.18634934652724222,0.3118605591244314,0.45066184246807206,-0.32491113617875556,0.44597703947253864
1,2.7102339933201414,2.579027938170422,2.579027938170422,1.7547893407871933,0.0,1.0,0.0,0.0,0.0,1.0,-0.12805043099996058,0.23306344916213112,-0.3981772013839899,0.6262292193826086,0.3868205268204836,2.1519209797362646
0,2.992993693109243,1.1688268566205446,2.209202554860173,1.1688268566205446,0.0,1.0,1.0,0.0,1.0,0.0,-0.5987758274984852,0.8563224725805769,-0.506069428178122,0.8396627000081626,-0.0017825637563005092,0.2194222843954004
1,0.28794331133275436,0.49657633857709826,0.49657633857709826,1.072607595057843,1.0,0.0,0.0,0.0,0.0,1.0,-0.6392732616420213,-0.255426817131108,0.6212366022584919,-2.409000002720218,-1.1724122285227232,-0.19032866283875494
1,5.408402191083982,1.9815511719637038,1.9815511719637038,5.578782446347388,1.0,1.0,1.0,0.0,0.0,0.0,0.23433181835331932,0.4028175149871409,0.7956225683786311,0.35510417642587144,0.9261712812531111,1.8039291080293836
1,0.9845061531654197,-1.0482927408315208,-1.0482927408315208,1.9057164374883802,0.0,0.0,1.0,1.0,0.0,1.0,-0.41795402538559084,-1.4554098645303655,-2.527266589034043,-2.2023041317100005,-0.3059165488961133,-1.486339887889223
0,-0.972185957732653,0.45031561006368637,0.9543337399035766,0.45031561006368637,0.0,1.0,0.0,1.0,0.0,1.0,-1.3364150440555556,0.49047083887033294,-0.4264494743065844,0.42746608419191057,-0.6457296651910827,0.42380155363647964
1,3.500142482116549,2.7006312442667717,2.7006312442667717,3.152674713987961,1.0,0.0,0.0,1.0,0.0,0.0,0.4784922470388132,-0.3994728093168955,0.11529281420542747,0.7486848141971095,-0.8345956208064673,-0.6642937716631699
1,2.430175204050575,1.902947777226867,1.902947777226867,3.932518351156817,1.0,0.0,1.0,1.0,1.0,0.0,0.31072641542252494,0.8432858435202364,0.24706259409632247,-0.3215292690110628,-0.6106246031882627,-0.18268531131489013
1,-0.12672629764468146,1.1715517578378964,1.1715517578378964,4.644370497315302,1.0,1.0,1.0,0.0,1.0,1.0,-1.3881421916866112,-0.23886482044668012,-0.6175056832930788,1.1609774561023933,-0.5798541772093576,-0.9785833368011978
0,3.5559632487973043,6.983257427280528,5.32643278401618,6.983257427280528,0.0,0.0,0.0,1.0,0.0,1.0,0.9807398271810209,0.9857724451589687,-2.936708901954536,-0.28725376332036734,-0.17877090128608458,1.0322267847306412
0,1.182242724321236,4.194434517675051,2.6259745059325708,4.194434517675051,1.0,0.0,0.0,0.0,1.0,0.0,-0.20716880907065974,0.7751491538020457,0.012656808417973953,-0.5363624468201188,1.2068426093070301,-1.0885830343901295
0,-0.47423385411223384,-1.8702080921974904,0.2364539700748518,-1.8702080921974904,0.0,0.0,1.0,0.0,0.0,0.0,-1.9054049175384111,0.019897701905906895,-1.657204850108601,-1.7622064907996167,0.08315169605616857,-1.1644722264184502
1,7.471755437936017,4.5227127766780555,4.5227127766780555,6.257792559314473,1.0,1.0,0.0,0.0,1.0,0.0,1.8570320014929276,0.028500217422552113,-0.23099940402614405,-1.4227688186497605,0.20862283453571695,2.060411292141719
1,3.0087990508035505,0.34489703602237926,0.34489703602237926,3.4757246539697553,1.0,0.0,1.0,1.0,0.0,1.0,-0.34616568465073183,-1.1139030333596796,-0.5159195872751633,-0.2128984550833535,0.8583836474531654,-0.18583190294235696
1,4.76283325867887,3.355537904605038,3.355537904605038,4.228768711214759,0.0,0.0,0.0,1.0,0.0,0.0,0.4251659947400108,2.1184762480414534,1.1628007227156254,1.5901961075246107,0.7703296192755471,0.6945886141839812
1,2.681948863586669,2.4622556934918127,2.4622556934918127,2.801603350147409,0.0,0.0,0.0,1.0,1.0,1.0,0.266789367169038,0.46261140913541954,-0.0745403482869376,0.2134257411943275,0.5409450458053726,-0.5330662240698842
1,1.1584737522161694,1.0843850967717517,1.0843850967717517,1.1331893995661961,0.0,1.0,1.0,1.0,1.0,0.0,-0.7107425619669971,-0.04150347159328299,0.41146960447408804,-0.4904137907808016,0.8495252357677244,-0.7793275204739893
0,1.0732316269382076,1.184914124018928,2.128419371712505,1.184914124018928,0.0,0.0,0.0,0.0,0.0,1.0,0.9714618637941086,1.253494778522474,1.9450644254385907,0.29505011169452955,0.2650852243882018,2.1260355577075893
0,-0.2726601682457532,-1.408253725510924,-2.619475926453313,-1.408253725510924,1.0,0.0,0.0,1.0,0.0,0.0,-1.4908445733419518,0.15046493484037698,0.24373801207492846,-0.7692581348806206,0.3705526655409168,-0.9690790365249929
1,1.5264226999906518,-0.9401434353429701,-0.9401434353429701,-1.578511347251277,0.0,0.0,0.0,0.0,1.0,0.0,-0.5590124829702863,0.9106898666248004,1.282333442161605,0.0020588802123315403,-0.9278670638554698,1.41623969052624
1,3.8059373393550673,3.112912077237934,3.112912077237934,4.388422781015254,0.0,1.0,0.0,1.0,0.0,0.0,1.342213950302165,-0.3587306952608109,-2.39876432562179,-0.8680673019522938,-1.5855615941408001,-0.65218173672999
1,2.9611356573028784,-0.5503261690862471,-0.5503261690862471,-0.12278259032407357,0.0,0.0,0.0,0.0,0.0,0.0,-0.1493208302383029,0.4365998595969512,0.07135689980093485,0.48249403358591253,0.08387504060516243,0.9087944588028365
0,0.8103285681398141,-1.3006326770168801,-1.8336915265609095,-1.3006326770168801,0.0,0.0,0.0,1.0,1.0,0.0,-0.6756402213012452,0.8405723946454378,1.647559315309635,-0.08187793643472926,-1.0164091948232614,0.3195476514754048
1,2.3427888447615524,1.1770820838257698,1.1770820838257698,4.229566412068662,0.0,1.0,1.0,1.0,0.0,0.0,-1.0232234027641915,0.6475936694496796,-1.3479317038887886,-0.2047422219068706,0.15083681598634746,-1.1911397712900857
1,1.1407851329533019,-1.4947839797149343,-1.4947839797149343,-0.12663304136610387,0.0,1.0,1.0,1.0,0.0,0.0,-0.8176096772250104,-0.34774842567798764,0.910037573360615,1.4557528816571734,-0.9871099875080794,0.38472787088467575
0,-0.2089089645865817,2.4555946273325953,0.848056367661717,2.4555946273325953,1.0,0.0,1.0,0.0,0.0,0.0,-1.093619739941156,-0.5946485992637901,-0.30804002640133477,0.3232115359480676,0.9502535710293447,-0.4228858330682447
0,2.289483000892856,4.60467799186237,5.153365191602107,4.60467799186237,1.0,1.0,1.0,0.0,0.0,0.0,0.39713647637904304,-0.02852502488496156,0.9679722722396096,1.2216441000188245,1.552709735112346,-0.07695904850022517
0,2.871757221251868,6.448145755165037,2.6855718323109246,6.448145755165037,1.0,1.0,0.0,1.0,1.0,1.0,1.4171434664437979,1.3857071422673668,1.0397425629316932,1.372326343507812,1.0996441384255717,0.8298448542494374
0,1.516522081499967,1.5006556214066622,1.26344455245675,1.5006556214066622,1.0,0.0,1.0,0.0,1.0,0.0,-0.7033152663399452,-0.16087942407140834,-0.7411399743460058,-0.5529981430188475,1.3506940065619124,-0.5594490755831062
1,4.381852254981661,4.291146399088343,4.291146399088343,7.148382636823529,1.0,0.0,0.0,1.0,0.0,0.0,1.7488982019075594,1.0689020733611656,-1.0581325095031144,-0.23397020500522991,-1.3744797568821783,-0.6313231286684218
1,2.350251180799001,-1.4789471290866258,-1.4789471290866258,2.3679936772907326,1.0,0.0,0.0,0.0,0.0,1.0,-0.47437507133976914,-0.33416353869113696,-0.048569601444313854,-0.3139148283847623,0.2447734985003362,-0.11335082641469871
1,5.057712858727498,3.7721212943144558,3.7721212943144558,3.5573266954490896,1.0,1.0,1.0,0.0,0.0,0.0,0.20715178676731838,-0.5359560370985638,-0.6337995021389493,-1.3414904934628187,-1.0891054716019652,-1.5536035051474157
0,-0.7924605073832982,0.07863519152789794,0.24102768113988904,0.07863519152789794,0.0,1.0,0.0,1.0,0.0,0.0,-0.6556793503982619,0.21895481519171572,1.0553011194136117,-1.4589755601688301,0.5915529115708068,2.1930816891265934
0,5.2352272126102815,8.023609097729347,7.628385654318355,8.023609097729347,0.0,0.0,1.0,0.0,0.0,0.0,3.0994483456868025,0.5901312741894041,0.019782132193713386,0.3615418585289124,0.5872924843339187,0.1601182044079057
1,4.6421882495297,2.9915894462949395,2.9915894462949395,2.651529751986695,1.0,1.0,1.0,0.0,0.0,1.0,-0.23746804902712024,0.7548141408635387,-0.21796197352758917,1.9990296476762428,-0.2671393307884199,0.019204822820173384
0,1.005663131411879,1.7412736989561557,1.4892041204182345,1.7412736989561557,0.0,0.0,1.0,0.0,1.0,0.0,-0.4865750030092125,0.933338836123487,0.43262483353989767,0.039768462211526585,-1.459224297654353,0.19476141036732963
1,7.259119501267336,5.686200145586718,5.686200145586718,5.789205804015744,1.0,1.0,1.0,0.0,0.0,1.0,1.7225960343715119,1.2958657194413683,2.153524783207086,1.375476967227942,0.6221842939119288,1.0702379426443065
1,-0.9479936519271149,-3.9903574457433146,-3.9903574457433146,-1.4372474930261614,0.0,0.0,0.0,0.0,1.0,1.0,-1.2621041825119537,-2.3695134392625468,-0.9545972461861709,-1.2215053639413493,-1.0751395021564298,-0.5583523417493539
0,0.09282137339118887,1.9714728422104932,1.8455360831223153,1.9714728422104932,1.0,1.0,0.0,1.0,0.0,0.0,-1.4567079159036729,-0.40918005316354816,-1.1568539065237489,-1.0654364630288748,-0.775444402855998,-0.15215760450351679
1,0.9147340337467287,-2.1213945706915514,-2.1213945706915514,0.2684897519077071,0.0,0.0,1.0,0.0,1.0,1.0,-1.0170739705551797,-0.6655965568359232,-2.128003862074139,0.09341083994177102,0.047821913709809594,-0.42499389385995057
1,2.479680789531353,-0.27365231306691207,-0.27365231306691207,1.1023477361689284,0.0,0.0,1.0,0.0,0.0,0.0,-1.4753508821385213,-0.29155789949494026,-0.7509647493215399,-0.4184135982254186,1.2142014556681326,0.7169210018454555
0,1.9453973081700338,3.858438234491943,3.8005253038298648,3.858438234491943,0.0,1.0,0.0,1.0,0.0,0.0,1.2562050989599987,0.6733590767420047,-0.9660165449538208,-0.12322015899442773,0.8376885638291531,0.506209499151071
1,1.9389764287923361,0.7252135226915066,0.7252135226915066,1.775200042805741,1.0,1.0,0.0,0.0,1.0,1.0,-0.2365792492054297,-1.14426224115507,0.13984049846680566,-0.7298131366803067,-1.3157266366679017,0.47011918194671765
1,2.7058551441535488,2.1854421936204282,2.1854421936204282,1.1323442842318219,0.0,1.0,0.0,0.0,1.0,0.0,1.0057808682824765,0.47399988931153153,1.1611661253865113,-1.9213356057940814,-0.7869019704880854,0.2885493349230234
0,4.0037311417961,5.16116924380801,4.865990347925564,5.16116924380801,1.0,1.0,0.0,0.0,1.0,1.0,0.8751146713789755,1.4067500065564498,0.20707074736492115,-0.6727190387479911,2.6826422052709495,-0.09715188030409094
1,4.80189554636663,2.6799683408233816,2.6799683408233816,3.960954336589363,0.0,1.0,0.0,1.0,1.0,0.0,1.2125747756434315,0.26122570716075355,-0.07294376835828453,-0.3015491639826431,0.3726993248307516,2.0415979820795984
1,5.51917130934574,3.310456344475374,3.310456344475374,6.175958377582468,1.0,1.0,0.0,0.0,0.0,1.0,1.1647440666522118,0.7971142904940345,-0.5766166692657985,0.07711132874761922,0.7363394844841982,-0.13712720800281109
1,2.1622246190302494,2.3788505119851893,2.3788505119851893,3.1386798090695365,0.0,1.0,1.0,1.0,0.0,1.0,0.9296877718857472,-0.5933843219356805,-0.20646783741667252,0.3595282962478596,-0.5432749748653993,-1.6756645342269412
1,6.024124965337162,4.170234173469076,4.170234173469076,4.849071106275941,1.0,1.0,1.0,0.0,1.0,1.0,0.3823517470085419,1.1696664102359513,0.732163710160183,-0.9442177158005196,-0.4454668614919126,-0.317124446755352
1,2.014315635802647,-0.43168574234195745,-0.43168574234195745,-0.7053432755196221,0.0,1.0,0.0,1.0,0.0,0.0,0.3154346099436418,-1.9857789326403115,-0.6947800161686322,-1.7965381960108626,-0.5753014291083746,-0.04972059120223027
0,-0.06153141305342413,1.399486519034526,0.5412481795880948,1.399486519034526,0.0,1.0,0.0,0.0,1.0,0.0,-1.2379306710543747,0.25201820892098725,-2.014967083553342,-0.519182551621255,-1.2498259254316666,0.3528014473043751
1,0.6782688346480759,1.0723767577843772,1.0723767577843772,-0.0050005382120676956,0.0,0.0,1.0,1.0,1.0,1.0,-0.9482440873776218,-0.6679315720946004,-1.0903665842385146,0.7316406640654123,0.35677962322270723,-0.26330915196304483
1,0.93840653232414,-0.3095172247583947,-0.3095172247583947,1.5316502904757388,1.0,0.0,1.0,1.0,1.0,1.0,-0.9161997932682736,0.014473819361483592,1.197977180468718,0.760756288107973,-1.8595227329583381,0.8902050417770391
1,3.1041828639338647,1.2214928188653738,1.2214928188653738,3.4119720433563048,0.0,0.0,0.0,0.0,0.0,0.0,0.4551408996565479,0.8771143201006852,-0.3802851900583011,-0.1841438850591591,0.5550399886220667,0.09161700140056811
0,2.0260509082047324,3.30879872645153,0.6679614811202697,3.30879872645153,0.0,0.0,1.0,1.0,0.0,1.0,0.6594289653646855,-0.8024226926156195,-1.2136337698782258,0.961431939330602,0.04096994823062727,-1.9064776809144564
1,0.5957855176734415,-0.3762755617122634,-0.3762755617122634,1.1994232290391826,0.0,0.0,1.0,1.0,1.0,1.0,-0.8625673080561009,-1.1882267347871025,-0.14105560641110432,-0.2623694201745427,0.5129187227983374,0.49224834772075793
0,1.1673795664551219,2.0978250873546003,1.0374610277147478,2.0978250873546003,1.0,1.0,1.0,1.0,1.0,1.0,-0.5718284957065307,0.19959335887857468,-0.5471507180965827,-0.5571857621938423,1.0826554827948371,0.29548752526934163
1,-0.45496686959191357,-0.5216414480033358,-0.5216414480033358,-2.003689526248319,0.0,1.0,0.0,0.0,0.0,1.0,-1.1333445790870358,-0.8276991438034192,-0.6349841362818398,-1.6967370033000575,-1.4220928869797285,-1.666006696762857
1,2.751928139294305,1.8269566493413731,1.8269566493413731,2.5326378607835363,0.0,0.0,0.0,0.0,0.0,0.0,0.625888283783122,0.7274450194143657,0.06053803361541815,0.6494977255101537,0.5116255431656141,0.9081951219268047
0,-2.4966768106497423,1.5124921598863503,0.8774321473627142,1.5124921598863503,0.0,0.0,1.0,0.0,0.0,0.0,-0.036997614634275304,-0.35619581090500324,0.42600739936451176,0.4447892269567535,-0.8684297001130914,-0.6425775320777176
0,1.3578161630636538,4.209153720531036,2.0452795269435784,4.209153720531036,1.0,1.0,1.0,1.0,1.0,1.0,0.6626901035694275,-0.7205032814958165,-0.5314894774506046,-1.8509979563136318,0.5336714183904109,0.1398657129077136
1,1.9050815014513518,-1.8138916043169393,-1.8138916043169393,3.269469466795373,1.0,0.0,0.0,0.0,0.0,0.0,0.3571158775876079,-0.1004500674927798,-0.045408799785344955,-1.4676308848556803,-0.7426273272525958,-0.4391657624088844
0,4.386813684084723,6.617204574378896,2.704356426058046,6.617204574378896,1.0,1.0,1.0,1.0,1.0,1.0,0.14428368723055532,0.8458541476341435,0.9331615519985629,1.4456188832222525,2.051945325174828,1.816690255901889
1,1.7907905212354354,1.6448779326629275,1.6448779326629275,2.83683344768432,1.0,1.0,0.0,0.0,1.0,0.0,-0.2929182253984968,-1.1145929012008557,-1.8265285265497768,-0.998872772795884,-0.4826888118455883,-0.12812421284145437
1,2.39589866922742,1.60984383814414,1.60984383814414,2.4265240609533283,0.0,1.0,0.0,1.0,0.0,1.0,0.25740288356528424,1.1808611211817044,-0.4027707106039147,-0.2597993772519798,0.9096737757917243,0.016548475648078265
0,2.4112915819658296,3.1299664804342044,3.656691038090961,3.1299664804342044,0.0,0.0,0.0,0.0,0.0,0.0,0.9037398559289251,1.8868853310137967,1.2887671268160248,1.902192310084864,1.94501330307678,1.0264725037423343
1,1.4712556310447307,-0.8646678201056023,-0.8646678201056023,0.8676015973269657,0.0,1.0,0.0,1.0,1.0,1.0,-0.10369796180995021,-0.49872130008286375,0.028790851736312212,-0.6670629839662997,-1.0671398080416479,0.30567913494159415
1,-0.6433387742264871,-2.8650863397523754,-2.8650863397523754,-2.1225880817861644,0.0,0.0,0.0,0.0,0.0,0.0,-1.793654318687218,-0.03315957563312655,-0.5406890569538056,-0.8703378441607369,-0.6495844915084599,-1.2063972779797592
0,-1.1486320648500556,-0.7316090540462615,-0.3485971229687485,-0.7316090540462615,1.0,0.0,1.0,0.0,0.0,0.0,-1.1072985408035088,-0.5913152779352507,0.4847278307340795,-1.0173124453601767,-1.5156651448189793,0.02802267133666969
0,0.5795245078473752,1.0710846625700565,-0.34475862526855827,1.0710846625700565,0.0,0.0,1.0,1.0,1.0,0.0,-0.39015950122514437,-1.6678080058078129,-0.33229660098395364,0.9775633621383237,-0.9664992270896569,0.8944437737060194
1,1.381749586198608,-0.9773834480357076,-0.9773834480357076,2.2550384910216,0.0,0.0,0.0,0.0,0.0,1.0,-0.5873576612841428,1.458358069491394,2.752708807188598,-0.23921010237392512,0.6144251490968481,0.6948412211508282
1,4.7439537010481,3.630512200816709,3.630512200816709,5.7664351955780395,1.0,1.0,0.0,1.0,1.0,0.0,0.3846128563214801,1.5750879164528757,-0.24419042212249287,-0.12240543607102816,0.7228923917022051,1.659687697202505
1,-1.4821670747316253,-3.70448220745165,-3.70448220745165,-2.2982664177955967,0.0,1.0,0.0,0.0,0.0,1.0,-3.0051050273737148,-0.3716140177625912,-0.3149356375086561,0.4766211947316773,1.1675075550403817,1.0807212155329629
0,0.5089731356624273,1.116837113176318,0.7300021711760656,1.116837113176318,0.0,1.0,0.0,0.0,1.0,1.0,-1.077345931584653,0.15868785142459663,-1.538119239786933,-0.42802047035357954,-0.5901483677070882,-1.5731943489449645
1,-0.7615669489380431,-0.09082208800903052,-0.09082208800903052,-0.06153647810765572,0.0,0.0,0.0,1.0,0.0,1.0,-0.6850349739737609,0.8246581835050348,1.9556392037303092,0.9816042539062104,-0.0746886869943375,0.7335196190889719
1,2.2301534919337564,1.5406541990702203,1.5406541990702203,2.0368047168303174,1.0,1.0,1.0,1.0,1.0,1.0,0.39443635744455763,-1.1921186576510394,0.8293143674140298,-1.585421226410716,1.7619806543855665,-1.9865093620439112
0,0.6229527842511406,3.8990314838908526,2.3711523997062827,3.8990314838908526,0.0,0.0,0.0,0.0,1.0,0.0,1.0232868584046575,0.13171237265475672,0.19170537757985334,0.8394939607224337,-0.6907027529528962,0.5415191708531711
1,-1.3301429673021605,-1.9670232612131482,-1.9670232612131482,-0.28497782431611,0.0,0.0,0.0,1.0,1.0,0.0,-0.755826598169006,-0.3430244500671994,-0.3644585705581837,-0.9200847464687606,-1.607679724266994,-1.0859878390370286
1,0.09124726183512877,0.2626475391807561,0.2626475391807561,1.1868556521333669,0.0,1.0,0.0,0.0,1.0,1.0,-0.9765838120516165,-0.6575193025709074,-1.185420923488922,-0.21624997066939994,-0.8940780574796459,-1.0040857461325579
1,3.150342756102206,2.510802397971461,2.510802397971461,3.240480228885175,0.0,0.0,1.0,0.0,1.0,0.0,1.3061267369776133,0.3786483362151719,1.847126288821804,1.6814630239463653,0.42881420403676185,1.6816536995834133
0,2.4671020739383693,3.082737247614064,1.7331816242552804,3.082737247614064,0.0,1.0,1.0,0.0,0.0,1.0,-0.055163607120305165,1.1250272007061852,-0.2763479396753929,0.24325673259438518,0.4105887349723699,-0.378547012110493
0,0.7369477226084719,-0.7913541255482118,-0.18198296454462504,-0.7913541255482118,0.0,0.0,0.0,1.0,0.0,0.0,-1.2385184883783162,-0.489727785455775,-2.092705648377687,0.4782217474288923,-0.6576987409431987,1.6714373473130026
0,0.3429998483108032,2.399933514689251,0.935206347223918,2.399933514689251,0.0,0.0,0.0,1.0,1.0,1.0,0.19497836342800884,1.116034882716412,1.188310308313917,0.7908730257041079,1.1704906512351267,0.9654985182182719
1,2.7685503903288167,0.73611704190225,0.73611704190225,2.0295072200419257,0.0,0.0,1.0,1.0,1.0,1.0,-0.1397722861642312,0.037593080940391176,-0.30640634636073477,0.45922709876488127,-0.0901864072444872,0.20141431096507365
1,4.965924617427479,3.1416959142310223,3.1416959142310223,5.726986432192933,1.0,1.0,1.0,0.0,0.0,0.0,0.48206475266034,0.6242171478453622,0.9499297989217936,0.9715108511908706,-0.5893628598318024,0.7986707419538872
0,-0.08975852960936614,0.963746217306973,1.9094330864626106,0.963746217306973,0.0,0.0,1.0,0.0,0.0,0.0,-0.27804950726687316,0.42393105172362644,-0.12035247543264666,0.5349281513281176,-0.527240537385547,0.6261588104633921
0,3.375755600071588,6.332406192253677,2.9581867121033882,6.332406192253677,1.0,1.0,0.0,1.0,0.0,1.0,1.1704921052132387,1.5418492916981419,0.6109005340377809,-1.1893742779945629,0.08037560983641845,-0.04853995912862519
1,3.320208242780373,0.8840760032021193,0.8840760032021193,5.097187435675751,1.0,1.0,1.0,1.0,0.0,0.0,-0.6070665720011484,-0.2605699910340268,-1.3193220754021329,1.305226032302857,-1.1894907522128686,0.47112656415460186
1,2.0449467096126086,1.490738246178231,1.490738246178231,0.6847910121118095,1.0,0.0,1.0,1.0,0.0,1.0,-0.4312975313047216,0.656504810849796,-0.249147342745014,0.2661382504679196,0.2891850923173487,0.9685013826239547
0,3.887883443971602,4.6161708877268195,3.1869104508367334,4.6161708877268195,0.0,0.0,0.0,1.0,1.0,0.0,2.373894871492128,0.5698118590260767,0.20615826475198662,-0.5856596045214056,0.1426984649039074,-0.19795599202963166
1,1.6842824477125484,2.215246259141334,2.215246259141334,4.311423747652973,1.0,0.0,0.0,0.0,0.0,0.0,-0.30643620196315485,0.09377256697290132,-0.3973640622882133,0.20855667822697943,1.1368984308065138,0.9465674750351727
1,1.7771913368090169,0.015240101551496852,0.015240101551496852,-0.3503125294106426,0.0,1.0,0.0,1.0,0.0,0.0,-0.6401888598189553,0.2730587602449346,0.23689397608741736,-1.0971071488581736,-0.6959962906390315,0.5151959686150935
1,3.396173703080711,-0.22720256364572822,-0.22720256364572822,2.6881380140098967,1.0,1.0,1.0,0.0,1.0,1.0,-1.1943653458579029,-0.04487884706735146,1.3120628382916344,1.4823492836323495,0.9860164686661852,0.7329328985904067
0,0.47083033432577476,1.4516487767458275,0.780772777810053,1.4516487767458275,0.0,1.0,1.0,0.0,0.0,0.0,-0.06383496798751638,-1.221345739284311,-1.0690869583473452,-1.3628487562150207,0.48672551309471407,0.14986525375373455
1,3.207715756628384,2.511130844211996,2.511130844211996,2.7704937073008047,0.0,1.0,1.0,1.0,1.0,1.0,0.07291561119975945,0.11706263991887678,-0.2635744397817753,-0.7817601995175443,-1.0413259356099762,-0.6481216221672416
0,-3.4294706825253094,-2.74834361434172,-1.6721787105729218,-2.74834361434172,0.0,1.0,0.0,0.0,0.0,0.0,-2.586869750730407,-0.61783773439223,-1.0353303661701085,-1.2968977549509348,-2.0144640586743026,-2.3345189511843696
0,0.33483821655635165,1.0134828526080146,-1.7429052999266212,1.0134828526080146,0.0,0.0,1.0,0.0,0.0,0.0,-0.4305757443551366,0.7797249273415501,1.0482753259708926,-0.04332901262485254,-0.1256777442887682,0.2341879452068309
0,1.25130280332569,2.65021872383873,-0.48673535372574883,2.65021872383873,0.0,1.0,0.0,0.0,0.0,1.0,-0.582344068122278,0.10239879243401595,-0.9337297739845203,0.21237224791295736,-1.8893797144846196,-0.29258380369568737
1,3.6041127761059757,1.5650206131147768,1.5650206131147768,4.214467806824605,1.0,1.0,0.0,1.0,1.0,1.0,-0.18341639960966444,0.4912849526756803,-0.9750700179518552,0.08720655236980618,0.018220089325432842,-2.6247492393490917
1,1.0597661856306353,2.7285859723703645,2.7285859723703645,4.949335104256864,1.0,0.0,1.0,1.0,0.0,1.0,0.6163849210516413,-0.762092348541376,0.8205200445170031,-0.844906173427503,0.6658760319725275,0.3329008476746847
0,-2.840423503362789,-1.0343687083293498,0.12997592645767475,-1.0343687083293498,0.0,1.0,0.0,1.0,1.0,0.0,-0.9613559619857965,-1.0166718651367694,1.9140880368656856,-0.06835890881631401,0.4426793368858851,-1.190621130369001
1,1.7171722814564983,0.7254554880540883,0.7254554880540883,2.329046281263204,0.0,1.0,0.0,0.0,0.0,1.0,0.7094623199374149,-0.6241240624220685,-0.21137413508631447,-0.6953157483972046,0.2976501560196846,-1.7038405764490696
1,3.225268130399528,2.6642861341028374,2.6642861341028374,0.6394403078625268,1.0,1.0,1.0,0.0,0.0,0.0,-0.7393245689678591,0.8584339584791745,1.737268951884467,-0.8905092142980986,0.9081624400614577,0.1986355982625535
1,-2.6860542024838487,-2.7923518373173066,-2.7923518373173066,-1.3301044114097673,0.0,0.0,0.0,1.0,1.0,0.0,-1.5606627526375594,-0.5460208703001713,0.9954088616360092,-0.15394874393934765,0.46540769674325444,-0.5146968946492478
0,2.637401384364904,2.1581685423953347,2.4413117551740777,2.1581685423953347,1.0,0.0,1.0,1.0,1.0,1.0,-0.2978397549757824,1.3463784099486054,0.7360652802515875,0.9003167480204453,0.08043979429973552,-0.5984151965789147
0,-0.540993563897073,-1.213508948504317,-0.2266497537883687,-1.213508948504317,0.0,0.0,0.0,0.0,1.0,0.0,-0.19026102205231082,1.1025850005055515,2.4055732592940764,1.2363360301938067,0.59203433427376,0.16505854075726045
1,5.053695136203042,3.4352177158086086,3.4352177158086086,4.013678904853452,1.0,1.0,0.0,1.0,0.0,1.0,-0.2590845363498652,1.0553509992198216,-0.08173501126874103,0.5277225505740377,0.1071741010222598,0.36295694888605257
0,-0.32056068959174355,-0.1892456105370267,-0.3202594706630397,-0.1892456105370267,0.0,0.0,1.0,1.0,0.0,0.0,0.15629107794735123,-0.9391233576717163,0.6336263781758102,-1.148431803587628,0.4987970441670293,-1.8321672711751176
1,5.796707076300881,1.4808401286345791,1.4808401286345791,4.2879788036221465,1.0,1.0,1.0,1.0,0.0,1.0,0.7849479278239576,1.3358251032934643,1.7276107342483227,0.6583522968321514,-0.13272567725492412,0.8584524555844627
0,1.5557614567370057,1.4827076218750148,2.110557927676259,1.4827076218750148,0.0,1.0,1.0,1.0,0.0,0.0,0.41668315892163893,0.23826380304588435,0.02748324836705124,-2.047429242190071,-1.7616087200476587,1.5147010208218417
1,3.327993963999771,2.6242085359852454,2.6242085359852454,4.466243234298561,1.0,1.0,1.0,0.0,1.0,1.0,1.1188241334987037,-1.1946171544272173,-0.2840935586299689,-0.49798441428596885,-0.4459497359346018,-0.35808201027412834
0,-0.3884628101756933,0.8593156679099545,1.3561183763809648,0.8593156679099545,0.0,0.0,1.0,1.0,0.0,0.0,0.17294128740366,0.142886069265601,-0.8463350095755748,-1.0756662790554252,-0.5079157205978835,-0.9507696932898455
1,4.872278601963943,0.14134763001211348,0.14134763001211348,2.346738799866911,1.0,0.0,1.0,0.0,0.0,0.0,0.9532485795681156,-1.337054231128488,0.4209407952337674,0.33127788732501606,-0.33764083051746147,2.140649383300672
0,1.522683164373216,3.379474638016139,-0.13354185173362976,3.379474638016139,1.0,1.0,0.0,1.0,1.0,1.0,-0.18688069276199937,0.47692309798585575,1.4654747137344477,0.2751697640586746,1.1736747390951636,0.746923407920497
0,-1.091031084168086,-0.05585203575343234,-2.827628266545976,-0.05585203575343234,0.0,0.0,0.0,0.0,0.0,1.0,-0.984791404640132,-1.2336742389298214,0.06688366485937536,1.033282377477836,-0.685525806752707,-1.4229147080007918
1,1.2715437198483956,0.5509004515858656,0.5509004515858656,0.6682872057263975,0.0,1.0,0.0,0.0,0.0,0.0,-0.39428569220795484,-0.5769661328865496,-0.008606637979638121,0.4852532884125897,-0.7216568297639654,-0.9066225212673157
1,2.976836196936863,2.254830538117169,2.254830538117169,4.245768484727485,0.0,0.0,0.0,1.0,1.0,0.0,1.1529192580325884,0.8906357275760926,-0.4772544196372741,0.586574734202053,0.5108429893345151,-1.6130490594098508
0,1.8563336940131152,0.7635466947758491,0.3163936964441579,0.7635466947758491,1.0,1.0,1.0,1.0,0.0,1.0,-0.5558358440982342,-1.2498273660522723,1.0663764404107154,0.8916042298378384,1.376966386986338,0.016790871206562086
1,3.2054053218971506,1.433479454872042,1.433479454872042,3.908658089299921,0.0,0.0,1.0,0.0,0.0,1.0,1.3703362828071883,0.22678441069187907,0.24404376744561335,1.1696317208557483,0.07991826998905033,0.5022689970864542
1,3.130233272205264,2.159314156680416,2.159314156680416,3.702788871937028,0.0,1.0,0.0,0.0,0.0,1.0,-0.5202532051420604,1.9716649078215391,0.7118183559905821,0.34902776428605475,0.053698626926476534,0.6382690434338967
0,2.699219595177577,3.0866544943608165,2.3582537139981463,3.0866544943608165,0.0,0.0,1.0,0.0,1.0,0.0,-0.08279259206404632,0.9584014549214085,-1.794396951527236,-0.6917005164806881,0.05792732387142252,-0.5858693755098486
1,0.2660098055735498,0.6413408460281655,0.6413408460281655,3.816583718225033,1.0,0.0,1.0,1.0,0.0,0.0,0.24028310602182593,-0.8250343204534532,0.9512105774538449,-0.629960982344143,-1.1337553981557034,0.4212650649721718
1,5.10687593564862,2.433621415447086,2.433621415447086,1.6370412146725735,1.0,0.0,1.0,0.0,1.0,0.0,0.41592505317807543,0.36403797512747577,-0.7236116471053461,0.4388564124058296,-0.761461749232069,0.42986649422382894
1,3.221656720061556,2.7772275396270247,2.7772275396270247,1.6669419149971398,1.0,1.0,0.0,1.0,1.0,1.0,-0.5252381989927611,-0.8350697902782098,-0.18124577225638872,0.5245524142465966,-0.1230248606702452,-0.46474887268057474
1,1.178329614181396,1.947247741801584,1.947247741801584,0.8556129121245741,0.0,1.0,1.0,1.0,1.0,1.0,0.23486061754157422,-1.1949432024841025,-0.9060836197898738,-0.745077155738323,-1.3152514238999007,-1.1722439107510294
1,4.661668959905361,1.8710524314017551,1.8710524314017551,3.8721677228359273,1.0,1.0,1.0,1.0,1.0,1.0,-0.1242583384720771,-0.231305997994339,0.10827597888109715,-0.5106192092594343,-0.4139254871360894,-0.29434030363813135
1,4.436437848242174,3.3027892229758615,3.3027892229758615,4.474773340150187,0.0,0.0,1.0,1.0,1.0,0.0,0.6509186130250862,1.2530372848024265,1.099117830525698,-0.2926535053097916,0.37933354338327685,0.5287946635407226
0,-1.825124289909088,0.9335648329259806,0.17332858645689597,0.9335648329259806,0.0,1.0,1.0,0.0,1.0,1.0,-0.008578018765913078,-0.5165980937157324,2.6381005623327733,0.9677901813047867,0.8488776682833172,2.337419983167478
0,2.8285947762763906,5.29384040294924,2.5376198131400556,5.29384040294924,1.0,0.0,0.0,0.0,0.0,0.0,-0.5023479526052694,1.3195534440019205,-0.4008433683922756,0.9094095717792408,-0.034870446806876676,1.4873727579923472
0,-3.0888082262055265,1.63395232733864,-0.7801835063238707,1.63395232733864,0.0,0.0,0.0,0.0,0.0,0.0,-1.0908243879458537,-0.9222741227850534,-0.11309687012367398,-0.6037949870835418,-1.2383625011969812,-0.5748358626823445
0,1.8114817895411697,2.622708320782844,3.487350783418049,2.622708320782844,0.0,0.0,0.0,0.0,0.0,0.0,1.0722849394071965,0.5871340496866808,-0.4330778235146087,-0.22202740770752466,0.7958020679167008,-0.5102448856659092
0,0.7572220847203418,-0.9674077460342707,-1.1568974719233,-0.9674077460342707,0.0,1.0,0.0,1.0,1.0,1.0,-0.43296097771881076,-0.8328839591239947,-0.7003340337116797,-0.3760043600114884,1.7706725891804982,-0.09297401632451269
1,3.563088084006943,2.1936610780641623,2.1936610780641623,4.129616452469197,0.0,1.0,0.0,0.0,0.0,0.0,1.560137090962671,0.647211784617552,1.6773669222113983,0.38158833537551795,1.61635770772155,1.6923463628777935
1,0.04227691594184402,-1.0371085804675115,-1.0371085804675115,-2.198819751948034,0.0,0.0,0.0,0.0,0.0,0.0,-1.2984029612359198,-0.08832682577927034,0.4511469537671619,-0.4408656812047602,0.6441681655627025,0.13836701878852925
1,6.343037298006766,5.21284429810011,5.21284429810011,6.642260580742312,1.0,1.0,1.0,0.0,0.0,1.0,0.28754876362487164,1.564418810585107,0.36235154235358247,-1.6948611108915532,0.8441749622963263,0.4270200436492598
1,3.7846059068422915,3.67331971745699,3.67331971745699,4.033689308188979,0.0,0.0,1.0,0.0,0.0,1.0,1.2068026612594507,0.4392129511494252,0.7243954952725019,0.19897585873273785,0.24582604313113665,0.6025233986601164
1,7.267825773164451,3.944256891810133,3.944256891810133,7.10616099146016,1.0,1.0,1.0,1.0,1.0,1.0,1.1607556654430606,0.7107188675567566,0.1578475971353971,0.1097921242421998,0.2137386876272323,1.0503946080640627
0,2.1930975107782014,3.156139186889379,0.3315568584198534,3.156139186889379,0.0,0.0,0.0,0.0,0.0,1.0,0.35592038844630314,1.4247216390388342,-0.3043869160228657,0.06119599074361087,0.25687461247207766,0.6813389119313382
0,-4.357943606300159,-3.4156614931911857,-3.0431553057441616,-3.4156614931911857,0.0,0.0,0.0,1.0,0.0,0.0,-1.6920555605778873,-2.2052146668314165,-1.256643405650214,-0.5692773764862558,-1.401390331753898,-1.3866141336823432
1,1.0491030118311384,-1.332417259195075,-1.332417259195075,-1.549197931955085,0.0,0.0,0.0,0.0,1.0,0.0,-1.066554252539785,0.42709388668438086,0.05846301052813352,-1.3978457524449386,0.4613251859860665,-0.15664870000449527
0,1.0239419961799656,1.387109986051268,-0.9344840257841835,1.387109986051268,0.0,1.0,0.0,0.0,1.0,0.0,-1.8409484219804286,1.145557730275549,0.516950253097624,0.5954648968648176,-0.15273393408417246,-0.1149439893553385
0,2.0335980095690465,1.913869492858654,3.215774162590831,1.913869492858654,1.0,0.0,0.0,1.0,0.0,0.0,0.5890337953588455,-0.20826000139815465,-0.9129059372292895,0.32646290825073465,-0.8865602376909711,-0.8724621200320584
0,-0.07318943571871023,1.5235186599772037,-1.0473116771763908,1.5235186599772037,0.0,1.0,0.0,1.0,1.0,0.0,-0.23189275479481317,-0.6049466034945638,0.4389487086378069,1.3954122119193269,-0.7565405572891433,-0.8208588345163128
0,-1.2440447823172989,2.0519468429942664,-0.6103040103924475,2.0519468429942664,0.0,1.0,1.0,1.0,0.0,1.0,-0.9531764201788764,-0.32673276514874566,-0.6073948475021942,-0.28663993187587844,1.2068527131651188,1.306175529218975
1,4.721162397344422,2.233028248070205,2.233028248070205,5.313119383335004,1.0,0.0,0.0,0.0,1.0,0.0,0.3882191531046313,1.1440819541156224,-1.1988118554572327,-1.7649612474942886,-0.9653498116823085,-0.5238643680308959
0,0.07561139406864914,3.653175375061635,-0.05562813684334511,3.653175375061635,1.0,0.0,0.0,0.0,1.0,1.0,-0.5959637650195768,0.8679923844214457,-0.4864202007495009,-0.5737218407516771,-0.8991079920654439,1.38682859564987
0,1.0668443630827027,0.315553193982516,1.901526558004525,0.315553193982516,1.0,0.0,1.0,1.0,0.0,1.0,-1.4692894150838345,-0.3175805928317124,-1.6572761500793254,0.0883748138893444,-0.6042392841369921,-0.830859026144078
1,5.4140813724451355,2.9033996122213326,2.9033996122213326,4.819816961854766,1.0,1.0,1.0,1.0,1.0,0.0,0.9550391322130541,-0.16261463387702646,1.8661816374814213,1.3301607284531896,0.1634299567115427,1.808883375703371
0,-1.0331920369459553,0.8809996470567165,-0.25997414126038015,0.8809996470567165,0.0,0.0,0.0,1.0,1.0,0.0,0.5647498361437686,-1.881084569819303,0.2589338668315197,1.201784706605415,0.9052415370837452,-0.15164528901481417
1,1.236071293673111,3.0144104741369744,3.0144104741369744,3.7890969678350492,1.0,1.0,1.0,1.0,1.0,1.0,-0.7575044776033127,-1.0020961632837353,-0.8603064703288443,2.0901022851404965,-0.23371836479791835,0.8110747352862888
0,0.27373268341682433,1.4391491053799839,-0.8228821859502709,1.4391491053799839,0.0,1.0,0.0,1.0,0.0,1.0,-0.9006035448498086,-0.4074209406498063,0.20847083302547392,0.3597907160053048,-0.6211979469752098,-0.41544523197130684
1,0.994417181695338,1.5374995668015567,1.5374995668015567,2.7433292950022348,0.0,0.0,0.0,0.0,0.0,0.0,0.8955011609175896,-0.4642913747764428,-0.06029068327434173,-0.257845429398775,1.5182772283419461,1.6567571548005042
1,0.8739367856142543,-1.2914695416698296,-1.2914695416698296,0.20595176207609212,0.0,0.0,1.0,1.0,0.0,1.0,-0.6044873901031536,-1.4976335571331685,-1.1583675609374817,-0.4094912900289179,-0.28395032576139306,0.16738085395099167
0,3.5665702549839455,2.6695258645645206,2.6220233209405066,2.6695258645645206,1.0,1.0,1.0,1.0,1.0,1.0,-0.1076511288154346,-0.936496772134474,-0.4837124939248435,-0.1396464775431216,-1.5063958062607754,-0.402192077866867
0,2.699201470161423,2.3824524996201513,2.829666452567631,2.3824524996201513,0.0,1.0,1.0,0.0,1.0,0.0,-0.665289409693961,1.2879938798619817,-1.1115344866228287,-0.897066129180839,-0.920678652838012,0.49829233334669887
1,7.568738771215413,2.0957482773413414,2.0957482773413414,5.461418760630482,0.0,1.0,0.0,1.0,1.0,0.0,1.230117485748239,1.3560551271137673,0.4185266151044658,1.616121877908592,0.15200119698011294,-0.5254061753854364
1,0.6958722614901314,-1.2250202634672105,-1.2250202634672105,2.775337111093736,1.0,1.0,1.0,1.0,1.0,0.0,-1.3812059524815579,-1.2979488648672695,-1.6892118075482383,-0.24553276177896877,-0.36293910990413525,-2.429385918794943
1,1.3348176328939423,0.5532903042664585,0.5532903042664585,-1.5364474232669232,0.0,0.0,0.0,0.0,0.0,0.0,0.5883066385339648,-0.7042206145693801,0.1023953049749401,0.11524503182835551,0.502344187584956,0.7156742765500618
1,4.0355442041882865,2.953520290688429,2.953520290688429,7.205726992436071,1.0,1.0,1.0,0.0,1.0,0.0,0.461262428462168,-0.3442449260470068,-0.04553471036308493,0.7037548880979791,1.7927257927253637,0.09896926825116198
0,-1.2294770138911093,0.6760543916309454,0.8797968947248712,0.6760543916309454,0.0,0.0,0.0,1.0,0.0,0.0,0.5357062784477101,0.05391822044017425,-0.49111759519207965,-0.5126690827406026,-0.9417325814758191,-0.2029818710021734
1,8.362975174041845,5.498270511243859,5.498270511243859,9.238590427704954,1.0,1.0,1.0,1.0,1.0,0.0,1.4933631910889043,1.7955042207428347,-0.24798394137281007,0.5595431613316186,-1.4791651146573146,-0.1505144927283642
1,0.952757404952479,-0.25414958321375203,-0.25414958321375203,2.1289864895908144,1.0,1.0,1.0,1.0,1.0,0.0,-1.3940287175883812,-1.6444166348745723,-0.992501349421179,-2.9540048928476508,-0.8128989378210121,-0.8714175743961057
1,3.7744504183028127,0.6642597781454369,0.6642597781454369,2.6101674677690196,0.0,0.0,1.0,1.0,0.0,1.0,0.7824796370543907,1.151129302626087,1.2161611423905379,0.3721072147517676,1.0679750348628727,-0.8440865369720407
0,0.4120656820693929,2.3553556711839185,-0.021221521398970045,2.3553556711839185,1.0,1.0,0.0,1.0,1.0,0.0,-0.8344359468074038,0.5952437935937125,0.7045011018243568,-1.2536025629391592,-0.6834822202973629,-1.2463665621619384
1,1.0544413634227099,0.4887124338068167,0.4887124338068167,2.278651209114732,1.0,0.0,1.0,1.0,0.0,1.0,0.04640986663055957,-1.9153761799473115,0.018167008922716776,-0.10051222331366433,-0.15755276123290007,0.4423758771617229
1,1.3169578497155694,0.6082967910756536,0.6082967910756536,-0.17957302161309885,1.0,1.0,0.0,1.0,0.0,0.0,-1.5335189676793828,-1.4082743554564807,-1.1928249969061504,-1.3186396797210025,-0.8820766102151435,1.5457418406902423
0,-1.5046512577084625,-0.1335031207669683,-2.9462014402821604,-0.1335031207669683,0.0,0.0,0.0,1.0,1.0,1.0,-0.38862393448950405,-1.3513245931308482,0.13110778740201745,-0.7459131786052049,-2.356108462000213,-1.8276401455526505
0,1.3196774063696415,4.1424406580153805,4.302553116381366,4.1424406580153805,1.0,0.0,0.0,1.0,0.0,0.0,1.3236691836214258,0.6963243534590643,0.3245411258682823,-1.8098138354255786,0.6500913502526157,-0.4720178948057201
0,1.1527851355343854,2.493230183578619,0.5558113022848201,2.493230183578619,0.0,0.0,0.0,1.0,1.0,1.0,1.473282560430926,-0.4463659464386653,0.017341078324447645,2.688031155032636,-1.2864668246401918,-0.7003718355843501
1,1.7653497599923302,0.36700266903566137,0.36700266903566137,1.731075413508449,0.0,0.0,0.0,1.0,0.0,0.0,-1.0290502514312276,1.139261564059185,-1.2587906330848924,-1.0052302004156748,-1.0972855326561886,-0.0038129974258411803
1,2.854944773151279,0.3125905783721423,0.3125905783721423,3.130135141905024,0.0,0.0,1.0,0.0,0.0,0.0,0.983856993484407,-0.01258383016750303,-0.9396139432879724,0.9272606522016366,-0.1667368039797113,0.57690452481423
0,-1.1173189630947706,-0.5156198426372376,0.3683617504037888,-0.5156198426372376,1.0,0.0,0.0,0.0,0.0,0.0,-0.7452140196924452,-1.76535038967624,0.5662844271637579,-0.1974927099392092,-0.9643762379075704,0.3826584601736068
1,4.707831093531599,1.40872504144784,1.40872504144784,4.196833274246982,1.0,1.0,0.0,0.0,1.0,1.0,0.6685182034651505,0.006607980059542218,0.32171763698186273,0.9604381638795051,-0.5586662415771073,1.3818849438630938
1,0.4402623564868544,0.6869478751117573,0.6869478751117573,1.6193523615136574,1.0,0.0,0.0,0.0,1.0,1.0,-1.1397001061464183,0.16834652104814707,-0.5802376734248447,0.399370238169859,-2.482745573601236,-1.5491388346286703
1,5.694538057388707,4.484872790061942,4.484872790061942,5.873377250566417,1.0,0.0,1.0,0.0,0.0,0.0,1.3310545394127935,1.8611965981838727,1.10656138839009,0.3513885726969294,2.323041373535708,0.8362606562718052
0,4.704140448054755,10.305412148801363,5.9791835313394675,10.305412148801363,1.0,1.0,0.0,0.0,1.0,1.0,1.2194390898233018,2.83611795606845,-0.08318514074526417,0.7765437206681746,1.2230228849458458,0.7219768968831246
1,4.0122283332114,2.249139395406832,2.249139395406832,4.737884892854857,1.0,1.0,1.0,1.0,1.0,1.0,0.12408791487098335,-0.37136322352436363,-0.6371379423358887,0.6415243888604714,1.2535324626085345,1.4576032130854513
1,4.596756973132698,1.4627772328676094,1.4627772328676094,4.365928811549303,0.0,1.0,0.0,0.0,0.0,1.0,1.3204874759152572,0.07634370391748459,-0.3717124912281581,0.7292692929377834,1.1426774700189437,-0.610501752987858
1,3.725075047510976,2.377996837997852,2.377996837997852,3.1928050600142055,0.0,1.0,1.0,1.0,1.0,1.0,1.0902771339817168,-0.11256975977911132,0.9015187350145054,0.7964754226283633,0.37461579859093974,1.0682320829013179
1,2.4160831740929645,-0.014684513950924849,-0.014684513950924849,3.6730929929550262,1.0,0.0,1.0,0.0,0.0,0.0,0.46008330792987845,-0.3969172435424137,0.5917198425895934,0.0828300901248813,0.22759188749410994,-0.6435671977570762
0,-0.4311832691530833,0.8847879129423764,-1.2421332387741737,0.8847879129423764,0.0,1.0,1.0,1.0,1.0,1.0,-0.8259816069073666,-1.3852519013850058,0.883106050557542,0.6529003935334873,-0.6639384534665869,-1.3308368684619922
1,0.5168894689906016,-2.456864190103884,-2.456864190103884,0.5755568366072454,0.0,0.0,1.0,0.0,1.0,1.0,-1.0610210606094823,-0.17048865097937688,0.1195831796136817,0.6556031729786354,-0.4268379185440109,-1.9677766297854733
1,-0.17492493890043032,-0.31413154623289175,-0.31413154623289175,0.8059027641039256,0.0,1.0,0.0,0.0,0.0,0.0,-0.9960021099752309,-0.48125681418402033,-0.7346012136626721,-1.1463656461583378,0.6563450085274091,0.762555369609732
0,-0.08419800631207008,-0.284737292628527,0.9184540733557143,-0.284737292628527,0.0,1.0,1.0,1.0,0.0,1.0,0.16278879159501097,-0.3104333973727531,1.5812300651952667,1.822825534128212,-1.3254912488524009,-0.4671567943701846
1,0.6561929606277845,1.1323821024857403,1.1323821024857403,0.28504517116522354,0.0,0.0,0.0,0.0,0.0,1.0,1.0414093454483535,0.1994106747593765,1.0548802686397079,-1.6327498775489022,0.00854950061107801,0.8574571213640971
1,3.2452376274122967,0.7726813994332788,0.7726813994332788,3.298104685643933,0.0,1.0,1.0,1.0,1.0,1.0,0.015790108906403668,0.7483530480490563,-1.353571711892519,-0.20569613699976375,0.04381764585384529,-1.559949933798311
1,1.9360359545507895,-0.37760738344987793,-0.37760738344987793,-0.30315457024216697,0.0,1.0,1.0,0.0,1.0,0.0,0.03363047749366409,-0.8441907465973891,1.0338765441737225,0.7025886105315396,-0.2836008479253608,-0.8359732238106734
1,3.5526673651840426,3.1081708213391317,3.1081708213391317,2.841251916641756,0.0,0.0,1.0,0.0,0.0,0.0,0.10798729432604147,1.0086317241647613,0.5355665308745771,1.2109649541791365,-0.11620432269480091,0.26435656365961213
1,1.8611000019937087,1.7207490145148163,1.7207490145148163,2.233763179098897,1.0,1.0,0.0,0.0,1.0,1.0,-0.7967689546531238,0.20464010527455284,-0.6632426781089471,-0.4038157943689308,-1.1998195086111183,-0.1488279077377584
1,1.1842110244980637,0.42782652838156376,0.42782652838156376,0.6338391399221964,1.0,1.0,0.0,0.0,0.0,0.0,-1.9193993412174226,0.5520458348935977,-0.4274580532405816,-0.5915668584911393,0.2313137702914391,-1.0600078830375237
1,-0.4510587228604507,-1.8576782041770368,-1.8576782041770368,-2.191470186511001,0.0,0.0,0.0,0.0,0.0,1.0,-0.2943729692664537,-0.34506303006575256,2.2653080927020373,-0.3481502000507594,0.39500660131325843,0.3892050317819053
1,5.441898508413042,1.808411315005202,1.808411315005202,3.116683128017,0.0,0.0,0.0,0.0,0.0,0.0,1.833522446184129,0.6315214925978054,0.1350659602734403,-0.316937921771007,-0.29001887619655675,1.8792353062844938
1,1.0900232579092408,0.48716889833729693,0.48716889833729693,2.112264474918861,0.0,0.0,0.0,0.0,0.0,0.0,-0.2164808153466259,0.05427191497473882,0.24591674401592695,-0.07013181485747441,-1.1985373853676906,-0.7815695782824232
1,2.302255847096186,0.8297839260943437,0.8297839260943437,0.4931434795786229,0.0,0.0,0.0,1.0,0.0,0.0,1.3923024039778873,-0.260774774133387,-0.5490587249232537,-0.9105207385295621,-0.2631617431924046,1.1807915752907636
1,-0.3782495660267404,-1.449583640139125,-1.449583640139125,0.75830244955796,1.0,1.0,0.0,0.0,1.0,1.0,-0.5290751938948782,-0.5609932611983779,0.6500942952468443,0.26069858395585543,-1.1240757021690122,-1.7468832246217136
1,3.5472097161127722,1.2948951790172025,1.2948951790172025,4.070214812142748,1.0,1.0,1.0,1.0,1.0,1.0,0.174294850974291,-0.049954049867988515,0.788733022308216,-0.007983290655612985,-0.5293817494042423,2.1479131343254614
1,4.1204729457194675,1.480468500117219,1.480468500117219,2.097733254513887,0.0,1.0,0.0,0.0,0.0,0.0,0.3849643818577812,1.3343392267548184,1.8218623840412547,1.9835858352786166,1.1025629083802868,2.6123044134354645
1,5.841272301482943,3.814567811560199,3.814567811560199,6.5317846035171145,1.0,1.0,1.0,0.0,1.0,1.0,0.7949882293093558,0.8525991435143705,0.2786808871057462,1.443875947230168,-0.45176751396814285,1.6010749342374786
1,4.202915171787153,2.306673804832927,2.306673804832927,4.027788069258131,1.0,1.0,0.0,0.0,0.0,1.0,1.5902303532162818,-0.6781772636019121,0.9614449738885528,-0.5533477308445851,-0.21942608031330174,1.9600315812874696
1,2.237364643084263,1.6085292722469844,1.6085292722469844,2.667180935538316,0.0,1.0,1.0,0.0,1.0,1.0,1.63006774771952,-0.7845506031488514,1.4135965991291708,0.44685859049433835,0.5437118673193836,1.1088398652207272
0,0.3299412010999533,1.1872715859602607,0.6374679266041822,1.1872715859602607,0.0,0.0,0.0,1.0,0.0,0.0,-0.972282412288407,0.05117755088370751,-1.6430798828452304,0.512166757960078,-0.7795577127050525,-0.33487727373294796
1,1.713875667411788,0.9361484980716104,0.9361484980716104,1.4757844691256887,1.0,1.0,0.0,1.0,0.0,0.0,-0.4555226739965044,-0.5154903971703725,0.6926977313646316,-1.758374612498619,-0.6964993853505154,0.09206077320899947
0,1.1339473501088704,0.8809123611368002,-1.2391871350237198,0.8809123611368002,1.0,0.0,1.0,0.0,1.0,0.0,-1.4023743520238745,-0.8584657181049763,-0.793600613450682,-1.947280096679073,-0.7229238039264939,-1.9343535501408715
0,2.993028187548949,5.903402096495243,4.6350441088480725,5.903402096495243,1.0,1.0,1.0,1.0,1.0,0.0,-0.6998514180110478,2.3737054374346087,0.767205691123261,0.5710271674854523,-0.7680893963337325,1.02942919128618
1,7.453960092313827,5.096526850675353,5.096526850675353,7.65706537109928,0.0,0.0,1.0,0.0,1.0,0.0,3.445155431319073,1.5191350103781458,-0.2148508653485599,1.8994011738888477,1.756478333980699,-0.2493585354094675
1,3.4300590545460716,0.9394955083880268,0.9394955083880268,3.9339060307266496,1.0,1.0,0.0,0.0,0.0,0.0,-0.9521115286435379,-0.1242603049922672,-1.2970158850747762,0.10638122654971338,0.7176860170064162,-1.4815686094416693
0,-2.7868647871574166,-0.709854987786262,-0.961163529016605,-0.709854987786262,0.0,1.0,0.0,0.0,0.0,1.0,-1.0350459241616146,0.1657319957203711,1.6848370150841074,0.002171150977271219,-0.9168299134704299,-0.6878821603807943
1,5.847643081027217,2.4633918496094296,2.4633918496094296,2.62745174658725,1.0,1.0,1.0,1.0,1.0,1.0,-0.11354229271882121,1.032712950305533,0.3846515814368936,-0.04474621042728294,-0.32962391661791995,-0.907934585918702
0,1.15261670428467,2.8942627466470094,0.17151239185161815,2.8942627466470094,0.0,1.0,0.0,0.0,1.0,0.0,-0.4491201576031578,1.5133169660289694,-0.11460856345605541,0.25908013214528,1.3169555766137921,1.3445914930304323
0,3.3678612842710454,2.458992716345186,2.940272210914437,2.458992716345186,1.0,0.0,1.0,1.0,0.0,0.0,0.1321532375327117,0.6346104714527133,1.113956529255526,1.2558151682307659,0.9834212853129118,0.3456287225567346
0,0.4698867785166981,1.110473591266983,-0.6520307961897109,1.110473591266983,0.0,0.0,1.0,0.0,0.0,0.0,-0.4646129739650117,-1.4741507999344279,-2.348194523717342,0.8951956906155157,-1.6539946750340593,0.9938082331303721
1,7.908890387554667,4.878352912886514,4.878352912886514,7.736828591505253,1.0,1.0,1.0,1.0,0.0,0.0,0.8777953303546379,1.6296411635658508,0.26201841705980955,1.7783074700321588,-0.01796131585501448,0.4107736983540392
1,2.308538142979743,-1.2432823130045203,-1.2432823130045203,0.5953072927159779,0.0,1.0,0.0,0.0,0.0,1.0,-1.1499098457211567,-0.8419538273513998,-1.7399372950483403,-0.2744311442602973,-0.8032624860930802,-0.4148925451491098
0,0.3672733096374251,2.513798109227835,0.9229771153148209,2.513798109227835,1.0,0.0,1.0,1.0,0.0,0.0,0.08471345599963202,-0.770207097172086,0.9366381344394625,-0.3448438332279877,0.4634297124924216,-0.17024644493159452
1,5.1988391493667505,2.0405613047803475,2.0405613047803475,2.973942859099089,0.0,1.0,1.0,1.0,1.0,1.0,-0.3182765181898855,2.005558828525943,1.0767077876694495,-0.11549800839308871,1.1000992332340267,2.7351003554185715
1,3.335819685351801,0.4243024074689288,0.4243024074689288,2.499324832903833,1.0,0.0,0.0,0.0,1.0,0.0,0.29930665866071166,-0.038623038781232494,0.2980582687865714,0.5461484984140779,-0.5433979265596955,-0.037634292002374746
1,2.0314404642001778,1.3311156077179271,1.3311156077179271,4.43684277082618,1.0,0.0,0.0,0.0,0.0,1.0,0.3333392279316062,0.6000346288535561,-0.7599081369154663,-0.7483653542871178,1.1866290294279678,0.12011804336919951
1,2.784794432485142,3.0702477519142093,3.0702477519142093,3.1757099352812754,1.0,0.0,0.0,0.0,1.0,1.0,0.2897492904443512,-0.5588377214703446,-0.13082138893377088,0.3669744499597578,0.80582638979729,-0.45883301264726845
0,2.6064615107067772,2.962153802032966,3.8632996823934254,2.962153802032966,1.0,0.0,1.0,1.0,0.0,1.0,0.6142426140450236,0.37867624583260295,-0.6753914888614924,0.3636778185615479,0.43185671873548137,0.6209274379718435
0,0.33273159149416104,1.9107378715456873,1.6593876090247193,1.9107378715456873,1.0,1.0,1.0,1.0,1.0,1.0,-0.7788901023415432,-0.6623953657005879,-0.8950850207254522,-1.9198157742585635,-1.3128169907542886,-2.5193147213243776
1,1.0318082913640327,1.7767110596709668,1.7767110596709668,2.950146297024168,1.0,1.0,1.0,1.0,0.0,1.0,-1.9960822229084727,1.1497227094549505,0.6597611389601395,1.158675232213092,0.491882778623424,1.3685558185498572
1,4.552496251072926,3.045601529650607,3.045601529650607,3.5419444969199176,1.0,1.0,1.0,0.0,1.0,1.0,0.11573148816522658,0.6761307721102039,0.633374680626005,0.06801533860777764,0.13614980219542414,-0.7700950628798848
1,1.419949352213117,-1.2333886114934298,-1.2333886114934298,1.8574886353661608,0.0,0.0,0.0,0.0,0.0,0.0,0.5320569769621962,-0.0781004590327059,1.1705779405657573,1.6124796116594382,2.0789420027358734,-0.581874247980617
1,0.7593364858394107,-2.990165242952042,-2.990165242952042,0.7293348391831083,0.0,0.0,0.0,1.0,1.0,0.0,-0.10998517974696677,-1.3770922119478253,-0.06850718212662149,-0.20095512212251831,0.42622009595079235,-1.422804083157335
0,-1.1874599443936045,2.674714626813402,0.07654318042507041,2.674714626813402,0.0,0.0,0.0,0.0,0.0,1.0,-0.022695061584226364,1.0351768888045692,0.4666856644160885,-1.3937388078661297,1.1938410763841356,-0.46108357138954875
1,-1.5685996215185911,-1.7750870081815033,-1.7750870081815033,-0.3620276146822652,0.0,0.0,0.0,0.0,1.0,0.0,-2.0223555235944435,-0.3881419845923183,0.6542132881676764,1.0803563431884926,0.16835293565934284,2.102810289406688
1,2.5111903272001515,1.48100707474529,1.48100707474529,3.3108400045934685,0.0,1.0,0.0,0.0,1.0,1.0,-0.5343549334438243,0.8437690587113983,0.40053284126841615,1.501065592950393,0.6451798166776985,-0.35441434888379975
1,4.62294163061685,1.7657023875859965,1.7657023875859965,3.620921845035185,0.0,0.0,1.0,1.0,0.0,1.0,1.385501906998732,0.5380786354889604,1.2941213260648434,1.6369072613860567,0.08174331766099585,0.5560595160959892
1,3.8781268025542976,2.609001527334083,2.609001527334083,5.053638548196243,1.0,0.0,1.0,1.0,1.0,0.0,1.1246650825982059,0.48087279387590676,0.24913080284639888,0.5248144369041717,0.13718835152460007,1.3663136691702582
1,2.3155256951028877,0.8871620354206817,0.8871620354206817,2.6039757112725788,1.0,1.0,0.0,1.0,1.0,1.0,0.06310520219191228,-0.802859860589184,1.587045973801233,0.21468712462849482,0.30681412285132936,-0.39506830420626715
0,3.8886636056298727,3.5260612376338014,1.284887563958443,3.5260612376338014,1.0,1.0,0.0,0.0,1.0,1.0,0.5311982199016498,0.4939171287066587,1.34669529003478,-0.30575188126190866,-0.40188767617431964,1.1364900877695359
0,3.385975188183817,2.56499725496767,2.1648065247788297,2.56499725496767,0.0,0.0,1.0,0.0,0.0,0.0,1.1216237095835622,0.8947463157393505,-0.41386207388004875,-0.03207795175837802,-0.5222265778589784,-0.8252565742717428
1,1.543554979692779,0.21964529603183675,0.21964529603183675,1.2621545731931403,0.0,0.0,1.0,0.0,1.0,1.0,0.5806438702310955,-0.9684360143554225,0.6617401820094572,-1.5316752012557286,-0.6475600353410621,0.8819245027160888
1,4.6701204128093945,1.7705358536153484,1.7705358536153484,4.561363606392433,0.0,1.0,1.0,0.0,0.0,1.0,1.1606360808070684,0.314362214767299,1.0681986353727768,1.3418726697990986,2.1929754070621374,1.1836084270200369
0,1.6042678556627663,3.5187156448567256,3.5972633303901613,3.5187156448567256,0.0,0.0,1.0,0.0,1.0,1.0,1.9996942361176675,0.4454461171865671,1.6969427776292054,0.6683695786542458,0.28330969563940844,1.4252835789244036
0,1.2549079592598966,2.085157883727976,1.2003437812035427,2.085157883727976,1.0,1.0,1.0,0.0,0.0,1.0,-0.5492545926813761,-1.0188153708692076,-1.6292171802041873,-0.0012508792463552243,0.3668165808868826,-0.8774301570000538
0,-2.2235219615405093,0.209671375894739,-1.9269139009426048,0.209671375894739,0.0,0.0,0.0,0.0,0.0,0.0,0.009381925834771987,-0.28772458945481094,0.9564859392628604,-0.7218402578705915,-0.8657246919455623,0.8572636179579702
1,1.0383236838306151,2.8856093522993898,2.8856093522993898,0.8792213086310308,0.0,1.0,1.0,0.0,1.0,1.0,0.08936152199166085,0.07005935339767874,0.07158456406460223,-0.5934741437656847,0.7904857985832414,0.685968503770104
0,0.7577597725400604,2.0793364030423254,1.4799155714667518,2.0793364030423254,0.0,1.0,1.0,0.0,0.0,1.0,-0.5366167886107435,-0.5592053592515863,-1.4364931316398128,-1.9827085878234763,-0.6937122727658033,-0.9499193050922543
0,2.675334244178495,1.3056470677390044,0.5229601520226642,1.3056470677390044,0.0,0.0,1.0,1.0,1.0,0.0,1.172388564334545,-0.2672700525057047,0.9929275797386796,0.5534098389021455,0.30307741755782946,-1.008353167167744
0,-0.42330146294433896,-0.5586547869615661,-2.366179989700286,-0.5586547869615661,1.0,0.0,1.0,0.0,1.0,1.0,-0.18641384911389144,-2.3821596589922955,1.6478673891155924,0.4752717072398338,1.7881204006527476,0.6520813681670063
0,4.361953829927478,6.574422818929789,3.904848132719756,6.574422818929789,1.0,0.0,1.0,1.0,0.0,0.0,1.6813837346004261,1.3427832202195695,1.5800910651249849,1.4507860065997662,1.3938882526784409,1.0478912128464681
0,0.4856200555889075,4.154443099746958,1.6831147328048055,4.154443099746958,0.0,0.0,0.0,1.0,1.0,0.0,-0.22391924901071275,1.2023649055287897,-0.22421340602724937,-1.0677028510339843,1.2025058380034552,0.5382715891620656
1,9.23948698331241,5.832771283806361,5.832771283806361,8.32931586773467,1.0,1.0,0.0,1.0,1.0,0.0,2.958985695888081,2.068498703881666,2.6489064446394415,1.0116431429788388,1.7960121281935861,0.39285210898838363
1,3.4987043897978953,0.6639996661581762,0.6639996661581762,3.093316645323244,1.0,1.0,1.0,1.0,1.0,1.0,-0.30746245180151494,-1.9551819311012366,-1.2119301765140431,-1.7726317057061969,0.5321101812376388,-2.0079926866884463
0,1.895387702342373,3.213533916270175,2.2631077003029745,3.213533916270175,0.0,0.0,0.0,0.0,0.0,1.0,0.8748730634084624,0.96129939812275,-0.846172140305608,-0.8668506451147833,0.34772808541374656,-0.502146550359484
1,0.4676327782095815,-0.2890520182927083,-0.2890520182927083,1.2703984321259498,0.0,1.0,0.0,0.0,1.0,1.0,-0.2975627555225798,0.02638516511263142,1.1882354993775044,-0.5840789958948814,-0.21844374035312275,-0.012594072076055951
0,6.290184466752914,7.0484837644478215,3.978932062048779,7.0484837644478215,1.0,0.0,0.0,0.0,1.0,1.0,1.1214615864653226,2.6329517054632587,-0.4551883638374491,0.34876865673008284,0.8781408602263507,-0.4890726747552604
0,-2.3053808544289582,2.9926631406110533,0.9542384226652411,2.9926631406110533,0.0,0.0,1.0,0.0,0.0,0.0,-0.8596394763073726,1.0655519381148,0.5668674206283518,0.3659498967146559,0.3565011747757675,0.3304299384012217
0,0.9521266526991556,2.192279497109605,0.2406538996195326,2.192279497109605,0.0,0.0,1.0,0.0,0.0,1.0,-0.5405517668377683,0.6337568345673159,0.2978559468328231,0.37321595387424666,0.3864482315858607,0.3285438957695242
0,0.662730203124938,1.8710424891290247,-2.207553328876549,1.8710424891290247,0.0,0.0,0.0,1.0,0.0,1.0,-0.6045797224792986,-1.0446640616728347,-1.1454787532238546,-0.07753493136356607,-0.33401202807476904,-2.9791193434426337
0,0.7886189353715958,0.7676724641984876,2.382888990286671,0.7676724641984876,1.0,0.0,1.0,1.0,1.0,1.0,-1.2723544175475539,-0.8663003775465871,-2.1476539081803034,-0.5313117505102967,-1.815368187485292,-1.2909538365452846
0,0.626521361172019,1.2352326761031969,1.7599328580303595,1.2352326761031969,0.0,1.0,0.0,1.0,0.0,0.0,-0.6695554984054641,-0.6463943283664847,-0.20128035521459187,1.9164376038768944,0.04474172812864568,0.07260107179084194
1,3.8134891905545367,0.4460815824912927,0.4460815824912927,3.920900223847789,1.0,0.0,1.0,1.0,1.0,0.0,-0.248575548275373,-0.35136209728414025,0.4139248310390115,1.1703250580590727,1.519287275382335,-0.3384648583597699
1,0.43349329132784553,0.9862850428199336,0.9862850428199336,0.3139676390242243,1.0,0.0,1.0,0.0,1.0,1.0,-2.466703610280649,1.129103874777417,0.4486764324297228,0.8755977238076781,-0.7897560312837701,-0.06303232678011769
1,6.515741591243101,4.702051477551496,4.702051477551496,6.707503308895822,1.0,0.0,1.0,1.0,1.0,0.0,1.0584557904398508,1.8109392257394579,-0.5347294530699294,0.6820791690680706,-0.15831788352309875,-0.7569496459822628
1,5.329325209522948,2.647202837965864,2.647202837965864,4.854397333625484,1.0,0.0,1.0,0.0,0.0,0.0,0.6803186304526345,-0.9986642217705339,-2.1841366943412552,-0.06454685181485526,-0.9778171851635813,-0.006633706889646929
1,2.5996219736486883,2.4912943740082047,2.4912943740082047,5.90853504324976,0.0,1.0,0.0,0.0,0.0,1.0,2.335461108698776,-0.47526755515890673,0.7101032948123502,1.8172003071160765,0.18221830956568186,2.086585138849605
0,-0.09550802653919599,1.9591423736621174,2.778286046585441,1.9591423736621174,0.0,1.0,1.0,1.0,1.0,1.0,-1.4777162550278875,0.38220244300573314,-1.0246081773678626,0.23798771984647585,-1.697852168031813,-0.19446723035336855
1,2.615141419117781,1.3208242614240535,1.3208242614240535,2.9834374809202235,0.0,1.0,0.0,0.0,1.0,1.0,0.4618542530499348,-0.35244457502928384,-0.35423732868891916,-1.6362689054000272,-1.6910137650703132,1.1276335300772835
1,2.4753253719737396,0.3583213431596921,0.3583213431596921,0.8794917746718185,1.0,1.0,0.0,0.0,1.0,0.0,-1.0899081507426427,-0.4301405974203254,-1.2915600852182871,-1.3061376250905923,-1.0807944729125905,-1.5168372679415396
0,-2.0329614624404195,0.16854365123801518,-1.4928030664320424,0.16854365123801518,0.0,0.0,0.0,1.0,1.0,1.0,-0.6153411859280328,-0.4556386153322281,0.8165368291914851,-1.235631170100874,0.3548084239344873,0.29061632901385925
1,7.135486291445354,5.311750247092687,5.311750247092687,6.050551884352254,1.0,1.0,1.0,1.0,0.0,0.0,0.5515028837182206,0.9663637325264709,-0.6660249804072869,1.2084196457467606,0.299020276335461,0.06933393851524963
0,4.15877832983416,4.21478219786882,1.1439753079948067,4.21478219786882,1.0,0.0,1.0,1.0,0.0,1.0,1.3614844841211278,-0.04855999570454744,-0.44668195465689825,0.8558817821123282,-0.17054718749931927,1.465946714074199
1,6.014311611495836,0.07054438706472022,0.07054438706472022,3.194815220114152,0.0,0.0,1.0,1.0,1.0,1.0,0.7081631890912298,-0.25025311588726884,0.7349473460016789,0.761046955758168,0.5635628569412362,-0.009855672691100048
1,3.788982018695278,1.3146435111055375,1.3146435111055375,1.2556938138715648,0.0,1.0,0.0,0.0,0.0,1.0,1.2357377870999169,0.10090647531765531,0.886769108213297,-0.47897732072122723,1.8802123261223285,-1.2957614235534982
1,2.500380786715709,0.461164949484837,0.461164949484837,2.741963564046995,1.0,1.0,0.0,0.0,0.0,1.0,0.6994500918235054,-0.8197690955913219,1.9612136173841823,-0.056032978272521405,0.2157353970918408,0.3801791971835148
0,1.1973632112327297,5.9870369647554735,3.7295266559677964,5.9870369647554735,1.0,0.0,1.0,0.0,1.0,1.0,-0.22060724171655757,2.034422639473353,0.36522928688837897,0.06981368648861053,0.6375099821743548,0.838588438862342
1,0.2673848878378451,1.0310879655236578,1.0310879655236578,2.994625369279906,0.0,1.0,1.0,1.0,1.0,0.0,0.13260123659894565,-1.133706903359739,0.36825158648428824,-1.3133441531992645,0.7525904258044801,-0.3060013152428994
1,0.5672538703771273,-1.1877771243574344,-1.1877771243574344,-0.29553589600806546,0.0,0.0,1.0,0.0,0.0,1.0,-1.068257257253607,-0.7985096198400803,-0.25725227538125095,-0.3508619530098969,-0.40288083302287386,-0.5952775206412348
1,3.831139153815777,0.6317557902098442,0.6317557902098442,1.431114195862828,1.0,1.0,0.0,1.0,0.0,1.0,-0.6016209210892696,-0.7729303682546682,-0.9323318867605936,-2.46222032535493,-0.9415039799988734,-0.40458406135105257
1,2.0081579054077556,-0.812376854966554,-0.812376854966554,0.42805539783552576,0.0,1.0,0.0,1.0,0.0,1.0,-1.3749896922896567,-0.9661304724702173,-2.165097774580378,-1.1928361737935083,-1.2532393682470018,-0.803421435215239
1,1.2489871353783994,1.6192223506635088,1.6192223506635088,4.148552373340031,0.0,1.0,1.0,1.0,1.0,0.0,0.07734079774082284,-0.9031169125396847,-0.9536478088688605,0.15570722773978174,0.15379992221181715,0.6311447254889836
1,4.196270010553557,4.494481486841858,4.494481486841858,5.535448814840248,1.0,1.0,0.0,0.0,0.0,1.0,0.4782237462982152,0.932406208868267,0.18865683546526768,1.2139041597556446,0.9028874066720461,1.725475420074555
1,4.756708763069515,5.2733354975808355,5.2733354975808355,6.9529080720878556,1.0,1.0,1.0,1.0,1.0,0.0,0.056478734558907506,1.5113985084677908,0.36729192770929936,0.9380233455101396,0.5643728316411591,1.4703097746403877
1,4.652529959176379,2.5464927878158528,2.5464927878158528,2.1814442489097705,1.0,1.0,0.0,0.0,1.0,1.0,-0.02876997982041153,0.3686634662396842,0.20701234049697417,0.015011214343476577,-0.756192110013698,0.1070877675103746
0,1.2648721367983915,0.38533481599712394,0.7835017860726464,0.38533481599712394,1.0,0.0,1.0,1.0,1.0,1.0,-1.0118160454299914,-0.8065093089199222,-0.9326853287368643,-0.7748739317461777,-1.247507108219882,-0.06982678136792031
0,-1.050152977113695,1.5462147737323937,-3.2857822962990255,1.5462147737323937,0.0,0.0,0.0,0.0,0.0,0.0,-0.37070901229717784,-1.2726061343838564,-0.3084874340988811,-0.23246914900197224,0.020659819763303333,0.4625290235555059
1,1.8184788719694664,0.6793799807841117,0.6793799807841117,2.152169093630327,1.0,0.0,1.0,1.0,1.0,0.0,-0.38888599991359607,-0.08061528760105785,-0.032715419401674106,-0.39694921647884096,-2.0685728589366836,0.05839203774654267
0,-0.9050919307744817,0.1322554437638771,-2.028205331242818,0.1322554437638771,0.0,0.0,0.0,1.0,1.0,1.0,-0.7629065336736631,0.06688457100661394,1.3315587962404138,0.32008453722068086,-0.03976295904707394,0.5883627365453611
1,1.4455225656152002,0.6901852053977731,0.6901852053977731,-0.505107983519418,1.0,1.0,1.0,0.0,1.0,0.0,-1.7556747572829234,-0.7933439969861544,0.7413016010588152,-0.9984200406307023,-0.7529193658746214,-0.6809344597296962
1,1.4206524508190752,-1.1532653131844106,-1.1532653131844106,2.219271470122274,1.0,1.0,1.0,1.0,1.0,1.0,-0.9652494219590713,-0.8673774751445904,-0.5836440035280669,-0.4161488847078655,-1.6587545177169911,-0.02124440853404419
1,2.356411726373176,0.10460635918346939,0.10460635918346939,1.2532951426436107,1.0,0.0,0.0,0.0,1.0,0.0,-0.055935922421831354,-1.2361233920247918,-1.9641905656485135,0.13981280308245325,-0.14216740872651823,0.5356469265747283
0,2.31423102907546,6.530637925248629,2.5715326339754814,6.530637925248629,0.0,0.0,0.0,0.0,0.0,0.0,0.043013273950806404,3.6105106363990522,0.8667914389504162,1.7621256320172183,0.9015414497545883,-0.05865689867977908
1,5.117603959687269,2.2944758124619526,2.2944758124619526,1.9977767541067537,1.0,1.0,1.0,1.0,1.0,1.0,-0.11433695930513171,-1.2842955633601605,-2.3114155481387098,-0.41702831864165313,-1.3293101098317044,-0.23167077185269425
1,0.8750331343722163,-0.2777084335317339,-0.2777084335317339,2.5543911254164895,0.0,0.0,0.0,1.0,0.0,1.0,0.3512733833684381,-0.6042467955517884,-0.39026010601181194,1.0229760843287945,0.4657105901004528,0.2759522293581064
1,3.2298908768381542,1.072924139013434,1.072924139013434,1.300055932550665,0.0,1.0,0.0,1.0,0.0,0.0,0.5460606285643624,-0.7301012689592298,-0.2871307569855046,-0.2144009070219582,-0.6138874015021628,0.5541580157651743
1,2.0668269103138783,1.8923037020733007,1.8923037020733007,3.3557545684056667,0.0,0.0,0.0,0.0,0.0,0.0,1.101178099235429,0.5561217777405838,1.3141212663574304,0.37793140316867607,0.9689728221680828,0.7182429491887934
1,1.4914010321115936,-0.6386018220628432,-0.6386018220628432,1.8164378198938094,1.0,0.0,0.0,0.0,1.0,1.0,-0.9115657464197013,-0.043779743588756984,-0.8288517028240749,1.4399832731709563,-1.8840559655159166,0.5260397529704133
0,-3.892641713628009,-0.2080540114127576,-3.073154225621119,-0.2080540114127576,0.0,0.0,0.0,0.0,1.0,0.0,-0.6947707053946652,-2.317490892545983,-0.08008752354883097,-1.1884967202602346,-2.165306652441115,-1.391122698341659
1,1.798191539409019,-0.3554680010473352,-0.3554680010473352,1.7563927671217676,1.0,1.0,1.0,0.0,0.0,1.0,-1.2131302084336135,0.3013053662175772,-0.03504654787860033,-1.5844369897490256,-0.23495284044974651,-1.6586825264121472
0,-0.29330263792454836,3.116215623571236,0.8024532250370169,3.116215623571236,1.0,0.0,1.0,0.0,1.0,0.0,-0.6418502121174209,-1.2491428496991446,-1.8519833740205174,-1.6586583664569798,0.7714576095054723,-0.9612857073994301
1,3.2634903815732392,1.5440142221488733,1.5440142221488733,3.620246836007925,1.0,1.0,1.0,0.0,0.0,1.0,-0.7027495590711272,-0.3711902560353149,-1.1905807542503923,-0.4070957263570906,-0.3679345611368957,-1.4168769903735736
1,7.28232994833626,6.4130312504249725,6.4130312504249725,5.352185163798852,1.0,1.0,1.0,0.0,1.0,1.0,0.6117751454891954,1.4317827871936604,0.19176262632335936,0.22906852088038432,-0.008581003180293811,-0.9584824254526865
1,0.7900608740473731,5.384572669928138,5.384572669928138,5.74160274051258,1.0,1.0,1.0,1.0,1.0,1.0,-0.020852704566702133,0.46975769624976665,-1.064042002636476,-1.484141805726505,0.18231237698165376,0.5900112913133306
1,3.5017609206582114,2.125959292669723,2.125959292669723,3.0564652705052255,1.0,1.0,1.0,1.0,0.0,1.0,-0.6702674751151028,-0.5691991371223385,-1.0694977182970649,0.5999888264223107,-0.5794632945707289,-0.8141929641677287
0,-4.079624240276928,-2.5525068420079258,-3.937750660226394,-2.5525068420079258,0.0,1.0,0.0,0.0,1.0,1.0,-2.450971633847205,-2.426414476109411,-0.4657318082076454,-2.365617685791831,-1.328739482697437,-0.44572751135894106
1,2.502827189306835,0.34282667691464264,0.34282667691464264,0.6828228659881364,0.0,0.0,1.0,0.0,0.0,0.0,0.7792478327648006,-0.5843070082701229,0.07542240909145576,-0.6634529713157886,1.507585760920819,-1.3714874711577463
0,2.0002810508816333,4.146917849795174,1.7877873410400356,4.146917849795174,1.0,1.0,0.0,1.0,0.0,0.0,0.22334014080951606,-0.4984767811894104,-1.5825174393074894,-0.7705561500520326,-0.8180578573018907,-0.7014255161994062
1,1.5292522981938854,-1.8704506267502912,-1.8704506267502912,2.583158996936745,0.0,1.0,0.0,1.0,0.0,0.0,0.6770321579991762,-1.97622854870384,0.5656177174138539,0.12441485843680639,-0.15067279001464023,-0.5078027351968168
1,0.8542834175160501,-1.4064886493433888,-1.4064886493433888,1.7881857648770938,0.0,0.0,0.0,0.0,1.0,1.0,0.08081657830865685,-2.12750387153384,0.8842263114141303,0.36795804615056277,-0.5750268107239227,-0.6331167891276643
1,0.5066858689083247,-0.46423460533437677,-0.46423460533437677,0.8457649370552566,0.0,0.0,1.0,0.0,0.0,0.0,-0.04738601731188216,-1.1423852168720068,-0.8907178647494669,-0.09661486557773706,-0.7607586862426154,1.7040055181966296
1,0.48262299740755193,-0.6232921021754612,-0.6232921021754612,0.25874416427126,0.0,1.0,0.0,0.0,0.0,0.0,0.5998099578518687,-0.9834952648056381,1.4156038931578427,-0.4824830835353456,0.7314989177203866,0.505765413284307
0,0.1631697801350318,1.589418677431374,0.36906994818387473,1.589418677431374,0.0,1.0,1.0,0.0,1.0,1.0,-1.105146728180531,-0.9284374835078757,-2.3780033806945085,-1.05831304702424,-0.441016096638723,-1.4393177516463895
0,1.243449838461021,2.2043226593308147,1.1826680689789346,2.2043226593308147,1.0,0.0,0.0,0.0,1.0,1.0,-0.5407737736696253,1.1482136414599373,1.2204890760452414,-0.588059710783522,-1.0044858253256923,-0.41045125910680014
1,5.877490959958227,1.520902402647866,1.520902402647866,2.528918767831504,1.0,0.0,0.0,0.0,1.0,0.0,0.7148182779371325,0.12509803469735686,-1.1656783739641177,-1.1945718690674583,-1.0511118365271555,1.8399660827070288
1,5.872798225992682,2.83800443245361,2.83800443245361,7.189992742927805,1.0,1.0,1.0,0.0,1.0,0.0,1.6570186775447702,-0.2256714265682721,0.7598443514937536,-0.7640403111295221,0.34179865387796815,1.7737794272192502
0,-0.3055133614690668,1.3641810445430878,0.140315481979278,1.3641810445430878,0.0,0.0,0.0,0.0,0.0,0.0,-0.5893855239594675,-0.41475446458416443,-0.3458290031840632,0.7181641732936576,-0.3582186875633964,1.2162571969391194
1,1.173337378352267,-0.41854274324714796,-0.41854274324714796,1.358972596090616,0.0,1.0,0.0,1.0,1.0,0.0,0.10454139898857596,-1.202760338739059,-0.4957385530443067,-0.24146190614761118,0.1370039743092059,0.4383111558473883
1,5.056993586966687,0.7599399388860646,0.7599399388860646,3.842685632569716,0.0,1.0,0.0,1.0,1.0,1.0,0.4757344148484093,0.9982956994051304,0.08961280491914025,0.0947867498015259,-0.24126842038114094,1.6208503851664484
0,-0.057802833565874234,1.7882911500581902,-0.5021497674852873,1.7882911500581902,1.0,0.0,0.0,0.0,0.0,0.0,-0.8950114956509967,0.07775004628695503,0.846674423971689,-0.1816677273808809,-0.6730112502612065,0.5453685374245073
1,5.169835503863863,3.379648761279208,3.379648761279208,4.223864303938494,1.0,1.0,0.0,1.0,1.0,0.0,0.4094316598617727,0.11903807537401917,0.5828119866444668,0.6660765023477904,0.7314081197497462,-0.10584992780270885
0,0.885969079600212,0.00891015842961762,0.10209876089237524,0.00891015842961762,0.0,1.0,1.0,1.0,0.0,0.0,-0.44556416508119484,-1.5906015576811003,-0.473608401532398,-0.8907768532180464,0.2826347391738453,-0.4768144212772062
0,-1.119997113664936,1.6997034434210396,0.6265534662767309,1.6997034434210396,1.0,0.0,0.0,1.0,0.0,0.0,-1.1847770719317103,-0.6869608000222224,-1.6579819407517036,-0.6510031392568587,-0.4503666986915573,0.291507339498969
0,-0.6292161835686471,1.5643397030445105,0.3880681761322699,1.5643397030445105,1.0,1.0,0.0,1.0,1.0,1.0,-1.1629816962269366,-1.1063243926454338,-1.0464686836602204,-0.1832302793714675,-1.6687491455406214,-0.9898728576095367
1,3.292543421342986,1.507891225036997,1.507891225036997,5.1912206577652125,0.0,0.0,0.0,0.0,0.0,0.0,1.7770963559240776,0.3499565013937773,1.3039450267456363,1.6661488895021306,1.232742860373769,0.9512691471304004
0,4.305097176158453,3.969192357111862,2.783177510684054,3.969192357111862,0.0,1.0,0.0,1.0,1.0,0.0,1.7411780686516247,0.8627906724206231,2.1974152707407058,0.6809531712168412,0.3767124450938907,1.876814831119118
1,4.7032872651156685,2.956961165972609,2.956961165972609,3.8600444430762892,0.0,0.0,1.0,0.0,0.0,0.0,1.39441675524567,1.815852777880886,1.84425197770579,1.2197077093055249,-0.9297595700567753,1.9900073939828902
1,4.630938077059094,2.7861354225839943,2.7861354225839943,2.68525668569657,0.0,0.0,0.0,0.0,0.0,1.0,0.1425432934639672,0.19226182066913955,-1.2613546281210215,1.3015026324506953,-0.7961030121776855,0.41700263255646014
1,6.553126759930487,4.384908704458383,4.384908704458383,5.254761126191921,0.0,0.0,1.0,1.0,1.0,1.0,0.9497085900360744,2.723913770236867,0.9112600425671143,0.3900699477483778,1.8558797926733193,1.5457630532139524
0,5.237738918965252,6.653351578898345,4.28617003272614,6.653351578898345,1.0,1.0,1.0,1.0,1.0,1.0,0.763974932031317,1.5620681170686537,0.3787404836259584,1.1437325077013192,0.35540112986260397,1.3091171857093953
1,3.8167193639478647,2.9456156880265043,2.9456156880265043,3.6081443236523,0.0,1.0,0.0,1.0,1.0,0.0,0.8741081412036389,1.14777425359428,0.15032796110213487,0.16204801796154167,-1.777186516819731,-0.1213772624652806
1,5.100111749115985,4.3643733542611916,4.3643733542611916,3.5690969604428413,1.0,1.0,1.0,0.0,1.0,0.0,0.4671994926615961,-0.03354246230797217,-0.5981000522724716,-0.384882617862948,0.8350167306452191,-0.4149274823423655
1,4.445999400687291,3.6469577477213235,3.6469577477213235,5.646791243537688,1.0,0.0,0.0,1.0,1.0,0.0,0.9589755572647082,1.1068104196783615,1.3296133973397326,0.26961107914841503,1.4054904377988595,2.2411050695823023
0,2.409984451451799,2.7019115419978172,2.796197533172849,2.7019115419978172,1.0,1.0,1.0,0.0,1.0,1.0,-0.46203055896094514,-0.868383279243772,-1.5365284241008075,-1.3290329596453967,-0.6931642049063385,-0.2596898844267731
0,-0.23254055599733953,0.5276915472100611,-2.1410372445653674,0.5276915472100611,1.0,0.0,0.0,0.0,1.0,1.0,-0.2507971859643836,-1.0052450334667629,0.6882690088078469,-0.5214932579999916,-0.949951261879114,-0.18215790693486045
0,3.654885263902571,7.967402195324011,4.162357932331568,7.967402195324011,1.0,1.0,1.0,1.0,1.0,1.0,0.3451313424049617,1.2411236938301273,-0.8954494715360508,0.3458284888999409,-1.5519823151858805,-0.2072964837141903
1,-1.1031508946340969,-4.045323452894602,-4.045323452894602,0.7843278854777405,0.0,1.0,0.0,0.0,0.0,1.0,-2.08726076730197,-1.6313423369346687,-0.8115154375426471,-0.13363878660962525,-1.245377490168772,-0.9429367752329989
1,2.935735072758848,1.835720332691367,1.835720332691367,4.841900796257558,1.0,1.0,1.0,0.0,1.0,1.0,0.49145210280613255,-0.5417161102328735,0.11446866851921872,-0.8035521783823252,-0.370307469677916,-0.5151697085190315
0,3.5930394278879225,1.9058788695580176,3.6207973852029176,1.9058788695580176,1.0,1.0,1.0,1.0,0.0,0.0,-0.4398418820291195,-0.4095222220344811,-1.3667513014056525,1.9633030884648406,0.7221254904227334,0.521468657511185
1,-0.019669568502402868,-0.14971017680060894,-0.14971017680060894,1.1888544835939945,0.0,0.0,1.0,0.0,0.0,0.0,0.23040591956877782,-0.09279185127887513,-0.4961566755152016,-0.8125946660076981,-1.1122718464141217,-0.30039716927334364
0,-0.22235450307368373,0.9376143180801728,1.355621342319224,0.9376143180801728,0.0,1.0,1.0,0.0,0.0,0.0,-1.8979524039146025,1.0793570639263834,-1.0518031532805114,-1.599059270139754,-1.4164750062540559,-1.3491995116291173
1,3.7282823208976534,3.6523731317847847,3.6523731317847847,2.9208698217301867,1.0,1.0,1.0,1.0,1.0,1.0,0.13738975243692977,-1.414812231426112,-1.4310510788859903,0.5782964034228051,-0.5188131784444879,-1.0397086772599033
1,1.2869631566453972,-3.533724265884339,-3.533724265884339,-0.8247476862020503,0.0,0.0,1.0,1.0,0.0,0.0,-1.1826811613897,-2.6240972746110165,-0.8660130976430349,0.5541702984748595,-0.5578118982756677,0.27350551426744907
1,3.5280556508219028,2.7475438054936823,2.7475438054936823,4.583192805098164,1.0,1.0,1.0,1.0,0.0,0.0,0.021184218821659096,0.8577013518186487,1.1700687710281623,0.11980521373670983,1.120897141741855,-0.43700452737709206
1,4.164435723252891,3.657042316713116,3.657042316713116,2.990946562199399,1.0,1.0,1.0,0.0,0.0,1.0,-0.134130811138504,0.6875248605530615,1.0885200147569987,0.8736274627082601,1.8956839911845846,0.9562161983254651
1,-1.5107732818637882,-0.32291797094957075,-0.32291797094957075,0.8291220240488336,0.0,1.0,1.0,1.0,0.0,1.0,-1.867329184196959,-0.8647845349716603,-0.9605403198589115,0.3859009146814116,-1.6765783800689458,0.35549500275633983
0,-1.1477562964930168,-1.9228828749452034,-2.45338231106932,-1.9228828749452034,0.0,0.0,0.0,0.0,0.0,0.0,-1.135655341389192,-0.30998511731908357,0.5771823130871628,-2.194115131106349,-0.06576286028370479,0.5743811566972651
1,5.283060497362857,2.500551562524468,2.500551562524468,3.635782689441325,1.0,0.0,1.0,0.0,1.0,0.0,-0.30544286028093226,0.8104344559524889,-0.1665117661759445,1.1690315774591447,0.6202211356189637,0.04172219371525221
1,5.06597919107427,2.1336832425969696,2.1336832425969696,3.1772698460485165,1.0,1.0,0.0,0.0,1.0,1.0,0.6134050958467664,0.2901521292947371,-0.665299847339065,-1.1380343618438735,-0.287737241114643,1.3482390045305532
1,1.5957884998790406,1.3109209682792393,1.3109209682792393,2.033572137154244,0.0,1.0,0.0,1.0,1.0,1.0,0.15996346804422518,-0.5428747271151333,0.19412605070731914,-0.6733282830537599,-2.0174505359527655,-0.788690478477486
1,5.8946548008910975,1.8965039050607508,1.8965039050607508,4.573541568868515,1.0,0.0,0.0,0.0,1.0,0.0,0.8686795928572201,0.7370413603299352,-0.20089200534823692,1.253717393034237,0.7482737504144923,0.6176289467400552
1,1.3792419080549494,1.1408758158681922,1.1408758158681922,2.432123860665211,0.0,1.0,0.0,0.0,1.0,1.0,0.5722772814122827,-0.770909311029363,-0.5467572649824444,0.058890229943955055,-0.18429240247832257,0.0649144756458353
1,4.140733141713152,0.6738541506449773,0.6738541506449773,4.570512928843792,1.0,1.0,0.0,0.0,0.0,0.0,2.11337789715654,-0.11887626833652115,2.406441229148681,-0.3393006144474324,0.7751512756104457,-1.5941827357296072
0,4.294582715106285,4.142708118521169,1.9586588131042462,4.142708118521169,1.0,0.0,0.0,0.0,0.0,1.0,1.1153714305402687,0.9271574609036531,1.0550954372285988,0.18887833361991263,1.0327875554127646,2.631601138381284
0,1.6262266458338654,1.5637790820301758,1.366527683697751,1.5637790820301758,0.0,0.0,0.0,0.0,0.0,0.0,0.1638859471035672,0.12846047655688753,-0.714598264511164,0.5299968855211943,-1.7877402285342399,0.3025942194109176
1,1.4703289986749521,1.0551627706151776,1.0551627706151776,0.16856729654593433,0.0,1.0,0.0,1.0,1.0,0.0,-0.793177967944479,-0.9521374840278571,-0.5502221407683221,0.44517432563271014,1.1874047896431914,-0.16195334142646362
0,2.783217647558288,6.334240601663007,3.3915123778073086,6.334240601663007,1.0,1.0,0.0,1.0,1.0,1.0,-0.12925824161562646,0.16284444073065302,-1.3131514204832708,0.38306219043718376,-1.412764101143161,1.5315461455181383
1,4.4658918100129155,1.3988157666293493,1.3988157666293493,0.38023125429630866,1.0,1.0,1.0,0.0,0.0,0.0,-0.8996922526259493,0.21625085603800515,0.7610479533165068,0.9628375709792183,-0.43784632053885686,0.06741671196705093
1,3.1392470104712347,1.3346270729403018,1.3346270729403018,4.253272988792188,1.0,1.0,0.0,1.0,1.0,1.0,-0.8919962842299152,1.3438713951097188,-0.021453839323353208,-1.2895871921609707,0.07912540029584775,-0.17207737772715584
1,0.31284734976089446,-0.23301623075908395,-0.23301623075908395,2.3905732869891105,0.0,0.0,0.0,0.0,0.0,0.0,0.36107639544530534,-1.2126696039650313,-0.988928325374993,-0.7433113968998081,0.5516593523759445,0.16335160920955455
0,4.007146110163703,6.195101115736829,2.4082806180524825,6.195101115736829,1.0,1.0,1.0,1.0,0.0,1.0,1.2107652371869688,0.3718400848451405,-0.7292630856689434,0.3935859193109099,0.28252489746069154,0.9807709406431188
0,-0.12045337881542109,3.108105736226602,0.0764994233411051,3.108105736226602,1.0,0.0,1.0,1.0,0.0,1.0,-0.5444426761746685,-1.2339637142071094,-0.1765973105174345,-1.2553853176011702,-1.4095664018784055,-0.41102918416722833
1,5.239348823181447,2.2254093101006376,2.2254093101006376,4.059114613269792,0.0,1.0,0.0,1.0,0.0,1.0,1.4570223494343686,0.5002205905786825,0.3554116446155124,-0.7189850945723991,-0.8772248747615223,1.378733890466951
0,-0.3063258291685715,1.5130342811821857,-1.4128459273009648,1.5130342811821857,0.0,0.0,1.0,0.0,1.0,1.0,-0.48266459122086974,-0.8603769133611128,-0.062135742142784944,0.08030751541626571,-0.7900708004799806,-0.1316526690437958
1,1.3962942280673085,1.8163310259831662,1.8163310259831662,0.7737570481466871,0.0,0.0,1.0,0.0,1.0,0.0,0.01744431008625938,0.02553802012823561,-0.06966730795571208,-0.0008681337567612163,-1.2323334909613761,0.1343543028659897
0,1.4241746628621534,2.5616592831583,1.1686182315786218,2.5616592831583,0.0,1.0,0.0,0.0,1.0,1.0,-0.9515296809380364,1.063039691474757,0.11771795042106653,-0.40060582323765337,0.010292849317754316,0.4805331251108157
1,5.087816768865188,2.609032638501497,2.609032638501497,4.138872716038388,0.0,0.0,1.0,0.0,0.0,1.0,0.725796766005165,0.6672420630916729,0.3493826182546043,1.9517672769767809,0.4838738163886913,1.2508989566142725
1,4.039674492221917,-0.22405458449534277,-0.22405458449534277,4.660662480915844,1.0,1.0,1.0,1.0,1.0,0.0,-0.013459134838763874,-2.065861623437139,-1.632876678544766,-0.8630109644315557,-1.7064668946930919,-1.2282636067090196
0,1.4010839566909516,2.2303700124100043,-0.6731154062922708,2.2303700124100043,0.0,0.0,0.0,1.0,0.0,0.0,0.20467517921340364,-1.137827101121469,-0.27445508969028753,0.9792965688120816,-0.24476161817113212,-0.04791621298874349
1,3.28182187143194,0.1788879170917883,0.1788879170917883,2.181572249150226,1.0,1.0,0.0,1.0,0.0,1.0,-0.5955950347986907,0.00831921165983307,-1.2281574950974723,-0.8845506083934206,-0.12176808521188487,0.2919914579722542
1,0.3527055584621006,-1.4152007372565745,-1.4152007372565745,1.2911152786733768,1.0,1.0,0.0,1.0,1.0,0.0,-0.8561386896229034,-0.42829897092837804,0.08416173014401754,-1.4242554771041775,-2.066017517619983,0.44286712969788433
1,5.527304285190438,1.2834707511467052,1.2834707511467052,5.146130030342814,1.0,1.0,0.0,1.0,1.0,1.0,0.4659654434554448,-0.55701839198331,-0.637434368521246,1.1460740167419339,-0.9738919925052787,-0.4691500791092771
1,6.241062011720817,4.539337182227277,4.539337182227277,5.609511972957275,0.0,1.0,0.0,0.0,1.0,1.0,1.5588295521439137,1.8478331588830288,1.8395032134736968,1.8232676944163944,1.5852259742273973,1.9620932202641754
0,-1.0393633818966346,-0.8135514380354796,0.0336890697374741,-0.8135514380354796,0.0,0.0,1.0,1.0,0.0,0.0,-1.8335173026606495,-0.47100728896733135,-0.46794968662812964,1.5397849497030704,-0.9800448641534958,0.8736719536235601
0,1.0073129422529083,3.13130625116428,1.67226218217941,3.13130625116428,0.0,1.0,1.0,0.0,0.0,0.0,-0.822710535646165,-0.2670438625686118,-1.9806021511805394,0.34812054238702617,-0.256934912569885,-1.477295321913467
0,0.4746324957575351,0.9252132130828821,1.162342726253219,0.9252132130828821,1.0,0.0,1.0,0.0,1.0,1.0,-1.1663252764417669,-0.6133277274522461,-0.7141883252658711,-0.4714325281258601,-0.5323221094714752,-0.6332243239622188
1,2.4646979039717345,-1.7580268558606176,-1.7580268558606176,1.8950216340282404,0.0,1.0,1.0,1.0,0.0,1.0,-0.03937791928453727,-0.3998120540753707,-0.2371829473387258,-0.5937158689395626,-0.7114783858430604,-1.65157663258146
1,6.034842871671673,6.927390579326364,6.927390579326364,4.615938802801979,1.0,1.0,1.0,1.0,0.0,1.0,1.394577660171688,-0.06102573431299274,0.5560709328747859,1.7832379875255655,1.2187057001331159,1.966947119645511
1,3.9827006403271836,2.600039027381348,2.600039027381348,5.900881509759152,0.0,0.0,1.0,1.0,0.0,0.0,0.8114851600931478,2.4198297630426566,1.6719950451841554,-0.4990231110499519,1.4816209702693015,0.29616237056408834
0,0.44536228946132694,1.4894147269025297,-1.3457755940147538,1.4894147269025297,0.0,0.0,0.0,1.0,0.0,0.0,-0.8388067811045438,0.6368245096277124,0.23437935695028755,-1.9344700815697162,-1.4769404503782375,-0.969249165250629
0,2.7268127639201314,4.23252581926789,3.495830407545361,4.23252581926789,1.0,1.0,0.0,1.0,1.0,1.0,0.8784425232483267,0.06695033437822565,1.1421977115553055,0.9973502582041629,-1.6639744157074594,0.4901048125847029
1,3.477953281151471,2.89468924725524,2.89468924725524,3.538509856295044,1.0,1.0,0.0,0.0,1.0,1.0,0.7060922365371198,-0.40450340970581544,-0.8631065830721609,1.2111092463030293,0.8923411683492031,0.7487711286795329
0,4.374660836496018,7.1958224371371955,4.887715462587818,7.1958224371371955,1.0,1.0,1.0,1.0,1.0,1.0,1.467381461008412,1.4453299206171666,0.27383442295644544,-0.07732996636517131,1.1820030866908726,-0.6582819997821745
1,6.276248820710149,3.562915121718084,3.562915121718084,4.214702350060081,1.0,1.0,0.0,0.0,1.0,0.0,2.1067852504675146,-0.08733035644416004,-0.21729909753366722,0.659032501167709,0.6688851902804693,1.2626948884666098
1,3.5616934684515904,3.2257552215217906,3.2257552215217906,4.49730796807924,1.0,1.0,1.0,1.0,0.0,1.0,0.403973058907846,0.24860166869755818,1.8514676695921795,0.3633572601065954,-0.7627670114120975,1.2787289333783747
1,0.1614707543663454,-0.8535074219182016,-0.8535074219182016,0.3114728592052609,0.0,0.0,1.0,1.0,1.0,0.0,-0.24179790179688654,-1.5473033085440635,-0.26341653939602017,1.6219506621270603,-0.6622710333521798,-0.5311412101887618
1,1.2199538746710226,0.4168500062331442,0.4168500062331442,3.408239066749706,0.0,0.0,1.0,0.0,0.0,0.0,-1.3620473407495668,1.6488296766092552,1.2570461282147103,0.7346944011445703,-0.15499730959760094,0.2850134970924705
1,4.822064586754699,3.40318410202064,3.40318410202064,4.255330908411199,0.0,1.0,1.0,0.0,1.0,0.0,1.1314026400159627,-0.2866885019076297,-0.660616319067662,-0.43325268963838925,0.7518406742215947,0.45949494234606225
1,4.35063033065883,3.5147015463783053,3.5147015463783053,4.444863235629932,1.0,0.0,1.0,1.0,1.0,1.0,0.8529200323808535,-0.08746426098165166,-0.008431450252866906,0.9756527260614895,1.4752193283492943,-0.7387349255643203
1,3.681575599171933,0.29074617295867555,0.29074617295867555,1.8143189977105896,0.0,1.0,1.0,1.0,1.0,1.0,0.5945492773306851,-0.8150580626628421,-0.5697912937166676,0.11744737690464041,0.7310746783112456,-0.39617139014526187
1,4.729625903923202,4.049058647922499,4.049058647922499,4.497833412858453,1.0,1.0,1.0,0.0,1.0,1.0,-0.4121369825494131,0.46132632353594727,-0.21736648773646663,0.814444105857858,1.49880028419255,-0.9638933629609658
0,-2.1901013369772437,-0.1147377719388567,-4.1039565059358205,-0.1147377719388567,0.0,0.0,0.0,0.0,0.0,0.0,-1.3167396943313663,-1.2856010233394413,0.4821126175406629,-1.0423202955099766,-1.7407384078187185,0.9041751597281369
1,0.6941286842788482,-0.2525075446489481,-0.2525075446489481,0.49513194516083586,0.0,0.0,0.0,1.0,1.0,1.0,-0.24734139555691043,0.19778728740750312,0.6533205351139499,-1.096813418885356,0.891866175207038,-0.9417706772136498
1,3.532613112974692,2.8028890074786728,2.8028890074786728,6.081947568679984,1.0,1.0,0.0,1.0,1.0,0.0,0.9032298801213805,0.28920466838562164,0.47625722069919685,0.5813951796434375,0.5380863993376136,0.45630141460675827
1,6.575337929549979,3.132180236794994,3.132180236794994,3.6992941265433785,1.0,0.0,0.0,1.0,0.0,0.0,1.1243976866930931,1.4107119367652372,1.3065647184719467,1.0164412561733696,1.085039554103592,0.46263159526186115
1,1.9209354785758974,2.715325820602496,2.715325820602496,2.925793635049935,0.0,0.0,0.0,1.0,0.0,1.0,0.2563457492761328,1.1729921517428141,-0.23180069131801234,1.6565917411294822,1.3963652747621338,0.7091519090479338
0,1.0844878320573632,1.0836912518690343,1.5076158355687546,1.0836912518690343,1.0,0.0,1.0,1.0,0.0,0.0,-0.9917870261120435,0.7720097510572872,1.298406345724231,0.27081841547975166,-0.8505899327598326,-1.6821879841546463
0,-2.2268892827081186,-1.967383002111909,-2.400169774188547,-1.967383002111909,0.0,0.0,1.0,0.0,0.0,0.0,-1.4421318835735015,-1.1055761585730937,-1.1060279609563226,-1.5245010451922627,-0.6221606852755519,-0.7763217002412093
1,5.834440761332896,2.295609769307255,2.295609769307255,3.7328407069072504,1.0,1.0,1.0,0.0,0.0,1.0,1.0335255892733202,-1.008914434697054,0.19705979552101874,-0.8897987386990784,-0.356838227287445,-0.3985230118590577
0,0.975842574144465,2.424733212445217,-0.18665051859530557,2.424733212445217,0.0,1.0,0.0,1.0,1.0,0.0,-0.1759346710515881,0.5816848751134094,0.1285509035322111,0.6788148889242213,-0.5993911215550776,-0.3997514802517527
1,-0.13744901562153578,0.12786681733481714,0.12786681733481714,0.8614658082048634,0.0,0.0,1.0,0.0,0.0,1.0,-0.17663015182944633,0.281773553732444,-0.36369913581782354,-0.7179355890165564,0.2856432058023861,-0.7370635976462105
1,6.1397664080634335,0.9502584118060238,0.9502584118060238,4.601101495587226,1.0,1.0,1.0,0.0,1.0,0.0,0.733171758024487,-0.1552082184229473,0.0025224175192091955,1.421501463849808,0.862899774166344,0.5154246115782073
1,0.9646920920149176,0.32485304783231816,0.32485304783231816,-0.15348523990188134,0.0,0.0,1.0,0.0,1.0,0.0,0.7374893050978466,-0.17274694042244798,0.5532764187961902,-0.6201648633003098,-1.070243813740949,-1.040975533066884
1,5.2277530232882645,3.3912720300598744,3.3912720300598744,3.347811382280926,1.0,0.0,0.0,0.0,1.0,0.0,0.018588159580638978,-0.6576374588571317,-1.1018976736259112,-0.2605631049083719,0.7174623241738038,-0.4326767991321696
0,0.016943270787259268,1.7693813579736732,0.18283103269622433,1.7693813579736732,0.0,0.0,0.0,0.0,0.0,1.0,-0.19241729357891418,0.036040377008486724,0.24994011383974893,1.2433209838923334,-0.2250240450517552,0.6001111270172427
0,0.6987318115232597,2.0501057953038746,-0.6525679768985102,2.0501057953038746,0.0,0.0,0.0,0.0,0.0,1.0,-0.24216896507775312,0.13949730883636896,0.723747936625891,-0.1686102015339206,0.13548397063283674,0.7573387523949804
0,4.197155077103466,4.8329530353232775,2.8725877831003492,4.8329530353232775,1.0,0.0,0.0,0.0,1.0,0.0,1.4044585544259809,0.21360817085084086,-0.2933555475644592,0.9638304650305123,-0.33937595791654096,0.37117438370042466
1,-1.2414524091056964,0.773317189827645,0.773317189827645,-1.5124863012007383,1.0,0.0,1.0,1.0,1.0,0.0,-1.6093324972592982,-1.2617442881388532,-0.11828745239658628,-0.3503459036053551,-0.16350812979801882,-0.7929362008406344
1,1.6658140798972523,-0.449492172481456,-0.449492172481456,0.9815464709085406,0.0,1.0,1.0,0.0,1.0,1.0,0.30183651150929114,-0.00827549774992048,-0.029654396680388884,-0.534046914669526,-0.8157392970434418,-0.124073671111781
1,-0.21626217133374293,-1.876078414064775,-1.876078414064775,0.12316995966324053,0.0,0.0,0.0,1.0,1.0,1.0,-0.7119150440194854,-1.9059810705106615,-1.7485512728958712,-1.6595023934002793,-0.7193818124729343,-0.1053216110437325
0,-1.7777574468156212,-2.18265790866295,-2.660582461343637,-2.18265790866295,0.0,0.0,0.0,0.0,0.0,0.0,-1.491836390387329,-0.842775219928654,0.717841652100653,0.177604981782437,-2.0193141844908205,0.38640827235188646
1,2.702225511610166,0.24790902393358927,0.24790902393358927,3.938636740549152,0.0,1.0,0.0,0.0,0.0,0.0,0.9630107662024264,-0.07672407737468884,0.4960657498880514,0.2841807507013121,-0.37237091174320897,1.1584868598732758
1,2.516510022905213,0.1827029424586017,0.1827029424586017,2.43471190151677,0.0,1.0,0.0,0.0,1.0,1.0,-0.9590949018066399,-0.7371701932644458,-0.65752123182713,2.233935329268076,0.29215384100991304,-0.1865303588897479
0,1.6236528290193863,0.17597544833669393,-1.0834895952987964,0.17597544833669393,0.0,1.0,0.0,1.0,1.0,1.0,-1.4860781055771608,-0.1411120667621487,-1.3277186723936203,-0.8773163413041171,-1.8211264634908149,0.3550554110351738
0,0.5958505578126991,2.85948615713491,1.4846398996017454,2.85948615713491,0.0,0.0,1.0,1.0,0.0,0.0,-0.2032671499030311,1.0203648535439491,-0.2786099074221445,0.6869237546389333,0.40383008871197557,0.9401002567479689
1,0.09516035933175071,-0.7612537183663436,-0.7612537183663436,1.7581976244846464,1.0,1.0,0.0,0.0,1.0,1.0,-0.5315616768675652,-1.197525901156252,0.7828805530346625,-0.4447044102606937,-0.5019510313312915,-0.8346289377109307
1,4.870127559990718,3.6040017631319454,3.6040017631319454,5.190314448672052,1.0,0.0,0.0,0.0,0.0,0.0,0.8603197357580313,2.025002134923743,1.1055201944039235,1.3848152453777607,1.4964123031180687,1.089927504498416
1,6.911830151367976,4.069451416954006,4.069451416954006,5.56983375523365,1.0,1.0,1.0,0.0,1.0,0.0,0.8475093721821428,2.3545138416544207,0.7029227426595923,-1.275431481451681,0.8647920069112057,-0.7906892418855314
1,-1.1076788104986623,0.5773020279464196,0.5773020279464196,3.0815468554056435,1.0,1.0,0.0,1.0,0.0,0.0,-0.9411738155244195,-0.5330722826413158,-1.5466783488089115,-2.0811726056523474,-0.1895249396057892,-0.8913506749749096
1,2.8439614625217366,2.7242309042868484,2.7242309042868484,3.0045419392229578,1.0,1.0,1.0,1.0,1.0,0.0,-0.4275247424677437,0.9095347183162961,1.1820017188174987,-0.7331222049758667,-0.2475414892218398,-0.9142873275685047
1,3.100295579699333,0.8423301279432955,0.8423301279432955,0.5323790492802924,1.0,0.0,0.0,1.0,1.0,0.0,-0.5217621483064542,0.25318649237187796,-0.2317058984003306,-1.2682419441486061,-0.254726703682976,0.052684431553279204
1,5.813744581659388,0.8697571136477167,0.8697571136477167,3.5418070535069823,0.0,1.0,0.0,1.0,1.0,1.0,0.0992398861549867,1.9899682857005712,0.37616269163550753,-1.0130534041162498,-0.720538361158376,-0.19038022990311446
1,1.4320318986820728,2.3957678623254184,2.3957678623254184,3.2498278469329165,1.0,0.0,1.0,1.0,0.0,0.0,-0.35884983756641275,0.07171582540537486,-0.25339552048599256,1.0311466510800456,-1.331420609565808,-0.5539476220902474
1,4.177205300238008,4.514149068482431,4.514149068482431,2.5078828016353194,1.0,1.0,1.0,0.0,1.0,0.0,0.5860437671748772,-0.23501141020503247,0.6180061582045763,-1.2459134435580759,0.4079273420051671,-0.32945625627154285
0,2.3049564566684184,6.828591413574922,3.6597983527691023,6.828591413574922,1.0,1.0,0.0,1.0,1.0,1.0,0.2012328295971533,-0.31271060395116634,-1.249875006190535,1.6259147583561053,-0.4817451843863104,0.5757098226258727
1,4.266616426973934,3.146656023777078,3.146656023777078,4.983318857683463,1.0,0.0,1.0,0.0,1.0,0.0,0.5654095928382692,0.3033210395562769,0.6254354249375084,-0.24869519323462183,1.09403214898458,0.9933958256640019
0,-1.0141381974008346,0.4392152544468778,-1.0962138923940912,0.4392152544468778,0.0,1.0,0.0,0.0,0.0,0.0,-0.579730625638891,-1.1372234759350013,0.5640231048214817,0.8154960103200978,0.1972074262299622,1.789814059532884
0,4.534135609230561,1.9676606860725159,2.2158695949243405,1.9676606860725159,1.0,1.0,0.0,0.0,1.0,0.0,0.5298001126215773,-1.1827221145584454,-0.1961521328054192,1.4481502668770425,0.275925087365997,-0.6268822652469501
0,0.16916592089845275,0.8617931887609168,-0.6241986007834205,0.8617931887609168,1.0,1.0,1.0,1.0,1.0,1.0,-0.36277260181146653,-0.8760555992417841,1.663483564006417,-1.172923715638142,0.20783011649188673,0.037262966197198016
0,2.3618167779097066,2.7015949400695782,3.380247938466092,2.7015949400695782,1.0,0.0,0.0,0.0,0.0,0.0,-0.43046286932214,0.5670908141898501,0.33513319396146246,1.5413639344548054,-1.1680399944502087,2.4785203645403757
0,-0.7798376324068429,0.6956883556523787,-2.477329780234984,0.6956883556523787,1.0,0.0,0.0,0.0,0.0,1.0,-0.7301595272620713,-0.442904652667992,-0.3009790817352732,-2.3187130100058457,-0.6364001085210662,-0.3664091505634539
1,3.462034535459513,-0.8932147649365101,-0.8932147649365101,1.7866883881695241,0.0,1.0,0.0,1.0,0.0,1.0,-0.6902350798145243,-0.6947177908667309,-1.097525506070511,0.9059061771103953,-0.18803251369861074,-1.5858983642147424
1,2.4627560389620107,2.788661946963439,2.788661946963439,2.9697965870591805,1.0,0.0,1.0,0.0,0.0,0.0,0.5223587483816567,-0.13086755871123984,0.5956476610973549,0.1723972526779764,0.6879886614022399,-0.03149000001235619
1,4.8563563399246075,3.981183977621644,3.981183977621644,5.710053729700338,1.0,1.0,1.0,1.0,1.0,0.0,0.29204864793528695,0.12071344533639883,-0.8858396396353427,0.3358959334555402,-0.5816322205192416,1.4063150268607767
1,2.1194898686313146,2.1284617797279877,2.1284617797279877,2.0763327364741806,0.0,1.0,0.0,0.0,1.0,0.0,0.22586647029779322,-0.9437547303564129,-1.4869121986894158,0.14966699891234037,0.44999472882046077,-0.7372521877301671
1,2.6907214185695008,0.610541351726257,0.610541351726257,2.9491484820257305,1.0,1.0,1.0,1.0,1.0,1.0,-1.228903928083846,0.3736912976294936,-0.9228438571970615,-0.6694301933960379,-0.11726257882378624,0.5925058599655603
1,0.4909881555512585,-1.0979636257761531,-1.0979636257761531,-2.590746567386861,1.0,1.0,0.0,0.0,1.0,0.0,-1.6958410770386858,-0.47084869349569863,-0.7669270880704424,-0.9284351728492541,-1.2434773063910125,-0.5969532557223411
0,-1.0515884560363042,0.2089137852190217,-1.0514632771602077,0.2089137852190217,0.0,0.0,0.0,0.0,1.0,1.0,-1.895270470653774,-1.102529719133798,-1.744823539219389,-0.8533999736621825,-0.3969744440462356,-1.3471297272205338
0,0.03838026473463718,0.15148565586649476,-0.9510517868410246,0.15148565586649476,1.0,0.0,1.0,1.0,1.0,0.0,-1.519624891412553,-0.6552253323323189,0.8418145556122216,0.3092814577262054,0.7910194768261474,0.8146685134486611
1,0.46733603675412383,0.08658706476803701,0.08658706476803701,1.9203541400222415,0.0,1.0,0.0,1.0,1.0,0.0,-0.12037515112599378,0.19509739197657822,0.11818113063923286,-2.338107119197225,0.7020942702546729,-0.46037107694972923
1,2.5953236112476086,1.4093290186821654,1.4093290186821654,3.5918256268199538,0.0,0.0,1.0,0.0,1.0,1.0,1.0795028277612218,-0.08931676520326293,0.26459839708515354,0.5219385130746587,0.938840896713913,1.1288505039746894
1,0.9770739355125663,-0.5265939375980117,-0.5265939375980117,0.882388671800842,0.0,1.0,1.0,1.0,1.0,1.0,-0.749368512997067,-1.5581155758072986,-0.24408545994494368,-0.5235639328745176,0.04342602895496617,-1.6999552564212574
0,2.3108731202279906,2.482082183376377,0.20473141498397274,2.482082183376377,1.0,1.0,0.0,0.0,1.0,1.0,-0.45775211257642723,0.42737958931961706,0.0421439498434638,-0.4304877890905382,0.08962553488957076,-0.5442017791113357
1,7.624709293140423,5.263364644732324,5.263364644732324,5.859780416675857,1.0,1.0,1.0,1.0,1.0,1.0,0.9911120531768336,1.7793562555454212,1.9633289795951923,0.17877770402518223,0.060328421885910255,0.18016118796832215
1,4.481519219711109,3.2273169340048993,3.2273169340048993,4.112242004380268,1.0,1.0,0.0,0.0,0.0,1.0,1.9681962315293076,-1.222736535794625,-0.6920240319512979,-1.9222526302346457,-1.12387128327071,-0.3585338698873206
0,-1.425576255281566,1.9926552546688927,-0.26349666978124286,1.9926552546688927,0.0,0.0,1.0,0.0,0.0,0.0,-0.20446195033685818,0.241804978883585,-1.0165178619875652,-2.0158619353392946,-0.021687314102291078,-0.9428259591898858
0,1.5654510333459024,2.353769117452064,2.7092757486249823,2.353769117452064,1.0,1.0,1.0,1.0,1.0,1.0,0.24014818372534272,-1.0621827410511109,0.9012367943889947,0.6413234005431246,-0.3416881446528428,-1.0078823834849369
0,-2.5172108966471396,-0.22373209271161815,0.03440777436228748,-0.22373209271161815,0.0,0.0,1.0,1.0,1.0,1.0,-0.9088611262432534,0.027959910199904625,0.6718648968694364,-0.7589280212773509,-0.544359044204173,-1.5539617691972025
0,0.22366313192732046,1.7254245024310502,-0.2452638160667463,1.7254245024310502,0.0,0.0,0.0,1.0,1.0,1.0,0.19986189003432497,-1.4463174873392572,-1.6990149306246172,-1.0137988924286387,-1.1537932947309923,-0.8091368515346923
0,-2.6108876572954927,-0.8164322474742115,-1.131728654306317,-0.8164322474742115,0.0,0.0,0.0,0.0,1.0,0.0,-1.2305668478961627,-0.126228870724299,0.39103761653455393,-1.01618518773029,-0.23983742658146254,-0.8160292769131532
1,2.732910624141196,-1.666133250594451,-1.666133250594451,0.8926201218528518,0.0,1.0,1.0,0.0,0.0,1.0,-0.9550639235816545,-1.5316434224433473,-1.43642039618152,-0.4113362671181974,0.7821220873490278,0.3218015538359541
1,0.3954888237654428,-1.5412603246571546,-1.5412603246571546,-1.438634309866126,0.0,0.0,0.0,0.0,0.0,0.0,-2.4773459992051197,-0.3276059626775871,-1.1507240640546543,0.2852119670258406,-1.6592894985194155,-1.6332857402892706
1,1.3763917192141155,0.8527570887569504,0.8527570887569504,0.8911270454563267,0.0,1.0,1.0,1.0,1.0,0.0,-0.4536005393972181,-1.196425075872447,-0.3512898989066626,-0.5072180279042523,-0.452593511173579,0.2167574767711702
1,3.1827146495941445,2.499641865111036,2.499641865111036,2.846875046354474,1.0,0.0,0.0,1.0,1.0,0.0,-0.4858019525200371,0.0029432457002609436,0.22328112295290248,0.24371348372307983,0.8014533856019201,-0.3471163373499978
1,4.325606450035802,1.504685714018748,1.504685714018748,4.39588339644091,1.0,1.0,1.0,1.0,1.0,1.0,0.9925663163983559,-1.75238252536065,0.8574985113487463,0.3504627588241415,1.0125775833426063,0.6418330072095859
0,1.385487923879205,3.8122400412322213,2.6719347162362066,3.8122400412322213,1.0,1.0,0.0,0.0,0.0,0.0,0.32061698622770113,-0.18866561610652116,-0.25925048717986204,-0.29949236858599104,0.3957206975743303,0.015080253740619179
0,0.4581178641928141,0.4895316943099024,0.291832553899142,0.4895316943099024,1.0,1.0,0.0,1.0,1.0,0.0,-0.3265766068051321,-0.23569211115673885,0.28585583648581464,0.36756928471296874,-0.06028514015195066,-0.8914962946007559
1,2.5593930237925004,-0.44362136023627574,-0.44362136023627574,3.187755588080333,1.0,1.0,0.0,0.0,1.0,1.0,-0.054586309321186216,-1.5044342803681658,-1.18587180471566,-1.2694549287240695,-1.0910509853517876,-1.8578716344402912
1,0.4447068357663202,-0.23872480164680265,-0.23872480164680265,1.0650029981077749,1.0,1.0,1.0,0.0,0.0,1.0,-0.7245523156245501,-1.5644347813775972,-0.7736273871969375,-0.5816924097215391,-1.2550297303107902,-0.6057059025956464
0,0.38332828671279917,2.061851208608311,-1.5005352585682463,2.061851208608311,0.0,0.0,1.0,1.0,1.0,1.0,-0.9031334436832742,1.5003179257772326,0.6773796339904968,-1.0609331366781665,-1.1245906271859472,0.2870213637177474
0,-0.3860837364630729,0.3847217256027413,1.383895613190571,0.3847217256027413,1.0,1.0,1.0,1.0,0.0,0.0,-1.0006160958756538,-1.351599051616797,-0.1772592319727777,0.5391895699457815,-1.1054383025280592,-1.7775750388864389
1,-0.30960659764861265,-1.9483391979686617,-1.9483391979686617,-1.1989017669371735,0.0,0.0,0.0,1.0,0.0,1.0,0.37155601647389286,-0.486558479560919,1.2939263288428795,-0.2666746477425163,-0.5111295956695189,1.5018187627695143
0,2.341358757728146,3.1221170773343117,2.2905281194068694,3.1221170773343117,0.0,1.0,1.0,0.0,1.0,0.0,-0.5234371824432239,1.1786600192016239,0.7396960158425434,1.2087724598029899,1.084228021034677,1.010497492370108
1,4.790895181007367,3.1069184016676283,3.1069184016676283,4.049174494881079,1.0,1.0,0.0,1.0,1.0,1.0,0.8453135817967291,0.09846710936238945,1.1768401941042024,0.7108425390809974,0.6873921358477875,0.3951789119132252
0,-0.1469422315873692,0.8138695887448104,-1.4297249635625353,0.8138695887448104,0.0,1.0,0.0,1.0,0.0,1.0,-0.14071974258790304,-0.9525927988688648,1.594014308787318,-0.19909628563817672,-0.20891975070572077,1.0567311243424602
1,5.420390204264379,1.2238578487837104,1.2238578487837104,4.196822833475888,1.0,1.0,0.0,0.0,0.0,1.0,1.0650781236989253,0.09035844744134676,0.23634271931639153,0.3338889943911003,-0.0867675244514087,-0.9464468907307266
1,5.197460150934243,1.661404691104995,1.661404691104995,1.8591500210139134,1.0,1.0,1.0,0.0,0.0,1.0,1.0542103108184848,-0.8691161900437168,0.6975850154401828,0.2613312332730993,-0.6982293353751095,-0.7735585009623429
1,5.999072739644243,4.841693112871419,4.841693112871419,5.9147569282940795,1.0,1.0,1.0,1.0,1.0,0.0,0.9477317170780613,0.3149429822215109,-0.777786199197248,1.668232995086297,1.604480251902453,0.9320243963438475
0,2.042393743092756,3.649136117127833,0.2614738428069301,3.649136117127833,0.0,0.0,0.0,0.0,0.0,0.0,1.6510268365639453,0.32984252348716964,1.707937585558983,0.8391977253308783,0.20514662610306456,0.31479240266988295
1,3.1188119896310944,3.7868029349522208,3.7868029349522208,3.372740539604731,1.0,0.0,0.0,1.0,1.0,1.0,1.6716099515262286,0.30190105931964334,1.0886881667780208,0.6542671546702084,-0.022646221490924656,-0.060008721674748355
1,0.7669899769223384,-0.9828840629682921,-0.9828840629682921,0.4220168759916071,0.0,1.0,0.0,0.0,0.0,1.0,-0.9662297439422947,-0.855632117166566,0.12835685629431337,-0.4568907713457673,-0.6815335302715552,-0.920481041125526
1,4.224700848121008,3.2447746092183642,3.2447746092183642,5.3540704817157705,1.0,1.0,1.0,0.0,1.0,1.0,2.028170604002987,-0.3628583181647344,0.8637476244631379,-0.24963887931918513,0.3762065053500617,-0.052626228060138364
1,2.0791451286464877,1.6896830636818785,1.6896830636818785,2.1109244388075443,0.0,0.0,1.0,0.0,0.0,0.0,0.5595963435230759,-0.3862852055278634,-2.3124045330979475,-0.8481355746454591,0.6602633251122385,-0.4828495500169761
0,4.764660537142447,4.3789734888410905,3.550110756763637,4.3789734888410905,1.0,0.0,0.0,0.0,1.0,0.0,1.3312778109014114,0.0017399419971962926,0.22599856649039163,1.1730476633750482,-0.1514345533358878,0.27060150004727657
1,1.257467557078497,-0.7254159665151187,-0.7254159665151187,1.1232664352133481,0.0,0.0,0.0,0.0,0.0,0.0,0.05721191695649985,-1.2184636217034377,-0.56079328790128,0.10820423166754525,0.4799307244509329,0.7023345419622428
0,2.398425245359703,6.506122613242663,0.7398900327786444,6.506122613242663,0.0,0.0,1.0,1.0,1.0,1.0,-0.16011813408021516,2.425678480271489,0.4671573272233772,0.17877070876408863,1.2923044129942736,-1.2727794540630732
1,3.705990417623495,1.5591345574330526,1.5591345574330526,3.5614943805109065,0.0,0.0,1.0,1.0,1.0,0.0,0.7517453715511629,1.1340381193333682,1.4919116268849986,1.5829508041207223,1.5341921999683765,-0.07671912727553165
1,2.207519468130436,1.977219571631939,1.977219571631939,1.7633862853441589,0.0,0.0,1.0,1.0,0.0,0.0,0.5944601548007025,0.32585817775713755,1.5759937638036825,-0.5158001860464332,0.7055728405126437,1.7303723858858033
1,2.6570157200626094,-0.09412201803467246,-0.09412201803467246,4.688094688676728,0.0,1.0,1.0,0.0,0.0,0.0,0.5099736703256637,0.10578528833055327,-1.0491580147677562,-0.4278393159687951,0.6618166440624651,0.7002947173849625
1,1.292899887178637,1.9076835193617638,1.9076835193617638,1.7558317472364826,1.0,1.0,1.0,0.0,1.0,1.0,-0.9814053829320863,-1.9070861626672166,-0.026985272615800082,1.4212841605431257,-0.2637873883894691,-0.27056258481003287
0,1.1897006647515946,1.7412895253780984,1.5341584430517674,1.7412895253780984,1.0,1.0,1.0,1.0,1.0,1.0,-1.1224652019580605,1.261372676528671,-0.024794856911271534,-1.6032021693991712,0.4088534455881601,-1.1762066645271538
1,2.258194960056632,1.171487899590181,1.171487899590181,4.745684824690226,0.0,0.0,0.0,0.0,0.0,0.0,1.320217033180596,0.57911817502842,-0.06466671573407065,0.12578938045265642,0.7782899241642907,-0.7814819259238144
0,0.28517268181334526,1.7766422229753909,0.8552988111371548,1.7766422229753909,1.0,1.0,0.0,1.0,0.0,0.0,-0.5584643716402644,-1.641287274609188,-0.9443124171814844,-0.15727826028961878,0.28218144838137527,-1.216280654068526
1,1.4963378836028571,-1.2171272235616448,-1.2171272235616448,0.6788282646162873,1.0,0.0,1.0,1.0,1.0,0.0,-0.5561305337531157,-0.4320088010208242,-0.6714907013568117,0.1546357750313991,0.5749839460719653,-0.514611346048024
0,1.9874034943383494,0.13591848741194523,-0.9935286408568172,0.13591848741194523,1.0,0.0,0.0,1.0,0.0,1.0,-0.0017147933093759522,-0.5793326901654721,-0.28381406322043856,-2.1809211601568994,-1.2628881840088253,0.21884883709092784
1,0.9057964676017278,1.6220936806383488,1.6220936806383488,1.9862737190398674,1.0,0.0,0.0,1.0,0.0,1.0,-0.855870017681237,0.31000425018224775,0.38179357755412446,0.15363843351591946,1.2106325597099705,-1.0987036132254266
0,0.05909236936657414,0.5589865969413859,-1.86353193897021,0.5589865969413859,0.0,0.0,0.0,0.0,1.0,0.0,0.2426783186582386,-1.1937945386139583,-0.4697330781263276,-1.3644807875618934,0.2652236132420349,-0.9396680114010175
0,2.60355375703294,5.3302221377839505,3.5868712875546382,5.3302221377839505,1.0,0.0,1.0,1.0,0.0,0.0,1.0830582439476404,1.186103166261684,0.8149803496004878,0.6631644991758643,-0.41915563916645854,-1.3618883339267815
1,2.776974705261705,1.09133364704175,1.09133364704175,3.5513287536392038,0.0,0.0,0.0,0.0,1.0,0.0,0.7437837211598075,0.8123537934486984,-0.22033152047487647,-0.9682773046875655,0.8665538892274616,1.1854536219384424
0,1.2293862609170074,1.542419206268322,-0.359248853627098,1.542419206268322,1.0,1.0,0.0,1.0,0.0,0.0,-0.5316345431356347,-1.2597935886879368,-0.5969962805267891,-0.3017609893283667,-2.4534964807609287,0.19313799166589463
1,1.6275956457513705,-0.14410082925437773,-0.14410082925437773,0.41377555220093776,0.0,0.0,0.0,0.0,1.0,0.0,0.1780613015213985,-0.7575259420701926,-1.2245333870457362,-1.0074078471598829,-0.45698072818286795,-0.9132057648926956
0,-3.762167103290383,-1.0403734384858807,-2.9166604658065958,-1.0403734384858807,1.0,1.0,1.0,1.0,0.0,1.0,-3.270034619597649,-2.6414625337867457,-1.7096383630833178,-2.0498514227935702,-2.1399904784288912,-0.4525027949512044
1,3.069033237993642,0.3942272101544413,0.3942272101544413,2.732996320372755,0.0,0.0,0.0,1.0,1.0,1.0,0.4351721329019332,0.1656382400650335,-0.17042454020760284,0.4658634082483046,1.4324924844335407,0.10572943434167725
1,0.9573712915727106,0.8463758085005946,0.8463758085005946,0.37011775571700056,0.0,1.0,0.0,1.0,1.0,0.0,-0.5299365839483251,0.2356801947338011,-0.29721671441607334,0.28012579737870064,0.2703965050168612,-0.4993051858699442
0,2.6469845704695736,3.14431351460738,1.0522133482311413,3.14431351460738,1.0,1.0,0.0,0.0,0.0,0.0,-1.0668053524822472,1.6792287436857738,0.9352302664240312,0.4134258950501838,-0.17020064542346214,0.6580795648433755
1,3.122872446208262,1.599845397091615,1.599845397091615,4.779277915141513,1.0,0.0,1.0,1.0,1.0,1.0,0.01156444276405321,0.08533424200222273,-1.0476421496288615,-1.3695370083987068,-0.290237422983887,-0.19529491065621507
1,3.5283614049393637,1.2885736901132785,1.2885736901132785,3.655992496345516,0.0,1.0,0.0,0.0,1.0,0.0,0.16230944496575495,0.1834506532409823,-0.5881592453633102,1.58895926346694,1.8786404640583323,0.5311099931815494
1,3.1745604453502665,0.665526024558045,0.665526024558045,3.719321415692073,0.0,0.0,1.0,0.0,0.0,0.0,-0.3308909114500908,0.8114553406051351,-1.6952919477773383,-0.04242652517804402,0.789635538046002,0.002849530511977172
1,5.604243923867163,3.2135637295478956,3.2135637295478956,4.437368800183903,1.0,1.0,1.0,1.0,1.0,1.0,0.7210054628387095,-0.42579189374333154,-0.46463960759451683,-0.643090677651795,0.22541726440828522,1.299435500050652
1,6.029716566881095,3.465463012910163,3.465463012910163,6.058538298152582,1.0,1.0,1.0,1.0,1.0,1.0,0.4447184247388286,0.3864717069492018,0.6718282649292887,0.5311340715186905,0.5024253415544411,0.9917787059055989
0,0.8080315888753096,0.35216248195599276,1.6082539048598805,0.35216248195599276,0.0,1.0,1.0,1.0,1.0,0.0,-0.1757692148699726,-0.7095426209098749,-0.908543496338503,1.3416720530009179,-0.7832073112316951,0.4786954742940476
0,0.6343620699831551,1.789682385304927,1.609745851077955,1.789682385304927,0.0,1.0,1.0,0.0,0.0,1.0,1.3009010562244272,-1.0466490153798695,1.187843067299636,0.7940589194849921,1.988420865188278,1.6403080604426514
1,-0.12604662585489515,-1.3525925021508542,-1.3525925021508542,0.7587071278451267,0.0,0.0,0.0,0.0,1.0,1.0,-0.3996921740622647,-2.378039805853108,-0.6116971013653946,-0.13542004319406076,-0.5731468419504888,-0.11608128778467619
1,1.144117302450162,-1.4480793958900855,-1.4480793958900855,-0.5169863426166319,1.0,0.0,1.0,0.0,1.0,1.0,-0.7074586941558973,-1.259569485435481,-0.6389688165100366,-0.4826917991417935,-0.9763909409684637,-0.7462884302750196
1,3.747518654620179,2.1459712034977225,2.1459712034977225,5.094711324531337,0.0,1.0,0.0,1.0,0.0,0.0,0.7135856841125123,0.5714433713514,0.8432373679939922,0.04869206928271605,-1.4340129698102033,-0.9927414836928725
1,1.6937917471536321,1.3685965358504746,1.3685965358504746,2.616815155290289,1.0,1.0,0.0,1.0,1.0,0.0,0.031170135684379437,0.9531614768299068,2.021090980149821,-0.5249888771909901,0.09539630052185888,0.029104140897571074
1,4.688046262651824,5.399572759664898,5.399572759664898,4.944061049314048,0.0,0.0,1.0,1.0,1.0,1.0,0.5256095983727569,1.9255602674401375,-0.5900583355251139,0.7020401712860492,1.594417356764499,0.860258409738238
1,3.228330403430971,-0.84092685264307,-0.84092685264307,2.7025548733382236,1.0,1.0,1.0,0.0,0.0,0.0,-0.8727310353286306,-1.4410491897191104,0.5371041621582033,0.8423041039032682,1.0016542738856327,-0.15217200406072096
1,0.4084042245096908,-2.515657948780947,-2.515657948780947,-0.8067518955683366,0.0,0.0,1.0,0.0,0.0,0.0,0.6955126251050119,-2.8212414291432535,1.0362850497883205,-2.45695060100108,-0.513428269455702,0.030226198444828323
0,1.903734687937293,3.2320807332821517,2.669270972762106,3.2320807332821517,1.0,1.0,1.0,1.0,0.0,1.0,-1.59889186542044,1.895697674412788,-1.0739562798468059,-0.4846427035858692,-1.861740111559571,-1.2224855057639448
1,1.2886857231124536,1.452996606620352,1.452996606620352,1.8228557475710105,1.0,0.0,1.0,1.0,1.0,1.0,-0.533711626584936,-0.2912483070200217,-0.5769332957716253,-0.6946147034455555,-1.9438486514015865,-0.3532644559025419
1,5.93597216042472,4.53733259343578,4.53733259343578,4.189604352675138,1.0,1.0,1.0,1.0,1.0,1.0,0.399239577893291,0.45886898998525716,0.2976763208258838,0.4292178404929412,2.239151277036381,0.8286625255009169
0,1.3773213616613627,1.6098292492014563,-0.7501769689045985,1.6098292492014563,0.0,0.0,0.0,0.0,0.0,0.0,1.6472348298762856,0.04434354262065665,1.4437388579373662,-0.1578103469647378,0.6857848274145706,1.5230935459823838
0,-1.8218521853749643,0.25513522345630596,-0.8161765801327979,0.25513522345630596,0.0,0.0,0.0,1.0,1.0,1.0,-0.6976009699468998,-0.21819895131822808,0.01248791398154668,0.10452765944233594,-0.49174451680393694,0.9201041682416745
0,0.12942583811210578,1.8830776414151096,-0.7567579189617959,1.8830776414151096,0.0,0.0,0.0,0.0,0.0,0.0,-0.5374629639685429,-0.16153714698741906,-1.375267339785865,-0.008502873074545003,-1.1917006519006081,-1.5349412863353997
1,2.010860822666166,-1.417942714015255,-1.417942714015255,1.1311305775582166,0.0,0.0,1.0,0.0,1.0,1.0,-0.30648170150948667,0.42172895092691387,0.7692917458291275,0.5888819555242255,0.9878484333876044,0.13405884907482035
1,0.32020391406012094,0.5576632362709126,0.5576632362709126,2.1442425782454375,1.0,0.0,0.0,0.0,1.0,1.0,-0.2558263631136975,-0.4441163556831321,-0.7753928442524366,-0.673034436521942,-1.119971327911625,-0.8962433577982372
1,4.137716611468696,1.2558159293637547,1.2558159293637547,1.8071758993342981,0.0,1.0,0.0,1.0,0.0,1.0,1.2657587089881617,0.4439647832231289,-0.6596454474530039,-0.9811386052454156,-0.4409477948084099,-0.04967775990232082
0,2.260840306187337,3.565958933821532,3.1832651823134155,3.565958933821532,0.0,0.0,1.0,0.0,1.0,1.0,0.3616331796060173,1.5296962313432823,-0.4894414152239166,0.7678463816878582,0.5581569223810242,1.3458287011093772
1,5.096260588911989,2.6820569684564273,2.6820569684564273,5.591864737156122,1.0,1.0,1.0,1.0,1.0,1.0,1.032643376637174,0.4271698792302181,0.8296493928166446,-1.7186635983720209,-0.9795876968291407,0.8020340004147596
0,-0.8323549346822534,0.6630617525262539,0.3540801398408553,0.6630617525262539,1.0,0.0,1.0,1.0,1.0,1.0,-0.6527859090381217,-0.8087475919211744,-0.18839845302824124,-1.8928504527466283,-0.4975331103370581,0.05000572057655456
1,4.353504027768245,4.7103026399390275,4.7103026399390275,6.018428746306687,1.0,1.0,1.0,1.0,1.0,0.0,1.2167484060537717,0.5734261357461867,-0.6129151929653258,-0.4002142737524037,-1.6776938442411022,-0.40845765139659845
1,3.83277893836308,0.8072171035901783,0.8072171035901783,5.522325115923799,1.0,1.0,1.0,0.0,1.0,0.0,-0.29589676542727505,-1.7130454963827577,-2.265199418346632,-0.04698236829454746,-1.4324507169406122,-1.5270938378583438
0,2.908872113908328,2.9030636479535197,1.3874896966432346,2.9030636479535197,1.0,1.0,0.0,1.0,0.0,0.0,0.04196606580914677,-1.3160678495580687,-0.8303770529219754,3.216335216933014,-0.11458986474020638,0.9205265317237269
0,-2.6536433099618355,0.9380930438101576,-4.146718978558846,0.9380930438101576,0.0,1.0,0.0,1.0,1.0,0.0,-0.7186560098110948,-1.9971066552902077,0.5711461986216426,-2.611598406926431,-1.466932005183975,0.023526569247859452
1,2.9060641336624147,2.6079544775071852,2.6079544775071852,1.6610452288089517,0.0,1.0,0.0,1.0,1.0,0.0,-0.19464421007688876,0.3076410893255015,0.39057054415838927,0.30429924924745616,0.49941681072661526,0.2881229442802896
1,9.175810843564491,4.397496731246003,4.397496731246003,8.621442115025424,1.0,1.0,1.0,1.0,0.0,1.0,1.9178959796775212,1.8350626940456074,-0.17419032533047885,0.02330720012478138,1.1885327475029008,2.753523184459222
1,2.3820234106097233,0.49132262942308635,0.49132262942308635,2.0335164829364967,0.0,0.0,1.0,1.0,1.0,1.0,-0.1859920095872578,0.9717145565259675,-0.1918985245587052,-0.17838751439908473,1.081566855901937,-0.15340892499817427
0,-0.3796305994064957,3.6654712135790137,1.8867878151999773,3.6654712135790137,1.0,0.0,0.0,0.0,1.0,1.0,0.31923931349561974,-0.02465294207657813,-0.30343786777497117,0.4290725928614261,-1.1222404570770483,1.4690676267612692
0,2.1280178868533657,4.1481343048419275,2.6891729099418646,4.1481343048419275,0.0,0.0,0.0,1.0,1.0,0.0,2.173775890096654,0.8093197093136969,0.16403201985610283,-0.18705793262113468,1.3969264566679724,1.1055775203427878
1,4.455738383672172,4.281473689408936,4.281473689408936,3.889147492490404,0.0,1.0,1.0,1.0,0.0,0.0,1.0659601772404448,0.18935586078776334,1.2809244244085136,1.927080011561342,-0.2470352568873298,0.007965129178683306
1,3.7610629608019828,2.5195891007692572,2.5195891007692572,4.564197526824161,1.0,1.0,0.0,0.0,0.0,1.0,0.8858264965199203,-0.032665042733593386,1.21198623799188,0.5915609224414219,2.1609197348911353,0.19034538328421613
1,1.1414035459414675,-1.1461130069219871,-1.1461130069219871,0.5055453209126164,0.0,0.0,0.0,0.0,1.0,0.0,-0.21114577786461988,0.022248450228019134,-0.12779504319193205,-0.6893097397807815,0.3727680491933595,-1.0989593257816248
1,2.89915119169012,1.1794944455633214,1.1794944455633214,2.8621566799540794,0.0,0.0,0.0,0.0,0.0,0.0,-0.06426952236910156,0.6131717828103243,-0.16843536035670226,-0.07459356486074478,-1.0004286396200637,-0.7360454368877872
1,5.696735592524391,1.8204813202851218,1.8204813202851218,5.801146993470101,1.0,1.0,1.0,0.0,1.0,1.0,-0.0771405262864381,1.796064587738841,1.0769438653184713,0.32082047059170427,0.9311376555654325,0.10046319612017418
1,4.462483367987286,5.064313106985019,5.064313106985019,8.166548815224417,1.0,1.0,0.0,1.0,0.0,1.0,2.0922738001676704,0.6847772669087255,2.3343288959150645,0.5702363916672406,2.1911308370616625,0.014533478699672031
0,2.2035836437997274,4.51640726070088,3.116416039988766,4.51640726070088,0.0,1.0,1.0,1.0,1.0,1.0,0.1628869285155922,1.8374625552576775,-0.7203196390547556,-0.7266214556195463,-1.2063379151422275,0.7493740951468346
1,1.6255498533593498,1.088234763548298,1.088234763548298,2.830976781214549,0.0,0.0,0.0,1.0,0.0,0.0,0.3565613651543807,-1.1555933247136134,0.043376379186905345,0.5367664508509644,0.9290826806820405,1.069407457415515
1,4.4248601649784565,3.0363418178041557,3.0363418178041557,3.6271958201773296,0.0,0.0,0.0,0.0,1.0,0.0,-0.15310193957865986,0.4680663519420315,-1.065758041916217,2.460462550945332,2.480994352777352,0.6199964873537925
1,5.188631238703782,2.8878789927363933,2.8878789927363933,5.88027682043026,0.0,1.0,1.0,0.0,1.0,1.0,1.509216867396125,-0.024039558020807705,0.17330358716916386,1.8418783386037618,-0.5702705333583296,0.9170552077070989
1,1.633012376211312,2.2931871875725376,2.2931871875725376,3.6051111681160166,1.0,1.0,1.0,0.0,1.0,1.0,-0.2246083963071093,-0.5669641814282741,-0.08379586663863292,0.1050155575517313,-0.5510085071181686,-1.398040201202991
1,1.1991821222382169,-0.31247858492270414,-0.31247858492270414,2.043979810247974,0.0,0.0,0.0,1.0,1.0,1.0,0.07491990741160492,0.24799219979331466,0.9185795411409805,0.3415560189723042,1.0240263817907806,2.2028493825461153
1,4.066594717430812,1.522142852718053,1.522142852718053,3.921033155378228,1.0,1.0,1.0,0.0,1.0,0.0,0.456772906818245,-0.586185050395638,0.5665785255181628,0.5787350558017601,0.9079632341030129,-0.4705691722846659
1,6.286201006209797,5.45489044028998,5.45489044028998,6.167714421172266,1.0,0.0,1.0,0.0,0.0,0.0,0.8088827696257579,1.1309174863001374,-0.7607340841118292,1.7397188920458053,1.8988529541056458,0.40304201443537613
1,0.8880910157381925,-0.9725164982664811,-0.9725164982664811,0.4091066596214832,1.0,1.0,1.0,1.0,1.0,0.0,-2.0031491160402677,-0.8973810141391431,-1.1143947507745182,-1.0358143918867122,0.6105582663842346,-1.5748988538443807
1,1.289615606681178,2.0835499236599375,2.0835499236599375,2.2022834799598363,0.0,0.0,0.0,1.0,1.0,1.0,0.6597516487247694,-0.37848368295072266,0.4888111460613339,-0.017616249139479165,1.6921731336296995,-0.03521416529927035
1,2.93718539409081,0.561079658412817,0.561079658412817,2.0567918647453767,0.0,0.0,1.0,1.0,0.0,0.0,-0.7953036765883499,0.9311184239765523,0.8935174878538046,1.4234547006701814,1.7005390064724746,-0.8873596379378532
1,3.9895087151775606,1.3092985010511606,1.3092985010511606,2.5761314327328755,1.0,1.0,0.0,0.0,1.0,1.0,-0.19627732585725358,0.12365123072810369,-1.3699860145657368,-1.653475575068812,-1.4182328868337852,-0.22425553172558044
1,-1.2526447102054297,0.07968547011955973,0.07968547011955973,-1.2323755967104952,0.0,0.0,1.0,0.0,0.0,0.0,-0.9119332346643837,-1.3480341220345267,-0.38681276248500435,-0.7438483264598046,-0.4754919639581732,-0.25201894478499726
0,3.0757099480360246,1.1763112310322659,0.033751866917192536,1.1763112310322659,0.0,0.0,0.0,0.0,1.0,1.0,-0.24416521009010592,0.3172047774599792,-0.5121821758152804,-1.3927195274976714,-0.9692956547164155,-0.4064011590692369
0,1.9409579676777886,1.7307977602536977,0.059188062883064496,1.7307977602536977,0.0,0.0,1.0,0.0,0.0,1.0,-0.39880682312759036,-0.05988715295544398,-0.2748633019767909,0.4483842194179338,0.08334582487958535,-0.017500769357821883
0,0.06283933942372766,0.7406002482980454,-1.5766381016413393,0.7406002482980454,1.0,0.0,1.0,1.0,1.0,0.0,-2.1080651384370848,-0.4919945400983976,0.07948596336937308,0.5976914957088688,0.5440027049982261,-0.19492041005762037
0,3.4528720048906303,4.76608209480317,4.562675789395841,4.76608209480317,1.0,1.0,1.0,1.0,1.0,0.0,0.08981522973147527,0.7672477986479934,-0.5842376433953567,-0.33566874160109994,0.1988295917411972,0.9555739700638626
1,2.921731898871055,2.006166516081622,2.006166516081622,3.844087809728155,1.0,1.0,1.0,1.0,1.0,0.0,-0.2856286894288878,-0.43824450757177125,0.275885255237756,0.7476732463430714,0.7446473916085299,0.35893050550470884
0,1.168204642347742,3.301749198301513,2.9973925786208806,3.301749198301513,1.0,1.0,0.0,1.0,1.0,1.0,-0.9187434346038296,-0.49525044297067616,-1.533205457694602,0.024883911941989578,-0.8550409198192829,0.3473701063394248
0,3.317862462772806,6.657717806658093,3.3743213041977267,6.657717806658093,1.0,1.0,0.0,0.0,1.0,1.0,1.1412982044783857,1.3718682281777284,0.5465831059672752,-0.04368963807305325,-0.7836982934831229,-0.05607124030510066
1,0.6822194012246967,-0.1682523469660737,-0.1682523469660737,1.9642318890997967,0.0,0.0,0.0,0.0,0.0,0.0,-0.10552043466265372,-0.10877178987604885,0.460110128478292,0.4338359634567733,0.7718767584944781,2.332694200110576
1,2.0014020842861138,-0.17804323842055791,-0.17804323842055791,1.561239037468429,1.0,0.0,0.0,1.0,0.0,0.0,-0.9334361379089086,0.0499366014938121,-0.021800592248766903,-0.14661641332986325,-1.5330129695162293,2.3107529283002615
1,0.5041791207410536,-0.3495810789121202,-0.3495810789121202,0.5586500048645492,1.0,0.0,1.0,1.0,1.0,1.0,-1.5826595588383898,-0.1925751693120664,-0.5828471603275193,0.3837345586428441,0.8866131680888124,0.4858323477848202
1,4.519754911119087,3.2624591300509684,3.2624591300509684,4.266395103816985,0.0,1.0,1.0,0.0,1.0,0.0,0.1758102773195982,0.9163458679184011,0.17236175911164722,1.7608935913201476,0.07993736539618257,1.0641845580351648
0,2.303165015196885,2.159332250642839,0.0899309052954359,2.159332250642839,0.0,0.0,0.0,1.0,0.0,0.0,-0.14486056912418468,0.2888033961595762,-0.13557179211029752,-0.1282052847224887,-1.1596114301081604,-0.5719377159809242
0,2.9282345830828733,2.4505607897761275,3.4536012211625824,2.4505607897761275,0.0,1.0,0.0,0.0,1.0,0.0,0.31443694642256087,1.3568371385727576,1.2629633635001332,1.259909100777604,1.2639128717634436,-1.1222123979933545
0,-0.6518894526384069,-0.694166832141295,-1.0725612384043295,-0.694166832141295,1.0,1.0,0.0,1.0,1.0,0.0,-0.7898063281260427,-0.9372577334405521,-0.35732035896722003,-2.356598308091921,-0.15276462215394288,2.2540245432953525
1,5.733330594849917,2.967663129938745,2.967663129938745,6.527766602970761,1.0,1.0,0.0,1.0,1.0,0.0,0.6841144983930172,1.1864620724987651,0.29403038884982236,0.3812631044617092,0.7999637624708065,1.650625560299848
1,3.4645625604257737,2.8439300785723165,2.8439300785723165,3.2034142330551627,1.0,0.0,1.0,0.0,1.0,0.0,-0.45091722450399135,0.8966351936538262,-1.039021020069746,-0.44343784646588835,-0.764618259930842,-1.3586341189164237
1,3.116113278101551,1.5633132815404625,1.5633132815404625,2.81453615413149,0.0,1.0,0.0,0.0,0.0,0.0,-0.38516003663237536,-0.08117221709021,-1.1743167301426782,-0.7711365974310733,-0.05909762883512437,0.07606090256428438
1,2.8304037700694513,0.7240373590058092,0.7240373590058092,3.220155481777526,1.0,0.0,1.0,1.0,1.0,0.0,0.2671266088417813,-0.29556518583936975,0.21114709499105833,0.012727329257464226,-0.8367190168453078,-0.16030723450569942
1,4.445588856216899,2.8842278863084343,2.8842278863084343,2.647867908993926,1.0,1.0,0.0,0.0,1.0,0.0,0.09816253777118478,-0.09991639317244172,-0.846369675120148,-0.3150552103901372,-1.9899160401194331,0.0754541375286173
1,1.7217770512700081,-1.329269988968804,-1.329269988968804,0.4313537827645529,0.0,1.0,0.0,0.0,0.0,0.0,-0.8123944794446608,-0.556991206403215,0.42417617158880816,-0.16155401116392556,-0.6312625474177436,-0.16660071361735876
0,-1.7892960967236493,-0.50862267361406,-1.5023363514683767,-0.50862267361406,0.0,1.0,0.0,1.0,1.0,0.0,-1.210930583474177,-1.666021680188952,-0.1115411290444947,0.5524789059909178,1.5080575395176055,-0.10636432502248518
0,1.1038756670543401,5.023270404347858,3.8252755671815324,5.023270404347858,0.0,0.0,0.0,0.0,1.0,0.0,2.8901715401014654,1.2224741566076185,2.3055104888840083,0.6247300166274481,0.9084887773194132,0.7246027913352888
0,1.9416180067487787,2.143912125066614,0.7057565880960399,2.143912125066614,0.0,0.0,1.0,1.0,1.0,1.0,-0.012001704485497847,0.7694357156028709,-0.01559602515956851,0.8086666497897914,-0.10529115300898484,0.9823968810407068
1,1.5752057597050586,1.9007150122146244,1.9007150122146244,4.744929753683946,0.0,0.0,1.0,0.0,0.0,0.0,1.0019993962771525,0.3948983509411246,-0.8530231290943462,-0.23565283637450074,-0.7192329779245284,0.49857508790816274
1,2.2304706236573417,0.11500021483831607,0.11500021483831607,1.3212200896268878,1.0,1.0,1.0,0.0,1.0,0.0,-2.226449794680297,0.4438247002446933,0.3017389849585201,0.06617176978143688,0.4999140035055825,-0.670212989434348
1,1.3643734082424455,-0.7620300515011968,-0.7620300515011968,-1.2690095908525723,0.0,0.0,0.0,0.0,0.0,0.0,-0.6659623258118663,0.16340798361236258,-0.24267504278295005,0.13854818700467228,0.15547046743502224,1.2386432337715565
0,2.776069620120574,2.0142415275957735,1.3623937525113081,2.0142415275957735,0.0,0.0,0.0,0.0,0.0,0.0,1.3735502417261878,0.898417415450911,-0.07720713443014576,-0.22413503478239133,-1.2188836368839282,-0.6028613095729185
1,2.7936173164293367,3.343426092495809,3.343426092495809,2.4574147213082322,0.0,0.0,1.0,1.0,1.0,0.0,-0.12771958839973907,1.1796928723252116,-0.5291084840765445,-1.3535704068653014,0.6759719519088496,0.5822231964970546
0,-1.7561581214790016,0.18977099414567444,0.00843738685342088,0.18977099414567444,1.0,0.0,1.0,1.0,1.0,1.0,-1.1782644050484727,-1.3854088200109658,-0.47247000719407384,-0.4408777785404472,-0.23873691271776987,-0.4324514567830171
1,0.5339995559362319,-1.3986036216287103,-1.3986036216287103,0.9686503064059212,0.0,1.0,1.0,0.0,0.0,1.0,-0.27546990644385344,-0.1269031920478556,-0.12811592423770118,-1.4128909222729886,-1.9358180920102028,-0.7031589456331857
1,-0.8707385423117636,-1.6750159554613155,-1.6750159554613155,1.2930596284882818,0.0,1.0,1.0,0.0,0.0,1.0,-0.7252357286654693,-0.7157906859242399,0.08151320013269941,-3.32881568363046,-0.8935903234279675,-1.4202595123852784
1,4.168417584443055,2.494710969734407,2.494710969734407,2.252231673490563,1.0,1.0,1.0,1.0,1.0,0.0,-0.6278831067937637,-0.9732456117302947,-0.05230298668823586,0.4031625768887662,0.5274213984992238,0.6113500230901118
0,1.3056346669769008,0.5536622218258456,0.4572244377047301,0.5536622218258456,0.0,0.0,1.0,1.0,1.0,0.0,-0.35103432768185555,0.24230593467839512,-0.7558835395578278,-1.4284493593250722,-0.7410494231675122,-0.6369721946891078
0,3.0109004853068306,4.882711306920428,3.8581696439599047,4.882711306920428,0.0,1.0,1.0,0.0,1.0,1.0,2.4481872268662324,-0.808031043191731,-0.5373158906774461,0.06089272224409958,0.24048625524731532,0.7362798077916629
1,4.5408910784334084,4.5807086825075976,4.5807086825075976,5.825474230671934,1.0,1.0,0.0,1.0,1.0,1.0,0.45168165411281597,0.5812367392140207,0.04302482458786444,1.6307674051194903,2.0907248014952167,-1.1496932928163774
0,-1.7353354414505369,-0.47015465562397696,-1.8267182085409415,-0.47015465562397696,0.0,0.0,1.0,0.0,1.0,1.0,0.14826698977680144,-1.3804336697816961,-0.5886193858888573,-2.4478881686959086,-0.853321161342883,-2.0944677852538054
0,1.1999467411751596,0.21837250666615438,-0.045535411788530156,0.21837250666615438,1.0,0.0,1.0,0.0,1.0,1.0,-0.9771047700061269,0.30397622074893693,-0.2962088449071544,-0.64397510564447,-1.1431111644847367,1.0426499487635903
1,4.446815071798774,2.8300902005500608,2.8300902005500608,3.8568403283083184,0.0,1.0,0.0,1.0,0.0,1.0,1.164628428001859,1.2937710454284477,1.64311316180358,0.8460083713107053,1.5047035082801177,1.0574034940690795
1,0.6977002232531877,-0.09648932588164194,-0.09648932588164194,2.5501651157996834,0.0,0.0,0.0,0.0,0.0,1.0,0.7166238561275006,-0.1420326365092173,-0.6259226128551579,0.4204692155005001,0.26880950440728946,1.1919752227618432
1,1.1430694035266191,2.3597869600296977,2.3597869600296977,1.7694330394605133,0.0,0.0,0.0,0.0,1.0,0.0,1.1612198454630052,0.6848624951685348,-0.2639795677575921,-2.32000336497704,0.09105196297597856,0.9922033546373686
1,9.04704167781905,7.373199497962879,7.373199497962879,9.416899377347303,1.0,1.0,1.0,0.0,1.0,1.0,1.5615591905972466,1.946284512093864,-0.3413050209837155,1.4387400518615077,1.9516162680433882,0.1711899216508257
1,2.591778147743012,0.9729634061055658,0.9729634061055658,3.4634133671023326,1.0,0.0,0.0,0.0,1.0,0.0,0.3127503996089879,0.11019894893135695,-0.06841738863075528,-1.1402223549448969,-0.798371399812303,-0.9769582387146827
1,0.2874230418232093,-0.3071094818312368,-0.3071094818312368,0.582023920899482,0.0,0.0,0.0,0.0,0.0,0.0,-0.7564067847071989,-0.02149606571429996,0.09787291653715012,0.4375406017301877,0.3627105167473811,0.5554639903890821
0,2.32565763974567,3.1402368689135276,1.8683214731572502,3.1402368689135276,1.0,1.0,0.0,1.0,1.0,1.0,0.16214715560667875,-0.08436651527501415,-0.1687390234248683,1.2253231025109625,0.7419420841311781,0.8160753948643926
1,1.3860860388970622,-0.463416311524168,-0.463416311524168,2.814245526779576,0.0,0.0,0.0,1.0,1.0,1.0,0.5976885096758846,-1.8017991831015119,0.351208561364641,-0.17792604655382355,-0.6308588761583549,-0.43157543647416596
1,-2.5857029483315586,-3.448681731077638,-3.448681731077638,0.12781260994121446,0.0,0.0,0.0,0.0,1.0,1.0,-1.2777857553463796,-0.5142069703606067,0.9832265856974676,-0.22697110181242122,-0.5468852221826661,1.708463238443053
0,-0.4078717776598462,0.6335429597776555,-0.16121168810207237,0.6335429597776555,0.0,0.0,0.0,0.0,1.0,0.0,-0.3959833617248324,-0.34310919724975925,-0.4191901661980593,1.40202105047221,-0.8007735713692676,1.12157790101972
0,-2.262232774203505,-0.7910993300661375,-4.207645092924726,-0.7910993300661375,0.0,1.0,0.0,1.0,1.0,1.0,-2.0254948641941986,-2.08941376712823,0.024545905474087526,-1.8729777375017587,-1.699152888088343,-0.6567824543932999
1,1.017440692639944,1.7126398369043843,1.7126398369043843,1.8280313107175512,0.0,0.0,0.0,0.0,1.0,0.0,0.5009910380088206,-0.46572337050349194,-0.6030176276626358,0.09150632322739186,-1.0216053422366573,-0.1565287798862659
1,2.9014108498752806,2.9222819492685908,2.9222819492685908,1.8716443251731834,1.0,1.0,0.0,0.0,0.0,0.0,0.3372893815173117,-1.0460305428773053,-0.5959675147812868,-1.4441079790076774,-2.3044697549380038,0.7893306622020925
1,3.5439694365176067,2.5219177834002715,2.5219177834002715,2.7425499468188677,1.0,0.0,0.0,1.0,1.0,1.0,0.7062948658130906,-1.477319318644662,1.3692211496590334,0.975895327080442,-0.44858729025582705,0.5210306792776587
0,0.5498896799573205,-1.272203615989116,-1.4695574665952265,-1.272203615989116,0.0,0.0,1.0,1.0,0.0,1.0,-1.1742459832886083,-0.4390279121941171,0.3257302198377371,-0.9931981112654176,0.6522297080249904,-1.0743858010857092
0,2.6239757248504265,5.277842118194564,4.52258640104724,5.277842118194564,1.0,1.0,0.0,1.0,1.0,1.0,-0.041981741059633225,0.8516532734255571,-0.827358423869586,0.48043311332091815,0.7745321359366665,0.6668887937885246
0,1.8737546216365855,0.4077122293056008,2.1083810495902,0.4077122293056008,0.0,1.0,0.0,1.0,1.0,1.0,-0.6489891262858947,-0.02064190331843458,-0.9610570064123397,0.44911132519973584,-0.14004416851324422,0.6492928271030801
0,0.37760642768663444,0.8576930657159513,0.20059937334172323,0.8576930657159513,0.0,1.0,1.0,1.0,0.0,0.0,-0.12380827409102729,-0.9572013158672694,1.3089393330359307,-0.3920328978920001,1.2001293036237044,1.1802392977830807
0,2.805993258203454,0.9730558051215525,0.9445997329800073,0.9730558051215525,1.0,1.0,1.0,0.0,1.0,1.0,-1.0169565131639924,-0.33627113818096366,-0.2075799284992758,-0.9036206832781887,-1.2116991471690264,-0.7498418229953283
1,0.8241093705349167,-2.7702789886315644,-2.7702789886315644,0.02660016700415202,0.0,0.0,0.0,0.0,0.0,0.0,-0.28307838996209383,-0.3094954919118966,-0.12523430515837078,-2.3311433720892545,-0.649437275150134,-1.0441370846021611
1,2.029802072414836,1.6028513160779205,1.6028513160779205,1.9645139235118032,1.0,1.0,0.0,0.0,1.0,0.0,-0.1648458523671779,-0.5720731855905257,-0.09345956749903644,0.26039386207272813,0.757750245588886,0.9239671332550239
1,4.481238600636676,4.505748664862576,4.505748664862576,3.6684496414628818,0.0,1.0,1.0,0.0,1.0,1.0,1.0275737575727972,0.28166470918152375,0.48899108874666275,-0.08049611849873622,-1.77367608289439,-1.2086782181708249
1,1.1384301174299736,1.9853203263614243,1.9853203263614243,3.869923534232613,0.0,0.0,0.0,1.0,1.0,0.0,0.31958494563069134,0.7675484564819444,-0.04204163981825071,-0.3321180205368235,0.6158124049865223,1.4540150493121922
1,5.673522366039454,4.542468011451512,4.542468011451512,4.732369036118323,1.0,0.0,1.0,0.0,1.0,0.0,1.5167048796806897,1.5149632864755387,2.3031516179731706,0.2989254694444221,0.4539615940563405,-0.1649846784027209
1,2.850457452179126,1.4328697151427798,1.4328697151427798,2.042331786502932,1.0,0.0,0.0,0.0,0.0,0.0,0.7911759359234535,0.07362649587668052,0.7587164973857577,-0.02453024350329372,0.30434823237443986,1.0963671109985884
1,2.4437073003047676,-0.5554924890553754,-0.5554924890553754,0.19200383955780054,0.0,0.0,1.0,0.0,1.0,1.0,0.1824229313926423,-0.41969938704055676,-1.077158563491682,-0.26432857524803366,-0.39990189162851075,-0.6227071622960015
0,1.0456650868352475,-0.9593562812457773,-2.370517379875806,-0.9593562812457773,0.0,0.0,0.0,0.0,1.0,0.0,-1.2277967881310154,0.5992131670127891,-0.286433670616592,-0.9229586327489808,-0.7267218576747253,-0.3860580194268861
1,-0.17037275453318967,1.689472616041626,1.689472616041626,1.7027418124118232,0.0,0.0,0.0,0.0,0.0,0.0,1.850155182351556,-1.3681684947775687,1.259541015290387,1.2811893427318828,0.5982498144718913,-1.2235301246515644
1,5.707016646776654,3.3753892818467635,3.3753892818467635,4.634180618605127,1.0,0.0,1.0,0.0,0.0,1.0,-0.11714968638199155,2.3356755731625123,0.687922083126763,0.4505099912298783,0.5269463200292411,1.5252606268819726
0,1.3781402066334019,3.37935132787178,0.8361551345909944,3.37935132787178,1.0,0.0,0.0,0.0,0.0,0.0,0.08904096264009885,1.0575564708778142,1.6837731143167423,1.194084770262307,0.33304005985714324,0.8296056100330302
1,6.070203076222877,3.547604410213934,3.547604410213934,3.9403792926915906,1.0,0.0,1.0,1.0,1.0,0.0,1.4005393576259428,0.5761090312721511,1.1945330954391171,0.6931830524275796,1.3274186400847678,0.41957163092654304
1,3.332670962028367,2.5984041424401987,2.5984041424401987,1.6992075869530818,1.0,1.0,1.0,0.0,0.0,0.0,-1.4733354791636737,-0.05458089014775079,0.29575982848534227,0.10889296048782221,-0.1584847521384941,-0.08108677779098837
1,2.824985439734184,2.3815695408405073,2.3815695408405073,4.092391753516797,1.0,1.0,0.0,0.0,1.0,1.0,-0.13738698042815892,0.21414753405137277,-1.7729132008485249,-1.9488607733318704,0.225314962073911,-0.1031284547307667
0,2.214351573530646,3.027287440589994,1.0155099128982072,3.027287440589994,1.0,1.0,0.0,0.0,0.0,0.0,-0.5120458672729132,-0.03206331874363244,0.10781660730749916,0.909332798728712,0.5852917714430279,-0.14943330246311765
1,3.6213426812944363,3.0969005601951505,3.0969005601951505,3.188039593916503,1.0,1.0,0.0,0.0,0.0,0.0,0.33252452945903044,-1.0273526226816851,-0.246911106013529,1.4862991027762735,-0.2712257429066683,0.671040386822544
0,-1.921286767139174,1.3764046843293343,0.5619883360774519,1.3764046843293343,0.0,0.0,1.0,0.0,0.0,1.0,-0.25734565952332444,-0.4620711370105401,-0.9623615021967518,-2.6577134808087317,0.475073580830206,0.9154111252344773
0,1.7135635956769888,4.7902910746038145,2.3306521903488395,4.7902910746038145,0.0,0.0,1.0,0.0,0.0,0.0,1.2355379237987543,-0.08856020663898956,-1.4552100708742168,-1.2686107530085082,-0.5132792206411814,-0.28367872127560445
0,-0.3144012765327392,0.0626774286203427,-0.2283598241964725,0.0626774286203427,0.0,1.0,0.0,0.0,0.0,1.0,-0.3605285573240042,-0.7770575712200222,0.8341766927286245,-1.1306910627350428,0.6505515743759857,-0.21078907948951464
1,0.43744445905197027,-1.4059936673100877,-1.4059936673100877,0.4520595164578235,0.0,1.0,1.0,1.0,1.0,0.0,-1.8006346213978044,0.002327359279404667,0.615162069454712,-2.13247365365759,-0.5628320144049501,1.2035440788845146
0,3.959503333602367,8.255680626584521,5.760931204482807,8.255680626584521,1.0,0.0,1.0,1.0,0.0,0.0,0.7994702771455274,2.3960167997474384,2.1049302251050865,0.6884295886208909,-0.13765960911311592,0.9170275853379424
1,-0.8723587465900184,-3.2148538303495235,-3.2148538303495235,0.19540312174339425,1.0,0.0,1.0,0.0,0.0,0.0,-1.5823540392353153,-2.048060385717994,0.8519128813007103,-0.7823451583251847,-0.36904277208913355,-0.8478158898911718
0,-1.8679534999476328,-0.8684312577126196,-1.633864039357008,-0.8684312577126196,0.0,1.0,0.0,0.0,1.0,1.0,-0.8585670065686878,-0.9295276790111517,0.8704895006605824,-0.8729475585671654,-0.48404044776556215,-0.1158279128637819
1,1.8411689774751956,1.0601243675024332,1.0601243675024332,2.39280459633535,0.0,0.0,0.0,1.0,0.0,1.0,0.3532646342183553,0.4706722699292454,-0.9354232504238096,0.5907096552606936,0.9213300600237527,0.11133240346927407
1,2.5951202784784075,0.49011704432123726,0.49011704432123726,2.926982905238413,1.0,0.0,1.0,0.0,1.0,1.0,0.09565047349174398,-0.7730396739789558,0.34550111180000076,0.5503295390067483,0.5962952946938979,0.27618967671798106
1,1.4821113175213203,2.0521801110872913,2.0521801110872913,0.615924321922965,1.0,0.0,0.0,1.0,1.0,0.0,-0.303795998031366,-1.2955214187109787,-0.5639282943081467,0.2997963368905012,-1.1363734432737973,-1.2637795382799313
0,4.8945500377119515,6.140823396109743,4.529421750599806,6.140823396109743,1.0,1.0,1.0,1.0,1.0,0.0,1.5485992574779115,0.5069859849288083,-0.3667800446254881,1.0139245414523024,0.8119584707164065,-0.22099986298482174
1,3.740094045430165,2.6398974153821184,2.6398974153821184,2.6948809468945236,1.0,1.0,0.0,0.0,0.0,0.0,0.796544391353826,-0.45668074450599366,-0.2977671750394455,0.39778084870919905,-0.6949186854481628,0.1921760330646835
0,0.05533039634758641,3.884435510718136,0.5244308339291874,3.884435510718136,1.0,0.0,1.0,0.0,0.0,0.0,0.8047202443737503,1.042273907413315,1.6979234048833463,-0.23435615321669195,0.3330737704717569,0.7520748907346334
1,4.463872385135832,2.9129692970805343,2.9129692970805343,4.9429772086852655,0.0,1.0,0.0,1.0,0.0,1.0,1.2753900149314734,0.9966073271916019,0.8916120515374534,-0.09875763792193212,1.4385009173437524,0.7983976003604661
1,3.8823120381528904,3.0787381761643022,3.0787381761643022,3.81322306173797,0.0,1.0,1.0,1.0,0.0,1.0,1.760106093159138,-1.0537236441438278,0.4785049866331677,2.089747462702116,0.380314111722856,-0.06651410120785083
1,3.8059545895097484,2.0718178065520254,2.0718178065520254,2.822834147699195,1.0,0.0,1.0,1.0,0.0,1.0,0.5544293833851929,0.09458661507187183,1.0586672256994458,-0.4140622319432061,0.8289680193996087,-0.2061088260372928
1,4.0669985167402505,3.776707742378533,3.776707742378533,2.463419647197007,0.0,0.0,1.0,1.0,0.0,0.0,1.0298322042600558,1.297931636008331,1.4649273264948495,1.686300149820603,2.009663530899341,-0.12224738438704108
0,2.1125196037307683,4.781341986158584,3.3614929298650913,4.781341986158584,1.0,0.0,0.0,1.0,1.0,1.0,0.05915567522167665,1.55296830888099,0.7076528853949456,0.9776149941724608,0.4951178652409432,-0.182661140009988
1,1.9000427959793904,-0.02968678335185171,-0.02968678335185171,5.645603974440686,0.0,1.0,1.0,1.0,1.0,0.0,2.0765053292283207,-0.07485353023034863,2.3419045414537374,-0.6494834514014416,0.5224531083557105,-0.4900151092750701
1,3.557837108137254,0.8503710218048829,0.8503710218048829,2.9000862571949635,0.0,0.0,1.0,0.0,1.0,0.0,0.49794253723295073,0.6532736130369576,2.3750781862100974,1.5455624913398738,-0.16596057816188292,1.2443934309877953
0,0.6832318131926605,1.4910748829964886,1.1654046855501718,1.4910748829964886,1.0,0.0,1.0,1.0,0.0,1.0,-1.844386513617398,1.0985182449011324,-0.0886365866382087,-0.6703526978700565,-1.369985605615,-0.20938460378943308
0,-1.3377851260293876,0.02300768014351484,-2.7649802120697284,0.02300768014351484,1.0,1.0,0.0,0.0,0.0,0.0,-0.9729807972836441,-1.5811553482406673,-0.3106705020496747,-0.6653470597577419,0.49419369777503386,-0.9029948973692318
1,2.826756211455725,1.4407051936175963,1.4407051936175963,3.2379620307577976,1.0,0.0,0.0,0.0,1.0,1.0,-0.1636979908622545,-0.1855611747108215,-0.0894725264712749,1.4043856262892913,0.28874160056689036,-1.4471536360294388
0,2.1991918634232173,4.314230456035054,1.3236554271227363,4.314230456035054,0.0,1.0,0.0,0.0,0.0,0.0,0.7762739515250049,-0.4540662605571985,-0.02007054949394671,2.335938428444806,0.04518683086583896,-0.019302415349031515
1,-0.2184501248713155,-0.20871820283003079,-0.20871820283003079,1.6396871865232936,0.0,1.0,1.0,1.0,1.0,0.0,-0.9241198623539384,-0.4352571528740997,0.04568740571865537,-2.421922709165899,-0.33308229585198046,1.897072080286916
0,-0.8166369046108298,0.5067628466593808,-1.1590685791483468,0.5067628466593808,1.0,1.0,0.0,0.0,1.0,0.0,-1.229929183737418,-1.1290623518244398,-0.2016574303243691,0.6058226494092607,0.6005490683852183,-0.9668085242412627
1,-1.1845143111118905,-0.3163045951706126,-0.3163045951706126,0.3022107393533522,0.0,0.0,0.0,0.0,1.0,0.0,0.6990735097442012,-0.33182838537471115,-0.6467947990159912,-0.5301650086128,0.2695824151010718,0.5524476349312577
1,2.643106151412108,0.6324413598485743,0.6324413598485743,1.7219099652268688,0.0,1.0,0.0,0.0,1.0,1.0,0.5246124446179402,-0.28401039924498406,0.9113793972599326,-0.2263602864685768,0.5969394119412436,1.8198967739735092
1,-2.4701276222658235,-1.3842206275511555,-1.3842206275511555,-2.729890892790164,0.0,0.0,0.0,0.0,0.0,1.0,-2.1471962838028325,-0.8706026781033627,-0.5554362219379556,-1.914983496612009,0.5874929511914656,-1.2331680315982538
0,-0.7276298356048738,0.9903117579821669,-0.5004240619800695,0.9903117579821669,1.0,0.0,1.0,1.0,1.0,1.0,-0.8049377848822272,-1.3953651037492003,-0.8613918505914148,-0.4314090925969447,0.38380371912878836,1.0323847698429343
1,2.381696929780454,1.4445072569928157,1.4445072569928157,0.5677003270445997,1.0,0.0,1.0,0.0,0.0,0.0,-1.5447936864310077,0.7718756578944665,-0.1621423868428461,-0.3544576542562081,0.6538032790688015,0.09143996206537974
0,-1.9214952362195756,-1.0781641522207424,-2.053550490113355,-1.0781641522207424,0.0,0.0,1.0,0.0,0.0,0.0,-1.3301919171288956,-1.2188893187295786,0.17869071141507453,-0.3852760971863386,-1.3323753225352464,-1.141473360325541
1,-1.095144757398531,-2.0101112359866447,-2.0101112359866447,0.3140674821557603,0.0,0.0,0.0,0.0,0.0,0.0,0.04456038184702696,-1.5500458917295639,1.456720069627761,0.7444260500181471,-0.13867424841333928,-0.2799842456046327
0,0.3974307461016321,3.155563147476721,2.5441188694077557,3.155563147476721,1.0,0.0,0.0,0.0,0.0,0.0,-0.03840959890471319,-0.1837786757637807,-1.458672139259308,-1.646084684423422,-0.5491042239302973,-0.08471805260262755
1,1.7986541766294406,1.2306585011562081,1.2306585011562081,1.610759660172654,1.0,0.0,0.0,0.0,1.0,0.0,-0.20377938058363584,-1.1728284513936245,-0.9711013939876781,-0.829356402002814,-2.304053261855307,-0.40684139940898656
1,4.679182555436819,3.814983937161077,3.814983937161077,4.570480139950762,1.0,1.0,1.0,0.0,1.0,0.0,0.9151013400651357,0.2242711242290496,-1.3258270404069883,0.8355225258731085,-0.224414985765437,0.01355444653639365
1,0.40762468276479624,-0.4514090302246565,-0.4514090302246565,2.434571673009156,0.0,0.0,1.0,0.0,1.0,1.0,0.20800248968137663,-1.2118158563544632,-0.6279326064496625,0.1207834691497579,-0.5700582235268866,-0.08957214608757591
0,0.9716144674297916,1.512261722987096,2.1550495575827786,1.512261722987096,0.0,0.0,0.0,0.0,0.0,0.0,-0.4609246775721753,1.454196879935929,-0.0053058086072077515,0.5800152442049447,-0.6185853404744026,1.4910329808068714
1,4.380943465228672,2.4282903556103017,2.4282903556103017,6.538649857403043,1.0,1.0,0.0,1.0,0.0,0.0,1.972443439480249,0.33387555772967475,1.5495517637896867,0.7449660590208889,1.1914634157291077,0.20633633009955066
0,4.474850973940722,3.234021030841333,4.114323389550492,3.234021030841333,1.0,1.0,0.0,0.0,0.0,1.0,1.0571453387655214,-0.8790988814594033,1.0766347085618964,1.298757119530641,1.4483800987957225,1.9804556725538647
0,1.672244736962665,3.5479485190068827,3.1809420801923247,3.5479485190068827,1.0,1.0,1.0,1.0,1.0,1.0,1.2111666440970967,-0.4320716445291931,1.333075269657154,-0.3850324314015985,1.0317848064559438,0.7975460105858614
0,1.1878854032746018,2.687060314435857,-0.019155404664171982,2.687060314435857,1.0,0.0,0.0,0.0,1.0,0.0,-1.4301278626247513,1.0995388466978255,-0.7571610243442186,0.15231745090125637,1.5107137656491612,1.3829054388799387
1,4.676679038281703,4.778261050369981,4.778261050369981,6.651495467100449,1.0,1.0,1.0,0.0,0.0,1.0,0.9037990209358435,1.851429439003109,-0.39647609344144585,1.3290396347116233,-0.7362653158565571,-1.2793904357304597
1,2.859184012537366,2.3621152097974507,2.3621152097974507,3.4543303805492735,0.0,0.0,0.0,1.0,1.0,1.0,0.43700006421566784,0.5398427067862775,-0.8962620291975025,0.9765819924868895,1.1863961647973484,1.2073573993046542
1,5.565571919425595,1.9103309670146529,1.9103309670146529,3.975937229814976,1.0,1.0,1.0,1.0,1.0,0.0,-0.2254034310416463,-0.27797986487538195,0.2824495462002938,1.1977038896501457,0.13463188579782875,0.221506171080848
1,2.3683113871359582,-0.3870481601401553,-0.3870481601401553,-0.4239867008275666,0.0,0.0,0.0,1.0,0.0,1.0,0.633591687283616,-1.577827564529718,-1.0172139806504275,-0.30308967090367056,0.9295055921677529,0.22488295213286075
1,0.9929896700784817,1.3695187915590112,1.3695187915590112,2.0693271945379603,0.0,0.0,1.0,1.0,1.0,1.0,-0.4284156850905585,0.12520911710548044,-1.4406856912649344,-0.28737471296575023,-0.3674274608624239,0.35699747260212245
1,1.5363973401405,-0.9887103750182823,-0.9887103750182823,1.13496603268398,1.0,0.0,0.0,0.0,1.0,1.0,-0.5949105764455049,-2.4589410435684638,0.5458330087608154,0.3145740514387161,-0.815372906057873,-1.557183860974525
1,5.452255162579911,1.061366180632454,1.061366180632454,4.712125335469445,1.0,0.0,1.0,1.0,1.0,1.0,1.2130637148872014,0.35920830574782964,0.8361686352681102,0.9574287887750228,0.46264151906262413,0.08778966591108445
1,4.6038941069396735,2.5123330644638986,2.5123330644638986,4.873910295322865,1.0,1.0,0.0,1.0,1.0,1.0,0.6124625028109015,-0.015554332518890324,-0.5812077373106201,-0.8448802016975254,0.498889549472586,-0.5285616444485847
1,4.265158348522447,3.4971771014687314,3.4971771014687314,4.613163751474943,1.0,1.0,1.0,1.0,1.0,1.0,-0.773273773361033,1.9285372023529366,-1.27452822164455,-0.2877496547932642,-0.5761461812083869,-0.9098007139303833
0,-1.4860263724239584,0.14222868214870663,-1.8749147666760408,0.14222868214870663,1.0,0.0,0.0,0.0,0.0,0.0,-1.143301114316515,-0.937669314419219,-0.38046611416343573,0.5316142056690999,-1.5145673212577617,0.5937910036964571
0,-1.1401255382666957,1.6340283661768522,0.5100628918884317,1.6340283661768522,1.0,1.0,1.0,1.0,0.0,1.0,-1.0691314989660408,-2.309444865127857,-1.076110034624154,-0.246152730713283,-1.1339138212157618,1.1328080870724258
0,-0.9401607211245371,4.188964617970273,1.2596122581515825,4.188964617970273,1.0,0.0,0.0,0.0,0.0,0.0,0.20182468404382112,0.8415733135086523,0.744193239362994,-0.6316668016570776,-1.0059419167288133,0.05919483412974684
1,1.7163862890813077,1.219996971021991,1.219996971021991,2.9473158530547634,1.0,1.0,1.0,0.0,1.0,0.0,-0.9069902296627421,-0.5779730117921625,0.7011262846662123,0.3973936111700439,-0.36705186573156934,0.47161312512723985
1,5.129956221599522,3.30663530566195,3.30663530566195,4.910105886920602,1.0,0.0,0.0,1.0,0.0,0.0,1.6217212340180063,-0.025664025723761696,0.07250124577908479,0.08330090900177164,1.1958420752006143,0.6097864957140755
0,3.48235953551613,3.953582103759291,2.396990132029936,3.953582103759291,1.0,1.0,0.0,0.0,0.0,1.0,-0.4807636620949732,0.0036598594331237744,-0.4338155316385408,0.22363866009458905,-0.2352005531667883,0.006984656028388381
1,5.9763247940267,6.12180488029275,6.12180488029275,7.289433334663407,1.0,1.0,0.0,0.0,1.0,1.0,1.2439546447022933,0.8789848975891781,-0.9570687804012901,1.0068820942215488,0.03428452655125061,-0.17239604173945816
0,0.7498050025960736,0.786998853910646,0.20910367875660396,0.786998853910646,0.0,1.0,1.0,1.0,0.0,0.0,-0.3600895019357301,-0.6846766893903726,-0.2006769178111505,0.2806119893261877,-0.12229414949821757,-0.15531150236996816
1,2.528834377379664,1.796548233580429,1.796548233580429,1.1216112972470655,0.0,0.0,1.0,0.0,1.0,0.0,0.6778773064575676,0.3237543280899845,-0.22282977629875708,-1.078656115285236,0.027564866380639763,-0.539655007753986
1,2.930432365632507,3.972446789012512,3.972446789012512,3.9111885840775455,0.0,1.0,0.0,0.0,0.0,1.0,0.6315866497348631,0.515315581613933,-0.3076469772920455,0.9841150392102651,-0.8727121673662426,1.3672249057751817
0,-1.466991930304479,1.9583322844290307,-1.2717277009570687,1.9583322844290307,1.0,0.0,1.0,1.0,1.0,0.0,-0.7444661476461907,-0.9731868639342935,-1.9343447992369505,-0.6217596046427527,-2.0051701579782124,-2.5668827253597253
1,2.958109652825122,2.9622303509146386,2.9622303509146386,4.191378174637546,0.0,1.0,1.0,0.0,1.0,0.0,0.9924629280204493,0.8336727990240353,1.1959397752970253,0.9599486179369779,0.5237577072108013,1.0237380571652157
1,5.775538888864649,1.278824099334103,1.278824099334103,5.618694347200236,1.0,1.0,1.0,1.0,1.0,0.0,1.4182909085421909,0.9402057583311965,1.35255448772378,-0.2494951013366256,1.3022801569480522,-0.5590524490548296
1,0.22852954194522546,-0.04777833456051961,-0.04777833456051961,1.452835046247464,1.0,0.0,0.0,0.0,0.0,0.0,-1.2828312644032536,-2.294198795758522,-1.655388745644641,0.2189321245204346,-0.2525249307054561,-0.7802538490645037
1,3.1542290407264013,2.45128074672159,2.45128074672159,7.048936853595433,0.0,1.0,1.0,0.0,0.0,0.0,2.394611973936006,0.24337859140729812,1.1171537932193187,0.6630488896966694,0.13061926594449752,0.5507874938559019
1,2.771050359375783,3.0136646946689547,3.0136646946689547,4.581701866354449,1.0,1.0,1.0,0.0,1.0,0.0,0.41466929781060424,0.07107758370632006,1.3645720314982817,0.3655222819450139,0.1267845947575715,-0.671018224039543
1,0.85695396949737,0.05033884868540238,0.05033884868540238,1.6131371861962938,1.0,0.0,1.0,1.0,1.0,0.0,-0.930487563495541,-1.200128279943471,-0.9896402344569004,-0.7331481347204087,0.0036108513446263535,0.04721984483931396
1,-0.10104585527665932,-0.7656842606456776,-0.7656842606456776,1.4159531701529258,0.0,1.0,1.0,0.0,0.0,0.0,0.12779496775371327,-0.0954665456247443,1.0921351667183947,-0.2478027756104233,-0.8490491503875298,-0.7841691171176958
1,5.755158114313018,4.321769293652749,4.321769293652749,5.743013340140276,1.0,1.0,0.0,1.0,1.0,1.0,0.41467164565355974,1.2569465272546032,0.5716471104544312,0.5354295758263004,0.8282635143304343,1.4907039959770345
0,-2.040282277523259,-1.7192511942647348,-1.3073066911316413,-1.7192511942647348,0.0,0.0,1.0,0.0,0.0,0.0,-1.4485697850688288,0.03550854470719789,-0.6374210844991145,-1.8080126134880041,-1.9634578521008592,-0.8190880572910424
1,2.019175031942287,0.737971451645821,0.737971451645821,0.009316425850788845,0.0,0.0,0.0,0.0,1.0,0.0,-0.06901602833849685,-0.0006389894400391505,-0.5197829664663556,-0.3763278348230898,-0.9924459070391087,-0.9508708766471882
1,2.704511221152166,0.26918431346604665,0.26918431346604665,1.17823290093538,0.0,0.0,0.0,1.0,0.0,0.0,-0.4183621267330681,1.0497629525205698,-0.262439771947556,0.5159751797775071,0.1557866517081561,-0.5701635665852784
1,2.337755808064163,2.3987279906601873,2.3987279906601873,3.6704408767507823,0.0,0.0,1.0,0.0,0.0,1.0,1.3763788370784085,0.6747164611153451,1.193925054957195,-0.21851608240029224,-0.273554676233118,0.523121851972753
1,2.2124104945713383,0.12982519903604783,0.12982519903604783,3.6399581268731938,1.0,1.0,0.0,1.0,0.0,1.0,0.29602358696034226,-0.5342990226277298,2.1217325661649715,0.4335275126217849,-0.22704632735459712,-0.06242781438667572
1,5.811142711787771,5.4116586803401345,5.4116586803401345,7.881939520169478,1.0,1.0,1.0,1.0,0.0,1.0,1.7600937816508189,0.4792399800925885,-0.8089566284692622,0.405175541271983,2.369235444602639,0.08697169172536529
1,4.175915502544547,2.6090620745230697,2.6090620745230697,3.7252550710462793,0.0,0.0,1.0,1.0,1.0,1.0,0.9915242082457958,-1.1461950161040964,0.3291465702751356,1.1366944081503787,1.3893902158657139,0.7221250001729318
1,4.790513106223365,3.108343990606577,3.108343990606577,5.8736737092218645,0.0,0.0,0.0,1.0,0.0,0.0,1.2343672622219126,1.6509185403869078,-1.192703383196543,-0.7850199929356163,0.48863078092000384,0.3260911492179207
1,2.4716676287344526,1.3968160128866942,1.3968160128866942,1.8577613344883526,1.0,1.0,0.0,1.0,0.0,1.0,-0.8777335906429686,0.9068329155855301,-0.1245957343171358,-1.4874730147362285,-0.30689584886592974,-0.5478218920354442
1,3.5946979063909783,3.9263278137695163,3.9263278137695163,5.531502528150261,1.0,0.0,0.0,1.0,0.0,1.0,0.7450313148268112,0.12141838354737323,-0.7751433868995732,0.32760872945699665,0.08011457176194127,0.17146778477226948
0,1.5338760572184944,1.8072276974539412,1.319689460422839,1.8072276974539412,1.0,1.0,1.0,1.0,1.0,1.0,-1.0509172939361429,-0.2237722034417422,-0.8120897057665901,0.004716045731898419,-3.019294153811576,0.14903522128860114
1,3.40251789457336,2.355494043172437,2.355494043172437,5.128688936464635,0.0,1.0,0.0,1.0,1.0,0.0,1.412760012459271,-0.09673734457027061,0.679572172710893,0.644775775583716,0.3904105292382247,0.04522911780158578
0,0.5399896761767687,-0.9495407444917977,-0.8436074683371781,-0.9495407444917977,0.0,1.0,1.0,0.0,0.0,0.0,-0.8543779357219586,-1.5283728272991153,-0.617591586230019,-0.6359933809379841,-0.6627224297260539,-0.7059190509729584
0,-1.1511402699031725,-0.8483110902148006,0.05453655177504868,-0.8483110902148006,0.0,1.0,0.0,1.0,0.0,0.0,-1.472379164071193,-0.245914820316526,-0.39748101708811745,-0.8680272016875124,-0.89505905150166,-1.3634890774926967
1,1.2605319911911488,-0.2382919343878439,-0.2382919343878439,1.943053411363191,1.0,0.0,0.0,0.0,0.0,1.0,-0.733974817716806,0.18612079162470874,1.258401452168434,0.5488323146581026,0.6117272481830117,0.289594535116141
1,3.6907180243794926,-0.2638432271330713,-0.2638432271330713,3.0951148833672724,1.0,0.0,0.0,0.0,0.0,0.0,-0.4017859189429476,-0.5299155429236948,-1.093599697110166,0.9568530040713593,0.1705195392600246,0.9555835248309678
0,-1.8015383861873557,1.1376118456055884,0.5328752097227251,1.1376118456055884,0.0,1.0,0.0,1.0,1.0,0.0,-0.49014612088026416,-2.0033869051784663,-0.7621687460847517,0.6596492056516434,-0.41599295324775565,-1.115714554672995
1,5.917003296487153,1.8259218002383124,1.8259218002383124,4.194887451606981,0.0,1.0,0.0,1.0,1.0,1.0,1.1381471311579028,-0.03788985234115483,0.5497417663155714,0.37961998166735034,0.1872934983751614,0.2746344985508835
0,0.5719267094937286,1.6987860578091076,-1.7629270386828988,1.6987860578091076,0.0,0.0,0.0,0.0,1.0,0.0,1.0078809827981285,-0.023486117348872626,2.2201959005573935,-0.7902091112461097,1.010296148775561,1.0711907703024954
1,2.501990525154359,3.2130608521640394,3.2130608521640394,3.517153287299551,1.0,0.0,0.0,0.0,1.0,0.0,-0.006527654679737694,-0.24067143363922014,-0.2861548529625001,-0.27618790009162925,0.03649394306425619,1.0274828155942837
1,2.53052764437275,3.120117530828264,3.120117530828264,2.525843999152852,0.0,1.0,1.0,1.0,1.0,1.0,-0.18764570544384326,0.6243614780969635,-0.32117633065520257,-0.6508153636930114,-0.48865537319413277,-0.856041332622516
0,0.5314267655345472,2.0798272194860963,0.9133151181816016,2.0798272194860963,0.0,1.0,1.0,0.0,0.0,0.0,0.43856281844635747,-1.5352546765664397,0.12495932399100707,-0.9759386239585762,-1.2813258408937978,0.6863192028570166
1,4.449132784391124,0.5281393824407943,0.5281393824407943,2.4562698617729897,1.0,0.0,1.0,0.0,0.0,1.0,-0.3689742031401748,0.17171446488079123,-1.220886569855093,0.5387840071333733,0.4014391750335166,-0.2330676650299215
0,-2.1189713352882222,1.8078833723255383,0.19948998848838528,1.8078833723255383,1.0,1.0,1.0,1.0,1.0,1.0,-0.9469060783682985,-1.1771622330364115,0.3686819161363555,0.07497085782305096,-1.8023205718808852,-1.5854169497714392
1,3.808571431957507,2.8388797908576153,2.8388797908576153,2.1602611266927205,1.0,0.0,1.0,0.0,0.0,0.0,-1.576406524811262,1.3532641001852335,-1.1251456577880115,-0.3822139201645809,0.5840477379360308,0.3001281351714093
1,7.696374029476335,4.714478238420571,4.714478238420571,7.680261299358013,0.0,1.0,0.0,1.0,1.0,1.0,1.7162078512912107,2.216559336087288,1.2184028123619441,2.5259825186276794,0.4935099966901224,2.4524903155227893
0,1.1016261787425847,5.367386708661753,1.818558359133656,5.367386708661753,0.0,1.0,1.0,0.0,1.0,0.0,0.17332373497102502,0.9669314422612845,0.8832887047607534,-0.7193730307979733,1.43221624095115,0.612106466066102
1,1.2922063501530303,2.539444774237323,2.539444774237323,3.6984150452098388,1.0,0.0,1.0,0.0,1.0,1.0,0.709780677153121,0.037993472746433415,-0.021885351143851817,-0.9506092363226697,0.9233936858876423,-0.3773940291993833
0,-0.5716694110522709,1.5288883179818558,-0.7638201104003589,1.5288883179818558,0.0,1.0,0.0,1.0,0.0,0.0,0.05977974394034244,-1.3946334143073338,0.269318602486704,1.6565005683524558,0.6789598338881362,0.06053487823778074
1,0.7622287605484905,-2.412106217913378,-2.412106217913378,-0.17912529289302004,0.0,1.0,0.0,0.0,0.0,0.0,-1.497216851338898,-0.026935220849969493,0.5518414337424693,-0.8821396153474594,-0.007862437782227213,-0.9389310064891041
1,0.24494110598350244,0.33455454523101125,0.33455454523101125,2.0945474389739873,0.0,0.0,0.0,0.0,0.0,1.0,-0.37799437375278644,-0.5918231829349763,-0.06262248288446787,-0.14769763251608373,2.12638047799786,-0.7644241318543683
0,3.1808108177853303,1.3578893503420888,1.6230042723105025,1.3578893503420888,0.0,0.0,0.0,1.0,0.0,0.0,0.63759224997106,0.5783199846688345,1.1951036021950459,1.938874861671385,-0.4782626395646543,-1.535288930967579
0,3.365990247880594,5.81945893238729,2.9956752208106874,5.81945893238729,1.0,1.0,1.0,1.0,1.0,0.0,0.004504439729279677,0.39319639135147816,-0.23794859644213073,1.457344464111975,-1.0061219551928282,-0.10086720482354031
1,4.262264515405853,3.3408473378171664,3.3408473378171664,2.767614680987826,0.0,1.0,1.0,0.0,1.0,0.0,0.4317680239086348,-0.13404352709061435,-0.6919239639334207,0.33004851799546264,-0.9396165398436358,-1.4405764003444799
0,5.5884276357075136,2.7139244666976223,2.836436202532645,2.7139244666976223,0.0,0.0,0.0,1.0,0.0,1.0,1.3729257636200745,0.35326202412038443,-0.6445348160773686,-1.485507504824759,-0.7715125888543392,0.8648212560982109
1,3.7663725618875112,3.1744204301088192,3.1744204301088192,2.309464289049453,0.0,1.0,0.0,0.0,0.0,0.0,1.0954054704386107,0.47326384184387804,1.3554983607484203,1.6021223355439815,0.14620632664151834,0.8935592933997502
0,-1.348233269684766,-1.1731209997532557,-0.8970596709532099,-1.1731209997532557,0.0,1.0,1.0,0.0,0.0,1.0,-1.6029926755524784,0.16570662561430127,-0.1277431749170636,-0.3583607867179486,-0.006006206217303911,0.7335699130006578
1,7.270290914769703,3.680680156878221,3.680680156878221,5.172505717803637,1.0,1.0,1.0,0.0,1.0,1.0,-0.04555287557856879,1.335254967344156,-0.30997959564062605,0.7550673467135568,-0.7445106449346246,1.5182842169574826
1,6.132901030488764,4.205472644119078,4.205472644119078,5.595358425541265,1.0,1.0,1.0,0.0,1.0,0.0,1.0925620707059003,-0.4010831569760427,0.06918337851535467,-0.5324177111822007,1.179227819396537,0.3804745537309044
1,3.750722058102747,1.1315826033561143,1.1315826033561143,1.2468174556387173,0.0,0.0,1.0,0.0,0.0,0.0,1.3059622259327017,0.5514512230709812,2.0986618199606832,1.8133112770486766,-0.37334809614430775,-0.16739950603260634
0,1.7770713390939248,1.11742216766548,0.453910563873396,1.11742216766548,1.0,1.0,1.0,1.0,1.0,1.0,-1.360470878156319,-0.758429571571664,-0.712741348155997,-0.13103664521621924,-0.3831641427474749,-0.4013490145170562
1,3.1724636766323564,0.9226000641775377,0.9226000641775377,2.0021915440404054,0.0,1.0,1.0,0.0,0.0,0.0,0.8942633287273588,-0.7154257789988596,0.6709241355102917,1.2116025011894869,1.4891895146088352,0.1958521077728776
1,3.194218604353816,0.551767691504822,0.551767691504822,6.27253506587174,0.0,1.0,1.0,1.0,0.0,0.0,1.392693574901899,0.12665895292508234,1.2465696128970742,0.9120434914641665,-0.6971014150107289,0.7295802420883104
1,2.0156940248970443,1.7663615401305188,1.7663615401305188,3.629029234841116,0.0,1.0,1.0,1.0,0.0,0.0,0.8574485384807521,0.29623616987851753,0.981326981393999,0.45450593403817013,-0.45888684601797336,-0.81944176073026
0,1.857477512935212,2.7660396007952404,1.5844681033331776,2.7660396007952404,0.0,1.0,0.0,0.0,1.0,1.0,0.280290128051582,0.8764990609316354,1.2424280952276394,0.0579731217262546,-0.6301990037381621,1.2183900324478292
0,-1.9078397139169092,0.4408127709541012,0.20120423602116566,0.4408127709541012,0.0,1.0,0.0,1.0,0.0,0.0,-0.28078598846483127,-0.030636513022108014,-2.1065022046382493,-1.9658498153020165,-0.3912700328000923,-0.8973547296165265
0,1.192811012622496,2.692791840814138,-0.39752169773586576,2.692791840814138,0.0,0.0,1.0,1.0,1.0,1.0,-0.16813602992755924,0.9154068257958721,-1.0739612922121422,-2.0175108728307425,0.2533145970007199,-0.7113863337126684
1,-1.1690823697817365,-0.48916863793667476,-0.48916863793667476,1.4619322998075108,0.0,0.0,0.0,0.0,0.0,1.0,-0.1885226992795806,-0.6722232908127547,-0.4088864899502419,-0.09011982444712925,-0.4294656410663577,-0.5119055930948256
0,3.517621213781205,4.709874831337182,3.53233964708748,4.709874831337182,1.0,0.0,0.0,1.0,1.0,1.0,0.46759717270518164,0.9394602025018208,1.1136656545166157,1.2406538308566688,-0.07308800077765065,0.39987197469261954
0,-0.1277947125760154,0.02440549576513429,-0.05766786144506658,0.02440549576513429,0.0,0.0,0.0,0.0,0.0,1.0,1.161211028256453,-1.6414312655455567,-0.3523069576015397,-0.8510309406083534,-0.495090305995847,-1.0626538354672928
1,3.61169153496782,0.8323302829098647,0.8323302829098647,1.119618479767405,0.0,1.0,1.0,1.0,1.0,1.0,-0.45128677336886447,-1.149900547250743,-1.5595086887086094,-1.0335794001977228,-0.13768596596708893,0.026033651416639603
0,1.4081471918374855,1.5540398340863246,-0.31323137905136744,1.5540398340863246,0.0,0.0,1.0,1.0,0.0,0.0,-1.0784069305017074,1.388061345724398,-0.0624689662636112,-0.5935372919198368,0.6344400679334119,1.2803458396698213
1,3.6194508098782903,1.8132996747230195,1.8132996747230195,3.4328032050987987,0.0,1.0,0.0,1.0,1.0,0.0,1.323294266632192,-0.48555149291139266,0.7095920356429319,0.7552993774627152,-0.45199058219015176,0.4179207705781559
0,3.6363541627637246,6.445756302855922,3.664157653527141,6.445756302855922,1.0,0.0,1.0,1.0,0.0,0.0,1.020091039447973,1.7138295195005093,1.9853731931163154,1.0850440580002492,-0.5343557746059514,0.6197648640806821
1,0.9853596284391184,2.5031434630946143,2.5031434630946143,2.419378197996258,0.0,1.0,1.0,0.0,0.0,1.0,0.28582945652543945,-1.0833732611872557,-0.8039805019050585,1.377324895195473,-0.41374334386951783,-0.11240956290390486
1,1.3172306901656057,-0.2316981153685246,-0.2316981153685246,0.4671469329972516,1.0,0.0,1.0,0.0,1.0,1.0,-1.5802499106395442,-0.42447028134490605,-0.33834231073581944,0.5157926052262872,0.11166243229383682,0.6194404686995729
0,0.27936175381952677,0.434872764595724,-0.8137679363510512,0.434872764595724,0.0,1.0,0.0,0.0,0.0,0.0,-0.702158694758175,-0.4956871012228521,-0.03749712996922552,0.880399387983136,0.8045843317197935,-0.10108289266579029
0,0.9018835501956395,2.3016394775612348,0.41031637969703777,2.3016394775612348,0.0,1.0,0.0,0.0,0.0,1.0,0.056050350817899455,-1.1002312447952467,-1.3312098575096363,0.2296231408516762,0.06457269968355972,-0.4264044562020207
1,2.5695485102930125,1.9657078492993034,1.9657078492993034,4.2085476164993025,1.0,0.0,0.0,0.0,0.0,1.0,0.7923078762191695,0.004638958186322095,0.4327418733351855,-0.9245817496882142,-0.7701635724054244,-0.22144410500925946
0,0.5834095260130415,3.088208294197074,3.1893087650715954,3.088208294197074,1.0,1.0,1.0,1.0,1.0,1.0,-1.6549139340526233,-0.8952868176952677,-3.2143625725666958,-0.5328348219141735,-2.5694814278967812,-1.2822151986328274
1,4.837071774203158,2.5338082338231667,2.5338082338231667,2.3557370819091394,1.0,1.0,1.0,0.0,1.0,0.0,-1.0697421902842617,1.2326145430356727,-0.5150091535705921,-0.96972221846898,1.566232087040205,0.16318227355723786
0,1.1933959451853364,0.7585425960927997,-0.7162850876172372,0.7585425960927997,1.0,0.0,0.0,0.0,0.0,0.0,-1.1639753721207216,-0.20973183798648898,-1.5563980130276494,-0.2965187757816913,-1.827256121302526,-1.1616430372484527
1,5.196249967071015,3.9926452994917776,3.9926452994917776,4.02011785946157,1.0,0.0,0.0,0.0,0.0,0.0,1.2024760523929354,0.05712005928374271,-0.20176878557509859,-0.31374572946673934,0.3035924751868984,-0.02998611743631576
1,1.989510549991974,1.6787897549132442,1.6787897549132442,1.56946595219793,0.0,1.0,1.0,0.0,0.0,0.0,-0.1970334284918227,-0.7755880512822033,0.5486812752193853,0.8270557759663428,0.23706141520029034,1.1341194505615235
0,0.478359006481599,2.4098014644377157,2.2574187244696633,2.4098014644377157,1.0,1.0,0.0,1.0,1.0,0.0,-1.0094807473058638,-0.6204816855159426,-2.5267638356477455,-1.454817576308666,-0.11338782281097437,-0.7064013539987519
1,3.336045691776569,4.052115061022943,4.052115061022943,5.765251702687802,1.0,1.0,1.0,1.0,1.0,0.0,1.234562523481913,-0.20625599251004778,1.094938231741306,0.9161046738005552,1.3186631238211057,1.9112543525841537
1,4.450517834270149,4.353796781772943,4.353796781772943,3.900787958851774,1.0,1.0,1.0,0.0,1.0,1.0,0.3904542590269242,-0.2982264580741791,-0.5556069151460574,1.2052653831704303,0.9205269017751485,-0.6844407624509298
0,3.8200984395718365,5.418967799963236,3.9396392582803874,5.418967799963236,0.0,0.0,0.0,1.0,1.0,0.0,1.8898693434735934,1.3909912203389347,0.06679621077369857,1.2103089167715402,0.2002739460809252,1.7980451708040606
1,3.0149578981216587,0.8268356200601594,0.8268356200601594,1.9124447415551065,1.0,0.0,0.0,0.0,0.0,0.0,0.7505884481893408,0.13973450822078098,0.79170294763135,-0.27505571803726914,-1.3218011167118073,0.6205762560134632
1,4.441722465407898,3.480654518678805,3.480654518678805,5.174699820713565,0.0,1.0,1.0,1.0,1.0,0.0,0.22079522118678513,-0.0011485388904974303,0.15454836161533086,1.1882105536520084,-0.09595535933014235,-0.710962430763716
1,1.9357766105182588,0.2609177226985643,0.2609177226985643,0.5690031375530786,1.0,1.0,0.0,0.0,1.0,1.0,0.14845843780758658,-0.4835424045088369,0.8429926984855411,-1.1971068422724982,1.272399806180089,0.13639110966402945
1,5.398630803805283,4.4406832300295225,4.4406832300295225,7.538720880933289,1.0,1.0,1.0,1.0,1.0,1.0,0.5273869834568775,1.152976208938151,0.15770238073920598,0.1556321790206664,-1.1270098430127804,0.8013223545905077
1,3.3978691691272314,3.0666130024171725,3.0666130024171725,5.076209745777739,1.0,1.0,0.0,1.0,0.0,0.0,0.044621968899247154,-0.4632945079361628,-2.0373952837485474,-1.5433565492488748,0.4216686678259869,0.9310392199342904
1,5.114114518577173,4.551303575009599,4.551303575009599,1.4458317087895103,0.0,1.0,0.0,1.0,0.0,0.0,0.5775852696235434,0.9942187385701998,1.0287412159039946,0.1584757085645126,-0.45917285696433163,0.1774372398997412
0,2.6569462854433468,2.2122993414388987,0.6225989709272578,2.2122993414388987,1.0,1.0,1.0,0.0,1.0,1.0,-1.4223409042104809,0.644830638085641,0.2544753307654233,-0.7697568637031696,0.6508824369839525,0.03186098994829589
1,6.986410089125963,5.657258929487275,5.657258929487275,6.058445549408573,1.0,1.0,1.0,0.0,0.0,0.0,2.446560769778585,-0.2344225822562367,0.6840629381833545,0.9161557486561738,0.9289255396099184,-0.3929534900688144
0,1.4185471167319759,0.9250458030413817,0.2938001059417543,0.9250458030413817,1.0,0.0,1.0,0.0,1.0,0.0,-0.9972352978513314,0.7857132620154363,-0.5211001863239046,0.3803924410593726,-1.5605166969126052,-1.7343174391633538
1,1.612701864556166,-0.39892660786502643,-0.39892660786502643,1.622422990457468,0.0,1.0,1.0,1.0,1.0,1.0,-1.0944737253717607,0.32108927227793643,0.5884625290402058,0.1984720682766857,0.19448501598308263,0.04736178249312445
1,0.9038276400752095,0.06204424504847095,0.06204424504847095,0.1792942136519713,0.0,0.0,0.0,0.0,1.0,0.0,-0.7369111893560332,0.041660421114624646,-0.7436886503427182,-1.6764729777101197,0.7449394975141562,-1.7527975411860424
1,2.149163597829416,-2.5834357257187515,-2.5834357257187515,2.073451330375344,1.0,0.0,0.0,1.0,1.0,0.0,-0.5765473675845296,-1.69754047898884,0.13091846372875632,-0.5765382827129806,0.2956943658553119,-0.5510204278441029
1,3.216856083245082,1.6394546195215494,1.6394546195215494,3.5385627566113236,0.0,1.0,1.0,0.0,0.0,0.0,0.12671484976552488,1.428880670912251,-0.1560461041504974,0.21696840478487384,0.5292253850503417,-0.8034484920681616
0,2.3661864121695255,1.5080489689731906,1.558294804754856,1.5080489689731906,1.0,1.0,0.0,1.0,1.0,0.0,-0.4575488100011347,0.45000773023218,-0.7298097851751956,-0.6945599599436112,-1.1383810293526992,-0.7828939096363237
0,0.3058407699780834,1.3318300506514515,-3.0583045475518844,1.3318300506514515,0.0,1.0,0.0,0.0,0.0,0.0,-1.2565356336140545,-1.816004030073141,-0.6509410201166606,0.024559438920878376,1.4950182012849167,0.37672108096221507
0,2.630660538423415,5.610815226671607,3.7464283782212937,5.610815226671607,1.0,1.0,0.0,0.0,1.0,1.0,1.2987894611654627,1.238313812578045,0.8874633818487184,-0.5184063017941891,0.05858349147578762,-0.23485961926860566
1,3.3632503385731356,2.9703066030595915,2.9703066030595915,4.075650883465666,0.0,0.0,1.0,0.0,1.0,0.0,0.9395039202491764,0.1561011632537893,0.7557968772601824,0.6991059319678437,1.0888617750739784,0.32513840904642255
1,2.972933726561305,0.7712716254933599,0.7712716254933599,2.0197748242408586,0.0,0.0,0.0,1.0,0.0,1.0,0.4069224378511531,-0.3002226436473855,0.748423452979157,0.657458747235622,1.9561994355397885,1.8143473153433183
1,3.4109938528463544,2.9002972456739347,2.9002972456739347,3.7946374218764762,1.0,1.0,0.0,1.0,1.0,0.0,0.3256414723104968,-0.5929122618556408,-0.059198696354218684,0.9443669902233439,0.8421822925171405,0.4043971780687708
1,7.902100611458227,5.6892710222416305,5.6892710222416305,7.939126731720066,1.0,1.0,1.0,1.0,1.0,1.0,1.9420841376770932,0.7349053137851618,-0.36432843076930066,1.5001300402615023,2.5945849403018117,1.0703510969172025
0,-0.0981332660913205,1.248015979139125,-2.250115188056276,1.248015979139125,1.0,0.0,0.0,0.0,0.0,1.0,-0.0406556651515607,-0.541131243855449,0.13956866767609866,-0.4376826085665251,-0.41083313016910816,0.4950821207626455
0,3.3633410900437974,5.442970843478884,5.911701935246121,5.442970843478884,1.0,1.0,1.0,0.0,1.0,1.0,2.0656087957072637,0.1299006159006102,1.563137948014814,1.7930994404140124,1.4266005690885348,0.21928514807280064
0,2.801392764286607,2.6105804338901395,2.5029968295481515,2.6105804338901395,0.0,1.0,0.0,0.0,0.0,1.0,0.04667548248423473,0.6924836199353388,-1.0631807182818354,-0.3857938941647088,0.6933397119946849,-1.910006535517313
1,3.119828762514578,0.11629481053540025,0.11629481053540025,4.27125703367152,1.0,1.0,1.0,0.0,0.0,0.0,0.5777045355422706,-0.9242501372173313,0.09250926833809528,-1.3730065455938643,-0.38425309765908033,-0.7625230921955324
1,1.5504438733866737,-0.09954256331942571,-0.09954256331942571,1.9880670200296795,0.0,0.0,1.0,0.0,1.0,0.0,-0.17854717145550178,-0.36293626109469945,0.19316365489143225,-0.5306739520015603,0.40979834451069097,0.35092250169488004
0,0.593536594625014,1.6809513343182583,1.0895905322177932,1.6809513343182583,1.0,1.0,0.0,0.0,0.0,0.0,0.04241283948058609,-1.2660266371163937,0.30521050769040986,-0.6874234648891071,0.2575417352868167,-0.3699610332585014
0,1.3746602169022248,3.0757691812785986,0.20766737823589798,3.0757691812785986,1.0,0.0,0.0,0.0,1.0,0.0,0.7268569831246511,1.2612500110061364,1.9614397162709611,-1.3079558609992439,-0.1719691251653065,-0.0855352559020458
1,-3.177003617590259,-3.8554908604378357,-3.8554908604378357,-3.6183041173282797,0.0,0.0,0.0,0.0,0.0,1.0,-3.339592075757227,-0.18641506855770612,-0.6988332489999092,-1.4949092277149756,1.4592010491367173,-1.1337476767125914
0,5.571967793448264,4.380939857054479,3.3372645567944508,4.380939857054479,0.0,0.0,0.0,1.0,0.0,0.0,1.455366470082759,1.090285207941446,0.03219609524679534,1.0075397781701927,0.8247094256396172,1.6596208104190433
0,1.0828198388963344,0.17062700536096487,1.8214531897704653,0.17062700536096487,0.0,1.0,1.0,0.0,0.0,0.0,-0.4282794778287797,-0.27540777648025255,-0.5328403347273662,1.6834997583267421,1.609447799244416,-0.14541418402545803
1,-0.4056909619694714,1.264729648580648,1.264729648580648,-3.6286305581737324,0.0,0.0,0.0,0.0,1.0,1.0,-0.9602526162940624,-1.0759040134075049,0.09344932788979521,0.08962856143799214,-0.9943748924519205,-1.3322635353288872
0,3.6985100649886036,4.20392325241792,2.489152154837301,4.20392325241792,1.0,1.0,0.0,1.0,0.0,0.0,-1.1836275715311921,1.2441572561032395,-1.5313130187838848,-0.14916239484289662,-0.8444865644011139,-1.8033542091170838
0,2.4697674516962387,4.87125067294233,2.2515667074354324,4.87125067294233,1.0,1.0,0.0,1.0,1.0,1.0,-0.033557442260421955,1.365588556215732,0.913272234225945,1.6819247567161921,1.6698528650258395,-0.6775942688011857
1,1.2712499462289975,0.6093571719172463,0.6093571719172463,1.2988200305007869,1.0,0.0,0.0,0.0,0.0,0.0,-0.30096784279818256,-0.00580015825875238,0.22691061446174493,0.17133120091997858,0.783718447801222,-0.29807854585787114
1,2.4401625549274977,-0.7235259756235346,-0.7235259756235346,-0.38508147175426255,0.0,0.0,0.0,1.0,0.0,1.0,0.5568617964702998,-0.1822698069878096,1.4774445807308443,-0.22917267582574674,0.33295446120161076,0.28931614346315127
1,3.6672938785516225,3.660617861941023,3.660617861941023,5.662893612015578,0.0,1.0,0.0,1.0,1.0,0.0,1.6322167589313055,-0.2925218133862772,0.1012634187402931,0.8800700443150022,0.19771659861452853,0.584167971385249
0,3.755320283040207,1.6131060298393765,3.379772341368037,1.6131060298393765,0.0,1.0,0.0,1.0,1.0,1.0,0.9320480883456254,0.1643111568031393,0.35137479036039476,0.4131764684742004,0.32852859431604287,1.4178933482311364
0,0.819321411363068,2.0621491985906992,0.8767775346640486,2.0621491985906992,1.0,1.0,0.0,0.0,0.0,0.0,-1.3672465263100644,-1.0381961879823307,0.03562871229265396,1.2302041656794165,0.1438541847564286,0.27100092164376754
0,-0.20997402384457853,-0.11268582994395948,-0.1749276941733378,-0.11268582994395948,0.0,0.0,0.0,1.0,0.0,0.0,-0.536911082676202,0.37801758103956606,0.7518128238163369,0.08534135480326288,-0.7181461913319412,-1.283309205140234
0,5.664254110965444,8.324712108633976,4.310844779315769,8.324712108633976,1.0,1.0,1.0,1.0,1.0,1.0,3.0991310083648274,0.6360423053264382,0.8116088764685725,1.7688062738393726,2.1336228867440044,0.48587460505888913
1,-1.793355994207733,-4.6000247631775215,-4.6000247631775215,-1.5991615348988204,0.0,0.0,0.0,0.0,0.0,0.0,-1.1014177508129295,-1.795208618005384,0.8203995120159354,-0.39241668106453753,-0.059442557841544535,-0.14565731970524903
1,0.8697847511452352,0.5547421192498536,0.5547421192498536,0.24397818839204488,0.0,0.0,0.0,0.0,0.0,0.0,0.2991228851338306,0.9957911367840859,0.4035668214071615,-0.31842676767435873,-0.8100188540795428,1.2323667835189773
1,3.970797524881282,1.5924390779695563,1.5924390779695563,4.371833261491638,1.0,1.0,0.0,0.0,1.0,0.0,0.8994181718083271,-1.1376674932910844,-0.02739521270586487,0.6311143846399989,0.04461724567264791,-1.5945369637154667
0,0.20097988687408663,4.242792462339061,0.516415647663099,4.242792462339061,0.0,0.0,1.0,0.0,1.0,1.0,0.6823746931574755,-0.040831111975169906,-0.7109640226450381,-0.33679068608481333,1.037457665675186,-0.24750832776848666
1,0.2771215612920579,0.7225815053353815,0.7225815053353815,2.7441626120574734,1.0,0.0,1.0,1.0,1.0,1.0,-0.8472191208615837,-0.8973367466708585,0.11000629877429385,0.17487164061817695,1.2613708544428854,-2.0360471855731928
0,2.477560711095608,2.591625616813186,1.9111014148404466,2.591625616813186,1.0,1.0,1.0,1.0,0.0,1.0,-0.9241240275597314,1.0655732604825625,-0.3297298253087164,-1.0379991131494775,-0.02648106799139905,-0.3572996959500627
0,0.1580869922315219,2.708045557803482,0.04134367600552513,2.708045557803482,0.0,1.0,0.0,1.0,0.0,1.0,-0.21838306336710334,-0.25352730501378645,0.026641666698764832,-0.13283036355888342,1.2949422737970087,0.29054245936618417
0,0.14739282868393855,0.06842025834804699,0.3270291185097037,0.06842025834804699,1.0,0.0,0.0,1.0,0.0,1.0,-0.5775494079046428,-1.0049753699214399,-0.17853361647630717,0.4766652574860642,-1.1165283211908223,-1.9080638720306435
0,1.1405312704283421,3.85786828954459,3.4819642018085206,3.85786828954459,1.0,0.0,0.0,1.0,1.0,1.0,0.8779393268889815,0.7173364731447314,1.2988249539544001,0.22366121756481808,0.9151474681526344,1.2754516911535227
0,1.8188037711291816,5.139279965490332,1.9548544946687958,5.139279965490332,1.0,1.0,0.0,0.0,1.0,1.0,-0.24813543746112537,0.3181406382114833,-0.1565218393572701,2.273672659383323,1.1432515904480172,0.35769841400275615
0,2.7543116534381236,5.8728710241327455,1.3097392513367845,5.8728710241327455,0.0,1.0,1.0,0.0,0.0,0.0,0.7265381549744623,0.8670817617418551,0.02701757081639944,0.703238311472471,0.7720707853920641,0.46232533331913106
0,2.83907547574961,2.5187188068153055,3.8018486965422666,2.5187188068153055,0.0,1.0,1.0,1.0,0.0,0.0,1.2942029132880652,-0.03459258322469372,1.2668302853960165,-0.1169497247474469,1.1593543963798298,1.4582342673936286
0,3.243366488359257,6.801076103288512,2.8398613993119515,6.801076103288512,1.0,0.0,1.0,1.0,1.0,1.0,1.4776019882206992,1.5300689404835732,1.6261874238224236,0.3895290567146306,0.8168582933466854,1.6752799935928675
1,4.607907916213334,2.8038502972857855,2.8038502972857855,3.538764664952512,1.0,1.0,1.0,0.0,1.0,0.0,0.9662301711011104,-0.09701591810563248,1.2903796564965382,2.268038766809345,0.6513015720199145,1.1459573310478102
0,0.922991855191336,3.756519846592795,0.7101512716990699,3.756519846592795,0.0,0.0,0.0,1.0,1.0,0.0,1.0152733782006265,0.6833354000306069,-0.03616791271915561,-0.2386612689101306,0.8318317356866424,-1.2009894835186825
1,3.663522383849397,2.678852214427853,2.678852214427853,2.8496304747554677,1.0,0.0,1.0,1.0,0.0,0.0,0.34461560077673364,0.40401457823753284,0.08731565337221292,-0.22220982854815693,0.524584223388105,0.999957368181615
1,7.17454677140912,6.567737173067461,6.567737173067461,7.2224744611549845,0.0,0.0,0.0,0.0,0.0,1.0,1.550223687265503,3.6390994517576343,1.2480800343420133,2.2190802519987,1.8770238765761866,0.35740671388615475
1,-0.6315570052178121,-1.3874975986280635,-1.3874975986280635,0.08903634906939817,0.0,0.0,1.0,1.0,1.0,0.0,0.2577645093824029,0.1072025299529159,2.2909689188711457,0.25103326124246694,-0.23939379369484215,0.5929015773518437
1,4.020372905435728,2.2094852647619136,2.2094852647619136,3.3738367765111583,1.0,0.0,0.0,1.0,1.0,0.0,1.091979990313781,-0.5778157666651043,-0.7538700372838533,-0.4742648770698438,-0.745273226452103,-0.37725755894033897
1,4.2810611516284505,2.718874368395082,2.718874368395082,2.7561358326623413,1.0,1.0,1.0,1.0,1.0,0.0,0.11215320505095097,-0.1728252521696232,0.467414992075031,0.6848286578433423,1.6345898559670378,0.4564318234755692
1,0.6078280401917865,0.5011883893108047,0.5011883893108047,1.1026119989584653,0.0,0.0,1.0,0.0,1.0,0.0,0.31595273933488915,-0.9627359122764787,0.12707484061835272,-0.8729036629176982,-1.5790503676837466,-1.9415135790360312
1,4.5376072540860015,2.9076539143126663,2.9076539143126663,4.5180471997440925,1.0,0.0,1.0,1.0,1.0,1.0,0.14743492791983678,0.07839718168445703,-0.37100832008929197,0.4634971047245089,0.9768718720015644,0.752012696263563
1,0.6445498659959716,-1.417431084092618,-1.417431084092618,-0.4455441314079549,0.0,0.0,0.0,0.0,1.0,0.0,-0.2395691529804811,-1.4605172776721747,-0.35655211469999504,-0.8653020496275494,-0.7270160388516212,-0.4945612896438234
1,3.5142280285841285,1.4810273438620578,1.4810273438620578,2.5076426295696175,1.0,0.0,1.0,1.0,0.0,1.0,0.6587730956978578,-1.5151021967928935,-0.9153382029834307,-2.1742379489373325,-1.3734369709846668,-2.1211077965322844
0,2.203772078341879,3.7332426252864788,3.3768018995674662,3.7332426252864788,1.0,0.0,0.0,0.0,0.0,0.0,-1.0460231437828236,0.016681210904645805,-1.6250543244200975,0.9359171139017365,0.8208524820894554,-0.5697872237311112
0,2.717969591726934,5.417176688101311,1.8641676296379455,5.417176688101311,0.0,1.0,1.0,1.0,0.0,0.0,1.6405852760262098,-0.43756169221666164,0.7941556661767508,0.41572366420018836,-1.552227593805955,0.44035773266388484
1,1.9599665547307126,1.9948345722226906,1.9948345722226906,3.6763114890185635,0.0,0.0,0.0,0.0,1.0,1.0,0.276735905495775,0.7010282296617812,0.41698328148349234,1.32684617046269,0.09756726438980623,1.2147458733699832
1,-0.4406259482285042,-2.4742601710108802,-2.4742601710108802,-1.4999702117462563,0.0,0.0,1.0,1.0,0.0,1.0,-1.2112228091880046,-1.3563353252444506,-1.2483030559519226,-0.6769968598634887,-0.8848833933801457,-1.953497906076569
0,1.0196299603765726,2.0035424712117145,0.5748840929349087,2.0035424712117145,0.0,0.0,1.0,1.0,1.0,1.0,0.26066682181303774,0.6251227055953742,0.02097988449678239,-0.198673221930164,-0.9637913278796797,0.1255142648646097
1,2.2925950622302853,2.702221876737795,2.702221876737795,2.428719534607825,0.0,1.0,0.0,1.0,1.0,1.0,0.7773933076722993,-0.41959307878457497,1.3849597423941127,2.014763251676091,1.1027289737795316,1.3291690432154262
1,2.561715109285666,1.3716846241417466,1.3716846241417466,2.3653752043874925,0.0,0.0,1.0,1.0,1.0,1.0,0.7046793104630588,0.29615889824565256,0.8259554809164844,1.027466646988871,-0.44710085935422483,0.5975444447693594
1,0.9332211913479949,-1.077417920400476,-1.077417920400476,0.2906689914665877,0.0,0.0,0.0,0.0,1.0,0.0,0.17875639466700727,-0.8231105139698267,-0.37904417336538865,-0.4914561743896758,0.4030381711715578,-0.01280100657547567
0,4.893688672629249,3.6634169633598512,5.0667449011345385,3.6634169633598512,0.0,1.0,1.0,0.0,0.0,0.0,0.9625361201682527,1.1586877958993178,-1.5784454005447328,1.4488588549736572,0.07870472108640769,-0.8020829405597764
1,2.050800862021361,0.7117441662776203,0.7117441662776203,1.4330669309117208,0.0,0.0,0.0,0.0,1.0,1.0,0.9402308608099467,0.6309595199567832,-0.1505320708452556,-1.2082751983222109,-0.25158827938913936,0.7367258573385448
1,5.937818732376629,4.0023173590719345,4.0023173590719345,6.4577261866255675,1.0,1.0,1.0,1.0,0.0,1.0,1.9926038275084463,0.2669557510191435,-0.14005277674647457,-0.30800305760516944,-1.069441515553392,0.2793507704481365
0,-2.142414842597995,0.5311803866338761,-0.7925578141192302,0.5311803866338761,0.0,0.0,1.0,0.0,0.0,1.0,-1.1943924073448895,-0.0721597320204529,-1.6216404408986524,-1.2788239269961246,-1.9590669738606574,0.21952080115037143
1,0.6892776955556292,2.049052852845564,2.049052852845564,3.524359382757716,1.0,1.0,1.0,1.0,1.0,0.0,0.14679699350590902,-0.7762914731080123,0.8106203381412901,0.584740920931538,0.8744488594622697,-1.8367644756216177
0,-0.8479006967062002,0.9217228041000844,-1.3623334139635808,0.9217228041000844,0.0,0.0,1.0,0.0,1.0,1.0,-1.3349652284114455,0.4515977952077835,-0.8993918032683033,-1.0282583998491832,0.32754554059215707,-1.1489744724015467
1,4.59864995897127,3.6818694010363897,3.6818694010363897,3.1411488286987472,1.0,0.0,1.0,1.0,1.0,0.0,0.10181881037307379,-0.5035665080979685,-0.011019081353709208,0.8780640305051013,0.736867639376378,0.1541272180180772
1,3.459711257864683,1.5242682866364794,1.5242682866364794,2.791989420266739,0.0,1.0,0.0,0.0,0.0,1.0,0.2694011991856445,0.37417923644126666,-0.6505859426886117,0.8364779110549526,-0.39494748595420986,1.8573886575664298
0,3.63889473453124,5.65829013810276,4.945087331655214,5.65829013810276,1.0,1.0,1.0,1.0,1.0,0.0,0.9419353995394373,0.9190214334809155,-0.4272178361053852,-0.6025745784691373,-0.162183422370999,-0.9052482513594841
1,3.227701571534938,1.1381158484398122,1.1381158484398122,4.3351672241286305,1.0,1.0,1.0,1.0,1.0,0.0,-1.1641005820910273,-0.3102501994535037,0.13122651869314325,1.0939851316582825,-0.6835811075515671,1.3564026195906227
0,-0.1641618938280882,0.7725420775854507,0.7084397668447512,0.7725420775854507,1.0,0.0,0.0,0.0,0.0,0.0,-0.2950614345934802,-0.3677446382400289,0.20600034579378698,-0.7564019550611096,-0.44888980975973614,-0.9958550584729203
0,0.9089066636525753,4.068864515793227,0.8697389027088865,4.068864515793227,0.0,1.0,0.0,0.0,0.0,0.0,0.28268367961001456,-0.5769979745790079,0.4814081302216632,0.47369418513632383,-0.203797443468261,-0.5527554913536752
1,3.5792963112292604,3.4073739349154257,3.4073739349154257,3.218414487186864,1.0,1.0,0.0,0.0,0.0,0.0,-0.5527710060872496,0.328886779402237,0.1411931937679689,-0.3574758793974051,0.35451004590180635,0.5259495750425355
1,-2.0218646248689414,-0.20681952206217735,-0.20681952206217735,0.5235741152076339,1.0,0.0,0.0,0.0,1.0,0.0,-1.5068162418074194,-1.1484571356017752,1.5945725153163166,1.3759096448772308,0.7747344116607008,-0.04274224818543898
0,-1.4087373702585448,1.5942658860101226,-2.4865079978209876,1.5942658860101226,0.0,0.0,0.0,0.0,1.0,0.0,-1.1097462801361675,1.0338036300877516,-0.7866043722569592,-1.4835278000532435,0.008275717569098895,-1.6883680470085742
1,6.049912133553917,2.892806918954623,2.892806918954623,6.23467071846966,1.0,1.0,1.0,1.0,1.0,1.0,0.8060468713194682,0.5890874190583323,-0.3557969408315532,-1.2289177963868492,-0.5320809326975154,0.7880841288447721
1,3.352812504230852,5.349478670541041,5.349478670541041,4.188465000232607,1.0,0.0,1.0,0.0,1.0,1.0,1.077628370532693,-0.2599436050922815,-0.8400492119547722,1.2731686300900487,0.05268149094206709,-0.23472923323686437
1,5.91942726705442,3.0426882620340816,3.0426882620340816,6.526917830865168,1.0,1.0,1.0,0.0,1.0,0.0,-0.6687957286005849,1.662061882332543,0.3929999027747341,1.5410819090548873,0.4954045344781596,0.053153400430720144
1,1.3649914970856047,1.8099907146570198,1.8099907146570198,2.4623337763616786,1.0,1.0,0.0,0.0,0.0,0.0,-0.369670286945235,-0.39504443549482837,0.802031530693524,0.09155024881483086,0.8261760067245185,0.41522875353982197
1,1.7726272408794408,0.41683200359136136,0.41683200359136136,2.824198708822844,1.0,0.0,1.0,1.0,1.0,1.0,-1.2426420786849985,-0.1688314310369694,-1.1064047935491763,-1.3896012737201298,-1.178453758057381,-0.8022300411719168
1,6.099908285585185,2.708928166430492,2.708928166430492,5.191516489152675,0.0,0.0,1.0,1.0,1.0,0.0,2.4798455648609408,1.0279275543241457,0.39829463669683507,-0.5233073787981832,1.160032964279644,1.3838932352671596
1,2.1227561900677685,3.227923724350037,3.227923724350037,1.1404858728217075,0.0,1.0,0.0,1.0,0.0,1.0,0.10831907357297846,0.6341237328112295,-0.2241310889532746,-1.2891021326001515,1.2735307948574182,0.9135919252803741
0,3.294879277399772,3.43905162525992,2.8045292408183684,3.43905162525992,0.0,0.0,1.0,1.0,1.0,0.0,0.6865279694934138,0.3327620890102243,-1.1784238510957117,-0.13181108748109185,-0.23868795168124218,-0.8585466178964294
1,6.141135538445049,2.9672957178002144,2.9672957178002144,6.026394057671277,0.0,1.0,0.0,0.0,0.0,1.0,1.3389709580014015,0.5259556915781103,0.5031855373975308,1.4557238065120113,2.0966394064027423,0.2895504600017029
1,3.370264759398834,2.7695937861420887,2.7695937861420887,3.2676681191073,1.0,1.0,1.0,0.0,1.0,0.0,-0.8743888037603578,-1.2235373594984547,-0.5465363218718221,1.50435084530697,0.1672671999460468,1.2040038817635594
1,-2.2312511568801674,-3.703106958144571,-3.703106958144571,-1.724724714953816,0.0,0.0,0.0,0.0,1.0,1.0,-2.5113289625288613,-0.33696130959010084,-1.3489259295176133,-1.6547110506102056,-0.9687892760425765,-0.8705283091784435
0,1.0107919678862416,6.238610595275891,2.3180686427943775,6.238610595275891,0.0,1.0,1.0,0.0,1.0,1.0,-0.0698573844379476,1.285094121187091,-0.8599100123211287,0.1277448188644814,0.3025124034218772,-0.27565297669050653
0,2.9309237646847563,3.9114763440489484,1.538741720714073,3.9114763440489484,0.0,0.0,0.0,0.0,0.0,0.0,1.3456942280229638,1.1399607607190314,-0.532553494804211,-0.3450329136215988,0.4274302785312911,1.3004509090632457
1,0.36285112719992063,-1.8346164506504996,-1.8346164506504996,-2.408775347103737,0.0,1.0,1.0,0.0,0.0,1.0,-2.5939474680497994,-0.3634212670133489,-0.9800881421475925,-0.7336207949312461,-0.6207442800305323,-0.9321618571337136
0,3.114673060199131,6.266163732653882,2.6450977288961797,6.266163732653882,0.0,1.0,1.0,1.0,0.0,1.0,0.13041605671568257,2.753298847596073,0.39250469527411047,-0.03449431161471489,-0.42611788272482487,0.6615834419415227
0,-1.3739895902786368,-1.797440466001072,-1.819002428281058,-1.797440466001072,0.0,1.0,0.0,0.0,0.0,1.0,-0.8672440802211332,-1.226378421599264,-0.7141145781578391,-0.8640344643936448,-0.9257472685920297,-1.3104059412387628
0,2.576675254127663,4.599543916822133,2.6337821060479722,4.599543916822133,0.0,1.0,1.0,1.0,0.0,1.0,0.5708103772703851,-0.06639696653182191,-0.7299979885486434,1.6776060201720284,-1.2245043497647363,0.957911427767154
1,4.62681395199312,3.166869717745878,3.166869717745878,2.7972772295280337,1.0,1.0,0.0,0.0,0.0,0.0,0.23490117058079243,0.18223112798093527,-0.3419868717979944,1.0974445759732339,-0.14889464949098621,-0.3596845151885516
1,0.9505897982349237,0.7869117198638607,0.7869117198638607,0.3711057773387626,1.0,0.0,0.0,0.0,1.0,1.0,-1.5966881041422856,-0.4042723180506328,-0.8051874710621109,-1.0348357568737936,-2.3991741952681607,-1.214904082858396
1,4.485367931056736,2.5522061107034357,2.5522061107034357,2.3478483122335385,0.0,1.0,1.0,1.0,0.0,1.0,-0.2358192325716475,-0.06829447547354645,-0.0036372454539831955,0.09601618003442988,1.024780137960718,0.2900386340040616
1,0.13589161237891645,1.2810586218957176,1.2810586218957176,3.617535303352809,1.0,1.0,1.0,1.0,0.0,1.0,-1.1254675389338682,-1.0022080451316764,0.14950582406487395,0.7827252871679224,-0.2578090153668372,-0.20744521306822641
0,-2.5160660694068966,1.0327467724517043,0.4978187748599998,1.0327467724517043,0.0,0.0,0.0,1.0,1.0,1.0,-1.4711934736263066,-0.6581532256956348,-0.9577593896818033,-0.03019562573884313,-0.4581254041089628,-1.1885017556098427
