1,2.533587497464044,0.47175962748008504,0.47175962748008504,5.236262925590829,0.0,1.0,0.0,1.0,0.0,0.0,1.2159332212854421,0.8039015140053276,1.1952183349300687,-0.6673721663779588,0.7027566129122933,2.3389362430111964
0,-2.1436378420585807,0.026714522083519543,-1.194433008392185,0.026714522083519543,0.0,0.0,1.0,0.0,0.0,0.0,-0.6524283452880835,-0.6635202874259534,0.49485304058306717,0.29121528410114106,0.8894702896723946,1.0501533761246664
0,3.784616843666551,6.4407207929316534,3.3309573903763257,6.4407207929316534,0.0,0.0,1.0,0.0,0.0,1.0,2.1349749881149296,1.694811502623093,0.8640537087362152,3.1687571518918345,1.3763673017096352,1.424377750231233
0,1.567107081864691,4.693099157325902,1.541755482667601,4.693099157325902,1.0,0.0,1.0,0.0,0.0,0.0,-0.5518077750805832,0.048057986624095994,-0.8239125284365441,-0.34718318650291335,-0.5638587362366652,0.05329519260841942
1,3.532592716015367,0.9368919350285345,0.9368919350285345,4.0777419776893185,1.0,0.0,1.0,1.0,0.0,1.0,0.29876566721519077,-0.025482548842847952,0.010029017778215188,0.14080541278545977,2.346584633247473,1.4458522037749078
1,3.3562526335987357,0.9969730784150775,0.9969730784150775,4.334993369664352,0.0,1.0,1.0,0.0,1.0,0.0,-0.7128309045041634,1.5750847976991924,1.2356444945226925,0.7314289800183932,0.5454889266795977,1.0618130242154178
0,1.7632141844149014,4.220289036536529,1.256856436954119,4.220289036536529,0.0,0.0,1.0,1.0,0.0,0.0,0.10192496915869176,0.9677596841598148,0.9852019467017394,1.2615363393550623,2.941000171772531,2.6045075386213297
0,1.2316722665465218,3.910161043171442,2.7606420552242357,3.910161043171442,1.0,0.0,1.0,1.0,0.0,1.0,0.08677940878781365,1.1402216221857302,0.9658164430486296,1.6293619361262692,-0.081712295292244,-0.8919811338883725
1,2.6969257274191016,1.9414725978282468,1.9414725978282468,2.679764269620513,1.0,1.0,0.0,1.0,1.0,0.0,0.09329756804558181,0.5839691052010997,0.9547732557469871,1.3747701763936853,0.1789794460913663,-0.99389720433981
0,6.522065247313362,6.09864237937167,4.187458062790484,6.09864237937167,1.0,1.0,0.0,1.0,0.0,1.0,2.31887399944012,1.2120230052455123,0.26156149819888763,1.0898669997167196,1.5313752924525035,1.252109433897842
1,3.9520147364874405,2.466551058232211,2.466551058232211,2.992656416105177,1.0,0.0,0.0,1.0,0.0,0.0,0.14967646035817828,1.5325500057489783,0.8053483343187277,-1.010343515906506,-1.4722012951505445,2.458365047447599
1,7.231526597435988,2.781703220147701,2.781703220147701,7.624388364026957,1.0,0.0,0.0,0.0,0.0,0.0,1.1645942130401992,2.7166812476757114,-0.008950742735618578,0.5229194287161351,2.7136919119058662,1.1464498376202228
0,0.32374225605637846,2.767443047243595,1.2260048181648018,2.767443047243595,0.0,0.0,0.0,1.0,1.0,0.0,-0.7254176532468146,1.4697630641299493,0.9953910122071742,1.1573979720358798,2.474913839650671,0.8238230993094625
1,3.627931623730672,4.338069555228158,4.338069555228158,5.201714161670272,0.0,0.0,1.0,0.0,0.0,0.0,0.20555324640707412,1.9234689356060692,0.3103105299520238,0.502117972506749,0.7895043203019253,1.0729865746312417
1,5.216381042378757,1.7479950405179205,1.7479950405179205,5.32087998942354,0.0,1.0,1.0,1.0,1.0,0.0,0.7911604109787389,0.6776593003976936,0.46620386103759803,2.8672739282113273,2.36220315260106,1.6408467664823947
1,8.277704984147148,3.30137447332355,3.30137447332355,8.660118866687933,0.0,0.0,0.0,0.0,0.0,0.0,2.290841334464929,2.4624476947846192,2.3234694054977147,2.6943017519470294,2.392754711639368,2.0510326331032744
1,4.78282125318947,4.836625370022922,4.836625370022922,6.816594100333847,1.0,0.0,0.0,1.0,0.0,1.0,1.8502050225465176,1.1233369923495524,-0.30199832492493317,-0.5732180523688779,1.8109132976526827,0.37278346309884447
1,3.4351297405475396,2.6072408397399376,2.6072408397399376,3.1308649533450503,1.0,0.0,0.0,0.0,0.0,0.0,-0.13181796350274255,1.3525432912123707,1.32776338402772,0.9987285160157333,2.4028243419378787,0.12195519543179634
1,4.83751218101655,3.0906237120074063,3.0906237120074063,2.578536962792624,1.0,1.0,0.0,0.0,1.0,0.0,0.7134719139557009,0.27462749155489347,-0.02261717652309625,-0.4886679444006162,0.8059850720137585,0.12858495402339365
0,0.8776218769919966,2.5450679410151933,1.3285240427157048,2.5450679410151933,0.0,0.0,1.0,0.0,1.0,0.0,-0.17826283127873555,0.10251606036119759,0.5554065261138043,-0.7963791962112108,2.5711831200222743,1.9953638267709586
1,4.498251750448951,3.027024153476033,3.027024153476033,3.9951297239831285,0.0,1.0,0.0,1.0,0.0,0.0,2.471831836899109,0.43396590529463736,1.4091242646618318,-0.6490469346902095,2.076919079989719,1.3107362812224037
1,7.8355531635988855,4.444286267972821,4.444286267972821,8.576250600079682,1.0,1.0,0.0,0.0,1.0,1.0,1.777277873593367,1.2372323829757867,0.07806115092572319,1.4087168046764837,1.0368516544724118,1.0409829148731073
1,1.8470051164953998,3.2648504778038454,3.2648504778038454,4.998566317255838,1.0,0.0,0.0,0.0,0.0,0.0,1.403367093818749,-0.20556626432884362,2.117430759015943,1.9731144542308205,3.506085743417103,1.9301954583694352
1,4.145617454680307,2.0411705439301406,2.0411705439301406,4.671784831276604,0.0,1.0,0.0,0.0,0.0,1.0,0.4209129974432447,1.3237862100726578,-0.09053495187128213,1.2122500329902808,1.2292284992075433,0.09654410938021318
1,5.00383110890925,2.2021628136380196,2.2021628136380196,4.7096514504973275,1.0,0.0,1.0,0.0,0.0,0.0,0.5959106077811535,1.0483639560318956,-0.2460075816307774,-1.059051747350286,0.5723109846293615,0.7679235501664272
0,1.9477107201831316,2.212368470232101,2.1490841743123337,2.212368470232101,1.0,1.0,0.0,0.0,1.0,0.0,-1.086865135383927,0.239734484114273,-0.6680267719374919,0.1992156414895755,-0.9757086545894083,0.7801322582549334
1,5.341335959194193,3.0489244084279923,3.0489244084279923,5.771198002119666,1.0,1.0,1.0,1.0,1.0,0.0,1.450138797483897,-0.5301235415188355,0.708668844174526,-0.12632082345181672,0.9479121564452827,0.6766137359909241
1,3.2107293346654178,2.9460074007694987,2.9460074007694987,3.233632030041032,0.0,0.0,0.0,0.0,1.0,1.0,-0.2258598439652315,1.5443762661598592,0.9164043615799407,1.9732889361080046,0.4522809264564487,1.0727722622384275
1,1.0241033602928749,0.6759740443384965,0.6759740443384965,3.5451907510493275,0.0,0.0,0.0,0.0,0.0,1.0,0.3767997147125094,0.8645638423236369,0.4830941842069802,1.4115554585103718,1.7809828881297658,0.9863414831443174
1,-1.1344799897858167,-0.6701189662100139,-0.6701189662100139,0.08383010269421076,0.0,0.0,0.0,0.0,0.0,0.0,-1.0946504638095862,0.05981659426285657,0.6226546422658957,-0.8359650312477491,-1.3039043609236156,2.3559917459846345
1,7.385083049567361,4.289631620808858,4.289631620808858,5.913069086548171,1.0,0.0,0.0,1.0,1.0,1.0,1.0268193582065142,1.6295793743093991,0.6759449049912923,2.10927691859319,3.3898769359903516,2.8159883636071674
1,3.7823413714599425,2.773539322981523,2.773539322981523,3.917583488812681,0.0,1.0,1.0,1.0,0.0,0.0,-0.02172265501952042,1.4680062761905996,0.7248272490597508,-0.36401660772593525,1.676409875083019,1.2779830581580074
0,1.6451352203825678,3.927426179705871,2.155683666352976,3.927426179705871,1.0,0.0,0.0,1.0,0.0,1.0,0.13689601537087948,1.9069858478497292,0.9095527530662076,0.8683220516328625,1.1725708373169255,0.6091510911539662
0,1.5992866225692932,3.5332043604969177,1.3083243247127507,3.5332043604969177,1.0,0.0,1.0,1.0,0.0,1.0,-1.2864849123396673,0.5649789397516032,-0.978133303498117,1.2709502613627102,-0.29572107563974237,1.022489102238336
1,3.59531979432366,5.532479903842817,5.532479903842817,6.7240143998959345,1.0,1.0,0.0,1.0,0.0,0.0,2.1184243090543986,0.3043812382934783,1.6720784825831818,1.21335250513496,0.8769180181698086,1.1027420017908482
1,3.2895084706231437,0.8338472601578573,0.8338472601578573,3.064565102852834,0.0,0.0,1.0,1.0,0.0,1.0,0.18285220791346007,0.053600020689490824,0.5520109424891648,0.42225907775512944,1.4891763584371587,1.7491792191501732
1,3.259575091970775,0.8681766143911762,0.8681766143911762,4.830900175839515,1.0,0.0,0.0,1.0,1.0,0.0,1.0938625908968123,-0.5457204634934867,1.0083227454955845,-0.09203166256556428,1.178351441884503,1.0785407501512378
1,2.8999325507847664,-0.29591386652129614,-0.29591386652129614,1.1689201657323016,0.0,0.0,1.0,1.0,1.0,0.0,0.38610623024312446,-1.3326886958153767,-0.10564960716212557,-0.03300767914032732,1.167124168116331,-0.8200844922477182
0,-1.9609498609024631,0.42711174661666007,-2.1077840817029743,0.42711174661666007,0.0,0.0,0.0,1.0,0.0,0.0,-0.3137663773844386,-0.6450384195327279,-0.2834070956535182,-1.1879955197520027,-0.6065588656282703,0.5168130522944485
0,-2.10368172920442,-0.47473185896927844,-0.8949903528786619,-0.47473185896927844,1.0,0.0,1.0,0.0,0.0,1.0,-2.611127094169681,-0.05327757042159198,-0.9671889653562067,-0.9215261107570702,-0.713044467986564,-1.8182182034430876
0,3.142632812989951,5.951350820969772,3.658340489455623,5.951350820969772,0.0,1.0,0.0,0.0,0.0,1.0,1.520007526719299,0.7443448248794482,0.27202500394706963,1.013826246040738,2.141769566077765,1.7874906623514535
0,4.771373064108655,4.577274331913794,2.273103424129866,4.577274331913794,1.0,1.0,1.0,0.0,0.0,0.0,0.5481090577036146,1.4760535998989852,1.809507324726081,-0.1443355217983019,1.3508026961327808,0.7730495755658037
0,0.8161057188319618,3.516499532640406,0.7840347559221712,3.516499532640406,0.0,1.0,0.0,1.0,0.0,0.0,-0.14843090202052922,0.8671814173989653,-0.6875318758944051,-0.658628012503057,0.07409185146822073,-0.08659559407367534
0,5.540958206627654,8.528666782552364,5.872090608762354,8.528666782552364,1.0,1.0,0.0,0.0,0.0,1.0,0.2220803664457892,2.8584593313402213,0.03835693218899272,0.1457150204159166,2.286703310949278,2.7756373734786224
1,4.964394941439782,1.9405741446541789,1.9405741446541789,5.310551192581366,0.0,0.0,1.0,1.0,0.0,1.0,0.174351679571984,1.3795975698903202,0.9068939398438737,1.8119747298381408,0.31456436643094476,0.958135274245519
0,-1.8031718006580626,-1.4732177961012192,-1.538405062831937,-1.4732177961012192,0.0,0.0,0.0,1.0,0.0,1.0,-1.603627197024113,-0.1374746279497674,0.7239105615292443,-0.5966451692013095,-1.1401184278790262,0.7252939016596069
1,6.794676242790945,5.270998857421666,5.270998857421666,7.582478871711174,0.0,1.0,0.0,0.0,0.0,1.0,1.8180150012991954,2.295347188766731,1.4364120785044103,0.2989291023613262,1.9268805986073971,1.1424393443348855
0,0.8892858972609707,2.6531587718593816,1.744069285211784,2.6531587718593816,1.0,1.0,0.0,0.0,1.0,0.0,0.29873025399086894,0.8198264851068475,1.1915008614109477,-1.122459251993364,0.9932460394830624,1.0456404677788418
0,1.6703927819909634,4.588438856787249,1.8714002550059732,4.588438856787249,1.0,0.0,1.0,0.0,1.0,0.0,-0.07478074749425567,0.7461073424530763,1.5728255413667676,-0.6929151271961782,0.7690364504286344,1.9903697853555924
0,-1.1884812903744897,0.8199266223075665,1.1777551259764756,0.8199266223075665,1.0,0.0,0.0,0.0,0.0,0.0,-0.5030835952959529,-0.20567575756076817,-0.4952855539647737,-0.7703047165330974,-1.209366460563618,0.5277624196671368
0,-0.5016627085999262,1.5498052012925114,-2.0049602164949043,1.5498052012925114,0.0,0.0,1.0,1.0,0.0,1.0,-0.6920515795159505,-0.7838765639885488,-1.512871450068455,-0.40304554749320654,0.3355622956969647,-0.3708129304421113
0,2.550810631503203,3.597856970966872,2.351050751427556,3.597856970966872,0.0,0.0,1.0,0.0,0.0,0.0,1.2614430771641136,1.2403485263263727,1.9166580894278116,1.7329353049239586,1.0426524336343617,0.32137332769589744
0,-0.589825424742354,1.6466727484902104,0.03305495708428058,1.6466727484902104,0.0,0.0,0.0,0.0,1.0,0.0,0.3299979538562977,-0.67478514202603,-0.4361239646276266,0.9592958918330607,0.373039700100923,0.6150212217171946
1,5.92715180293477,4.896712017952877,4.896712017952877,5.010451931926689,0.0,1.0,0.0,0.0,0.0,0.0,3.057863514497321,0.7304403508361309,2.2022642894628723,2.0089713415372383,2.94140760148972,0.4821275290376278
0,-2.328350461169079,0.4410226280541504,-2.5505036412776776,0.4410226280541504,0.0,0.0,0.0,0.0,0.0,0.0,-0.27323950475716585,-0.849544950101107,1.0962734001723897,1.3544593605115955,-0.2857643377543142,0.7008550738554558
1,5.866014601228883,2.5158932273316488,2.5158932273316488,6.331678581305363,0.0,1.0,1.0,0.0,0.0,1.0,2.0904010565736906,0.6624294256409419,1.7317859762489114,1.1799223456755101,1.1714037017533179,1.2658015935564821
1,8.10298533347482,5.188541280261133,5.188541280261133,8.10016418091657,1.0,1.0,0.0,0.0,0.0,0.0,2.4609120112330913,2.2211280397907904,1.3428615592382533,1.1808926455110593,-0.10553588607014097,0.4978303773533699
1,3.347103829745442,2.7738015727724896,2.7738015727724896,0.6031922610672211,0.0,0.0,0.0,0.0,1.0,1.0,1.4882988342603962,-0.5680950929263309,0.3113426399578206,0.7706624423921106,1.6791870912890683,0.07470732631583021
0,1.9791754034487736,3.0508601669982474,2.288139358800515,3.0508601669982474,0.0,0.0,0.0,0.0,1.0,1.0,0.9634482476609765,0.26002183339253415,-1.360092782294637,1.0912421961706222,1.5986723761104882,2.2030933200417326
0,7.0599583649899245,9.3959156697573,6.80072850228766,9.3959156697573,1.0,1.0,1.0,1.0,0.0,1.0,0.6010153066475495,3.4982238745108427,1.109124442525471,0.8765417000057382,1.3140717663908545,1.1643310167797813
0,3.1607808228884244,4.392456636974446,4.176585241259193,4.392456636974446,1.0,1.0,0.0,0.0,1.0,0.0,1.850972392715438,0.5251534851900722,0.6631102688443304,-0.14666192730084138,1.3742196177105321,0.830659647445261
1,3.4918881612356643,1.2671344137741583,1.2671344137741583,2.177485648952217,0.0,0.0,0.0,0.0,0.0,0.0,0.7479401476232136,0.3171865376591455,1.1356582492763334,1.6842778767719042,2.577566790301962,1.3483730507979752
1,4.4219238543922055,0.03156342499518594,0.03156342499518594,4.0994777334542185,0.0,0.0,1.0,0.0,0.0,0.0,1.1560410212442438,0.5416651251416433,2.5766786393743963,0.461883042901278,0.8772769038199917,1.160802103001813
0,1.7997047394420957,-0.3552548878576771,2.2040899657493913,-0.3552548878576771,0.0,1.0,0.0,1.0,0.0,0.0,-0.4689447839984143,0.4265444685101423,1.0073050113888422,0.6255011444832941,-0.16191119088285677,0.8690941147608283
0,1.8837618654451291,2.760546956478555,3.358318755805368,2.760546956478555,0.0,1.0,0.0,0.0,1.0,1.0,-0.6099411443111367,2.3039117466637333,-0.47678468867978285,0.14739175014343375,-0.4906551297252162,1.03583249803236
1,7.022679564634908,4.3051449271207725,4.3051449271207725,5.026319525135673,0.0,1.0,1.0,0.0,0.0,0.0,1.916838711718205,1.3448471283771184,1.2099149963686804,1.6064830027087087,0.9651831734190379,0.8262120587094759
1,0.07778645311580079,0.9669194796981141,0.9669194796981141,2.3142614722483894,0.0,0.0,1.0,0.0,0.0,0.0,0.0018619647461592947,1.1397433149149085,1.4618411287578335,0.700973399102523,0.855085345631555,1.064816109119438
1,1.3047610339970945,-1.3649708642536234,-1.3649708642536234,0.4655334089207203,0.0,1.0,0.0,1.0,1.0,1.0,-1.7772704209550292,0.22254297115128063,0.8845932380704992,2.3387926469928724,0.4348585472224046,0.8318384896039835
1,6.396046657026975,5.574544498186537,5.574544498186537,5.939179071007006,1.0,1.0,1.0,0.0,0.0,1.0,2.2618587456795725,0.8991409297104116,1.616988734762973,1.0797883262824222,2.701012678652597,0.8165762391326746
1,4.9131228127559545,3.897411504584702,3.897411504584702,3.2076571797994506,1.0,0.0,0.0,0.0,1.0,0.0,0.23249231949848403,0.9236786530924741,-0.8447174491433167,1.2266663194328347,-1.0908238729986799,-0.6595986586355547
0,1.3155559655726652,5.1074433338950325,2.4079804731686667,5.1074433338950325,0.0,0.0,0.0,1.0,1.0,1.0,0.30770236626602687,0.5890811780728585,-1.599479485285742,-0.29730375022175415,-0.4943390615472576,0.7371273797727355
1,4.8589728560233745,4.254566939170209,4.254566939170209,3.7831585723403838,1.0,1.0,0.0,0.0,1.0,0.0,1.2292787261647757,0.30202060021478333,1.537118872943728,1.194916708329087,1.459992229259587,1.485704677161729
1,0.43322500209217074,0.37590948627016063,0.37590948627016063,-0.1080247709568547,0.0,1.0,0.0,0.0,0.0,1.0,-0.6153318951184212,-0.3200173820288452,0.314910193994805,0.7278571836465786,-0.4733160106518446,0.5858012735676092
1,2.5818189829255473,1.4616833657093073,1.4616833657093073,1.7012453098389881,0.0,0.0,1.0,0.0,0.0,1.0,0.606497722081807,-0.6409125696485005,0.7626969866814713,0.23711986324330647,-0.5140549732774542,-0.3313040690801561
1,3.6724675973184104,1.4707988886517231,1.4707988886517231,3.3385185535134,0.0,1.0,0.0,0.0,1.0,1.0,1.2364502083874565,-1.1141317386202674,0.6627542624594503,1.2205559857514063,-0.22234006316049038,2.8685092446584894
0,1.251517768572615,0.516644883413555,1.2262149563705131,0.516644883413555,0.0,1.0,0.0,1.0,0.0,1.0,-0.6033269966387507,-0.32444195599773584,-0.8756240092207239,-0.9598902903682187,-0.0652301193789635,0.21975764919666874
1,4.437280164172428,2.795850215499902,2.795850215499902,5.821829013299216,0.0,0.0,1.0,1.0,1.0,1.0,2.1441961568416517,0.5224359395257473,0.15802283256318234,0.6699280654266031,0.9018620098296031,0.9745028648757084
1,2.810477752958761,0.061009002144801094,0.061009002144801094,2.3235163825289007,0.0,1.0,1.0,0.0,1.0,0.0,-0.2010810623002579,-0.7616948661750529,-0.380930855806384,-0.19301171161934705,-1.262888558053573,-0.033411733731082194
1,2.132796348805619,2.4400294155619098,2.4400294155619098,2.5023764383537297,0.0,1.0,0.0,0.0,1.0,0.0,0.7933330897888644,0.2417661104326448,0.9536484067649573,-0.03185375431672943,1.426529377387163,0.168611695436798
0,1.3605165692148715,3.6714843456594157,2.4747220919904693,3.6714843456594157,1.0,0.0,0.0,0.0,0.0,1.0,1.020310353217603,0.6761048451464529,0.44640706993023277,-1.037342621291197,0.6097059250016416,1.4248926071478234
0,-0.07584334688565553,1.3823897400125351,0.7084085351594369,1.3823897400125351,0.0,0.0,0.0,1.0,0.0,1.0,-0.3074220434831222,-0.9984850953557263,-1.5572849366319614,-0.1416578072239595,0.20357714714675068,-0.08939582912214217
1,2.4034110169687137,0.8567236796325167,0.8567236796325167,2.2655864378476465,1.0,0.0,1.0,0.0,0.0,1.0,-0.9840022802420552,-0.5116363205585821,0.28194263380826456,1.8955787761280676,-0.7111144939988048,2.520437175531142
1,-0.8478858748267507,-0.2525230153154314,-0.2525230153154314,1.3359884156211193,0.0,0.0,0.0,0.0,1.0,0.0,0.1306543121015331,-0.5305279658395896,-0.004371673588908553,-0.23813748609204832,0.663625862678159,0.061700494167004516
1,2.010009745330073,4.4901740530719,4.4901740530719,4.365559574026201,0.0,0.0,1.0,0.0,1.0,0.0,0.9941724181511554,1.4565543431744166,0.904958447626024,1.4015643273736182,2.8808266106078015,2.769352809965403
1,2.791479901939692,0.4217586372744162,0.4217586372744162,-0.16455149744130848,0.0,0.0,1.0,0.0,1.0,1.0,0.20534643699983773,0.3158816208210411,0.6054876144525078,0.406986491010924,1.0740185598060288,1.096191919572046
0,0.3615828131107153,1.8232026673577917,0.20687920325888978,1.8232026673577917,0.0,0.0,1.0,1.0,0.0,0.0,-0.0992871573981049,-0.5601057182167211,-0.6690142645323933,-2.131636704428125,0.98422230278126,0.6132756699991616
0,3.4371322626435696,4.925159539999853,4.687331340288005,4.925159539999853,0.0,1.0,1.0,1.0,1.0,0.0,0.4010516459419053,1.5672578801642174,-0.8990825402150897,0.08174341422533837,1.5151698755861673,1.3607808160277342
1,3.0189182594938555,0.7727362111593548,0.7727362111593548,4.227116730768446,0.0,1.0,0.0,0.0,1.0,0.0,1.1029011131672108,0.6100717781773664,1.200017872052769,-0.07015799902588105,1.571540125187007,0.8157258209325833
1,1.7557358524245097,-0.5399953559588568,-0.5399953559588568,1.6307523401010038,0.0,1.0,0.0,0.0,0.0,0.0,-0.3266857689466842,1.803785839482103,1.4765193503320504,-0.4195876721859588,-1.0415890423599734,1.2883587098270424
1,4.944031747002253,4.055063658272903,4.055063658272903,6.832755007754744,1.0,1.0,1.0,0.0,0.0,0.0,2.001269678371149,0.7458598977960719,1.6761127033924899,2.7353008330517414,0.9160600384385613,2.3768871227437036
1,3.0510253185757845,-0.16333552928163536,-0.16333552928163536,3.6939560391557196,0.0,0.0,1.0,0.0,0.0,0.0,0.5931314851538105,-0.20748377662855377,0.5805361232807489,-0.5216992047197702,-0.9522173073354916,1.0825345051613486
1,5.476363611036426,2.5259308797737745,2.5259308797737745,3.815987936953443,1.0,0.0,0.0,1.0,0.0,0.0,0.9155414902097663,1.2781058646135703,0.9355059847599198,1.2679267154370604,0.4629494872393426,1.9115413810046575
1,3.6005591277757936,1.302203066333221,1.302203066333221,2.8440289870668014,1.0,1.0,0.0,1.0,0.0,1.0,-0.5483523901890648,0.9020102625379796,1.0574068329768653,0.05906560649546583,0.33986779176071813,1.5219731222393382
0,0.07562776670348167,1.4588203356292064,-0.4111202455368934,1.4588203356292064,1.0,0.0,0.0,1.0,0.0,0.0,-0.6555052501816951,0.14068909067897323,1.359821391613727,-0.03528240358573487,0.5261012837293257,-0.7323852125463288
1,2.6347324056805137,0.273688477928153,0.273688477928153,4.491054525619959,0.0,1.0,1.0,0.0,1.0,1.0,0.9712438973392984,0.5884103922499854,0.9962851950408459,-0.9654685028342536,0.4129750258173439,0.9602860971948648
1,3.6176961800522562,2.6108022955332806,2.6108022955332806,4.5549698182944995,1.0,1.0,0.0,1.0,0.0,0.0,0.056134565315970164,0.23288275929483054,-0.6990027492288045,0.2602109433668635,1.2573958091038029,0.9007511435552978
1,3.0616167279905424,1.3503552614833065,1.3503552614833065,2.460237652240041,0.0,0.0,0.0,0.0,1.0,1.0,0.9574557384797056,0.2401089090322437,-0.4815140521110046,-0.6362910570765872,0.2916049646420814,1.9556240859597296
1,8.797126430860358,5.006004410312818,5.006004410312818,8.597756145362585,0.0,1.0,1.0,0.0,0.0,0.0,1.4945526989381284,3.1490815746193617,1.9664206664105892,2.6295599696335707,1.6897655377424694,2.1708075858875366
1,7.88187914669504,4.066715260824129,4.066715260824129,9.171099189866528,1.0,1.0,0.0,1.0,0.0,0.0,2.146745104624147,0.9504409088237449,2.0097934767084826,3.2518535537263658,0.36897704595515135,1.4930309082460902
0,1.625457591545465,2.250721611515971,1.020191959213235,2.250721611515971,0.0,1.0,0.0,1.0,0.0,1.0,0.42587738859493296,-0.4626651236086181,0.9172930156851696,1.1277927820743945,1.9245245507543414,1.209362208078087
1,7.8843604015804445,5.598304485604502,5.598304485604502,7.030054046485167,1.0,1.0,0.0,0.0,0.0,0.0,1.2564381029625464,1.944142034139328,0.5364077403690346,-0.47521094833253863,1.2087683485856004,0.8060970453226535
1,2.6226700565588117,1.9837252713680162,1.9837252713680162,4.112414664604298,1.0,0.0,0.0,0.0,0.0,1.0,-0.2253246693540013,-0.918606136669994,-0.6054651377954472,1.8119951509659507,1.0794454609636277,1.7221458940991239
1,5.82333220082267,3.951784098438154,3.951784098438154,6.940411043906815,1.0,1.0,0.0,1.0,1.0,1.0,0.7118132876172477,1.767901598400192,1.421425010391736,-0.15283275249426997,1.7002295383146544,1.2093696829277016
1,3.5774651460638163,0.2522647209102007,0.2522647209102007,0.4714644409040001,1.0,1.0,0.0,0.0,1.0,0.0,-0.5368703994386945,0.6213478425453752,1.51154888809089,0.8946712198582012,1.9789320355529012,0.3719723165091282
1,5.184736529372008,2.2662049198435965,2.2662049198435965,3.6291128896938227,1.0,0.0,1.0,1.0,0.0,0.0,0.3142288633230913,1.1354103665600586,1.601961954429417,0.2911620069445039,1.6982280772982086,1.9116481937012804
0,4.02831016035164,5.804035259539988,2.9629668148896275,5.804035259539988,1.0,1.0,1.0,0.0,0.0,1.0,1.1552191780708139,0.28400049513653103,-0.23686138345587215,0.07665261539245566,0.2768862340530779,-0.40642385215468657
1,4.284102738781788,0.8370055036908852,0.8370055036908852,4.270737579466539,1.0,0.0,1.0,1.0,0.0,0.0,0.4709868677794532,0.9964698171545947,0.5046857600165393,-0.5261348262917303,0.28810810972607515,1.5106892506053513
0,-0.3114700822668147,1.2391623917854049,-0.5326456825028651,1.2391623917854049,0.0,0.0,0.0,0.0,0.0,0.0,-0.293487541984615,-0.5789783116264811,0.012748641564539087,0.1737852802213113,0.5505385980054658,0.692251759692726
1,0.48181360817749297,-0.49392225007375873,-0.49392225007375873,-0.3874181345459244,0.0,0.0,1.0,0.0,1.0,0.0,-0.7163993927671215,-0.580495202207929,-0.6829933425939061,-1.4161108025261315,-0.2336921668097045,-0.31712603294457464
1,6.338672591204823,4.658013296919437,4.658013296919437,4.795610260604903,1.0,1.0,0.0,0.0,0.0,0.0,1.721047676317283,1.0516036165304452,-0.33162201711828887,0.0012600652676101887,1.4868150888950162,0.12283308579322516
1,2.110630570576096,0.3157307787655673,0.3157307787655673,0.6425621554391283,0.0,0.0,0.0,0.0,0.0,0.0,0.8255217104851862,0.8081127070002279,2.7996005262367514,1.5402259482612326,2.473337673411653,1.3349318255836256
0,1.3000166630695347,1.3633173056534522,1.8769792550931677,1.3633173056534522,1.0,0.0,0.0,0.0,0.0,0.0,-0.29062842393259447,1.516690286955651,0.5722344277440234,-0.12020102376895747,-0.8714445648623774,0.5089782322493732
1,2.5010676108300944,1.8720483803973862,1.8720483803973862,1.1638873207232059,0.0,0.0,0.0,1.0,1.0,0.0,0.37016814087438726,0.8082726660952184,0.12105962577755247,0.10178017262563493,0.8102919479259578,2.034121653945061
1,6.032480350412451,2.7359929036606583,2.7359929036606583,4.974858558668724,1.0,1.0,1.0,1.0,1.0,0.0,0.2593925639019796,0.2819725092279575,0.6141464923324367,-0.07621111546217285,0.31529787406402643,0.6779965010282634
0,1.173901812375811,3.679456525337407,1.5486885624868707,3.679456525337407,1.0,0.0,1.0,1.0,0.0,0.0,-0.6612286507373482,1.0720434633619143,0.16762812491666956,0.14027538032035008,1.9818293720621485,2.343310123630283
1,5.569385708405906,4.363952750893377,4.363952750893377,6.55616861014097,0.0,1.0,0.0,0.0,1.0,0.0,2.450619208527266,1.7750921481574433,1.6385983390141863,2.027885082944125,2.0008376021700025,1.1513728107384427
1,2.0144440524257057,0.6372540507721007,0.6372540507721007,-0.1698917651650349,0.0,1.0,1.0,0.0,0.0,0.0,-0.07549604157920609,-0.2943642327971838,1.1070857526941138,0.3790451805690091,0.4326115011464575,-0.9834147201251233
0,-0.3672976175376045,1.549832654936775,-1.2597674241061472,1.549832654936775,0.0,0.0,1.0,0.0,1.0,1.0,-0.5835228427791583,-0.7709314864216923,-0.027285690262430773,0.5236825952653622,0.17975470177726316,0.16595384617879272
1,1.4956502400727263,1.6714216580264538,1.6714216580264538,3.2750509641703838,1.0,1.0,0.0,0.0,0.0,0.0,-0.5502954529443089,1.40324356221821,3.369558759783053,0.6574034834927522,0.7186769154147647,1.0422406737930405
1,1.8959679904704332,1.254997170967296,1.254997170967296,3.589206989619359,1.0,0.0,0.0,1.0,0.0,0.0,-0.4325936670490982,-0.029374480683022064,0.8244276912254596,1.211065000726582,0.026873205996886806,0.2119057321119906
0,2.274833948280727,2.589850872369749,4.44611899168771,2.589850872369749,1.0,1.0,1.0,0.0,1.0,0.0,-0.2690493122810479,0.23521434709055433,0.281838068693325,1.302031991175419,0.5581762228902352,1.7080785910309753
1,8.928190239060273,4.94314302964645,4.94314302964645,7.318519995658607,1.0,1.0,0.0,0.0,0.0,0.0,1.2571319005088495,1.6742021403980352,0.3051223336379176,1.4809484460053208,1.0542388373491383,1.5756975628783874
1,5.209655997699626,1.9167864203845384,1.9167864203845384,4.083993044385467,1.0,0.0,0.0,1.0,1.0,1.0,0.7440751726377746,0.5204371791694516,0.014567606218099938,0.5700017375825999,2.469424570845315,0.6050910711992985
1,5.863628345141266,2.672370010355155,2.672370010355155,4.590191703726384,1.0,0.0,0.0,0.0,0.0,0.0,1.8227520037832277,1.0155946533638498,1.0051732129478568,0.07336518445531881,1.0584510914686995,2.0236642435379504
1,2.8021235706700356,2.4690634912965805,2.4690634912965805,4.480141245096889,1.0,1.0,0.0,0.0,1.0,0.0,0.2154661322339564,0.8596925162114459,2.020275302851362,2.0373286371568176,1.7054299409884102,3.0862998610809145
1,2.3503601759466255,0.7703559548466958,0.7703559548466958,0.7554400894055978,0.0,0.0,0.0,0.0,0.0,0.0,0.37557442164136445,-0.4545832281065758,0.4077617910790394,0.7632588312435218,0.08541334393998767,0.8013972095292186
1,2.369647471806266,2.297122093073433,2.297122093073433,1.3805107193358988,0.0,0.0,0.0,1.0,0.0,1.0,0.7225688454569722,0.0643076867301835,0.7715680197514115,0.4384350512635278,1.0217422993673642,0.3938948157963843
1,9.8566353061807,6.677147056179757,6.677147056179757,11.498948908099882,1.0,0.0,0.0,0.0,1.0,1.0,3.8154130425116355,2.054744073476292,1.049635940444791,1.524444994833392,1.1015350052045307,1.9028886630262654
0,-0.3103267244485217,2.0350164577983154,0.5738001052639816,2.0350164577983154,0.0,0.0,0.0,0.0,1.0,0.0,0.1775869754952375,0.3978945900912163,0.4437356296421185,-1.1908292223267822,1.1035626911073309,1.3446197415035903
1,0.4218800935661442,-1.2554192100622636,-1.2554192100622636,-0.9832006779657885,1.0,0.0,0.0,0.0,0.0,0.0,-0.9265311349293044,-2.1192088388177774,0.03802848601753578,-0.40826593361843344,0.36202978036363853,0.49831008304818014
1,4.447329183655139,3.9726316359016325,3.9726316359016325,4.374050670797365,0.0,1.0,0.0,0.0,0.0,0.0,1.7537877921916358,0.5110844207699591,1.3494236987046502,0.7053684930805021,0.09443266528296901,1.8942075152254598
0,2.731215662753478,3.8926611638057147,4.957067551704034,3.8926611638057147,1.0,0.0,1.0,0.0,0.0,1.0,0.28448108354737217,0.4637146266153813,-1.2353957144338632,1.1183184316003427,1.5543426451752902,0.14653063955926182
1,1.25888567355399,-0.4779703579386205,-0.4779703579386205,1.5515923373922014,0.0,0.0,1.0,0.0,0.0,0.0,0.1408446792208743,0.622885869841157,1.5534468838484894,0.7609236581363193,1.8230338630816698,1.7166678545369605
0,4.794646611577236,8.144705698360236,4.90993419440055,8.144705698360236,0.0,1.0,1.0,0.0,0.0,0.0,1.8755116985924474,1.8611427945397059,0.9647696606993486,0.4334125250692582,3.612264225899813,2.275004798839449
1,3.907853962472249,1.0908975876802154,1.0908975876802154,3.775240008888159,1.0,1.0,0.0,0.0,0.0,1.0,-0.4187515008889062,-0.12783635881642508,0.35955453247607594,0.42718744248502544,-0.12902619262673465,-0.9205223128285636
0,2.578330807872274,3.564475143138822,2.740742237736953,3.564475143138822,0.0,0.0,0.0,0.0,0.0,1.0,1.208747650309888,1.2403006760463056,0.6722013115454772,0.6677732014644956,1.509384125638914,1.0280577351957776
0,4.64455568557296,7.7544711004495,4.510256434864605,7.7544711004495,0.0,0.0,1.0,0.0,0.0,0.0,1.7635407292700929,1.897220142793827,0.46811731514848387,-0.049233997508751015,1.4098958970587883,1.3894006414760733
1,7.43894560648024,3.1849336109766906,3.1849336109766906,6.508230739850945,0.0,1.0,1.0,0.0,0.0,1.0,1.2192954713499788,2.0152318315674207,1.92626295543824,0.9409494997420472,1.476457488017879,0.9553007285785934
1,3.2364391788768265,2.70945621720911,2.70945621720911,3.139371588178643,0.0,1.0,0.0,1.0,1.0,0.0,-0.31555041128150396,1.542454264344764,0.18768530899367364,0.8295033792662876,2.3321214468381735,0.5235013632232615
0,0.46682581157616804,1.6117639917919508,-0.19476599255602134,1.6117639917919508,0.0,1.0,1.0,1.0,0.0,0.0,-1.14026647834193,0.2855355867726781,-0.019096702607111604,-0.1581808956653623,0.683514739731144,1.0970170179681225
0,4.350522457738209,4.503428972675331,5.66460916487782,4.503428972675331,1.0,0.0,0.0,0.0,0.0,1.0,0.9737362938115903,1.1053443490657544,-0.28222561596112405,0.7022612105048158,1.170056747453422,0.538789088267637
1,5.324825112019697,4.487913767786479,4.487913767786479,6.0534844519448345,1.0,0.0,0.0,0.0,0.0,0.0,1.0800528691112796,2.0220323445822537,2.528665841437897,1.6647043043802354,1.326768708330361,1.5486320500728867
0,3.4858529054534593,4.297981071691601,2.7747089890248486,4.297981071691601,0.0,0.0,0.0,1.0,1.0,0.0,1.834395638845937,1.4739598675152552,2.1710227938301974,0.8214341924942721,2.0907325856707697,2.010244661521866
0,4.691709879269391,4.793760752928451,3.035601569296479,4.793760752928451,0.0,1.0,1.0,0.0,1.0,0.0,0.3705019303708603,1.3372287156680063,0.8877179612163346,0.7877675544017846,1.521779501542266,0.7212728229534244
1,4.3597410691152545,0.2369318366326838,0.2369318366326838,5.229317259041961,0.0,0.0,1.0,0.0,0.0,1.0,2.032520113901019,1.280881308719546,1.9714998966630186,-0.3849721670397286,0.522712619911893,0.151668217980647
1,3.0959737747802736,0.10769604169846961,0.10769604169846961,1.240864138110247,1.0,0.0,0.0,1.0,0.0,0.0,-0.27467949799841085,-1.209834277884815,0.2869882406237676,0.9543599070317782,2.018685701501571,1.7910532135408677
1,5.759728230882004,4.173830284892725,4.173830284892725,5.992861307859882,1.0,1.0,0.0,1.0,1.0,0.0,0.5986985221130825,1.0618890373362126,2.5695651511153477,1.0476763824293724,0.9926627331394757,2.7886130569034187
1,1.689587184335894,0.5376045756403279,0.5376045756403279,1.4211171756615497,1.0,0.0,0.0,0.0,1.0,1.0,-0.6975604616489264,-0.6456694055642451,-1.476552605180472,0.4888053437141673,-0.4448005718361183,0.1249252602760077
1,4.087168384138552,0.3112506980531471,0.3112506980531471,2.822257393157373,0.0,1.0,0.0,0.0,1.0,0.0,1.3368040345382113,0.25530460211516537,1.2592973536628007,0.8618628169736288,2.02984028793269,-0.026564117955272692
1,2.625841076625063,0.1983806782441191,0.1983806782441191,1.5458186476159255,0.0,0.0,1.0,0.0,1.0,0.0,0.6630446283847102,0.14457042782112522,1.6440457891169027,1.5722883554481464,0.9462055006736717,0.5890193132190765
0,2.3415367769985296,3.1116100873254684,-0.19481431652545256,3.1116100873254684,1.0,1.0,1.0,0.0,0.0,0.0,-0.655971106906118,-0.13536393779965405,-0.12201400869492696,0.7679424097540788,0.44287619297096315,0.1841693822252508
1,1.4744331082770799,0.2709316082402856,0.2709316082402856,2.9019047812710466,1.0,0.0,1.0,1.0,0.0,0.0,0.9148096436022344,-1.3705584087580798,1.2351651737552314,-0.13773531685346163,0.9456791594098017,-0.4485647639502388
0,-0.43233683100870446,-0.30719057102430636,-0.8176405379835152,-0.30719057102430636,0.0,0.0,1.0,0.0,0.0,1.0,0.5023893110496791,0.16736642698059873,1.4931478040789528,-0.3896185983131969,0.7089922811807755,1.8133675940905247
1,6.641785944909367,2.3322814726449415,2.3322814726449415,5.929491802741423,1.0,1.0,0.0,0.0,0.0,1.0,1.4699938347042207,0.09718039603034667,2.1823679191697973,0.480282834186491,0.3471121065460512,0.7309162371888557
1,5.992059987555335,4.12493704721753,4.12493704721753,6.658437050339677,1.0,1.0,0.0,1.0,0.0,1.0,0.6819063777723762,0.257417171858496,0.7219969930020564,0.4227402727301307,2.433354393241021,3.3745717780196545
1,5.682698252166498,1.515989983318873,1.515989983318873,5.5635337920031755,0.0,1.0,0.0,0.0,1.0,1.0,1.6595821593804436,0.5945793490499545,0.9337355718854178,0.7810937230161021,0.9429881215537049,1.957961166377901
1,2.48866874104427,2.8438704436615567,2.8438704436615567,2.8456227871257136,0.0,1.0,0.0,0.0,0.0,1.0,-0.12934597975857387,1.0377623574765356,0.02220219462111761,0.3386883445333335,0.6457564639333278,0.3731797150975331
1,4.15315466623135,4.350965310002039,4.350965310002039,3.9323361024885974,1.0,0.0,1.0,0.0,0.0,0.0,1.494149659885868,1.1994246683084762,1.3864427559170305,1.4112603990505197,0.5532211957390046,-0.5572988707206166
1,6.287984946581458,1.7745756167039646,1.7745756167039646,3.105293458901761,1.0,0.0,0.0,0.0,0.0,1.0,1.1084663271719999,0.13292953108748767,0.7994922039839302,1.1451386282435574,2.078333900744152,1.0191221251700529
1,6.179755325778391,2.8715707535159356,2.8715707535159356,7.686300985471067,1.0,0.0,0.0,0.0,0.0,1.0,2.7809504920426282,1.3191942064236164,1.645613326636384,1.128056918339008,1.6765680434244776,2.048140575126037
0,-1.6762930464372086,-1.500839202620746,-2.7256469390865163,-1.500839202620746,0.0,0.0,0.0,0.0,0.0,0.0,-0.3759830446554112,-0.03152963368010442,1.2438994201302078,0.10655497214929105,-0.1763403376507766,-0.9777491916551124
1,6.938949004478477,6.413835561934208,6.413835561934208,4.009515669125912,1.0,0.0,1.0,0.0,1.0,0.0,2.0424859364822963,-0.17503715508323947,-0.0484729171443713,1.8771709486300667,0.9955633676226557,1.5541729163370146
1,4.4760773528655395,1.6211414896375531,1.6211414896375531,4.966686502904925,1.0,0.0,0.0,1.0,0.0,0.0,0.1918938685269912,1.8044793273962487,0.21554301569477763,-0.4224058266120969,1.212478565636392,1.0027334969171315
1,2.4694572978524314,3.4514747672168857,3.4514747672168857,2.934459381454358,0.0,1.0,0.0,1.0,0.0,0.0,0.8179586529244369,-1.0634337710007742,0.07681185384570871,0.33421337275575347,1.0154667051531783,1.184765726854748
0,-0.6135292514337872,0.5336342794408662,0.24771792285822114,0.5336342794408662,0.0,1.0,1.0,0.0,1.0,0.0,-0.8913220565510489,-0.6129274601062777,-0.1755648741910134,0.027480062631704105,-0.6492525261196636,-0.014807652382892833
1,4.991914422526885,2.9360458620736622,2.9360458620736622,7.412600662072232,1.0,1.0,0.0,0.0,0.0,0.0,2.285156478644693,0.11693440309427461,1.4117078785697377,1.8606435402876813,0.4592031359454415,0.48217120833384686
0,0.7712093640442967,3.7704667114556942,0.22915114616462828,3.7704667114556942,0.0,1.0,0.0,1.0,1.0,1.0,0.3126329366277272,0.15895645123193253,0.5457081347779497,-0.5467302166436214,1.5781811137396091,0.3680038144228832
0,6.467257101962821,8.845984569685815,6.477259995311789,8.845984569685815,1.0,1.0,1.0,0.0,1.0,0.0,2.5184078922403237,1.2102962478348016,-0.2873430494448853,0.677440617444603,2.6984713656653376,3.273688332940165
0,4.814027662839094,7.593289950016418,3.9409083888291407,7.593289950016418,1.0,1.0,1.0,0.0,0.0,1.0,0.13393271030467535,2.087973785346686,0.6383216814248724,1.6470147774097388,1.1344967926174183,0.49914839035870084
1,3.337495832938419,3.173110171601448,3.173110171601448,5.514286850796872,0.0,0.0,0.0,0.0,0.0,0.0,1.2088158670489633,2.1090717242509474,1.3147530205139084,0.5974079671806309,0.9232316834286121,1.4706255674335866
1,1.3342066323766004,-0.12842401640599999,-0.12842401640599999,1.08863947010577,0.0,0.0,0.0,0.0,0.0,1.0,0.3588025571647766,0.2006134920109483,-0.36399409690647844,-0.055726792359527266,0.18526178072265975,1.037644287107089
0,2.022990557625455,4.452764487712695,3.1976904121284315,4.452764487712695,1.0,0.0,1.0,1.0,0.0,1.0,0.1472512049829714,0.7618900495718836,0.43306683713588773,0.5478418351120424,0.5632400626801657,0.4241264690062192
0,2.5809081896943535,4.145189212618598,0.5652464426002424,4.145189212618598,1.0,0.0,0.0,0.0,0.0,0.0,1.5574134648710076,0.19876349816935512,1.3345934403069606,0.2441395075085781,2.1268476609768894,2.5171889590457925
0,3.4846626999493546,6.1317170179715275,4.469281529291036,6.1317170179715275,1.0,0.0,1.0,0.0,0.0,0.0,1.5104038142020002,1.448804769399503,0.5050608183929917,-0.3769632428654621,0.8252189486631405,1.7291300045833273
1,3.1709518255376468,0.604565776223893,0.604565776223893,4.821476277748374,1.0,0.0,0.0,0.0,0.0,0.0,1.4633135492081464,-0.10047204427747691,1.9987600038571074,0.014221431209257007,1.0379567530387304,1.5070720045579244
0,-2.41431886509431,0.8486092500929503,-1.1934410725481754,0.8486092500929503,0.0,0.0,0.0,0.0,1.0,0.0,0.88435137757166,-1.8311842790073074,-1.3453623118636888,-1.545446796359633,-0.35452026160175687,-0.5558399770940845
1,2.1511386360225164,1.4609235937550435,1.4609235937550435,4.786190676213614,1.0,0.0,0.0,1.0,0.0,0.0,0.6791047313496796,-1.0518824210970301,-0.8933223712792973,-1.362117934665916,0.8985351621468604,0.18977503044196564
0,3.947300526135508,6.422350938559683,3.5694291671871707,6.422350938559683,1.0,0.0,1.0,1.0,0.0,0.0,1.2705391447814884,0.041062326899728496,-1.2101911883279175,0.45511683037205813,1.578263074751987,-0.5329003602326234
0,-0.6672856703232265,-0.6385172307628991,-1.1314929044575839,-0.6385172307628991,0.0,0.0,0.0,1.0,0.0,0.0,-0.4320991950169365,0.03750238173629156,1.817981866668976,-0.6778316655724299,1.1721149651016574,1.1028339818253292
1,4.796354798304544,3.5291168480839366,3.5291168480839366,2.6199996928058242,0.0,1.0,1.0,0.0,0.0,1.0,1.2240835910609862,0.10438257975850385,0.06367106906706554,-1.396173707333914,1.4845566715343517,0.5487205491590793
0,0.8840646107335606,4.845694697917114,2.6566604563758127,4.845694697917114,0.0,0.0,0.0,0.0,1.0,0.0,-0.14802224455085022,2.246051752006262,-0.0418493631375505,0.11721084901237239,1.0459391430386344,0.8669981767909918
0,3.819904606136002,3.6579696796827603,2.775734688409364,3.6579696796827603,1.0,0.0,1.0,0.0,1.0,0.0,0.29160903370722235,0.19222650630905813,-0.593091066459428,1.8690804334121371,0.3631140165191876,0.8390538659136497
1,3.0849954400053123,2.7313298698547444,2.7313298698547444,3.0080370613585625,0.0,1.0,0.0,1.0,0.0,1.0,1.3279856441962736,0.8146604546608347,1.2584836933773422,1.1280178580251738,1.1476370283445436,0.28051688664862406
0,1.9027516732640852,2.1816613857441753,2.821773967407204,2.1816613857441753,0.0,1.0,1.0,0.0,0.0,0.0,0.010402862556745607,0.07451309161636549,-0.10198804829234187,1.1178280788247408,1.2584668624517517,0.8601339733245406
0,3.8531368249428395,4.848307454327255,2.988567810086146,4.848307454327255,0.0,0.0,0.0,0.0,1.0,0.0,1.6656847755335331,1.3971275524166096,0.7747936571731396,1.775251567293571,1.2818735218542936,0.5837092063100161
0,1.1206791413937487,1.6604164336188847,0.6255600896296658,1.6604164336188847,0.0,0.0,0.0,0.0,1.0,0.0,-0.8913019111427243,1.2143915103769816,-0.5374920341037064,1.3127831499369493,-0.18263435887919033,1.9857220544223242
0,1.2303151507970433,-0.228801625653494,-0.6236098365975253,-0.228801625653494,0.0,0.0,1.0,1.0,0.0,0.0,-1.1716065489393115,0.3328629368537516,-0.3417767610287017,-0.7019511829839904,-0.23618301474783188,1.129901318313855
1,4.521064046992761,3.0273636504353822,3.0273636504353822,4.711351360231509,0.0,1.0,1.0,0.0,0.0,0.0,1.8454214667657762,-0.9041652648521201,-0.1441774370548784,0.45683478274646216,1.7762691143156142,0.8109815131989517
0,2.6841447940297907,3.755146810594068,2.680020437389759,3.755146810594068,1.0,0.0,1.0,1.0,0.0,1.0,0.08255279746591826,1.092900186949083,-0.5155433669353666,-0.023434823272662997,1.5621227988175237,0.6443207128291435
1,3.5714966397135584,0.6035060034080101,0.6035060034080101,2.010480774247013,1.0,0.0,0.0,0.0,0.0,0.0,1.1083415396618954,-1.4699372338937486,1.2353247490896597,-0.08640249137257572,1.9847072201881084,2.172715372031288
1,4.213862497538398,0.40188542443078346,0.40188542443078346,3.6356917288263326,1.0,0.0,1.0,1.0,1.0,1.0,-0.09136038665543877,1.1545733472349187,0.7184976677400275,0.8641549347594034,0.5162975593910702,0.977230802414486
1,5.126093318912106,3.662997787459791,3.662997787459791,5.632655718934481,0.0,0.0,1.0,0.0,1.0,1.0,0.31556397275160686,2.0975554749451115,0.16594789986707148,1.8096541741976464,1.1419719319103645,1.7984808655491065
1,6.236522347092757,4.185531136928968,4.185531136928968,4.8220583521264455,1.0,1.0,1.0,1.0,1.0,0.0,0.4403325717336065,-0.4456481837092956,-0.8646974931189637,0.13030508106402594,0.6508995769237207,0.9401840516231973
0,0.6011695322529772,1.717764157389909,0.2620471368811156,1.717764157389909,0.0,0.0,1.0,1.0,0.0,0.0,0.18494422972304936,-1.774312491165288,-1.62235769521042,-0.2443349453801802,0.31262168123541945,-2.2474988866254986
0,3.212033013572632,4.182900703623763,2.841642395274904,4.182900703623763,0.0,0.0,1.0,0.0,0.0,0.0,0.47701657389797536,1.49808055012116,0.17087885534236114,1.3337999775838076,1.6011059510790564,1.6010659840771448
1,1.5854944668532827,0.244554768065691,0.244554768065691,3.4529033879816904,1.0,0.0,1.0,0.0,0.0,0.0,0.2869913132517571,-0.8088215698301258,0.017621922049122274,-0.8314860707587934,2.4655050112064076,0.12191472751836707
1,5.531437935742015,2.18402284852285,2.18402284852285,3.2117710094932588,1.0,1.0,0.0,0.0,0.0,0.0,1.4217819276066344,-1.05191484601504,-0.23327643261825914,-0.05947836988121258,3.122158194608023,2.0503100782572554
0,1.232678116627619,3.5529080893324387,2.3426985660556365,3.5529080893324387,1.0,1.0,1.0,1.0,1.0,0.0,-0.48187084106371236,0.6479957796290664,1.467820418009644,-0.7886560120608916,1.574222362217376,2.248778602382144
0,-0.006299651245348481,1.4272777462845592,-0.1727250166671327,1.4272777462845592,0.0,0.0,1.0,0.0,1.0,1.0,-0.5791447185748739,0.3370315241946795,0.524303280827767,0.010720690468368543,1.9294513837549787,0.2714353570543059
1,1.2944462880089875,1.3477651519826734,1.3477651519826734,1.3559144875139033,0.0,0.0,0.0,0.0,0.0,0.0,-0.3378177663064367,0.008213018348008416,-0.2761006883335151,0.4862217471287448,1.4966862452626875,2.932434410856582
1,5.4445222847764025,1.2335568934431247,1.2335568934431247,3.21422033223594,1.0,0.0,0.0,0.0,1.0,1.0,1.0088113921608373,0.026727569531221573,0.2964124637629558,0.7758999718875318,0.16413314713719007,1.340520783231807
0,4.479173456040186,6.876589315198821,4.22726388631702,6.876589315198821,1.0,0.0,1.0,0.0,0.0,0.0,2.2332658943539645,0.8684181885879095,0.9634198999153473,1.836189048011592,0.051537617498443655,-1.1302810308114695
1,1.7840552573990178,0.935447308331897,0.935447308331897,1.9119395015025673,1.0,0.0,0.0,0.0,0.0,1.0,0.1079346426016971,-0.25313714163560286,0.9529980532913416,-0.2832187732003192,0.6340372871944817,2.346014008700023
1,3.9797555483216143,2.083586416985086,2.083586416985086,5.503147761445804,1.0,1.0,0.0,1.0,1.0,0.0,1.505992258130568,-0.8029352757123966,0.20382952085078776,-0.03831274623214953,0.3430817678169611,0.0962449731240711
1,4.387745043484637,0.5912587618038956,0.5912587618038956,3.3937993718310455,0.0,0.0,1.0,0.0,0.0,0.0,1.1887996357195147,-0.20550040239255452,-0.1499936971597713,0.6886744537227298,1.9418832671799429,2.509512708287307
0,4.991124795974244,7.458239519793331,4.911463109590863,7.458239519793331,1.0,1.0,0.0,1.0,0.0,1.0,0.5879180746303503,2.3842272989131175,1.7685796338502242,2.5546597237753095,0.5786050196627628,2.307616503129544
1,4.386578713065056,4.352762613371871,4.352762613371871,4.412148262752328,1.0,1.0,1.0,0.0,0.0,0.0,1.2938539780249463,-0.7792648129578073,0.1793648028867092,0.9826535275198727,-0.15600963725764472,1.0417346529728226
1,4.368135370630019,3.476389171372455,3.476389171372455,4.989262066015953,1.0,0.0,0.0,0.0,0.0,1.0,0.6138820678551503,1.1080518851085164,1.1346715104617673,0.8515878986814873,0.8934097618043632,2.0970998287006655
1,1.5442551113908263,0.060767098907013484,0.060767098907013484,2.3313263043295844,0.0,0.0,0.0,0.0,0.0,0.0,0.3241314838689478,0.2746421863261681,-0.5038712058704902,-0.17181328801391937,1.9282386394439928,1.277793952114843
1,8.17964994556992,5.827495894536054,5.827495894536054,10.814467217815865,1.0,1.0,1.0,0.0,1.0,0.0,1.8384728901013374,1.9404122759972076,0.2298404493154947,2.0797313714198324,1.545697058039885,1.5568292854583794
0,0.814896491944017,4.190324590786123,3.0843124519550282,4.190324590786123,0.0,0.0,0.0,0.0,0.0,1.0,1.2651297688141343,0.8548624328984689,1.8856742060843135,0.5407087796232012,2.1816934197721674,1.9165098740507083
0,1.8406918617891368,5.169189760197212,2.7818733788965586,5.169189760197212,0.0,0.0,1.0,0.0,1.0,1.0,1.1974926696284718,1.2254943991676126,0.8924295960389199,2.3572830419184565,0.7926725277462059,1.580822854397514
1,4.664719981599479,4.406892605711767,4.406892605711767,5.314367317818193,0.0,1.0,1.0,1.0,0.0,0.0,1.377485422789112,1.4936223428130835,0.9534145872793953,0.15175868399271136,0.7252619906216456,2.121239098972235
0,-0.4860984701601905,2.430997454005889,0.34225382653636693,2.430997454005889,0.0,0.0,1.0,0.0,0.0,1.0,0.1555250565523436,0.39000487537467876,1.3971934717918835,0.8748955222572972,-0.6812017076928081,1.648078824257496
1,2.3660561941883445,0.8060898749374507,0.8060898749374507,0.39606621856552415,0.0,0.0,0.0,0.0,1.0,1.0,-0.12345332486283833,1.0937227255907076,0.5441643786639863,0.171613081288295,1.7643686448158113,1.7664180894682369
1,2.1996255109275347,1.7774371458520477,1.7774371458520477,1.9672159602145913,0.0,0.0,0.0,1.0,0.0,0.0,1.1628332039227793,-1.0765627043496149,1.5971692383688025,1.8033478123771745,1.488815217282162,1.6205454121390432
1,2.176513270382661,1.154697367047596,1.154697367047596,3.167349711182239,0.0,1.0,0.0,0.0,1.0,0.0,1.255017151426147,0.18328589849016647,-0.2270499055778613,-1.2094079139627585,0.4217370348608013,0.9110326675320852
0,0.7206457199099376,2.4410308495486563,0.14094806323511444,2.4410308495486563,0.0,0.0,0.0,0.0,1.0,1.0,0.8463058091026728,0.13772471550733512,0.897902089533462,1.161516019272951,-0.014878756786593561,1.6324175977756883
0,2.8993242346101464,6.232105450658494,3.5158462571221127,6.232105450658494,1.0,0.0,0.0,0.0,0.0,1.0,1.1872319943451226,1.7318436249319142,1.3459765626867934,0.2362562182308765,1.3934837476502968,1.0885925401867262
1,6.673497137000125,6.124522214065785,6.124522214065785,3.603336685673991,1.0,1.0,0.0,1.0,0.0,0.0,1.2587204734190176,0.8568826170020273,1.0998205132332388,1.7372962076803578,1.2967372049510235,0.6094930879881049
1,-2.7232275219753617,-0.764229884502658,-0.764229884502658,1.8424273659910384,0.0,0.0,0.0,0.0,1.0,0.0,-0.2504261860640524,0.22433881353353458,1.1920138200467396,-1.3128862370394674,1.2464416757609011,0.5987209053999423
1,1.2686596497574745,-0.057624594662947115,-0.057624594662947115,2.6339917800281243,1.0,0.0,0.0,1.0,0.0,1.0,-0.5793889621991726,-0.5396242228040402,0.5949672176028056,-1.0650055332707988,0.36058000243899,0.4422025537018558
0,2.4646362173446663,3.594397616433425,1.8720328609429078,3.594397616433425,1.0,1.0,1.0,1.0,1.0,1.0,-0.0909719856441551,-0.12099893781834858,0.6519930213603783,1.6545420687619907,1.4059873853542888,2.931013031365788
1,1.1217978257015278,0.6789178239810368,0.6789178239810368,-1.2084555722919696,0.0,0.0,1.0,1.0,0.0,0.0,-0.887567197840609,-0.5105564583702535,0.6531242558288204,0.6993251139791206,0.2046720311571315,1.151597522837161
1,3.7828858723512058,1.9151667267203702,1.9151667267203702,2.8699319690530807,0.0,1.0,1.0,0.0,0.0,0.0,0.7141826462689289,0.6518935306566818,1.0494783980147484,-0.2185926385633401,2.0662053640959064,-1.348581555610683
0,0.5504987523166271,1.9204646526977545,1.9687966478736276,1.9204646526977545,0.0,0.0,0.0,0.0,0.0,1.0,0.6389304030884564,0.9959545492032353,0.8681575057727403,0.5299781195803754,0.6253710255789422,1.8244057613624842
1,4.381893314515601,2.5728592668455432,2.5728592668455432,3.136553342849215,0.0,0.0,1.0,1.0,1.0,0.0,0.3921570568093551,1.3023838942150472,1.0578154058376383,-0.18992255809771597,1.1911823288071124,1.5163218145814206
0,3.0163749327064338,6.037960074762138,4.601259755784463,6.037960074762138,1.0,0.0,1.0,0.0,0.0,1.0,-0.4394223001390395,1.263692030097138,-0.9979482293750146,1.4273389233719467,-0.6487925261083605,1.0690176340967579
1,0.8090872075671184,-0.46821808221888805,-0.46821808221888805,2.2937341594607883,0.0,1.0,0.0,0.0,1.0,1.0,0.3873008521383749,-0.34736849801904357,1.2226981047118466,0.2966274492554121,1.6046449254670168,0.05805847726193003
0,-0.4154855411903844,-1.860327521878876,-0.5321076950898372,-1.860327521878876,0.0,0.0,1.0,0.0,0.0,1.0,-0.449243854545613,-0.012900008997528634,0.9977151048524588,-0.7578729807043996,-0.8456305218578577,-0.021168951566468808
0,0.866035157357846,3.023457458835612,1.8889868309587157,3.023457458835612,1.0,1.0,0.0,1.0,1.0,0.0,-1.5720947791714348,0.2935599547188893,-1.9371480018522842,-0.795093089081798,-0.22540809016055996,0.34476048796557546
1,0.5481343208761542,0.8686332459909726,0.8686332459909726,0.5746262796142452,0.0,0.0,0.0,0.0,0.0,0.0,0.43214872828215684,0.651106805427317,1.0931399654572622,0.48785643400233697,2.0270568793473616,-0.2157351636329592
1,2.5876078763081374,0.6834212790903653,0.6834212790903653,1.0233168633198282,0.0,0.0,0.0,1.0,0.0,0.0,0.9694260676617472,0.6421871095947171,2.5116693310785188,-0.9509663167224138,0.009908145284702186,0.7017162302095069
0,-0.015722066120811062,4.9459831590775245,3.2083920991527375,4.9459831590775245,0.0,1.0,0.0,0.0,1.0,0.0,0.04639667200647257,1.1526021362130816,0.17315465393061336,0.286559844113922,0.8139338392270028,-0.833578269742302
1,4.028458320987909,3.4074606791438966,3.4074606791438966,4.462358841719723,0.0,1.0,0.0,0.0,1.0,0.0,1.3405086735080323,-0.2530527776967135,0.3884242059569561,-0.09867158483873406,1.2731199631544723,1.5198743566802644
0,5.506708015863811,7.922857549837659,5.961432763457201,7.922857549837659,0.0,1.0,1.0,0.0,1.0,1.0,1.8634627462902322,1.4918566553715795,0.9556138611557476,2.342395229960921,1.7092381094710158,0.8609941075740936
0,0.44295104987328204,2.4017508412708026,2.30175446923539,2.4017508412708026,1.0,0.0,0.0,0.0,1.0,0.0,-1.0911099433520275,0.002199488382196746,-2.415479405867298,-0.5736429010545665,1.1570825766271375,-0.8749152183826481
1,3.0817880675915315,1.0390869230452353,1.0390869230452353,3.963822832599208,0.0,1.0,0.0,0.0,0.0,0.0,0.13933620373373068,0.18552139988020533,0.4224194628399971,-0.1602711385286173,0.9518817410075406,-0.2612963481939645
0,-0.6074798574903519,2.1687222966035113,0.8817900317768512,2.1687222966035113,0.0,0.0,0.0,0.0,0.0,0.0,0.9410492664303758,-1.0228277765354847,0.07157233261131074,0.7568737546439641,1.0499713718602013,-0.36318504083724257
0,4.720488895114507,4.819177410276698,3.889343611613505,4.819177410276698,0.0,1.0,0.0,0.0,0.0,1.0,2.3444268262554804,0.9678686742089398,1.388881387760685,-0.35691518823710344,0.8353701727711575,1.461528253212219
0,0.7493886032280729,0.9793079213251844,2.061144579455829,0.9793079213251844,0.0,1.0,0.0,1.0,0.0,1.0,-0.8670939122710231,0.30006147856536197,0.13266509659851217,-0.9311571359958637,0.4758536353527951,0.08943530806728361
1,7.353669965816777,3.6861345245866435,3.6861345245866435,5.548277638169975,1.0,1.0,0.0,1.0,0.0,0.0,1.1216635269346034,1.4884561076784462,-0.03563298229984224,-0.47117215206036067,1.5960002783017322,-0.3641127669751878
0,1.3158234483115017,1.1896619445863208,2.769185523500879,1.1896619445863208,0.0,0.0,1.0,0.0,0.0,0.0,-0.4309300961212442,1.1384246738092116,-0.5318563540525074,0.3292294257709868,-0.3125862330018403,-0.9955295027540507
1,3.421013106080228,0.9251646316614541,0.9251646316614541,4.218035127114672,1.0,0.0,1.0,0.0,1.0,1.0,0.27933856388293776,-1.2006944708153056,0.519838320755952,0.1794822058792871,1.3868705451848253,0.4785953719223289
1,2.195578013409683,1.5555285375848091,1.5555285375848091,2.2391634831610077,0.0,1.0,1.0,0.0,0.0,0.0,-0.48977546548835693,0.35806479011130093,-0.14352121555087238,0.35854968764745243,1.4446341831880032,1.5609210672570537
1,2.2528212361832862,1.408514565743938,1.408514565743938,2.9900307671843622,1.0,1.0,0.0,0.0,0.0,0.0,-0.7124703422555978,0.14500657284825463,0.3130213318372682,0.03986802313865434,0.6785152309977596,0.689655417163449
0,-0.2548146115230241,0.9461559388407464,0.030023694907138576,0.9461559388407464,0.0,1.0,1.0,0.0,0.0,1.0,-1.1752099960901738,-0.07879345010530359,-0.46746142095707954,-0.21607650273035828,0.78677570132636,1.5318686159176673
1,2.132042023661951,1.233653438590216,1.233653438590216,2.5834242031339683,1.0,0.0,0.0,0.0,1.0,0.0,-0.6750594771464733,0.6228059017526544,-0.1678885405986711,0.9098044316018866,1.6105308940520455,0.3980822044417526
1,1.877994336204209,2.0811797953740463,2.0811797953740463,1.6268840416932213,1.0,0.0,0.0,1.0,0.0,0.0,0.8507991990398439,0.15375324526963502,2.0222457191047005,-0.22810506998616553,-0.8131613159812185,2.374213176071519
1,5.649490611483926,4.11910432800167,4.11910432800167,4.1849916520516395,1.0,0.0,1.0,0.0,1.0,0.0,1.036030188798338,0.14854290436607254,0.3717035092701427,1.3820681812613798,2.738800692918967,1.6635014229225678
1,2.9537373509048086,3.0198753786884645,3.0198753786884645,5.9157122055328575,1.0,0.0,1.0,0.0,0.0,0.0,0.9343638692214936,0.07337175633951404,0.2599850138918031,-0.26224376808412553,1.6511758951342705,1.4667426169127036
1,-0.39200711351895046,-1.533559319013074,-1.533559319013074,0.4420581412064879,0.0,1.0,0.0,1.0,1.0,0.0,-1.0670871028689275,-1.103224522394151,-0.12246369407440938,-0.45474470232168673,0.04035964240124468,0.8743881530177962
1,3.431542671329945,0.17324493418016873,0.17324493418016873,2.685519530241508,0.0,0.0,0.0,0.0,1.0,0.0,0.38102473837462186,1.0573162740159634,0.3085609323127939,1.240316263829886,2.0767534367402893,3.3903965281006228
1,5.398023415689071,2.5658778042959254,2.5658778042959254,4.5673587530198665,1.0,1.0,1.0,0.0,0.0,0.0,0.5673488640202873,0.3016840319648274,0.4674536698755257,1.007963984360671,0.46948369178714877,1.5700343049491623
1,4.023156181378117,5.306910264264213,5.306910264264213,6.517219244056082,1.0,1.0,0.0,0.0,0.0,0.0,0.8511778118408034,0.6720840572944162,0.5630838702614314,1.236388539634821,1.9617933411482975,2.092494847634259
1,8.113593227562363,3.3509176086187282,3.3509176086187282,5.80075671207072,1.0,1.0,1.0,1.0,0.0,0.0,1.4585896209970335,0.5458444922727593,2.491905870534597,1.9147610559323667,1.5876803532394708,1.7368279294343683
1,5.623181815370136,2.0961749079972405,2.0961749079972405,4.736890806888654,1.0,0.0,0.0,1.0,0.0,0.0,0.7815963619019494,1.3096955640586834,0.7456488243307788,-0.33157643899587996,1.4198354994875297,3.735440445213604
1,1.1725298823172625,-0.832446340148586,-0.832446340148586,1.793844269006764,1.0,0.0,0.0,0.0,1.0,0.0,0.21012493027972917,-2.0656496351014777,1.6621414465478586,-0.1129391782353929,1.8438542410119303,0.6201362098052366
1,2.333027581336024,-0.1451469228143884,-0.1451469228143884,-0.04778679848826228,0.0,1.0,1.0,1.0,1.0,1.0,-0.33603571720960534,-0.8967612198174781,0.4304843751556867,0.44980213712363526,-0.7739767286918877,2.1863406876925016
0,3.3257904375899354,2.9670335236621392,2.4458523033460717,2.9670335236621392,0.0,1.0,0.0,0.0,0.0,0.0,0.868309601636094,1.2077964648203465,0.945273045171424,1.3330166431534198,1.7325942473214537,1.3032897791740807
1,1.9582882547321905,1.5173934717385116,1.5173934717385116,-0.8379680752634187,0.0,0.0,1.0,1.0,0.0,1.0,0.012195306539088235,-0.013612978474249693,-0.4378600491944583,-0.2962775556640944,-0.5345548283202493,1.2977380190247612
0,3.6928019241843,3.3192465397497877,0.2721440949928534,3.3192465397497877,0.0,0.0,0.0,0.0,0.0,1.0,-0.8034305124747492,1.3734539794368388,-0.3681955109187627,0.613964853206227,2.3323392858944665,0.2714571104227481
1,6.0641577119580505,4.963011199602016,4.963011199602016,4.242699276604114,1.0,1.0,1.0,0.0,0.0,1.0,0.8523810256741424,-0.0857482061006255,-0.9689750484654649,0.7834446121556794,1.4977226939201038,-0.8863198178661924
1,4.9100276569568235,1.3134799093599834,1.3134799093599834,5.855360765142495,0.0,1.0,0.0,0.0,0.0,0.0,1.5879725999450267,0.9714454180297963,0.42687400542128906,1.2547682133343043,1.6849028643998563,1.0982574829782619
1,3.41666619080193,2.7320989344236777,2.7320989344236777,3.8038570928447992,0.0,0.0,1.0,0.0,0.0,1.0,1.034105707285619,1.6841718318294265,1.2896513332409787,-0.42252577597823415,1.7127678224914584,1.405953447438344
1,4.464412970468184,3.739296925677592,3.739296925677592,5.347277388397769,0.0,1.0,0.0,0.0,0.0,0.0,1.9850858050646505,-0.1517624846595702,0.9414382631510507,0.1779132316127362,2.3883295857929063,1.9721966716931594
1,3.032521686175751,3.188448341611064,3.188448341611064,3.6384266832867938,1.0,1.0,0.0,0.0,1.0,0.0,-0.9870448624830128,1.1150921784896548,-0.7092953055930846,-0.23950025677038278,-0.11067366382073773,0.9139214122299713
1,3.6855621604353876,3.4356736011098317,3.4356736011098317,5.063390868318186,1.0,1.0,0.0,1.0,0.0,0.0,-0.01830575359607911,1.5624337944227622,0.20432052723015648,-0.4357895483827998,0.7036273682559926,2.1758546746424514
1,4.860085090013676,2.4507639270959314,2.4507639270959314,3.4338381591984612,0.0,1.0,1.0,0.0,0.0,1.0,1.0846339897423793,0.4684942450087808,2.1802775440931397,1.0365356365251703,0.5648947858110627,0.0005497126497382432
1,5.986357865274947,5.220255123622846,5.220255123622846,8.229887383727533,1.0,1.0,1.0,0.0,1.0,0.0,1.1227380303510983,1.2749525162880637,-0.4464805860061998,1.4847354593921471,0.7627301134417136,2.269594236371301
0,1.0005377830227395,3.617379005792561,-1.434174781746055,3.617379005792561,0.0,1.0,0.0,0.0,0.0,0.0,0.32908743337248036,0.22212103719776743,0.32214314767789837,-1.362757438174246,0.6071276270631166,-0.7828420213693605
1,4.695958192185945,1.2191426730810742,1.2191426730810742,4.448637506222069,0.0,0.0,0.0,0.0,0.0,1.0,1.1024346315918336,-0.10721968578571572,0.39762512534334105,0.35908558309668354,0.9577944578620909,1.1440951678101139
1,7.179428029984513,4.294357082053625,4.294357082053625,7.095622268690439,0.0,1.0,1.0,0.0,1.0,0.0,1.3537759671924856,2.189285388491844,1.403039789450113,1.2814063986223019,2.6264857223901683,0.2617470839452495
0,2.171019650180408,7.187019692679299,4.608588302018344,7.187019692679299,1.0,1.0,0.0,0.0,0.0,1.0,-0.3048670106479644,2.8491622784783823,0.5963088791104427,1.464274004098432,0.2829827143886271,0.9607531042569222
1,4.78925799883376,2.3586207483328456,2.3586207483328456,5.538529611004204,1.0,0.0,0.0,1.0,1.0,0.0,0.626186054323729,0.23035548569951886,-0.7432967140805153,2.6840897798055527,0.17243983638264238,1.202484445864945
1,4.2527730087484805,3.1816367880573067,3.1816367880573067,3.6703044264300724,0.0,0.0,0.0,0.0,0.0,0.0,1.9241892467391966,0.8270479072164956,1.3044583718845755,1.7952783937693328,1.3576769456116256,1.9757065486363758
1,4.782102441589936,1.2330734677160398,1.2330734677160398,0.906242560214237,0.0,1.0,0.0,0.0,1.0,0.0,0.9605292377737957,-0.0030112659160616007,0.620423201938689,-0.20198767321498323,1.2414557975641851,0.7006041765370585
1,1.2044598527601393,-0.5085797162549095,-0.5085797162549095,1.0770842527036515,0.0,0.0,0.0,1.0,1.0,0.0,-0.5036376177363591,0.2291314577168675,0.3779734872082028,-0.40792792390176236,0.6442604082751409,-1.0454847705653054
1,1.6471584328807147,-1.0048713264459277,-1.0048713264459277,3.401016104318824,0.0,0.0,1.0,0.0,0.0,0.0,-0.12353838707018105,0.4814969876719295,1.2583900910218158,1.0892708689195119,1.5743224574277228,1.1619289374620516
1,3.5985765973616184,1.6770371425487582,1.6770371425487582,5.287476782927489,0.0,0.0,1.0,1.0,0.0,1.0,1.2341153520106454,-0.041214300902013945,0.9508938167108101,-1.3988827338426308,2.1163230100273878,0.7920648420886787
1,8.556176933347754,6.484923026960004,6.484923026960004,7.829916061276467,0.0,1.0,0.0,0.0,0.0,0.0,1.605392519244455,2.626038009766492,0.693118299633746,1.8241414559485032,2.3245415908215135,1.5121066773748209
0,1.0505022193312092,2.861466079634311,1.8935776670415447,2.861466079634311,0.0,1.0,0.0,1.0,1.0,0.0,-0.12202374093858692,0.9322556194211291,0.10285772737995635,0.7682332833863996,0.5737958645500993,0.10180342756481464
1,3.485696814178439,1.088674107427337,1.088674107427337,4.014623294647112,0.0,1.0,0.0,0.0,0.0,1.0,-0.12007551049716025,1.012457690991964,0.24846820423094945,1.8101697169294524,0.5367662914673067,0.26870691342639486
1,5.726059268820131,1.6278711891412614,1.6278711891412614,5.858337736226986,0.0,0.0,0.0,1.0,1.0,0.0,1.8313140638410996,1.0956156415923395,0.2818647862783267,-0.36322289137783437,1.3384624370257134,2.1193786305062527
1,2.350062050466189,0.8846086330538513,0.8846086330538513,1.6906294151548575,0.0,0.0,0.0,1.0,0.0,0.0,0.9960056833534355,-0.033054684277930346,-0.12460374728446699,1.1242197061287555,-0.11061482272201895,-0.23271507239417755
1,4.873309616245094,3.9602390488247066,3.9602390488247066,4.358306213908085,1.0,1.0,1.0,1.0,0.0,0.0,1.136783313579011,-0.3739346752161574,0.07580219271296251,-0.7837840899014668,-0.3802665693500018,-0.015565359115323085
1,8.228969554214729,3.7642976293602692,3.7642976293602692,7.169186419997934,0.0,0.0,1.0,1.0,0.0,0.0,2.322661940634128,1.6405288621006555,2.334742674862124,2.793520618193852,2.3325212694554263,1.5707832071779082
1,-1.3802383405910084,-0.3007986744457709,-0.3007986744457709,-1.3160952559116288,0.0,1.0,0.0,0.0,1.0,0.0,-1.4123461089514313,-0.22735699144235855,1.058095031726464,-1.6065788744106646,0.8736385106670603,-0.1931456591150933
1,5.3625063096576415,2.3962397362927876,2.3962397362927876,6.096599116155618,1.0,0.0,0.0,0.0,1.0,1.0,1.1019316188249146,1.3962625806190272,0.23145538387839631,0.08762053347240684,-0.15945968319481252,1.4638789854434298
1,3.049073277838265,2.8689343305868737,2.8689343305868737,3.7250844901461857,1.0,1.0,0.0,1.0,0.0,0.0,1.2368308787006927,0.08612158153880245,1.5087057316299486,0.938197278622516,0.434189837717854,0.5841181641803782
1,7.620440811565009,4.806079742611646,4.806079742611646,5.810238250087798,0.0,1.0,1.0,0.0,1.0,1.0,1.0294583234201757,1.0863918394875305,-1.3471028480058258,0.4779990520529479,1.174053930028149,1.290751101976714
1,6.970090354845247,3.7784311313415273,3.7784311313415273,3.9320932977277736,0.0,0.0,0.0,1.0,1.0,1.0,1.8145627455456892,1.8442029232165895,2.5422852339576094,1.8146665666037398,0.4635102873881167,1.964071208000667
0,-0.7164883309217143,0.6404553288242116,-0.8199711056555627,0.6404553288242116,1.0,0.0,0.0,1.0,0.0,0.0,-0.4484951477661564,-1.4001256709858314,-0.1512043071972453,0.145631282641916,0.4432987092136682,0.07593379430586489
0,3.0116370788238855,4.182557703989359,2.017595693744292,4.182557703989359,0.0,1.0,0.0,0.0,0.0,0.0,1.0899177917941676,0.6965594756648374,0.2308649761318855,-0.029558656540698447,2.332116569402261,2.1727128056328664
1,7.816131517358749,4.4213189959716175,4.4213189959716175,8.698818446303505,1.0,1.0,1.0,1.0,0.0,0.0,0.5555169616763154,1.9439021718794955,0.6504771743496605,0.9846735506711632,1.2801944745658687,0.8775052532569437
1,4.967944172515033,1.997711932539151,1.997711932539151,4.191263278476101,1.0,0.0,0.0,0.0,0.0,1.0,0.6000288994630694,0.39886467746897114,0.48023353533973595,0.4913642134136006,1.2226721005418575,0.48800324195120837
1,4.47174276448057,4.708763365373985,4.708763365373985,5.792423595847465,1.0,1.0,1.0,0.0,0.0,0.0,0.4605869934429486,0.8464185132271519,0.8997662961674708,1.5392205067319853,1.3045800250758595,1.4904006081391887
0,2.653342417401932,5.650583935616607,2.010893960526942,5.650583935616607,1.0,0.0,0.0,0.0,0.0,1.0,1.6465045813466634,0.6690705026417144,-0.23386258824891648,0.09398503050372731,0.595686670905268,-0.6878259929966197
1,2.392922282566785,1.9081355236624478,1.9081355236624478,2.6017564876295887,0.0,1.0,0.0,1.0,0.0,0.0,0.34273691284601004,0.25771362604034354,2.646602930335697,1.718845440213641,2.4025165489811253,0.28711995323717265
1,7.043476851480003,3.918591010695032,3.918591010695032,7.048168004248056,1.0,1.0,0.0,0.0,1.0,0.0,1.6671170708925633,1.2337870648302782,0.9185782746991131,0.02803392318935255,1.917274546875489,1.336801519271833
1,2.813642059381665,0.8781773458921335,0.8781773458921335,0.8023508929700083,0.0,1.0,0.0,0.0,1.0,1.0,-0.7237007214848874,0.09089150463583456,-1.0087282459808617,0.8732737381636064,0.37896248234329444,-0.03148430672198521
1,0.7659496917692585,-0.580884722965591,-0.580884722965591,0.1341000154845109,1.0,0.0,0.0,1.0,0.0,0.0,-1.342520332352276,-1.408145587117021,-0.2601113937643924,1.790775426064572,-0.45527820159754206,0.07826268450079932
0,-2.5085162427626244,0.9932618634361539,-1.3168402997596305,0.9932618634361539,1.0,0.0,0.0,0.0,0.0,1.0,-0.5808613168837109,-1.504862251294771,-0.8576557698658915,-0.5544843362693945,-0.3483824605128645,-0.04867001443520169
0,1.8987957055535665,0.6935120367202163,-1.594044246054928,0.6935120367202163,0.0,0.0,1.0,1.0,1.0,0.0,0.3188065508403437,-0.1314157024899144,0.6352795261847208,0.7147331331600169,0.08843439989023749,0.8357972965541624
1,2.2121724877666447,-0.13177202240538466,-0.13177202240538466,1.9079931519831173,1.0,0.0,0.0,1.0,0.0,1.0,0.056965362817715304,0.7769794110978023,1.1320295499760253,0.8536541085957641,1.4691175959138432,1.2135098479844775
1,2.5160194035582766,3.560148872065576,3.560148872065576,0.9686252072245709,0.0,0.0,0.0,0.0,0.0,1.0,-0.01830967682760165,0.5628305966499514,-0.6406473406343838,0.6367953716086985,1.0787335001174574,1.11223567904749
1,3.5878217081498027,2.1347260643682495,2.1347260643682495,3.7984388010176358,0.0,0.0,0.0,0.0,1.0,0.0,1.646733583070067,-0.45303404455741214,-0.30048016223488194,1.1809268029048337,0.6721641914573298,0.9299105814572957
1,1.180645313928212,1.324210199230622,1.324210199230622,2.7933635855568433,1.0,1.0,0.0,0.0,1.0,1.0,-0.769316280286392,-0.834285510017208,-0.13126432396169374,0.0867740763219918,1.0457169277805212,-0.5952001040675454
1,-0.9291726511281648,-0.9865267424177783,-0.9865267424177783,-0.23368416304300801,0.0,0.0,0.0,0.0,0.0,0.0,-0.7348604592883312,-0.7322578956819701,-0.6792911333423599,-0.38929018096480317,0.22111394640018045,0.026173435257049738
1,2.417973868972399,1.6417370987218807,1.6417370987218807,1.47394535222454,0.0,1.0,1.0,1.0,1.0,0.0,-0.45296078566594766,1.4649958740436646,1.4319855603376193,0.33081565136105484,0.7050875535328947,1.1621492783117406
0,5.08685193212128,7.670257036716878,4.002290758069384,7.670257036716878,1.0,0.0,1.0,0.0,1.0,0.0,1.2398496426877275,1.486625379738715,0.03853919254265237,0.4669778049205683,0.8360703716000433,2.314817911863922
0,-0.1407142501374028,-0.3304953795210026,-1.6744433468959603,-0.3304953795210026,0.0,0.0,0.0,1.0,1.0,0.0,-0.5791282744236024,1.1291140968010647,2.7592738940570127,0.05983346416813895,0.9184249552300965,3.5270993452506985
0,-1.7363634393752978,1.0974652752977452,-1.7639784906087015,1.0974652752977452,0.0,0.0,0.0,1.0,1.0,1.0,-0.7030123691987076,-0.08351547909325219,0.3847847537522528,-0.8586634516316649,0.7774961191585981,0.31202184299044455
1,6.268840932051473,3.926880030976778,3.926880030976778,5.255432949690534,0.0,1.0,1.0,1.0,0.0,1.0,1.6337058652793615,0.8289961107280966,2.6957303491506073,2.2779509553665,2.0066633341127464,1.708988670586374
0,1.4645926413326311,-0.5347847516688302,-0.9335625799285618,-0.5347847516688302,0.0,0.0,1.0,0.0,0.0,0.0,-2.44528949279496,0.7185365125227406,-0.6372379140545488,0.5294566457373676,0.7259304420895824,0.4189128969818914
0,1.8553060429859447,4.420758977128552,1.4934088760003883,4.420758977128552,0.0,1.0,0.0,0.0,1.0,0.0,0.009790282534897665,-0.7067713774677111,-1.3794972974975255,0.24712575178826712,2.581399557015816,2.0141576036061783
0,-0.06956070523372693,3.086648997972716,2.175195556907427,3.086648997972716,1.0,0.0,1.0,0.0,1.0,0.0,-0.989518892174668,0.6417050074242074,0.9095097823444733,0.3474866655405359,0.02454681315772833,-0.4080377099219026
0,3.5415520388304222,4.896541678042803,1.270873265245386,4.896541678042803,1.0,1.0,0.0,0.0,0.0,1.0,-1.0443088808646905,1.765727290605736,0.8466741591799203,0.9935965698197293,1.6335189517675182,0.9837321818549154
1,0.28642723361717987,-0.628434595104931,-0.628434595104931,-0.6306377385669075,0.0,0.0,0.0,0.0,0.0,0.0,-1.3097878402981118,0.38014233912265555,0.20780827081726805,0.4462360647119489,0.7612026878323902,0.14742099669825626
1,-0.4438461132402135,-1.5328320731912475,-1.5328320731912475,0.45177415986409103,0.0,1.0,0.0,0.0,0.0,0.0,-1.3514404678067138,-0.24911814937910837,0.15249185764464696,0.8581304247848298,0.2176777904720777,0.6586446979202379
1,4.946496865384717,0.6162393245042306,0.6162393245042306,5.504222709551032,1.0,0.0,1.0,1.0,1.0,0.0,0.7512311155081166,0.737577489415851,-0.03680922183548119,-1.7089195707311675,0.07883483409150072,0.14225321543155345
1,6.7828474058182815,4.731892274094126,4.731892274094126,8.233281326935431,0.0,1.0,0.0,1.0,1.0,0.0,2.099710809573291,1.7895048167421828,1.7881988128312059,2.3759499090452065,3.2049367252716827,3.48412521770952
1,3.671763695463107,2.4738596700281565,2.4738596700281565,3.5052017641673316,0.0,1.0,0.0,1.0,1.0,1.0,1.4680021704579373,-0.1995975616383021,1.5013355976518756,1.2343852658116494,1.0091916162347236,1.493292292307157
0,1.0440913213188998,1.8707371122739207,0.7799159454200741,1.8707371122739207,0.0,1.0,0.0,1.0,0.0,0.0,-0.8150561817326991,0.5635629511708734,-0.29057922333765085,0.3491381429610366,1.5696080217624586,1.1340076766160576
1,8.399929103397012,3.80587133955051,3.80587133955051,7.101824601230785,1.0,0.0,1.0,0.0,0.0,1.0,1.1981911889897958,1.5694521491725661,1.1061683146795602,1.3252690570898098,1.9106194120493796,1.2964712202103703
0,4.188354635834302,5.983451004790156,3.4383567685809107,5.983451004790156,0.0,1.0,0.0,0.0,0.0,0.0,1.3549726457589655,0.9287057787038471,-1.3600355850025907,0.7480461610253657,1.5397831988578181,0.03385954735313279
1,3.717962145168456,2.3225541445427464,2.3225541445427464,3.2235964733140046,1.0,0.0,0.0,1.0,1.0,0.0,0.501420218964943,1.1814561268747519,0.9813219750589615,0.7434884210145771,1.1012788225938683,3.0088168961255564
1,0.954780202391166,1.1710742052593348,1.1710742052593348,1.0313469939014732,0.0,1.0,1.0,0.0,1.0,1.0,-0.11026731757170882,-0.3599236578848556,-0.4951392681386051,-0.7469519832623741,0.35158448542406195,0.4416630195357357
1,1.4657732916245263,1.113708816687421,1.113708816687421,5.679050786423144,0.0,0.0,1.0,0.0,0.0,0.0,0.5336662263808639,1.3954980073724996,1.3327566059183393,0.8938115413670908,0.7805993058329963,2.468531435229486
1,2.4176333362218507,1.0290440103997804,1.0290440103997804,4.928181234546209,0.0,0.0,1.0,1.0,1.0,0.0,1.9735092774904244,0.16045466147543758,1.2233285029643675,-1.2394266230906918,2.6275899300941843,1.4140102016744307
1,4.3729185116288845,1.2988882259213421,1.2988882259213421,6.443201466858819,0.0,1.0,0.0,0.0,0.0,0.0,2.2276808252742195,-0.6659654273799918,0.18617026214308263,0.8105219722366116,-0.6225181419980452,1.8530547587549222
1,3.8634636260517965,1.631327100970951,1.631327100970951,3.6555337930696505,1.0,0.0,0.0,0.0,0.0,1.0,-0.03025146815258417,1.0406530649259504,-0.057616015748467087,1.8743294309830674,1.454911224379374,1.5591956485252032
0,-1.0255592634996369,0.7510426267996508,-1.4735992025202456,0.7510426267996508,1.0,0.0,1.0,0.0,1.0,1.0,-1.7100417211383,0.16203563926309872,0.2808591267527374,-1.5152314767477977,-0.28083033773664057,-0.07357863401929965
1,5.234171401865302,2.642939482237372,2.642939482237372,3.5212394964607583,1.0,0.0,0.0,0.0,0.0,0.0,0.29907234573966507,0.2083590721489585,0.07579365568943458,0.23981886295290678,2.471300537446858,0.34480717002384564
1,1.2866569906036052,-0.41211498416330633,-0.41211498416330633,0.7301726766224038,1.0,0.0,0.0,1.0,0.0,0.0,-1.1414069007130807,0.6238276235207324,0.20545728237606692,-0.5162324300739742,0.5417238302973137,-0.15532073766939636
0,3.0904641626306755,4.523752971335097,2.7336200892085794,4.523752971335097,1.0,0.0,0.0,0.0,0.0,0.0,1.7488993199365173,0.16524117322815135,0.4007103236598489,1.1477090937092869,0.7026139491557756,0.3561692995495811
1,2.451686170282656,2.2194153822260034,2.2194153822260034,2.6560039555303248,0.0,1.0,0.0,0.0,1.0,0.0,0.8089741808666526,-1.0082067701455044,-0.39963707087221767,0.9447426658663729,-0.11680691329275472,2.0581223380488374
1,3.3178771178763955,2.1045680420296575,2.1045680420296575,3.1444088266817465,1.0,1.0,0.0,1.0,0.0,1.0,-0.29945708091044476,0.6510789264512161,-0.20587385973222416,-1.0792473159064413,-0.08990907468573872,-0.42495327129458405
1,2.209575695378242,1.934411001005599,1.934411001005599,3.9733053832149,0.0,0.0,0.0,0.0,0.0,1.0,0.07391907082879556,1.2120467497377088,-0.6210860088990202,2.602352606810306,0.580434580944607,1.8371655980995636
1,4.491134937096414,4.008164876036663,4.008164876036663,4.324393022549719,1.0,1.0,1.0,0.0,1.0,0.0,0.7228923933384088,1.387266036208112,1.876011187835735,0.8273663888594365,0.9298767313357028,2.202712080494349
1,-2.3194566719527847,-1.4077452447872447,-1.4077452447872447,-2.9442668368173606,0.0,1.0,0.0,0.0,0.0,1.0,-1.7138986794862867,-0.3556383877965982,-0.5385762399908836,-2.4602725488073047,-1.0531182280423614,0.5674336992178574
1,-2.54929392182497,-0.599153301790367,-0.599153301790367,0.5310045618102396,0.0,0.0,1.0,1.0,0.0,0.0,-1.2851627842241193,0.02705576789172215,-0.09072026272731626,0.1953168953078902,-0.5084248834634826,0.43730394686561125
1,6.448495314648058,4.23134856256821,4.23134856256821,6.692106995325466,1.0,1.0,0.0,1.0,0.0,1.0,1.550787988481067,1.4344932672634392,-0.40721309539511785,-0.21376424705513442,-0.2222978925904504,2.1434255561290785
1,3.0275082806428544,1.411416744414143,1.411416744414143,1.9314931678390401,0.0,0.0,1.0,0.0,0.0,0.0,0.380536233543896,1.6564439094624468,1.2554150283272387,-0.7057256695466096,0.9086193911813418,1.1212654449085944
1,1.5612275146091057,1.1368291362863925,1.1368291362863925,0.9981008663406185,0.0,0.0,0.0,0.0,0.0,1.0,-0.7061099633562933,0.43746089137764466,-1.0513444260123315,1.1970070976062115,1.244843144918744,-0.18228490233118544
1,3.393296952559116,2.688895945252031,2.688895945252031,3.2945632225002877,1.0,1.0,0.0,0.0,1.0,1.0,0.48958998960256994,-0.39544483014144505,0.4621194246346124,-0.986402682175642,0.4389616180505507,0.9959120774718512
1,6.850140319760062,5.137535507749476,5.137535507749476,6.680534998657936,1.0,1.0,1.0,0.0,0.0,1.0,0.6924343602465806,0.7907030748517475,0.07929364374146697,0.9091304349870578,2.2129052521222246,2.9355075815506595
0,3.699157889234657,8.000360673522627,2.4342633777576683,8.000360673522627,1.0,0.0,0.0,0.0,0.0,0.0,1.9455909171441423,0.8733398937476953,0.996587132457609,1.6881483549004441,-0.545939939553006,0.7255244013068661
0,0.6131666393898781,1.4565257518100647,1.5307053169187115,1.4565257518100647,0.0,1.0,0.0,0.0,0.0,1.0,1.3477150803544629,-1.3907962208123124,0.20208737177916203,-0.8228594011125525,0.2967591622389124,1.7273369657296542
1,2.9830117911556684,1.1499402626694173,1.1499402626694173,2.7992685676773963,0.0,1.0,0.0,0.0,0.0,0.0,-0.28960078054865956,0.30178678265318826,0.8068067209422355,0.34060616045060776,1.1658829539352205,-0.1576675282562816
1,-0.6783015860493633,-1.3389664776630483,-1.3389664776630483,-2.093210807003744,0.0,0.0,0.0,0.0,1.0,0.0,-1.5151399328655417,-0.11892238342638595,-1.026607915732416,0.06161641005137647,-1.0075213766840414,0.8040187830671943
0,0.23104227290166274,-0.10669376527116992,0.8717976946067036,-0.10669376527116992,0.0,1.0,1.0,1.0,0.0,1.0,-0.3135680299152438,-0.50575015594797,-0.016115763388968585,-1.3352122068495123,0.7290983491370189,-0.83470756785522
1,5.491065050988577,2.934542498859753,2.934542498859753,4.884781510394626,0.0,0.0,1.0,0.0,0.0,0.0,2.913872192848554,0.7778653533970878,1.4749712782154951,-0.164678267490609,2.1967721144679566,0.698174771165457
1,6.289123566557562,4.899390795105189,4.899390795105189,5.665724676417845,1.0,0.0,1.0,1.0,0.0,0.0,0.9303175682972322,1.3435220207740664,1.0804200931391956,0.5582827488166082,1.6880409646587289,3.1292421115194613
1,5.5592892522048025,1.2815402091395722,1.2815402091395722,2.1559883474343335,0.0,1.0,0.0,0.0,1.0,0.0,0.364459852454908,0.46521038683541777,-0.145471902924027,0.7794925370471473,1.1258781127501878,0.8385446120013692
1,2.2751076727098485,0.8803109217418819,0.8803109217418819,1.59825624457276,0.0,0.0,0.0,1.0,0.0,0.0,0.5071022556748782,0.1058958884327193,0.778048834227755,1.9223255319750325,0.4256677612489558,2.115805564802561
1,4.2392273331458465,3.1863528329346744,3.1863528329346744,4.364379460128636,0.0,1.0,0.0,1.0,0.0,0.0,1.179050499715181,0.9833162117104418,0.9865249794925035,1.3076538131458186,2.638436398189703,1.2018062099933082
0,2.8507683065833613,6.787084763737683,2.5208987403404444,6.787084763737683,0.0,0.0,1.0,1.0,1.0,1.0,0.5042628401630177,1.8250662926607903,0.23221172097261816,0.9303629699878637,1.1203317354462343,2.2044389426060476
0,0.7343861154423639,2.551547389693049,1.6939889015329306,2.551547389693049,0.0,1.0,0.0,0.0,0.0,0.0,-0.317654047703979,0.8937222859364323,0.8318030012496923,0.8059300506761853,0.4344811512803889,-1.1246697498404004
0,1.9901906488966155,5.069717285839112,2.537928499039033,5.069717285839112,1.0,1.0,0.0,1.0,0.0,1.0,0.407072423286766,1.2984852039084303,1.150353583678354,1.5641392363631736,0.2363643062312637,-0.3891339903764457
1,1.913662451155363,0.27864345430924065,0.27864345430924065,1.1792726529938633,0.0,1.0,1.0,0.0,1.0,0.0,-1.6715541673901604,-1.7788090530806593,0.2420357178737793,2.050976791419166,1.9490139091120264,0.19221452271814488
1,3.4394051214905406,3.1647506335548163,3.1647506335548163,3.7130573555190622,1.0,1.0,0.0,1.0,0.0,1.0,0.3661994131929538,-0.575693753577893,-1.223242755560919,0.60362639147501,-0.24756493167112215,-1.241033291784527
0,2.251254718385128,3.4401882334239513,-0.2854270798431491,3.4401882334239513,0.0,1.0,1.0,1.0,1.0,1.0,-0.46186639694218556,1.0826127041691438,1.403927352844968,0.596244052581244,2.0062879132624083,-0.2941836284025956
1,3.817840210807661,1.4540421187843435,1.4540421187843435,4.517677285564127,1.0,0.0,1.0,1.0,0.0,0.0,-0.076618903075506,0.9950571695476187,0.9767163215225518,1.6290825150540482,1.2137399419282264,1.6574290010807058
0,-1.0951565909790109,1.2074216310435093,0.01872335602920061,1.2074216310435093,0.0,1.0,0.0,0.0,0.0,0.0,-0.08807983536614172,0.7045876994802465,0.9536455456770974,-0.05635455078728335,-0.7827357012756222,0.09374462392905203
0,-0.9243375217889633,2.417739444969314,0.9654571239471494,2.417739444969314,0.0,1.0,1.0,0.0,0.0,0.0,-1.1080668551355086,1.29996542632115,1.2484969190583732,-0.5125860699399409,1.7710800032106917,0.9375906276988653
1,2.2018347314038844,0.13246558755731774,0.13246558755731774,2.1777220285358108,0.0,0.0,0.0,1.0,0.0,1.0,0.7578985052733351,0.22113993960940148,1.8938375166244954,1.1889629691884824,1.232102022003136,0.7654946878074885
1,4.143431032274023,0.7141692985431183,0.7141692985431183,3.7117473676070656,1.0,1.0,0.0,1.0,1.0,1.0,0.7652209510306025,0.47967432364023094,1.5821216890775414,0.1661477746035595,2.174553978665664,1.0664855483755646
1,6.827560785379802,5.56463788295581,5.56463788295581,6.656196802381224,1.0,0.0,1.0,0.0,0.0,0.0,1.142538129403491,2.7828905436285547,1.1490318667651789,1.6797730304942868,2.355451141771125,1.0543411844759407
1,5.690511192235797,5.438345781234777,5.438345781234777,8.754666005125083,0.0,1.0,1.0,1.0,0.0,0.0,1.026463972151105,2.4334491653960697,-0.22424710233944478,0.2074485199505805,1.19789870980231,1.670813051627732
1,2.639600466236956,-0.6979592653349258,-0.6979592653349258,5.194036648871755,1.0,0.0,0.0,0.0,0.0,0.0,0.6359495647204567,0.5803719910518291,1.0657493116590553,0.5181393223285526,0.6866816174634228,-0.1662792905814301
0,1.5244280312414986,4.105795929440163,3.619581004514881,4.105795929440163,0.0,0.0,0.0,1.0,0.0,0.0,0.2702914922500276,2.3515042949142533,-0.4491791046643486,-0.6939799791087444,1.3824768622395331,0.7488586446858141
0,0.8949662287337219,0.8973237055025096,1.8221877669891713,0.8973237055025096,1.0,1.0,0.0,0.0,0.0,0.0,-0.5852864010515979,-0.9250312282326167,0.28688897855883566,0.542122156683242,1.4157405654088657,1.3336559897893594
1,5.705739458289822,4.701253298594769,4.701253298594769,7.859425925954401,1.0,0.0,0.0,1.0,1.0,0.0,1.766990205417519,1.7675056656564707,1.9825086219251888,1.2919817489886871,0.7273328422885128,1.6138032037117207
1,-1.2266661508744505,-1.9478630477744305,-1.9478630477744305,1.3839925786721565,0.0,0.0,0.0,1.0,0.0,0.0,-0.7581983656779667,-0.46184126518691615,-0.9383065625762876,-0.5570385127375357,1.465108406284394,-0.6219211356462011
0,0.9929503005473476,1.7994544258875536,0.9949551824472656,1.7994544258875536,0.0,0.0,0.0,0.0,1.0,0.0,-0.054519570449020005,0.8297562487652673,-0.03282246039428893,-0.2746055582310223,1.118247915557072,-1.0452402209538514
1,2.2317991429216937,1.531518898326919,1.531518898326919,1.28795860324735,1.0,0.0,1.0,0.0,1.0,0.0,-0.029840073853821147,-0.1657382598092334,1.1378500294995497,-1.2590079447729494,-1.749667420668457,0.07634550806140417
1,7.244778409209076,4.142719152178632,4.142719152178632,4.1209714346229465,1.0,0.0,1.0,0.0,0.0,1.0,0.6112674398125264,1.2251648082670958,0.8598561615162212,1.5081333515568727,0.45702479436869703,0.3842760955743464
1,4.42521999051667,2.664199622033351,2.664199622033351,4.927523829295855,0.0,0.0,1.0,1.0,0.0,0.0,1.1925147839719967,1.5317578283157114,0.5685414006708716,1.1215166588905765,1.2869257606746516,0.6227584250668241
1,2.503608130614641,1.6299137850960697,1.6299137850960697,3.8126917819250927,0.0,0.0,0.0,0.0,0.0,0.0,0.14697345735118772,0.8382282855312826,-0.5769514455036759,1.0916470852100684,1.9279001195977605,1.615437908237394
0,4.320297847882333,5.306232842096871,3.6974989637878273,5.306232842096871,0.0,1.0,1.0,0.0,1.0,0.0,0.9049876367829917,1.2002011407444693,0.7073683306861108,0.4591503087395601,2.0585179035174503,2.8077546684503036
0,3.934838920619844,6.068691318115955,2.394654867354846,6.068691318115955,1.0,1.0,0.0,1.0,0.0,1.0,1.1432742441201236,1.1761389811440324,-0.060660415887440644,-0.09821904316919328,0.7683772852311064,-0.034266562471260587
0,4.124453983487138,4.315950302042061,2.7194021582165435,4.315950302042061,0.0,1.0,1.0,1.0,0.0,1.0,0.5305998943149179,1.120727983213802,0.31798336769329943,0.9226248524451629,1.0637969694201166,-0.4963629404383092
0,0.00387146801571725,3.4790379409599748,1.6202806014382873,3.4790379409599748,0.0,0.0,1.0,1.0,1.0,1.0,-0.8931801026112545,1.5461609734599495,-0.5569625917689682,-0.9777170797250316,1.5382223653463667,-0.42957494844142685
0,3.4479792738890658,5.59149736508126,2.856731090412722,5.59149736508126,0.0,0.0,1.0,1.0,0.0,0.0,0.32410105778963916,2.3080709774123944,-0.09722044215065229,-0.004904724645880321,0.7880504617351053,0.8764503289518263
0,1.4614636775259005,2.0729721173660383,-0.819591534287021,2.0729721173660383,0.0,0.0,0.0,0.0,1.0,1.0,-0.8158857472126373,0.6121493260833162,0.8168731275742952,1.0572841746404191,1.1079396887839952,1.3285345050482995
0,1.6265913708303625,5.153851241382222,2.471546122119544,5.153851241382222,1.0,0.0,0.0,1.0,0.0,1.0,1.6700079095819906,-1.5674446999254306,-0.11280279294139328,-0.6788567322805616,0.3394332552617416,0.7814004164541223
0,-1.6325437225382664,-0.03196657235124359,-1.663308330043662,-0.03196657235124359,0.0,0.0,1.0,0.0,1.0,0.0,-0.7531500720768478,-1.5696944742789687,0.019598279286777542,-0.516014247219706,0.6095656783978818,0.870452776204302
1,3.768367669701953,1.1120248917000513,1.1120248917000513,5.009709526749032,0.0,1.0,0.0,0.0,1.0,0.0,1.195545024514101,0.4182554367999818,0.9498371678681428,1.582814035159754,0.09672194226699882,1.3009993641285542
0,1.5024635700646807,2.791055118163343,1.6434272236367629,2.791055118163343,1.0,0.0,1.0,0.0,0.0,0.0,0.05697026813508904,0.8465876952018652,0.7807177760093974,-0.017823655988076448,1.707630821578817,1.880449202677372
1,5.1297341934907585,2.6733578866384495,2.6733578866384495,5.626142986971299,0.0,1.0,1.0,0.0,0.0,0.0,1.9301542291915252,1.4581863075739516,3.8601867420999683,2.635505794784346,2.296761126968038,2.9378997205512443
1,-1.5815187686670749,-0.002130221863386371,-0.002130221863386371,0.01411611507803312,0.0,1.0,0.0,0.0,1.0,0.0,-0.8859397057213336,-0.4257490499426654,-0.3264182682621597,0.3333459736415073,0.9082218867068781,0.5663613687624056
1,5.37109161208812,2.4168094604809167,2.4168094604809167,5.268879769778511,1.0,1.0,1.0,0.0,0.0,0.0,0.08611261607947462,0.4717239168754078,0.35216293586568814,-0.7945998480264702,0.5476187105200636,1.4611358454147145
0,4.547199555047582,6.561054450328962,4.851262907389803,6.561054450328962,1.0,0.0,0.0,1.0,0.0,1.0,1.3944721246199934,1.2500893252831393,-0.20486150072346476,-0.11904873091992008,2.178189083898913,2.6814663246077393
0,5.858794692149825,4.6762846499651705,4.417719978375188,4.6762846499651705,0.0,0.0,1.0,1.0,1.0,1.0,2.494298563246079,1.0056868501717096,0.6745512303409331,0.9854908695064282,0.6796773477410425,1.0403433501612926
1,7.483988572034225,3.2639786406100466,3.2639786406100466,8.145486188525503,1.0,1.0,0.0,1.0,0.0,0.0,2.121403728155957,0.26537075542614935,-1.1753271845680153,0.040060414583679094,1.4711313331570068,0.3631970336771796
0,-1.0955338039752118,2.3573994371155944,0.678164419194483,2.3573994371155944,0.0,0.0,0.0,0.0,1.0,0.0,-0.1411330917412562,-1.3786890865502073,-2.2177407358424417,-0.1330630116162197,-0.7477285323378979,-0.9704527126227969
1,5.708892901524172,1.5418602725501602,1.5418602725501602,5.259313667245328,1.0,0.0,0.0,0.0,0.0,0.0,1.1314302486529435,1.6252846689815268,0.5061739079434395,0.04830194707224034,0.5185886839873525,-0.06700465034593872
0,0.8380672802377089,4.258278290014363,4.117455172171474,4.258278290014363,0.0,0.0,1.0,1.0,0.0,0.0,0.35755609910458674,1.4037376553577923,-0.48392749124771073,0.45052147730469305,2.2093779285862865,0.6854299943949171
1,4.829155743463446,1.86884661061426,1.86884661061426,1.8172643789450982,1.0,0.0,1.0,1.0,1.0,0.0,0.9820224694850853,-1.269681074878753,0.47165015566975077,-0.5488982527183608,0.9011298937060911,0.28403828583753954
1,1.7672961726369267,2.284147281413595,2.284147281413595,2.404862994590808,0.0,0.0,0.0,0.0,0.0,0.0,-0.5375245265538027,0.5273138944363654,-0.6199002076106739,0.4206781007603507,0.9465328222273576,2.132879937816665
0,-2.849573965640714,-0.6455619667615557,-2.3580243151519946,-0.6455619667615557,0.0,0.0,0.0,0.0,1.0,1.0,-1.8848125540757588,0.07150247760486211,-0.10065240345323656,-0.36537098362500975,1.4693211582093202,-1.3743428057058686
0,5.237884877190259,6.713864216132688,3.8633997672418827,6.713864216132688,0.0,0.0,1.0,0.0,0.0,0.0,0.8361483091460855,2.404468481971173,0.525869428305464,1.6013752728804929,1.1315426076335213,2.6123275962149335
1,1.997016947249504,1.1957542354286654,1.1957542354286654,3.7871325864985397,0.0,1.0,0.0,0.0,0.0,0.0,-0.12516901798117985,1.2367278637142118,2.568587310116569,-0.3462009754027191,2.2546984396378917,1.5208379946101176
1,0.7416325110286044,0.01336002223768007,0.01336002223768007,2.085930330658105,0.0,0.0,0.0,1.0,1.0,0.0,0.1835604240793749,0.6464990072196206,-0.22475215764848067,0.6225380272196412,-2.1236854943439436,0.46219358644729647
1,7.607762196816578,5.3704985399148555,5.3704985399148555,4.440595916454592,1.0,0.0,0.0,1.0,0.0,1.0,1.621785244724046,1.6475561329341324,0.9057327505119475,0.38511924678247644,1.9567175423668242,1.8096367874717143
1,4.547229443652563,1.841819986234909,1.841819986234909,5.932718993933828,1.0,1.0,0.0,0.0,1.0,0.0,-0.09130229657212485,1.6805249192419809,-1.322374878282577,-1.3148231558418018,0.9090080263582403,1.0174495615310677
1,2.9189612761563217,1.1605903166902831,1.1605903166902831,2.7812049502943132,0.0,1.0,0.0,1.0,1.0,0.0,-0.5714895389302186,1.3185024595061738,0.5020916091270858,0.9743507433878495,-0.0938233111845388,0.051522063350482705
1,0.19107373346304057,0.8234579279866607,0.8234579279866607,1.0655696061293667,0.0,0.0,1.0,0.0,1.0,0.0,-0.13863716770929513,0.572603541996077,0.765309922491014,-0.310116059458469,0.27905860443657626,1.4003765001143749
1,9.93057981774474,7.03328857409109,7.03328857409109,10.608146947659897,1.0,0.0,1.0,0.0,0.0,0.0,3.4623949236922953,1.660305837750954,1.3442430418884226,0.5361518057433066,2.14810648676045,2.683223253276013
1,0.6757906874509059,-0.44255082720677674,-0.44255082720677674,0.7210708524152424,0.0,1.0,0.0,0.0,0.0,1.0,-0.9073572218221431,0.4170161479664858,0.43863539465535134,-1.0911766708679855,0.6417364969430948,0.779795856773762
0,3.3990826325700763,3.208128831383064,2.3984773888457456,3.208128831383064,1.0,0.0,1.0,0.0,0.0,0.0,1.3407164045237234,0.7071961085591325,1.7014412721911163,1.6104167900335633,1.1423888971387246,0.8308206470023459
1,2.601807093382895,2.8544062846236753,2.8544062846236753,3.7885437494346395,1.0,0.0,0.0,0.0,1.0,0.0,0.4966402038839505,0.8153158334978864,2.4206136131261813,1.1043845246936095,1.8801475560905463,2.986536653522533
0,-0.48528035311326456,-1.6740518420006212,-1.717862264697487,-1.6740518420006212,0.0,0.0,1.0,0.0,0.0,1.0,-0.9394137851006747,-0.7248215010493542,-0.2662068068904845,-1.1883541283507009,-0.7707934601400086,0.4008604376365664
0,-1.224393844580788,0.27606537358101657,-0.11282974864678313,0.27606537358101657,1.0,0.0,0.0,0.0,1.0,0.0,-0.014948524283291964,-0.45477769889989506,-0.23554461132843074,-1.174706179367187,0.020881722532666736,0.3563948714165871
1,4.244276447038796,2.6045480265465435,2.6045480265465435,5.594102250101404,1.0,0.0,1.0,0.0,1.0,0.0,-0.18084202419720175,0.7552260658919863,-2.1555392832225833,-1.476074333262057,0.6873548710582481,1.068202868818895
1,6.508612994771833,3.7581325749941277,3.7581325749941277,5.952413481629316,0.0,1.0,1.0,0.0,1.0,1.0,0.4073512542790442,1.5799360116463266,0.6224748789193815,0.2618385863873263,2.037560520853149,0.7407872785657116
0,-1.752031658660079,0.43968638986938346,-0.7646017926412572,0.43968638986938346,0.0,0.0,1.0,1.0,1.0,0.0,-0.25929562602408085,-2.5333794528564333,-0.9826342299467088,0.9844618908786539,0.0899165568303274,0.7590522177201864
1,3.06231948442147,-1.8188824944100115,-1.8188824944100115,2.663283508409676,0.0,0.0,0.0,0.0,0.0,0.0,0.9378470566322616,-0.6157213182293966,1.6827195700963622,1.2433730538238765,0.4322710254893718,1.8123701461423734
1,4.696730493219575,2.0974921527550126,2.0974921527550126,5.857029179947429,0.0,0.0,0.0,0.0,1.0,1.0,1.3612434340967758,1.5732048452019138,0.5725172650239623,0.3142225837405438,1.0641955913878078,2.333715846229598
0,-1.4850469770492376,-1.2979232134406247,-1.0060430969984042,-1.2979232134406247,0.0,1.0,1.0,1.0,0.0,0.0,-1.857051885172142,-1.0472279477522775,-1.9178971716433582,-2.997635350000486,-0.3229955457947937,-0.7390737809080055
0,4.479157649388682,5.250627154960935,3.4737085346658194,5.250627154960935,0.0,1.0,1.0,1.0,1.0,0.0,1.0717976467122736,-0.08548482406504754,0.9051023612844503,1.8027538443695157,1.781516856600926,1.7002992615774954
0,-2.686903653141042,-1.2473232308805988,-1.7211335003700983,-1.2473232308805988,0.0,1.0,0.0,1.0,1.0,1.0,-2.2839924180828377,-0.9267549928576839,0.4669579076901279,-0.4306692781803523,0.44636785633287035,-0.429050838886305
1,0.3945420905298512,-0.6829748494102352,-0.6829748494102352,-0.5010564198644678,0.0,1.0,0.0,0.0,0.0,0.0,-1.3682623041143767,-0.12091377019765959,-0.5648229858780647,-0.22538734902931745,-1.1518871653285232,1.1228363026968347
1,5.316179920042854,2.323691816689003,2.323691816689003,4.387948351131025,1.0,0.0,0.0,1.0,0.0,0.0,0.8656186896063386,1.4518703835925313,2.8497081799364903,2.732334636060283,1.8816602305583068,0.6771700719021261
0,0.18091689961606638,1.1020438052433839,0.03947931301798108,1.1020438052433839,0.0,1.0,0.0,1.0,0.0,0.0,-1.4818013992206058,-0.780291736344211,-0.5053818715909746,1.0657818474440859,2.288350369167518,0.15283338550978232
1,5.604354521929013,3.8010491655013685,3.8010491655013685,5.477004901260646,0.0,1.0,1.0,1.0,0.0,0.0,0.5131499353558202,2.0897795087319886,1.4935462663049384,1.824518478951807,1.1513320617488465,1.0081885791594754
1,1.2303277604375713,1.2477092621049202,1.2477092621049202,1.3770543996474498,0.0,0.0,1.0,1.0,1.0,0.0,-0.1267879744566448,-0.18510669919183032,-0.5650993994561735,-0.4162738774903315,0.1826685699646471,0.24832614912612683
1,3.2343789503903646,1.6449333547725353,1.6449333547725353,4.250389922453413,0.0,1.0,1.0,0.0,0.0,0.0,1.4186999714738942,0.5912430939443085,2.3543569864297362,0.5571536791861333,2.2817553060651616,2.1639371540958097
0,1.4340580807854875,0.7644357685550769,-0.03482981426250514,0.7644357685550769,0.0,1.0,0.0,0.0,0.0,0.0,-0.7943799649092709,-0.22201000144496985,-0.5390134235726476,0.7562305364799567,-0.7071028675955597,0.6610185230188054
1,9.840616988724584,4.855885336808214,4.855885336808214,3.8439058960922687,0.0,1.0,0.0,1.0,0.0,1.0,1.2272783656329223,2.228418739402941,1.1985919482580152,1.3622608752139826,1.1929338724978495,3.0633765145218543
1,2.3274629339528676,-0.8209694105241434,-0.8209694105241434,1.347092371292166,0.0,0.0,0.0,1.0,1.0,0.0,0.15746254591788067,-1.406738677670491,-0.12884361580202996,0.514571335637326,2.39480904308788,1.2902529377843077
1,3.4141256342822763,4.911133442097407,4.911133442097407,4.588074508447207,0.0,1.0,1.0,1.0,0.0,0.0,0.3081001141685268,0.4064451791281481,-0.7902793211239929,0.32607751979620425,0.6388767031274355,0.78124270573334
0,0.9744435318078065,1.9289501055080638,3.0060416339268556,1.9289501055080638,0.0,1.0,1.0,0.0,0.0,1.0,-0.6518163817569291,1.4230795389222957,0.20032599462651568,0.3417921194575087,0.3507007075528963,0.4173267505492455
1,4.06193406363596,2.153425624617352,2.153425624617352,2.977938365417429,1.0,1.0,0.0,0.0,0.0,0.0,0.5028033726691239,0.22873289392669593,3.058762594730831,3.397367698585134,2.0037802029203284,1.2257596083298608
1,-0.005814598782839686,0.28798779912611405,0.28798779912611405,-0.566503913391009,0.0,0.0,1.0,0.0,0.0,0.0,-1.0609322582904135,-0.1511917802835877,-0.2567180581780437,-0.3223211408915243,0.2653828604911088,0.6472569880761982
1,5.749652303062966,3.532426144248277,3.532426144248277,4.973047048797943,1.0,0.0,0.0,1.0,0.0,1.0,0.32733641743684116,2.2485141343576958,1.2866159025773618,1.4763377841644236,2.4661152636631933,1.7305991298847343
0,2.3422674886394095,6.062899133568097,3.6120556591399113,6.062899133568097,1.0,1.0,1.0,0.0,1.0,1.0,0.36805338082370775,1.2594799000483112,1.099237672717484,1.1695281137811198,0.9079522205317178,2.2540652661388187
1,0.5879132598001522,0.13030994404563107,0.13030994404563107,0.7647728256021402,0.0,0.0,0.0,0.0,0.0,0.0,0.41228550798585956,0.11751882584526108,0.5750371055967874,-0.40057468009039643,0.5161761309084123,0.856591489492925
1,4.931100937645804,1.7301391516219524,1.7301391516219524,4.606668769589967,0.0,0.0,0.0,0.0,1.0,0.0,1.0124253209282805,2.0600014258497,1.134613622035472,-0.2094645875525153,3.367402943536227,1.0449873117129123
1,7.73818442666304,5.818127945752326,5.818127945752326,5.5850361122729755,1.0,1.0,1.0,0.0,0.0,0.0,0.8536936599610448,2.0731711013024876,-0.5605219585143666,1.149991255612955,0.017839403567935896,1.5703427196168405
1,1.7398735843522735,1.6056687087559438,1.6056687087559438,0.8764151705848771,0.0,1.0,1.0,0.0,1.0,1.0,-0.9508502192643835,-0.5126904879065295,-1.2288731195727995,0.8910958085115727,0.4077595422125381,1.687452204922805
1,8.431988818579848,4.064569684887245,4.064569684887245,7.961395695366877,1.0,0.0,1.0,0.0,0.0,0.0,2.3017082141353233,0.6869829022250458,1.9314444703308626,1.1250932156253415,2.767273529220024,0.5954086687256404
1,2.3296811175389984,1.1658997464952172,1.1658997464952172,1.8914223413271192,0.0,0.0,1.0,0.0,1.0,0.0,0.3320848588098766,1.34370337959476,0.5346706536792195,-0.7812383199402904,-0.9928127353962484,1.0496752174545798
0,0.24959697732706598,2.064843689616532,2.1549817967308806,2.064843689616532,1.0,1.0,0.0,1.0,1.0,0.0,-0.8526564513185932,-0.18966428457368112,-0.47033879726705297,-0.36899053595036857,-0.11613826341823463,-1.12484414469311
0,0.45147875359356937,4.405217743873083,2.6408040144894036,4.405217743873083,0.0,0.0,0.0,1.0,1.0,0.0,1.1502056577312036,2.0964265818678496,1.7818198036624726,0.33133483511690837,-0.09718304449140724,1.0081624175090984
1,6.878813954762327,3.5646002708402116,3.5646002708402116,5.318176799154184,1.0,0.0,0.0,1.0,0.0,0.0,2.398923951944534,0.6483229278134748,0.4957040436388349,1.0900801091953958,0.5515414591687322,-1.6520015862271493
1,3.519306785069559,1.1618094545934345,1.1618094545934345,2.801469797852844,0.0,0.0,0.0,1.0,1.0,1.0,1.0542908044616872,0.7905752729977407,-0.5010099262449479,0.3514022844570594,0.4002341386016631,0.7466219142879039
0,0.19934644349042152,2.858728897916584,2.50871655514755,2.858728897916584,0.0,0.0,1.0,0.0,1.0,1.0,0.5589859833941863,1.404004708027669,0.8249677241431125,0.9898530922266724,2.4833789840373233,1.185564033036502
0,2.834423616694534,7.26927024443289,3.6403410573560175,7.26927024443289,1.0,0.0,1.0,0.0,0.0,0.0,2.0365657068273464,1.21303214257583,1.195524712050652,-0.9426622719493398,0.2920419419163729,2.002451607162864
1,2.7800185537165296,1.957672660967063,1.957672660967063,2.517475931490478,1.0,0.0,0.0,0.0,0.0,1.0,0.021633294139344783,0.1726415851579831,0.13035838992112891,2.502468137561733,0.46472671988865966,1.6401230910796216
1,4.938053357028705,3.0676884787785577,3.0676884787785577,2.5448477728379735,1.0,0.0,1.0,1.0,1.0,0.0,0.2851596876581409,0.18429534845302276,0.5103012483437339,-0.8704203030595112,1.8616137474045051,1.5983929033512885
1,8.070001528140939,5.481114265626252,5.481114265626252,8.461786746471203,1.0,0.0,1.0,1.0,0.0,1.0,1.588847726641333,2.078029994487249,0.9146471998898393,0.8248207780508156,2.781487369619834,1.0078387547342946
1,4.593304810617853,3.3854345490783704,3.3854345490783704,3.3000650062266175,0.0,0.0,1.0,0.0,1.0,0.0,1.3579653517087293,0.02018118038712008,-0.5702627037820771,1.6531760949604015,1.3595269915314854,2.5064618748256544
0,4.0237950503582685,5.263569752079832,5.011829541880017,5.263569752079832,0.0,1.0,0.0,0.0,0.0,0.0,0.9559575120327791,1.83091268284343,0.08951473054537051,2.1587746896250533,-1.5050180381343847,1.0485393384785433
1,3.698963852266772,2.522086134642375,2.522086134642375,2.574299560353179,1.0,1.0,0.0,1.0,0.0,1.0,0.8564071698158943,-0.6587236084745349,-0.04646798606084568,-1.053670402603138,2.083890506920846,1.0308423834340428
1,3.0449772618267037,3.519660071058296,3.519660071058296,3.4523921995425626,1.0,0.0,1.0,0.0,0.0,1.0,-0.07765156828279385,-0.1662687100248592,0.06693921291065663,-0.045590699906910004,0.6913261808700932,1.5334829905186895
0,1.6509438952062205,3.6596372232751184,1.524872735079227,3.6596372232751184,0.0,0.0,1.0,1.0,0.0,0.0,-0.2569919463359511,1.7898698297764457,2.7325681373614663,2.0437618076529547,3.8172277721949457,2.962421868853706
1,5.394262760443229,2.300448936617406,2.300448936617406,4.2497041172220005,0.0,1.0,1.0,0.0,0.0,1.0,0.5086568309631136,1.5125863883379946,-0.2549943881395904,-0.6993855294684146,1.8254617960321609,2.440545067689292
1,3.1447421469059864,1.9153454763833015,1.9153454763833015,1.8093127900496693,0.0,1.0,1.0,0.0,0.0,1.0,-0.08370140176932916,0.38251813982108435,0.5067692596287823,0.3150041977105638,2.2525655382707632,0.9646378628764429
0,5.694073506300002,7.126288496005325,4.955311208436272,7.126288496005325,1.0,0.0,0.0,1.0,0.0,1.0,2.041384156411519,1.7235765531325284,0.41493758469252773,3.0124029819392657,1.1548620092707762,0.694513796402745
1,4.306188821723621,3.3715206614332556,3.3715206614332556,4.2322016136442135,1.0,0.0,0.0,1.0,1.0,0.0,1.4588200573004015,0.2630837541396007,0.17455761152344768,1.370894313929178,1.0382873919635538,0.7501802666856373
1,-0.464059846846401,-0.2681036589021283,-0.2681036589021283,0.03570519132458427,0.0,0.0,1.0,0.0,0.0,0.0,-0.4508664568516265,-0.5488000013111443,-0.16452423005309835,0.8905310162707807,1.4631176132727364,2.2413717361134777
0,3.54975523551302,3.7220301075433655,1.6753489448578178,3.7220301075433655,1.0,1.0,0.0,0.0,0.0,1.0,-0.4066770784220901,-0.1445457936742366,-2.015802702558484,-1.4942494497870547,1.0684905146946722,0.24950444450713993
1,6.565629915556588,5.439736382704808,5.439736382704808,7.178023443187021,1.0,0.0,1.0,0.0,1.0,0.0,0.7798494571182284,1.9673886883463054,-0.12179167043382089,1.943264256587698,1.057023908995724,-0.14257509236031218
0,5.290473314927367,6.055998922582044,3.5939397829564217,6.055998922582044,0.0,1.0,0.0,0.0,0.0,1.0,2.1341593129717324,1.744015724715024,0.5810891033750012,0.5778856988775426,1.8004607560886154,1.1066006672666224
1,6.205934944103443,4.164082176455242,4.164082176455242,5.028162477597006,1.0,0.0,0.0,0.0,1.0,0.0,2.12094284881341,1.6684329549060881,1.899748776018197,0.5900654528284233,0.5639660441591648,0.9890411490553546
1,5.180336641124755,3.6977553130096665,3.6977553130096665,5.285056384117741,0.0,1.0,0.0,1.0,1.0,1.0,1.0363991901640084,1.2866963524346628,0.3337209020433518,-0.23527911964613335,1.1704392016883423,1.0274689954333223
1,1.717468289124519,2.3703103369965834,2.3703103369965834,2.8188850147694167,0.0,0.0,1.0,0.0,0.0,0.0,0.6519470379816145,-0.11904074355108352,-0.22603709160707508,0.5388388191358554,1.3868665022026192,0.7095664502067555
1,1.432736050033843,1.3644926180515966,1.3644926180515966,3.9271116597672195,1.0,1.0,1.0,1.0,0.0,1.0,-0.07599789673256652,-0.3655956429555559,1.1767936042013718,-0.13899686778949527,-0.16625456771313663,1.9876066632149492
1,4.916439159957262,3.3042949743728514,3.3042949743728514,4.236831068933329,0.0,1.0,1.0,0.0,1.0,0.0,1.6199425966160574,1.0030409569054004,1.297389109123766,2.330139432712199,1.7145649442931532,0.30319297217242847
0,0.4316867711403203,4.324021067267421,1.0983479427667842,4.324021067267421,0.0,1.0,0.0,0.0,0.0,0.0,-0.028286363964666106,0.6150836884803563,-0.03202641031547526,0.7805042981531516,1.540154164567678,1.564093683935001
1,2.7893677778443546,0.18834098075357839,0.18834098075357839,2.5277390506394752,0.0,0.0,0.0,0.0,1.0,1.0,0.6039389310756332,-0.3133688929484926,1.0069081647859623,0.63992798545349,1.4079707261698342,1.02626154938381
1,0.849536630934041,-0.9349749166766332,-0.9349749166766332,2.2476220492102144,0.0,1.0,0.0,0.0,0.0,0.0,-0.05031800242385076,-0.7672836824166787,-0.29705881784995647,-0.3405454749030917,-0.3332082831664791,1.5519159645980065
0,3.3786888392697247,7.355456170460348,4.829031319270499,7.355456170460348,0.0,1.0,0.0,0.0,0.0,1.0,1.1266092300210246,1.6053925796358262,-0.9330616138095256,0.4887689902311885,1.0147629762637902,0.28480173666368613
1,3.3847257230900474,1.4615672672880433,1.4615672672880433,0.229078177768393,0.0,1.0,1.0,0.0,1.0,0.0,-0.6472140573321292,0.21168718932919212,0.08293504920318395,0.4539558270256477,0.5779146544428952,2.308289333828769
1,6.344201445841738,3.5242106727283726,3.5242106727283726,5.455127516930865,1.0,0.0,0.0,1.0,0.0,0.0,2.156247721867228,1.3525900187108224,1.83447309033995,1.8703484060412443,0.8546558665277822,0.897869573271394
1,1.091865674032786,1.7792602252859862,1.7792602252859862,2.2745902574267234,0.0,0.0,0.0,1.0,1.0,1.0,0.6618374078347666,0.5905778240736335,-0.10806510327281271,0.05443662504523922,0.6470800874420543,1.3804198700833379
1,5.733986208505013,2.7777535872360892,2.7777535872360892,4.313185568780856,0.0,1.0,0.0,0.0,0.0,1.0,1.789498275975172,1.7643068568146083,1.5690501241380885,1.0184228380627418,0.34777873895096356,2.15120944416627
0,3.018856208572682,2.3013021723142097,1.7687446134868456,2.3013021723142097,0.0,1.0,0.0,1.0,1.0,0.0,0.0849032817520311,-0.799236581476034,-1.0363030554049169,0.6810557368430574,0.8234505453227301,0.7584971248094082
1,6.110664927322411,4.806255827359255,4.806255827359255,5.2126410964745595,0.0,0.0,0.0,1.0,0.0,0.0,1.3952375631580958,2.2846740047401806,0.8426342703836505,2.5221029963122095,0.19357095539141023,2.3678229126182084
1,5.905660137102639,2.276583848588004,2.276583848588004,2.6666613626898563,0.0,0.0,1.0,0.0,0.0,0.0,2.0863154383980005,-0.14782338051922583,0.30695985592850616,0.27473001526693275,0.4770553259223681,0.1775926632184881
1,3.235664701309439,0.386326078921464,0.386326078921464,3.52340597040778,0.0,0.0,0.0,0.0,0.0,0.0,1.8156464114371347,-0.009806961696035121,0.42932125385795294,0.16157862832290948,0.5006618743358189,0.9413590704688075
1,4.179994735428525,1.5373921521695502,1.5373921521695502,4.802545169700561,0.0,1.0,0.0,0.0,0.0,1.0,1.1490616423727402,-0.11531824846088035,-0.9049786968990836,1.387874710452296,0.3608203270441075,0.9129325849571439
1,2.3982524330671167,-0.012765869919026951,-0.012765869919026951,1.8015160490772424,0.0,0.0,1.0,0.0,0.0,0.0,-0.2146008322046512,1.1087059798985643,0.9372133347716357,0.5325999315598653,1.6069428187426196,0.9227566223130474
0,6.4014718178742385,7.287944565182104,3.500604904664706,7.287944565182104,1.0,1.0,0.0,0.0,0.0,0.0,2.3756798510159816,0.9721914243507187,0.41195511836622356,0.16767171065151454,2.530668735722327,-0.41794969577728613
1,6.569352554137,2.2165031035570992,2.2165031035570992,6.708262642237488,0.0,1.0,0.0,1.0,0.0,1.0,1.5552869730279844,1.8552617453001439,2.16621257894524,2.055350472278074,1.320714720704486,1.821714824945298
1,7.834388541903663,6.283290224247388,6.283290224247388,9.475080582550987,1.0,1.0,1.0,0.0,0.0,1.0,2.385389614755547,0.47965031314540646,0.9888812680919663,0.7354466339446868,1.3549457203467954,1.5095559087751207
1,0.7316482311006873,-1.0697051335150425,-1.0697051335150425,0.9391354904127142,0.0,0.0,0.0,1.0,0.0,0.0,0.16367161571744004,-0.6373877602265205,0.6233784518592034,-0.5811300428866475,1.3285213495955628,1.9652550646145013
1,5.7953537531492385,2.1585838966203723,2.1585838966203723,4.735668442460943,1.0,1.0,0.0,1.0,1.0,1.0,0.3654002762392412,-1.4246938594076886,-1.4276800029141075,0.6891182794155506,0.2399734874567343,0.7414393381132985
0,-0.18461979386750627,-0.2170849764401679,-0.28753491991106106,-0.2170849764401679,0.0,0.0,0.0,0.0,1.0,1.0,-1.6293410035487157,-0.784620470463512,-0.9971802010950086,0.19361634462516553,-1.031141425587215,1.5163535960726022
1,7.43028160971277,3.987053497379704,3.987053497379704,5.213719490162295,1.0,0.0,0.0,0.0,1.0,0.0,1.0667098111561386,1.4856721393455028,1.2222989799051773,1.7922000125015614,2.642608504747927,1.5342118659926978
1,3.059914140169432,4.488819316975139,4.488819316975139,4.641212985014627,1.0,0.0,0.0,0.0,1.0,0.0,0.531087923435452,1.6791987807561766,1.3805667057976698,0.8728571489109838,0.45037105617286555,-0.11561026580486322
0,1.381909376115233,2.4687938904279796,-1.0978326858001575,2.4687938904279796,1.0,0.0,0.0,0.0,0.0,1.0,-0.9659601748706887,-0.2759935728384586,1.5809558217583648,0.15325485924977544,1.423959411819972,0.2674548414834985
1,1.0248118711991268,2.2963501093420473,2.2963501093420473,2.387930203389207,0.0,0.0,1.0,1.0,1.0,0.0,0.24066384896964732,-0.3164690386710366,-0.18665328969439032,-1.526481892435224,1.3935358705870622,0.6270665443425726
0,1.8747598772501932,3.0903042224089026,-0.1953751993817754,3.0903042224089026,0.0,0.0,0.0,1.0,1.0,0.0,1.01867840632741,-1.1932640828091983,-1.3476081232628194,0.13160574432966476,1.8777456615054824,1.0715468718060999
1,2.354437987064254,-0.11274506875411139,-0.11274506875411139,1.2196138222445752,0.0,0.0,0.0,1.0,0.0,0.0,0.8483075274551191,-0.6003215361536152,1.121878713186446,0.5541008508622789,2.562927158150951,0.4536359456204988
1,6.474754012251962,2.486826655055393,2.486826655055393,3.509174990779746,1.0,0.0,1.0,0.0,1.0,0.0,1.032794897669154,0.16732161585800864,1.3684020977414804,1.68270209298097,3.941197764047094,1.5744185456275122
1,2.8930909716585815,2.5171651331644593,2.5171651331644593,3.14162221660227,0.0,1.0,0.0,1.0,0.0,0.0,0.8288882220001712,-0.3732507504014928,-1.0952634514885573,-1.2159508007868478,1.5279889561082525,-0.21167535852310548
0,2.2188068321647036,3.8825636012088847,2.5699843781230047,3.8825636012088847,1.0,0.0,1.0,0.0,0.0,1.0,-0.7262607378373322,1.1660061134386546,-1.1750641426375954,-0.2626706150041134,1.4891728328639453,0.9910492042339494
