1,8.939750094667733,6.431474823569483,6.431474823569483,8.093567343321059,0.0,1.0,0.0,1.0,0.0,1.0,1.3447840859595752,3.3329656036839896,0.9523877830758698,1.2938882408152617,2.1538925285162027,2.4174479047349005
0,0.8990131093687141,2.9816924982582074,0.2257793603309951,2.9816924982582074,1.0,0.0,0.0,0.0,0.0,1.0,-0.8249243365715104,-0.4484405613404837,-1.3335699635882987,0.26136280790029864,2.1791978156830076,-0.8307838743901095
1,4.776076663215863,2.5136082593074343,2.5136082593074343,4.733112724973587,1.0,1.0,0.0,0.0,0.0,0.0,0.4377705890632519,0.002563943716010264,0.12229348859367783,1.2033487234443785,1.864506754813387,0.4348765409846608
1,5.56300308924981,3.427193739850692,3.427193739850692,5.102649007479096,0.0,1.0,1.0,1.0,0.0,1.0,1.2996445027331425,0.7425439664674712,0.3746638743772499,0.7507946775179242,-0.019127774733630032,1.366990264043245
1,2.2322750448515225,1.2045258809027148,1.2045258809027148,2.7238158370506627,0.0,1.0,1.0,1.0,1.0,0.0,-0.23871584042281735,-0.2507499556412345,-0.40679946804713796,-1.4295839587741737,0.43180116627335674,0.23686523171800833
1,2.978920823854551,0.21789790454435765,0.21789790454435765,4.142611044288683,0.0,0.0,0.0,1.0,0.0,0.0,0.47326990510693173,1.041782352887608,-0.1848041217382066,-1.1948185822452377,1.475620419442463,1.4445985928685368
0,2.7306687229746984,2.65916995829041,0.6885660617693846,2.65916995829041,0.0,0.0,0.0,0.0,0.0,0.0,1.070163432481423,-0.022189988698008145,2.0458417250552694,2.0668398658668914,3.191509021293104,1.4968393229436843
1,2.1762139075198923,-0.31268222745295393,-0.31268222745295393,1.9289870073208824,1.0,1.0,1.0,1.0,0.0,1.0,-0.7703115917347916,-1.4838642705222573,0.582488280260313,-1.1133042873049277,-0.5863246848778283,0.4672282333358848
0,5.024258422947449,7.2382380241923645,6.85036091205255,7.2382380241923645,0.0,0.0,0.0,0.0,0.0,0.0,3.0133640660724885,1.5893574572005182,-0.39496813121304475,1.098863977487637,0.9301519050011706,1.1153164426587159
1,7.302513052222222,3.710046820747031,3.710046820747031,5.094480952901694,1.0,0.0,0.0,0.0,1.0,0.0,0.7533827270665407,2.181141270425302,0.6035245864688199,-1.7480450387121342,1.8022885823689319,1.5610901836367863
0,0.12179180325200527,1.2699745254236883,-0.6500721020477848,1.2699745254236883,0.0,0.0,0.0,0.0,1.0,0.0,-0.2597040468042049,-0.18406537601469708,-1.0813309662061217,0.16466382991875977,-0.0524267536588614,-0.4340673113681388
1,-0.10893698448303146,0.5423017819784197,0.5423017819784197,1.079138166723054,1.0,0.0,1.0,1.0,0.0,0.0,-2.059588262634808,0.4848802435878462,-1.9729252602099203,-1.000753912658488,-0.43669823127927776,1.4401755515497712
1,3.816636533403587,3.4082342016673834,3.4082342016673834,3.9913620657467015,0.0,1.0,0.0,0.0,0.0,1.0,0.5331118492200593,0.043030523604349113,0.13862358691339693,0.014646707118837088,1.0950854067065545,3.1810925512444097
0,2.440324484464423,6.193231995413541,3.243958759307203,6.193231995413541,0.0,1.0,1.0,0.0,0.0,1.0,0.8714726363781077,0.5470631707144183,0.928214194692761,1.2267891573079666,1.3027786403056416,1.3553849211766704
0,4.759112424661922,6.824959752628599,3.8214255282414085,6.824959752628599,1.0,0.0,0.0,0.0,1.0,0.0,1.0751651816183756,2.021078816240452,0.7546394775461043,0.3926704110813593,2.956039885440254,1.2266187977402208
1,5.634480109303894,3.613192159270648,3.613192159270648,2.131799423972638,1.0,1.0,1.0,0.0,0.0,0.0,0.47864648215794936,-0.19066836259028386,-1.597087398515098,-0.8757864050825228,1.8374099662141727,0.7543194321614115
1,2.5715380117029927,3.573060925739456,3.573060925739456,2.722007535900986,1.0,0.0,0.0,0.0,0.0,0.0,0.6052119884842564,1.0187665892002467,1.1788233017695184,1.9817151425060073,1.6762894880305355,0.4295582748303668
1,3.651185690199277,3.140670764782881,3.140670764782881,3.1420728452846207,0.0,1.0,0.0,0.0,0.0,0.0,0.506545810230121,0.3932728358394857,0.055459259259059424,-0.6858785415898201,1.6584439555494717,1.8576473458298048
1,3.599634905544394,0.9803067901163743,0.9803067901163743,0.933907771129856,0.0,0.0,1.0,0.0,1.0,0.0,0.5122355184629814,0.0817962748159492,0.4524478984681205,0.7037990755699516,0.3423535582485072,-0.17631273283050453
0,-1.289550158012751,1.8714277413165552,-2.422908338249268,1.8714277413165552,0.0,0.0,0.0,0.0,0.0,0.0,0.4150036086265332,-1.2834114736965165,-0.8038507920952092,-1.478474991413218,-0.3766814360158972,-1.72064806081239
0,1.192026522551272,1.407729845877514,0.9979378777736577,1.407729845877514,1.0,0.0,0.0,0.0,0.0,0.0,-1.2852827229422557,0.7833538476308624,-1.1580211134433396,-0.3084240792635955,0.7754467472325879,0.8260645768867849
1,1.4009746258659568,2.4949474870717485,2.4949474870717485,3.9075189918163833,1.0,1.0,1.0,0.0,0.0,0.0,-1.2057024748428875,0.2887203704459708,-0.5894194014793399,0.9295172480955335,1.954863335432791,-1.2930170540415489
1,3.533195685312857,1.9131272724453603,1.9131272724453603,3.534175733448798,0.0,0.0,1.0,0.0,0.0,1.0,1.1914312176708801,1.6607551655412565,0.9685010395526004,-0.21842640417921544,1.919702415476056,2.733242622608112
0,2.78177418544751,6.258682651147559,4.07820922935898,6.258682651147559,1.0,1.0,1.0,1.0,0.0,0.0,0.30551180469503525,1.2339278985023792,1.8758873113626167,-0.4366574784273215,0.4256391438642362,1.764725618855842
1,4.356358261844926,3.631617666358299,3.631617666358299,2.593585836111318,0.0,0.0,1.0,0.0,1.0,0.0,0.4795997791786536,0.628210822576955,-0.4822410453101964,1.5560402993519995,1.3757678014030708,1.885971557814322
1,1.6982801524857996,-1.8697073817274368,-1.8697073817274368,0.9745527584893481,0.0,0.0,1.0,0.0,0.0,0.0,-0.5353956710993972,-1.137454173156772,-1.4290327368045195,-1.1743545474996213,0.8038720488529448,1.2296172138782193
1,3.448016817566925,3.7425947390023033,3.7425947390023033,4.508129306112036,0.0,1.0,0.0,1.0,1.0,0.0,0.380721477820899,1.1038172755506708,-0.48712643092881924,1.7553478769316824,0.9999480862565918,1.5661428702077793
0,2.025951945831922,4.1926433788750535,2.377946672405743,4.1926433788750535,1.0,0.0,1.0,1.0,0.0,1.0,-0.14175733268613078,1.47729987115087,-0.0012378935944877822,-0.3982080456885193,1.0390275485158054,1.5063502686683818
0,5.584174215493544,7.01785759636518,3.3861090581459186,7.01785759636518,0.0,1.0,1.0,1.0,0.0,0.0,2.11709840111333,0.9147765994369661,1.2181830544245988,1.5753343662857155,2.7940277899425583,2.2657398875090027
1,3.071325102596168,0.5882511216594457,0.5882511216594457,0.5397124356462026,0.0,0.0,1.0,0.0,0.0,0.0,-0.10386252536661178,0.3935776067373988,0.1358901977196274,1.4517912715163122,1.4029972650065363,0.24378815600012105
0,6.661830787111847,9.637062692752249,4.635054382315565,9.637062692752249,1.0,1.0,1.0,1.0,0.0,0.0,2.2306781588137,1.8725948097884122,1.9922866232168004,2.080522576065748,1.7336799558195173,3.602870096253856
1,4.5858714079472955,4.010288481566997,4.010288481566997,4.840331599819251,1.0,1.0,0.0,0.0,0.0,1.0,0.7549730800539687,0.180585057885425,0.8284226197481152,1.8340857695975448,-0.9277904502168428,1.2386308438098164
1,3.196050429724404,1.443375074709428,1.443375074709428,3.890658322308734,0.0,0.0,0.0,0.0,0.0,0.0,2.15406991655349,0.47601492437519377,1.53707447939407,-0.06734824409478568,-0.109567980862745,0.21944987238519675
1,5.299696532753158,1.0420842342337673,1.0420842342337673,4.246893102099102,1.0,1.0,0.0,1.0,1.0,0.0,-0.3686097464992739,-0.022430551821447153,0.7665364837680841,2.3039758078548793,1.8138995917194471,1.1295887273434013
0,2.824050897606101,5.084917568329921,2.0842778767370778,5.084917568329921,0.0,0.0,0.0,1.0,0.0,0.0,2.2288079094413966,-0.12081085814149695,0.5708314706948835,1.0206960777149205,0.49347218649240854,1.9007032531852728
1,4.913356889879154,4.658138258371842,4.658138258371842,7.256189574994742,0.0,0.0,1.0,0.0,0.0,0.0,2.8996809306035636,1.4773844066454185,1.4636403661758377,0.6584875765897328,1.3397024518654939,2.4059831911047476
0,6.490699029978089,8.20341803329762,7.04531971440837,8.20341803329762,1.0,0.0,1.0,0.0,1.0,0.0,2.5146354545868976,3.308212470116247,3.1233879723283455,2.122019817245226,2.549741935157351,3.3279025573823344
1,3.4757055788049414,1.904294421795613,1.904294421795613,5.165296528609252,1.0,0.0,1.0,0.0,1.0,0.0,0.228709537202125,0.3983716644503137,0.13421908535000315,-1.0377690814315794,1.471037293052218,1.7397869824616539
1,1.2473164201104965,1.962849340696715,1.962849340696715,4.447167499647303,0.0,0.0,0.0,1.0,0.0,0.0,0.32202289548970203,1.06494813428547,0.2092043486600993,-0.23526726889513172,1.2532543673511443,1.2306071789319482
1,3.5897463971192742,1.6644560634676746,1.6644560634676746,4.460356388142078,1.0,1.0,1.0,1.0,0.0,0.0,-0.8252614295376413,1.503898966030474,1.431094912249673,0.41514738519798083,0.760972690527936,1.8721695752641905
0,-0.1778121141533464,-0.2973389055835756,-1.3254578507141295,-0.2973389055835756,0.0,1.0,0.0,0.0,1.0,0.0,-0.6389335407954548,-1.1228202222307622,0.5956068129463454,-1.1037561958273927,-0.18807636076954015,0.9528177043386992
0,1.1998756993975792,2.695305583368876,1.7390313186687854,2.695305583368876,0.0,0.0,0.0,1.0,0.0,0.0,0.9120074289249019,1.0212991816723942,0.6691818408793324,-0.6776469599726211,0.7122629122697504,0.19106927478368552
1,5.421722114612078,3.396447125282108,3.396447125282108,5.222835003686701,1.0,0.0,1.0,0.0,1.0,1.0,0.006547056692122966,1.2868496989306366,-1.54969507473217,0.245863957424667,0.7762432329831901,-0.23323273777218168
1,4.988654282673573,3.6397242567422357,3.6397242567422357,6.061305116786817,1.0,0.0,1.0,0.0,0.0,0.0,0.8923994156214896,1.4483460791424394,-0.49834642788050443,0.8649883139078565,1.0381958723040812,1.4350249475924266
1,5.052249718190644,2.679062654879956,2.679062654879956,4.1693470685427805,1.0,1.0,1.0,0.0,1.0,1.0,0.3147313020067455,0.3660624066144816,0.47179741958216254,-0.21540283060490695,0.12858268679353269,0.5249125271020034
0,5.799573505222705,8.156230341422022,4.626149938945604,8.156230341422022,1.0,0.0,1.0,1.0,1.0,0.0,1.0707860751922806,1.9595951602590165,-0.5094374517212121,-0.3279087406866984,1.2602821239353355,2.3076553812323106
0,4.330055392105427,6.2447903753517755,4.829500566023462,6.2447903753517755,1.0,1.0,1.0,0.0,1.0,1.0,2.2503081007096806,0.3496708928134077,1.6017309212945032,0.26103056073871755,0.9196378094956894,1.8846013906775103
1,2.0398469475613945,0.8736786302943644,0.8736786302943644,2.0721973218310987,0.0,1.0,0.0,0.0,0.0,0.0,0.7800834099682559,0.16273914929899558,1.3154180181329402,-0.18263492906205214,1.790459990943639,0.12598685686850686
1,8.588841069478226,6.438434355714726,6.438434355714726,8.446342014872393,1.0,0.0,0.0,1.0,1.0,0.0,2.6766807155611962,1.9340139736467254,0.8157459950361551,0.4567091095119041,1.851312434786251,1.9232682143025448
1,3.47072402977031,0.4862617360423229,0.4862617360423229,4.005013875140908,1.0,0.0,0.0,1.0,0.0,1.0,0.8961866312229031,0.7911866930850759,1.2033175682150723,0.8551503953449073,0.5710833062837067,0.4985986631934861
0,2.193246798226699,-0.858661715757788,1.1192586340442072,-0.858661715757788,0.0,1.0,0.0,0.0,0.0,1.0,-0.03028378921124142,-0.6063991849497317,-0.41504736765281736,0.7435894005254443,-0.004814302176850305,-0.2293301259720011
0,4.694614447831372,7.923955679121495,5.282937911444239,7.923955679121495,1.0,0.0,0.0,0.0,1.0,1.0,1.3957265027776278,1.6262954535407028,0.12221894716230797,1.1664284902484678,2.3123611422757113,2.2394998925341714
1,-1.3271417653405355,-1.0799818350570674,-1.0799818350570674,-1.1169708884006706,0.0,0.0,1.0,0.0,0.0,0.0,-0.7911924035270264,-0.5924106454703524,1.627585030145713,1.3476293207169099,1.7937453272234936,-0.23398891442942937
1,2.7447680677416058,0.3267543465009195,0.3267543465009195,3.486773541420902,1.0,0.0,0.0,0.0,1.0,1.0,0.4394750779881123,0.17680701889478945,0.009614432759625258,0.41707293532389644,1.3271848729984157,0.6797319024066328
0,2.466703015869477,5.741698893321673,2.217046159611497,5.741698893321673,1.0,1.0,1.0,0.0,0.0,1.0,0.5290610905033993,-0.1399245092028658,-0.3247589773314189,-0.218166745767993,-0.38533604703670177,0.3496657512800513
1,5.474712322512469,4.051892573428255,4.051892573428255,5.392360647785123,0.0,0.0,0.0,1.0,0.0,0.0,1.573454284415392,1.5312370520027463,1.2179691698797983,3.3956468714548746,3.192467291390711,1.381377293630295
1,4.183088978026219,3.7801972098641787,3.7801972098641787,4.466519828705401,0.0,0.0,1.0,1.0,0.0,0.0,1.0692689554550303,0.7834580510176463,0.19945189060152352,1.4090517635481146,0.8372515974875734,3.1386040334675465
1,3.213852401600116,2.067138543148045,2.067138543148045,1.4399577533058807,1.0,0.0,0.0,0.0,1.0,0.0,0.05251916968610104,0.448913995314133,2.2294861100421315,1.6141002300237448,0.7180576268172585,2.030959647437083
1,-0.09723358049917907,-0.6392574802475975,-0.6392574802475975,2.3810603542779036,1.0,1.0,0.0,0.0,0.0,0.0,-1.0939509631743687,-0.14410163201710358,1.2097755336128586,1.5511163718907692,-0.002566335049488222,-0.2560898852590734
1,1.9690836070603444,2.682066459608995,2.682066459608995,1.5763124445758974,0.0,0.0,0.0,1.0,0.0,0.0,0.5255567214099872,-0.1855718775408186,-0.07769798001647565,0.11185357050335837,0.4988966935156214,0.9206460399940939
0,0.8541966857747201,1.5091390824751456,3.192937667693477,1.5091390824751456,1.0,0.0,1.0,0.0,0.0,1.0,-1.3586304912974092,0.09165593692650442,-1.8394577088672426,2.1775791164194414,0.809297307524093,0.687574313006412
1,2.881116306070013,1.6780486264225596,1.6780486264225596,6.348680356571238,1.0,0.0,0.0,0.0,1.0,0.0,1.5196129061664747,0.80210627725069,1.6751976089653557,0.8056217373897463,0.2590609826809799,1.4292209685323989
0,0.5957721474793934,2.375470388359076,2.9741315450289605,2.375470388359076,0.0,0.0,0.0,1.0,0.0,0.0,0.21808074253071685,0.8764076875208203,-0.499127075972287,-0.21838783828498065,2.6996588129711494,1.1367318726947038
0,4.910505193833146,3.3608374388334714,2.700404789458837,3.3608374388334714,1.0,1.0,0.0,1.0,1.0,1.0,0.5591354890996467,1.1149836550850916,0.34065577903741795,-0.010226922134912386,0.6485119559646586,-0.013642851702658998
1,0.627792310609051,1.508516256462993,1.508516256462993,1.0206581122422103,0.0,0.0,0.0,0.0,1.0,0.0,0.48926478642434446,0.37615258116864114,0.9595509392801586,-0.7754108314940735,0.6658179880575188,1.4210524220376053
0,4.445178432413729,7.426155442376937,3.6417640432690517,7.426155442376937,0.0,1.0,1.0,1.0,1.0,0.0,1.0546038093293326,2.008043480332827,1.1296878323753616,2.0327810016548455,0.6158839810121318,1.06407894006835
1,5.255016083303494,1.8723808965355726,1.8723808965355726,6.9830817727958845,0.0,0.0,0.0,0.0,0.0,0.0,0.6719371939893833,2.089389792875676,0.6164614100499552,0.17959026732829808,1.680257310911673,3.0073093934262047
0,-1.2677020686894127,1.2182025522346096,2.667242806493431,1.2182025522346096,1.0,1.0,0.0,1.0,0.0,1.0,-0.16354175833259232,-0.6836593891648792,-0.7981874647054332,-1.1396568283515809,0.5168663582626616,0.2511194884208111
1,6.25884005082245,2.85185016278321,2.85185016278321,7.439768509929417,1.0,0.0,0.0,1.0,0.0,0.0,0.8541397070637377,1.4038393674793033,0.1842475333689183,1.5505895534073446,1.8788541862072612,-0.027015341247393687
1,3.9357579517053227,1.5658885086728667,1.5658885086728667,3.586394516095435,0.0,0.0,0.0,0.0,0.0,0.0,1.41683034981972,0.131717276460372,-0.04438837883885416,0.5643009080815069,1.168715388283878,2.027109201422345
0,2.829873396755145,6.32687038990652,2.414882868938637,6.32687038990652,0.0,1.0,1.0,0.0,0.0,1.0,0.5612056056443041,2.1546510393363034,0.5154723789152976,0.049014204266696226,1.9020743579015198,1.0741858289458004
1,-1.1386425852960387,-0.8010477619150072,-0.8010477619150072,-2.2629974065078704,0.0,0.0,1.0,1.0,0.0,1.0,-1.3762061296107637,-0.33580214556623866,-0.5633133002668644,0.7860147412590461,-0.8559664353309409,0.6488256999110414
1,2.8813696756800926,3.2963658535540987,3.2963658535540987,4.940363517497645,1.0,0.0,0.0,0.0,1.0,0.0,1.6672107942170633,0.9823732703545172,2.075815872790384,1.6257756183854084,1.0691131042027493,1.1891277198577739
1,2.8023703515141847,2.3163652523680587,2.3163652523680587,2.412206496059796,0.0,1.0,1.0,0.0,0.0,0.0,0.25331972335434383,0.5000726540908201,-0.6678082051589598,-1.1324501621725367,-0.09310008950440385,1.3640096468070677
1,2.348627725712272,0.23261963586227963,0.23261963586227963,2.9250529855261966,0.0,1.0,0.0,0.0,0.0,0.0,0.4340110487190939,-0.8929394970142357,-0.7852299133568024,-1.6422052699030747,1.1942413521716801,1.4195291152462128
1,1.760293045299997,1.1305140725956353,1.1305140725956353,3.836726997649029,0.0,1.0,1.0,0.0,1.0,1.0,0.16936041873485108,-0.7154386049882846,0.16400818067630996,0.5573640292419102,1.3781387272781835,1.0076169460961832
1,6.412510790034629,3.1763484911896853,3.1763484911896853,5.899947574158368,0.0,1.0,0.0,0.0,0.0,1.0,1.6749347796659646,1.5097735469295546,0.6917916147652865,0.2815936982911813,3.5464658063916743,-0.10057308396177733
0,1.5168935370995005,3.9958886929187045,3.6176319983666496,3.9958886929187045,0.0,1.0,0.0,1.0,0.0,1.0,0.5874504626302177,1.2407126012805922,0.9246214526599582,-0.7884704258687929,1.7843935760880303,1.4808311840949455
0,1.7446278063030736,2.539113520598592,1.1910564657904619,2.539113520598592,1.0,1.0,0.0,1.0,0.0,0.0,-0.14231103812197854,0.5843622219525465,1.6737977185238515,-0.07421153480490794,0.3473436556969097,2.291510518731654
1,5.226716147068992,3.8851592404566353,3.8851592404566353,5.7143668024406855,1.0,1.0,0.0,1.0,1.0,0.0,0.9927187254982661,1.493064832895957,0.2720559877169382,-1.012112028495217,-0.45489852803551134,0.04239747694822826
1,5.216069434527421,3.0689595917118417,3.0689595917118417,5.328811060807364,1.0,1.0,0.0,0.0,1.0,0.0,0.29497128597358324,1.272794061393965,0.3952697220951746,1.3824309765334712,1.2515194887062016,2.494084431768704
0,1.5899528964302383,1.3609376525814008,0.4061501227686828,1.3609376525814008,1.0,1.0,1.0,0.0,0.0,0.0,-0.7342300766021734,-0.3145808732545601,-1.0196264730908813,-0.5694070196841368,1.5050241533046256,1.138957679560018
0,1.6571587428251318,3.959047578625318,1.8104613488635695,3.959047578625318,1.0,1.0,0.0,0.0,0.0,1.0,-0.7697475024929783,0.5674139102125111,0.027579017917916615,1.46204074223782,0.7037673012062224,-0.21954885653664702
1,0.8306028547565685,1.092208289153259,1.092208289153259,1.185535956459106,0.0,0.0,1.0,1.0,0.0,0.0,-1.156429048870096,1.141636525294392,1.5102026641680917,1.3041059117270661,0.9756862415044306,1.5404300659590646
0,4.649787258744596,7.205541809304222,4.980298198088607,7.205541809304222,0.0,1.0,1.0,0.0,0.0,0.0,2.2050855154508264,1.4888066041327366,-0.853718934361791,-0.18370602971933714,0.8535169659804213,1.3850836492865501
1,5.352162810287651,1.6642934129688944,1.6642934129688944,4.02065668759282,1.0,1.0,0.0,0.0,0.0,0.0,0.15464548747165913,0.6661918524907677,0.5102579908116283,0.7341264161831524,1.6749782510743363,1.5335004607321763
1,8.427090140681356,7.715617526972201,7.715617526972201,7.998976827027903,0.0,0.0,1.0,0.0,0.0,0.0,1.7670664791158466,2.3285437230070913,-0.2697021726575006,2.0130746685244985,0.0047836448660806274,2.136739742266416
1,2.310011807137961,1.0396473214496393,1.0396473214496393,1.5018025341046102,0.0,0.0,1.0,1.0,0.0,0.0,0.20647512543719787,1.3470294822725366,1.4486762898490038,0.3660967089543432,0.5921672422122088,-0.18680991392084567
1,1.8060728409039106,0.3831813691796184,0.3831813691796184,0.05504654853994545,0.0,0.0,1.0,1.0,0.0,1.0,-0.8174514560856121,0.19458410588348107,1.2112290593538324,-0.5250229864728664,0.6016258877421309,-0.07282025882239229
1,1.9352690759605118,0.14093660459850899,0.14093660459850899,3.677290245000897,0.0,1.0,1.0,1.0,0.0,0.0,-0.9446239725780294,0.7428712767125756,-2.0429756451158347,0.8293867604437113,1.5800954824886786,-0.31781350595328517
1,2.388341563337386,0.6980601424568441,0.6980601424568441,1.8642863964044705,0.0,1.0,0.0,1.0,0.0,0.0,-0.3882527025321395,-0.44678165576993223,0.58361151716236,0.6358082967296985,0.4176443610428433,-0.17762943638716955
1,5.091892589393816,2.4225229267078876,2.4225229267078876,5.370654588038898,1.0,1.0,0.0,0.0,0.0,0.0,2.363122977132101,-0.900107371744457,-0.22600988453672644,-0.47187391134569756,-0.43214172654989946,0.33792478095277223
0,-3.237871617150054,2.7274297374199894,1.1816265381483457,2.7274297374199894,1.0,0.0,0.0,1.0,1.0,1.0,-0.7696956478906738,-1.6597156926235357,0.3020195815850876,-0.45279753922497523,1.2239524054675752,1.1040512805981488
0,0.6939922259012345,0.5991647690046704,-1.5271893028931673,0.5991647690046704,0.0,0.0,0.0,0.0,1.0,1.0,0.07163620235333074,1.0706963245615964,1.0746918891944326,0.501805154303809,1.0930629406010546,0.9657503389262694
0,3.5537200236674664,6.9788401873665045,0.24493683662946397,6.9788401873665045,0.0,1.0,0.0,0.0,0.0,0.0,1.2489368865174473,0.7384175345252479,0.714105511761146,-0.07410249007309555,1.3059730075118159,1.3745307736346173
1,5.822362306978005,2.5904315757261442,2.5904315757261442,4.902713359826121,1.0,1.0,1.0,0.0,0.0,1.0,0.8068302649315782,0.39238085068594586,0.21681537061751843,-0.23991454544730084,1.1904794018432607,1.1181771045358675
1,-0.04443649317206155,1.9702758970525034,1.9702758970525034,1.565134386674274,0.0,0.0,0.0,0.0,1.0,0.0,0.6451481962222418,0.27160290900569134,0.36229674797314415,0.4601869852935081,1.869612794892007,0.8968358169476703
1,2.9838557211671657,1.6283518076805379,1.6283518076805379,2.150281695651738,0.0,1.0,1.0,0.0,1.0,0.0,-0.20675065985043528,0.4275700405171038,1.7595892075521187,1.2042156091305825,0.13214753978216054,2.045192270498378
1,-0.29365853264710884,1.101809566434496,1.101809566434496,2.2105394042553783,0.0,1.0,0.0,0.0,0.0,0.0,0.21414903740315216,-0.03602348316749082,1.8954203322761742,0.16294376664864907,1.561265017127095,-0.1948755334744221
1,1.916850851906608,1.3501009444190541,1.3501009444190541,2.2856904226735884,0.0,0.0,0.0,1.0,1.0,0.0,0.09761640734240873,0.9438314288247848,1.1312735042319306,0.41108105657116284,0.4576311539224369,1.3389466511960353
0,-0.7103536092547046,-1.3447985948050918,-1.2158458830994925,-1.3447985948050918,0.0,0.0,0.0,1.0,0.0,0.0,-0.036367032798810595,-0.9465496451319582,0.18680666902388443,-0.7488660910935021,1.3800018746551737,0.822271652996907
1,4.888011865894674,4.334573115536103,4.334573115536103,3.870610890525364,0.0,1.0,0.0,1.0,1.0,1.0,0.4621902892127913,1.36380503128233,-0.6184638121903565,-0.8213614077686406,0.29766603528865954,0.9113340363815295
1,4.00972195210078,2.0040846815690765,2.0040846815690765,5.377318104224874,1.0,1.0,0.0,0.0,1.0,1.0,0.5479812369101487,0.725507617519596,0.741359345784255,0.9372604445248001,1.3863101253837982,0.23603113713599
0,0.39840497010533626,3.2031289415748216,1.5402374364607376,3.2031289415748216,1.0,1.0,1.0,1.0,0.0,1.0,-0.7041795980044905,0.1476724683361641,-0.5488294755097058,-0.7259501687912011,1.7132627100426723,1.6726817873504232
0,1.9595385344150182,0.9020455937887779,1.4155239890302458,0.9020455937887779,1.0,0.0,0.0,0.0,0.0,1.0,-0.5512357491737476,1.646892502585941,0.20672153640880508,-1.2093688738142798,-0.6131313664974929,-0.7118694620793242
1,4.409948543543186,1.751634794250259,1.751634794250259,4.635265673057216,0.0,0.0,1.0,0.0,0.0,1.0,1.3722252698452255,0.6330649490912835,1.2586551706955973,1.2258095109484293,2.636060242237836,1.507666023321325
1,6.351887712450923,2.637328387860837,2.637328387860837,4.4158452088822235,0.0,0.0,0.0,1.0,1.0,0.0,1.203332231326737,1.774227651320465,0.36012039246308714,0.8616098073660343,2.5228975887550167,1.1409652347577686
1,5.440054492099888,1.382291209739913,1.382291209739913,2.9786925920021288,0.0,1.0,1.0,0.0,1.0,0.0,0.48253942589290333,-0.3878916655203908,0.39854938376302895,1.404545516928765,0.6534819533264267,0.9160194595832382
1,5.155177194705093,3.205223886617452,3.205223886617452,4.3560975467632295,0.0,1.0,1.0,0.0,0.0,0.0,1.0001534497113294,0.5219582198287056,0.13151645376835686,2.256260506106802,1.2865078657815814,1.1225623391219914
1,2.9208190089034733,1.9182603820253854,1.9182603820253854,4.353222240706491,1.0,0.0,0.0,0.0,1.0,0.0,0.6604043960606133,-0.04271343253341087,0.115314540438056,1.633624390204015,-0.9844653530874381,-0.38011064999433497
1,2.1402900171675876,2.192099008385516,2.192099008385516,4.014730668347132,0.0,0.0,0.0,0.0,0.0,1.0,-0.10883012007985537,1.2735422365926667,1.6951172242977723,1.747675203751923,1.4629860474475238,2.666920735676972
1,3.203847857795564,3.152166316081634,3.152166316081634,4.1409957264370885,0.0,0.0,1.0,0.0,0.0,0.0,1.873765103563993,-0.18460413891016159,0.7557796312677026,0.9576290907870213,-0.04266381394488383,-0.7300241452978367
1,3.4542764394066965,1.6061215451952926,1.6061215451952926,2.307519744112096,0.0,1.0,0.0,0.0,0.0,0.0,1.052264590959045,0.06777629711275868,-0.017871769783486036,0.09633657417312053,0.08896744925347733,1.4783019417746224
1,4.399827281819732,1.595937617457303,1.595937617457303,3.1275538700864596,0.0,1.0,1.0,0.0,0.0,0.0,0.18963702271738536,0.12105045873756898,0.34204087867233457,0.933271050724779,0.1817652657117348,1.607630906054287
1,0.8068227292992525,2.8151895849061783,2.8151895849061783,1.6025227009076775,0.0,1.0,1.0,0.0,1.0,1.0,1.1119015839087802,-0.5360493619657944,1.194919145967593,0.32994081527646035,0.5021656100137792,0.1162589298543788
1,4.211390589890311,2.938344386109394,2.938344386109394,2.159861048503999,0.0,1.0,1.0,0.0,1.0,0.0,0.2612803717644953,0.8622862410528801,1.2421611471793543,0.3530576985292809,1.318103930083181,0.7449673505773271
1,1.232453360015284,1.7876763431472051,1.7876763431472051,1.315917937660951,0.0,1.0,1.0,1.0,0.0,1.0,0.4293139093586007,-0.7650791142261362,0.1397635482757406,-0.12517928803638312,1.550991453353369,0.3347480431049167
0,5.405452254876991,4.599285355621334,3.4942945048542895,4.599285355621334,0.0,1.0,1.0,1.0,1.0,0.0,-0.4328955740343403,1.4511027536683565,-3.0622727958933416,0.30810641078602274,1.3019692014554831,0.6190250326336557
1,1.1646505472114175,-0.8825883648786215,-0.8825883648786215,-0.77717529339643,0.0,0.0,0.0,1.0,0.0,1.0,-0.9631658315960556,-0.2583542188969039,0.38938513777817074,1.457306126594678,0.5182032993189354,-0.1371320933664859
1,5.005088072151865,2.801897683446427,2.801897683446427,6.271797967617278,1.0,1.0,0.0,1.0,1.0,0.0,1.4489817634326816,1.471850880705368,1.2232665745261473,-1.1923602960737667,-0.6501828369354306,2.818573950725847
0,0.48733199035608,2.32880552009166,-1.316050067343882,2.32880552009166,0.0,0.0,0.0,0.0,0.0,0.0,-0.06479757661449115,0.535260754468595,0.4367619659803599,0.857637901887052,-0.7902066974260562,0.10575796290246875
0,0.019414363511543353,1.3379148794305376,1.5659784219630088,1.3379148794305376,0.0,0.0,1.0,1.0,0.0,0.0,-0.2649057564819186,1.2021290420419943,0.06808431544821247,-0.4415469710039348,0.8853156917566294,0.6606306321656192
1,1.2822275416055116,4.3393587295027585,4.3393587295027585,2.608610890132734,0.0,1.0,0.0,0.0,0.0,0.0,0.9729239190703076,0.22974710188783426,1.1682178199521271,0.8163551145920673,-0.027717657928955308,0.36901700891153766
0,1.3701543054372967,0.6668588478620643,1.410364818575543,0.6668588478620643,0.0,0.0,0.0,0.0,0.0,1.0,-0.10992743607842059,0.5984121755500402,-1.0213134763296936,-0.0450313694832134,2.818279441397288,0.74088653688719
1,4.3357652718053314,0.07784463809643194,0.07784463809643194,2.6249100869521618,1.0,0.0,1.0,1.0,0.0,0.0,-0.7635905585711347,-0.2795060955948555,-1.6737991297636445,0.16913690290608474,0.8991160055292998,0.5584149690134237
0,-2.9082201478173935,1.241901708919241,-0.11915859869072576,1.241901708919241,0.0,0.0,1.0,0.0,1.0,0.0,0.07520565204401503,-2.59085907027306,-0.035994756637155234,-0.12438491234154114,-0.7952467775236762,0.5634611088531581
1,3.2986211819389273,3.0306586597004586,3.0306586597004586,2.9033042719665882,1.0,0.0,0.0,0.0,0.0,1.0,0.47329631856390164,0.9986850556195436,1.5600879165584267,1.5320833692802687,2.5018578180106372,2.2888360174852003
1,6.028905897935862,4.027176907985012,4.027176907985012,6.191375104286571,1.0,1.0,1.0,1.0,1.0,0.0,0.6935057111005386,1.1529151376174904,-0.026030876930834945,0.07332405202819908,0.4205572050987103,2.5969477760451882
0,1.562693263552562,3.8231777441804553,4.088983529167294,3.8231777441804553,1.0,0.0,0.0,1.0,0.0,0.0,0.7236262699247344,0.4623882504721023,0.1364938733017152,-0.14106824028702225,1.6982024030624987,0.1435527900825352
0,0.9107788684456954,4.2616048278598315,4.200583281094391,4.2616048278598315,0.0,1.0,1.0,1.0,1.0,1.0,1.6314237982218114,-0.5325706180509451,0.266015461384563,1.49187951973077,1.8340196722231108,0.9690166824220523
1,2.663241910266494,-0.027110880434799922,-0.027110880434799922,1.8303747560326347,0.0,0.0,0.0,1.0,0.0,1.0,1.4491679506574116,0.30519197687718586,1.6988729871591737,0.06244028980569294,1.303924574163959,1.4123430138755069
1,5.643344191065129,2.993407044734752,2.993407044734752,4.7350161663629855,0.0,0.0,0.0,0.0,0.0,0.0,1.8030838218316043,1.4094660299437178,1.3415985634262755,0.689277259989703,3.1939837958558837,1.5988149202217452
0,2.321478595328231,5.2884965212534665,3.9106969977968538,5.2884965212534665,0.0,0.0,0.0,1.0,1.0,0.0,1.0146534809622119,2.069738015745485,1.4068327132201168,1.3400472918082138,2.311293250403781,0.988167682275307
0,1.3397284755995473,1.1068368610532755,0.3453578072148955,1.1068368610532755,0.0,0.0,1.0,0.0,0.0,1.0,-0.3066386108897655,0.5964173217099485,-0.358602804233481,0.3120724571788134,0.7949839731128372,2.040176511585811
0,-0.18321550506345197,1.9362055153387603,0.3598292693141208,1.9362055153387603,0.0,0.0,0.0,1.0,0.0,1.0,-0.7441107818044335,1.2906614534883114,-0.10583393666907148,0.48386157384191864,0.44108208525732473,0.7564950568803728
1,3.2448634513362293,3.908152109528858,3.908152109528858,5.042576232946566,0.0,1.0,0.0,0.0,0.0,0.0,0.42020881602478505,1.6717262266214385,-0.18987191971349104,0.8776460420673395,1.769758199537324,2.600570593282071
1,2.5822682104752013,2.8113563103588235,2.8113563103588235,1.4532250619589597,0.0,1.0,0.0,0.0,0.0,0.0,-0.021032264663567224,-0.1412319819552048,0.9107219537500839,-0.12167157153645514,0.4682008594271414,1.147854070131795
0,3.276527504176183,8.447363374643132,3.6866680949334576,8.447363374643132,0.0,0.0,1.0,1.0,1.0,0.0,2.0920869371452957,1.6790992961182576,1.0640099411380306,1.128161744247128,1.5507407746728945,0.9191041016210807
0,0.5415836247618778,2.4515395013005645,0.8164117511812616,2.4515395013005645,1.0,0.0,0.0,0.0,0.0,1.0,0.6147333336100574,-0.7012029946393126,1.6241433909237877,-0.5017999664927182,1.7351784674104471,1.7156257725375328
1,3.0472552730764058,2.001463560449004,2.001463560449004,4.154356390480816,1.0,0.0,0.0,0.0,0.0,0.0,1.541665106561757,-0.06169330013858554,1.4670988011815094,0.7428803381369349,0.12888081313520672,2.001448379044372
1,6.562207237381414,4.236535919872119,4.236535919872119,6.419511651672448,1.0,1.0,0.0,0.0,1.0,0.0,2.035516725768729,0.33463656032114975,0.3436290715029478,0.8687159554098878,1.69991058840714,-1.0415074148414911
1,4.198588287066397,1.490046219375616,1.490046219375616,3.015856294044414,1.0,0.0,1.0,1.0,0.0,0.0,0.5003463991769702,-0.34145014530521767,1.448473181765436,0.9705508973212494,1.2164341429437375,2.6968008352640873
1,2.8867020657958022,2.0689500042254165,2.0689500042254165,2.6543224332100785,0.0,0.0,1.0,0.0,1.0,0.0,-0.17989308757662648,0.9912430526330707,-0.6209703472040837,0.10694973234876098,0.8824329467058535,1.3037864550107825
1,4.646715549541686,4.833095632371795,4.833095632371795,5.754288534433586,1.0,0.0,1.0,1.0,1.0,1.0,1.0744108076678056,0.5118213481960712,1.2427629620115854,0.9110363108784211,1.201018096824813,1.7820099822833022
1,2.151495076104168,0.0983923268283533,0.0983923268283533,2.618113695304605,0.0,1.0,1.0,1.0,0.0,0.0,0.823402735497077,-0.5119733121850105,-0.019966629128263302,-0.7938231481046942,0.3790918488129552,0.041603284235165905
1,1.6755540661101818,0.18335480859482112,0.18335480859482112,2.135512996502148,1.0,1.0,0.0,0.0,0.0,1.0,-0.4903327894605992,-0.5915514791893859,-0.4693340312062225,1.5792685237054813,0.33815556649345746,0.5089340792200848
0,0.8516480439452017,1.2736627571122074,0.10845611394365715,1.2736627571122074,1.0,0.0,0.0,0.0,1.0,1.0,-0.25023357270164703,-1.5479171666668834,-1.35861419038023,0.14054004244974516,-0.8498776591087216,-1.3334024743700112
1,4.6566234424665005,2.886797733406209,2.886797733406209,5.031730762834334,0.0,1.0,0.0,0.0,1.0,0.0,0.49508788411267973,2.7357437394145823,1.6681290224758791,2.1212242214678625,3.834984705557371,0.7097448865020071
1,5.662763352698455,2.764364179023807,2.764364179023807,5.218580447525836,1.0,1.0,0.0,0.0,0.0,0.0,0.9876731650110476,0.9099790817258129,1.3117593186966858,0.4868666789930329,-0.07731850583541044,2.0749002573571813
1,6.55721431300876,3.7157644486217425,3.7157644486217425,5.915434253600015,1.0,0.0,0.0,0.0,0.0,0.0,1.364110533103896,0.3691953988113306,-0.19207868114608273,-0.4939251725558156,1.6032320557462898,1.3200564084187203
0,3.9426010242329514,3.213318139515092,2.3547903519439024,3.213318139515092,0.0,0.0,0.0,0.0,0.0,1.0,2.0007921797536268,-0.2787536610280743,1.2679945773800976,1.466651492399456,1.3863188707176755,1.1677192019379876
1,5.964868457737805,4.319548346208813,4.319548346208813,6.5232944284288985,1.0,1.0,1.0,0.0,0.0,0.0,1.0295882939438412,0.25111047119675683,-0.45746673238938984,0.5554293267869111,-0.39535080841148185,0.6568352289870965
1,2.1555734734105627,-0.1370571932400213,-0.1370571932400213,2.381495245295021,0.0,0.0,1.0,0.0,0.0,0.0,0.7823405176824199,-0.02502293692959434,-0.17569421362144144,1.3302161086024245,1.4729355902723822,-0.6604741722186922
1,3.128324000030725,0.3496693175625256,0.3496693175625256,1.1046442313025,1.0,1.0,0.0,0.0,0.0,0.0,-1.2674734009571658,0.7079154625755327,-0.18339842443641563,0.6797019823664322,-1.7049360626081533,-0.8947105590712985
0,3.7665032793599798,5.00785055150541,3.4201377797631527,5.00785055150541,0.0,1.0,1.0,0.0,1.0,1.0,0.6127550269418285,1.5806368881816146,0.25021816315099615,1.1120737168854675,2.228916667758702,-0.14830421144611705
1,7.674508348217097,5.199468891568835,5.199468891568835,4.874058761311949,1.0,0.0,1.0,0.0,1.0,1.0,1.5292829788784628,0.7914277286501253,-0.5125136277156199,0.5706522194157723,0.5694354299464752,2.7717046608303724
1,2.140447261628238,1.4566769689495378,1.4566769689495378,0.663507749701048,0.0,1.0,0.0,1.0,0.0,0.0,-0.5938994327866927,0.37528769526243266,0.02261754246626696,-1.4816066556568988,1.813013016649628,-0.054528400017965994
0,4.348776851588686,3.9612130397734355,2.1548167902504125,3.9612130397734355,0.0,0.0,1.0,0.0,1.0,0.0,1.7266569815444999,0.1539441839240333,-0.08343279918780888,0.21722577929384074,-1.2537780141032062,-0.3113923435240893
0,0.8063647392274338,0.9977409071022075,-0.014471852859222367,0.9977409071022075,0.0,1.0,1.0,1.0,0.0,0.0,-1.708517012565388,0.7173214033737456,-0.2898599583469631,0.459955482976671,0.6499936891978113,-0.010764060329423675
1,2.3156193085202608,-0.282251435249814,-0.282251435249814,1.8649118786729744,1.0,1.0,0.0,1.0,0.0,0.0,-0.941038233622189,0.1992768783076287,0.6846968723107139,-0.14501793173933264,1.7340237492922408,-0.35222863342318034
1,0.9153257618265112,0.19569590374863427,0.19569590374863427,0.9919576612699781,0.0,1.0,1.0,0.0,0.0,0.0,-0.7513943008513988,-0.3463691190437941,0.736431329681164,0.11670003883632585,1.3264518054431826,0.7532411271548933
1,4.645531896997571,1.5350333139855268,1.5350333139855268,3.3947598771785557,0.0,0.0,0.0,0.0,1.0,0.0,0.7098667099909953,1.3982052127570332,-0.3742073834052616,0.396808793205162,1.8166006095182972,0.3045181672378314
0,3.8646240514190184,6.660334645686415,2.888074961908791,6.660334645686415,1.0,1.0,1.0,1.0,1.0,1.0,0.32987856112880637,1.4038637928559616,0.6860398651867499,0.9653285565617049,-0.4529909118759219,1.388464462410945
1,5.983094620771498,5.17525988091963,5.17525988091963,5.580909196338231,1.0,1.0,1.0,1.0,0.0,0.0,0.540001450574392,0.9652382659614581,-1.5623097107389072,1.383132546085044,0.4246195834972668,1.1961427965125506
0,-0.7261165020334028,1.4362702915691974,0.18245012766155144,1.4362702915691974,0.0,0.0,1.0,1.0,0.0,0.0,-0.7396725731092397,-1.1957390656157298,-2.22492716800965,-2.2536478500095978,1.5265746741291528,0.5034853990960414
1,7.30455037289082,3.7975030633617526,3.7975030633617526,5.048057970081349,1.0,0.0,1.0,0.0,1.0,0.0,1.7098274784621177,1.9702800291762363,1.451258798148234,0.23185857481124506,2.283000002617546,0.14098538548183326
1,3.208062657806274,4.161086022807103,4.161086022807103,5.469471618050219,1.0,1.0,0.0,0.0,0.0,0.0,0.38947471459487165,0.47140091163907133,0.8674249858354122,1.0238983128383135,1.362787965053096,0.47706781618013716
0,4.634063205827482,4.290861876843693,2.3566990054990136,4.290861876843693,1.0,1.0,1.0,0.0,0.0,0.0,-0.9261857759671832,1.9655644183086125,1.7609451048351354,0.6594161303825393,1.3383909177033892,1.411943208008216
0,1.9522835807204442,1.4342575653456078,0.5337624285743541,1.4342575653456078,0.0,0.0,1.0,0.0,1.0,1.0,-0.9686152096857854,0.5105928929572034,0.822069503440017,1.1326378715351595,1.6989744775495819,0.9762833247709506
1,5.689175505278436,5.144582385284533,5.144582385284533,6.11393286853405,0.0,1.0,0.0,0.0,0.0,0.0,2.811289760985779,1.151496255703192,2.7438100031893504,2.5210395044493006,0.5727488460180679,2.588004193516134
1,2.8853509553661194,0.1682742162857463,0.1682742162857463,1.9557041047741057,0.0,0.0,1.0,0.0,0.0,0.0,0.048007528383811726,-0.40526197109672046,0.4678316966449454,0.7446499286462133,1.0242909029022478,0.9932512645892537
1,5.148258482310043,3.974584307446733,3.974584307446733,5.254166673172356,1.0,0.0,1.0,0.0,1.0,0.0,0.8149689512239697,1.2424431579933266,2.381203929069442,1.1688985985897968,-0.138184995653452,1.4025057642275276
0,-0.8871338955783653,2.726332877273184,0.5436792981218318,2.726332877273184,0.0,0.0,0.0,1.0,1.0,1.0,-0.21821749934769852,1.1255975721076052,1.27323172834968,0.6276814587941196,2.057960681352113,0.9912060614955825
1,2.004748682789927,2.558129622772359,2.558129622772359,3.13612662951116,1.0,0.0,0.0,0.0,0.0,0.0,0.15913199639481213,0.770221805041978,-0.7465382021553246,-0.09348373970556123,0.39350502756801065,0.26156516744609026
0,1.0101300751159208,0.4045152060580288,-3.1850028832854105,0.4045152060580288,0.0,0.0,1.0,1.0,0.0,0.0,-1.0270904264056868,-0.4823389685543925,0.06825774260500095,0.24885030477146508,0.520292767130371,1.9461259520913041
1,5.551538161591997,3.090175815418543,3.090175815418543,4.317856678584941,1.0,0.0,0.0,1.0,1.0,0.0,1.0089305125300627,0.2643300476135567,0.268846497693822,0.3135029509677607,0.6874694896277873,1.4960771926164291
0,1.1182292446659294,4.53304328803246,4.8012207018762245,4.53304328803246,0.0,0.0,1.0,0.0,0.0,0.0,0.5539215322038494,0.8977845550233435,-0.9961907942825545,0.8958801608545637,0.1992963800970765,-1.1976968975738451
0,0.15804099127399668,-0.7291110466640548,0.20206752374514558,-0.7291110466640548,0.0,0.0,1.0,0.0,0.0,0.0,-0.0651246785324272,-1.2573486926443498,-0.2207335121845212,-0.4723189283141682,2.8449320134270346,0.7801439507950363
1,2.286830150784746,1.1560040143774617,1.1560040143774617,0.14620032455753762,1.0,0.0,0.0,0.0,0.0,0.0,-0.08398343331504665,-0.339191485580432,1.1036060532121184,-0.04604708198263696,1.2739896056353563,0.5894067931656861
1,4.259569659955778,4.065559916117772,4.065559916117772,6.3451876857827445,0.0,1.0,0.0,0.0,0.0,0.0,1.1715941913732284,2.2009539000603384,1.457690898670449,1.662222883439423,1.9981178361918794,1.4864787601714122
0,1.350297485585724,2.9075782953372884,1.8952962427355908,2.9075782953372884,0.0,1.0,0.0,1.0,1.0,0.0,0.2819908849121311,-0.14201868896057246,0.24192877112065536,0.7648853961718982,1.4560945704944865,1.1355790461812072
1,1.879999019260473,0.9783126560798676,0.9783126560798676,0.7983275282425244,0.0,0.0,0.0,1.0,0.0,0.0,1.2748460251697304,0.483725948424814,0.7110410291656554,-0.11388876931174574,3.236934742830508,1.6944381301134106
1,2.9212204552883088,3.3400207565000577,3.3400207565000577,5.982154415067011,1.0,1.0,1.0,1.0,1.0,0.0,0.966916617274917,0.20631889439973305,1.3372855937488302,0.24299697403530618,0.628608614389084,1.221263949454925
1,3.739102263194821,2.958434421098575,2.958434421098575,4.329803338538211,0.0,1.0,0.0,0.0,1.0,1.0,0.6592207946812186,1.100540534165057,0.8089288514748493,0.051377951083073914,0.4499070119849984,1.7776111060834878
0,6.061301891652214,10.64232474517074,5.709120182426716,10.64232474517074,1.0,0.0,1.0,1.0,0.0,0.0,1.6835960546191964,2.4823715838657474,0.19989024427801827,2.108368105374505,2.8563652222486233,1.622917244361902
1,0.6045171755351644,-2.0003655868068106,-2.0003655868068106,1.2181542951131616,0.0,1.0,1.0,0.0,0.0,0.0,-1.6573931200776855,-0.4231384538381273,0.7691440847356784,0.5027597970840628,2.3987721911260245,1.3419292757412324
0,4.3253539715591325,7.266673268744523,5.040424059366381,7.266673268744523,1.0,1.0,0.0,1.0,0.0,1.0,0.08573781798134456,2.7013217990604,0.9583744841688058,1.1490259950384565,1.8661246285931277,1.8444904320145548
1,4.574611054763984,0.4997796789402933,0.4997796789402933,2.6249336479153964,0.0,0.0,1.0,0.0,0.0,0.0,0.12243296834580525,1.2031135154208834,-0.12989120149737776,0.6243750731469885,0.5036081001421753,1.312805943110535
1,3.0980101390042143,-0.12102395123277954,-0.12102395123277954,1.945289150423121,0.0,0.0,1.0,0.0,0.0,0.0,-0.2673369133203146,1.2710050955744832,0.39902236187486995,-0.5923415779603487,0.7283125376166724,2.238116918368442
1,1.8859346465786508,0.41021026120560844,0.41021026120560844,1.1278386604546804,0.0,0.0,0.0,0.0,0.0,0.0,-0.08592277123571868,0.9423275234577115,0.8307168334948496,-0.5553155649741166,2.4035989655489995,0.7556719333073989
1,4.219766068879736,1.0800801954343313,1.0800801954343313,3.725923818084734,0.0,1.0,1.0,0.0,1.0,0.0,0.12088239117120686,0.6205836897377948,-0.09089279309360077,1.8082360206696166,1.5866579082806638,1.0229260371634878
0,-1.3976990380308147,3.2816946083136664,2.651410615664159,3.2816946083136664,0.0,0.0,0.0,0.0,1.0,0.0,1.4077773316529247,0.7493152538871783,0.7456929851572272,-0.8810958972024845,1.4923584200333657,0.03068973464252389
1,2.072095486885746,-2.028741130106198,-2.028741130106198,0.7683736416618729,1.0,0.0,0.0,0.0,0.0,1.0,-0.08429342866255041,-0.527455672690049,1.0224445697752764,-0.26681849666137236,0.29262091865176143,-0.06129554419067684
1,0.5617713068375642,0.5922633575592544,0.5922633575592544,1.0826978699873158,1.0,1.0,0.0,0.0,0.0,1.0,-1.722768204357732,-0.20604728627747737,-0.3314889715985617,0.6248641125332395,0.561266939217551,0.8023573699283542
0,-1.348431403341569,-1.68936494492907,2.116079854880828,-1.68936494492907,0.0,1.0,0.0,0.0,1.0,1.0,-1.1924686171101773,-0.479893096721576,1.1198066916031952,0.27709215482133837,0.8197723718314796,0.789608313127333
1,3.719399527109633,1.2836237237643853,1.2836237237643853,2.5800660284776376,1.0,1.0,0.0,0.0,0.0,0.0,-0.15687890711040697,-0.4985090563775585,0.24400078596414415,2.0085122261350135,-0.38752733235960135,2.2733610384430514
1,1.4480091832198774,1.901274004029466,1.901274004029466,0.8850017056123303,1.0,0.0,0.0,0.0,0.0,1.0,0.7429054539252682,-0.16200482594759724,1.2337502883404983,0.09816017694943835,1.4962717087536248,2.1910411414401563
1,5.3887363783868185,2.823750109974532,2.823750109974532,3.377074887202433,1.0,0.0,1.0,1.0,0.0,0.0,-0.02726795341225985,1.3551688927305932,1.6330866759661624,0.6601617398998902,3.097647483801775,1.587674754782938
1,1.1867401460304263,-0.9735646594246821,-0.9735646594246821,0.6389371426007842,0.0,0.0,1.0,0.0,0.0,0.0,0.4574898575250245,0.08502722626520476,2.871495443729788,-0.03348524301199041,3.3313771682529443,2.774455599154069
0,0.9683472410279966,3.8844529986946323,1.4653879856416587,3.8844529986946323,0.0,0.0,1.0,0.0,0.0,0.0,-0.146252845782592,0.8659747258606857,-1.0312383096849391,-0.08295652044718649,1.261665676104752,1.0289642814553952
1,4.241681012113182,2.15593858522955,2.15593858522955,4.711459354405649,1.0,0.0,1.0,0.0,1.0,0.0,1.2283607884410235,1.074026679864465,1.619128461516172,1.569974854195312,2.177204810644733,1.9949008002466915
0,1.7294168684953377,4.8135933528465955,4.520456931577417,4.8135933528465955,1.0,1.0,0.0,0.0,0.0,0.0,-0.2828288882948701,0.19551217037840596,0.8171492501327611,1.2406313377766336,2.066375635718029,1.5581543004357217
1,6.603535483405759,2.6563050513583466,2.6563050513583466,6.972671542795318,1.0,0.0,1.0,0.0,0.0,0.0,1.7902089695130907,0.6835896624754922,0.9200906698041025,-0.2501881759366267,2.3512146012580475,0.6296057658432492
1,4.24463476589776,2.5018658251001615,2.5018658251001615,4.584585924717498,0.0,1.0,1.0,0.0,0.0,0.0,0.6683695050236508,1.3607800413300322,0.8048693039926889,-0.8530510071648263,1.6003473282191005,1.1150557929735356
1,6.2736063658705845,2.667595143751962,2.667595143751962,6.2259684636341674,1.0,0.0,0.0,0.0,0.0,0.0,1.6596265568631614,0.634844832874937,-0.19602443333485375,1.0444741256004115,0.3153892505155057,-0.15578314757341816
1,3.025633428054755,3.9236249133952343,3.9236249133952343,3.406837120722776,0.0,0.0,1.0,0.0,0.0,0.0,0.4406010342472718,1.7121481865121555,1.05486551696719,1.0077168955695768,1.7025984887496528,0.9535088867768179
0,2.0791877087603168,1.3774396521868395,1.5177270055488714,1.3774396521868395,0.0,1.0,1.0,0.0,1.0,0.0,-1.2794469877017338,1.1717921026294986,0.7509162737763722,-0.1363995840816078,0.6646764950591317,0.21208035937306835
1,4.321335423394262,2.465449104340112,2.465449104340112,5.171714010730453,1.0,0.0,0.0,0.0,0.0,1.0,1.3990370719000533,-0.8896035782198704,-0.9052587709263666,-0.7641869722560017,1.262312416090904,0.06166418083060554
1,6.553270741175281,4.1459097486816034,4.1459097486816034,7.117397501301532,1.0,1.0,0.0,0.0,0.0,0.0,0.715138592760758,1.123239228606822,-0.20002789837426893,1.121600766529411,1.2741771255046936,1.2865215335869016
1,7.22143747884443,3.484501910647084,3.484501910647084,7.13433970184714,1.0,1.0,0.0,1.0,0.0,0.0,0.8935629766842141,1.7977073526716296,-0.5103097516977404,-0.3307932266576432,0.2788373869384283,-0.3233742019223591
0,3.3482490395708555,4.672028466144791,4.513060862780795,4.672028466144791,0.0,1.0,0.0,1.0,1.0,1.0,1.0882449402031054,1.9328618885164184,0.16323070262306244,0.46045282205074645,0.9652606377274888,2.158048953034403
0,2.367648325359351,5.423122284037947,3.4407395625806907,5.423122284037947,0.0,1.0,0.0,0.0,1.0,0.0,0.3118735213760757,2.070921659580387,0.566114486250038,0.24561581537193028,0.8676403210377278,0.37823082476477676
1,0.2773033050550293,0.3276594995781146,0.3276594995781146,3.8052624852431585,1.0,0.0,1.0,1.0,0.0,0.0,-0.880632242806429,-1.2925973601264096,0.6501034824341128,1.3867956701321364,0.7865347167229066,0.9695265232457484
0,-3.2655377486345043,-1.0282213565397846,-3.4554893372303375,-1.0282213565397846,0.0,0.0,0.0,0.0,0.0,1.0,-1.0414604779004404,-1.626627925782441,-0.533389528836304,-2.360276791093094,-1.652232234902113,-0.158001956842877
0,1.8260824437519578,1.640539002464068,3.1765032651433844,1.640539002464068,0.0,1.0,1.0,1.0,1.0,1.0,-0.6448204431488103,0.29714722297315965,-0.9234478094151481,-0.16335124205205864,0.4884300535155547,-0.4207645828612514
1,8.547025869248687,4.733719519670029,4.733719519670029,6.610647094007236,1.0,0.0,0.0,1.0,1.0,0.0,1.816133750960632,1.52410753686088,0.4880235902661946,0.5042520906901785,1.044777450553197,2.014915886958687
0,0.40249610523753515,1.2025933028251143,-0.34504015006239286,1.2025933028251143,0.0,0.0,0.0,0.0,1.0,0.0,-0.2834717406839533,-0.9062435832906519,-0.09113971178349345,1.2151750727412254,2.2852236355617843,0.9281104006395301
0,-0.09803028025675764,2.061400632029194,-0.07243563330691002,2.061400632029194,0.0,0.0,0.0,1.0,0.0,1.0,0.7387034251406007,-0.37985754425542506,0.6241078293589173,-0.2804389857363112,-0.4893684817552133,-0.01225898090207278
1,1.569274081114211,1.2789858151170252,1.2789858151170252,2.777399648967363,0.0,1.0,0.0,0.0,0.0,1.0,-0.006925729593038499,0.3648181988652214,0.1719092304470195,4.861435987335572e-05,0.3236871630573064,0.7289600416770222
1,-1.1505321785436462,-0.8407521968282149,-0.8407521968282149,-0.5320214519113114,0.0,0.0,1.0,0.0,0.0,0.0,-1.649939866085937,0.012499812636865948,1.129573209149377,0.2585331039574352,1.1136023868881335,1.3908946886187254
0,0.9028476853704508,2.613626697158761,1.254401051343337,2.613626697158761,1.0,0.0,1.0,0.0,0.0,1.0,0.5955710074694189,-0.30565015360327885,0.7611402456696453,-0.8904547567710006,1.676459015635013,-0.9634229056877017
0,-1.3038739399157486,3.5569631082827438,-0.10802500261144465,3.5569631082827438,0.0,1.0,0.0,0.0,0.0,1.0,-0.15886559578485104,-2.31079771325642,-0.8258972508087541,-1.202960516118492,-0.3659293806368229,-1.0163927007125113
1,4.9382611360113895,4.6720955449847,4.6720955449847,3.2717327642700234,0.0,1.0,0.0,0.0,1.0,1.0,0.5503922548814488,1.1418634592173584,0.4817706886249268,0.9683767468929236,1.7291003151025721,1.0626659041400017
0,0.2887912224727148,2.3322982570903346,-0.4289276940574206,2.3322982570903346,0.0,1.0,0.0,0.0,0.0,1.0,-0.44788735776755184,-1.0573313890071536,-0.9647906449286905,0.22278985101737325,0.8802394770786901,-0.7945477320628165
1,0.996405391754997,-1.591836150241504,-1.591836150241504,0.650728812351694,0.0,0.0,1.0,0.0,1.0,1.0,-0.195049943729398,-0.8007126014762607,0.2141950967906644,-0.38334011969464743,-0.02092848167240513,-0.38084034857196647
0,1.1757641990768972,3.0424058783208485,2.9295900011086458,3.0424058783208485,1.0,0.0,0.0,0.0,1.0,0.0,1.09291959516923,-0.481610598564845,0.2583991557004681,0.03958234336382083,3.1131606684008264,0.943894820696727
1,5.673676561516649,4.192027486268462,4.192027486268462,5.102078187317114,1.0,0.0,0.0,0.0,0.0,1.0,2.1985312037119127,-0.1662076023976673,1.8522576768374395,1.9402387858503531,3.6377003040832108,2.6700213248684
1,4.119825213860615,2.3671146362300024,2.3671146362300024,4.385647919935839,1.0,0.0,1.0,1.0,0.0,1.0,0.2755019423871281,0.01737232640862496,0.5481067169450222,2.2661854740735907,-0.16705804528549728,0.8800939331309193
1,0.278494500879361,0.4109565582181997,0.4109565582181997,0.6553059567017087,0.0,0.0,0.0,0.0,0.0,0.0,1.0495697743103958,-0.050261416971662864,3.2154278130197516,0.5669435445117581,-0.6443240399788581,1.5129992685360083
1,4.118375420572846,1.4707768029333985,1.4707768029333985,3.613684393792429,1.0,0.0,0.0,0.0,0.0,1.0,0.709201572740025,-0.4237362363902255,0.6440885836233132,0.7273581252362132,-0.5724156630433055,-0.11623064092009328
1,3.2075957995388693,1.0985644966307477,1.0985644966307477,3.018811969548908,0.0,1.0,0.0,0.0,1.0,0.0,0.5247856532396457,0.07740913105918096,-0.5351625439272971,0.10216657579220728,-0.2587404537355411,0.3267156029905667
1,10.06198285400633,4.340231255385104,4.340231255385104,8.094758028300795,0.0,1.0,1.0,0.0,1.0,0.0,1.5383962522564953,2.9369410046130198,1.2692371586930897,1.8161739741132032,2.552270509618411,2.9548307063570887
1,0.23303821067506325,1.334475836640363,1.334475836640363,0.3055175065393227,0.0,0.0,0.0,1.0,0.0,0.0,0.025858615141199193,-0.23478123832705888,0.5802810569305618,-1.0766435024936862,0.6019636904811978,0.582596969266735
1,3.7432531563314733,1.129749175213505,1.129749175213505,2.11506459252823,0.0,0.0,1.0,0.0,0.0,0.0,2.0370339757975726,0.20834589522462932,1.6185902861110935,-1.0108852080645354,-0.42510319601799607,0.5358516975453542
0,3.1144224973103887,6.406618137458146,3.2885230573146207,6.406618137458146,1.0,0.0,1.0,0.0,1.0,1.0,0.2706299385647395,1.4658003597711433,0.554990369823234,0.649130593048957,1.8386354457930554,2.6777451912445507
0,-2.058806559265583,0.325018139477669,-3.092785427222061,0.325018139477669,0.0,0.0,0.0,1.0,0.0,0.0,-1.4516497083429796,-1.3789783586018467,-0.5677657001257499,-1.277997665891243,-1.0081722192845701,-0.030839947797771883
1,5.4620732190779835,3.5405814472636616,3.5405814472636616,6.224371049859993,1.0,0.0,0.0,1.0,1.0,1.0,0.9498560332499077,1.6151563651418777,1.037896746941808,1.4078913802600166,1.1838360100663294,1.7950427777942868
1,4.609630095164609,1.3254263715735395,1.3254263715735395,3.244632065032188,0.0,0.0,0.0,1.0,0.0,1.0,1.0440240917128012,1.345703678204183,1.5283176715586673,0.30271696101203077,1.0463611513759334,0.8191870627032434
1,6.228899781099114,2.744301210425114,2.744301210425114,4.069433912113578,0.0,1.0,0.0,0.0,0.0,1.0,1.1578422576420362,2.0678319424206686,2.737405073940387,1.8688831595440027,3.2722317812675885,2.596803974651453
1,3.3397786904494513,3.535768600654836,3.535768600654836,4.658923141813704,0.0,1.0,0.0,0.0,1.0,0.0,-0.008202586738871753,0.7077322657436294,-0.7671126971048641,0.918906277855831,1.828166942144323,1.5330402817549529
0,2.773514755070571,6.13561456261762,4.1045167226108,6.13561456261762,0.0,0.0,0.0,1.0,0.0,0.0,1.7883851921410014,1.6858622665708247,0.45249064819220686,1.1680359485485368,0.8299873477535211,2.067020443879433
1,4.876393166524302,4.0734831136992575,4.0734831136992575,6.693238238248914,0.0,0.0,0.0,1.0,0.0,0.0,1.1575856596814837,2.3289459941074337,0.6452546580060485,1.3895170696150383,1.590387034479487,2.904302123385218
1,3.958674922320201,2.6123564662526353,2.6123564662526353,4.135610732443538,0.0,1.0,1.0,0.0,0.0,0.0,1.4260651707227834,1.0103712145729222,2.485864239798227,0.5422687691379959,2.6519081988379316,2.440494032974338
0,1.05126107920225,1.1708086557269186,1.7108243105863818,1.1708086557269186,1.0,1.0,0.0,0.0,1.0,0.0,-0.045653250164853,-0.8434958663143592,-0.23940188872261148,0.48208160769127195,0.4762856268760244,1.4548619492658132
1,2.35297850644936,2.8337589942313492,2.8337589942313492,3.5547956769959788,0.0,1.0,1.0,0.0,0.0,0.0,0.21194806084982104,0.5206045826278399,0.4464716671792285,-0.45138143990416046,-0.8894247248720548,-0.2704962057932996
0,2.397459475929795,2.163628954050017,0.15358542415524612,2.163628954050017,0.0,0.0,0.0,0.0,0.0,0.0,0.6480376702342,1.7106403575335776,1.1681366640271098,-0.4988908634327497,1.3228767805270685,1.0678021863890603
1,0.46701578863419524,0.5267201595395488,0.5267201595395488,1.6263149601373534,0.0,0.0,0.0,0.0,1.0,0.0,-0.24646927180896228,0.6830955986049184,0.8536958468874366,-0.07725947997046456,0.5366437296592299,-0.033213450198143146
1,7.721366444176691,5.033780407857684,5.033780407857684,5.193477884513335,1.0,1.0,0.0,1.0,1.0,0.0,2.9710229832818946,0.10823449053377476,1.0063402978445717,0.9975405690393361,0.9314299339252547,1.6178976697295864
1,-1.0569065213847242,-2.1943777659388566,-2.1943777659388566,-2.1767065170526134,0.0,0.0,0.0,0.0,1.0,1.0,-1.1129415244162069,-1.8511529669329079,-0.7513889311844011,-0.9906361452763603,0.4399773647372136,1.9148725991219586
0,0.016620794403271688,0.4455706163928257,-1.020022112254602,0.4455706163928257,0.0,0.0,1.0,0.0,1.0,0.0,-0.7580327736343722,1.304216006061551,0.773814693013206,0.0819458413754966,0.5621536946243683,1.6826828297717675
0,2.0217790757735647,2.3945297615710217,0.8278808446166481,2.3945297615710217,0.0,1.0,1.0,0.0,0.0,0.0,-0.2238857487981346,1.1338929388863792,0.18114828935393706,-0.19866064124230298,0.48292154160357725,0.47927508917212835
1,4.951092339335647,2.849455269222628,2.849455269222628,3.9874766005846065,1.0,0.0,1.0,0.0,0.0,1.0,0.6562476796211284,0.06375782705117583,-0.21036256272641707,-0.12718431860160506,-0.695316380791944,1.048047308103074
1,4.85563238814775,1.5096582188711312,1.5096582188711312,1.6845089770308226,0.0,0.0,1.0,1.0,1.0,0.0,-0.08785127833328465,0.8394890544659315,1.012243733646485,0.39008015282996844,3.5657427408423468,0.32230019940777355
0,3.423205608415725,4.977311258997414,4.123503329182832,4.977311258997414,0.0,0.0,0.0,0.0,0.0,0.0,3.190645673969349,1.2025262631389808,1.5770488368806743,2.333590060225281,1.5623349423240471,1.9639301825054196
1,4.073294686025542,2.54456413368911,2.54456413368911,1.9909583166263487,0.0,1.0,0.0,1.0,0.0,0.0,0.8830026720034462,-0.606814045516932,0.44014317118063945,0.525375654798527,1.8166570584618733,0.9879278840818019
1,5.548383880366113,1.3574207378271517,1.3574207378271517,4.525703511822082,1.0,1.0,0.0,1.0,0.0,0.0,-0.18641818993035564,0.9778570897503001,0.3886313757343037,-0.3596253893003407,1.1137974871896335,0.2731444605808333
1,2.2439043675548023,2.3877979012964787,2.3877979012964787,2.325782624106906,1.0,1.0,0.0,0.0,1.0,0.0,0.19068306396937357,0.5503014961285465,1.6370649267243689,2.116612850256108,-0.14779059972843256,0.7998026728877718
1,3.6928011709760393,2.2604500978680933,2.2604500978680933,2.157437366689642,0.0,1.0,0.0,1.0,0.0,1.0,0.6333306553531085,-0.3160948594107864,0.8190702174044187,-0.231732165417863,2.509654527033258,3.492131399612781
0,-1.7596137238652785,1.3215904022514877,-1.0066792240871114,1.3215904022514877,0.0,0.0,0.0,0.0,1.0,0.0,-0.8163478325356635,-0.4914158224571926,-1.9690566526993796,0.32721630175029104,-1.529234876475805,0.060159000327913104
1,4.125174659661117,0.33432475128979033,0.33432475128979033,3.2324316328288236,1.0,1.0,0.0,0.0,0.0,0.0,0.544406635274216,-1.340981419993696,0.8004339558887943,0.2770545187238768,1.3625497085452711,-0.39162917629002436
1,3.835752436963162,3.9538899504765217,3.9538899504765217,4.244892907071183,0.0,0.0,1.0,0.0,0.0,0.0,0.012562188410750408,1.370336517789049,0.6489559151939492,0.9887479737066407,1.9401451047912923,2.451519308878091
0,3.918716481268355,5.017901260054376,2.6157978589838025,5.017901260054376,1.0,0.0,0.0,1.0,1.0,1.0,0.5639847787312532,1.4038590041262233,1.1092152856153885,0.25954385045984085,3.0520160592259677,2.5017898894496757
0,3.5574139525828055,5.250024885767768,3.7403677174990424,5.250024885767768,0.0,1.0,0.0,1.0,0.0,1.0,2.453209236108206,0.7575226054018114,0.6110342465716881,0.15845196529522632,0.6847142839569454,1.711487901089174
1,4.37921360409438,3.4053011635524064,3.4053011635524064,5.9732849621372806,1.0,1.0,0.0,0.0,1.0,1.0,0.1962832268133829,1.985794745364671,0.5867864143609066,0.5421346634414511,1.9002453379424784,-0.7062052516751067
0,2.2869297243294557,3.0071187071758523,2.280910448402634,3.0071187071758523,0.0,1.0,0.0,1.0,0.0,0.0,0.030889616968014677,1.5183553412637303,-0.7249214999573221,-0.7444588689002485,0.4335220268361566,1.4302761924594267
0,3.4508159414620474,6.478303337499504,5.981605714757702,6.478303337499504,0.0,1.0,1.0,0.0,1.0,1.0,1.4897198509902703,2.641330584515164,0.6017299422115486,1.5702388440721138,2.4507853887558095,2.2852191835799287
1,3.6898787025785675,0.7425150651331691,0.7425150651331691,0.12062669510637392,0.0,0.0,1.0,0.0,1.0,0.0,1.2372107685492413,-0.335022427576787,1.0965141254503816,-0.18711844144130785,1.339224338697949,0.3734357024310859
1,0.6981689299072265,1.5173419138673143,1.5173419138673143,3.0123742330868417,0.0,1.0,0.0,1.0,1.0,0.0,-0.36014956696234934,1.0841578738335431,1.5440247551381903,0.15401606608060053,2.2664699173774183,1.3698872128871427
0,2.230164994513455,2.268462267950974,2.6674347353955774,2.268462267950974,0.0,1.0,0.0,0.0,1.0,0.0,0.2602876141866724,0.9477603976470146,1.1751952670427088,2.933386160346799,1.232727719895222,1.6213022904332464
1,2.401461805943138,4.761076995385863,4.761076995385863,4.511216076045222,1.0,1.0,1.0,0.0,0.0,0.0,0.02500744807186217,1.3086390491038176,1.103879066790491,0.036081050217960264,0.09629704194481581,-0.23385678830808265
1,3.92601908022395,3.5762521825043754,3.5762521825043754,4.467747195399537,0.0,1.0,0.0,1.0,0.0,0.0,1.4266123095889258,0.9917125213335654,-0.21036937645929488,-0.7245729356984205,-0.23763296479023488,1.7485950031594046
1,2.9456544235878965,1.9126792911450743,1.9126792911450743,5.4092617001281775,1.0,1.0,1.0,0.0,1.0,0.0,0.6135433553216162,0.5831141688567082,1.6351431397499865,1.2807349045396206,2.0233290407393287,2.022083603237391
1,4.870223793560073,3.177236783181322,3.177236783181322,7.382193845843992,0.0,1.0,0.0,0.0,1.0,0.0,1.6347797172731036,1.6434016162947065,2.8669862103224735,2.4151658326029763,0.45003347997455945,0.879827100334362
1,2.437649292960977,0.7952163722263649,0.7952163722263649,1.0463819672662014,0.0,0.0,1.0,0.0,0.0,0.0,-0.5665850098313869,0.5453445298579239,1.5421033449801524,1.1305523984504247,0.2767157041299776,1.4996357128518716
0,1.037264668017246,0.7452420133518391,1.2346175645017408,0.7452420133518391,0.0,1.0,0.0,1.0,0.0,0.0,-0.12877974440533102,-0.628714625612603,-0.290758548438002,-0.5808872289578426,-0.6103856317616791,-0.15983378755644573
1,6.416606354201781,2.3323616784616945,2.3323616784616945,4.940669816775674,1.0,1.0,0.0,0.0,0.0,0.0,1.112318843407627,-0.26338442863445755,1.8545879956397546,1.811159001554757,2.7370453219475066,2.910622328304478
1,5.397486006408594,4.021791990537613,4.021791990537613,4.822756449797551,0.0,0.0,0.0,0.0,0.0,0.0,1.7951748352920653,2.446714471117251,1.8982337128801914,1.5727185201434886,2.0360964919047158,1.9918569948747984
1,2.889355583617872,4.573719832166216,4.573719832166216,3.288229677987615,0.0,1.0,0.0,0.0,1.0,0.0,0.7389474777526058,0.28760325663838676,-0.7981155920390193,0.7152435156534535,1.6579536419597938,0.12276414509111655
1,0.7025178446045773,0.6606090876358915,0.6606090876358915,1.0256471294809841,0.0,0.0,0.0,1.0,0.0,0.0,-0.8670516231272802,-0.20404432980400877,-0.8486741770811776,0.5779620977141269,0.9373181658606805,-0.08369586904856874
0,2.4915296407304286,4.254990404384734,4.134991735871204,4.254990404384734,0.0,1.0,0.0,0.0,1.0,1.0,1.8449603808682786,0.008905654321114675,-0.9454119531642311,-0.9436628695593412,1.6472181352827144,1.5249150676130516
1,3.3680042312013594,3.286096471773246,3.286096471773246,1.7790577272735884,0.0,0.0,0.0,1.0,1.0,0.0,1.1623352227268318,0.7087653712782462,0.9200872338556998,1.400998422881084,0.4250181555419862,0.7707573749841607
1,-0.8889600773962529,-1.9704256199452481,-1.9704256199452481,3.2056118319991707,0.0,0.0,1.0,1.0,1.0,0.0,0.05498228479354572,-0.6184470080710065,1.0082911493344888,0.493818148119852,0.7184473712599779,0.855714364437435
0,1.5977354522774971,3.4256667949956285,4.324571301150572,3.4256667949956285,0.0,0.0,1.0,0.0,0.0,0.0,1.9954038015371574,-0.020216052569782428,0.58481194880731,1.4559842857708634,1.5253430103211967,0.9133496584888082
1,8.579912268555464,5.326254511594817,5.326254511594817,7.5908651226482675,0.0,1.0,1.0,0.0,0.0,0.0,2.665153441474659,1.8878732734093724,1.1158449868098743,1.796045885187874,2.70716164818396,1.5256490900347535
1,4.862732333700092,3.030393411980517,3.030393411980517,6.266022677095019,1.0,0.0,0.0,0.0,0.0,0.0,1.1528721327500908,0.47464587833145816,0.3475608149585724,1.1593953155968006,1.1688145104023915,2.210101985778187
1,2.3388341019403205,1.4752480899522449,1.4752480899522449,3.3045247809230647,1.0,1.0,0.0,0.0,1.0,0.0,0.06318723196287973,-1.8478196301096315,-0.5275823801289028,0.3192017366212864,-1.0124912905412007,0.3647534725550531
1,0.7252304586983318,2.4484333658198603,2.4484333658198603,1.858053812633577,0.0,0.0,1.0,0.0,0.0,1.0,0.6222364352021201,0.34257048221059366,1.0818646041647482,0.10391687959797913,1.2932215923934258,1.6665942976166792
0,0.3592665186535312,3.933693836327611,-0.0674600195846371,3.933693836327611,1.0,0.0,0.0,1.0,1.0,0.0,-0.3540829130847891,-0.2732611391282951,0.2958934386905677,0.5848908755454993,-0.2914520582384901,-0.046525114606133844
0,1.0953004617905386,3.6222366190054105,1.2108925225778018,3.6222366190054105,1.0,0.0,0.0,0.0,1.0,1.0,0.622180130125866,-0.28580491567392174,-0.6448938575347554,-1.5811912499338225,1.335421672994563,2.187270161680133
1,4.746101238075177,2.8560098729359966,2.8560098729359966,3.0912767736746978,0.0,0.0,0.0,1.0,1.0,1.0,0.8695219340588556,1.311811525020757,0.9344716879660815,0.49590839358620004,0.28521252509493356,1.0017668140125509
0,1.7711401096612138,2.718168694103697,0.8466010277035069,2.718168694103697,0.0,1.0,0.0,0.0,0.0,1.0,0.5997284842073346,0.2727025576517984,1.3540785819308572,0.9268182326836658,1.3707542195818876,2.9282847738654274
1,-0.4066711384958799,-1.2890796660125523,-1.2890796660125523,-0.6393419371044811,0.0,0.0,0.0,1.0,0.0,0.0,-1.1825150726784572,0.027568395188081074,-0.5034260004557847,-1.562524738394186,-0.9596925850538987,0.3679719790406143
1,1.749472238687952,1.3042198959794709,1.3042198959794709,3.4815100214412182,1.0,1.0,1.0,0.0,0.0,1.0,0.4277894351264552,-0.4915361500161072,0.9674967505929295,0.731943436922537,0.6498483256833941,0.6138301091004686
1,6.407209628005246,5.0730309452035165,5.0730309452035165,6.485087927581654,0.0,1.0,1.0,0.0,1.0,0.0,-0.3371645104794524,2.0189726295147437,0.13522327410330726,1.7207124832349803,2.5216996654370245,1.930543254736363
0,4.182287564075551,6.86290775185538,3.944561684762678,6.86290775185538,1.0,0.0,1.0,1.0,0.0,0.0,0.2370001508817589,1.5748390850492524,-0.418798609166516,-0.19328413380876364,0.7529540966513066,1.2669190869245308
1,3.264216670600097,2.9030148840083605,2.9030148840083605,4.322239155945068,1.0,1.0,0.0,0.0,1.0,1.0,0.49498828696397124,-0.3144437559691313,-0.32968935004671607,-0.8682527948567533,1.173477015354117,3.006044894623264
1,3.4472667775038754,1.1073119963498954,1.1073119963498954,2.5061276925175746,0.0,0.0,0.0,1.0,1.0,0.0,1.1256455686856695,0.9381289924440859,0.9952152359341074,-0.7892016163730655,-1.2457408258553495,-0.7495616715618572
0,0.0075218365639834195,1.0029620772682346,3.3202765718989764,1.0029620772682346,1.0,0.0,0.0,1.0,0.0,0.0,0.008927149474318108,-1.1150507037577284,1.1148604289659165,0.19300363802239606,1.3584322539459641,1.4083745920086337
1,4.891035806815985,3.0447128698590307,3.0447128698590307,4.473547933758551,1.0,0.0,1.0,1.0,0.0,0.0,0.5109375587558539,1.295822715707059,0.7334991846075183,1.0637600420512117,0.9600736637259919,0.6617940587705831
0,0.22175149883383855,1.2292762611558559,1.4300057575518563,1.2292762611558559,0.0,1.0,1.0,0.0,1.0,0.0,-0.7650429302193105,-2.0929471219707008,-2.7837471879241873,-1.429881241337902,0.6953761944775654,-0.8440861089230629
1,9.469870744680387,7.27831346937392,7.27831346937392,8.512213280071224,1.0,1.0,1.0,0.0,1.0,0.0,1.878631260376957,0.9292360187552823,-0.6186925913807073,2.114461811807659,2.318455270420796,1.9191771477728126
1,2.8072490768917002,2.1659096648499263,2.1659096648499263,3.4400135875021185,1.0,1.0,0.0,1.0,0.0,1.0,0.37148094026985684,1.3565911528255397,0.732436632223987,0.34288981617085046,0.8166890770693187,0.01748938014505097
0,2.6967787672903603,4.48562639067693,2.733393440028057,4.48562639067693,1.0,0.0,1.0,0.0,0.0,0.0,-0.7681522597915054,1.21451560845101,-0.058128712968832597,0.48369906695209486,0.10835723491252724,-0.22516987958580437
1,0.2075198267598588,-1.0399665017799125,-1.0399665017799125,-0.031429121422887785,1.0,1.0,1.0,0.0,0.0,0.0,-2.6683184093269685,-0.7852010561161928,-0.18311867431518236,-0.5092937986814627,-1.614924070308847,-0.09925132824149041
1,3.0332824143616564,-0.8613252363107589,-0.8613252363107589,3.04256511401715,0.0,0.0,0.0,0.0,0.0,0.0,0.623191725059431,0.5273075010106232,0.55666665813781,0.8810309192670548,0.46115029454798784,1.4283741779277406
0,3.3024989547111563,6.4969502694858425,7.299176638900135,6.4969502694858425,1.0,1.0,0.0,0.0,0.0,0.0,-0.6192974106402411,3.0644802765994648,-0.1981447579842166,1.5077460059287962,1.7616849667586847,0.7404488338773715
0,-0.2310587123766667,0.9846189870398239,2.6561265667858125,0.9846189870398239,0.0,0.0,1.0,0.0,0.0,0.0,-0.5156824068892696,0.11918331128978343,-0.19484102686496363,-0.664769933811733,0.8973512776145908,0.914839512051363
1,3.8878199063038545,3.4815815905476586,3.4815815905476586,5.9637805591239035,1.0,1.0,0.0,0.0,0.0,0.0,0.7579972205504664,0.24809197833974084,0.4264979277262706,-0.18467999374997857,-0.1941824708872697,0.914568040717711
1,2.346307954073869,1.1159577509163603,1.1159577509163603,0.9098958789727791,1.0,1.0,0.0,1.0,1.0,1.0,0.3742120853225269,-1.2073044801149804,1.685862190988194,-0.16346596621095755,-0.1687731358095692,0.24482050008429312
1,-0.1428418266644471,0.5104152458606037,0.5104152458606037,2.596971717775202,0.0,0.0,0.0,0.0,1.0,1.0,0.5155817257953751,-0.4080774822390778,1.2226532094371791,1.375608326073303,-0.0869015137891671,2.7605940774604756
1,5.411326883977227,3.448046413613808,3.448046413613808,5.161033582111205,1.0,0.0,0.0,1.0,1.0,0.0,1.7454923831265325,-0.09551928908660068,-0.3646637772063599,1.3146873539068538,1.759047075157103,2.058148492453496
0,0.13187812546001487,0.3753004172730242,1.6696747397804963,0.3753004172730242,0.0,0.0,0.0,0.0,1.0,1.0,-0.2612089054177069,-0.995486836215075,-0.5413374784865193,0.5970624367470986,0.670354060046447,0.9775879835749177
1,1.9893307033105627,0.8968042138503333,0.8968042138503333,4.412416814961018,1.0,1.0,1.0,0.0,0.0,0.0,-0.16441629017331683,0.020202271981700215,2.163380023972336,0.497763767932198,2.4391091949894093,1.3379960810031553
0,-2.7483368597035365,-1.0010745779391872,-3.924434787468339,-1.0010745779391872,1.0,0.0,0.0,1.0,0.0,0.0,-1.5159403907104991,-1.7887001863667855,0.459218063374756,-0.828432638572624,-1.0245922424499496,-0.9348595577551593
1,7.941719564325554,6.5432775225431,6.5432775225431,5.711138708298543,0.0,1.0,1.0,0.0,0.0,0.0,2.3853818683868973,1.3933623739620158,2.6337923909582788,2.3776509542704183,1.2179346443811707,1.819965214771837
1,3.8804830524718796,2.3337347189432895,2.3337347189432895,4.65419379368839,1.0,0.0,0.0,1.0,1.0,0.0,0.7648012908046906,1.3757385719006283,1.4848035150414236,-0.18064916527144292,1.4850942980874198,1.3434842390947497
1,2.1231026682770007,1.9652435527835905,1.9652435527835905,5.496073242599376,0.0,1.0,1.0,0.0,0.0,1.0,1.0143127284776945,0.6895424604990807,1.88502537995806,2.3988070511663464,1.869735633219538,3.0825466699815083
0,1.8400172705751343,3.558264596232215,2.3745059580518397,3.558264596232215,1.0,1.0,0.0,0.0,0.0,0.0,-0.3284086605273414,1.288526131909883,0.9480324252762675,2.3728400272635177,0.1391287136642647,1.8267123733640571
1,3.1011530873742226,3.3668409120787164,3.3668409120787164,4.566303764245557,1.0,0.0,0.0,0.0,1.0,1.0,0.18624242213051745,1.0220280504100048,1.7402819803435874,2.1475748866594495,2.1793738516228496,2.9440121122865754
0,4.822692162453967,5.276459546092231,3.9901794523150467,5.276459546092231,1.0,1.0,0.0,1.0,0.0,0.0,0.5445161451859754,0.74066892789316,-1.3155826392510557,-0.16910294721528563,2.986123974498348,2.368717434699589
0,4.633845182020745,6.719842732656174,4.353792732280194,6.719842732656174,1.0,1.0,1.0,0.0,0.0,0.0,2.1324247105838525,-1.4195061607575843,-0.3607622431718489,1.2297540075676192,2.7996224984175084,1.6763935859929684
1,3.3705983034378026,0.5756755742232403,0.5756755742232403,2.2460121855811104,1.0,0.0,0.0,1.0,1.0,0.0,-0.06641164897809915,-0.07094382683908385,1.2727084670761544,1.199314093857845,2.2476124731440157,1.1151819612704967
1,5.463632732442158,4.8085283315440535,4.8085283315440535,5.054432688329326,1.0,1.0,0.0,1.0,0.0,0.0,2.077851093455643,0.16913452884104724,0.9686320595467814,0.9925943590294305,1.2000748519920525,1.084011781625227
0,2.208900788088741,4.547024818422152,3.3836835852571148,4.547024818422152,1.0,0.0,0.0,0.0,1.0,1.0,0.5586522664120467,1.2098877545795672,0.3581634186997623,1.7463828303136986,2.5588260056731507,1.9053771343705814
1,4.934790067953686,1.9119100431745186,1.9119100431745186,3.3773545433004752,1.0,1.0,0.0,1.0,0.0,0.0,0.3864682636839437,-0.18306014346296662,-0.24812101161667666,-0.2340294342218301,-0.9840646555917205,-0.04531645731479905
1,3.759795313937464,0.7694529413358027,0.7694529413358027,3.0740710174815025,0.0,0.0,0.0,1.0,1.0,1.0,0.9297124918450049,1.0739430564995067,1.3860906905274621,0.08882752831150104,-0.004727064256969005,-0.02053780223609669
1,2.720087992955667,0.05055873226460561,0.05055873226460561,3.4341467588368055,0.0,1.0,1.0,1.0,0.0,0.0,0.3779907234428384,-0.6007645513852711,0.8022417877739361,-0.47099688841541454,1.828784618843071,-0.6405793106924469
1,5.51312298011777,3.9181115666763633,3.9181115666763633,6.1923074584123725,0.0,1.0,0.0,1.0,0.0,1.0,1.98792631512382,1.1681015324835147,0.36600292092068,-0.19911217325346808,-0.14221601498013747,0.3507051867426727
0,-0.08710169033159204,1.9834404478301546,-1.3430846685307105,1.9834404478301546,0.0,0.0,0.0,0.0,0.0,0.0,-0.5441036443179954,0.3232115020919015,-0.38585845182379375,0.7714231967845098,-0.00714012165208211,1.9827747578873058
1,5.050354723537816,5.375599593851204,5.375599593851204,6.1011802064285945,1.0,1.0,0.0,0.0,0.0,1.0,2.417224075139189,1.032191303109908,1.618438474063662,1.1264389902906786,1.018420238991369,0.01834534169809543
0,1.1800124686715185,2.0351875582466477,1.8293348272976109,2.0351875582466477,1.0,0.0,0.0,0.0,0.0,1.0,1.0186230013854018,1.676539689633789,1.6658413745291327,-0.5001257885105066,-0.8732314651926136,0.7408357416905909
1,4.95892357925097,1.7575395735948285,1.7575395735948285,4.141660860946668,0.0,0.0,0.0,0.0,0.0,0.0,0.4451987097597173,1.8520257485453067,-0.7652883878936678,-0.5879193708062136,0.4692346499849249,0.2985994705317898
1,4.446425597827071,3.6806254445592517,3.6806254445592517,4.028630162207228,1.0,1.0,0.0,0.0,1.0,1.0,-0.16616041153353578,0.28996370505693936,0.7590151783262326,0.053739353912936216,1.0556380069755564,1.370096851355663
0,-0.32043070319615374,1.559653032689645,0.8878953302043111,1.559653032689645,0.0,0.0,0.0,0.0,0.0,0.0,-0.9040007294110901,0.7196140146567768,0.19733832121726413,0.4855706413777492,1.5283589370490676,1.4572512383364038
0,4.654833301076822,6.847252141907897,3.799652861089503,6.847252141907897,0.0,0.0,0.0,0.0,0.0,0.0,1.5862032657674916,1.5533929977876784,1.8038643221685307,3.2195390929148733,3.020158880852767,2.54036503726351
1,1.261235668937662,0.09967717207159854,0.09967717207159854,1.4829507910300257,0.0,1.0,1.0,1.0,0.0,0.0,0.2609756340123476,-0.27737549516651694,1.2163254644899415,0.620255040494125,0.8708904148001045,0.5284535531595035
1,1.1189694527921685,-0.1787255532162504,-0.1787255532162504,2.476655505493921,1.0,0.0,1.0,0.0,1.0,0.0,-0.4542604372118152,-0.3098729282306252,-0.052449487056494326,0.4814257639815216,0.4792848938299856,1.5045619272264776
1,3.4737075269926905,1.9677866858505746,1.9677866858505746,3.070780703909784,0.0,0.0,0.0,0.0,0.0,0.0,0.9413640010784814,0.4896350179250567,0.6023803766486475,-0.4708945347537342,0.7827135685993121,1.494703867563831
0,0.7633327901178608,1.4621609832062663,0.6861509817153575,1.4621609832062663,1.0,1.0,0.0,0.0,0.0,0.0,-1.1194418509211606,-1.0241329755310153,0.7326961933499521,0.8043576658298903,2.852285234690515,0.686356485090735
1,3.107022913005857,-0.15512373133566615,-0.15512373133566615,0.12914038729466726,1.0,0.0,0.0,0.0,0.0,1.0,-1.2300725473110912,0.5549125540762883,-1.0350388047932761,-0.5573483044262222,-0.5503907804425818,1.843100256624685
1,5.359116695148884,2.8394909476839425,2.8394909476839425,4.711920437347763,1.0,0.0,0.0,0.0,0.0,0.0,0.7442400975785197,1.9075221679492589,0.7661646030173663,-0.46617069939185596,-0.5691654140325408,2.8632469010207173
1,4.962247886581064,3.6515287536123333,3.6515287536123333,3.67299959377159,1.0,1.0,0.0,0.0,1.0,1.0,0.3457880370462516,0.04200725899652513,1.0467987967807908,0.7676891674880844,1.2425910994524125,1.4662866213819203
1,5.667850537203917,3.2067976502072217,3.2067976502072217,4.736185963024975,0.0,0.0,1.0,0.0,0.0,1.0,1.636664877733121,0.854703268919407,0.48207046298719375,1.484596556889002,0.8503974049308766,1.9839754670456582
1,2.791692031050455,-0.23734795416532983,-0.23734795416532983,3.194463123255642,1.0,1.0,1.0,0.0,0.0,0.0,-0.8784299100255366,-0.628561964684573,-0.32818790663469866,0.46066265661700573,0.015262020759358563,0.37334309114092434
0,0.8272860012101191,3.240586753536969,2.891232578098362,3.240586753536969,0.0,0.0,0.0,0.0,1.0,0.0,1.232716927281098,0.5827396751554391,-0.3496034016621783,0.32399633304742315,1.2528128584127063,0.8711495866235698
1,1.5325696013713208,2.4880545418004476,2.4880545418004476,2.170796625753517,0.0,0.0,0.0,0.0,0.0,0.0,0.09090848766871207,0.535224794694592,0.39874525293929364,0.8811294886058827,0.2274332746206138,-0.7058706320324748
0,-0.6579330408507233,-0.26612140749238644,-2.160829538457306,-0.26612140749238644,0.0,0.0,0.0,0.0,1.0,0.0,-0.31389576553764087,-1.728153782007242,0.015081257601483766,-1.1717516386359472,0.5775398839807897,0.8806673803170697
1,6.303861832427588,7.054569884395905,7.054569884395905,6.956057557452096,1.0,0.0,0.0,0.0,1.0,1.0,1.1054789883661915,2.1710198824290625,-0.07063022842915001,1.9440074484866903,2.1617027525516264,0.44948182733164865
1,1.0922089092195704,3.782910355060322,3.782910355060322,2.164692265095689,0.0,1.0,1.0,1.0,0.0,0.0,-0.571875371990296,-0.01843097489286738,-0.06926138016408201,1.5631445812445373,1.4099929996044205,0.20034423594962858
1,3.0361750538110375,3.112856325562695,3.112856325562695,3.523017122620873,1.0,1.0,0.0,0.0,0.0,0.0,0.9417367932081684,-1.220727177147102,-1.2425744292598395,0.8910166934948468,-0.20120770977659608,0.25371313246497185
1,2.9937790266149156,2.6576364461732283,2.6576364461732283,3.572329045404399,1.0,0.0,0.0,0.0,1.0,1.0,-0.06782693827135156,0.89606097315199,1.9871802042805513,0.870184565375705,2.5712685878287878,2.3029919384768913
1,4.751502402347436,1.5373604201671518,1.5373604201671518,2.40569273782543,0.0,0.0,0.0,0.0,1.0,0.0,0.7893635267529324,0.10663725287763048,-1.1071891718590927,0.032403393133713765,0.7344704542621917,1.4176657566773987
0,-0.029746540005408106,2.3612744887396495,-2.600921686599686,2.3612744887396495,0.0,0.0,0.0,0.0,0.0,0.0,-0.34879319089435057,-0.04751262813964496,-0.06454737075876549,0.32530368518375324,0.8302755760354608,0.40922065790776574
1,3.071860016687587,0.8867791245431565,0.8867791245431565,2.1162667190973603,0.0,0.0,0.0,0.0,0.0,0.0,0.4479849222727328,-0.19366277515978703,0.6849775159142043,1.1474709052723389,-0.0623686356585913,0.6181300077589249
1,4.407457419171825,1.9023329464274648,1.9023329464274648,3.2697449452978344,0.0,0.0,0.0,0.0,0.0,0.0,2.0284222726078767,1.6858664619017916,3.7794494394635283,0.7068246220567844,0.901285405819839,1.6707378784047542
0,4.445864047375233,3.2039043981484054,3.6199137422767347,3.2039043981484054,1.0,0.0,1.0,0.0,0.0,0.0,0.1467187657200224,1.0882013791424283,-0.5334946378456564,0.4102113436020417,1.8879350014436689,1.1827521654428181
0,3.310184552053192,5.772700487500191,3.664970265913841,5.772700487500191,0.0,0.0,1.0,0.0,0.0,0.0,2.334522009962172,1.0592586700056477,2.5595418485638843,1.3658466571300316,1.8890150080586297,2.669358343617413
1,1.7077358046194826,2.327151678182502,2.327151678182502,1.6138653332171151,0.0,1.0,0.0,0.0,0.0,0.0,-0.344516531196822,0.17800057114153245,-0.9663800896800994,-0.23273297257200354,0.008735404643126277,0.6706910981748228
1,3.7974196817238988,3.326395406295551,3.326395406295551,3.606970349665821,1.0,0.0,1.0,1.0,1.0,1.0,1.4146667381418605,-0.43517963571987095,1.5854655841735257,1.2533666036691988,2.5109420485805916,1.0006452201475158
1,6.045548463801732,3.80347789268281,3.80347789268281,7.236661296772293,1.0,0.0,0.0,0.0,1.0,0.0,1.3936002103458587,1.5420015961799087,-0.9091495081446666,0.6750457534903733,0.8558919360308905,1.2437942162741975
1,5.17843691655545,1.5949241942788768,1.5949241942788768,5.094176547287284,1.0,0.0,0.0,1.0,1.0,0.0,1.2965947365011208,0.4812811022787361,1.106307146780386,-0.9265499152745449,-0.06888488620634448,1.253248389123983
1,6.7929399534085135,3.6186709399358135,3.6186709399358135,5.4776129271118394,0.0,0.0,0.0,1.0,1.0,1.0,1.8059835695478414,2.249722511612909,2.0225766061319947,0.7127820713304474,3.218509764980911,3.426216224353042
0,1.2851030144054345,0.8705652085691793,1.3736939774078254,0.8705652085691793,1.0,0.0,1.0,0.0,1.0,0.0,-0.021794625092356967,-0.8008159435465796,-0.4562930035588214,-0.24106924243516925,-0.43101436611031696,1.375031341133187
1,3.259926487978756,2.802692716860822,2.802692716860822,2.019839996107019,0.0,0.0,0.0,0.0,0.0,0.0,1.161108316709025,0.7837810570274344,0.49097865343295133,0.4352528414798214,1.8191557141282586,1.2592818363197191
1,3.926338963318404,1.5977718742835785,1.5977718742835785,4.332823104483809,1.0,0.0,0.0,1.0,0.0,0.0,0.8186741993353213,0.09204592151451618,-0.27227916877341596,0.7612984386260087,1.0841273298556515,0.22625976126193548
0,2.5308816896541315,2.2833786656494297,1.6787136861742114,2.2833786656494297,0.0,0.0,1.0,0.0,1.0,0.0,0.016030812578683495,0.347217591061842,-0.3202154721629549,-0.5221638606682195,0.7836957920504641,1.7233360377345015
1,1.0721531395191979,0.25371289150374154,0.25371289150374154,1.0470896179410503,0.0,1.0,0.0,1.0,1.0,0.0,-0.8574407762295213,-0.5785161832876577,0.42697232583437095,0.19150239337894792,-1.8113054680253153,0.3440048047056573
0,0.8165375846955182,2.841223525898279,-0.14116463392063072,2.841223525898279,1.0,1.0,0.0,0.0,1.0,0.0,-0.9021358861673272,0.11610022676722787,-0.0022562230906454372,-0.856701177783108,0.34052779508733577,-0.9353908664235475
1,3.8930288748751956,2.122818167385197,2.122818167385197,2.4908157374173,1.0,0.0,0.0,1.0,1.0,1.0,1.0243643540934975,-0.3893375362127768,-0.7540703622392666,0.5456637900684689,2.4778173279396976,0.42663929310192406
0,0.8979206573532441,0.21802321420226006,-1.2335791714343232,0.21802321420226006,0.0,0.0,1.0,0.0,0.0,0.0,-0.6824426981519811,-0.31755643195682304,-1.0103791174581338,-0.4869928229048339,-1.2435175114749586,0.4947497149525715
1,3.4879140661396595,3.9461670387683663,3.9461670387683663,5.544473486018342,0.0,1.0,0.0,0.0,0.0,0.0,0.3382755178389554,1.6814148673921196,-0.7873364735242363,0.01069994141083297,1.8025711148497288,2.1414590845789805
0,0.13204082897303615,1.2571389399279531,-1.721057626056962,1.2571389399279531,0.0,0.0,0.0,1.0,1.0,0.0,-0.22573622936018511,-0.20784004785387822,0.3541585810244767,-0.4104373307585596,-0.773072932276015,0.6810399052805228
1,3.1577045328105706,2.452595638354174,2.452595638354174,3.4071646072134545,0.0,0.0,0.0,0.0,0.0,1.0,1.379515030117832,-1.0709474663158072,-2.416143341511056,-0.44341070883319844,0.5486287893499668,0.5548837399741089
1,4.961741603300364,4.908560639403836,4.908560639403836,4.9631706893929515,0.0,0.0,0.0,0.0,0.0,0.0,2.214742609296427,0.8177315122393974,1.8498156579956317,1.9508837832297288,0.8830303705823263,2.4177869970661954
1,2.0297874445004505,-0.5765761398971923,-0.5765761398971923,0.09591625844483342,1.0,0.0,1.0,1.0,1.0,0.0,-0.8278571440185647,-0.6726921810748996,0.5749164602280521,1.1781956641083946,1.773701323882797,1.1991879764080973
1,5.611862762778465,4.045301615492807,4.045301615492807,4.403191776567962,0.0,0.0,0.0,0.0,0.0,0.0,0.6226324067845754,1.3267583145963144,-0.3815049383778034,0.3876991154909969,0.6526681778320442,0.37634065320244403
1,2.6864268961301043,2.213425167425392,2.213425167425392,3.576073585381074,0.0,1.0,0.0,0.0,0.0,1.0,0.6896312494046113,0.41112806901833143,0.2977835852599011,1.168429915882831,1.253074129366653,1.7221959202959176
1,3.4401748688172447,2.758080497305763,2.758080497305763,3.856736958409375,0.0,0.0,1.0,0.0,0.0,0.0,1.4337572012782447,0.8516909304415012,1.1234002471024385,2.0512606397249185,1.1897126826554696,2.073392997277021
0,2.305339585329535,4.895672485183003,1.361629743402885,4.895672485183003,0.0,1.0,1.0,0.0,0.0,0.0,0.5634653080025234,0.13826535108756066,0.4794902461255788,-1.6674005299402896,0.12380562826296448,-0.7692481904456283
1,3.504153881608205,2.4185342170600603,2.4185342170600603,5.169053568226715,0.0,1.0,1.0,0.0,1.0,0.0,1.2126648769154984,0.6820181467051789,2.4362144908287404,1.172026973702945,1.186063546224986,1.735535773685672
1,6.1818298123892,3.9073271923746864,3.9073271923746864,4.42882121932428,0.0,1.0,0.0,0.0,1.0,0.0,1.276844693286173,1.1754373798993532,0.9958538362642045,1.0927040446665592,1.020457997678335,1.5569336762970507
1,5.358161865042705,4.11638655358841,4.11638655358841,4.697357091886207,1.0,0.0,0.0,1.0,1.0,0.0,0.7371344342934696,1.0825042599755952,0.32388208545427594,0.6721768311929495,0.649470861071934,-0.5143732695679328
1,5.5368408825488205,2.594909719326656,2.594909719326656,5.249286756452063,0.0,0.0,1.0,1.0,0.0,0.0,1.8380628256408567,0.97784724456267,1.048774010692602,-0.009432828008606342,2.6951996137898258,1.6392279327570942
1,2.8462773299919584,1.3931041989660198,1.3931041989660198,2.5889302277297257,0.0,0.0,0.0,1.0,0.0,0.0,-0.1960365444979416,1.0416737988580942,0.3442568421728918,-0.2511604683059846,1.788994926819613,0.9278945022049537
1,5.785299220897077,3.683195380253995,3.683195380253995,7.7805757429646745,1.0,0.0,0.0,0.0,0.0,1.0,1.871517885083625,1.223067081653135,-0.11888415599418767,1.2994408735583463,1.6256762295116767,0.3682482324831098
1,9.227594910530506,4.767390396717749,4.767390396717749,7.611958869110971,0.0,1.0,1.0,1.0,1.0,0.0,1.267472606366506,3.1238485981448973,1.9296343827567406,0.004335546133947266,1.9770098504640723,2.07030269161045
1,2.5605771894549445,2.4147102343580666,2.4147102343580666,5.01953265451434,0.0,1.0,0.0,1.0,1.0,0.0,0.8302040960778954,0.13317388172121275,-1.3227098561439936,-0.39486520645449796,-0.21852715938691314,1.6407252697207262
0,-1.6011336279314463,0.35846402830787294,-0.7241207055558276,0.35846402830787294,0.0,0.0,1.0,0.0,0.0,1.0,-1.1979416015225888,0.3759535163371102,-0.7671062373768656,0.26814621860113386,1.0846909626234924,0.033520851510773
0,2.8718103371626,5.07760018078844,3.990977960831341,5.07760018078844,0.0,0.0,0.0,0.0,0.0,1.0,1.2508498353621587,1.9231435230841596,0.8168046976895267,1.3537320451561723,1.548989370896322,3.3495182535218824
1,5.87994332593799,3.8544452789217307,3.8544452789217307,5.033583865171836,0.0,0.0,0.0,0.0,0.0,0.0,1.5449970103923045,1.2596906004699597,0.5975403866116834,1.8770518984011006,0.8124876447735474,1.4315774388974818
1,4.184582242063783,3.3095947943760375,3.3095947943760375,4.132908363904891,1.0,1.0,1.0,1.0,0.0,0.0,0.3576215749646495,0.009943918380834305,0.5109513117117324,0.4308371076459843,0.5741058132503742,0.5451314650463168
0,2.9566404788249923,2.901375958577465,1.778045699772517,2.901375958577465,0.0,1.0,1.0,1.0,0.0,0.0,-0.2711983174729664,1.0906472319689742,1.0045942667785739,1.008707878143308,0.21696443417811506,0.8187021111513161
0,0.34838698536619295,4.740279602076973,0.10489012718271051,4.740279602076973,0.0,1.0,1.0,1.0,0.0,0.0,0.8107767401166963,-0.3763291423665067,0.5859369424846651,0.21494404605812362,2.1894158450849432,1.5948347766734534
1,2.7749183043194185,0.6502109394262543,0.6502109394262543,2.8337979209414703,1.0,0.0,0.0,1.0,0.0,0.0,0.6363914172987397,-1.6581965113028767,0.1193687844953526,-0.13363476127030927,-0.3676306908782294,0.5265239811240466
1,5.903951250533735,4.77687199761202,4.77687199761202,5.919421766622649,0.0,1.0,0.0,0.0,0.0,0.0,2.0669112663470477,1.4063889571083643,0.9203490854756862,0.39418942936859447,2.2535303713169847,2.2222497526352893
1,4.638309686637294,0.2717981613894829,0.2717981613894829,3.7973107470303606,0.0,0.0,1.0,0.0,0.0,0.0,0.8688762623128268,0.33700683460007763,0.7926454743392,0.8951021581856881,1.9846603249571,1.539844865407564
1,3.8730344552272347,0.6661804012641024,0.6661804012641024,2.32694031175133,1.0,0.0,0.0,0.0,0.0,0.0,0.32075988054166493,-0.6212146616193177,-0.3843216227193823,-0.14631664056169402,1.0832256756513705,-0.5317836146873458
1,2.5847720574195954,-1.232791092467021,-1.232791092467021,-0.03039641531105608,0.0,0.0,0.0,0.0,0.0,0.0,0.5421736582054716,-1.7253928626879613,-0.08170122463782037,0.5618784640335059,0.009788399673647863,0.21090284801778514
1,4.124658478286015,0.45216407325123,0.45216407325123,1.540993206014024,0.0,0.0,1.0,1.0,0.0,0.0,0.09054382855446141,0.5253268179506915,0.2840506936471432,0.8681321051255868,0.23704135546601468,2.4319120205607385
1,1.6294161173118407,0.9206615381118083,0.9206615381118083,1.193330956023148,0.0,1.0,0.0,1.0,0.0,0.0,-0.9249587853010788,0.0068237401215106575,-0.536425312519923,0.4574865851131895,1.4604916872958107,0.5514727192752602
1,-0.10423742497254958,-1.9078756831879278,-1.9078756831879278,-0.0004183038095876279,0.0,1.0,0.0,0.0,0.0,0.0,-0.653745385358061,-0.8312948141548935,1.1071827326326256,-0.4612656542104132,0.6378513596086494,1.6488227726321525
1,2.881734758680353,0.8868572986599323,0.8868572986599323,3.4592241123470764,1.0,0.0,0.0,1.0,0.0,1.0,0.5097422944442953,-0.3941606816293608,-0.18427738902698454,0.544480202104284,-0.7658556785474988,2.29846733425311
1,4.3977259857745885,2.6154486623796176,2.6154486623796176,4.37565378954643,1.0,0.0,0.0,1.0,0.0,0.0,0.8575471818293049,1.281899561659341,1.355505410761923,0.41234310313375416,3.3093400665963415,2.277765720077601
1,5.810426260168727,3.3060777744765137,3.3060777744765137,4.6956969518674825,1.0,1.0,1.0,0.0,1.0,1.0,0.4834130666844732,0.2245941066234452,-1.404949007363574,-0.38453839671934686,0.8640629519535412,0.4413664056128628
0,3.331738227595209,5.56927849051498,3.2578925209091447,5.56927849051498,1.0,1.0,0.0,0.0,0.0,1.0,1.3936473666911136,1.0234455168996992,1.2000787193837648,0.06175119303533827,-0.24595619180599915,0.91400931953838
1,5.351672291428476,3.0303516844728224,3.0303516844728224,5.8428298693258975,1.0,1.0,0.0,1.0,0.0,1.0,0.8080084218677648,0.8727248474792494,0.7440742795128353,1.817043964363997,3.051414488406292,3.1482966951251896
1,2.7395234870198624,0.04686362431027569,0.04686362431027569,2.578077199591898,0.0,0.0,0.0,0.0,0.0,0.0,-0.19327857973219142,-0.05165809522774645,-1.4121795912603559,1.2234199794956044,1.9056302187127359,-0.22245994630404864
1,0.8688553832674526,0.9324890295571151,0.9324890295571151,2.08514497807312,0.0,0.0,0.0,1.0,0.0,0.0,0.2867644511075993,-0.019148146673175992,1.090535275226245,0.5911840857224862,1.5445284253587055,1.825049554033939
1,4.237360204452638,-0.244512092069458,-0.244512092069458,2.248324291382677,1.0,1.0,0.0,0.0,0.0,0.0,-0.7490989456725394,0.052692107118275655,0.6363715861935172,0.5674389140926119,-0.16106373590223533,-0.969036909599243
0,2.1180125866336414,0.6925265590104563,-1.5280618714046839,0.6925265590104563,0.0,1.0,1.0,0.0,0.0,0.0,-0.43270749331771985,0.2674877059811761,-0.08177042199492934,-1.1770666565780128,-0.5987169267645762,1.4478373007508685
0,4.952162813124656,6.828436331704383,3.4520836685035197,6.828436331704383,0.0,1.0,0.0,0.0,0.0,0.0,2.555993677320795,-0.047841123603213576,-0.4740660164067445,1.0674534061350336,1.9445345008796713,3.3321452612417053
1,5.1295905613666495,5.256531488176266,5.256531488176266,6.237265581003571,1.0,1.0,0.0,0.0,0.0,0.0,0.5265925896440705,-0.03275410361853692,-1.6805263859966817,0.7471302869451651,0.41244186930623106,0.3236920698586918
0,-3.570197498878291,-0.776928547473317,-0.20901730306529331,-0.776928547473317,0.0,0.0,1.0,1.0,0.0,1.0,-0.7861873765659,-2.0229448104914747,0.09615154600634324,-0.8832102432203908,-0.3943085321403883,0.019096129102185055
0,1.2707424168414638,0.8169774711524416,0.3493913912166837,0.8169774711524416,0.0,0.0,0.0,1.0,0.0,0.0,-0.48112540851473995,1.6416045168804019,0.6340590181109881,1.2883688717646935,-0.9037768572467366,-0.36067796248525363
1,1.7173219100450519,1.3400740986006858,1.3400740986006858,2.6835202841109225,1.0,0.0,0.0,1.0,0.0,0.0,-0.08421256092513507,-0.414097653872038,0.41508800948975744,-0.028538662243290935,0.5849324308303736,0.3863037304865251
1,3.977976662586655,-0.023156750744284027,-0.023156750744284027,4.818063962189674,1.0,0.0,0.0,0.0,0.0,1.0,0.6140047324192128,-0.37042685794246566,0.1605654149896772,-0.5176801072774935,0.2261029479474025,-0.6714720315017058
0,1.9219800240464482,4.190126691827148,0.8113586234488832,4.190126691827148,0.0,1.0,1.0,0.0,1.0,0.0,0.3193507469280086,1.4254815951232367,0.46095138719104334,-1.2429814033454862,-0.23388278648877492,-0.3189169254225437
1,2.988339523859544,0.8133023531093864,0.8133023531093864,5.675653826020019,1.0,1.0,0.0,0.0,1.0,0.0,-0.13091055095050474,-0.4342663355203805,0.5266524512647207,1.4464484851711834,2.0001073600636525,1.850735643659109
0,5.4483223424768505,8.408306278560213,5.222042046214357,8.408306278560213,1.0,1.0,0.0,1.0,1.0,0.0,2.416127493957139,2.006165765324021,2.337884558212755,1.1654019264378137,3.013337793742634,3.0211350049696297
0,6.66380789305123,9.229558260196223,4.131747508265844,9.229558260196223,1.0,1.0,1.0,0.0,1.0,1.0,2.961112653386217,0.8517107016470948,0.6342793268074669,0.8751363427376653,1.926550210397806,2.268385793244277
1,3.3463067328120957,1.308026747874494,1.308026747874494,2.259957925793874,0.0,0.0,1.0,1.0,1.0,0.0,-0.32066486151896256,0.9343939131952214,0.921388465158938,-0.946398543819825,0.5133560330006683,0.4543490957898867
1,8.369592870579659,3.045404634228428,3.045404634228428,7.6717216169798315,0.0,1.0,1.0,0.0,0.0,1.0,0.7896743843571525,3.120342509056979,0.46576100117646124,-0.4318829120340002,1.6074101607889026,2.587413023662069
1,3.4144963474321575,3.919954224046413,3.919954224046413,4.467371464489157,0.0,1.0,1.0,0.0,0.0,1.0,0.45222218078942894,0.07105848352883881,-0.6810753219595644,1.5342296526218981,1.0457516554322495,0.7233181202988991
1,3.0825382066588585,0.6221779042704569,0.6221779042704569,3.9553352396207195,0.0,0.0,1.0,0.0,1.0,0.0,0.9965767186557848,0.7596436774870045,2.1445043334257194,0.9394515168428166,-0.012711613543777478,1.1638307473237108
1,7.68416739190161,3.7560889124270425,3.7560889124270425,4.338441459828893,1.0,0.0,1.0,0.0,1.0,1.0,0.9947794074894567,0.621192935236446,0.38537123591126726,-0.5564132374391881,1.1353879136686391,0.45978498118092037
1,3.652134677519506,3.3101160346991807,3.3101160346991807,4.533233182654367,1.0,1.0,0.0,0.0,1.0,0.0,0.12056725855404887,-0.1556037193230425,0.03365768674317415,-0.19967788626103888,2.0672536873801253,1.0632273547035849
1,4.793371882013247,2.005897073584371,2.005897073584371,3.483659242029955,0.0,1.0,1.0,0.0,0.0,0.0,0.2576889571621399,0.6012766224503181,0.7013173025408528,1.6888144794215545,1.4896321519274753,0.6699881525887769
1,2.3299198429937267,-0.19133192376613117,-0.19133192376613117,0.8152460909697237,1.0,1.0,0.0,1.0,1.0,0.0,-0.4485514897516071,-1.2576013269441217,0.5261096949446085,0.2168960883757164,-0.2651961387955861,0.6395221411041385
1,1.905379684424481,1.9236377491945262,1.9236377491945262,3.8424779384774697,0.0,1.0,1.0,1.0,1.0,0.0,0.4694665968623074,0.7700153373288304,-0.30179079329404157,-1.2149213023152228,-0.5407486145983431,0.4838009537099708
1,6.044341441023427,3.3065362636078106,3.3065362636078106,6.091324047139716,1.0,0.0,0.0,1.0,1.0,0.0,1.5672036693399194,1.027179707885355,0.39020416852633366,1.5047553506876306,0.43637476028461464,1.3262889415464931
1,4.0924151412871295,1.3452295511832757,1.3452295511832757,4.571379592241296,0.0,0.0,1.0,0.0,0.0,0.0,0.5395777131897721,0.8033218054839167,1.5838558841878216,1.5863036888072017,3.5333625870486536,0.9100197712656679
1,6.617475198699896,3.586708528554341,3.586708528554341,5.1495282411244725,1.0,0.0,1.0,1.0,0.0,0.0,1.8629079732839675,0.7199771434046952,1.5290070217675706,1.6570068380697276,-0.3022461439807911,1.0498010804909181
1,5.188378310754088,5.198704828243526,5.198704828243526,4.682363520715075,1.0,0.0,1.0,0.0,1.0,0.0,0.4909342847892485,0.5776060143373589,-1.0405370145361874,1.247555522371758,1.7984553712649791,0.720606330407898
1,5.247887802653691,1.3842661206685578,1.3842661206685578,4.895627435097964,1.0,0.0,0.0,0.0,0.0,1.0,-0.3410842099216458,0.46955010383556095,0.49929354290360867,2.5219507376385124,1.2137841074693307,1.4877615489008553
1,3.8078225599139564,3.183195776352003,3.183195776352003,2.9267363613189343,0.0,1.0,0.0,1.0,0.0,1.0,1.7333676485926648,0.02415955691727356,-0.6171363021683252,0.8513604201041909,-0.6630010616795943,0.8788462257705326
0,2.701477133789897,1.309088886753937,1.9363176129227444,1.309088886753937,0.0,1.0,0.0,0.0,1.0,1.0,0.0076850316354087345,0.35467576125657774,-0.5300351714565477,0.09597708817147049,0.170556122620785,0.18063248853818847
0,1.6219937232290984,2.810031811799611,1.1733752053303024,2.810031811799611,0.0,0.0,1.0,0.0,0.0,0.0,-1.0610137663743517,1.7671522948630147,-0.8206624665130136,1.290245801591227,0.053582644129949286,0.9174372473656817
1,6.54625068686797,3.8394729791900533,3.8394729791900533,6.67940554287934,0.0,1.0,0.0,1.0,0.0,0.0,2.335963981970089,1.7363091056476696,0.669584321153221,1.1175028064949277,1.4535331625064158,1.0909499864751406
1,4.744669368839453,4.649747555009291,4.649747555009291,6.452937594990591,0.0,1.0,0.0,0.0,0.0,0.0,2.1557854343337897,0.9599069563915426,1.5483809445852488,3.827246665752307,1.8178177131828404,2.8885357851560096
1,-0.06710442755845825,0.1520833066851141,0.1520833066851141,1.686191664185802,0.0,0.0,0.0,1.0,0.0,1.0,0.1309277017577017,0.27804550408667694,1.042727339672645,0.8051370556001118,-0.26647145043805653,-0.2478712177506437
1,5.3977792589749845,3.45935241549411,3.45935241549411,3.8163965491407037,1.0,1.0,1.0,0.0,1.0,0.0,1.3636343227411787,-0.491868474580915,-0.006475192302668242,0.09781646193205112,0.8517321314316588,0.12771508606110138
0,3.6339136217401156,2.671873447611442,2.234494581130436,2.671873447611442,0.0,1.0,1.0,0.0,0.0,0.0,1.2948907089941497,1.7478535994266735,2.7645423939318268,-0.23881230449244328,1.3971880938124186,1.2258144283135852
1,4.102406344615943,1.5021888814452344,1.5021888814452344,4.573644518113405,1.0,0.0,0.0,1.0,1.0,0.0,0.5000221831699465,-0.4312724367495445,-1.3428868799268587,0.7717581607586149,0.4075357687933969,0.10382315417587773
1,3.551457032291829,2.857533181364785,2.857533181364785,3.6592195614827117,0.0,0.0,0.0,0.0,0.0,0.0,1.3986918424184187,0.48104167423794536,0.4675691122183988,-0.08417710193729089,2.057167867048081,1.8318991427166857
1,4.6003502260766265,1.700942938296191,1.700942938296191,3.181463290554049,0.0,0.0,0.0,0.0,0.0,0.0,1.5916910759391556,0.9115097399636438,1.3856469351296978,1.2655807794352198,0.7696393242864599,1.2886492041747726
1,4.594431772012317,2.900574325955957,2.900574325955957,3.470720783795713,0.0,0.0,1.0,1.0,0.0,1.0,1.5132543499375268,1.2612434391128677,0.873551175141313,1.6976049444256749,1.760360417485872,-1.8258423468350236
0,0.38454837285434795,2.125879111816842,-0.6262480490706328,2.125879111816842,0.0,1.0,0.0,1.0,0.0,0.0,-0.4620827818274983,-0.08682605955144518,0.21075020862144944,0.11010659810148271,1.5455345734191708,0.3599779397924462
1,6.97192954936409,5.319289751944783,5.319289751944783,6.120339356904561,0.0,1.0,1.0,1.0,0.0,0.0,2.7807596666686365,1.0358436132064432,1.4104724980119727,2.231050295678945,3.2522678005651846,-0.07486769881577349
1,-0.28314075389574445,-1.6057225009454221,-1.6057225009454221,0.39507201560340977,0.0,0.0,1.0,0.0,0.0,0.0,0.17703255780044003,-0.8025461865461723,1.3835498912381998,2.3858210544914726,0.19658005509737997,1.2708608544045306
0,-0.8778359784801268,0.014556748192718572,-0.8227896639332869,0.014556748192718572,0.0,0.0,1.0,0.0,0.0,1.0,0.048421381929415974,-0.3938666801904258,3.305059150787227,-0.501001444499733,1.2705357484088164,0.9901232058823664
1,3.498373103487109,1.7621889462091982,1.7621889462091982,3.350157103227236,1.0,0.0,0.0,1.0,0.0,0.0,0.11879646767632701,0.7675862793650122,2.224450940273106,1.9717142645955321,2.1235125119522107,1.450012216083365
1,0.47913688569985935,-2.5598142591443476,-2.5598142591443476,1.0096800237012709,0.0,0.0,0.0,1.0,1.0,1.0,-1.8534175457466389,0.2725724624744328,-1.3002749891885457,-0.48495909069946097,-1.282247654559816,0.2003249752787407
1,4.589193325196358,2.78684808027947,2.78684808027947,6.337945698562269,0.0,1.0,0.0,0.0,0.0,1.0,1.7047199007813312,0.7103781707124784,0.8762775211658299,1.6091695770694276,0.3041852709678019,0.7410522045300075
1,5.932449795891054,0.9961542107100729,0.9961542107100729,4.303803419477698,0.0,1.0,1.0,0.0,0.0,0.0,0.6953756584316317,0.5421755287955429,0.21604236518199993,0.4710489233076962,0.920548743318509,0.8274535329434995
1,7.531086998673514,4.194262441916053,4.194262441916053,6.121674417472428,1.0,0.0,1.0,0.0,1.0,1.0,1.0491498342606682,0.6719533290890242,0.8170050640511397,1.8394231040467235,1.2195650683558776,3.205108176511573
1,4.221242237741858,1.6756529937690476,1.6756529937690476,3.3064811090469486,0.0,1.0,0.0,0.0,1.0,0.0,1.2530121308742685,0.5003676855671175,1.250245765261706,1.22781684869761,0.6916371850720906,1.598265800605684
0,4.327497738669452,5.9397943390526065,3.291260673953273,5.9397943390526065,0.0,0.0,0.0,1.0,0.0,1.0,1.6428969965269475,1.6256706395443297,1.2992497032392798,2.650597450296728,2.5133219632857253,3.1367826189674495
0,2.6301832175738094,0.29347574257029885,0.43624241306678413,0.29347574257029885,0.0,1.0,0.0,0.0,0.0,0.0,-0.7252958463746673,-0.04647546903758315,0.20131830679324147,-0.526597192167771,0.5936433213747059,2.5408864305622894
1,5.011350657693036,3.360483908345929,3.360483908345929,3.5291913299100144,1.0,0.0,0.0,1.0,0.0,0.0,1.4140033424375198,0.27778530436799975,0.004395600114303455,0.56110432449945,-0.04633364911187732,0.9981997302923153
0,-0.09770925698346067,0.6195702576681389,1.5798396317619579,0.6195702576681389,1.0,0.0,1.0,0.0,0.0,1.0,-0.8957681887399507,-0.26772603181716004,1.0955506741237664,-1.852038451005808,0.5303022916022032,1.0146387680292406
1,6.251675925201516,2.081434067492376,2.081434067492376,7.446589932302256,0.0,1.0,0.0,0.0,0.0,0.0,1.2097246570408344,1.5984022501321218,1.311357560291238,1.382354869753774,0.7084985960473075,0.8824834882885414
1,6.383618923262029,6.169644536064757,6.169644536064757,7.052827224705633,1.0,0.0,1.0,1.0,0.0,1.0,1.8034613895186486,1.283479632236303,-0.09467796340185775,0.2792868187635092,0.3435556197364604,1.1412256510619931
0,3.2388455697023737,1.5339408435491728,0.614378652324588,1.5339408435491728,0.0,0.0,0.0,0.0,0.0,0.0,1.3651030756971354,0.5676206406337445,1.1128433253261958,1.0162774364066105,0.6353534849499047,-0.11898874284725469
1,2.9263367942211462,2.6853495049661165,2.6853495049661165,3.494087795531985,0.0,0.0,0.0,1.0,0.0,0.0,-0.34408819388629697,0.9489816038719555,-1.4129920333582957,0.3068235444234647,0.2802139989547733,1.550228517673403
1,0.9979662592716326,0.4912448682721375,0.4912448682721375,1.1907213780072277,0.0,0.0,0.0,0.0,0.0,1.0,0.33681884057013184,-0.17478618556190662,-0.3325215410152005,-2.0592031984690706,1.3538715911549686,1.2836229291789505
0,-2.451199157860501,-1.3825758884631736,-0.438436032318146,-1.3825758884631736,0.0,0.0,0.0,0.0,0.0,0.0,-1.2491801223983638,-0.5943889047472819,-0.4641014576675837,0.1742340913004649,-0.749708236901725,0.20168173502165132
1,3.649459619740546,1.4224061787097333,1.4224061787097333,2.896704390570206,1.0,0.0,1.0,1.0,0.0,1.0,0.45376761456540315,-0.35095369586397585,2.6658487454466195,0.9642126538417852,3.1873911421048984,1.184634141162669
0,7.164187476387015,6.529399032201237,3.622018058001383,6.529399032201237,1.0,1.0,1.0,1.0,1.0,0.0,1.334653775197108,1.728943648778814,0.1501477943707502,0.58104707608579,1.3873428663313596,2.43411904435331
1,3.099771076986153,0.6186774121886369,0.6186774121886369,4.026048469547149,1.0,0.0,0.0,0.0,1.0,0.0,-0.3900078318989141,1.527237303548467,-0.2737082529507109,0.3085025309060289,2.0729312013996086,1.2628687929858948
0,4.58333895795318,4.0906665572233045,4.026242576040776,4.0906665572233045,1.0,0.0,0.0,1.0,0.0,1.0,1.2620172824004436,1.8907868467579758,0.9137245788985238,-0.21667395737855544,1.6048872049040082,0.5209095177616077
0,2.1793965617688364,7.072852741277554,1.9600797905299947,7.072852741277554,1.0,1.0,0.0,0.0,1.0,1.0,-0.3665758767909074,2.046909265042803,1.8327812471468663,3.3887087828839295,3.8037566486104843,2.148108689356166
1,3.350077793945014,3.8477320051588113,3.8477320051588113,4.605371939891676,0.0,1.0,1.0,0.0,0.0,0.0,1.7741695150542514,-0.9494466424403671,0.2733224581196454,0.07558430813950912,0.8569058639021102,-0.015754272551093518
0,3.827301933346415,5.777606195212626,2.4673866894130105,5.777606195212626,1.0,1.0,1.0,1.0,0.0,0.0,0.10477620658383546,1.5243059586633205,-0.8034612172686828,0.2583037973515692,1.6481119297642497,1.1554320540821805
0,-1.3957477472483084,-1.4477201658701975,-1.1014697756031258,-1.4477201658701975,0.0,0.0,0.0,0.0,1.0,1.0,-1.6761355758987602,-1.4386474826597775,-1.2994183335463028,-0.7298057414483574,1.8080308802117755,0.8109793492507987
1,0.8895450834092375,-1.097450932384426,-1.097450932384426,-0.049266486723115066,1.0,1.0,0.0,0.0,0.0,0.0,-1.2896679042796824,-0.12668473507064315,1.6037590597617875,1.367907278825154,-0.07697792823599126,-0.07021219663886646
1,1.5556032240563882,2.1646086993777356,2.1646086993777356,1.8568903778306265,0.0,0.0,0.0,0.0,0.0,0.0,1.0698369720226957,0.29890398186932127,0.4448707093389581,-0.060822124758740825,0.24311146577065468,-0.30259987037168923
0,2.2117281004615763,2.8606382453389823,0.7388646759601263,2.8606382453389823,0.0,1.0,1.0,0.0,1.0,0.0,-0.05260027755248642,1.354765417477807,1.8708286006237982,0.6443876113872586,1.5036116993004411,1.5438554388483647
1,1.1286788024989869,1.5680304316794063,1.5680304316794063,0.3465139629519842,1.0,0.0,0.0,1.0,1.0,0.0,-0.07005882128468721,-0.31960304014768093,-0.1971121195265384,0.2159377702502508,1.6175016643562903,0.24550634943046812
1,3.1064011119246575,-2.701342136869492,-2.701342136869492,1.617127767565008,0.0,1.0,1.0,1.0,0.0,1.0,0.49634489374935387,-0.8503468793555544,0.8356974701110147,-0.21683925053621123,-0.881861324277835,1.0585962523333232
0,1.6851733670556088,3.752835328788686,2.2124065413256835,3.752835328788686,0.0,0.0,0.0,0.0,0.0,1.0,0.7454879875501883,0.22758715970372323,1.0761675909735857,1.446538981621724,1.226920014945599,0.444644152985221
1,0.4910532941455913,1.6769153166116444,1.6769153166116444,2.004015449398726,0.0,0.0,0.0,0.0,0.0,0.0,0.4002742923548398,0.05591138609842988,0.7303306893425231,-0.3331016345530602,0.7362840133988526,0.016179436885259024
0,0.2840632771611602,3.1498457052664914,0.7810421215510204,3.1498457052664914,1.0,0.0,1.0,0.0,0.0,0.0,0.8811241667997615,-1.1535304210017352,0.15731496955599317,-1.0322688022282354,0.22297183824339029,-0.20317287356518765
1,0.7037080330018562,-0.8128979836988652,-0.8128979836988652,-0.1917096543395409,1.0,0.0,0.0,0.0,0.0,1.0,-1.096671741892786,-0.0002888109771371772,-0.23347728756881558,0.3862200273751717,0.8910046602806878,0.8397114866715518
1,5.512741958088037,3.2802261828151793,3.2802261828151793,5.504234668802543,1.0,0.0,1.0,0.0,0.0,0.0,1.49304406300289,0.6851529062023266,0.4319686263490299,0.4272420340479762,-0.4477950907155668,-0.5627717106997467
1,3.3654116213871443,2.50641425195956,2.50641425195956,4.677759527640751,0.0,0.0,1.0,1.0,1.0,1.0,1.305323051138037,0.19925657619985165,-0.9347618201207939,0.5902106522636298,0.7672033590781032,-0.46659724660342805
1,6.037882570334943,2.230546050847372,2.230546050847372,5.550625147213444,0.0,0.0,1.0,1.0,0.0,0.0,2.3302362005568886,0.5422492134869484,0.8918630532927176,0.7986322851925796,1.15149143411757,-0.165115196503828
0,5.620960078291841,5.926712628102232,5.2292013100775785,5.926712628102232,1.0,0.0,0.0,0.0,0.0,0.0,2.815335866992486,1.5044889857459633,1.6331178242715083,2.3371765518977137,0.9296478078095631,1.2290238746771789
0,3.365996071243781,1.7104341718418727,0.40551569335983134,1.7104341718418727,1.0,1.0,0.0,1.0,1.0,0.0,-1.5429132828754684,0.18255039409160922,0.023215928796788465,-0.20895913922510878,1.1057645994650118,-0.007669247327013906
1,4.351679672185149,2.5330847657397175,2.5330847657397175,5.8605664566274855,0.0,1.0,1.0,1.0,0.0,1.0,0.11441285488986142,1.1664539450391713,-0.2959820100149644,1.7923841419194178,0.5586220947697044,0.2420708545437824
1,2.5598850844822807,0.6109961933149225,0.6109961933149225,2.7810821266035957,1.0,1.0,0.0,1.0,0.0,0.0,-0.3677656221684189,-0.4341717760093644,0.2338587089509223,0.46539124666905196,-0.8506338153956019,0.6884600607486416
1,1.27126201009332,2.153223503164023,2.153223503164023,3.6128846982793776,1.0,0.0,1.0,0.0,1.0,1.0,0.2522574709773704,-0.7249633990249791,0.05786049032090024,-0.5677474663874102,1.3139876543454005,1.9500710755028714
0,2.7348364925445665,7.832864940645141,3.4866621668628994,7.832864940645141,1.0,1.0,1.0,1.0,1.0,0.0,0.10558253052860944,1.8196043770425638,0.3963119376865749,-0.0728328317753012,2.380148480353651,1.0166057576698873
1,-0.0861767487533498,-0.8842267802692556,-0.8842267802692556,0.677003295553029,0.0,1.0,0.0,0.0,0.0,1.0,-1.3934754182511284,0.7272813968968543,-0.2670646434448285,0.6006791435632794,1.500325111413273,1.4174788724629097
1,2.1368425030804428,3.0043452831201547,3.0043452831201547,3.8730015317698845,0.0,0.0,1.0,1.0,1.0,1.0,0.48646586989268037,-0.25439708446294307,0.5006797199293918,0.4204770063129156,0.5715762533757257,1.4371381001275592
1,5.951742895155015,4.197297719495202,4.197297719495202,5.4127653410782575,0.0,1.0,0.0,0.0,0.0,1.0,1.4107675982332566,1.5298658057124246,1.0769797512554438,1.1780164960641601,1.4463647234714498,0.40818972966541156
0,-0.19562395401593113,1.4339479911661872,0.07147252649946545,1.4339479911661872,0.0,1.0,0.0,0.0,1.0,1.0,-0.7938601082814059,1.1842936152440657,0.7352962671779828,0.6122260628829621,0.08610972470678124,0.04533616306593835
0,5.4141377840279095,6.304580231446492,4.503193887381122,6.304580231446492,1.0,0.0,0.0,0.0,1.0,0.0,1.6391478866672202,2.1674753407566225,1.584528860031713,-0.3993527031675198,1.5063482828078874,1.6647265877536637
0,3.1484938231127106,1.7470336530837918,2.9578033581967915,1.7470336530837918,0.0,1.0,1.0,1.0,1.0,1.0,-0.09261806131296646,-0.053362975990275174,-0.6711216399049782,1.8704461113903028,0.2150372284191594,0.7715653007665393
1,2.110870158617995,1.6877287433016106,1.6877287433016106,3.6016079049786227,0.0,0.0,1.0,1.0,1.0,0.0,0.7871947248314278,0.6120923814986692,-0.012780521436707382,0.853720563260771,1.9836899780537065,0.5185030782056528
1,4.328817597797911,3.2999460563853162,3.2999460563853162,2.0626950558558144,0.0,1.0,0.0,1.0,1.0,1.0,1.1039748432437182,-0.06113667180096227,1.0827112523438678,-0.195622141835614,0.8823969950151611,2.8168315159554513
