1,8.35543018257796,2.876206300210105,2.876206300210105,10.327399985690283,1.0,0.0,1.0,0.0,0.0,1.0,1.0723712534411063,3.305892874584663,1.0334104006952325,0.703890953144126,0.4637069041242111,1.3051578324245698
1,5.531421442331161,4.330503169021686,4.330503169021686,5.722978326346655,0.0,0.0,1.0,0.0,0.0,0.0,1.4395751479685959,0.8335460050480199,-0.586183347154861,1.8897870394554315,0.990424902310643,1.9769655558622732
1,7.033328806913909,0.5986593084742569,0.5986593084742569,6.019754740924142,1.0,0.0,1.0,0.0,0.0,0.0,2.2125640712268133,-0.5211658255163316,0.1500610655762824,1.4685049655657856,-0.3667539882779627,0.9726397846362361
0,-0.8433759501705449,0.6990396746238936,-4.313198787610459,0.6990396746238936,0.0,0.0,1.0,0.0,1.0,1.0,-1.5006535151193119,-1.0676118977975726,0.45015655136486954,-0.3010804648492824,0.7647052689641707,-0.3064630754167743
1,6.1935838984700595,3.5371312097612346,3.5371312097612346,3.2706754880725377,1.0,1.0,1.0,0.0,0.0,0.0,1.1811135836044273,-0.6414623740770538,-0.5978803767807934,1.3210979724189373,1.5542803211296436,0.875288626501644
1,2.550763441972716,0.6783209477110621,0.6783209477110621,2.0537798271179204,0.0,0.0,0.0,0.0,0.0,0.0,0.49275741359916203,0.4808244389539721,0.2522491084242613,0.09016201450483763,0.8363767217884992,-0.4457436995576989
0,-0.7008160867497416,3.3757203427515106,-1.0994781856374822,3.3757203427515106,1.0,1.0,0.0,1.0,0.0,0.0,-1.11457476752877,-1.6181630388141328,0.01769157644651631,0.0912840640608637,0.604186572754957,-0.6542474073732558
0,2.7724604123104877,2.7565431037959978,1.4900206568360492,2.7565431037959978,1.0,1.0,0.0,0.0,1.0,0.0,-0.2488097954052072,0.3025555186329705,-0.3321252832509718,-0.21505808875360455,0.18379265998288274,1.6136880458580252
0,-0.5984999967969291,1.0458476002476884,-0.6631108297205407,1.0458476002476884,0.0,1.0,0.0,1.0,0.0,1.0,-0.3989317047338987,-0.12634712034769924,0.8876792836954568,-0.41682865228457633,1.2412516143425691,2.0323576389853666
1,3.384252352085947,2.591210870823358,2.591210870823358,2.5710545883958664,1.0,1.0,1.0,1.0,1.0,1.0,0.3247974725480005,-0.04712371694616102,-0.6394319990167663,-0.525199063985585,-0.10307653220334467,-0.8178211567847533
0,0.6047959044072581,2.9847882042331353,1.1359360492080268,2.9847882042331353,1.0,0.0,0.0,0.0,1.0,1.0,1.0424956915220642,-0.6934966191582963,1.8845841392513274,-0.8949484114967954,-0.2757389271714843,1.1845578117940212
1,4.817850359903678,1.8851814812087175,1.8851814812087175,2.8071785419822435,1.0,0.0,1.0,1.0,0.0,0.0,0.1091848832980093,-0.881561995538152,1.1595743101342666,1.6440320603515715,0.8005027061874712,0.33693344333878483
0,2.547955340691108,3.7467655556504083,1.7835589336469049,3.7467655556504083,1.0,0.0,0.0,0.0,0.0,1.0,0.36636709154133956,-0.16841807894443128,0.22492298486363338,0.49028706127418026,2.5192845500083636,0.8344997237057155
1,4.5969097397554535,3.1134240959440342,3.1134240959440342,4.757653892023932,1.0,0.0,1.0,0.0,1.0,1.0,1.5328005461156544,-0.041581113477155096,2.231678264008462,0.10319921798851839,1.8028341046438963,1.0672868468969086
1,4.418077770004539,1.3189624093345178,1.3189624093345178,2.9650064373883716,0.0,0.0,1.0,1.0,0.0,0.0,0.1786531211275338,1.6063319500557485,-0.3285658415394004,-0.6569157382156579,0.6975848450685966,1.8405034136393479
1,5.73263849604768,5.041312324349191,5.041312324349191,7.854021539434578,0.0,1.0,1.0,0.0,1.0,0.0,1.3241417978508045,1.0967355383473796,0.47186625974266283,1.2874881873882154,2.964398825819737,1.5610587210724076
1,3.638782523407019,0.965997849545088,0.965997849545088,5.345407733308605,0.0,1.0,1.0,0.0,0.0,0.0,-1.0615426128162486,2.151468336345453,-0.38544036334919807,-0.6045080841267811,1.7947793780506798,1.3674950761399862
1,3.638190356783678,2.0676281539980623,2.0676281539980623,4.707214166572701,0.0,0.0,0.0,0.0,0.0,0.0,1.7657585629612549,1.0435316345572967,-0.39213781257466485,0.7370843999933876,0.23321680400248013,1.5156401928771843
1,1.1249367056597643,0.6907683046994425,0.6907683046994425,1.3507980690301582,0.0,0.0,0.0,0.0,0.0,1.0,-0.0066628819893890245,0.16679492449208505,-0.7896964690873678,-0.37021477680042303,0.9535475191422279,0.7627976653772348
1,1.6519379301881292,-1.2366329311970716,-1.2366329311970716,0.7201584740477259,1.0,0.0,0.0,0.0,1.0,1.0,-1.437100041637661,0.25971784392350383,0.08764181285710204,-0.28077342260174887,1.5546153004252412,0.18162935986687123
0,0.9339861011819703,3.0929573529515033,2.1863605630492113,3.0929573529515033,1.0,0.0,0.0,0.0,0.0,0.0,0.3269537344959347,1.2661759215474049,-0.054914739567972104,-0.467473433326246,2.8090812076927265,2.8265395575726977
0,-1.4401234895399255,1.5354147042871191,-1.0418030832115501,1.5354147042871191,0.0,0.0,1.0,1.0,0.0,0.0,-1.3944110456139216,1.2790218435398062,0.7241038708621553,-0.1345501015092737,-0.11959919395114316,0.886116660587243
1,3.071217017384459,4.595222417161381,4.595222417161381,5.984274894682674,1.0,0.0,0.0,1.0,1.0,0.0,1.1639281236545649,0.6080803891806297,0.8250840626444915,0.7461872227892998,0.29537135680696125,-1.1812195756143042
1,5.453474094640652,2.6728263018199114,2.6728263018199114,6.160021715794727,1.0,0.0,0.0,0.0,1.0,1.0,2.280642833463908,0.74354684293046,0.7291052429069558,0.6571048225703453,1.2395377730127202,0.8365266227664253
0,3.5563818483088916,5.04729726645288,4.326042580898389,5.04729726645288,1.0,0.0,1.0,0.0,0.0,0.0,1.7721980844816752,-0.20102886900912476,0.9149492211752427,2.5585981276858947,1.5135345487766303,-0.45157643075877707
1,2.2847906902610164,2.61124729172771,2.61124729172771,2.9072529396109066,0.0,0.0,0.0,1.0,0.0,1.0,1.0845582035627548,0.7021575928356314,0.9288802768999506,1.2189192749790883,0.9807618096459274,0.8684525670937961
0,1.0832432168287784,1.7814273871733286,1.433242167453004,1.7814273871733286,0.0,1.0,0.0,0.0,0.0,0.0,0.6595981759065375,0.7066502018891377,1.3428649447204402,1.833110851333231,0.6055504262186452,3.0334694366093737
1,7.404235015360488,3.5461144843827936,3.5461144843827936,4.34963776019478,1.0,0.0,0.0,0.0,0.0,1.0,1.9282342334479974,0.7602480245550729,0.30790572230740254,0.21051313644889558,-0.7235008214341427,1.073135357519672
0,3.7638636167248998,3.8903823645821975,1.9688795620779274,3.8903823645821975,0.0,1.0,0.0,0.0,1.0,0.0,0.5905685694765064,0.6765020308662216,0.36622892424031456,0.009027110098350333,1.7393550009582384,1.69203654259559
0,0.7178426971232006,2.34302123514542,1.1166901500044397,2.34302123514542,0.0,1.0,0.0,1.0,1.0,1.0,-0.7630779706156607,1.7739234373534858,-0.4623006034943802,0.1335256361089282,0.5590303923592745,0.3353488201862791
1,0.2268269584570164,-1.2852137894415758,-1.2852137894415758,-0.6723016292712867,0.0,1.0,0.0,0.0,0.0,0.0,-1.528650041882197,-1.0251209649162851,0.16793325563790767,0.34291092783619037,1.599434149082207,1.3895043130013986
0,2.1818326381938618,6.370184009424627,4.965903551040153,6.370184009424627,0.0,1.0,0.0,0.0,0.0,1.0,1.3104104005823072,1.1001068507299423,0.8170596287566342,0.7674352066138694,0.9086465666513446,2.061613435826213
1,3.5056190255154323,2.856746171825726,2.856746171825726,2.8878687759691326,1.0,1.0,0.0,0.0,0.0,0.0,0.6048283491611006,0.1363317944974486,0.05185367554189202,-0.26670882104349003,1.8761793497655601,2.5808049779986684
1,3.4967468474983967,2.623238378024823,2.623238378024823,3.934717133113246,0.0,0.0,0.0,0.0,0.0,1.0,0.9254398945327804,1.282702002720563,-0.621430753908427,-0.45385161880228664,1.7027850959719666,0.07857304860138159
1,5.421858450662023,2.0726877323812376,2.0726877323812376,3.8753925868066794,0.0,0.0,0.0,1.0,1.0,0.0,1.3843553869931307,1.1492129574981527,-0.001069986018109037,0.8084347151281882,1.6167259693000724,0.9299608858406581
0,-2.3277363687343753,0.3026696614484483,0.15642187319064826,0.3026696614484483,0.0,1.0,0.0,0.0,1.0,0.0,-1.1232892440604736,0.3643870289455473,-1.0609577483169441,-0.03741715111865285,1.0565868807980046,1.8737138767309243
1,4.741945158363192,1.8994932650439675,1.8994932650439675,4.705495392373979,0.0,0.0,0.0,1.0,1.0,1.0,1.9308011782663257,1.2048082203248982,2.021102083698924,0.46049016711109003,0.043542294962503725,0.3959890006521184
0,0.917665529202367,1.1447001833340797,-1.311425154107161,1.1447001833340797,0.0,0.0,1.0,0.0,0.0,0.0,0.25590930280845536,-0.8633358629524177,-0.25393441250717896,0.2788609685662101,-1.0118166641094155,0.6671314461912313
0,0.14992790229166456,1.6793766973617266,-0.9141526214287625,1.6793766973617266,0.0,1.0,1.0,0.0,0.0,0.0,-0.8029660231496518,-0.9492904864188902,-0.6781148437813727,0.008566310790349863,0.3750581878176721,0.0350845235253221
1,-0.2118731003876195,1.0529251869860992,1.0529251869860992,0.11587977154701826,0.0,0.0,0.0,0.0,1.0,0.0,-0.026225111816649327,-0.2734859570241961,1.4958753925711448,0.24401686927259547,1.145212435607242,0.26207734896657375
0,0.7923071846620887,3.3036167361536224,3.2356953218019147,3.3036167361536224,0.0,0.0,1.0,0.0,0.0,0.0,0.586824682328868,0.8806881371728402,1.257042309217141,0.5243029904491211,1.5362807449440312,1.877190010016998
1,2.1955140631941146,-1.394815327704848,-1.394815327704848,-1.2339047237839176,1.0,0.0,0.0,1.0,0.0,0.0,0.25880380435401895,-0.1919824858339496,1.6702348681502075,-0.5266283179195193,1.7308093544864913,-0.3795287907921181
1,3.1732336667351877,0.5987690636452705,0.5987690636452705,3.0423534958048215,0.0,0.0,0.0,1.0,1.0,1.0,0.6360249684894346,0.5501689648161674,0.49187409456142694,-1.02675207506953,1.4804565786996633,-0.08572164606656463
1,6.292422708753769,3.9836968790597487,3.9836968790597487,5.164295691017392,0.0,0.0,1.0,0.0,0.0,0.0,1.3239185929537465,1.5875801156157343,0.5722475619945823,0.37717221016997454,2.2966906288562763,1.7419824508146553
1,8.214386988642207,2.0241010220555524,2.0241010220555524,7.622567603917086,1.0,0.0,1.0,0.0,0.0,0.0,1.034339899312544,1.8485156696424294,0.6499894445892592,0.6910871318054015,1.6239995803233094,1.379026325645385
1,7.34044481805344,5.875023581436821,5.875023581436821,8.863560467641536,1.0,0.0,0.0,1.0,1.0,1.0,1.7342831401069752,2.317498215594787,0.30341393225668434,1.5601561338186567,2.0671551879780337,2.7909458961139273
0,2.456308502848262,5.07942321531664,2.052149660648454,5.07942321531664,0.0,1.0,1.0,1.0,0.0,0.0,0.17551260614218656,1.990604565104741,1.9296194221132172,0.2182068038586794,1.9929832104911782,1.0101901130131514
1,0.899102088795185,0.8515143293195591,0.8515143293195591,2.9783987887500096,1.0,0.0,1.0,0.0,1.0,1.0,-1.0833425684247708,-0.021403973322671077,-0.6217786813036605,0.6894758677491793,2.0600421454400637,1.7357968344226857
1,5.003406941508017,3.3694675929045355,3.3694675929045355,4.858090039648259,1.0,0.0,0.0,1.0,0.0,0.0,-0.5537315533153584,1.7212625679076623,-0.09274904419810615,1.2544902379817269,0.9094905844375712,0.09072049355261291
0,1.033093362677394,2.9999195261567126,1.1180679611997597,2.9999195261567126,1.0,1.0,1.0,0.0,0.0,0.0,-1.0858891457566922,0.11141313212610082,-1.1376131649229198,-0.21843627252265418,1.2299451076191366,-1.541907225042415
1,3.487050939855731,2.1905783935212106,2.1905783935212106,1.9751882984702256,0.0,1.0,0.0,1.0,0.0,0.0,-0.11382878807231112,1.2965806143053686,1.4509015523404425,1.3284990415217848,2.4535512937405044,1.3762722023165241
1,3.879375633370792,2.6393665527487795,2.6393665527487795,3.464801362914757,1.0,0.0,1.0,0.0,0.0,0.0,1.6414198882770092,-0.013145665930346384,0.7981222490807234,-0.3392774199360721,1.300663991792161,-0.9457473036095791
1,4.30908741865787,2.751975068740808,2.751975068740808,5.514930153567981,1.0,0.0,0.0,0.0,1.0,0.0,0.3937011117454281,1.0373534639594193,0.6551917908216566,0.32650145799915176,0.9725107142070711,0.8956755124881549
1,4.829094101472892,3.1618280105190983,3.1618280105190983,6.122429738017234,0.0,0.0,0.0,1.0,1.0,1.0,1.717147135037618,1.192618755966356,-0.3648274202113395,-1.4868697575513998,2.3453305971474987,3.1329735264428575
1,3.0317310840580722,4.1340426218968265,4.1340426218968265,5.306619321844027,0.0,1.0,0.0,0.0,0.0,1.0,1.3868568702420467,1.0024856652463034,-0.6722684839175035,1.0008318355382244,0.30327619255870886,2.128545580793661
1,2.3710208024976795,-0.5625914245542696,-0.5625914245542696,0.8925629119533498,0.0,0.0,0.0,0.0,0.0,0.0,-0.3153098257662207,-1.3485431175072051,-2.2185362846990744,-1.1228625345951182,2.7764513947675145,0.015468971233921658
0,0.2514595662978627,2.909221110267163,2.3404148100390616,2.909221110267163,1.0,0.0,0.0,0.0,1.0,1.0,-0.9946176753893716,1.4620812029043067,0.5255973270526019,0.9919392278562238,1.2037364059556264,0.8686025194120006
1,3.388279724638681,1.1410556363404778,1.1410556363404778,3.204279687768027,1.0,0.0,0.0,0.0,0.0,0.0,-1.6945457705088485,1.0771299587776137,-0.8026188250385005,0.01618102585311726,0.010835162937131049,0.5385510009155724
1,2.399437220825587,1.961216263843342,1.961216263843342,6.793288877943171,0.0,0.0,0.0,1.0,0.0,0.0,0.6972900253797175,2.038608725568165,1.9913973720797422,0.5203878330435954,2.144556945593717,1.1579894014356524
1,3.8116261452120788,2.1628597086209136,2.1628597086209136,1.236191105956038,0.0,1.0,0.0,1.0,0.0,1.0,1.1201373188563652,-0.3022082196087299,-0.10020543342336907,-0.7710903945086194,1.7207805830789387,0.058986403395294706
0,1.5445508455983703,1.8316701854180923,0.032922004552766504,1.8316701854180923,0.0,1.0,0.0,0.0,0.0,1.0,0.10765389365676298,-0.10325163694654449,-0.630799449896351,-0.8314495115579081,1.5899343688886067,0.46141625503516837
1,-0.539072356600778,-1.7132820187623605,-1.7132820187623605,0.2595530192327744,0.0,0.0,0.0,0.0,1.0,1.0,-1.4527352342608522,-0.5360770740671807,-1.2883647789953139,-0.9162092610728234,0.01254831051267824,1.913621425107762
1,2.752021988888267,1.3861626059220655,1.3861626059220655,3.9793765271084522,1.0,0.0,0.0,0.0,1.0,1.0,0.9575805130139503,-0.2638627118073037,-0.42971096031890166,0.3962219648020585,0.1257993233629804,-0.0784985526029971
1,1.859782895807767,1.4385677914560075,1.4385677914560075,2.342640359970354,0.0,0.0,1.0,0.0,0.0,0.0,0.16215025288359664,0.5256400111574278,2.788623312926484,2.1913587117661626,1.8730007026986453,1.720435028168233
1,4.132599085209584,3.4775125098144373,3.4775125098144373,7.486853576938524,1.0,0.0,0.0,0.0,0.0,1.0,1.3660362578416976,0.8070360138950184,1.232949082659188,1.8864695248663033,1.6472094000610449,1.4088004715859324
0,-1.070438282436433,2.995292225060835,0.5153613515017158,2.995292225060835,0.0,0.0,0.0,0.0,1.0,0.0,-0.014268383374806959,-0.7321472197249128,0.46187665946586576,-0.17134229122686961,-0.052600467872747636,0.245225363956039
1,4.632917938921221,-0.45049734981881495,-0.45049734981881495,1.623607535618556,1.0,0.0,1.0,0.0,0.0,1.0,0.0321970688786532,-0.5351825686603278,0.42441621017026665,-0.16094939121367025,0.5652128628107093,1.2550299072722144
1,2.791909225017032,1.6162703087605461,1.6162703087605461,3.2789507428513547,0.0,0.0,1.0,1.0,1.0,0.0,1.5907687483616513,0.10651143983226719,0.4247961116618906,1.1428601292157468,2.162147149321722,-0.02770972763739743
1,3.72621858896162,2.2817038152608764,2.2817038152608764,2.6042525419326346,0.0,1.0,0.0,1.0,0.0,0.0,0.6416996628262126,0.1382939367361415,0.3578395403705238,1.545193856216819,0.19821459523146157,0.1886955449540113
1,5.580478559581012,4.64799202617061,4.64799202617061,7.790694823630899,0.0,1.0,1.0,0.0,0.0,0.0,1.932480823065455,0.5068904998403748,1.1558420106287797,1.139214843811806,2.2306502348273995,1.4719384103276012
0,4.89655693176297,10.876480468565624,6.3213560804083455,10.876480468565624,1.0,1.0,0.0,0.0,0.0,0.0,1.3495314560200946,2.5069841686045597,0.6837079991849273,-0.44396234319140304,2.7523066947818453,1.6634963648634804
0,3.9805371549471724,3.9364736368586923,2.225324125318747,3.9364736368586923,0.0,1.0,0.0,0.0,0.0,1.0,0.975774195230345,0.818162414322738,0.18987882558960406,1.4824311427877537,2.7985214318744234,1.8421533506024361
1,4.766983014846376,1.9331951742159683,1.9331951742159683,4.275633322516846,1.0,0.0,0.0,1.0,0.0,1.0,1.8521580154915576,-0.8121301738001656,1.1100738256204807,0.44872116094903614,2.0564256364627003,-0.06450907728103927
1,3.7994320013552243,2.093681945411411,2.093681945411411,6.187854317420141,0.0,1.0,0.0,0.0,1.0,1.0,1.0911972067553246,0.46491315944148426,0.49532242644915453,-0.030983736083545987,0.24325189555008198,1.0755921283195724
1,1.7980957872462384,-1.3108393491817263,-1.3108393491817263,0.56407333981388,0.0,0.0,0.0,0.0,0.0,0.0,-0.7787198658807186,1.0858056365133302,0.7733220558032381,0.8315177625948631,0.678706162413623,-0.11295976046270795
1,2.9801582970902043,2.586618146233548,2.586618146233548,2.1990409015606556,0.0,1.0,0.0,1.0,0.0,0.0,0.31951915812802456,0.563378508037697,0.19281647150966347,1.64365420343008,0.06578460986292822,1.1311798247077087
1,5.137346024689293,3.0973379272218473,3.0973379272218473,6.637657769139315,0.0,1.0,1.0,0.0,0.0,1.0,0.7217682800804983,1.6975695260469408,0.4865224779586041,-0.8423248293372079,-0.2070252001570705,0.7893224847911855
1,2.680495177621096,1.8910049460783738,1.8910049460783738,0.7748202530172577,1.0,0.0,1.0,0.0,0.0,1.0,-0.498421670524983,0.21803704509181943,0.5451077166580633,-0.6266262780044023,0.5732728127875993,-0.5171590058973239
1,2.3017865516807072,0.044608354674178896,0.044608354674178896,2.7622402114018714,0.0,0.0,1.0,0.0,0.0,0.0,0.45830272774508884,0.9408905844372177,1.2236907053084147,0.8034356107949179,0.73671080730626,1.1784211129556328
1,6.212584789124358,3.6757436948579842,3.6757436948579842,6.229015872584052,1.0,1.0,1.0,0.0,1.0,0.0,-1.4258933574380057,2.0695772123603033,0.39809634960664675,1.0128508653365356,1.3701422415541935,4.285817948046967
0,3.454952774520272,2.3948991676728193,1.5964055579107725,2.3948991676728193,1.0,1.0,0.0,1.0,0.0,1.0,-0.24992983947860625,0.4849221730769017,0.7722154535307904,1.7173635941037395,0.9350616200668007,1.244116720409167
0,2.067256695833012,1.794863769901723,0.2110021821865024,1.794863769901723,1.0,1.0,0.0,1.0,1.0,1.0,-1.117313902791169,-0.9660952562839065,-0.08060577064763097,-0.9065350036424393,1.738840055758633,1.2771139332489674
1,6.233463255661576,4.7986940885967035,4.7986940885967035,7.455247568970414,0.0,1.0,0.0,0.0,1.0,1.0,1.2437024840562696,1.8066852584366742,-0.9856611169725689,0.5071427611236887,0.3441850393267447,1.7985321281920517
1,3.9542042416062886,1.4403509258006137,1.4403509258006137,5.508846803844569,0.0,1.0,0.0,1.0,0.0,0.0,0.1979850635598709,2.3114417246230263,2.03260507350928,2.043879328549101,1.2580348340139957,0.14218566373110153
1,4.510749557216134,3.3315136121468103,3.3315136121468103,4.751183149010398,1.0,0.0,1.0,0.0,0.0,1.0,-0.4892410721716389,1.566852999862748,0.7699584934410728,0.06388957309718207,1.1689239847309887,0.8183065927702051
1,4.1611915945667,3.144461276977612,3.144461276977612,3.9556218433297796,0.0,0.0,0.0,0.0,1.0,0.0,1.576935521682813,0.30950755625480286,1.616861322855135,2.9209215889686497,0.8211822148185492,1.1346721421192993
1,2.3798190550329825,2.969673907789713,2.969673907789713,4.325431712192883,1.0,0.0,1.0,1.0,0.0,0.0,-0.44765934091098214,0.32262372359522185,-1.197156482809289,-0.736844413981153,-0.2222252265971032,0.7452823590972077
0,5.021799916532184,8.764028149604538,5.89104908319736,8.764028149604538,1.0,0.0,1.0,1.0,1.0,0.0,0.5599494385471688,2.6615733284953786,0.7612055534423212,1.6889902524561888,1.6794753070262889,1.6415700604080696
0,5.0055747630506175,8.634697404816519,3.8724686611473587,8.634697404816519,1.0,0.0,0.0,0.0,0.0,0.0,0.3454041644877185,3.4889418112581163,0.39121855914322506,2.2180645755057755,1.546867417347383,1.2553954466608208
1,4.329071678762503,2.4169607334630543,2.4169607334630543,4.306491618836368,0.0,1.0,1.0,0.0,1.0,0.0,0.8965674610772527,-0.4456881826152923,0.053811753477169044,-0.28220277159314233,1.3284322123488301,0.00241262412274168
1,4.44812187029906,2.342756308664607,2.342756308664607,4.661695035555269,0.0,0.0,0.0,0.0,0.0,0.0,1.1986477758481635,1.312347405540483,0.9895732717109961,0.8274194983807568,1.31969100632536,3.0546868677337815
1,-0.20129420844332852,-2.0897684937232563,-2.0897684937232563,-0.7141387445505585,0.0,1.0,0.0,1.0,0.0,0.0,-1.8762270327251,-1.3249848694023854,-2.1214068474576524,0.4277529812728868,0.22212906285539158,-1.7164202693464756
1,8.838362413809609,5.544098167289029,5.544098167289029,9.27749491525771,0.0,1.0,1.0,0.0,0.0,0.0,1.1861857239727307,2.6653927530157833,0.07485145420531447,2.192381065699072,3.418045422087638,1.4025654190234214
1,0.9496721591839495,0.7983122043038713,0.7983122043038713,2.162491528664322,0.0,0.0,1.0,1.0,0.0,0.0,-0.06308043538796104,-1.2050381206627383,-1.1865016058986453,0.3262329289706133,0.23571337947068427,-1.0158814511737795
1,3.2325438987914845,2.0287624466126597,2.0287624466126597,2.1969438007338162,0.0,1.0,0.0,1.0,0.0,1.0,0.9365933111544557,-1.0912717937358607,0.29807882824452847,0.35778812344622685,-0.15246116375629848,0.3246334934449485
0,1.460984709322893,5.384250102657187,1.281158230047871,5.384250102657187,0.0,1.0,1.0,1.0,1.0,0.0,0.5619854466309735,0.3459126185180428,0.27615296912744935,0.8738384482076192,-0.18502291389312253,1.5748748929570584
1,3.4981179820505948,1.0014688540580314,1.0014688540580314,3.0012849741145646,1.0,0.0,0.0,1.0,1.0,1.0,0.17792141317830568,0.5491607778918899,1.1871939276700982,0.6922875982277791,2.8376225099416743,1.0466516013647544
1,5.035679177758047,1.5731283808958465,1.5731283808958465,6.259604300092614,1.0,0.0,1.0,1.0,0.0,0.0,1.9899992002874358,-0.3215867938902729,1.092245160948388,1.9787636654765055,1.2041410923129683,1.5172125218674994
0,3.405651155328691,2.93881125624498,1.7220280593968378,2.93881125624498,0.0,0.0,0.0,0.0,0.0,0.0,0.4803945289552017,1.3056154630816987,0.16504862994956992,1.2192718644066656,1.1575763341036354,-0.42027493179847486
0,2.1252719830079276,3.474133432039872,4.383566472720102,3.474133432039872,0.0,0.0,1.0,1.0,0.0,0.0,0.2079512384780704,1.4459300555650487,0.19136681867834687,2.622795843044335,0.9651339546474322,3.2208496723903117
0,2.507386326585542,3.2069538829359368,4.677422555239639,3.2069538829359368,0.0,0.0,0.0,0.0,0.0,0.0,1.8664323996652137,0.9645813559741214,1.406719988047016,2.0270304733977045,1.617186162906847,2.601048999717702
1,-0.7016225472662172,-0.6847016373998556,-0.6847016373998556,1.4673740955075296,0.0,0.0,0.0,1.0,0.0,0.0,-0.21280560892809497,-0.047132103916630363,1.035437538002236,0.8514522332028371,0.2904854986041153,0.6672633055633971
0,0.14438969571113291,1.1291893703975115,0.9916017552409245,1.1291893703975115,1.0,0.0,0.0,0.0,1.0,0.0,-0.6017003889292734,0.46489403198755674,0.13752122883766343,-0.41289034492361676,0.03194598932506265,0.32132159220200274
1,1.1946327072617402,0.42034419641605114,0.42034419641605114,2.949645985845034,0.0,1.0,0.0,0.0,1.0,1.0,0.8125297568554525,-1.899561004514263,0.4598654329738743,-1.41360518566599,0.3123749564574052,0.26968702989255666
0,0.6504769363932446,1.9329090823666533,3.5934457352908993,1.9329090823666533,0.0,0.0,1.0,1.0,0.0,0.0,0.7325555622463188,1.0498317601317244,-0.08846228946628187,-0.2348692070397882,0.3314436025851595,0.6281058493825422
1,4.705665100205735,4.956059602560731,4.956059602560731,5.266744728501499,1.0,1.0,0.0,1.0,0.0,1.0,0.4981162075617103,0.6783414665336764,1.230246875270924,2.559646806848644,2.1227937644428296,1.0216210894815432
1,5.602040980788803,3.382758777467237,3.382758777467237,7.271655403629677,0.0,1.0,1.0,1.0,0.0,1.0,1.1654351045765305,1.8138126966361634,2.268385882552164,0.26777787222451854,1.6036753092842015,1.0198309597247874
1,6.487650077600677,3.598830812584472,3.598830812584472,7.874573564773119,0.0,1.0,1.0,0.0,1.0,0.0,2.20013418184036,1.0127325471526867,1.4531871936665524,0.8296100696230494,1.0243293471592267,1.5409133231535006
1,3.706808734434215,2.329894660846263,2.329894660846263,4.432359212807912,1.0,0.0,0.0,1.0,1.0,1.0,0.7861442451563057,0.1250523864801673,0.04154184841866815,1.6403814932853826,1.8920997463809894,-0.22893683091031125
1,1.6375564963714833,0.9121657971372467,0.9121657971372467,0.3446581418790302,1.0,1.0,0.0,1.0,0.0,1.0,-1.430791710668901,0.4116999362838971,0.6968825044585221,-0.4719180021217696,0.11951538454186883,-0.22532132175568576
1,3.7444965043336262,2.208472288305724,2.208472288305724,4.675939062442572,1.0,0.0,0.0,0.0,0.0,0.0,0.9257195978016742,0.1513978391405763,0.26974245708900063,0.7176015107738025,-0.3571422363397825,1.3720644284113368
0,1.3132848499868053,2.6095468858197863,1.0654959576333152,2.6095468858197863,0.0,0.0,1.0,1.0,0.0,0.0,0.2718621421636288,0.26305083193871065,0.4581128176196438,-0.36771974038033917,-0.7269684850314182,1.1128173292313208
0,-0.6474244262563663,4.110102038328056,0.13344183697677064,4.110102038328056,0.0,0.0,0.0,1.0,1.0,1.0,0.22177567900740014,1.1606786155738944,2.3536430415879606,0.5943318655684615,1.2580831708395424,0.7174714548452078
1,5.592548182114844,3.72220868659081,3.72220868659081,4.771126050370271,1.0,1.0,0.0,0.0,0.0,0.0,0.7941444627312015,1.1679615210733454,0.07511189582568262,-0.3716474461280156,1.5853819306636279,0.41402356330111856
0,4.3451403703872895,5.441911110487939,3.5648984473666943,5.441911110487939,0.0,0.0,1.0,0.0,1.0,1.0,0.3947752532491699,1.8018774094865604,0.6257489417819881,2.190628919050458,2.0065577711910745,2.5869030075863892
1,2.6688031831385914,1.6041337616959106,1.6041337616959106,3.6893952496156697,0.0,0.0,0.0,1.0,0.0,0.0,1.860641813079332,-0.929023911403432,1.370174130920911,0.7024459197789605,2.085458358764411,0.4898941275131474
1,1.0222272284084102,1.0681845406199026,1.0681845406199026,2.562390114022928,1.0,0.0,0.0,1.0,1.0,0.0,0.3755375931777446,-0.2649258370697437,1.2161101953670428,-0.32488299993433756,1.7496400257369573,1.0351752550041593
1,4.81536246798506,2.9483139514179997,2.9483139514179997,6.970702921622529,1.0,0.0,1.0,1.0,0.0,1.0,0.7938061424727818,-0.21684282324547322,-0.174325185321748,0.5012454239126558,0.7250502986444407,-0.4555729154578083
1,3.856742290959456,2.6000235033882335,2.6000235033882335,4.646089004798732,0.0,1.0,0.0,1.0,0.0,0.0,0.5252192847492704,0.6238793793935242,0.8405994711230496,1.2289662922726254,1.6545778765820867,1.059514761306983
1,7.7684214838840715,3.7227782120755526,3.7227782120755526,5.404176954376445,0.0,0.0,1.0,1.0,0.0,1.0,0.9994537245735999,2.7607940405402394,0.23974247616080308,-0.1650008904153656,1.0530285240831734,-0.8667779376400206
1,5.606293766327903,1.1831530595001538,1.1831530595001538,4.8257415758491815,0.0,1.0,1.0,1.0,0.0,0.0,1.9604055026563587,-1.1869819401012265,0.5710510625131489,0.48967946703781984,1.651643541657499,0.41984386513676797
0,3.3384699574775283,3.8278439618627047,0.6385784783848261,3.8278439618627047,0.0,1.0,0.0,0.0,0.0,1.0,1.088316117186153,0.8327772272824356,0.9036139485008995,0.6111405382797441,0.11752326188532547,-0.3647737309543637
1,5.523444847708482,3.3605106533777063,3.3605106533777063,8.55664250868161,1.0,0.0,1.0,0.0,0.0,0.0,0.4805779983612327,3.350341266817316,1.2100899888308265,0.08866140468322492,0.3862233074921462,1.405778222006597
1,-0.37041736304416584,-0.827117363428603,-0.827117363428603,0.45491390962389866,0.0,1.0,0.0,0.0,0.0,0.0,-0.429833169276709,-1.3560518547221916,-0.24382843245545938,-2.2710930173459456,-0.5922995176264885,-0.49224126726806783
1,1.6826967987611086,-1.8662989377450134,-1.8662989377450134,1.6417788564246363,0.0,1.0,0.0,0.0,0.0,1.0,0.9623338771304455,-1.2174361234345379,1.1310100920587889,1.8970116006981865,-1.8920813616112682,-0.3057595307075667
0,3.1782322186886898,5.229368478061516,5.196034632303621,5.229368478061516,0.0,1.0,0.0,1.0,0.0,1.0,1.4171519668074182,0.8486513503792442,-0.8052626254055291,0.7167932987162751,2.5709128338357212,1.3061376759969308
1,2.6924059761765644,1.3419877018979127,1.3419877018979127,3.421716788267829,0.0,0.0,0.0,0.0,1.0,0.0,1.4654579672289598,-0.6622961351078216,0.6052557654897337,0.010334032170103091,1.1089410508003583,0.1475413507201846
1,4.200726560906206,2.2837017044585495,2.2837017044585495,4.858159300268641,0.0,0.0,1.0,0.0,0.0,1.0,0.014143489506805274,1.9427677604063802,0.5680755741550636,1.1361403893713549,1.8332987826707186,1.091821715519857
0,4.163277409978795,5.734495913320807,3.1239922535497286,5.734495913320807,0.0,1.0,1.0,0.0,0.0,1.0,0.7567007250659168,2.181765108803753,0.8292829655224885,0.4537139996781279,2.083727638560128,1.2268427694348314
1,7.273679703344365,3.6537821637795815,3.6537821637795815,6.073873585278986,1.0,1.0,0.0,1.0,0.0,0.0,1.6146756968892404,1.117695544955106,0.28886346421850373,-0.5926935540773379,2.4757685450793048,1.3461600728901097
1,-1.7785845509839202,0.2332937789835534,0.2332937789835534,0.004277526282534527,0.0,1.0,0.0,1.0,1.0,0.0,-1.9275711196502239,-1.0536373096817464,-0.9009846375868176,-1.0173239804089929,-1.438533890267618,0.29667374884544295
1,3.6624670949932954,0.3040004735267723,0.3040004735267723,1.8958693825656394,0.0,0.0,1.0,1.0,0.0,0.0,0.30179527346818935,1.287492028498629,1.909719847347232,0.6420498097017223,0.653244622721339,2.5819871874702667
1,3.4896931406538876,1.6588049163587002,1.6588049163587002,3.20737382822699,1.0,0.0,1.0,0.0,1.0,0.0,0.6985553353567995,-0.7491459339701756,-0.5357545625217599,-0.5003439456146166,0.9361575426517343,-0.3553451016798146
1,3.997327169922925,0.5648652750786392,0.5648652750786392,1.9010573287298713,0.0,1.0,0.0,0.0,1.0,0.0,-0.04179262714423848,-0.07769664475045301,0.024639770748166034,0.40051558805968124,-0.17201231466553013,1.5421585005486873
1,4.404201568509665,3.46120588363147,3.46120588363147,4.728974188817575,0.0,1.0,1.0,0.0,0.0,0.0,0.7386766219501446,0.5573429501138818,-0.011964467197594475,0.6048388415797221,1.087867773757165,1.9198964061961235
0,3.4036680881644332,6.846871596578804,6.199087802003033,6.846871596578804,1.0,1.0,0.0,0.0,1.0,0.0,0.9356280165001893,1.6823383304496728,2.1167470994415947,2.7720507995280514,1.5217275013966216,1.1747286598659794
0,2.336192806477412,2.505007173942355,1.7155676313753165,2.505007173942355,1.0,0.0,0.0,1.0,0.0,1.0,0.21630871026939663,0.7120013038269013,0.15744452464271952,0.9976710299263577,1.5467258555113585,1.7744046252005128
0,1.537956462953415,5.88788388001375,5.517274925181505,5.88788388001375,1.0,1.0,0.0,1.0,0.0,1.0,0.31380577132526444,1.5211596053507161,2.2232846272561115,1.87577813306911,0.6250663334766342,1.8227761796931166
1,3.638013091388523,0.6979216918976074,0.6979216918976074,2.356236959705074,0.0,1.0,0.0,0.0,1.0,0.0,-0.1691766353704054,1.777565289627084,2.3000489548875795,0.2878721575077392,0.8524792029214394,0.5698163562623307
0,2.957011431299286,4.776051154170938,2.592706590043062,4.776051154170938,1.0,1.0,0.0,0.0,0.0,0.0,0.4384913139711658,0.413241121399723,-1.324875577791937,-0.6314637398277596,1.5885588747646269,0.28930894767680515
1,2.8697778266374234,-0.07533791958172842,-0.07533791958172842,1.1989801259376325,1.0,0.0,0.0,1.0,0.0,0.0,-0.319528636774415,-0.7849681352775602,0.3934562435588832,0.6390193506309269,1.0926814604178046,1.0590188985344309
1,1.9732180618830566,1.6861751350059428,1.6861751350059428,0.9408728512201106,0.0,1.0,0.0,0.0,0.0,0.0,0.4676140550964651,-0.6865714189763905,-0.13459773167750466,1.2766133055990232,1.249810373588852,0.40528309067815416
0,3.5464061326012444,4.337607000416559,1.113259295601464,4.337607000416559,0.0,1.0,1.0,0.0,0.0,0.0,1.6028968955562595,0.6310999370611079,0.9234063160994596,-0.5108413993489007,1.867305386567101,0.904783306166537
1,1.5462173552477778,0.03815779356352269,0.03815779356352269,0.1642574850881382,0.0,0.0,0.0,0.0,0.0,1.0,-0.43792343966956904,0.6839206594951454,1.200725385225888,0.9743549063308203,1.9314633842844167,0.5783502300911634
1,-0.4584423072360141,-0.993531450117653,-0.993531450117653,-0.1220703526202982,0.0,0.0,1.0,0.0,1.0,0.0,-1.618612684839884,0.15756371326842256,1.9616127307469169,-0.05181162303036402,1.4101604617525851,1.082117866020626
1,2.5710411091222616,4.044799629708221,4.044799629708221,3.581890497459732,1.0,1.0,0.0,0.0,0.0,0.0,0.3321955495828137,-0.22408219654487915,-0.41213430372166393,0.9616613003134024,-0.05450452646523152,1.9635737165256837
0,-1.0028452622581931,0.4285798102521014,-0.058284534093814344,0.4285798102521014,0.0,0.0,0.0,0.0,0.0,0.0,-0.7391818133102173,-0.40265208915096273,0.3692785026967554,1.172445653371843,2.8343808446746306,2.172355234581956
0,2.4700257070984737,2.954595224078044,2.2639343082872387,2.954595224078044,0.0,0.0,1.0,0.0,0.0,0.0,0.8643605710330693,0.5980972004083738,0.5555429245481633,0.04856487826310141,0.08001035220557129,1.021509710920339
0,2.8816552072965194,5.424453652719237,2.2361396085041036,5.424453652719237,1.0,0.0,1.0,0.0,0.0,0.0,2.1833295676635704,-0.07033898156908747,0.554337870952212,0.4889699703975651,0.8609504093419381,0.7833467498576114
1,1.3902179993026271,-2.49668815959507,-2.49668815959507,-0.87573139885356,0.0,0.0,1.0,0.0,0.0,0.0,-0.45922333496066203,-2.1909242055249205,-1.8645630043833155,-0.33480625952323706,0.4573113479008861,-0.6411089339574627
1,3.0650099878182213,2.041441216848357,2.041441216848357,2.2271882191784127,1.0,1.0,1.0,0.0,1.0,1.0,-1.0811951212900892,0.46125425670987863,-0.32614255281268045,-1.4240804594069334,2.0252783178070475,0.371237970763583
1,3.3566050692138445,2.024347112830248,2.024347112830248,5.031925801145703,1.0,0.0,1.0,0.0,0.0,0.0,0.41244198215668754,-0.48074068701882,0.10338147921385682,0.7451438501070702,1.3478986115705482,1.2240846429123884
1,6.033339870115696,6.047195687859751,6.047195687859751,7.24475954294274,0.0,1.0,1.0,1.0,1.0,0.0,1.684721748318767,1.509071668406759,-0.7251157676186883,1.2984243953981534,0.39678659170818886,3.0896295962237854
0,0.7867128962937713,1.7643978067715602,1.4009927470749657,1.7643978067715602,0.0,0.0,0.0,1.0,0.0,0.0,0.6135972553862838,-1.0825738314202935,-1.2370998612144362,-0.4467802040745501,0.2393198712556529,-0.2634985632409863
1,2.3363307683952312,0.9867326946665016,0.9867326946665016,1.2245388980717444,0.0,0.0,1.0,0.0,0.0,1.0,0.3399156443825688,-0.09062685501475065,-0.7802895920124877,0.6826304633713438,0.23111270573218468,1.3524940761426612
1,9.397997722568222,4.9692833017531655,4.9692833017531655,10.33824451380842,1.0,0.0,0.0,1.0,0.0,0.0,2.1405103506681016,2.463807975106304,1.9489826394191918,1.7568016497664878,0.7773711883291448,3.06728174934112
1,3.9127558397748534,2.0820609102015735,2.0820609102015735,4.520836751327562,1.0,0.0,1.0,0.0,0.0,1.0,0.5300357272859236,-0.9448962752130565,-1.057736434304784,-0.3862274939895787,-0.6343624170013369,-1.3462403644392005
1,-0.4477336753103325,-0.24834180653079851,-0.24834180653079851,1.0605918844178555,0.0,0.0,0.0,0.0,1.0,0.0,0.7830251867212243,0.16732032593192908,-0.224379993346299,0.0766329714104041,-0.18588439888631658,1.1933827950655593
0,2.4586478084032173,3.7670930328276024,2.9883295378315555,3.7670930328276024,0.0,0.0,1.0,0.0,0.0,0.0,0.9242093671348901,-0.29556060373442294,-0.9447852725813868,1.8533684547534064,1.165331669524015,1.1165189262823196
0,3.6502720351529323,2.366549328198241,2.5959834005891085,2.366549328198241,0.0,1.0,1.0,0.0,1.0,1.0,-0.6783786334455928,1.3779580976978203,-0.8034466910034306,0.47178459569325776,0.5425834865194573,-0.46149989021182547
0,3.024182667229284,6.1904335899424305,3.9105018953553863,6.1904335899424305,1.0,1.0,1.0,1.0,1.0,1.0,-0.35132970221571125,1.5357987223577803,-1.8775640106769416,-0.9968671693889752,2.3174873765928927,0.08837619046776224
1,1.46785569840083,-0.2636890557119813,-0.2636890557119813,0.7603497597946205,0.0,0.0,0.0,1.0,1.0,0.0,-0.26341949698675826,-0.02824187115937349,0.6530094818359493,1.0900632226882618,0.6252822953049761,0.5581510560611289
0,-1.0428384880782493,3.3447729105602226,0.4809502699085213,3.3447729105602226,0.0,1.0,1.0,1.0,0.0,0.0,0.60912689388924,-0.6275956208531526,-0.30575683465645787,-1.6037146504534032,0.9005663921914754,-0.3302139954336045
0,1.777607983952222,3.3635890660168895,2.910002996309408,3.3635890660168895,1.0,0.0,0.0,1.0,0.0,0.0,-0.020452989807153488,0.8900512098054449,-0.7653433072306135,0.08945892461871957,-0.08202401858728026,1.0996032761841554
0,-1.0032036526020358,1.5669251792053598,0.16232706084844642,1.5669251792053598,0.0,0.0,1.0,0.0,1.0,0.0,0.15832541735198385,-0.09491046933290659,1.2294152231615185,0.5517152511689369,0.10304050447788571,1.2176350507829214
1,0.7368273349322813,-0.08672973174961746,-0.08672973174961746,2.177022205306449,0.0,0.0,0.0,0.0,1.0,0.0,-0.015112683740221122,-1.436423373367996,-1.2710502888807917,0.08399035953798017,-0.7920310774024486,-0.25136187608324945
1,2.5849581444551593,0.956353149039278,0.956353149039278,3.645469475130579,1.0,0.0,1.0,0.0,0.0,1.0,0.012848210849423003,-0.6430093642841224,0.9904508005584982,-0.21869013935416493,-0.12109789749895006,1.703825803601421
1,4.784004594687165,3.22629316322399,3.22629316322399,6.438615567203697,1.0,0.0,0.0,0.0,0.0,0.0,1.2769686684276977,1.430780776469374,1.3708939727668028,2.55426745750239,1.5014770497184056,1.8402613649405983
0,0.9411965650765606,0.20581738419530737,-1.0790621618068625,0.20581738419530737,0.0,0.0,0.0,0.0,0.0,1.0,-0.18081003665456963,-1.2318163091673013,-1.1511378793454867,-0.38380542121699657,0.36521720919145517,1.3483360420342518
0,1.0503915162285054,0.608804649705305,-1.0704270287257402,0.608804649705305,0.0,1.0,1.0,0.0,0.0,0.0,0.3017249369666689,-1.2180366491439871,0.593784705681703,-0.9268433728651047,0.06436540268333879,-0.33832173540848487
0,2.577731131952533,7.288844898411032,3.2104271469390735,7.288844898411032,1.0,1.0,1.0,0.0,0.0,0.0,1.0992332958898285,-0.7671256731314879,-2.181411028136238,-1.0483780253719122,-0.4091443103139849,0.0065563849323315715
1,0.27843230466425506,0.3652901034259315,0.3652901034259315,1.2280828589434867,1.0,0.0,0.0,1.0,0.0,0.0,-0.9437025061324564,-0.8362114789670678,-0.19527877228755852,0.31810052718099896,1.095508572347947,1.4026339224410251
1,5.612834663735014,3.9196473913784597,3.9196473913784597,6.094322667582148,0.0,1.0,1.0,0.0,0.0,1.0,0.9071257562450407,1.3434449360544032,-0.09402925142144358,0.7858373082401928,1.338103579892948,1.045199987667688
1,3.9390627842011012,1.8338297337892668,1.8338297337892668,4.072579556373069,0.0,1.0,0.0,1.0,0.0,0.0,2.2263576503664324,0.03839237812650803,1.892648278090467,0.4313669567801956,1.5206935924408176,0.3964182255839137
1,6.357819437478148,3.0135687366601913,3.0135687366601913,6.612957310536864,1.0,0.0,0.0,0.0,1.0,0.0,2.2833009276639276,1.4536986528640723,2.85401753368757,0.9583625590811187,0.42610791219881017,0.3506333831887999
1,1.7915769090002518,0.8392823205820945,0.8392823205820945,1.6077006004869878,0.0,1.0,1.0,0.0,1.0,0.0,0.4317229458901525,-1.6010755367183198,-0.6492512189248798,-0.39964928771974906,-0.26783111957966166,1.0800758677500968
1,6.059569845219433,5.490811828742466,5.490811828742466,4.486366847136272,1.0,0.0,1.0,1.0,0.0,0.0,0.9175348817644308,0.6964999819110641,0.15723588437742259,0.2484995526099988,2.055525015943325,1.2390857861374407
1,3.2628698237888347,-0.13547810741807087,-0.13547810741807087,2.9440732091942596,0.0,1.0,1.0,1.0,0.0,0.0,0.03161789145225846,-0.5835992614449634,-0.33461305175655875,1.2062838312808333,0.12252784460908128,1.3464792268515584
1,7.039846500830681,5.937576214493109,5.937576214493109,5.88680581137962,1.0,1.0,1.0,0.0,1.0,0.0,0.9482660785328826,2.195034513407358,1.0075063495989856,2.1043042028216616,1.3765302112107616,0.8100696949194051
1,3.9358393236453377,0.36632152145509755,0.36632152145509755,3.5755590028546163,0.0,0.0,0.0,0.0,1.0,0.0,1.1914008169579025,-0.536767058251161,0.7568374219040834,1.2426565159724017,2.3493508253461135,0.13537765372739508
0,1.0823521133631342,3.7313001727600104,0.9075949784107544,3.7313001727600104,1.0,0.0,0.0,1.0,1.0,1.0,1.1580142183752131,0.04057967528147044,2.446464254947398,1.0536027062241549,-0.2560892829571215,1.269780267763896
1,4.818341069799678,2.6080300982029434,2.6080300982029434,5.677710884512748,1.0,0.0,1.0,0.0,0.0,0.0,0.021541880319357276,1.5675120114055132,0.7714956052142625,1.3207203224757849,1.1490322261329995,2.2562672454689414
1,5.070296169421519,2.496159028371575,2.496159028371575,3.4213895692673395,0.0,0.0,0.0,0.0,0.0,0.0,0.9961842564395269,1.4017325411409027,-0.6883224213467485,-0.02362713351828427,1.2484102587788382,1.3726541852214371
0,1.3233021648149383,3.899462170155555,1.633285061935014,3.899462170155555,1.0,0.0,1.0,1.0,0.0,0.0,1.1238085531398252,-0.42499830223878043,2.346404292338036,0.08974456782741425,1.2112142374067423,1.8719041466057558
1,1.6466363028135123,-0.09843623710420069,-0.09843623710420069,2.9843634013502403,0.0,0.0,0.0,0.0,1.0,0.0,-0.06207403422048585,-0.2224781914165248,-0.9145220528587719,0.65607731573436,2.113469018261086,-0.9500404266326099
0,-1.5285357736099265,-1.3123950403254094,-3.1714662751413245,-1.3123950403254094,0.0,0.0,0.0,1.0,0.0,0.0,-1.8015361992529044,-0.9754061462562786,-0.5746461684085613,1.2195224034249181,0.029267063381947733,-0.33589461410698584
0,4.47612354583163,5.297128047615552,3.362165458827399,5.297128047615552,1.0,1.0,0.0,0.0,0.0,0.0,0.6340341478575531,1.8449382579804887,0.8769766135250708,-0.4031050633413342,2.268316727393761,1.4123179495559288
1,-3.61046493688746,-4.504385337073203,-4.504385337073203,0.21879479450036854,0.0,0.0,0.0,0.0,1.0,1.0,-1.3250558324159407,-0.7787657545124809,1.8164483689166648,0.8465999402170996,-1.7861370706285782,-0.9900730529699342
1,1.2405553906486353,0.09621379555216247,0.09621379555216247,2.5937448918347226,0.0,0.0,1.0,0.0,0.0,0.0,0.33824093916571724,0.19828089437222995,0.33897411904516106,-1.5050966861418886,2.22375558778093,0.5484435663378664
1,7.789470854161406,2.8268719547853696,2.8268719547853696,6.931896931493643,1.0,0.0,1.0,1.0,1.0,1.0,0.8735057516168028,0.7958262995078036,1.6417628651669527,1.794018840840438,2.1442945612129485,0.8585028790532051
1,2.149482915419268,0.45142196215852126,0.45142196215852126,2.2201335554414117,0.0,0.0,0.0,0.0,1.0,1.0,-0.3693774913511991,-0.8571930329022668,-1.999455988448875,2.1194279736270585,1.0497890263915264,1.8440117226199684
0,1.0076945533101571,2.4389551256779987,2.3643898886379002,2.4389551256779987,1.0,0.0,1.0,0.0,0.0,0.0,-0.6685948325307065,-1.0781019961235367,-1.3616963552558052,0.44388197478485425,0.041505770834994515,-1.0368698523867446
0,6.36246423422225,9.25111871785302,7.808915501517963,9.25111871785302,1.0,1.0,1.0,1.0,0.0,0.0,3.2490574102856136,2.228924500444127,3.455348299452172,0.9114694180563316,2.5175729982881583,2.556836786728292
1,3.9146053079689453,1.7865904667638124,1.7865904667638124,1.6541082378006822,0.0,1.0,1.0,0.0,0.0,0.0,1.3406348151553207,-0.7696578562988907,0.30882609638725333,-0.2787176669525835,1.8561632280730818,1.2521336269153969
1,3.378740408123519,3.6177394168119936,3.6177394168119936,3.1894224573542718,1.0,0.0,0.0,0.0,0.0,1.0,1.583103239895327,0.07579076930751993,1.624843259249983,0.2762417013632993,-0.2947539522659537,-0.7825140851439165
0,4.278260664927094,5.08019741007225,4.916184552412899,5.08019741007225,0.0,0.0,1.0,0.0,0.0,0.0,1.902312484204329,2.8246453471006916,2.0271719663526966,2.228260595110291,0.9500412038233297,2.982263378288212
1,0.7940070141916526,-1.0369949601522814,-1.0369949601522814,-1.1175018970828048,0.0,0.0,1.0,0.0,0.0,0.0,0.09385152127502022,-0.35636467714428743,1.4786805748755152,-0.37139789319802796,0.5307865016471243,0.46755772980316523
1,3.1571924398953257,-0.5170504443267129,-0.5170504443267129,1.0512239872549451,0.0,1.0,0.0,0.0,0.0,0.0,0.6691407697310787,-0.9667883836011804,-0.33065368733894984,-0.44979011530342317,-0.41150961210255943,0.7540690481206164
1,1.3390414196098774,3.3744865824899053,3.3744865824899053,2.521957442638817,1.0,0.0,1.0,0.0,0.0,0.0,1.079026594374689,0.6920179421320913,2.9439759928853935,0.5592383246603543,1.1056447858997054,-0.870103710618404
0,0.9645921828563653,2.019769153826215,2.5888003507066584,2.019769153826215,1.0,0.0,0.0,0.0,0.0,1.0,0.6547427577195593,-0.04235848638279871,1.1249204941265778,0.9191692118181773,-0.17727283592048115,-0.35981707992622436
0,-0.1970007582907214,0.29826037737111344,-2.2673954171608925,0.29826037737111344,0.0,0.0,1.0,0.0,0.0,1.0,-0.25096827697739743,-0.5120724723932664,-0.17800626351716908,-0.45581951478361127,-0.019266973661822284,-1.6176038998579054
0,1.5401207806292314,6.382806282394727,3.4070183821002016,6.382806282394727,0.0,1.0,1.0,0.0,1.0,1.0,0.8165873920364635,1.655100298801554,1.300846432221081,-0.49565525361112894,1.1611141932178226,0.2072620916958109
1,6.972259888976232,5.596462600525346,5.596462600525346,7.228252865398418,0.0,1.0,1.0,0.0,1.0,0.0,1.3682278460496184,1.64345305376103,0.6379771948360219,0.4558432237035964,1.379755247559165,2.5587192291695624
1,5.699120324214607,1.760730334700146,1.760730334700146,6.557284830796306,1.0,0.0,1.0,0.0,0.0,0.0,0.16316248089211632,1.6021455968158382,0.4119140418710623,0.35636825781919257,1.0099308721236522,1.741754588013201
0,4.17893877926783,4.441035100933912,4.509034293992357,4.441035100933912,1.0,0.0,1.0,0.0,0.0,0.0,1.893582321355064,-0.03165558059431761,0.4091770377333822,-0.2043457675788537,1.7950900397332537,0.7069905015496873
0,2.5627026965005766,2.8076014099956166,3.2332959081899633,2.8076014099956166,0.0,1.0,0.0,0.0,0.0,1.0,0.1772463755940452,1.296776666126457,-0.2807661376773436,0.5123163721537243,1.6347000747744682,-0.17967586427007332
1,4.0400376155002045,2.019761952337997,2.019761952337997,3.9053913188623364,0.0,0.0,1.0,1.0,0.0,0.0,1.4143004196173337,0.8901384908133042,0.7861677493327291,1.5238983217773014,1.676874090983056,0.1643086186352598
1,4.015389753426568,3.40179925135578,3.40179925135578,4.586678608432559,0.0,0.0,0.0,1.0,0.0,1.0,1.5111843694901788,1.5939996417571336,1.2574792128201846,0.1887539356123057,1.8604865206937125,0.8945466560999313
0,-2.054361255690135,0.7563449743942807,-2.141881085219567,0.7563449743942807,1.0,0.0,0.0,1.0,1.0,0.0,-0.8099296352018566,-1.1804501590173437,0.938628059241524,-0.7848919858066457,0.5202120074799683,0.23328112341260876
1,3.7174011290463786,3.132167661557215,3.132167661557215,4.772615258066349,0.0,1.0,1.0,1.0,1.0,0.0,0.7779598700019742,1.849637245631144,1.2239552942471348,-0.2704036739616591,1.7093686847192042,1.325904797930018
1,7.117239323624434,4.4538545021614295,4.4538545021614295,5.4169476401151035,1.0,1.0,1.0,0.0,0.0,1.0,1.1576514973895025,-0.044785855938933805,0.45054488008245297,0.7005297913818578,2.8688760574906964,0.8629200072444209
0,2.7285739845542745,4.524618763213831,5.021048520241882,4.524618763213831,0.0,1.0,0.0,0.0,0.0,0.0,0.7059748427123556,1.7459817658879082,-0.5730179699327935,0.2269079637591484,-0.38673763908119163,-0.2640060247128435
0,2.185187719616686,4.468048958020104,1.1467078907332442,4.468048958020104,1.0,0.0,1.0,0.0,1.0,1.0,0.6598320319917822,-0.5358945106877995,1.0589157975783698,-0.4012426220280474,2.226973632078635,1.7776178566077456
0,1.0142019051790618,5.4912650345039555,1.6984432917436374,5.4912650345039555,1.0,1.0,0.0,0.0,0.0,0.0,0.3538657192486636,0.6824560631541008,0.6256129749690718,0.16683575150969432,1.5893221297444713,1.0931143014664673
0,5.224727034874608,4.254433057128743,3.2054964034665128,4.254433057128743,1.0,1.0,1.0,0.0,1.0,0.0,-0.4049458880215461,1.521129052725072,1.289963826402922,-0.17488056346241487,0.7364319556715174,0.41560214631279524
0,0.2751881345672358,2.603974067690925,0.8695110123102042,2.603974067690925,0.0,1.0,1.0,1.0,0.0,1.0,-1.027097568542986,0.762837106504221,-0.6748474270937224,0.015188785539091143,0.4661968370940346,0.16041676418713102
1,7.680711279080391,5.865501141324608,5.865501141324608,7.53543615737769,0.0,1.0,1.0,0.0,1.0,0.0,1.7664360909528942,1.4760783507449222,-0.14658590577030406,1.08402417810462,1.9322312350455095,2.995406674103717
1,9.893611344466473,4.640660099169443,4.640660099169443,6.984701184365082,1.0,1.0,1.0,0.0,1.0,0.0,1.9725787131666026,2.1342674408966564,0.8055996493074689,0.5270773717776731,2.7575676254261117,3.149904085215918
1,3.934701519487697,1.8632259806511984,1.8632259806511984,4.754250998739602,1.0,0.0,1.0,0.0,1.0,0.0,0.26488416372668333,-0.15250278680267182,-1.5414808362428367,-0.362525064013248,0.1836173929134659,0.6921711326094467
1,2.6680459930600438,1.0860492213986157,1.0860492213986157,1.8162819109612458,0.0,0.0,1.0,0.0,0.0,0.0,0.5789200096960558,0.2535378231898954,0.6265723700681998,0.3317805770904376,0.11034393867631076,0.5041092673965983
1,1.7585055874614488,-1.1450311739896766,-1.1450311739896766,1.9515665325241347,0.0,0.0,0.0,1.0,0.0,1.0,0.2822447421541055,0.6467533262266686,1.4907181115916883,0.457274644400311,2.4427260864789986,-0.3998944372515405
1,0.9992710990329687,-2.184713311802474,-2.184713311802474,1.2187341059429493,1.0,0.0,0.0,0.0,1.0,0.0,-1.6321194710450406,0.8051454011730808,0.9624991072666518,0.5917228893488395,0.9239554897244466,2.145654741869808
1,2.8294329857975113,2.279843466590489,2.279843466590489,4.741464132371965,0.0,0.0,0.0,0.0,0.0,0.0,1.5170951831657686,0.5076303437630736,-0.8016902695458925,-0.105324282471294,1.3186059336015667,1.3967062258021485
1,4.026708275938463,1.2515731717967762,1.2515731717967762,4.482592149298072,1.0,0.0,1.0,1.0,1.0,1.0,0.24076084074145881,0.48983990170146025,0.47792617926198494,0.6306002259769807,0.4394694086734212,0.010216672863935572
1,2.4849797934322746,-1.0602331658084667,-1.0602331658084667,0.33191792502099804,0.0,0.0,0.0,0.0,0.0,0.0,-0.7767892924092548,0.03797090929043617,-1.8722770319776192,1.4401442980427512,0.5071031369701616,1.344007695480223
0,3.236157942010384,5.72190324100104,5.208332232241936,5.72190324100104,0.0,1.0,0.0,0.0,0.0,0.0,1.547548391277722,1.075095875325089,0.3368825904337298,2.536120293891982,1.1284376037255464,2.3430191777564553
1,4.449504063751762,2.679103776961022,2.679103776961022,4.3384709815584985,0.0,1.0,0.0,0.0,0.0,1.0,1.0059173007064173,1.3356957341116305,0.4390803314400751,0.676847262419108,0.7371856921384989,0.9843019339274489
1,2.393590135091417,-1.373611784197381,-1.373611784197381,1.0848111062633827,0.0,1.0,1.0,1.0,0.0,1.0,-0.34372956140895805,-0.41867960628505085,1.7157036344655927,0.16357855897354362,0.14241055356546484,0.7354955281870882
1,7.756104510341913,4.804623928872298,4.804623928872298,7.105467027216756,1.0,1.0,0.0,0.0,1.0,0.0,1.1094510497469736,2.097375180150707,0.19977857137611743,0.6018684098504359,3.439564566643134,0.9603098186903921
0,1.124995053846808,2.112295981898974,0.8513935164604305,2.112295981898974,1.0,0.0,0.0,0.0,0.0,0.0,-1.104915848588152,1.297545764190179,-0.5452072954676044,-0.6756299218409303,0.9195226770784953,0.6194052268716974
0,-0.28255304881155896,3.5875473748932754,0.7852445380476247,3.5875473748932754,0.0,1.0,0.0,1.0,0.0,1.0,-0.16608930718181014,-0.026349010861496325,0.7590244947719933,0.5446181320964953,0.23551318794606468,1.207343937692823
1,5.216091815986792,3.0678322161307108,3.0678322161307108,6.223774973821217,1.0,1.0,1.0,1.0,0.0,0.0,0.8322670817749591,1.7380459983747798,1.5626790576223633,1.561630535279629,2.074474776523295,1.3893911056629527
0,2.415283608378939,4.2960230562824355,1.9462973596612705,4.2960230562824355,0.0,0.0,0.0,1.0,0.0,0.0,1.6725352994374723,0.8369381061176514,0.5197220787488899,0.6136472824653805,-0.08237692789825912,1.6677946584154533
0,-1.2825310612599208,0.011578369879001127,-1.128389262083504,0.011578369879001127,0.0,0.0,0.0,0.0,1.0,0.0,-0.583944647833017,-0.12512560700164832,0.528992606933936,0.3701192354672852,0.48516987477120643,-0.28814213516604337
1,5.825230106977306,2.6012453902442956,2.6012453902442956,5.95943193119848,1.0,0.0,0.0,0.0,0.0,1.0,1.500728922326306,1.6303748320598348,-0.5004135802092238,-0.1789947342138859,1.1477657036414046,0.6816352210433131
0,1.089790074138917,2.892559950336306,1.0758628704657283,2.892559950336306,1.0,1.0,1.0,1.0,0.0,0.0,-1.4743466464443586,-0.4556701243389343,-0.26816886954522556,-0.9945803944499467,0.41490810848507764,0.4172167242564002
0,1.5691215194043902,5.1517627672777095,2.390218016829224,5.1517627672777095,1.0,1.0,1.0,0.0,1.0,1.0,0.041401583853244606,0.5113195480339718,0.9973648723253399,0.678518327756914,1.8793166238890617,-0.10527984876808616
1,2.1097253469936987,1.2028242984242197,1.2028242984242197,2.2256749150290296,0.0,0.0,0.0,0.0,0.0,0.0,1.055397132380269,0.3078962884945234,1.459683677652155,1.4890470945007652,1.7572291134415812,0.75636600671309
0,4.43052011700966,7.457227900235019,4.099709283309956,7.457227900235019,0.0,0.0,0.0,0.0,1.0,0.0,2.5880414378148733,1.5956448493660238,1.948697741498301,1.7503933596553019,2.1922343763586793,2.9713731870446995
0,0.9696889006663153,0.17251987002644464,-0.6884969229069806,0.17251987002644464,0.0,0.0,0.0,1.0,0.0,1.0,0.27169441487081575,-1.0077414227150272,0.18539608980590389,0.2266626551393795,0.5514962494939841,0.6603767507425449
1,5.1652339806293375,3.3376278462324835,3.3376278462324835,5.005393039135526,0.0,1.0,1.0,1.0,0.0,0.0,1.8681163177620765,-0.11865920294240262,1.0230009926186436,1.4078933576388009,1.1342883714115468,2.1292419403494254
0,2.74063310823607,1.849103921822315,1.9726400625981662,1.849103921822315,0.0,1.0,1.0,1.0,1.0,1.0,0.8772822784238463,0.2917572431705516,1.6146941309217038,0.2198563764944702,-0.12188098863202845,1.0141849520152617
1,1.5766738021227682,1.6699888138120529,1.6699888138120529,2.2862870919959852,1.0,0.0,1.0,0.0,1.0,1.0,-0.6051174561455122,-0.11924159923047672,0.5524637605392835,-0.444248917815831,0.8400872464634255,-0.15363417784614497
1,5.226142955454345,0.2882377405083987,0.2882377405083987,1.9494162700044548,0.0,1.0,0.0,1.0,0.0,1.0,0.8878740293502937,0.481775702197214,-0.25164530612365776,0.16649884534253334,-0.04419510927066139,-0.3190265994355719
1,3.586015079394548,1.9705163629589681,1.9705163629589681,4.932528193686305,1.0,1.0,0.0,0.0,1.0,0.0,0.5723286463454983,-0.06621746729199951,0.8568839859624603,0.4594572552075293,0.7252628114466203,0.16804277946713608
1,3.437538963465588,1.0886857398283416,1.0886857398283416,0.6032525819774011,0.0,0.0,1.0,0.0,0.0,1.0,0.6977326429083242,0.1437745533837257,2.2697790144011174,0.6257395977352489,1.2016915546847011,0.9608644802088842
1,0.8925669186993945,0.3762610614351415,0.3762610614351415,1.1931973099652788,0.0,0.0,1.0,0.0,0.0,1.0,-1.0961977984678604,-0.37228721222008754,-0.6458777971207823,0.8685221179932661,-1.6651860818503783,-0.32601999350206734
1,6.467661522513232,2.057728793907736,2.057728793907736,3.7999184355220894,0.0,0.0,0.0,0.0,0.0,0.0,2.453365204876556,0.08296586791204968,-0.3773588667156087,0.9774738484325038,1.5416018096527633,0.3936963141698555
1,5.123695777454915,2.678158565910402,2.678158565910402,3.5639488579064267,0.0,0.0,0.0,1.0,0.0,0.0,1.2292390698554283,1.6655078894246653,0.4534050201202209,0.09163615985125967,1.0702501487067575,0.29781344091195383
1,4.537519470876653,2.832393213849583,2.832393213849583,5.064187325016643,1.0,0.0,0.0,0.0,1.0,0.0,1.6123230094562329,-0.10443800124018177,0.5102957118608519,0.478643794205148,0.2805504752719361,0.8212725928549546
0,3.9267192519534575,3.5646931807576796,1.1439692664088388,3.5646931807576796,1.0,0.0,0.0,1.0,1.0,0.0,1.1137110140576836,0.26617319380576054,1.2702268172026692,1.0265669223615326,2.2765478149072504,-0.18308435582654248
0,2.9907817991654366,5.184851424062288,5.247640909080343,5.184851424062288,1.0,0.0,1.0,1.0,0.0,1.0,-0.06884421796539308,1.414193935667507,-0.48150866060747255,0.9169966414658074,0.9225640899049783,1.1499466789800203
1,3.2535350100326283,1.5360550991075943,1.5360550991075943,3.8816840467785876,1.0,0.0,0.0,0.0,1.0,1.0,0.46493661656835805,0.14775434272579757,-0.8086037185603958,1.5208659296506895,-1.8250389801257891,0.3150842236233715
1,2.829524444537061,2.6252776176868053,2.6252776176868053,5.196441760936393,0.0,1.0,0.0,0.0,0.0,1.0,1.578760353096044,0.39830776806714974,2.2024910521752554,0.952629291910968,1.4743306877363662,2.469519393869683
1,1.5457051364305756,0.5244626346266263,0.5244626346266263,2.571120949487505,0.0,1.0,0.0,0.0,0.0,1.0,-0.06437920713408962,0.2575500959043836,0.815745772160312,-0.13438294051902,1.7853066052730522,1.9704238329944148
1,2.681823031386676,2.0867418129240485,2.0867418129240485,3.8536301438788683,0.0,1.0,1.0,0.0,0.0,1.0,-0.43762357101484806,0.4803324957119064,0.20370226323479423,1.0966146815057418,0.60654534647515,1.6513421531229902
1,1.1842821522323712,0.3293232206896901,0.3293232206896901,2.442938913399941,1.0,1.0,0.0,0.0,1.0,0.0,-0.963131297931807,0.859999253299216,0.5062541388617825,-0.4335914153981276,0.6925625600080114,-0.13864002507916418
1,-0.19669345399496985,0.46035125706686475,0.46035125706686475,0.6672613398432423,0.0,1.0,0.0,1.0,0.0,0.0,0.054370248894780704,-1.0538791696588286,-0.5412717102460183,0.3624392499558949,0.8968168226798537,0.5419462784567444
1,2.192765860583264,2.333567354644274,2.333567354644274,4.5161792791042075,0.0,0.0,1.0,1.0,1.0,1.0,0.7774603161699933,0.24058101758776396,0.42294131728248807,1.574424365601279,1.9442038208845838,1.868021648361076
1,-0.12401111241285417,-1.6311942435696842,-1.6311942435696842,-0.6753950542246359,0.0,0.0,1.0,1.0,1.0,0.0,-1.6322902039484566,0.14301827448744692,-0.44178176144647907,0.7906049397601758,-0.2797227584216593,0.0923914538495535
1,2.6869453043022755,1.0531757699388866,1.0531757699388866,2.4552841937265373,0.0,1.0,0.0,1.0,0.0,1.0,0.2084987531225112,0.13692014613717451,0.3151039995572719,-0.13379988559359912,-1.2548082978972723,1.8649175168709737
1,4.14742968795751,2.993466406339312,2.993466406339312,3.6552235898916576,1.0,0.0,0.0,1.0,0.0,0.0,-0.25936214188962636,0.5801668007554674,0.9300602207707378,1.3419325052701057,0.45057564039618136,1.5020667752035013
0,0.6169456809940305,0.3435002482220241,-0.44619598762180745,0.3435002482220241,0.0,0.0,0.0,0.0,0.0,0.0,-0.7441068487490037,0.18872796118777146,1.2919845402654069,0.9767098163900804,0.35994948635406276,3.44467749197332
0,4.333034867461966,6.031178090604313,4.687424021366765,6.031178090604313,1.0,0.0,1.0,1.0,1.0,0.0,1.2233273132797808,0.8172561127522412,0.8972373994553539,2.4830974602443767,1.133425336868554,2.15085661842721
1,7.734909812853623,3.4648584643161477,3.4648584643161477,7.845191358970274,0.0,0.0,0.0,0.0,1.0,0.0,1.789768210364346,2.5464180340381097,0.4380290830732779,1.1488463948287493,0.9226472390147353,2.7560916639559094
1,4.332022974361935,3.874917819974654,3.874917819974654,6.072518196347746,1.0,1.0,1.0,1.0,0.0,0.0,0.7448419842713666,0.3825900356047295,2.043795331957158,0.115240598265688,1.1539529030346118,3.0384174891266156
1,5.823488559791423,2.8888327262937405,2.8888327262937405,6.776645169157591,0.0,0.0,1.0,0.0,0.0,0.0,1.9004140711595323,1.8673451016582885,0.9266344019306982,0.36568914839445593,1.5433174542743022,1.1657685290994801
1,7.988399156735111,4.738910047316685,4.738910047316685,7.183864819187091,0.0,1.0,1.0,0.0,0.0,0.0,1.7614973567008554,2.0799722746607925,0.8696613230089447,0.6963805689684919,2.436564931753794,2.197696156384948
1,1.0006187295069704,-1.0552177077684237,-1.0552177077684237,2.8049809926536367,0.0,0.0,0.0,0.0,1.0,0.0,-0.16372433216267834,-0.11071369447602475,-0.2073974584573669,1.914025867398815,1.5404826623108612,1.3710958596378693
1,3.069269306396106,1.6310253564335018,1.6310253564335018,3.132824968266369,1.0,1.0,1.0,0.0,0.0,0.0,0.2628643776563089,-1.517577024138561,-1.0223735007076806,-1.3642795023374006,-0.5536563792168883,0.6368273331217016
1,2.6680156443878644,2.7306339059495257,2.7306339059495257,3.6546898744575516,0.0,0.0,1.0,0.0,1.0,1.0,1.5804633770102068,1.295584139021413,3.552133971910971,0.9525753765425669,0.9569949412502976,1.832856690765905
1,5.336851577498341,2.9425791626318927,2.9425791626318927,7.042700096634469,0.0,1.0,1.0,1.0,0.0,0.0,2.222562024121233,0.9165181881125004,-0.29463303392476614,0.24673400268859114,3.8067242470577147,0.8372219840448608
1,3.3958170032316985,0.42481891327048693,0.42481891327048693,2.3160758969766557,0.0,0.0,0.0,0.0,1.0,1.0,0.6275045208922188,0.7872859873952494,0.7704050541168995,0.4558314452007855,1.1696317954248898,1.3178715933625753
1,6.0907287013737585,2.0979047668192723,2.0979047668192723,5.459926986222242,1.0,1.0,0.0,0.0,0.0,0.0,1.8277139390855839,-1.085242482713344,-0.05100775348671982,0.9995886445536537,0.5273965657864452,-1.61586122465342
0,-0.7613493973532832,3.8816081161809577,1.8029101182554412,3.8816081161809577,0.0,0.0,0.0,1.0,1.0,0.0,-0.3807821107205237,0.9103061067049707,0.7511783343138324,0.7236624373268806,1.170465318002526,-0.3910157624679258
0,4.369355348034002,8.308035991678079,3.032773438380003,8.308035991678079,1.0,1.0,0.0,0.0,1.0,0.0,2.0519981947252157,0.8219072375710358,0.4585684035070144,0.5127251902816514,2.523398586158754,0.3717946729128687
0,2.8851021453556616,3.9611456084969197,2.4707750090976695,3.9611456084969197,0.0,0.0,0.0,0.0,0.0,0.0,0.32150010479983115,2.0160837331187724,0.0933583303961778,1.3659637439493109,1.5866249310066238,0.9420583327482095
0,0.4419155411451062,2.250362686758491,0.543554874092243,2.250362686758491,0.0,0.0,1.0,0.0,1.0,0.0,0.11086695378295314,0.06096866323641137,-0.293613030229142,0.7833400546335021,0.23020303371200546,2.2198451162673054
1,10.23206370577474,6.084014848413106,6.084014848413106,10.070255095518974,1.0,1.0,1.0,0.0,0.0,1.0,2.8202371290141866,2.790296096337952,2.0146955647721523,1.4655321157507806,1.2606335723839996,1.331216774386636
1,1.436124946467012,3.327739530937562,3.327739530937562,3.8604708933777836,0.0,0.0,1.0,0.0,0.0,0.0,0.9794603206076841,-0.25592120434860777,0.2739637001105548,0.6428823162532047,0.8909970709724973,0.3910226644349797
1,6.749399851882545,5.359041674863045,5.359041674863045,8.09983995177787,1.0,0.0,0.0,0.0,0.0,0.0,1.4686595374560192,1.4007218432937565,-0.010071083987528873,1.7350237142517158,1.933674549528676,0.774563751192753
1,-0.1021938767008419,1.383459917102337,1.383459917102337,0.6022798809737107,0.0,0.0,0.0,1.0,1.0,0.0,-0.044990390907418076,0.1463542568175823,-0.3429216836651159,-0.10102827190615538,0.3027000691348398,1.033579933376198
0,5.702944479828727,9.714089484187657,7.102233919279288,9.714089484187657,1.0,1.0,0.0,0.0,0.0,1.0,1.7101999842573163,2.245237879639838,-0.7114165246152451,1.061161572967447,0.7431983841720413,1.2483908956304866
0,2.673927432291168,1.6881502188752302,1.6229715985408835,1.6881502188752302,0.0,0.0,0.0,0.0,0.0,1.0,-0.3518757348083661,1.134396879964904,-0.32016748963576924,0.7590727814216032,2.1979467625572746,0.13466040091976028
1,3.752655164874974,1.7047142476492623,1.7047142476492623,0.5966354903876345,1.0,0.0,1.0,1.0,0.0,0.0,0.2254208548153397,0.002937547198475554,0.8300966267414178,-1.4667018765670634,0.1321196451736084,0.2532398767226127
0,1.595628636007004,0.5311774447865696,1.135339567461528,0.5311774447865696,0.0,0.0,0.0,1.0,0.0,0.0,0.2859205838852312,0.29342905803781383,-0.12753598767951857,-0.19293267977777284,2.6004055836963724,1.459373207889405
1,3.045152094713621,-0.12051942902140822,-0.12051942902140822,3.2810411735340876,1.0,0.0,1.0,0.0,1.0,0.0,0.7911044059823685,-0.5179536004694638,2.1803611410996697,0.20928489438916054,1.0661100562290833,1.097576225839006
1,5.646183531677033,3.999958016020776,3.999958016020776,5.756656468786522,1.0,1.0,1.0,0.0,1.0,0.0,0.9087033673563965,-0.40307050868701655,-0.33733283834494876,1.5318721094425616,1.9499452777265829,0.9937782132643487
0,1.9430667907668893,2.2851888424991174,2.6753509342338346,2.2851888424991174,0.0,0.0,0.0,1.0,0.0,1.0,0.467041462035705,0.7622719753018821,-0.16336900789240305,0.2229303880426976,1.2101983598604875,1.1410181260975234
1,-0.4443777139694445,1.8279944317768648,1.8279944317768648,3.725435868777438,1.0,0.0,0.0,0.0,1.0,1.0,-1.3502994778564252,1.5085782638224756,1.711146010802906,1.0931810980458492,1.132344341736466,1.5775763511196004
0,4.621836045347613,6.855833332119982,6.071119768548475,6.855833332119982,0.0,1.0,1.0,1.0,0.0,1.0,2.1954286074587235,0.8088137763100711,0.09378313837886537,0.053415770795184,1.3524252800584013,1.8102483051112448
0,2.3819335699570074,2.9934922046658636,3.314830656020664,2.9934922046658636,1.0,0.0,0.0,1.0,1.0,0.0,0.03971270673679017,1.3182006791760388,2.3011575245092217,1.5966913886810994,3.1075035197654826,2.753240095723995
1,5.022176477381836,2.881622237905174,2.881622237905174,5.00220239913973,0.0,1.0,1.0,0.0,1.0,0.0,1.3642170948669277,1.0671342170395974,0.7778220573048761,0.3251182420405136,0.3867420215863936,0.1031594401948599
0,0.9165117114391896,4.671836499424282,4.008067142836393,4.671836499424282,0.0,0.0,1.0,0.0,0.0,0.0,0.48255735849245474,1.4904275915082508,1.6065409385187315,1.7024145598964233,2.7013846534504884,1.3780735211790127
1,10.062497418180572,6.505142400875766,6.505142400875766,8.885924152062794,1.0,0.0,1.0,0.0,0.0,0.0,1.5899878905668032,2.46858129264257,0.6835062840425948,2.331711071814191,0.9832875340138212,0.8848064532190547
0,1.9300906904883806,2.700956429664192,0.0803789756174591,2.700956429664192,0.0,1.0,1.0,1.0,0.0,0.0,-1.896284815966613,0.9799457808349727,-0.4541345337788657,1.3228171784202036,0.582052568646447,0.37152905277642234
1,-3.6091361661671373,-2.9092515877718896,-2.9092515877718896,-2.7704131089062063,0.0,0.0,0.0,1.0,1.0,0.0,-1.7208989183920473,-2.0481904041276877,-0.11627825144530679,-0.6154109455549022,-0.4257842123485358,0.2878858941575738
1,0.7834997438689333,-2.1102010041269676,-2.1102010041269676,0.7057119055346991,1.0,0.0,1.0,0.0,0.0,0.0,-1.2000996604305363,-1.2845333213570205,0.6149560565448762,-0.6778071124233191,0.6124848457748127,0.3409930919907612
1,1.416898717493486,-1.8669047123570772,-1.8669047123570772,-3.2833983615853866,0.0,0.0,0.0,0.0,0.0,0.0,-0.6857707409977423,-0.7884742754568235,1.9797359115123934,0.884739975540162,1.7542653301508913,1.0455705643919804
0,0.5912897344105317,3.665312940805665,1.0157218750928882,3.665312940805665,0.0,1.0,1.0,1.0,0.0,1.0,0.6031919088137917,-1.0845733230043404,-0.3730868430933032,-0.698178503614252,0.5279500589166283,-0.18382341876065178
1,6.379898526351725,2.0746555875029693,2.0746555875029693,5.514067673488138,1.0,1.0,0.0,1.0,0.0,0.0,2.3325892122273295,0.8408576140875991,2.1048592529856647,1.0492185882071317,1.4151811855474352,-0.17472338484830452
1,1.3150403480014825,-0.17778522444680922,-0.17778522444680922,3.116863906116025,0.0,0.0,0.0,0.0,0.0,0.0,-0.20684341896386627,1.2304489931137232,-0.06586872207747918,-0.8048015271389295,-0.761247607893123,1.0301614479698769
1,1.5718486123954787,0.20281882170860693,0.20281882170860693,1.963390899952657,1.0,1.0,0.0,0.0,0.0,0.0,-0.49396302314944696,-0.34729134930885186,1.2647468451969184,0.12379925386617702,0.813834950458038,1.749133774762174
1,3.978159223760938,3.2528229838380254,3.2528229838380254,4.979356905345843,0.0,1.0,1.0,1.0,0.0,0.0,2.0933699147741174,0.6487738047363804,1.2816317198261586,1.7789484909116293,0.5762135828275234,1.484121060750586
0,0.6851392239465076,-0.23324417565104216,0.3243812175341522,-0.23324417565104216,1.0,0.0,0.0,0.0,1.0,1.0,-0.3472124685204998,-0.6246937453398185,-1.1819759009805557,-0.7983826834738446,1.0114584406720477,-0.9273953377188402
1,0.26430049424621194,-0.2327613709363906,-0.2327613709363906,1.5424937709659718,0.0,1.0,0.0,1.0,0.0,0.0,0.14651802409680198,-0.7982639973824373,0.14260635899508128,0.18364690010435514,1.591210458854949,0.40194767115987673
1,4.517912673029592,2.941835093530646,2.941835093530646,4.50080347266292,1.0,0.0,1.0,1.0,1.0,0.0,1.393698610478625,1.4689493368046302,0.9563221596923679,-1.3860756140343133,0.5433088022310468,-0.7491689036268248
0,3.74897500943192,3.8373226081407346,2.8862643523474913,3.8373226081407346,0.0,0.0,1.0,1.0,0.0,0.0,0.42843406473103307,1.3042251400136018,-0.1688242388629707,0.6206268583767768,2.9419099203771086,1.880237453495621
1,3.379374474273451,1.261883599195059,1.261883599195059,4.202146720145218,0.0,0.0,0.0,1.0,0.0,1.0,0.8811708119177698,1.3284574605708594,0.6055602416596697,1.7799792304994215,1.1388379886880489,2.568598534927663
1,1.9648522073619792,0.22480122115228782,0.22480122115228782,1.2888365725479118,1.0,0.0,1.0,0.0,0.0,0.0,-0.4304838155304054,-1.0761733344867852,0.27775663150489405,0.8089431508324426,0.7568583472953034,0.7194008385260335
1,1.2465915962643739,1.2005047456579372,1.2005047456579372,3.1102034202746176,0.0,0.0,0.0,1.0,1.0,0.0,1.273132676474685,-0.024691377735509112,0.07890090625816149,-0.13457301119361165,0.17992486064256474,0.12334329572215674
0,2.0434976909547133,4.015884069667784,2.373025186271874,4.015884069667784,1.0,1.0,0.0,1.0,0.0,1.0,0.16669978110148426,0.39723435108216487,0.7977555778697928,0.5170051286096548,-0.5511167138129607,0.023727515095298468
0,-0.5921907407692931,0.586502582244742,-0.12744295997185323,0.586502582244742,0.0,0.0,1.0,1.0,1.0,0.0,-0.11414292545016624,-0.44132853189912613,0.9420702792164473,-0.7554450469466731,-0.3834819171757211,0.805257324598722
1,7.258845416193785,6.320583742404458,6.320583742404458,8.673856005604273,1.0,0.0,0.0,0.0,0.0,0.0,1.6324611798148807,2.035275297485712,0.3312439803691477,2.3082701586176433,2.184142900049409,3.0061517998304255
1,4.549557544371422,2.71715483966738,2.71715483966738,4.453413943287522,1.0,0.0,0.0,1.0,0.0,0.0,0.4000973946700791,0.822323797417504,-0.27449810056346713,0.31598829378742077,2.2314788227007334,1.0170910481755868
1,8.648764067425386,4.538239520689929,4.538239520689929,6.216599485106469,1.0,0.0,1.0,0.0,0.0,0.0,1.111685785508441,2.0231990854493516,-0.011898823473108,-0.025279751437837228,0.2586352856408186,1.7922990607909428
1,6.257361810358883,5.241015468437992,5.241015468437992,5.448229424681144,1.0,0.0,1.0,1.0,1.0,0.0,0.7966751449565248,1.340278658371378,1.054080292968616,2.654136633833872,1.607052706656968,0.5445680634175127
1,4.212512765161548,2.1035860556802373,2.1035860556802373,3.9693476208952667,0.0,1.0,1.0,0.0,0.0,0.0,0.7082197848495556,0.14865988137073716,0.11971503119686844,1.821705782647308,0.058969978337618745,0.9316577500830954
0,2.007054743146372,5.932349634902804,3.9729305943355557,5.932349634902804,1.0,0.0,0.0,0.0,0.0,1.0,0.6783748159924895,1.5429196464945691,1.236503054744956,0.7932331691944039,0.866155192425163,1.8614571370193869
0,3.7959571339188827,6.074374643403647,4.478199555501212,6.074374643403647,1.0,0.0,0.0,0.0,1.0,0.0,0.8516599859282509,1.5405850406546744,-1.4810107811470457,0.19490470784413833,0.9694313776758974,-0.03060320712929343
1,9.496475632826115,5.299727377517593,5.299727377517593,9.39959616484129,0.0,0.0,1.0,1.0,1.0,1.0,1.6523205245067374,2.9333418040785704,2.5134475535919174,2.0362104286310005,2.9798847821254935,2.246533558951427
1,3.1846650963999634,1.3276352390957917,1.3276352390957917,0.4552910513774733,1.0,1.0,0.0,0.0,0.0,1.0,0.330149260086371,-0.15139025659765803,1.3131573029068642,-0.18302135550928378,-0.1137546449384712,1.9219842354787895
0,3.255845580868388,3.8189749409379896,2.7268952857853392,3.8189749409379896,0.0,1.0,0.0,1.0,1.0,0.0,1.6088648741425164,0.564770804854807,1.0864532770594229,1.6223072859706766,1.5058511093052758,1.848359795506195
1,2.062992248197817,-0.7427527683845413,-0.7427527683845413,-0.0847446699836577,0.0,1.0,1.0,0.0,0.0,1.0,-0.5277883726727068,-0.5352313370103388,1.121772957717964,-0.6391498949219374,1.1293153567711172,-0.2846167639748862
1,2.1195139618748744,0.42155274804145293,0.42155274804145293,1.4853335917655366,0.0,0.0,0.0,1.0,0.0,1.0,-0.13984414645835952,0.3778916663051235,-2.461766709201213,-1.6673025498379364,-0.0031081225296862858,-0.3825167392270368
1,4.978500390044771,2.9250186113660335,2.9250186113660335,2.60170189305611,1.0,1.0,0.0,0.0,1.0,1.0,0.9347428103709117,-0.6095402841254995,1.3787249662122112,1.6047251280850152,2.8555013372201437,2.2924264069598306
1,2.260867410611819,1.4777693064594135,1.4777693064594135,2.3068770708031345,0.0,1.0,0.0,1.0,0.0,1.0,-0.7604742801027529,0.48476689365704273,0.6136799730585518,1.276649581414404,0.911640515298858,2.8814565837668944
0,5.8673391412885145,8.306265817008732,5.579707454374093,8.306265817008732,0.0,1.0,0.0,0.0,0.0,0.0,2.525174436771121,2.457428270491524,1.3095797338772952,1.5911598857698335,1.023057996746812,0.6927310835583396
1,1.2584654004472013,-0.6178593165464062,-0.6178593165464062,0.39119766258843924,1.0,0.0,1.0,0.0,0.0,1.0,0.056385290492678874,-1.0123143832470025,1.5940491632521936,-0.9883051586567624,-0.10693639497973595,1.7962122162584122
1,4.3285729256858145,1.671713602735485,1.671713602735485,2.0913832758723907,1.0,1.0,1.0,0.0,0.0,0.0,0.806692619319815,0.45000016471385385,1.0596771965230334,-1.7480864636231352,-0.336716214839464,-0.41728754527196066
1,2.0278629424634245,2.004515304634787,2.004515304634787,3.023572217277316,1.0,0.0,0.0,1.0,1.0,0.0,-0.25806027702408174,0.5423472058632708,0.0949435201837815,0.30252302708313056,2.1810620094059576,1.9861130881391333
0,0.4854612975175145,0.9984712462000438,0.5964076418070589,0.9984712462000438,0.0,0.0,0.0,0.0,1.0,1.0,0.1325194282715369,-0.1888103702774554,0.05042780920788398,-0.020385245433152566,1.5262984761281122,-0.3363516658358696
1,3.9508937472357135,1.2415648572803866,1.2415648572803866,3.096722793963009,1.0,0.0,0.0,0.0,0.0,1.0,0.3722420947082383,0.15077191523963895,0.39436474717220543,0.40682542359825646,0.561593951191846,-0.0820241679874425
0,3.4170408886565,4.18757607977349,1.5425775975388811,4.18757607977349,1.0,1.0,0.0,0.0,0.0,1.0,0.17364509239951764,1.2083872069226937,0.4731080498468893,-2.314480969630228,0.8070212033861043,0.02060534098143374
0,2.129829932163346,6.716148661669938,3.166075335167831,6.716148661669938,1.0,1.0,0.0,0.0,0.0,0.0,2.2326924049237555,1.0917082361435155,2.7909590771018014,2.338094545650216,1.1430037932123298,1.2998699600310553
1,3.306542374004777,0.14941683039438236,0.14941683039438236,3.4066755223495346,1.0,1.0,0.0,0.0,0.0,0.0,0.15225682353096281,-2.1322753901545193,-1.4022365398217145,-0.14653816583020696,1.0182361399504574,0.27947061094944414
0,1.7529234959043052,4.013456264392048,2.264477609656103,4.013456264392048,0.0,0.0,1.0,0.0,1.0,1.0,1.521976921243314,1.2845524246934292,1.0126623478140355,1.0282335780560954,2.331452785496679,2.4388581750608704
1,2.557701026481604,-1.5775507335450547,-1.5775507335450547,1.106679896233079,0.0,1.0,0.0,0.0,0.0,0.0,0.697016269255734,-1.1855869939130363,0.3653657390759498,0.07242167761533813,-0.7995966449060254,0.723817349776997
0,1.9840464852122255,4.109323442936266,3.537197908152926,4.109323442936266,1.0,0.0,1.0,0.0,1.0,0.0,-0.055647840524315706,0.9728422235730345,0.028174003595801078,-0.22108654741972456,1.1634150200698543,1.2904041537257742
1,4.727829287275229,5.1558420727369665,5.1558420727369665,6.5975995436071555,1.0,1.0,0.0,0.0,1.0,0.0,0.761901866358738,0.4629490419359731,0.2649316296014811,0.7700717193497428,0.8849150789954427,0.2698929997777957
0,3.347402977899558,2.308898585356159,2.290790294531248,2.308898585356159,0.0,1.0,1.0,0.0,1.0,0.0,-0.4489559266777935,-0.577635951635493,-0.07674320852746996,-0.16047086927206233,1.3211083598387543,2.37975915329968
1,5.242177400600223,5.782224607106773,5.782224607106773,4.855995792298205,1.0,1.0,0.0,1.0,0.0,1.0,1.4214902916862175,-0.1452443612204818,-0.4270835217266531,0.8500911124953199,1.8428786768820462,0.6091209560585874
1,4.618277760741843,5.480716728287392,5.480716728287392,5.587474759265464,1.0,1.0,0.0,1.0,1.0,0.0,0.957558004484969,1.2697893920890757,0.30762520283451433,0.4563766486715917,1.3558007523983902,2.884413122510037
0,9.227660629534308,13.340558864694556,8.811050925323174,13.340558864694556,1.0,1.0,0.0,0.0,1.0,1.0,2.5031601162248025,3.894077295614186,0.8128065023767149,1.8866181778085451,2.298124346502477,2.2955499063480804
1,3.83262195514236,3.212374253082686,3.212374253082686,4.683041437226148,1.0,1.0,1.0,0.0,0.0,0.0,-0.2604839260961074,-0.10847233656068478,0.8243561749949737,0.603168515621299,0.15743539524590788,1.2994260441332777
1,5.316659278676038,3.137734606461326,3.137734606461326,5.159888651966574,1.0,0.0,0.0,0.0,0.0,0.0,0.9306598477308974,1.5352680111180734,2.2638062322735615,2.0239325397378263,2.0257116033686495,0.8763809852787201
0,3.625022083357468,4.663213547623203,3.858738023535795,4.663213547623203,0.0,1.0,1.0,1.0,0.0,1.0,0.3202090181656164,1.757941870265217,0.5327243064731336,-0.5542194420063495,1.6421233599040055,1.388536139853199
1,1.0593694839376089,0.9073157962285562,0.9073157962285562,2.2531759875046222,0.0,0.0,0.0,0.0,0.0,0.0,1.6084322994342237,0.4866133197504612,1.7419937853124063,-0.2835100982362583,-0.27476815327347803,1.2908055157327298
1,2.3241018418244117,2.0092070434873683,2.0092070434873683,1.1521874438577997,0.0,1.0,0.0,0.0,0.0,1.0,-0.7927079231849743,0.6200378442424488,-0.10809942598759992,0.6006064958402726,1.6743299133554232,0.2608236050937842
1,4.9304231960453375,3.407995017470799,3.407995017470799,3.3714939461496645,0.0,1.0,1.0,0.0,0.0,1.0,1.0197299898559193,0.46797947493322034,-0.05511978135690976,-0.2800720782758346,2.1956063880863623,3.486715951495849
1,1.6532079634656327,0.085951990874849,0.085951990874849,1.3602716519997653,0.0,0.0,0.0,1.0,0.0,0.0,0.5835804122146869,0.18495577599414204,1.6280918448977095,-0.14274971662151403,0.28497996125815983,1.2571608133396994
1,5.263291880756649,4.68715665747326,4.68715665747326,4.8955184201719435,1.0,0.0,0.0,0.0,0.0,1.0,1.6660348518867791,0.887585384121317,1.771489678238167,1.0348480668684261,1.4641427885987195,0.3658101530917215
1,4.041268959147024,2.1537541244521763,2.1537541244521763,3.7755701622200935,0.0,1.0,1.0,0.0,0.0,0.0,1.4122313312379615,0.02333934437068652,0.8502613300069416,1.1867835922986267,-0.0035176686201301433,1.4005444450168691
0,4.6244727023715635,6.597407228180212,6.00358817378668,6.597407228180212,0.0,1.0,0.0,0.0,1.0,0.0,1.4064929900424228,1.5342648931250138,0.42192638378833136,1.4550572491743865,-1.3129331026968836,0.9226280362095686
1,-2.349161967990689,-4.068439424193127,-4.068439424193127,-2.052880145726193,0.0,0.0,0.0,1.0,1.0,1.0,-1.548190815083872,-1.484524277778947,0.18704025119957546,0.8640274017444516,0.15329170025696348,-0.3735396128308859
1,4.034950194756371,0.47521741943053475,0.47521741943053475,-0.426866688201923,0.0,0.0,1.0,1.0,0.0,0.0,-0.20707598356573798,-0.4158422576144879,-0.8041496270060362,1.3216602528593238,0.6792888437764523,1.3950278729933945
0,3.36692435124077,4.4872292833897545,1.0620227136298759,4.4872292833897545,0.0,0.0,0.0,1.0,0.0,0.0,1.7050359165207334,0.40194048752390454,1.1253644443442876,1.0444119608646354,0.5614403168050288,2.5574721631546096
0,-0.5526514616205533,-1.2138510613267348,-3.264121993817944,-1.2138510613267348,0.0,0.0,0.0,1.0,1.0,0.0,-1.3872394557135217,0.6046799750234392,-0.26906338277047037,-0.09393361787570031,1.0886206857949943,0.14216502365258576
1,2.5965296592478575,2.801792707161376,2.801792707161376,-0.9502310865364141,1.0,1.0,0.0,0.0,1.0,1.0,-1.386566566821177,0.04934581761196771,0.8190632093416862,-0.2432629170587094,0.742042416402265,0.6483540439987433
1,5.281021302298422,1.877748378596566,1.877748378596566,5.56746059825202,1.0,0.0,0.0,0.0,1.0,0.0,0.2211170765626182,2.318281569496206,1.8166306341220972,0.9613235409698822,1.2410322443020454,2.1917312977615726
0,2.5331224499883014,3.032252872030413,3.7355458432699225,3.032252872030413,1.0,1.0,1.0,0.0,1.0,1.0,0.29160354388475324,0.8341219329661143,-0.07655527111560712,0.5303131082730612,2.473804715336342,0.5346165493352646
1,3.6823996482192953,3.31777211859968,3.31777211859968,3.19820930366818,1.0,0.0,0.0,0.0,1.0,1.0,0.9456103190828902,0.36180141611298544,2.298356702402048,0.6079549757537106,1.6260678442195355,2.1278447596804995
1,7.115962690977213,5.6228705452146155,5.6228705452146155,8.018413708871204,0.0,1.0,0.0,0.0,0.0,0.0,2.006024493100848,1.8520743837810834,-0.363746995585986,-0.009189887053606238,2.352705064029382,1.6801973554976735
1,2.3408380256865247,2.087843803327643,2.087843803327643,3.658620485465468,1.0,0.0,0.0,0.0,1.0,0.0,0.7831179440073661,0.14593843809620233,0.19098981905446866,-0.804596165114289,0.06690469006719735,1.5245113409081894
0,4.183575176006979,6.637263452426939,3.5741396751205414,6.637263452426939,1.0,0.0,1.0,1.0,0.0,0.0,0.000686199479483951,2.1078406859907894,-0.15267235030481763,1.168939041205407,2.0893707285089587,2.1014844407849216
1,4.262909085029287,1.532051647949023,1.532051647949023,3.310549064587026,0.0,1.0,1.0,1.0,1.0,0.0,0.47263810356092945,0.8276918170915186,0.5198225077146387,-0.13715517057123516,0.22962351942612058,-1.264707653805356
1,3.051855307518976,1.5364376379288531,1.5364376379288531,1.4338524116707496,0.0,1.0,0.0,0.0,1.0,0.0,1.4046286145761453,-1.0429500037807222,0.3466383775301818,-1.0857678838311509,-2.5097415692987473,0.4373824145277312
1,2.5053434354115787,0.9869367078975836,0.9869367078975836,3.498860177584239,0.0,1.0,0.0,0.0,0.0,0.0,0.6187383538389254,-0.14615694381004973,0.3411630802927421,1.6106446848626268,1.9693766891349138,0.4209662572109374
1,6.789644820596056,5.8156567781851285,5.8156567781851285,8.108056762109724,1.0,1.0,0.0,0.0,1.0,1.0,2.4914139100743617,-0.08211165861203051,0.40480298903217693,0.5739386682603604,2.9450921192574278,1.2819214227702695
1,2.9180310589445364,2.629140338020792,2.629140338020792,3.29815934981111,1.0,1.0,0.0,1.0,0.0,0.0,0.236348941984248,-0.8660690457954985,-0.07715295132536415,0.4309390032162195,0.3598390956349482,0.6971052810751438
0,2.7204120637878084,4.496562733122635,4.434053607812337,4.496562733122635,1.0,1.0,1.0,1.0,0.0,1.0,0.6549163972942018,0.09320819691818061,-0.41838844847423273,0.6892154488975315,1.5901192632517032,2.075334054134072
1,9.130309927858805,5.091634334900059,5.091634334900059,7.383421225261781,1.0,0.0,1.0,1.0,0.0,1.0,1.4818415552346225,1.7737271034242033,0.9542083795861495,0.4106316310745158,1.770080667091655,0.4596570022434203
0,5.129831635442558,7.712223587990952,5.827335651551909,7.712223587990952,1.0,0.0,1.0,0.0,0.0,1.0,0.8172503804223824,1.5421833802647527,-0.19068583140077666,0.9598349190022605,1.1627067624061087,1.427517489767089
1,5.9483949589851814,3.4045826195774485,3.4045826195774485,3.89306134468041,1.0,0.0,1.0,0.0,1.0,1.0,0.0521232858811278,-0.9153412366931555,-1.1892783475084652,1.1138327723244392,0.4350794945895915,1.841015663432514
1,2.5292820781375296,0.5422463867828422,0.5422463867828422,1.3442146382159843,0.0,1.0,0.0,0.0,0.0,1.0,0.6697562412124229,-0.34299288830864305,0.9107566667903517,-1.4723480548401533,0.28948248045594605,-0.040649322719900294
1,2.87041512920425,1.6492033036208342,1.6492033036208342,1.4255789538384982,1.0,0.0,0.0,0.0,0.0,0.0,-0.6329898454855258,0.556520782154778,0.07512525122002134,0.21514816214129306,0.5302900315122954,0.8477396638588733
1,5.063356351559463,3.1588727318384575,3.1588727318384575,4.621685167570243,1.0,0.0,1.0,0.0,0.0,0.0,0.06183836832541467,1.376583424630358,-0.016617689207412134,1.5503280189671846,0.24375123053895997,0.43094630938335676
1,9.152592076635877,5.881893972499804,5.881893972499804,9.148895197276758,0.0,0.0,1.0,0.0,1.0,1.0,3.6438313841334584,2.3440544576794666,2.486165763294191,1.357929729372799,1.1474036626266624,1.316321722429745
1,2.3654042235905597,2.4257805525505125,2.4257805525505125,2.8944918885562863,0.0,0.0,1.0,1.0,0.0,1.0,0.11929365154948701,0.4082706711325513,-0.5571705928173236,1.0898212286821847,1.5925246702043447,-0.111685445733684
0,-1.0414661437370034,-1.3944536885591252,-3.362418093545296,-1.3944536885591252,0.0,0.0,0.0,0.0,0.0,0.0,-2.002116482636794,0.06675231817420085,-0.8564497323941884,-1.083073818555351,1.372847165814351,0.11296001082573359
1,0.959753683822973,-0.5968582059011074,-0.5968582059011074,1.514841305230282,0.0,0.0,0.0,1.0,0.0,0.0,0.5208331263600489,-1.0527059010068556,1.318170815368339,1.8326983686771245,2.0728267800883287,-0.2850559565876618
1,6.04948575100336,1.6434457415879065,1.6434457415879065,3.8395131646228196,1.0,1.0,0.0,0.0,0.0,1.0,0.05330796854856612,0.7557304228196638,0.5721241285662231,0.5617831141508517,1.3073336781850218,-0.5198209287898445
1,2.60580813506915,1.697770323616957,1.697770323616957,4.459621741847812,1.0,0.0,1.0,1.0,0.0,0.0,0.14314729604788345,-0.4761690775175328,0.5716965655506245,0.13765252123270294,1.5276433228980473,1.9162308807203678
1,3.8021548527570865,2.0214427070002348,2.0214427070002348,4.386692802038013,0.0,1.0,0.0,0.0,0.0,0.0,1.2502776173099366,0.6906100108631558,0.20905286475238793,0.47913212380232706,-1.6587704681183841,0.2384268820812857
0,-0.6157168063160934,2.169741014701468,0.7450176788757132,2.169741014701468,0.0,0.0,0.0,1.0,0.0,0.0,-1.247835161650575,0.5407789169613665,-0.042001444544918165,0.8201852270250571,2.012362068574981,1.0233128383764023
1,6.06697832440069,0.4939816584386205,0.4939816584386205,4.393364444488339,1.0,0.0,1.0,0.0,0.0,0.0,1.7820924335451989,-0.909756475151779,1.684097630005657,0.2605529601967137,-0.1901246985390066,0.684499197073023
0,2.149319877651214,1.8821978472395577,-1.0347539498438465,1.8821978472395577,0.0,1.0,1.0,0.0,1.0,0.0,0.5387964897317908,-1.7232427884211852,-0.8878839672077699,-1.0491260040961135,-0.1237522273379954,0.9133005744705653
1,5.6795461147536095,2.4560895038742103,2.4560895038742103,6.370165144946165,0.0,1.0,0.0,0.0,0.0,0.0,1.2867916155898442,1.9120571596189293,1.4327427485675064,1.4348765064227211,1.328060123162068,2.3756779585506074
0,-0.17552499699406515,1.2400599254458564,-0.6972317640404806,1.2400599254458564,0.0,0.0,0.0,1.0,1.0,0.0,-0.48045929063321413,1.0457624138914852,1.9133176047886555,0.9768546376179237,-0.12623667775636216,0.22394719713940103
0,0.7729425284057609,2.4999183711940893,-0.012406256286383033,2.4999183711940893,0.0,0.0,0.0,0.0,1.0,0.0,0.8138567228538427,-0.09200178191047048,0.6560882797478576,0.5144828756849248,1.509423876223885,0.48109327779412414
1,6.657243636681365,3.379702481204622,3.379702481204622,5.609561435680574,1.0,1.0,1.0,1.0,0.0,0.0,0.8125006204174579,0.2679089910891175,1.2763934893339701,2.0015914886807664,1.2277824997661546,2.5283982519539117
0,-0.6400633405387959,0.8803610649390108,-0.22562388619852297,0.8803610649390108,0.0,0.0,0.0,1.0,0.0,0.0,0.06716202645335556,0.34117902967319547,-0.5759384207898459,-1.107706768112657,0.39689872402079573,-0.2626100279055186
0,0.5541993311964737,1.7762935573285499,-1.1751379293881532,1.7762935573285499,0.0,0.0,0.0,0.0,0.0,1.0,1.0960363376011215,-0.5741948657529345,-0.659965978674788,-1.873001231991429,0.9157438567558023,-0.713360098858705
0,-0.4365401261857337,1.1449336206814704,0.9674386387832281,1.1449336206814704,0.0,0.0,1.0,0.0,0.0,0.0,-0.4897607462748155,-0.5566202824066404,-0.5976676828868326,1.9894786296687996,-0.48219303908825806,1.319897965985859
1,1.5564741526389136,-0.08495540919102429,-0.08495540919102429,3.645554433641861,1.0,1.0,0.0,1.0,1.0,1.0,0.042286982319974464,-0.18357995700549423,0.8078616893000776,-1.8424930516184732,0.39373275671361596,0.21887803813482742
0,1.0403052845364418,2.432761224843149,0.6225533770329249,2.432761224843149,0.0,0.0,0.0,0.0,1.0,0.0,1.489392471013623,-0.64535900123186,-0.5945844765497825,0.419043484494928,-0.09414563919947905,0.44352264845234934
0,-1.9959658311535042,-0.9958992459823802,-2.5175668790444776,-0.9958992459823802,0.0,0.0,0.0,0.0,1.0,0.0,-0.8890806609722852,-0.4559243454815607,0.03212490549324043,-0.82262213263947,-1.433239421858735,-1.865836465184893
0,3.3851498871418033,7.71336908878355,3.910390502951884,7.71336908878355,1.0,0.0,0.0,0.0,0.0,0.0,1.053284565851129,2.3681644003002913,1.244828964738066,0.46671108946886847,2.0503625035866415,0.7509277280097664
1,4.789410477693926,1.521692734422726,1.521692734422726,2.0976172568873555,0.0,0.0,1.0,0.0,0.0,1.0,0.5825185395195961,0.9080448439858455,1.2711097420122937,0.9507852933239989,2.244061011760315,2.484289743636861
0,5.873090195464393,7.4763053501788415,5.766096626158919,7.4763053501788415,0.0,0.0,1.0,0.0,0.0,1.0,3.992678282263642,1.4039313611047621,1.50875557636302,0.3448308622079912,2.102955348716968,2.9928419500985486
0,1.749959335385776,4.103615789719597,0.2656881628306875,4.103615789719597,0.0,1.0,1.0,1.0,0.0,0.0,0.10712564552505371,0.9254195067385401,0.35188546149243033,-0.40408972018479283,0.3673124413905404,0.6145219766065014
0,1.3102161221845434,1.8422210401276844,1.5685915371085035,1.8422210401276844,1.0,0.0,1.0,0.0,0.0,0.0,-0.7545560315472635,0.8387646131282998,1.1090615545781164,0.26625076026429867,1.9433992608918877,1.7134782963081219
0,4.883883635128893,4.332055556310845,4.19869862118487,4.332055556310845,0.0,1.0,0.0,1.0,0.0,0.0,1.7287604613836574,0.7605286655866765,0.13797456164337085,1.348796616317816,2.0900096864502222,1.3712840108511015
0,4.774259911693098,7.085500755881572,5.444260476360725,7.085500755881572,1.0,1.0,0.0,1.0,1.0,1.0,0.3991758337185509,2.603668937506045,0.24875173935057637,0.06328777222617044,1.2769245490211838,2.0584865128435625
0,-1.2652197110204038,-0.9639009339424871,0.2626129849563181,-0.9639009339424871,0.0,0.0,0.0,0.0,0.0,0.0,0.16180907778575815,0.5401210670482364,1.2705356602145734,-0.4913863994866273,0.5659189504319166,0.3097754309719827
1,2.484839587611771,0.09051736154894696,0.09051736154894696,2.7227707738597178,1.0,0.0,0.0,0.0,1.0,0.0,-0.10722844499833051,-0.0605423871502877,0.89360290059795,-0.555819117470342,-0.006734442209685554,-0.34603447060748205
1,3.388567616348085,2.632516834343111,2.632516834343111,4.181531908568875,0.0,0.0,0.0,0.0,1.0,1.0,0.18293074777389673,1.2211960507955197,0.9388444098854893,0.969632698412843,1.5839215936965214,1.3163108726041852
1,8.20024361744996,6.817872706744404,6.817872706744404,8.224621853588305,1.0,1.0,0.0,0.0,0.0,0.0,0.9631946279373613,2.250059837449466,-0.5876583318822144,2.323434680369508,1.2570790486994958,2.499995321021911
1,4.461172903061736,2.3479834983584964,2.3479834983584964,2.108205038008852,1.0,1.0,0.0,0.0,0.0,0.0,-0.15695496770367345,0.830315755616035,1.1699426055809685,1.0084448585243246,1.9118501053198402,0.09264997513452355
0,3.4286337400212448,6.582195693824114,3.867628610489001,6.582195693824114,1.0,0.0,0.0,0.0,1.0,1.0,2.2770386393167366,0.916930488816695,0.908010412591325,1.4405466370553133,0.6650107588874639,2.142921269694021
1,3.369505484746884,2.9416704075010482,2.9416704075010482,2.817987558905691,0.0,1.0,0.0,1.0,1.0,0.0,0.46095018007608435,0.5632224420911915,0.4267979605774512,0.8069748273751718,0.016978501393696277,1.0143447953535947
0,-0.146112490652188,1.282516522019831,-0.9722334984021204,1.282516522019831,0.0,1.0,0.0,0.0,0.0,1.0,-1.0376383823834856,0.5232124820408317,0.9295146171556234,0.2291719855463562,0.809571202853636,-0.28730829685490455
0,3.366087299309351,5.633695112858522,4.416085374006034,5.633695112858522,0.0,1.0,0.0,0.0,1.0,1.0,0.9854152485810539,1.2697827188118167,-1.419025405069591,-0.03006340268987928,0.615291741010572,0.8255650521889373
1,2.8663962330470016,2.070355865024032,2.070355865024032,3.0465578102696025,0.0,0.0,1.0,0.0,0.0,0.0,1.8412794571031295,-0.022065979698414062,1.9336127510534173,0.6139296242410432,2.0921832590303526,2.1954339199115793
0,4.541417043618292,6.414516456651713,2.4314599608016874,6.414516456651713,0.0,1.0,0.0,1.0,0.0,0.0,1.9861786479826895,1.9487201206611897,1.0620245126591374,0.10988038153340707,1.9958239906519992,1.6186450065700093
1,3.3554522639790294,1.2886209494849248,1.2886209494849248,4.549550836314237,0.0,0.0,1.0,0.0,0.0,1.0,0.32673153084846474,1.4158913664016861,-0.8290237562615623,-0.49361525012530216,0.6605019970381011,0.7131691330034375
1,4.928177407051902,2.2139151485439834,2.2139151485439834,4.156560457305381,0.0,0.0,1.0,1.0,0.0,1.0,0.6019513208057461,2.7809883874092294,1.8378797917390488,-0.6747901063809727,0.8106012783365207,1.4634042671389564
1,6.070551540995377,3.3403342967616303,3.3403342967616303,5.575261308515095,1.0,1.0,1.0,1.0,1.0,1.0,1.6583318481095406,0.28828433359091876,1.5579972810024998,0.6379394330881981,0.5657628861178958,1.1256054337191013
0,5.077336083876061,3.84407248741463,3.907174805316665,3.84407248741463,0.0,1.0,0.0,1.0,0.0,1.0,1.0089014345228717,0.828303586297652,-0.8864440057389475,2.5291825235826257,-0.3098267400129071,1.5177673147847859
0,-2.3948599672927906,-0.9882178938012249,-3.8381859421445395,-0.9882178938012249,0.0,0.0,0.0,0.0,0.0,0.0,-1.920262457169819,-0.28564467319893183,-1.1326127771029169,-1.1052073421643192,-0.7133986989034615,0.9514686531990071
0,2.3902905986626375,5.427071512605567,3.4967988902650577,5.427071512605567,1.0,1.0,0.0,1.0,0.0,1.0,-0.8657333056395482,2.4580535144649653,0.6695781702760651,0.9296180803256262,2.0102535399319192,1.0496080240325532
1,-1.6167608467406822,-2.942413307601712,-2.942413307601712,0.07868600892426225,0.0,0.0,0.0,1.0,1.0,1.0,-0.6385387848880308,-2.5219620177827107,-0.042451839067128905,-0.8909760227330636,-0.2719837356034882,-1.5785778472475114
0,5.287219266948218,6.18597171722014,5.084845839014751,6.18597171722014,1.0,1.0,0.0,0.0,1.0,0.0,1.829666227629582,1.3679892508197575,1.8745772176630024,2.0727349702187334,3.387408316158891,1.8753171724166178
1,1.899790489590793,0.17192489287589807,0.17192489287589807,2.6666820400455897,0.0,1.0,0.0,0.0,1.0,0.0,-0.312546981120564,0.4760745865299954,1.6809311092357946,1.844894879098553,1.2662088667123799,0.14659995348868038
1,3.4457739835741,1.186169788710101,1.186169788710101,4.2263384323717865,1.0,1.0,1.0,0.0,0.0,0.0,0.09657489653908569,-1.0839467477448241,0.618848073456439,0.6836452112820353,0.8832441717221882,3.030067142713365
1,3.608048302929301,2.469387970137922,2.469387970137922,1.6970451123883143,0.0,1.0,1.0,0.0,0.0,0.0,1.1585722654663186,-1.7993462104027733,0.3525037387050896,-0.8950236358491688,0.4951585903219826,0.5082476572259103
1,2.0862051401082184,1.5859350042903073,1.5859350042903073,-0.29597003675617506,0.0,1.0,1.0,1.0,1.0,0.0,-0.39570624614959926,-1.2427614544870333,0.910684482773269,0.2348060517958987,0.5684951505044744,1.3036954337938518
0,-0.09110652604516534,1.5459210636831515,0.43638153665035195,1.5459210636831515,1.0,0.0,0.0,1.0,0.0,0.0,-0.06422947256279565,0.9525186787966895,1.36671043120956,-1.3485578402524578,1.0907779464220915,1.7301584738027074
1,3.420672514679375,1.8073760814391413,1.8073760814391413,2.736037217075252,1.0,0.0,1.0,0.0,0.0,1.0,-0.34728943014998925,0.8827386568255394,0.0011862122802881458,-0.49949036465519736,-0.7282960706704398,1.0182860858148655
1,0.6794458155734757,0.9781887916437312,0.9781887916437312,0.4131451471348524,0.0,0.0,1.0,1.0,0.0,1.0,-1.3591261308199247,1.0036513982763948,2.5100290502166285,0.9420237846274595,0.8266195423352617,1.3610188337218259
1,5.370288267265069,2.327204215093511,2.327204215093511,5.18594875307776,0.0,0.0,1.0,1.0,0.0,1.0,0.6550566712714782,2.132433882154178,1.0310485549774295,1.4232099436256007,2.281401900219068,1.1372764488697533
1,4.365269298812338,4.608254087276047,4.608254087276047,3.6666134130061265,1.0,0.0,1.0,1.0,0.0,0.0,1.0572426959351529,1.6710238513780826,1.0858761801225074,0.602278506489643,0.8701055887243836,1.3773525913023839
0,-0.14760073845700084,3.6219363116784677,1.2978851465137868,3.6219363116784677,0.0,0.0,0.0,0.0,0.0,0.0,-0.018843978012994422,1.5750369690063701,0.2709159529640563,0.3503040673912603,0.7266837863977224,1.9092150194013415
0,3.3335542926958284,4.565053359136078,3.1306250598652223,4.565053359136078,1.0,0.0,0.0,1.0,1.0,0.0,1.5437386206547035,0.09997180649633142,-0.2556305348318073,1.246781508844727,2.0767347710424136,1.9995675071263777
1,-0.597936690202137,2.337904915764782,2.337904915764782,3.3304751083772253,0.0,1.0,0.0,1.0,1.0,0.0,0.3134648786154267,-0.15397464520734816,0.7460055653359225,1.2591644649737879,1.7170253726491747,-0.6294901971089191
1,4.184640761527624,0.6168903862337028,0.6168903862337028,3.5941183336706466,0.0,0.0,0.0,0.0,0.0,1.0,0.2828003697389998,0.8578989381146856,0.28844814247798856,0.6484289712493019,1.7457533398383545,1.4287503473000571
1,5.917052612053733,3.8552378127699627,3.8552378127699627,6.020768279468807,0.0,0.0,1.0,1.0,1.0,0.0,0.4188233092248852,2.7717323631305226,0.6578966282339695,0.8199829364415026,1.4364555227476155,1.1974172205932236
1,3.180162563274766,2.971019143458729,2.971019143458729,2.2877217149757483,0.0,0.0,1.0,1.0,0.0,1.0,0.7714296014935277,0.5706202130160167,-0.7491380890261095,-0.10244945428860674,1.77575867841065,1.8554449601620773
1,0.2977692389068306,-1.651782722944663,-1.651782722944663,-0.3908646816013304,0.0,0.0,1.0,0.0,0.0,0.0,-1.0457710353819367,-0.7398191802513936,0.2730173441341054,-0.028523193079675213,-1.144917193271564,0.34087825122763205
0,3.279111666298986,5.429289052758241,2.630723387258957,5.429289052758241,0.0,1.0,0.0,1.0,0.0,0.0,0.6569883802502303,1.8235579109815125,-0.7228018227449371,1.6313371257745635,-1.3521144196509742,-0.8003006627299041
0,2.137702819711856,4.104266539145384,1.8416664066253072,4.104266539145384,1.0,1.0,1.0,0.0,1.0,0.0,-0.11960788277139911,0.22511801567121936,-0.4360941970563069,-0.509284844362857,0.13024711124087185,-0.1537731982930557
1,2.5420563303949946,0.8096566478812366,0.8096566478812366,3.8245245418813947,1.0,0.0,1.0,1.0,0.0,0.0,-0.6996236059465231,0.9536155054261284,0.2890863241417209,-0.4485096381827747,1.4871758140368878,0.7912131437561292
1,3.2118847179178336,0.7579029649025074,0.7579029649025074,2.1389629628464317,0.0,0.0,0.0,1.0,1.0,1.0,-0.031977000241278364,0.598868621705542,0.19065841436570052,1.7023410477039123,1.1158295185784293,1.721662285485796
0,2.4971284721391136,4.426948375484734,3.7796024393228995,4.426948375484734,0.0,0.0,0.0,0.0,0.0,1.0,1.5351986168070808,1.2298957764238927,0.44241063594631413,0.2799038449677434,0.35825691675022264,1.5049725826517402
1,6.691996348060099,5.112277063088209,5.112277063088209,6.422987110042583,1.0,1.0,1.0,0.0,0.0,1.0,2.2371192949874654,1.234670992579117,1.348405880197671,1.0310953734091588,1.088914423262749,0.3527631865319354
1,1.323265042284268,0.023108485466063866,0.023108485466063866,2.4744780346296045,0.0,0.0,1.0,0.0,0.0,0.0,0.13978201047831496,-0.13000131583119645,1.016611605313691,-1.0263079853499133,1.8167332607159827,-0.2605058376344074
0,0.43525525846848456,0.614810707035882,1.2204581860993868,0.614810707035882,0.0,1.0,0.0,0.0,0.0,0.0,-1.1441032041915244,0.5873175167040994,-0.3285090631673071,0.02710852215202697,0.7608000454720507,0.20671337178683924
1,4.7453152571702395,2.141567655889049,2.141567655889049,5.282056663625543,0.0,0.0,1.0,1.0,0.0,0.0,3.1293459261780163,0.1852061739747226,3.050863006050658,1.0657848228861901,2.5301578876331337,2.1520061366297814
1,9.308379091827788,4.210250419760046,4.210250419760046,6.399945992088855,1.0,1.0,0.0,0.0,0.0,1.0,1.552158439953636,1.6097597103296029,0.36960681127976436,-0.4843821372844851,2.493778881667728,-0.6598247618620161
1,3.8316179356518596,3.187889746963025,3.187889746963025,6.6994477097797756,1.0,1.0,0.0,0.0,0.0,1.0,0.6697798351596822,0.6046891765981952,-0.5181303306854756,-0.7860451906250638,1.786102426940345,1.1418759150491948
1,2.065009395387064,-0.2861294562170107,-0.2861294562170107,1.7491230540079226,1.0,0.0,1.0,0.0,0.0,1.0,-0.22855245566495408,-1.7346567352810145,-0.8893734109733757,-0.34444259253308773,0.5961488659884069,-0.7030171906719009
0,1.3441446662062286,3.141274490823833,0.2797529468343545,3.141274490823833,1.0,0.0,0.0,0.0,0.0,0.0,-0.365837411197632,1.0272710263132216,0.2286249685693681,-0.8923443121884633,2.1607633561324753,0.7898737829615735
0,1.637887875449338,2.1634036490454,1.7535243840479073,2.1634036490454,0.0,1.0,0.0,0.0,0.0,0.0,0.030753974380772098,-0.5333450483491868,0.7391507885997177,1.7926123086330517,1.5761540511194423,-0.2370159014214852
1,7.535510567348773,6.659589312314095,6.659589312314095,8.034440716024745,0.0,0.0,1.0,1.0,0.0,1.0,2.9624446698995377,1.8765204315217632,0.9392288628087071,0.5485305478041886,1.1674522848905158,-0.5442575558938589
1,7.043708594681049,3.7246895965245823,3.7246895965245823,7.637853332160778,1.0,1.0,0.0,1.0,1.0,0.0,1.6761821620021085,1.7649526617973519,-0.398954648072243,2.013063639400242,2.0168648179249757,1.4491114687947984
1,1.6971786110976563,1.4537890959585316,1.4537890959585316,2.589740204755581,0.0,0.0,1.0,0.0,1.0,0.0,0.4536423668473755,-1.32686462811819,-0.8279338807239927,0.18392501901016317,0.3291687097023943,-0.28009261149984477
1,7.53987023900316,2.882362153819431,2.882362153819431,5.625256273332666,0.0,1.0,0.0,1.0,1.0,1.0,2.07924112738268,0.41801308535682524,-0.16939191796645836,0.04269753713530461,1.6599656539118377,2.144278970121632
1,4.5517658241713255,2.550733379686306,2.550733379686306,3.188731795325953,0.0,1.0,0.0,0.0,0.0,1.0,1.1732396119324444,0.3750091188951643,0.35361402675336573,0.5402311795517842,1.6312913221376524,1.2635520098101924
0,6.886994302944171,7.2315400647111145,3.9360769701399994,7.2315400647111145,1.0,1.0,0.0,0.0,1.0,0.0,2.127861538265239,0.5961073789160714,0.9491005884223945,1.834015973451321,3.5605858004264013,2.0985448805976956
1,7.63507877021257,3.9202577059027486,3.9202577059027486,7.245816236741411,1.0,0.0,1.0,0.0,0.0,0.0,0.7830844836919111,2.402816319330299,1.3438188325303455,2.196148932293713,1.383810141563016,0.019927773526409398
1,7.250654455818734,4.06710308427419,4.06710308427419,6.6812735488465345,1.0,0.0,1.0,1.0,0.0,0.0,0.9742881795631019,2.1054501067106095,2.3784029080745284,0.8909232486717702,4.2103905829369515,2.675711785401144
1,2.7205032107195906,0.2119825933821271,0.2119825933821271,2.5074302386144245,0.0,0.0,1.0,0.0,0.0,0.0,1.088761879547814,0.8228646831928677,3.064519521905435,1.3549755475601506,0.9574296107824771,0.4611466279734847
1,2.107652472326512,-0.054849023827602705,-0.054849023827602705,2.262347151576313,1.0,0.0,0.0,0.0,0.0,1.0,0.44336885100465273,-0.2674692748984562,-0.09661255036702743,-0.8478648811870058,0.8406310516929878,0.8336569728246577
1,5.375494421524421,3.0742178139071266,3.0742178139071266,4.9229573109602605,0.0,0.0,1.0,1.0,1.0,1.0,0.8757721423487108,1.928918666143006,-0.5453460637939143,1.5221172161235532,1.452246913112547,1.6829017859450195
0,2.254951902989438,0.8351932487842375,2.098144844786053,0.8351932487842375,0.0,1.0,1.0,0.0,0.0,0.0,-0.5952042324005529,1.9790352477972402,1.1895991294147907,1.389997966684303,1.189548570252448,1.3131112873042414
1,3.581963837252275,2.691776799590223,2.691776799590223,4.57009022516774,1.0,0.0,1.0,1.0,0.0,0.0,-0.7475300580730178,1.058705329309522,-0.2136424084641766,1.8403584323841522,1.5075683751716042,1.937984935115611
1,5.111490690425344,3.3650595345736325,3.3650595345736325,4.212663384448676,0.0,1.0,1.0,0.0,0.0,0.0,0.42549851258651045,2.534541269620476,0.8138120582407767,1.2335801846682228,2.45630775444672,1.0600644050573491
1,2.8591609568858223,0.6742590359939977,0.6742590359939977,3.1078297884828676,1.0,1.0,0.0,0.0,0.0,0.0,-0.8184265746121817,0.726679054982856,0.08983042856044576,0.25268248800016224,0.2722553010228972,0.6925653992620812
0,3.7093949650554103,3.316547678199538,1.030036571969816,3.316547678199538,1.0,0.0,1.0,0.0,1.0,0.0,0.10844287694765775,-0.20010357636250486,0.40529419063516503,-0.6562959258898702,-0.18777621335681682,-0.3148784304830563
1,1.4578637886136123,0.05284697464693666,0.05284697464693666,1.9352924102340985,1.0,0.0,1.0,0.0,1.0,0.0,0.5043485077006523,0.6590670506541549,1.8484965421282733,0.8201514092702517,0.20147245346426856,2.5441538192683657
1,1.6951092349109662,-0.3255908603181653,-0.3255908603181653,3.4090902499549998,0.0,0.0,0.0,0.0,1.0,0.0,0.9651450272637474,-0.5691900933593541,0.8062871371038658,-0.6578363697410223,1.8870250952193257,1.4751827241313107
1,7.804767172457621,4.8936217110427105,4.8936217110427105,6.924414855923807,0.0,1.0,1.0,0.0,0.0,1.0,3.1570546229598486,1.5560948555814986,2.117111688216447,3.309369177702283,0.43720001199467773,1.6830938672180724
0,3.7240860102086244,3.5181409410512496,3.4087718817878025,3.5181409410512496,1.0,0.0,1.0,0.0,0.0,1.0,1.6559806924316622,0.9120836526385727,1.7736277435730063,1.5763921111462997,1.8868346509525318,1.1535977471193015
1,3.1652552747811793,3.0352410483846004,3.0352410483846004,4.102040559895256,0.0,0.0,1.0,1.0,1.0,1.0,0.13053707739236048,-0.05587911553949798,0.34453274083898716,2.8095652721971573,1.329594476899127,1.0472697562071718
1,6.715009526910699,3.716022878066273,3.716022878066273,6.019147028538571,1.0,0.0,1.0,1.0,0.0,0.0,1.705860904800335,1.5469005392429174,1.919353378048903,1.0950151326494098,0.790683200773239,2.793972911101971
1,6.858843300561245,4.9512771560734254,4.9512771560734254,8.637330685220617,0.0,1.0,0.0,1.0,1.0,0.0,2.3192402056486348,1.6705438713788212,1.2377422308265877,2.187021224098328,2.542564082877189,3.405165702263354
0,-0.973472036059697,0.16626073532500016,0.5343001013075919,0.16626073532500016,0.0,1.0,1.0,1.0,0.0,0.0,-1.2420430946040546,-0.9353069539612089,0.24322702484665182,-1.1979758524700928,0.6487034768856983,-0.3465625545439599
0,0.666157065525731,2.1570847937758684,-0.7147933287608692,2.1570847937758684,0.0,1.0,0.0,0.0,1.0,1.0,-0.3130380022135212,-0.7543777464963035,-2.0308959258750523,-1.240923205046574,-0.14934967324939308,-0.17234036789009233
0,2.6464011657494293,2.298748080694757,0.5485924977057047,2.298748080694757,0.0,0.0,0.0,1.0,0.0,0.0,0.3044199020645483,1.8240077246816504,1.1106963605026023,-0.12614653952685007,1.208264296391337,1.456307660755689
1,-0.149982829453975,-2.3238688209983485,-2.3238688209983485,-0.3564319840999994,0.0,0.0,0.0,0.0,1.0,1.0,-0.026455360182856213,-0.6054205863492579,-0.6168024973043498,-2.1050605695489715,-0.2920584922214311,-0.012155206479365521
1,3.039286073190581,3.92424377323709,3.92424377323709,1.7398644971339259,0.0,1.0,1.0,0.0,0.0,0.0,0.43219405401168837,0.6496006221746762,1.4170568118297169,0.938926629253575,0.8788201852260387,0.8766520143099288
0,0.2048948412915771,1.3228503062288584,2.169591221589166,1.3228503062288584,0.0,0.0,0.0,1.0,0.0,0.0,-0.4861169024344322,1.0662502823557218,-1.5394347132771582,-0.2625443325891227,0.18878627401056736,-0.30579933615628097
0,2.422137417024083,2.03446657863831,1.1238909577076566,2.03446657863831,0.0,0.0,1.0,1.0,0.0,0.0,1.0517699156554552,0.5421755661676391,0.7617423190715914,0.23147286129402583,0.774285318217453,1.1317702803455236
1,4.991667247240107,4.362044471582054,4.362044471582054,5.484388136852436,1.0,0.0,1.0,0.0,0.0,1.0,0.4215355671462143,0.6411992753711425,0.078252438485782,1.4044215739084742,-1.373935146855505,1.5527788491132608
1,6.673323403458327,3.716752293957434,3.716752293957434,7.744281155211026,1.0,0.0,1.0,0.0,0.0,0.0,0.8336182843547353,1.1376003495282925,-0.689135627547079,1.4082039079274589,0.8167311392574894,0.17103610423272242
0,1.625342455952426,1.238016517701813,1.6716989545175491,1.238016517701813,0.0,1.0,1.0,1.0,0.0,1.0,-0.5195510193571562,0.5017761369909558,-0.4264191018348348,-1.1074991664239353,-0.36242277518149635,1.0433529370643018
1,3.536261613335774,-0.0537733709523468,-0.0537733709523468,0.24734024073871508,0.0,0.0,1.0,1.0,0.0,0.0,0.8513997733221066,-0.9601654669582897,0.9281261505365495,0.8639347323056329,1.2451501408900063,1.1653972947295428
1,1.737967529641154,1.0178597170601988,1.0178597170601988,3.4922009524395907,1.0,0.0,0.0,0.0,0.0,0.0,0.832763968532692,-0.19086445786104744,0.003101752984856876,-2.0806255172697807,-0.8423516893469045,0.3369153943133223
1,6.394769453188275,3.0954559467644254,3.0954559467644254,5.409309784316234,1.0,1.0,1.0,0.0,0.0,0.0,0.5827926593487844,0.6750960696907837,0.25613285553166687,2.709255269061724,-0.001071183060679104,1.1686645735728411
1,-0.09725616158046768,-1.0311385740285561,-1.0311385740285561,1.2752734447982976,0.0,0.0,0.0,1.0,0.0,0.0,0.3385772111248095,-0.32568811873684633,1.272632833245833,0.9964866105746433,0.6690235413804161,-0.9532387822405255
1,5.674485640326799,2.5903469138976263,2.5903469138976263,5.581758965732734,0.0,0.0,0.0,0.0,1.0,1.0,1.45874894132595,1.9305235739056246,1.7601338629955405,3.4501769440056567,2.2204292375903165,2.8928380955517214
1,4.835635368273773,4.4222217595380195,4.4222217595380195,5.227060262119468,0.0,1.0,0.0,0.0,0.0,0.0,-0.4025342319309705,2.5870912846317315,-0.11004510382042565,-0.10623310481411441,-0.46582954421623124,2.0076051058705255
1,5.990736498636455,1.410264931476265,1.410264931476265,4.4769424314771085,1.0,0.0,0.0,1.0,0.0,1.0,0.2663405270941509,1.67371276580681,2.2858392891008634,1.3094956639243494,1.1552285606535393,0.7534387728320829
0,1.6229594752889815,4.679228244700288,1.6221621947029263,4.679228244700288,1.0,1.0,0.0,0.0,1.0,0.0,-0.30921791861146886,0.18012597366891148,0.8599491974049338,0.07262316097034055,0.4440908751972815,1.469437255887946
0,1.6123870553880688,0.5204514648010661,0.9068077612372003,0.5204514648010661,0.0,1.0,0.0,1.0,1.0,0.0,-0.6123915457009197,-0.27166736342039244,-0.06443152383644213,1.6169303955656975,-0.031255101923715944,1.492211019499218
1,5.222004992128711,3.107742255998563,3.107742255998563,6.179717811411999,0.0,1.0,1.0,1.0,0.0,0.0,1.1180615089159565,1.2256846819918294,0.28838649047366655,0.7932936725774002,0.7873866056908732,1.3567813509392668
1,9.990583795633697,6.686247897056199,6.686247897056199,9.107009121878933,1.0,0.0,0.0,1.0,0.0,0.0,2.434415597706799,3.0656737137296712,1.7785107869860932,0.7647256940887446,1.9367398997259604,2.3584096647962314
0,-1.2297888061177251,2.5846568633777047,-0.0669411460937418,2.5846568633777047,0.0,0.0,1.0,1.0,0.0,1.0,0.562444091192166,-2.2043421370797884,-1.3211884010243513,1.6571603210520434,-0.6010422339090711,1.7372387417875894
1,3.3035106736250412,0.8844309381899746,0.8844309381899746,2.945286093386984,0.0,1.0,0.0,1.0,1.0,1.0,0.224204993132126,0.9845372438713614,1.4524046659643142,-0.31407800811359654,1.4702411892690999,1.3346881977930707
0,-2.192854464282274,1.0714875779894413,-2.7643590883833045,1.0714875779894413,1.0,0.0,0.0,0.0,0.0,0.0,-0.8395311315237057,-0.5424481877573946,-0.2644558719183011,-0.7781885537409885,-1.1278097878873954,-0.1079635487196291
