1,5.924749936420504,3.530480620875028,3.530480620875028,5.136582924280996,0.0,1.0,0.0,0.0,0.0,0.0,1.0159984356786642,0.7392679498512309,-1.143957454562904,1.4038651892328053,1.9344940131350135,1.1255182304751665
1,1.6233365924194973,0.990809080965763,0.990809080965763,3.5491702132308944,0.0,0.0,0.0,1.0,1.0,0.0,0.8585987694108393,-1.3073227880306546,-0.4327114401889651,-0.6301058037213243,0.9050505247630366,1.5743697845639242
1,1.7977356762000518,1.5184667896276536,1.5184667896276536,2.198746029988318,0.0,0.0,1.0,1.0,0.0,0.0,-0.06264965147078494,-0.43362499402032784,-0.15336853882201829,1.2550756837097488,2.1454572224869466,2.3106384211534783
0,5.842323859122903,5.542568139514602,4.217731130007236,5.542568139514602,1.0,0.0,1.0,0.0,0.0,0.0,1.5424098621213174,2.059589661548539,1.0826686497973634,0.7580103299469073,1.408539221111124,0.3994030495328704
1,1.0991158118894202,2.0988572743801237,2.0988572743801237,0.7063394322073091,0.0,0.0,1.0,0.0,0.0,0.0,-0.16444282843659597,0.07933052879432989,-1.18115912996661,-0.9571501486459053,0.05862552940811139,0.18479835692820745
0,1.0563032531044012,3.0819511359231346,2.4296280865178597,3.0819511359231346,1.0,0.0,1.0,0.0,0.0,0.0,-0.7208808908691282,-0.6657833046003281,-1.4433307703669518,1.222355125796625,-0.44636497807174713,1.24139959087696
0,2.694176039919179,2.8711139464896904,1.8218010516615157,2.8711139464896904,0.0,0.0,0.0,0.0,0.0,0.0,-0.7221171984442416,2.1034854376880063,1.1459217437326044,0.3416990497642154,1.0392193068162543,2.6705870775863003
0,0.7473649298928945,4.293178144029202,0.6930575799884306,4.293178144029202,0.0,0.0,1.0,0.0,1.0,1.0,0.5537014475773973,0.174825121898306,-0.3364945660469888,-1.5125402730962128,0.25475547892712413,-0.9834576291980643
0,-0.1300015077664375,2.00727287894231,0.3750613937912048,2.00727287894231,0.0,0.0,0.0,0.0,1.0,0.0,0.15356650451247428,0.9696750724942941,1.6429402234387278,-0.6356190845334173,-0.8406902377532857,0.6168101211390252
1,6.857824678441936,2.61878187465144,2.61878187465144,3.752173489889004,1.0,1.0,0.0,1.0,1.0,0.0,0.5984867896587756,0.44684648183264075,-0.09206773698312698,1.953481755544316,2.334656578219965,-0.060633612835846895
1,4.393369095226801,1.7092483327743004,1.7092483327743004,4.006100963061681,1.0,0.0,1.0,1.0,0.0,1.0,1.2914080638941927,-0.9975681106991803,0.6617605039750053,0.015227961285498193,0.7387912542918136,1.8960170205177622
1,3.357642058106075,0.21713152559879645,0.21713152559879645,4.0411843200854385,0.0,0.0,0.0,0.0,1.0,0.0,1.3582333705404515,0.9314024038011071,1.9921024554389586,0.10909809874670207,2.177426459198344,2.260305761153435
1,11.623340593171768,5.585522646899804,5.585522646899804,10.716299804940864,1.0,0.0,0.0,1.0,1.0,1.0,2.8204872128368628,3.012745937066656,0.2702224708723854,0.4507759342311789,0.008399270825185878,0.49514722854312665
1,-0.9108920734982056,-1.3898040775132077,-1.3898040775132077,-1.1543199559964752,0.0,0.0,1.0,0.0,1.0,0.0,0.17506922551890158,-0.6431121929222245,1.979850421518292,-0.7081994020649809,0.527687717421516,1.2835302440114986
1,5.843943339505616,3.875114012856465,3.875114012856465,6.346114625762404,1.0,0.0,1.0,0.0,0.0,0.0,0.9155309853629445,1.998831735314182,0.3218972163297147,1.583598893781065,-0.3783055046645514,-0.9467139217293927
0,2.3439019134033092,4.565692812909086,0.929566100224604,4.565692812909086,0.0,0.0,0.0,0.0,0.0,1.0,0.6724218757557726,0.27479994836828975,-1.3044919790345886,0.1766467432062528,0.2451983795222753,0.6755978276096619
0,2.1846102240862697,3.89543157968564,1.0030690148455839,3.89543157968564,0.0,1.0,1.0,0.0,0.0,0.0,0.2850918191182754,1.4923448241717348,0.20452102225969226,-1.4563278376360902,-1.7497863944509873,2.2210763539399263
1,3.980781109944209,0.9072331600654155,0.9072331600654155,3.396195606316819,0.0,1.0,1.0,1.0,0.0,0.0,1.0252666584349792,0.8428900361616487,1.7706473402357288,1.1550269655512009,-0.08493163178553198,1.7208117499471
1,5.923708201638733,3.856218636044548,3.856218636044548,5.403352744891738,1.0,0.0,1.0,1.0,0.0,1.0,1.4324357964346346,1.0088669733413715,1.4282307399076282,1.352553898992507,0.7181981953226084,0.8425899365095798
1,2.408945843887631,2.880688142465249,2.880688142465249,4.319216146351286,1.0,0.0,0.0,0.0,0.0,1.0,1.4291006947545806,0.9455406015981654,1.8522468124766558,1.8126429803875306,0.4060781310119109,3.4293426975585772
1,8.235164852453568,5.710193254880158,5.710193254880158,7.814203772033621,1.0,1.0,1.0,0.0,0.0,1.0,1.3338102908419875,0.8381431268233102,-0.06933107871177202,0.8966937004437114,1.6125361353454086,0.027416171798016364
0,2.3120349864981686,6.633247778064994,3.8046463970180184,6.633247778064994,0.0,0.0,1.0,0.0,0.0,1.0,1.911012789084468,1.7865565505998093,1.9149106845307293,1.014012756570875,2.394273313687933,1.1056117857877414
0,3.6089790009723686,7.366531954767878,4.198825673983196,7.366531954767878,0.0,0.0,1.0,0.0,1.0,0.0,2.0848154946204787,1.6299521265126369,1.740635239111156,1.6828611497828883,2.9510063281083014,0.45785677081974674
0,1.4457680591586972,2.820782816957583,2.388828707628618,2.820782816957583,0.0,1.0,1.0,1.0,0.0,0.0,0.02861540063440715,0.16235067567303785,0.9444146189010912,-0.1165808883178654,1.2038110181263861,1.8740262097924436
0,4.570152892838711,5.523849144113077,3.281667923058816,5.523849144113077,1.0,1.0,0.0,0.0,1.0,1.0,0.16785344936885355,0.7902969512282725,-1.0877921467840734,-0.5561399942919345,1.2663070640918295,1.5343385019138767
1,4.7470787781924875,3.9767109990879144,3.9767109990879144,4.942145943797096,0.0,1.0,0.0,1.0,0.0,1.0,1.2268783186919392,0.7398273968178739,1.0181749089092342,-0.07891798963288021,1.0071100429161919,1.9207628734517415
1,4.735825421134294,1.6183793272745355,1.6183793272745355,3.7018912897639633,1.0,1.0,1.0,0.0,1.0,1.0,0.8011055705600214,-2.558585800582423,-0.7302733948532576,-0.4891055043179846,1.144391108839738,-0.6022193090115906
1,3.0673774011534616,2.1835226608283937,2.1835226608283937,4.231552947626929,0.0,0.0,0.0,1.0,0.0,1.0,0.6119751860386572,1.2797908026787184,1.1000074548234884,1.2916158971181955,0.46864839198075425,1.7107174114605974
0,4.438337769581588,5.569601730845901,2.793034083028515,5.569601730845901,0.0,1.0,0.0,0.0,0.0,1.0,1.633034275444976,0.2505287766898884,-0.4558399436347036,0.6957422442598735,0.3802699929684179,1.3526243114364833
1,3.6373751397446843,2.1554508052793135,2.1554508052793135,3.483698000113641,0.0,1.0,0.0,0.0,0.0,0.0,0.6078488911530024,0.8118380249034047,-0.139629016623255,0.6778313195657197,0.6647594716608781,2.696806285137042
0,1.4498204952722482,1.3578590444620355,-1.0237066862001751,1.3578590444620355,0.0,0.0,0.0,0.0,1.0,0.0,-0.6029576810983182,0.5764632791000842,0.261106302317169,0.7506559304879035,1.7603209331558358,0.49241458913346203
1,7.604412845738334,5.277301283986139,5.277301283986139,6.412021828900063,1.0,0.0,1.0,0.0,1.0,1.0,1.7728966977521503,1.061223593196576,-1.279441060617705,0.15152136680513528,-0.16050032546255122,-0.09163591311534502
1,3.535300545968531,1.4605966113218276,1.4605966113218276,3.9980798063440695,1.0,1.0,0.0,0.0,1.0,0.0,-0.15681302279147213,0.2587269954055637,-0.7021811945112413,-0.9923611410362885,-0.1650304335373205,1.5037252428361607
1,7.545038498977643,4.303632066547638,4.303632066547638,7.43149082469821,1.0,1.0,1.0,1.0,1.0,0.0,-0.3593264590279318,2.27368249719074,0.6411251827514064,0.3270514100701828,0.18602513145946808,2.5124871017182406
1,5.565696651777796,3.1542755551729496,3.1542755551729496,5.445898486326329,0.0,1.0,1.0,0.0,0.0,1.0,2.3007810035374914,-0.08818773937870561,0.7435355773965326,0.7073286744083563,2.7978504804471704,1.8438390357152268
1,6.100887094721922,4.20187762214343,4.20187762214343,4.166855470166357,1.0,0.0,0.0,0.0,0.0,1.0,1.4924081462501584,0.2915381963008729,-1.2128606615889521,0.21155106816302732,0.4805259020355449,0.6306293164681522
1,2.2748645285974343,1.5107188822834412,1.5107188822834412,2.203872697880879,1.0,0.0,1.0,0.0,0.0,0.0,-0.9220758510789846,-0.6307770135494235,-1.2898527936548247,0.45518884009129923,-0.7309798460006762,0.29872708057202957
0,-0.6927370145791725,2.755339350171321,1.311061971085849,2.755339350171321,0.0,0.0,0.0,1.0,1.0,0.0,-0.2252961979433582,0.21015416540858756,-0.7481940362906911,-0.14091118881862486,0.6570553170726953,-0.6303525803410315
1,5.732155940906498,2.5554503487804467,2.5554503487804467,4.950129301795158,0.0,1.0,0.0,1.0,1.0,0.0,1.15867035311518,1.0101023481575095,2.4856218709181173,1.5382293388457449,2.063104128777879,1.626912752789826
0,0.14572439585833954,2.136445492466176,-0.01674424172513421,2.136445492466176,1.0,0.0,0.0,0.0,0.0,0.0,-0.44207582961449254,-1.3195930096608675,-0.9507997392567618,0.14314656277984572,0.5596169484011768,0.10205471959185397
0,2.0192093963716182,3.1135938952625857,2.3370754258638753,3.1135938952625857,0.0,0.0,0.0,0.0,0.0,0.0,0.1686695383229525,1.2906925577418973,1.304135400503319,1.379029610840463,0.5625438473030863,1.2805260071739353
0,2.716439326003636,5.1426685530874545,4.634908086829185,5.1426685530874545,1.0,1.0,0.0,0.0,1.0,1.0,1.5398765129405105,0.3901193652397944,0.8265517089812645,0.21749635276268586,-0.01576833669341049,0.46585729677259013
1,0.9963331197691486,1.2253243098758049,1.2253243098758049,1.9134325079757708,1.0,0.0,1.0,0.0,0.0,0.0,-0.8227375314659184,0.13141390347958443,0.8712297127146922,0.6270754120692552,0.8221309459665295,0.7623430690433834
1,5.437324308493341,5.600743068090843,5.600743068090843,6.650618042307207,1.0,1.0,0.0,1.0,0.0,0.0,0.5850237293544359,2.3384680756725946,1.0709075930370782,0.522940299450442,2.222595980062305,2.017572712496411
1,1.9912199860348994,1.3671249440984605,1.3671249440984605,2.001827142493611,0.0,1.0,1.0,0.0,0.0,1.0,-0.8962530253371106,1.290819970419355,-0.385841650153246,-1.6494242498910543,0.5319280772688976,-1.0495746720604426
1,0.2577902827774819,0.11822521634651362,0.11822521634651362,0.34745839064383666,0.0,0.0,0.0,0.0,1.0,1.0,-0.8559878088991433,0.012496423946319557,0.6947948769539799,0.9150082422233959,0.7814000582750618,1.3497504866661478
0,2.101086205554837,4.563349447711031,0.46201081708915215,4.563349447711031,1.0,1.0,1.0,0.0,0.0,0.0,0.6716755327951639,-0.8994274634819668,-0.30901327900258824,0.2512918756365885,1.5967837531738154,0.2003312836966067
0,1.3643028544098343,2.7158329604355393,5.243505754124383,2.7158329604355393,1.0,1.0,0.0,0.0,1.0,1.0,-0.4258147046802868,-0.28577456784385113,-1.1938609468138535,0.4113333122219456,1.0547664155763012,-0.8041570502749282
0,2.784373162655361,3.5390577763385607,3.463718017811253,3.5390577763385607,0.0,0.0,0.0,0.0,0.0,0.0,0.7758989885551053,0.11345680315932855,-2.239993710224817,1.918343599672613,1.3277542736737296,0.8948273492054578
0,3.544596524720268,4.166418265567711,3.4416766103089094,4.166418265567711,0.0,0.0,1.0,0.0,1.0,0.0,0.12048390959323269,1.6272029966256831,-0.49898562046594486,0.236818538730802,1.9468142558395032,3.0216592031614184
1,4.966073634889744,2.70714623617574,2.70714623617574,4.805435963168752,0.0,0.0,1.0,0.0,0.0,0.0,1.592314029191085,1.0333526337910004,1.6521737601073552,2.218805579570489,2.2784726812907605,1.478149178438402
0,0.6302728368883734,3.1451292670182083,2.006515957313142,3.1451292670182083,0.0,1.0,0.0,1.0,0.0,0.0,0.7069336002260411,0.1846040214018943,0.5260499111666098,-0.4754588722299219,0.7517662089758488,1.3348133793107233
1,8.301535179349543,3.3399983279301333,3.3399983279301333,6.160833124998493,0.0,0.0,1.0,0.0,0.0,0.0,2.421976925187184,1.4642439700469152,1.701178641041359,2.0448009614832996,3.205372478299879,1.7474026814083559
0,0.8567273869224985,1.9705901948337416,1.1506872464739422,1.9705901948337416,0.0,0.0,0.0,0.0,0.0,0.0,1.115694284154917,1.0316205717980877,-0.5587030089946501,-0.22985389144224144,0.1984957103212881,0.20060341733258313
1,6.837085847485708,5.039212687457566,5.039212687457566,6.967528657398448,1.0,1.0,1.0,0.0,1.0,1.0,0.4659021486097411,0.8065920057011716,-0.12282418153533192,0.5523638075062627,2.4487176448119428,1.0381012649361743
1,1.3288250256090453,1.923368017883421,1.923368017883421,2.2837422642098466,0.0,0.0,1.0,0.0,0.0,1.0,-0.46452806995742213,1.7394610800908514,0.0019168288085173457,-0.9466145471472744,0.05437104181166785,-0.004205953803010809
1,4.313513800060786,2.9848179935087193,2.9848179935087193,3.4131028479273033,1.0,1.0,0.0,0.0,0.0,1.0,0.9000987897435242,-1.1259745757480923,-0.04319138150997348,0.9492103270769084,1.134924997085284,0.47571867867271667
0,2.063371817269032,5.318994733484536,-1.039172592507962,5.318994733484536,0.0,1.0,1.0,1.0,1.0,1.0,-0.7623705334762028,-1.6158084208247514,-1.3080804757245925,0.2373344395449427,0.9293558673442377,0.21570960637775338
1,6.18830470425099,3.9554829779877845,3.9554829779877845,6.459652011650999,0.0,0.0,0.0,1.0,0.0,1.0,2.0058037062272467,1.9147169725913162,0.19595407718782848,0.6111533457089238,1.4862026231238668,1.8274032849397441
0,0.4972781056331197,-1.862140680626133,-0.9894671321583934,-1.862140680626133,0.0,1.0,1.0,0.0,1.0,0.0,-1.313819810430322,-1.1769776942986914,-1.3978512368450962,-1.4402193203811409,0.4784476611091082,-0.8384751394839156
1,4.12809367231909,0.9018287164803012,0.9018287164803012,2.6668292905634,1.0,1.0,1.0,0.0,0.0,0.0,-0.8494008883541355,0.03913612671484179,0.9055606799563468,0.5374982754176898,-0.018248117188644386,1.4946672260247542
0,2.4563678739507417,3.7057756020898727,4.563731523685603,3.7057756020898727,0.0,0.0,0.0,1.0,0.0,0.0,0.7131562686281159,2.109742597604311,2.043533581511935,2.7135157472751383,2.0126764575347114,1.642073924999901
1,3.882175312674198,1.619490237948439,1.619490237948439,1.1812032887686958,0.0,0.0,1.0,0.0,1.0,0.0,0.8126882750526967,-0.45231964934386815,-0.2502818714693489,0.8647614600157578,1.5781604366844708,1.007061747604529
1,1.6941797752770729,1.5388517387404055,1.5388517387404055,4.74195310183032,0.0,1.0,1.0,1.0,1.0,0.0,0.31187697485029164,0.14757467471712837,1.2011501741187325,1.0818983506119368,1.5673146915770266,1.8655816119838469
0,3.833414385057922,5.070502361175021,2.929764329604179,5.070502361175021,0.0,1.0,0.0,0.0,0.0,1.0,0.900269936499162,1.900562275826425,0.2525263280525726,0.019373524978527012,1.4692371397342627,1.4340237294957152
1,1.0152859092755366,1.9903936485442268,1.9903936485442268,3.8699337430359164,0.0,0.0,0.0,0.0,1.0,0.0,0.2517943442298551,-0.09646185400696539,0.03988918067284164,0.6474824855850625,0.9307045770339422,2.0873453350662627
1,4.9571016533476255,4.942250821999825,4.942250821999825,5.166074383657063,1.0,1.0,0.0,1.0,0.0,0.0,1.4177809540602273,0.710063712245343,0.017732909910055605,-1.0812724720667897,-0.5063726440078651,0.8775131913435928
0,-0.5138239352003401,-1.294519238354264,0.3015510684684597,-1.294519238354264,0.0,0.0,0.0,0.0,1.0,0.0,-1.860295917313889,0.22930917187064825,-0.823668258155186,-0.0032845460745833943,-0.5627438862913836,0.677037669779937
1,-1.9898507621201367,-2.988268291778133,-2.988268291778133,-1.5515198691017538,0.0,0.0,1.0,1.0,1.0,0.0,-1.655036439402363,-0.6075527674675474,1.3188595613299579,0.639475470486298,1.4686939152202358,-1.0163393119794688
1,3.8186335765647863,2.0900600366851427,2.0900600366851427,1.9317693031962504,0.0,0.0,0.0,0.0,1.0,0.0,1.4005141287231673,0.8507475040397263,0.26994120947466027,0.17062705341536216,1.085044283478008,0.678643101030244
1,4.463880546134932,2.2508172933368527,2.2508172933368527,4.91071750216543,0.0,0.0,0.0,0.0,0.0,0.0,0.533982371285192,2.344734182293058,1.0867525486509004,1.908483652722773,1.1636585217815494,1.30631431222149
1,5.178875096296432,2.9608690870922576,2.9608690870922576,6.260740988747713,0.0,1.0,1.0,0.0,0.0,0.0,1.3436123268913471,0.9278035199729564,1.0336731802173542,1.7930286277502296,2.046631051707241,1.4701649980956861
0,1.9434839305984628,3.200037813144829,3.084796492653282,3.200037813144829,0.0,1.0,0.0,0.0,0.0,0.0,0.0665090365698165,1.1035135544344779,0.40496667559263383,-0.6204728479745154,-0.30393514119020826,1.9904365789842806
1,2.2696668530984927,0.8498011707099993,0.8498011707099993,0.5253954243533481,0.0,1.0,0.0,0.0,0.0,0.0,0.08191960046985014,0.46648305781422206,-0.08304622398928707,0.7239324438111737,1.1565167701613874,-0.8190570220483668
1,2.3277597840964184,2.3263130137691914,2.3263130137691914,3.2541459278236045,0.0,1.0,0.0,1.0,1.0,0.0,1.0003996698379463,-0.48478629373143023,0.6021305022586041,1.6516660601259014,0.20356915097657513,1.139152419195206
1,1.2185266453357566,2.797974672873731,2.797974672873731,3.5173970375964076,0.0,0.0,0.0,0.0,0.0,0.0,0.5920323166690227,0.5900641199001098,0.11847212432647425,1.8521560998717796,1.469508678299992,2.2607534296556375
0,1.1523023468543392,3.4012657677284297,0.5138036668510333,3.4012657677284297,1.0,1.0,0.0,0.0,0.0,1.0,0.5104032690634267,-1.4130855008711503,0.07860124198078472,-0.43788020925934257,2.930255629004242,0.6318325998615314
1,5.171872808659216,5.099022850670159,5.099022850670159,6.462345756307036,1.0,1.0,0.0,0.0,0.0,0.0,0.7168075615468279,1.410258147023883,1.1984038309037675,1.6640350505498291,1.1265142247449447,2.341686675218544
1,7.757772966980383,5.388402268860633,5.388402268860633,7.073602257691017,1.0,1.0,1.0,0.0,1.0,1.0,1.6598024734075636,2.022614543566769,1.5727391654808565,0.6937973228194418,1.3964113017151691,1.631953686041826
1,4.74315098653913,3.0647208574340277,3.0647208574340277,5.63781564487559,1.0,1.0,0.0,0.0,0.0,0.0,0.5101559810187186,0.7493677305801084,-0.7328712443693863,0.704484068669861,-0.20862035700521764,0.2374259576484543
1,2.6734186603306966,-0.3925705383095401,-0.3925705383095401,1.2351010383289525,0.0,0.0,0.0,0.0,0.0,0.0,-0.8158434313390359,0.08458705699700914,-1.3986641363886578,0.4214238961834977,0.8997830144554977,1.9147357051327707
0,2.8331003363308724,3.513252309432782,5.803041768768234,3.513252309432782,0.0,1.0,1.0,1.0,0.0,0.0,1.050380068076283,1.2043344299072978,1.9796367317982533,2.2513113409476087,1.6736592954773502,1.9977125550274588
1,0.9689184162028768,0.7503997510245922,0.7503997510245922,1.8860021977359467,1.0,1.0,0.0,1.0,0.0,0.0,-1.7148060048192684,-0.2094680488224253,-1.16471255977796,-0.2573581177709431,-1.5036481204340486,-1.033287685520179
0,0.2662761414686001,0.8812121972059228,1.4829035546066505,0.8812121972059228,0.0,0.0,0.0,0.0,0.0,0.0,-0.2836979217170268,0.679693128505044,0.648008820797435,1.886557734696501,2.4403169953732413,0.3844009208725008
1,4.598993830403966,5.313720670116889,5.313720670116889,5.698241444418147,1.0,1.0,1.0,0.0,0.0,0.0,1.4146216526941562,0.7638633007233084,1.499932374880446,2.729711554172875,2.470689769787327,2.5887147020626387
0,0.6691059575149767,2.8948757563404537,2.1938915857128833,2.8948757563404537,0.0,0.0,1.0,1.0,0.0,0.0,1.4721715812194238,-0.8127411001540588,-0.487241674857797,-1.0189973444674163,1.1866006584357978,1.2885881043544387
1,2.0282556855967124,0.3297205966108462,0.3297205966108462,3.408140756704541,0.0,0.0,1.0,1.0,0.0,0.0,0.7028139165682544,-0.5814893428550738,-0.21126376007343062,0.04376135807941378,1.8886552998354407,1.1376377194790648
1,4.9387378508880975,4.299337044004482,4.299337044004482,7.448665140028061,1.0,0.0,0.0,0.0,0.0,0.0,1.2874287500495618,2.2842178714867227,2.421718759098465,0.6986633624502652,1.8238238037356007,1.8627635417314696
0,3.576806315126382,4.979364135074808,5.296523125960453,4.979364135074808,0.0,0.0,1.0,1.0,0.0,0.0,0.6092614495987985,2.494365333941551,0.8877368758378671,1.2186005488105653,1.6818335702781289,1.5671430184946444
1,0.8068771056113642,-1.3671106345249293,-1.3671106345249293,0.9238171368776824,0.0,1.0,0.0,1.0,1.0,0.0,-0.027478119315108906,-0.32797959677031463,0.339640179605749,0.37506343299964107,-0.21792171359598367,0.22900458998857287
0,-1.637965467623307,-1.0759515803613415,-1.6806127219762916,-1.0759515803613415,0.0,0.0,0.0,1.0,1.0,1.0,-1.1413272552258324,-0.8264230096182454,-0.27699248178142866,0.3010252825893317,0.4565057458684778,0.9047844067091441
1,4.206127817023426,3.1183846967288313,3.1183846967288313,6.15415789680208,0.0,0.0,1.0,0.0,0.0,0.0,2.0171638941574894,0.9495357603692938,1.0088360317851908,0.7307685631029236,0.9663894075904488,2.423344899103931
0,1.2698947114816876,3.183243120729,1.3147499495898087,3.183243120729,1.0,1.0,1.0,0.0,0.0,0.0,-0.9897749804650942,0.5425830504660798,1.0182956505005145,0.10258451918437195,-0.17746727753299174,0.8231857382428801
1,2.7278113937598887,2.693095477851202,2.693095477851202,3.4429273641968785,0.0,0.0,1.0,0.0,0.0,0.0,0.7143281347231216,2.092784049215794,1.7064558741411384,0.04628408392734623,2.400300250354203,2.753876014266151
1,7.0225782865859845,1.619660649159452,1.619660649159452,8.358534268787032,1.0,1.0,0.0,0.0,0.0,1.0,0.7606782538415578,1.3433823263021256,2.025461408044502,1.1552781763113686,2.815202517360858,2.4677972454275716
0,3.5672377143145235,5.404085937277269,1.0619734921200075,5.404085937277269,0.0,0.0,0.0,1.0,0.0,0.0,1.9652291953936514,1.6424476631273264,1.4503261478789486,0.9887052383399559,2.476878919271431,0.9226771064218244
1,3.190821780175643,1.2117483701399463,1.2117483701399463,1.7418449042547106,0.0,1.0,1.0,0.0,1.0,1.0,0.6933639560014411,-0.04457885869556799,0.31527880778866724,0.10618740324687542,0.1957906069704336,-1.4145068514278512
1,-2.346759632375304,-2.7731506909969186,-2.7731506909969186,-1.4041015843093352,0.0,0.0,0.0,1.0,0.0,1.0,-1.0682744065004612,-0.7382423478198732,1.3278297954586806,-0.05810777895349695,0.5851968493918894,0.6326908133223615
0,2.796208196377402,3.0486901022960966,2.735511694946613,3.0486901022960966,1.0,1.0,0.0,0.0,0.0,0.0,-0.022455492136800426,1.693210408765484,0.7624084927495279,0.857034885105877,0.11850274115762827,2.3673170060921978
1,5.006669830435633,4.507613735954192,4.507613735954192,5.096236865497885,0.0,0.0,1.0,0.0,0.0,1.0,2.261768434438027,1.0604698638560341,2.362274598842759,0.962285485343939,0.7900210939947803,1.3881579202101362
0,-0.6163478270192645,3.2870751942230463,0.014909953601408121,3.2870751942230463,1.0,0.0,0.0,0.0,0.0,0.0,-1.1112140989848727,0.6727526675364917,-0.4222439441659527,0.6012856756786483,0.4946224873647591,0.049355454151907674
0,2.618803320118148,5.974665434440416,4.089444346491902,5.974665434440416,0.0,1.0,0.0,0.0,0.0,0.0,1.7306351322133386,1.5887556376014267,1.3968559834326273,-0.7066749080216512,2.810510608013827,2.26775273391597
1,5.565628436648185,3.8394514360948353,3.8394514360948353,4.535349734159432,0.0,0.0,0.0,0.0,0.0,1.0,1.4303480860624025,2.3072078778709595,1.3518116543994725,1.0825494824368356,0.7726527842160275,1.2821021596990854
1,2.5860538812664653,0.3825211617843931,0.3825211617843931,1.998798691473945,1.0,0.0,0.0,1.0,1.0,0.0,-0.31626129666262337,-0.4324298037750214,-0.2941345949932892,0.8045231486439202,1.0903923823858657,-0.6129966920122025
1,4.17764352917504,3.0694001664753303,3.0694001664753303,4.46586386728398,0.0,1.0,0.0,1.0,0.0,0.0,0.41413508338486715,0.9422377752344703,0.2962771949419527,-0.41622234779012346,1.4353311842201215,2.396384768339098
0,2.9655078156345938,5.200951631862503,2.9775875597709667,5.200951631862503,0.0,1.0,0.0,0.0,1.0,1.0,1.3249767296613686,0.7290107410413738,2.299817405462788,1.1285978657326448,3.9854449353419756,1.7734035130701291
0,0.5236739328967297,2.8097014156870923,-1.8420605496383817,2.8097014156870923,0.0,1.0,1.0,0.0,0.0,0.0,-0.967668892377155,0.93499836412656,0.24525758070484616,-0.1432363400353307,0.5846333450267418,0.43128385033784633
1,4.047164563694919,2.4773690630119076,2.4773690630119076,3.9231660616346,1.0,1.0,0.0,0.0,1.0,0.0,0.3065881366735229,-0.5879143705449119,0.3640047770247978,0.5141407951982757,2.1960785429520637,1.463654027280447
1,4.5554661345889365,1.8799899779526088,1.8799899779526088,3.0628712624548315,0.0,0.0,0.0,0.0,0.0,0.0,0.6427399054043756,1.196646457534176,-0.9384478228981477,0.33283748240291383,0.9859884622686863,1.8127956688146236
0,0.7738625114129456,3.7071692565338488,0.7106786588977142,3.7071692565338488,1.0,1.0,0.0,1.0,0.0,0.0,-0.48548036171523923,-0.2687110635763983,-0.1692578158089182,-1.4689197570647992,-0.5159319840738339,-1.0511496814805614
1,5.7766075845500255,3.942626197679715,3.942626197679715,6.662677804088309,1.0,0.0,0.0,0.0,1.0,0.0,1.2009755766725356,1.4074793927430262,0.200489787513706,1.2431552124051524,-0.26239653287744713,2.1471866855134385
1,3.7651447268404663,2.5717140042663598,2.5717140042663598,6.0963055993566115,1.0,1.0,0.0,0.0,0.0,0.0,0.7946069249327274,0.1807775072666737,-1.0641263058442347,-0.2238129452278279,0.9200918810292039,0.48228244515676255
0,2.452848624032043,2.5138045239104647,1.6594701253308617,2.5138045239104647,1.0,1.0,1.0,0.0,0.0,0.0,-0.5155666406762713,-0.547234939921301,-1.418708246860775,0.46113057746491215,-0.47678549432649686,1.2278488706982111
1,1.6457699881088357,0.848690862174412,0.848690862174412,3.19651748263958,0.0,0.0,1.0,0.0,1.0,0.0,1.1336653595696935,-0.6611507484687777,1.5903043555421492,0.8244622182119353,1.1428046105034415,-0.19779269446883174
1,5.173848754059583,1.8671401257789375,1.8671401257789375,5.983573395618713,0.0,0.0,1.0,0.0,1.0,0.0,1.1443183679343758,1.4780660286149303,0.841612504894715,1.122591649793575,1.6982542078946636,0.04820606567896435
1,7.669063745609155,5.280566549771644,5.280566549771644,7.6447461903157405,1.0,1.0,1.0,1.0,0.0,1.0,1.3535902880992592,1.4036662489460954,0.8911647287528714,0.8739718887397443,0.9537964510452164,0.8896838629463772
0,2.9329579164000528,5.527340564371948,4.097552610436942,5.527340564371948,1.0,0.0,0.0,1.0,0.0,0.0,0.3917830073062742,0.22138800097059463,-0.4910519628682939,0.7862661777929378,1.9366000797692755,1.0922249584396917
1,0.8864556441096891,-0.27831354104002526,-0.27831354104002526,1.0933671980225634,0.0,0.0,1.0,0.0,1.0,0.0,-0.2137138480314048,0.45941056949468306,1.1453118817880896,-0.48844517882654237,1.0217239034866727,-0.40533061055643316
0,1.5294372584812062,4.081327780300788,0.47895577284887003,4.081327780300788,0.0,1.0,0.0,0.0,0.0,0.0,-0.9233348945963424,1.1699307001395678,-0.9641199965746523,-0.10389064929305392,0.9885415858554005,0.5834310337709976
1,7.062782800756629,3.4115673516857616,3.4115673516857616,5.866334512884839,0.0,1.0,1.0,1.0,0.0,0.0,0.7376833524856674,1.9280283297871625,-0.4458660983542988,0.008671814867106054,0.06575580530639491,1.077957204772248
1,0.773233653710741,1.1253281500480241,1.1253281500480241,4.123779857028286,0.0,0.0,1.0,0.0,1.0,0.0,0.435399187403947,-0.023898175465560945,1.2369045964136482,-0.023536228517834434,1.1489875841569126,0.3641887792941645
1,5.171320099190319,2.2200469579492834,2.2200469579492834,4.397331326220945,0.0,0.0,0.0,1.0,0.0,1.0,0.5754880450286178,1.749263734853649,1.9807709752301574,1.9894007690591953,3.659653627739062,2.3373055685951227
0,2.772123938777949,3.666444870228729,2.168372588073083,3.666444870228729,0.0,0.0,1.0,1.0,1.0,0.0,2.268092934395145,0.013823957308436219,2.0248117161574712,0.5621299642667447,1.012569441474017,0.8661552656521982
1,5.085715667318822,1.985559703036726,1.985559703036726,3.7748426333181198,0.0,0.0,0.0,1.0,0.0,1.0,0.7887918609865648,0.919167453916653,-1.3138635102557166,0.45636682046484384,0.46834345650682274,0.41249831195048015
0,1.6852138600941615,2.24658114784706,-0.029804300506909742,2.24658114784706,1.0,1.0,1.0,0.0,0.0,1.0,0.23446879408631727,-1.9992544029274222,1.0716564225019147,1.6611602499288656,0.5570185748393893,0.742016900837215
1,2.7384686792465596,1.0873237366080364,1.0873237366080364,2.3506886267524645,1.0,0.0,0.0,0.0,0.0,0.0,-0.7641467220127662,1.2078131218849915,0.5051910520120645,-0.12093831294305968,1.0424013764744415,-0.31462289547219924
1,9.845028965701312,7.290312018838305,7.290312018838305,8.18395201276716,1.0,1.0,1.0,0.0,0.0,1.0,3.6122757868034636,0.11795608478341513,2.2716625962855748,2.7594040244434725,1.4583432004911256,2.6488348316517207
1,3.09857744161139,0.3726793646195068,0.3726793646195068,2.403334835669262,0.0,0.0,1.0,0.0,0.0,1.0,0.765138512214349,0.5597812433931754,0.4481319452438325,-0.2465244000477803,2.445772276940376,1.6238342428167303
0,2.423440157007499,4.040934145847665,0.6992490890862402,4.040934145847665,0.0,0.0,0.0,0.0,0.0,0.0,1.3482429024757203,1.5208320058694542,0.5956473123453753,0.10170776244536395,0.5264194578544052,1.0041292129514654
1,2.247766570416487,1.852881086519817,1.852881086519817,0.27725197044234007,0.0,1.0,0.0,0.0,0.0,1.0,-0.29589428441532006,-0.40598354895369104,0.3653883149184525,-0.12560197432467746,-2.8380485325464226,0.3131654711016766
1,5.727059080007933,4.120417771885686,4.120417771885686,5.052341437727777,0.0,1.0,0.0,0.0,0.0,0.0,1.8366562781319464,1.4620741374479538,2.2465230367604936,1.6093448314641878,2.5025596057244144,2.293508253351524
0,-1.6234205056564237,2.17610738701402,-0.8216038620154208,2.17610738701402,1.0,0.0,0.0,0.0,0.0,0.0,-0.09197692001943802,0.2697960687716092,2.580414907786906,0.22352985328093727,1.5912928387984495,1.9928667656416428
1,5.137705196547789,3.3133357658155553,3.3133357658155553,5.249653537292539,1.0,0.0,1.0,0.0,0.0,0.0,1.1126823925552358,0.1487912842056736,-0.5228701296524099,1.5668702719425258,1.5767784161906158,1.3267858614563965
0,3.5306270543277174,6.794454040981759,1.5906054241144942,6.794454040981759,1.0,0.0,0.0,1.0,0.0,0.0,1.3410888061461388,1.3325294957711982,1.846965708005005,1.232571357923777,2.564398453524878,1.8328958646459252
0,0.3426412928341124,1.3659609140314242,1.1196631873763854,1.3659609140314242,1.0,0.0,0.0,0.0,1.0,0.0,-0.5931766524727473,0.2049389732291812,0.6218632139594881,-0.37790840643478596,-0.5543600335981194,0.41422918257644215
1,0.32093011875795885,-1.3474190792430187,-1.3474190792430187,0.19062456888513646,0.0,0.0,0.0,0.0,1.0,0.0,-0.34600813158362365,0.07439686732554596,0.4017880063512928,-0.17598040849757945,0.1276327634510137,0.3821945220876839
1,5.452704048295835,2.1984183871558707,2.1984183871558707,4.435785733206475,1.0,1.0,1.0,0.0,0.0,1.0,0.06611287893545092,-0.5424560770341591,-0.9733494315541584,0.7827069442080166,0.8548930144641593,1.1050265353100968
0,0.1619250580311412,3.93208087736285,0.09124556853962595,3.93208087736285,1.0,0.0,0.0,1.0,0.0,0.0,0.5772803532260016,-0.7855199919567117,0.4289160377315363,-0.3508828828680408,1.938273644035593,0.15248360136201056
1,2.6779076739462075,1.3991930096976835,1.3991930096976835,1.7697451576603873,0.0,0.0,0.0,1.0,0.0,1.0,1.4766924014453466,0.30963840071111826,1.1087752414404954,0.6117819671551366,2.4753942495563277,1.9072901151764134
0,-0.7631683354740199,-0.965684744154517,-0.4612614316585058,-0.965684744154517,0.0,0.0,0.0,1.0,1.0,0.0,-0.7575261144714986,0.08052363486657271,-0.145088584259788,0.8025645121433957,0.5555834173736139,-1.1433869958824756
0,1.026989431528725,2.49895519490683,-0.42752162616760553,2.49895519490683,1.0,0.0,0.0,1.0,1.0,0.0,0.36606868639316514,-0.6262620530014424,1.1820837626111427,0.18333108043578494,0.09677779288491972,-0.3864203042120389
1,3.7233633355067175,2.76717861934826,2.76717861934826,2.892760623292027,1.0,0.0,1.0,0.0,0.0,0.0,0.0399305308890916,0.8281995071088193,2.1045040326963464,0.5753210529070061,1.3345238135529618,1.5040973306504948
1,2.8449474075112393,0.572629568728185,0.572629568728185,3.126189728337056,0.0,1.0,1.0,0.0,0.0,0.0,-1.0654242703166195,1.2724836465601865,0.42568155686518294,0.39623784676729246,-0.25847047544877966,1.6487255243086034
0,2.155538980606202,0.7522814339064933,1.047299631511546,0.7522814339064933,0.0,0.0,0.0,0.0,0.0,0.0,-0.31127233294638923,0.26544923785347785,-1.0353526691851536,-0.5184026355773579,0.48864907906220734,0.13869008070829125
1,5.875440919579841,3.968586638955463,3.968586638955463,5.263664905793176,1.0,0.0,1.0,1.0,1.0,0.0,0.6333385789082112,2.217148237828493,1.85129653474845,1.7748760365450589,1.2951846256305135,0.9960307369875263
1,-0.7788731391744504,-0.20317358577633882,-0.20317358577633882,0.09437420880023956,0.0,0.0,1.0,1.0,1.0,1.0,-1.1467756373795006,-0.336981269401607,0.5265773042494406,-1.2565352202901776,0.6470200507777253,0.5430403382036166
1,5.041658134113396,3.341157932390544,3.341157932390544,4.206637903631229,1.0,0.0,0.0,0.0,0.0,1.0,0.9432033434586159,1.2752913111489457,-0.42301301980965433,1.3883601882930983,-0.4000910034107388,1.2313699828554665
1,3.3784064295868905,1.6935910716874447,1.6935910716874447,3.561859480545451,0.0,1.0,0.0,0.0,1.0,1.0,0.9719278602802635,0.1917834752973252,0.2638844137025902,-0.2362253065284935,0.34739331418832564,1.6729225570999793
1,7.963901436572599,5.77477370526371,5.77477370526371,7.266543213567809,1.0,0.0,0.0,0.0,0.0,0.0,2.7614388465520885,1.101533443755892,0.8489628959158098,2.065881220671731,3.719739336532793,2.8616788066311227
0,0.013536405090909032,3.8524265275389884,4.346365770876685,3.8524265275389884,1.0,0.0,0.0,0.0,0.0,1.0,0.8436496598153527,-0.3791574837654822,-1.7828905511583542,-0.09011998943079014,1.7305290042854427,0.47913610172446597
1,5.443358902105147,1.5510726725807227,1.5510726725807227,4.205116355286766,0.0,0.0,0.0,1.0,0.0,1.0,1.6046716881153962,1.4465817550544036,2.401287171387624,1.0375203616170496,0.05797401653260459,2.7858579570341035
1,8.259233467587954,4.524851142063404,4.524851142063404,6.499449559432644,1.0,1.0,1.0,1.0,0.0,1.0,1.0582839933178485,0.707913682369138,0.7160922230757446,2.9907667933087314,2.481816563285518,0.5607558526743508
1,-2.479207886956419,-2.8155023350372277,-2.8155023350372277,-2.3471514207174726,0.0,1.0,0.0,0.0,0.0,0.0,-1.8502553860678899,-1.8075955570198188,-0.33808785292185983,-0.4627797194629506,-0.7809094503280276,-1.50550162058705
1,3.6184706798394592,3.990558172585218,3.990558172585218,3.9679971652878407,0.0,1.0,1.0,0.0,1.0,1.0,-0.17389907477090982,0.3033043457705482,0.6752012522062018,2.504774530633362,2.718248776383771,2.4968161199493366
1,2.7046208413934365,2.2813500106781865,2.2813500106781865,5.658954334400232,0.0,0.0,1.0,1.0,0.0,1.0,1.2353871624939377,0.06419400003059428,0.022117873632937213,0.9004772911843852,1.8425307214944144,1.2378125179482322
1,1.2556578833745191,-0.05215449113423912,-0.05215449113423912,2.234686106908726,0.0,0.0,0.0,0.0,0.0,0.0,0.29368036662118335,0.15514099421506,-0.027547699415040428,-0.2562466744073031,-0.5884453047546199,-0.8134131607597932
0,1.926438506783208,5.529152702486235,2.371686169847113,5.529152702486235,0.0,0.0,0.0,1.0,0.0,0.0,0.7855748382347771,1.4290801648811398,0.4038265794310234,1.2635357069131135,0.042809781741912856,2.2394073264820724
1,7.436330600680641,5.503045792249907,5.503045792249907,7.38335662698707,1.0,0.0,1.0,0.0,0.0,0.0,1.3491486685807557,1.1369015849629223,0.2732391620819079,0.6335660412294707,2.181502819771749,0.7339347854496624
1,2.8474343832560454,2.532221187831468,2.532221187831468,3.130871003771953,1.0,0.0,1.0,1.0,1.0,1.0,0.16645219559483243,-0.17426616270094453,-0.4049102189750693,-0.7859356526928987,0.5623075605186101,1.2860792905685705
1,3.0587264953049083,-0.01032172556431743,-0.01032172556431743,2.021260794974517,0.0,1.0,0.0,1.0,0.0,0.0,1.1912165684652773,-0.5021573402754633,1.6684814432022859,0.022959423897067066,-0.16961469775947502,1.3197189832517304
1,3.591992664159825,1.4274835785806042,1.4274835785806042,5.255101309660812,0.0,1.0,0.0,0.0,1.0,0.0,1.7471347708662412,-1.2116130983422122,0.44907420039606694,1.2997515478894281,0.29254978067076387,0.3255262430594664
1,4.656011793597186,3.0765000390667407,3.0765000390667407,5.913250014503779,1.0,0.0,0.0,0.0,1.0,0.0,2.1480367747179083,0.5451758653871588,1.2963224012531223,0.6700935875337773,0.6657411713718118,2.213370721328098
0,-0.6213883695750463,-0.9847978860032709,-0.6594906109596315,-0.9847978860032709,1.0,1.0,0.0,0.0,0.0,0.0,-1.7399014975539493,-1.4589924034324235,-0.09678093305740809,0.487252714569019,0.06306158582151644,0.47894643863703046
1,0.6801674454338213,-0.8605549440890193,-0.8605549440890193,-0.5372636401638737,0.0,1.0,1.0,0.0,1.0,0.0,-0.9183006232472954,-0.7588953274715067,-0.847628894799993,-0.254109195373165,1.2871838720249522,0.2499698459361429
1,6.757424414281935,3.7145071971434653,3.7145071971434653,8.356732431872445,1.0,1.0,0.0,0.0,1.0,0.0,0.8163439019305428,2.3894203505333156,1.3358658935561598,1.0741082259187205,1.4116981017723662,2.5491032404230896
1,5.156266752251563,3.0905334423601127,3.0905334423601127,5.00866652869863,1.0,0.0,0.0,1.0,0.0,1.0,1.1520638136742156,0.35727414734105767,0.09860403956701685,0.09698882071523518,1.0190186403305719,1.5419430281905933
0,-1.7418391313449457,0.9309363008830583,0.7367044343421127,0.9309363008830583,0.0,0.0,1.0,0.0,1.0,0.0,-0.8988972680520007,-0.7018928177127495,-0.3276131018437125,0.4241227002732741,-0.2430041018230069,0.5970635047383193
1,4.976462416696276,2.652610703931033,2.652610703931033,4.351420475308114,1.0,1.0,1.0,0.0,0.0,1.0,1.0720945876085768,-0.4167973786825184,-0.366942374496827,0.8387330162975657,2.000092699655933,1.783131910194386
1,3.9748089040710957,0.5433244241982222,0.5433244241982222,3.3153537887142694,0.0,0.0,1.0,0.0,0.0,0.0,1.360135400427028,-0.570104998939478,-0.1363493837406855,0.16946680268182868,1.6419298721187927,0.24992384851866634
1,4.6769650292368,5.027514386213321,5.027514386213321,4.558471043373147,0.0,0.0,1.0,1.0,0.0,1.0,1.5230714701584454,0.8437865274418981,-0.9260252234964874,0.7029458190712887,1.833086134180293,2.38191399770193
1,6.1470210371594876,3.4228064699242653,3.4228064699242653,6.4139620308839325,1.0,1.0,0.0,0.0,0.0,1.0,1.1884078640597786,1.108355625379768,0.41566389799175657,0.4518073840276001,1.4522183995027895,1.533616657513959
0,2.758099103350945,4.689119664650643,2.1666708012488725,4.689119664650643,0.0,1.0,1.0,0.0,0.0,0.0,0.6117204826791371,-0.3255083975956321,0.42971671374378057,-0.5143182643261346,2.490271000172692,0.6462304619567734
1,5.216425050806175,6.98236290997547,6.98236290997547,4.733666761226796,0.0,1.0,1.0,0.0,1.0,1.0,1.228442288430116,0.43367697959653406,-0.010001449879175395,0.7544670468478313,3.4785334804164374,1.2932587882550366
1,2.3218584074784294,0.8931668145584715,0.8931668145584715,3.0403610606658473,0.0,1.0,1.0,0.0,0.0,1.0,1.9000715889924154,-1.1858643659110573,0.2302707825801702,0.9924167142113576,-0.18271573329310087,0.5103073769530118
1,6.5703078934651415,3.3969815654205053,3.3969815654205053,5.49963441323535,0.0,1.0,0.0,1.0,0.0,1.0,0.949360082841991,1.763716573193038,0.8231337475248133,0.9808236462229012,2.2294231754673666,0.07422830721263807
0,3.1005003592641978,3.7718876021116143,3.851827716094339,3.7718876021116143,0.0,0.0,0.0,0.0,0.0,0.0,2.147961834438701,0.6462851532094407,-0.9074545888789725,1.1023134348068586,-0.5569042118506962,0.8287095880344582
1,-0.05726784182015865,-0.77998960435649,-0.77998960435649,2.2640059510211645,0.0,0.0,0.0,0.0,0.0,1.0,0.07022362817280814,-1.5628250137043072,-0.26155135491265724,-0.3471014168610649,-0.04626765321948367,-0.8915252433107148
1,1.1643805796240347,-0.02635333991479416,-0.02635333991479416,1.1969601796964597,0.0,0.0,0.0,0.0,1.0,1.0,0.28003906842057624,0.6212419140111031,1.4499232180403712,1.1547814394271496,0.6332837716097635,1.987116627550872
1,4.101386377749252,2.774917141051585,2.774917141051585,5.360226820732887,0.0,0.0,1.0,0.0,0.0,1.0,1.737639160027604,0.6029646515530688,0.08792195186985913,-0.17006216414882935,0.397685032213154,0.8969334777361225
0,1.6740996053283903,5.029193428350586,3.2650566073032268,5.029193428350586,1.0,0.0,1.0,1.0,0.0,0.0,1.9692466993494286,-0.47115603121089555,3.419226630535912,2.9568967486768813,0.5414630036456978,2.772522200703757
1,6.156496294247303,4.362505754911789,4.362505754911789,6.467094207473606,0.0,0.0,0.0,0.0,1.0,0.0,1.5538886467332,2.1264804765287497,2.3445700147103485,2.72411909505356,2.1396411650954468,1.4251476921362962
0,0.8990357139006921,2.05091678138985,0.03034498718122854,2.05091678138985,1.0,1.0,0.0,1.0,0.0,0.0,-1.1450185616793327,-1.4141019740391214,-0.5478697415170728,0.018801132661200037,1.4290586037285873,0.12243627362634513
1,0.847665833565411,-1.430781618043048,-1.430781618043048,1.4479838434681889,0.0,1.0,1.0,1.0,0.0,0.0,-0.0618467545537803,-1.1681219883167457,2.719041115252505,0.2863168954464944,1.1946568309409644,0.42580572102896563
1,2.2827908015216707,1.8717518406268794,1.8717518406268794,4.427947177972902,1.0,0.0,0.0,1.0,0.0,1.0,1.65349152032941,0.06425559525526936,2.1486419055517576,1.2539886082973672,1.6858154518145965,1.5105723761187195
1,0.8671289404132905,0.36438673318332465,0.36438673318332465,1.9451867830788763,0.0,1.0,0.0,0.0,0.0,1.0,-0.34711874923129094,0.4631095132547629,1.269920946687829,0.005550040273763102,1.146528240327009,1.6205484704547517
0,3.2224870888138155,7.398704417085259,2.159781891191064,7.398704417085259,1.0,0.0,0.0,0.0,0.0,0.0,0.35026426363330077,1.6361071187799348,0.2243588652447045,1.3257854541238725,0.4280068960961605,0.8190883907561183
1,4.9667173315308375,2.5393238250244132,2.5393238250244132,3.643426327594719,1.0,0.0,1.0,0.0,1.0,0.0,0.0884372219310649,0.8598245807238418,1.061436949255735,0.6043911099955347,1.022253083697563,-0.823459920399604
1,2.5157605352601786,1.2319793537408736,1.2319793537408736,3.0898256252020726,1.0,0.0,0.0,1.0,0.0,0.0,-0.05850079002703612,-0.35442276079128643,0.3888287255192283,1.7781668498885659,2.08872446214214,1.7221071152085092
1,6.914082784684065,4.0376950119903565,4.0376950119903565,6.6428377575177,1.0,1.0,1.0,1.0,0.0,1.0,3.4765134202425205,0.3147872356185262,2.992440599526771,1.9534311645017142,2.44218344287299,2.7089526930087793
1,3.686598456810116,3.0039134844430615,3.0039134844430615,2.511726684689831,1.0,0.0,0.0,0.0,1.0,0.0,1.1552216392537449,-0.4912011317650772,1.5210683567853083,2.0857766291037083,2.707646491282775,1.1974136545802347
1,3.4477509437465033,1.4173170117356098,1.4173170117356098,2.890924029013003,1.0,0.0,1.0,1.0,1.0,0.0,0.5277237427935405,0.5803611561700865,1.707993143136787,1.2243755286283542,1.6014784204900634,1.0887092801459781
0,2.9515238078339996,3.362345295175681,1.3174328200193297,3.362345295175681,0.0,0.0,1.0,0.0,0.0,1.0,0.03409156590886342,0.11603851775692464,-0.22177679549464913,1.6764472741501473,1.327916862434209,0.629267907734151
1,6.521779673632255,3.7022149048475037,3.7022149048475037,3.925115236867862,1.0,0.0,1.0,0.0,1.0,0.0,1.144826547070461,0.022407417825794584,-0.4018868201881828,1.1770237736476572,0.7938053684104698,1.632225406976398
1,3.8041863121579493,3.4424834463831706,3.4424834463831706,1.9370273285101987,0.0,1.0,1.0,1.0,1.0,0.0,0.050715146750872964,0.6508132333483456,1.141187392220281,-0.6881707086687581,0.6426933953380434,1.9249874030328995
1,2.5431646927460534,1.201177676716444,1.201177676716444,0.4102372234791314,0.0,0.0,1.0,1.0,0.0,0.0,0.17528387119583638,-0.689033002007458,0.02630897931849774,-0.049776905687597406,-0.756250405022008,-0.3273123393921593
1,3.8646949799465498,1.155405086056248,1.155405086056248,3.207746534390673,0.0,0.0,0.0,0.0,0.0,0.0,0.5685187805608068,1.2167148464879634,0.7008492054582702,0.2154287421287699,0.9743368078849394,0.6825767349798881
0,0.7382335765373298,3.3838340965432474,1.2106926013043764,3.3838340965432474,1.0,0.0,0.0,1.0,0.0,0.0,-0.930075391303758,1.309011477334935,-0.9454548162169192,-0.9144738931074341,0.13389418406015552,1.756329653054698
1,3.04223423484319,1.6103076676859014,1.6103076676859014,3.3441683435997085,1.0,1.0,0.0,0.0,0.0,0.0,0.5283538537029412,0.15020529288688667,1.608573476431761,0.46515572313973386,1.372403478145963,0.6585518886177265
1,4.501048161619027,4.035707585059061,4.035707585059061,5.647484167016997,1.0,1.0,0.0,0.0,0.0,0.0,0.4351772333428738,0.6073998318515402,0.2282286109823254,0.20748365106401934,0.6078113795435498,0.7190369903194884
1,3.536048567866391,0.806481743988087,0.806481743988087,2.652169151752852,0.0,0.0,0.0,0.0,0.0,0.0,0.5001649077422452,0.4335046322965981,0.3888250971999134,0.8057846972296093,0.1752963639818207,-0.19254033233129708
1,1.3381076122031934,0.5277277169010708,0.5277277169010708,0.8063754839686723,0.0,0.0,0.0,1.0,0.0,0.0,-0.19042175809268147,0.26026688222055594,1.2929459958170537,-0.387208386300822,1.9541940422511037,0.2633581021957172
1,6.220092638995408,4.373865839211064,4.373865839211064,6.026101860649441,0.0,0.0,1.0,0.0,0.0,1.0,2.4187765752861274,1.329741124802492,1.9708809105605538,1.3912030832105138,1.748510882957953,0.48053232440220295
0,-1.3206031032385064,2.159683198636678,0.8597423375950393,2.159683198636678,0.0,1.0,1.0,0.0,0.0,1.0,-0.952441672940816,-1.1334172485065646,-0.05782049760374053,-0.039396166508312236,0.4596904237113457,1.294363616208705
0,0.6945540023807392,3.0436354443316,1.48407163196852,3.0436354443316,1.0,0.0,0.0,0.0,0.0,0.0,-0.05729418378040618,0.11526279847026488,-0.5455851167522483,-0.025477864468317568,0.6124507033029696,0.35141954177027324
0,2.8128036490254305,2.800841468518031,-1.0634123385802852,2.800841468518031,0.0,0.0,0.0,1.0,0.0,0.0,0.42408447847101294,0.47279602306820806,1.1626366489477615,1.933807902227676,0.5337830491560202,1.5942747491565825
1,2.656407439279744,0.49537372579970007,0.49537372579970007,1.4923399867495721,1.0,1.0,0.0,0.0,0.0,1.0,-0.18530654879208797,-0.2173318499794843,0.5971474973964096,-0.4684046486590957,0.703175587604097,1.7203885382612074
1,6.107582072655454,6.774143730714282,6.774143730714282,5.025845732231714,1.0,1.0,1.0,1.0,0.0,0.0,0.923588573734028,0.6280767725263846,1.6165594802821333,1.9225052785134213,0.7189271525092747,1.8203269521313077
0,3.0904612624651184,3.6566587422379273,1.8195421186634952,3.6566587422379273,0.0,0.0,1.0,1.0,0.0,0.0,0.5917075759093836,0.28963235957295874,0.38874088221632175,0.940646498062308,2.2523602207302993,0.8006929775681142
0,3.310960918265409,6.479769128422864,3.4583702842034194,6.479769128422864,1.0,0.0,1.0,0.0,1.0,0.0,1.7592171182145333,1.8449978220462324,1.132338241742961,-0.5592859393067036,0.6250266070841398,1.9844136841705888
1,0.17149555073435385,3.2179705610215237,3.2179705610215237,2.2066924799054646,0.0,1.0,0.0,0.0,0.0,0.0,-0.48333863155072865,0.833458405437216,-0.5500326936269646,0.9922272518064461,0.9092020679339194,0.9326701387056516
1,4.684313641602101,1.937797731756213,1.937797731756213,4.751549507089516,0.0,0.0,1.0,1.0,0.0,1.0,2.21201485798173,0.03407320070600639,1.5371298433106764,-0.580706579382424,0.8163375204704119,1.4157773292234868
1,8.166628815900433,4.704315295185793,4.704315295185793,7.114847722636045,1.0,1.0,0.0,0.0,0.0,0.0,1.9521131216115297,1.3707014691670698,2.2129861582801573,0.39333506750830766,0.8007092647296251,1.9231062510514572
0,0.9703257172589804,0.9736711209365414,-0.056445699258783254,0.9736711209365414,0.0,0.0,1.0,1.0,1.0,0.0,0.40439207024026824,-0.22162020044941066,2.031198302884826,-0.015425661433897675,0.5880660362188024,-0.7381629539268613
0,2.203754478584754,-0.14527426475774385,-1.1921699766405638,-0.14527426475774385,0.0,1.0,1.0,0.0,0.0,0.0,-0.5851573147241613,-1.5833116197563695,-1.0122117112751892,-1.9496236062906442,0.3285493904103338,1.4520558918361508
1,2.470496640455009,1.739066598543281,1.739066598543281,3.9592419907078886,0.0,0.0,1.0,1.0,1.0,1.0,0.7325010081014335,-0.2220283908635753,-0.33929541799711127,-0.1317781628366902,-0.5822298517080311,-0.051293916100841885
0,0.4824406475525286,4.3274954904187695,-0.7342141275834864,4.3274954904187695,1.0,1.0,1.0,0.0,0.0,1.0,-1.5608639977940846,0.6604474595218316,0.43655535808505563,-0.25070236691270464,1.68995333724786,2.6620897815166638
1,3.00714727864026,1.549776626823506,1.549776626823506,0.8980177603456168,0.0,1.0,0.0,0.0,0.0,1.0,-0.4193337888946158,0.01857557403553478,0.46650712996363064,0.6735490514304767,1.057729910833543,-0.15708234096992557
0,-1.7317416562015326,-1.926161164758268,-0.8719562512091845,-1.926161164758268,0.0,1.0,0.0,0.0,0.0,0.0,-0.7982672962103423,-1.1168010874641465,-1.0745931693597344,-0.5283082554099576,-0.30799755229088754,-0.5411913106389166
1,7.515642345764993,5.7137511981559435,5.7137511981559435,9.125146088019894,1.0,0.0,1.0,1.0,1.0,1.0,2.486486046824176,1.982216129453708,2.1913374464272897,0.9552892657166614,1.7736290109212898,1.8083720090582127
1,6.947130944486525,5.149714706715839,5.149714706715839,7.189901514079767,0.0,1.0,1.0,1.0,0.0,0.0,1.8204585442007173,1.447654873212309,-0.20331954222171877,1.340551986637184,0.6510564161647464,1.1626142684528997
1,5.903412710391178,4.2044727775525255,4.2044727775525255,8.104865304598578,0.0,1.0,0.0,1.0,1.0,0.0,2.426646070592348,1.2219534695778957,0.39927242937997787,1.3027872968873817,1.8529346783808953,1.137814843414261
1,5.832765647094991,4.950482175970018,4.950482175970018,7.204299746673173,1.0,0.0,0.0,0.0,1.0,0.0,1.622534621616507,1.082263365813183,0.7785347117365342,0.7454704857095696,1.2632884513445255,1.3194675506483422
1,9.609464374184805,7.348238987174307,7.348238987174307,10.788382872788832,1.0,0.0,0.0,0.0,1.0,1.0,2.6577586014524046,2.7085679506239484,0.8650796348411225,3.198615880041899,2.6697821353635995,2.8451658354529354
0,-1.141113708576992,0.9406563419646593,-2.3895281907217902,0.9406563419646593,1.0,0.0,0.0,1.0,1.0,1.0,-0.5536978228745755,-0.7853117044041256,0.406792376379747,0.21607847449057382,-0.5040027899330461,1.7396153592916384
1,4.706895005652283,3.6107083731647225,3.6107083731647225,4.175173100252211,0.0,1.0,0.0,1.0,0.0,1.0,1.1637955593167926,-0.6945365758741655,-1.3040870492541832,1.155046452377449,-0.4923994749731966,1.8250956301160843
1,1.7692239466124864,0.2289082234580726,0.2289082234580726,2.1935680795425307,0.0,0.0,0.0,0.0,1.0,0.0,0.623867139114414,1.5444893878631918,1.5202191947776187,-0.4877843800138417,-0.3727340111601418,1.2377801383113778
1,-0.3194431176259369,-0.11702015998278192,-0.11702015998278192,0.7014913944677189,0.0,1.0,0.0,1.0,0.0,0.0,0.029110052241584472,-0.44997903615649004,0.9750973451882116,-0.9646794300339363,-0.35087183620354967,-0.9176900904341259
0,7.638852980049787,9.180690437225747,7.8749862023524955,9.180690437225747,1.0,1.0,1.0,1.0,0.0,0.0,1.229246184425606,1.9308825547878663,-0.4384682611764539,3.6577023936223454,3.376288271499817,1.2686913949609078
1,4.1415724691957525,3.5194161644062234,3.5194161644062234,2.973105535968328,1.0,0.0,0.0,1.0,0.0,0.0,1.6497994384878587,0.014753154464071827,0.2599210682123555,-0.01816045836901481,2.09141715726247,0.8855643339640595
0,-1.1530512452147512,1.261004224871753,0.29681200457747126,1.261004224871753,1.0,0.0,0.0,0.0,0.0,0.0,0.036256397013496366,0.2693166144284834,0.4555991144531608,-1.4413177015566663,1.8313349475296312,1.6224672960428537
1,7.093897422160587,4.990645820857745,4.990645820857745,6.965397881995947,1.0,1.0,0.0,0.0,0.0,0.0,1.1744932049923351,1.2913921008780334,0.5078283472579057,1.2057496751899128,3.2165734246632955,1.2127080918568462
0,2.548863686008672,2.9035120602502897,3.0009724229649875,2.9035120602502897,0.0,0.0,0.0,1.0,1.0,0.0,-0.11695489495591693,2.2977587382973548,1.3237756341218736,1.3670566715980665,0.4070882781820072,0.20376567770737397
0,1.9189378880570076,4.79552858660367,1.3803448206675433,4.79552858660367,1.0,0.0,1.0,1.0,0.0,0.0,0.19534999269107006,1.0936479000442607,1.421171270189687,0.8357364483384705,1.1216023226637188,0.7321736416940183
1,5.530328288254246,5.031464030505434,5.031464030505434,8.02466281781431,0.0,0.0,1.0,1.0,0.0,0.0,0.9868754204359498,2.2805202334231773,-0.3998592171852918,2.425609089111639,2.807480426752587,0.8889664465703372
1,4.486897957246878,5.004356753444538,5.004356753444538,3.6019346182422693,1.0,1.0,0.0,0.0,0.0,1.0,0.04669440514025608,1.4063607185481648,-0.4843026740863472,0.6806636108232456,0.4238987703054147,-1.6130814803937072
1,4.826120978044594,3.4645213411335165,3.4645213411335165,4.3276093728493965,1.0,1.0,0.0,0.0,1.0,1.0,0.502431372697055,0.8293090728892333,0.5946190335368213,-0.0515142320119345,1.0834728080422713,1.3546890159847542
1,0.5944423513023889,-2.0772796246330087,-2.0772796246330087,-1.790559429993071,0.0,0.0,1.0,0.0,0.0,1.0,-0.9489897693821452,0.2976809154667489,-0.006819694208894167,0.25014213421940595,1.5025452112403,0.7606782459773938
1,5.997115505241694,3.294164112666962,3.294164112666962,7.370023064346405,0.0,1.0,1.0,0.0,0.0,0.0,1.093197792355065,1.6958831839756274,0.35082322686515344,2.6371808475956855,2.1325565357996856,1.6908127949743634
1,3.322105288391062,1.8305924130103222,1.8305924130103222,2.7999656538896356,0.0,1.0,0.0,1.0,1.0,0.0,0.3915334028849163,-0.22409441298096788,0.7171038600076791,0.013212325869022545,0.8582113839957912,0.1563407289404859
1,2.364055594333267,0.4531875633406208,0.4531875633406208,3.1871694660714835,0.0,0.0,1.0,0.0,1.0,1.0,0.7159609832335424,0.3000226950903453,0.2312644733806533,0.45272290496950657,-0.007023783394517924,1.6442334223635826
1,4.045308125697054,1.797613470735238,1.797613470735238,5.170320388700081,0.0,0.0,1.0,0.0,0.0,0.0,1.243794982431568,0.8803150973497063,-0.4465090307419659,0.9338410993495994,1.4275419340627407,1.4866422705115725
0,4.501788815010373,7.471219667006092,2.7387591358175687,7.471219667006092,0.0,0.0,1.0,0.0,0.0,0.0,1.8900492606508166,1.727301680716205,0.8337615158415832,0.6671331516697331,1.1749126317397782,2.8427799837112415
1,1.1291511244150476,0.4645253183967238,0.4645253183967238,3.802136327869765,1.0,1.0,0.0,0.0,0.0,0.0,-0.622883418501432,-0.35186495482767965,0.6349878203406766,0.13532703055708495,1.2728937598042933,0.9562385174000203
1,3.733772155271141,-0.062488686064652965,-0.062488686064652965,3.001412717351682,0.0,0.0,1.0,0.0,1.0,1.0,0.7231791484958823,-0.11125928400128049,-0.18466762764529376,-0.17049338028832028,0.5704021005813369,0.8415433816082425
1,2.5253723211746375,0.3738222201040647,0.3738222201040647,1.6021351915222575,0.0,1.0,0.0,0.0,0.0,1.0,0.43954693575504167,-0.922705128092544,-0.6981187354726555,-0.48090478662628666,-0.42367738257098475,1.3713502423804425
1,6.700098358862666,3.6540782250373542,3.6540782250373542,6.506098887644104,1.0,1.0,0.0,1.0,0.0,0.0,1.3367131563714385,0.7251529772044576,0.23447152650374492,0.38355975313494967,2.734737178690925,2.0830061321206466
1,8.490846861533193,3.8103974992655774,3.8103974992655774,8.96037083203032,0.0,0.0,1.0,0.0,0.0,1.0,2.5259702730723523,1.958866508785388,0.5724051349703495,1.6952931718449382,3.263429598746332,1.7210063661366315
1,0.45308016798924977,2.315281493503454,2.315281493503454,1.2465697644593023,1.0,1.0,0.0,1.0,0.0,0.0,-1.1200670513346889,0.018546054187982886,-0.6975131983759724,-1.2346835474394384,0.8830149148908789,0.43724329293286357
1,5.702813704423742,3.3749270765477073,3.3749270765477073,1.5232127264907818,0.0,0.0,1.0,0.0,1.0,0.0,0.35666040997567783,0.8066254801604769,-1.2277068833208493,-0.14801650077957107,-0.557598760793987,0.6286317947329232
1,4.209331713531598,1.0255282574131572,1.0255282574131572,3.3597312617831827,1.0,0.0,0.0,0.0,1.0,1.0,-0.22682517114179224,0.9927449795583613,0.3948192425807039,0.49073152551212856,-1.7759227639438189,0.4054223386465199
0,2.34923017828085,4.381444385895522,1.737420554258762,4.381444385895522,0.0,0.0,1.0,0.0,0.0,1.0,2.1546802549022006,0.005364619942672899,2.166348103954208,1.8512513332577427,2.8271301862530263,1.240304810099619
1,5.768849308143193,4.972576958948368,4.972576958948368,5.375484590615076,0.0,0.0,1.0,1.0,1.0,0.0,1.7429278416064395,1.5414182902006694,1.3678148408433595,1.8696330950946936,3.7560114589814706,4.243436587814772
0,2.1432783854117954,5.714571949032738,2.1125420148990277,5.714571949032738,0.0,1.0,1.0,0.0,0.0,0.0,0.7163668988611998,1.4693736047179686,0.7908571181010243,-0.02021583071650168,0.258611732355878,1.196960141213737
1,3.922459703507592,4.528551679477607,4.528551679477607,7.380618263929401,1.0,0.0,1.0,0.0,1.0,1.0,1.3123552536500922,-0.12376850356558766,0.5909201250568626,2.5087632876772314,1.1296528044237901,-0.040486467672622206
1,3.8115568970512705,0.598367683524854,0.598367683524854,4.590298869327667,1.0,0.0,0.0,0.0,1.0,0.0,1.3042953726712685,-0.8252266117675777,0.13160114625103114,-0.7022305135866445,0.6472983506315417,0.04253591128798384
1,6.606935994971019,7.848975993613373,7.848975993613373,7.141493618058489,1.0,1.0,1.0,1.0,1.0,0.0,0.6418911415500159,1.4471631478327898,-0.19601396039135088,1.7483757529319561,1.4151915899861585,2.429986486418678
1,4.401692124670733,2.9476580761985156,2.9476580761985156,2.081704135996659,0.0,0.0,0.0,0.0,1.0,0.0,1.0556202295393802,1.5324917298421796,3.057016014856128,0.8793567957624548,0.7870379681667303,-0.6651766301465631
0,2.26049992402028,5.302551734218394,2.379004624692294,5.302551734218394,0.0,0.0,1.0,1.0,0.0,0.0,1.4285667670520485,0.39630038916426713,0.007563156715772679,0.6272561545506246,1.4679185370665189,2.2413092266972647
0,1.4604451849393287,2.229385741496664,0.8251753776121908,2.229385741496664,1.0,0.0,0.0,1.0,0.0,0.0,0.4222210411709745,0.11813255824767693,1.3893713873292,-0.23890917637026599,-0.9225846215139104,1.050245263686046
1,-0.4647553783129956,-1.4970935058696662,-1.4970935058696662,-0.27738780295049315,1.0,0.0,1.0,0.0,0.0,0.0,-1.523920491374572,-0.6999989697528106,0.42658870108768143,-0.6447830171751063,0.08379030302227619,0.15367698712224298
1,2.004440827857576,0.8700159245625039,0.8700159245625039,3.886134528669824,0.0,1.0,0.0,0.0,0.0,0.0,1.0491901626466449,0.563108867562143,2.500807766760312,0.6165593116929023,0.5612282202967109,0.9038565626896684
1,4.018786082782978,3.0223332629396267,3.0223332629396267,5.0212597570077095,0.0,1.0,1.0,1.0,1.0,1.0,0.030537049730977817,0.46566215856309734,-0.8029932719270596,1.100754737556648,1.9073244621522252,2.741499087578762
1,2.743471463255519,2.8472098615766814,2.8472098615766814,5.763061626063457,0.0,0.0,0.0,1.0,0.0,1.0,1.5270126561461692,-0.008308395282843328,-0.7675220565399523,2.2396209767071875,1.2062785330546753,0.4487900067261358
1,3.709675503370262,1.8686973198737538,1.8686973198737538,1.993247147164205,0.0,0.0,0.0,0.0,0.0,0.0,0.2184306512558396,0.5609965857904723,-0.12211106640446012,-0.13717535961263483,1.947986627787993,2.709316453713219
0,0.6955835169226002,2.654191111002007,0.22961051703646373,2.654191111002007,0.0,0.0,1.0,0.0,0.0,0.0,0.21119331283847315,0.42400864146388656,0.24139400938697475,-0.23106294897854984,1.1365795705563833,0.7324893172238207
0,2.074480820426412,0.5908292680503853,1.437595112857153,0.5908292680503853,0.0,0.0,0.0,1.0,0.0,1.0,0.8442928859293173,0.25944407692251265,-0.10184394925206841,-0.36375757716639856,2.5659252730139936,0.6444746321391872
1,5.171252345384534,1.9167047404323647,1.9167047404323647,3.6960622091978554,1.0,0.0,0.0,0.0,0.0,1.0,0.02932242187844697,0.9237393322785759,0.4924817248461101,1.2940510178921616,1.8078885049567923,0.9970352682711242
1,0.7317052551432499,-0.9354956373399134,-0.9354956373399134,1.2296699673985592,0.0,0.0,0.0,1.0,1.0,0.0,0.3083002087710914,0.2187662548753322,0.903751585701861,0.09974972318056219,0.8761574501366457,1.3186995074599825
0,1.2639663015335805,3.2779468130491134,3.5020167355669893,3.2779468130491134,1.0,1.0,0.0,0.0,0.0,0.0,-1.1603300642740209,0.20582134136340785,0.04517792416357208,2.257787521748817,1.5725904483737736,1.0001078072589533
1,3.1679695334399716,1.3818159002066412,1.3818159002066412,4.529407907234414,0.0,0.0,0.0,0.0,0.0,1.0,-0.06659230100655555,2.1350800998354726,0.4711236467893515,0.9153730664105454,1.1939042430170548,0.7314737738584759
1,1.679559457641553,-1.9954787035560493,-1.9954787035560493,1.5828319161273061,0.0,0.0,0.0,0.0,0.0,0.0,0.9294372964898421,0.5533263728013692,2.1432099014206445,0.5531078725543538,0.5404194271580894,2.6120909053225345
0,2.610326129656623,3.2315267851482203,2.8931323598140124,3.2315267851482203,0.0,1.0,1.0,1.0,0.0,1.0,1.1166072917091867,-0.07550999056964647,0.598570272730971,0.8213227550534667,2.1692793497782645,1.1517402672440817
0,-1.1731440160683904,0.8446770768326268,-0.11498307712383027,0.8446770768326268,0.0,0.0,0.0,0.0,1.0,1.0,-0.3147984382243584,-0.28117249959490753,0.24324773289917812,-0.497489550136304,0.11782464457504482,0.8831081339700415
1,6.522001568326574,4.520977341616705,4.520977341616705,6.10645743159349,1.0,1.0,0.0,0.0,0.0,0.0,1.0884021723811887,0.9052977717223804,0.6754410659155833,1.2940482807308518,0.5733256220890384,1.2529108356789669
1,2.4018233445229074,1.5340856002219512,1.5340856002219512,4.893129858811893,0.0,1.0,1.0,0.0,0.0,0.0,-0.003118186426708802,0.7746388256684964,1.3930910868171995,1.3003575847067412,1.3606306897273654,1.736610028171524
1,6.060469395807573,2.836221857625772,2.836221857625772,5.636001025748772,1.0,1.0,1.0,0.0,1.0,0.0,-0.18712722028989437,1.781442445239016,1.3650968614248427,0.796093917022318,0.04787499348190094,1.838713624675247
1,2.781390426126924,1.8346424597652708,1.8346424597652708,1.8252249257700233,0.0,0.0,1.0,0.0,1.0,0.0,0.7207334463742343,-0.2564562242211076,-0.39252097157309507,-1.0037285516986916,0.7522144196063769,1.0988591796119493
0,-0.9452133550873625,-0.38125904352407924,-2.058265137481885,-0.38125904352407924,0.0,0.0,1.0,0.0,0.0,1.0,-1.414919756462684,-0.7577091847049839,-0.33890545486239787,-0.38448682307937576,-0.5653501611601657,1.9650921432374133
1,3.9494622196233866,3.7612301243255715,3.7612301243255715,2.2803758306930577,0.0,1.0,0.0,0.0,0.0,1.0,1.7182501574524507,0.16451039184283367,1.9458110980718335,3.616830269466071,2.5720649763620673,0.7568800040174379
1,4.406376133341035,2.523142265847276,2.523142265847276,3.7179085016610247,1.0,0.0,0.0,1.0,0.0,1.0,0.8270770399232408,1.0802114647492902,1.6462257681155565,0.7176574691684912,1.03839582513155,0.5355445709948982
1,5.276734466840338,2.3033785942069547,2.3033785942069547,2.9229943879915243,0.0,1.0,0.0,0.0,0.0,1.0,0.8763311127243134,0.6583492796245652,0.010048285897239717,0.410032244565787,1.9242557276981676,0.831105833210465
0,-2.821212070038995,-0.7295433924324823,-0.4698309340323372,-0.7295433924324823,0.0,0.0,0.0,0.0,0.0,0.0,-1.3986016860300625,-0.6373240595044358,0.41991983541378,-0.10150119036162664,-0.39454254487718243,-0.5121140296575268
1,2.891705213027882,-0.581875691929997,-0.581875691929997,1.5219668916437805,0.0,1.0,0.0,1.0,0.0,1.0,0.5353729597180917,-0.43082215769833887,0.6690803202647154,0.7348279404908399,-0.05038999773999464,1.402969137760964
1,2.839203986845866,2.220845948840163,2.220845948840163,4.64965420350197,1.0,0.0,0.0,0.0,1.0,0.0,0.4591226149322924,0.16448284287401782,0.6987834986098491,0.5492273716604463,0.19343604849082807,1.5424240577375339
0,3.9432811301792747,5.038364636896455,5.811090961689207,5.038364636896455,1.0,1.0,1.0,0.0,0.0,0.0,-0.04131909911583609,0.6449825285920512,-0.06845861461342306,2.155202667894833,0.6368496330086536,1.2716808051922612
1,3.945149660025219,3.7995248454249095,3.7995248454249095,3.8530152122988603,0.0,0.0,1.0,0.0,1.0,0.0,0.9726167321721575,1.4108660316663113,0.6715846513174382,0.4096351839572851,1.3015180370158788,1.1676486009281746
1,1.26199390126316,0.575188359853975,0.575188359853975,-0.03676882184573271,1.0,0.0,0.0,0.0,1.0,0.0,-0.5298110138409442,-1.068633566525941,-0.023770729229964482,0.45992976550868964,1.4888338516366633,2.7426786907281473
1,2.2577876264777768,-0.5205119415185309,-0.5205119415185309,0.3078641746708082,0.0,0.0,0.0,0.0,1.0,1.0,-0.1745459025467626,-0.8849521428042131,0.603598682335826,-0.9314553955100915,-0.21332600297739823,1.0129968952115052
1,0.4918394393792736,1.2739042503482658,1.2739042503482658,-0.35774933489116556,0.0,1.0,0.0,0.0,0.0,0.0,-0.575727264690193,-0.2359698466921254,-0.6776468030924883,-0.7517986500009683,0.650160232574637,-0.029277784945005214
1,0.30503602252582046,-1.2990432722982956,-1.2990432722982956,0.2838344108011509,0.0,1.0,0.0,1.0,0.0,1.0,-1.1407775498436459,-0.009270602352954738,0.6186466064070348,-0.1966479083649023,0.20061965460876285,0.5715435159579134
1,1.2212572221573037,-0.9793026898821042,-0.9793026898821042,0.657525234342243,1.0,0.0,1.0,0.0,1.0,1.0,-1.6679612707309412,-0.8760436817849344,-0.6260445038932385,-0.8211085288061393,1.643921131316048,0.16387567132657987
0,2.20715844302163,7.967627059559447,3.497197208073784,7.967627059559447,1.0,0.0,0.0,0.0,1.0,1.0,1.836807755271165,2.5802807395112146,2.521417840492184,0.03535000899863949,1.248643398462973,2.0004517387078127
1,2.9181995326231296,4.35124200633375,4.35124200633375,4.279269845958361,1.0,0.0,1.0,1.0,1.0,1.0,0.48729097307490776,0.7802601792793069,2.344848245487041,0.48274731377838154,2.0698066233248444,1.2579998947026554
1,4.789487856986809,2.3816474254487163,2.3816474254487163,4.349388174857085,0.0,1.0,0.0,0.0,1.0,1.0,1.1443370229452947,0.6546596461497682,0.6280875819033584,1.0072894802746024,1.9359374642315754,3.127718275900813
1,6.571793838561815,4.506085790581104,4.506085790581104,6.687572716015187,0.0,0.0,0.0,0.0,0.0,0.0,2.950998272328143,1.2740727479987113,0.13808171103271805,1.1864046826915788,2.484975074279191,0.22086406270353276
0,-0.46912092767230273,1.4381613208147785,-0.2242328607811659,1.4381613208147785,1.0,0.0,1.0,1.0,1.0,1.0,-0.883470370573995,0.4199567970779895,1.1892916994209883,1.9567453024722976,-0.09511742176966287,0.8807651413455769
1,1.8140904429651397,2.3292683380943924,2.3292683380943924,1.9743322773082441,0.0,0.0,0.0,1.0,0.0,0.0,1.14842149663788,-0.8185777231520981,-0.826626260497948,-0.42393599885510025,-0.1150962340434647,0.4335746002341938
1,3.894099762462908,1.8946658149049465,1.8946658149049465,5.012656406085856,1.0,1.0,0.0,1.0,0.0,0.0,1.1822735083272766,-0.13060162394993025,2.068296902447681,1.893714771791275,0.4272045634234085,1.796339136382168
0,1.8869032770095489,2.577560104161621,-0.5142592138058283,2.577560104161621,1.0,0.0,0.0,0.0,0.0,0.0,-0.3385874303194,-1.687982228328082,-1.0173951776931243,0.22083884423959255,0.1396568235532467,0.03943833611113057
1,1.9351481047838524,0.37595211031455666,0.37595211031455666,2.071183706468775,1.0,1.0,0.0,0.0,0.0,0.0,-0.5935088679787093,-1.5554363039174057,0.29072881725480937,0.6401642478404922,-0.6734401847719016,1.0021651011251893
1,2.532735986722774,1.938741496682939,1.938741496682939,1.801735495931578,0.0,0.0,1.0,0.0,0.0,0.0,1.1793597723990976,-0.061001979056147904,1.0529175967838036,1.1194171376500648,1.6593005280864155,0.5300369496408152
1,5.000484963393641,2.0604039796399745,2.0604039796399745,2.5527902465223717,0.0,0.0,0.0,1.0,1.0,1.0,0.7294221544145317,0.8064221197916492,1.0653276011041222,1.5996752085152637,1.1954249824323657,0.4287751768603205
1,3.3085573894929587,3.8900314085255103,3.8900314085255103,2.5275416187280366,0.0,1.0,0.0,0.0,1.0,0.0,-0.10211107341929748,0.24994380056059662,-2.171637041050177,0.10592487547399032,1.2488685666950383,0.32646206266061395
1,6.6924185442933135,3.697531431584126,3.697531431584126,8.278567083450056,0.0,1.0,1.0,0.0,0.0,0.0,1.201672555528518,2.2352516755410305,2.413824792167169,1.4442285868724078,2.020477428224726,0.7106286553816201
1,1.9459783042495487,0.6356183367672233,0.6356183367672233,2.2889900120150464,0.0,0.0,1.0,0.0,0.0,0.0,0.40440817439880705,-0.12291053714376898,0.24891246002575984,1.089096940372329,1.251360870045021,0.3431780380901811
1,1.9596692501111423,0.14534606963051938,0.14534606963051938,0.857362036491039,0.0,0.0,0.0,0.0,1.0,1.0,-0.17975710997800354,0.3048204137520145,0.4580279848743595,-0.641303236225724,1.0917612251786866,1.1585228113634005
1,4.122033127452925,3.0691528325668167,3.0691528325668167,5.345155821199151,0.0,0.0,0.0,0.0,0.0,0.0,1.0479495836788266,1.9890895018751094,2.0645497688547807,2.965437141275927,2.859739324876425,1.2961602808424095
0,2.0319088884321674,5.451768671755635,2.7728564756741956,5.451768671755635,0.0,1.0,0.0,0.0,0.0,1.0,-0.18583534963013948,2.229915130257096,0.08010735561960514,0.6492114140206812,0.5520861641140283,0.3876946085499948
1,0.7835116444061508,0.5193016366991181,0.5193016366991181,0.528049180792753,1.0,0.0,1.0,0.0,0.0,0.0,-1.364781298522318,0.0599974450549009,0.6023790665888995,0.8282516459763241,0.5928768146479327,1.0793577783225314
0,-0.38842769568705915,-0.7354348326706134,-2.551597164920543,-0.7354348326706134,0.0,0.0,0.0,1.0,0.0,0.0,-1.3610219298455464,-1.6060370257445253,-0.6719378455314025,0.3483550916674237,-0.21889451284445705,-1.2221128483626753
0,0.4745045579269302,-0.4071759156828434,0.7844496783503581,-0.4071759156828434,0.0,0.0,0.0,1.0,1.0,0.0,-0.06652670930653182,0.33087174458262003,0.2854277548859836,-1.4888057859880799,1.6109530391728715,1.109757292094324
0,5.119578193711984,4.0131446653632965,3.5377957412770815,4.0131446653632965,1.0,0.0,0.0,0.0,0.0,0.0,1.855100866210589,0.6615404600444215,0.3624608121378621,0.988501091487116,0.47368567780180126,1.3452681215280775
1,4.489977059551633,4.916876713217345,4.916876713217345,4.611675978519034,1.0,0.0,0.0,0.0,0.0,0.0,1.9298783675953617,1.0889741859741222,1.2240396541411807,0.5213595293037141,1.6585463570777192,0.6260794478973388
0,1.9430016915629191,2.434261804188016,1.390340960419312,2.434261804188016,0.0,0.0,1.0,0.0,0.0,0.0,0.49333472490685704,1.431982519667938,1.5150928609496086,-0.9402316378833522,1.3159427362411549,1.3216022126182212
1,2.7935516280632213,0.8441455116462737,0.8441455116462737,3.6263675093966095,1.0,0.0,0.0,1.0,0.0,0.0,-0.39797119785384005,-0.4976819750186732,-1.7873799679093714,0.6570397867884927,-2.006825922039265,0.14090160204320024
1,3.6117007910288477,3.2080845113048477,3.2080845113048477,5.860235743171049,0.0,1.0,0.0,0.0,0.0,0.0,0.8691738162760778,0.862579212670357,0.06858717123788288,0.9457097331005071,1.6940989132293558,1.2577422867074095
1,5.763337583882376,3.4403192770198254,3.4403192770198254,2.2399222215585506,0.0,1.0,0.0,0.0,0.0,0.0,1.967240910088907,0.7020661148384241,0.05994600728293986,0.11440284768997078,0.7189507875338146,-0.5113931318227403
1,3.3423816231632775,1.307747120529627,1.307747120529627,3.2095486073424615,0.0,0.0,0.0,0.0,0.0,0.0,0.220790674795053,1.02966441752107,0.4903034715973286,0.8811534210561596,1.1651699766525732,1.103020240828051
1,7.2909770848416535,4.594852271176412,4.594852271176412,7.3905326881304925,1.0,1.0,1.0,0.0,0.0,1.0,0.5079186438998786,1.6864705986332025,0.8823513689475824,0.9514934444794397,-0.6504488922996403,-0.42262685099168307
0,1.957172860728031,3.386807152570282,1.3561729532643334,3.386807152570282,0.0,1.0,1.0,1.0,0.0,0.0,1.3972446779494576,-0.19719052686926875,1.0407508484234498,0.5777726021647753,1.7493621142898435,1.1524684111235357
0,4.543694459610947,8.878892384655314,4.26435540201158,8.878892384655314,0.0,1.0,0.0,0.0,0.0,1.0,1.396240198721542,3.046992822778908,1.8607804333564513,1.8412740170861686,3.577952755414813,2.413858553599521
1,3.8571930787547055,-0.8509086455041339,-0.8509086455041339,3.4283768041048943,1.0,1.0,0.0,0.0,0.0,1.0,0.1079465584864352,0.12442074690607363,0.706491185901146,-1.5491805333175943,0.7747227387616017,1.3363864162463535
0,1.6734834220987864,3.650655791242566,0.7660297934803386,3.650655791242566,1.0,0.0,1.0,0.0,0.0,0.0,-0.30309632195049585,2.2198692387354555,2.0003486784627906,0.0338737706522213,1.5235398011042438,2.2791135154153404
1,6.3785225846456495,5.925503516082873,5.925503516082873,5.29504673908049,0.0,1.0,0.0,0.0,0.0,0.0,1.8186789110211603,1.5870470500791347,1.773360676444769,1.5210681521234188,0.8141278920432246,0.695039685773904
1,6.620279939406581,3.3674091413130243,3.3674091413130243,4.812259205457137,1.0,0.0,1.0,1.0,1.0,0.0,0.4480274927421698,1.2349421181347138,-0.6530312770556721,0.47082338584571665,1.4037912784551914,1.3352169859232896
0,-0.2560308900627085,-1.85073421203628,-1.3613577400396828,-1.85073421203628,0.0,0.0,1.0,0.0,0.0,0.0,-1.1532808245854644,-0.5358628325018859,-0.9593469454926573,-1.121785297699564,-1.116832396735266,0.3002823230383379
0,2.789292847075684,7.258222142386484,3.406413024095319,7.258222142386484,1.0,0.0,1.0,1.0,0.0,0.0,0.9192476767051143,0.7981308481551029,-1.0998536691968794,-0.9844847671807999,1.2221914909722171,0.9931897171798257
1,2.4324205202366906,1.6589375194572744,1.6589375194572744,3.63986581656191,0.0,1.0,0.0,1.0,0.0,0.0,0.17609768952539356,0.5105729692299649,-0.5020874273663896,0.8009121115687026,0.5606100448212519,2.033037168257035
1,4.883623271813545,3.4125084580983263,3.4125084580983263,3.1978716123004727,0.0,0.0,1.0,0.0,0.0,1.0,2.2375589532273406,-0.542280382330768,0.5151667644770048,-0.17588303040229492,1.2911944278532976,1.012166306739366
1,1.8717784120604182,1.4968692213144326,1.4968692213144326,2.1526556713390677,0.0,0.0,0.0,1.0,1.0,1.0,0.5386745007789467,0.6353252057533268,0.8975739751917545,0.7604085524097632,0.48652793611497125,-1.5040435176112426
0,1.4212581502310655,2.2661896124615595,1.6910502377109058,2.2661896124615595,1.0,0.0,0.0,0.0,0.0,0.0,-0.3052268242664252,0.4847390306407796,-0.1806769643990025,0.7155922947491609,0.1648315606916938,-0.0773903657512871
0,-0.6450115306724951,0.15005656542650553,-0.7494727732583778,0.15005656542650553,0.0,1.0,0.0,1.0,0.0,0.0,-0.2362436905758435,-0.8403108729788156,0.9623575073240846,0.13598425604524556,-0.8410388351419336,0.05363078575646285
1,0.25470035496817844,-1.7250585499030875,-1.7250585499030875,0.2655684708213285,0.0,0.0,0.0,1.0,1.0,0.0,0.168756843850855,-0.8844696399308254,0.46266944443908165,-0.5664008538857186,1.3331467408765874,1.1785296454130516
0,3.8344765148376605,5.74044013023554,2.1328530983333804,5.74044013023554,1.0,0.0,0.0,1.0,1.0,0.0,2.1683331373350336,-0.7106436196511958,-0.4230676710342225,0.4754813993536595,-0.26147478203679086,2.6227043824689877
1,3.1975210039971893,0.6644735467689069,0.6644735467689069,2.432711713808615,0.0,1.0,1.0,0.0,0.0,0.0,0.5366022346689218,-0.3435800126330837,0.2111098034787997,0.14371369753857688,0.0934452543877895,1.9522889379520159
1,3.200354836383988,1.432433770923249,1.432433770923249,4.317299886104184,1.0,0.0,1.0,1.0,1.0,1.0,0.5726563354827181,-0.018059322085816065,0.9747022318710465,-0.4489305127327584,1.4811119105185266,-0.29845070096278214
0,3.3758118025459565,3.516411642518106,1.5241428340727294,3.516411642518106,1.0,1.0,0.0,0.0,0.0,0.0,0.6702861979157863,0.7321747848526458,2.2972914448075845,1.819878941745702,1.7801632905749478,1.5519684145959953
1,5.132854920640686,0.36782713802285105,0.36782713802285105,3.7101275111468577,1.0,0.0,1.0,1.0,1.0,1.0,1.1676912494430725,-0.31634650613225745,0.6525840927583417,0.2097199039279808,0.40497968979698284,0.9903095746072057
1,2.0566365477938655,3.458968129992117,3.458968129992117,3.477396207157875,1.0,1.0,0.0,1.0,0.0,0.0,0.6642342021892635,-0.2500596884558489,-0.7568827688081599,-2.4655631716695345,-0.5061195267029612,-0.5924543252830099
0,-0.14260331233497575,2.5844263440050304,-0.49577202217962424,2.5844263440050304,0.0,0.0,0.0,0.0,1.0,1.0,-0.10788859507633641,0.032799634456757654,0.4648840569971048,-0.2956408089119019,1.1837388388514805,0.21278356014750432
1,3.665035009069923,2.1870456807421887,2.1870456807421887,5.592659086883383,1.0,0.0,0.0,1.0,1.0,0.0,1.276316681988943,1.0010390170800365,2.1424459262550823,-0.8799437902700997,0.1992894799698851,0.4714073284279121
1,6.561936123041827,3.990138962507334,3.990138962507334,5.0128579401305,1.0,0.0,1.0,0.0,0.0,1.0,2.0925723273474,0.394510660446144,1.5761961404710934,0.8884860146624959,1.1755614647834538,1.2076611695097461
1,2.3810628827989855,2.4398595040532887,2.4398595040532887,3.926029201662903,1.0,0.0,0.0,0.0,1.0,0.0,0.8661139049622593,0.23795609150422725,-0.5429848864138402,0.13061315118010364,-1.071842051501633,0.9526843400617674
0,3.4513742314986375,4.912361771070664,3.7048567091264895,4.912361771070664,0.0,1.0,0.0,1.0,0.0,0.0,1.7737243278483437,2.3250831322205707,1.9603073156911777,0.08077495267606877,-0.08626827664387471,2.3973367127381766
1,8.654319610426848,5.276744082001035,5.276744082001035,8.432434585702328,1.0,1.0,1.0,0.0,0.0,1.0,2.432990040252819,0.08203556479886287,1.2775970712988092,3.1467537029499675,0.997884450566036,1.8955168843638792
1,5.463018947467269,2.195723854295763,2.195723854295763,5.521005362027901,1.0,1.0,0.0,0.0,0.0,0.0,0.2608791700453338,1.3552973759639264,1.6590348418700007,0.5542180682326361,-0.2607936843740166,1.0039609670873375
0,-0.8112544823685905,2.19885510791818,-0.19366441992461958,2.19885510791818,0.0,0.0,0.0,1.0,1.0,1.0,0.06807003340331169,-0.5334136952019848,-2.1044548303326414,-0.7214827610902999,-0.9402316599299532,-1.8183042642373022
1,7.074371375203982,3.452836443007581,3.452836443007581,6.0763656829296036,0.0,0.0,1.0,1.0,0.0,0.0,2.1996035150849087,1.51175216631152,2.0435239861717474,1.776277850663278,1.0822659708215059,1.9783712381784944
1,0.7492208066232945,-1.979560217070143,-1.979560217070143,0.02831546999669443,0.0,0.0,0.0,0.0,0.0,1.0,-0.7637210769222891,0.6598928694278204,0.7287426276024486,0.465656427314061,0.6551684625800198,0.9420675288027528
1,4.1748868690672545,0.8393491012497477,0.8393491012497477,2.456413922574895,1.0,0.0,0.0,0.0,1.0,0.0,0.2868467283847295,0.5503580744374075,0.723622103486696,-1.4379789720633,0.9962725282427036,-0.2567636280242811
1,6.286347298440342,3.3717868341868122,3.3717868341868122,4.149262682883673,1.0,0.0,1.0,1.0,0.0,0.0,0.953512157173268,1.2786586472234118,1.011638349742018,2.161538665729511,1.4402542433743712,1.8892119562383312
0,0.14639305906933653,1.7241155119945741,0.744652539469942,1.7241155119945741,0.0,0.0,1.0,0.0,0.0,0.0,0.7191988438755216,-0.49361045863949116,0.3634097505272729,-0.5354655133131994,0.9181018592079513,1.3115286956057914
0,1.9854005650111581,5.4000159526082046,4.692104128319255,5.4000159526082046,0.0,1.0,0.0,0.0,1.0,0.0,0.7640193787169491,2.2436264135359556,0.2821211911647349,-0.4405673844676936,0.7685002191283159,1.391608941343323
1,5.76394469667439,2.173697642934797,2.173697642934797,4.553576546836287,0.0,1.0,0.0,1.0,0.0,0.0,0.9006289558096819,1.4788284137619216,0.17346098571595614,0.08789947616738536,2.561358989407981,-0.22072431067831122
0,3.515275054294769,6.49829073780882,3.47316442141663,6.49829073780882,0.0,1.0,0.0,1.0,1.0,1.0,1.6865782001808696,2.333403781585935,0.6173463416306748,0.12494774302734901,0.5700703559003143,-0.781788231868042
1,4.798668536610984,0.1946449886734416,0.1946449886734416,4.634885333422137,0.0,0.0,1.0,0.0,0.0,0.0,0.8852046548693411,1.6626239097741446,2.019298845346139,0.7828178058021551,1.9258644835656231,0.8289470856215352
1,0.28958647483374733,-0.6804576512137335,-0.6804576512137335,2.062580052003095,1.0,0.0,0.0,0.0,0.0,1.0,0.05665494275446453,-1.3526460538555831,-0.890858471978416,-1.2080037125499943,-1.6787244811907072,-1.4066344356913563
1,7.0573311637081595,3.7514968719442705,3.7514968719442705,5.496550768112282,1.0,0.0,0.0,0.0,1.0,1.0,1.2618038366547237,1.3419371220625858,-0.41247891608508913,0.4655834929037726,2.7839149551771962,0.11470627002529066
0,1.9535508297724298,1.9628512918613819,1.9477512776319967,1.9628512918613819,0.0,0.0,1.0,0.0,0.0,0.0,1.2073304984424513,0.5281193054519215,1.4946580348205498,0.08058671344466367,1.6116982065633247,1.9348919774160787
0,-1.188224825255893,1.870245967212262,0.6918338342988968,1.870245967212262,1.0,1.0,0.0,0.0,0.0,0.0,-1.007044002751749,-0.07886919070299625,0.9262011997963318,-0.6453884551372298,0.46247350403526855,0.7198787326025391
0,5.88148662702225,4.995023681452352,3.4463683346918184,4.995023681452352,1.0,0.0,0.0,0.0,0.0,1.0,1.1158830251438525,2.0431286501427826,0.5925759977764621,1.471144821776399,2.1087191873300783,1.942544909519335
1,6.031145497037539,5.57994225445135,5.57994225445135,5.473960159314373,1.0,1.0,1.0,0.0,1.0,0.0,1.3470988908173074,1.2690397077300628,2.0911540158805164,1.1299599561077867,1.5127378292845117,1.653033272607707
1,-1.9285715725869697,-0.12326438811494489,-0.12326438811494489,-0.28586269227101735,0.0,0.0,1.0,0.0,0.0,0.0,-2.0857695788407455,0.31538049177136745,-0.3091115172017672,-0.6444363180408417,1.2399846696675807,-0.2894740022900377
1,0.0848985503351482,0.5124131050571813,0.5124131050571813,1.458757960314746,0.0,0.0,1.0,0.0,1.0,0.0,-1.1964932751599437,-0.6236844809287325,-1.2148948494295007,-0.46715826708407193,-0.9322900853448839,1.8069341341463199
1,5.764437451858873,1.9213316814914996,1.9213316814914996,3.782585097306871,1.0,0.0,0.0,1.0,0.0,0.0,0.9733739457660926,-0.6793092942809964,0.22757050366790393,-1.0571375009323924,-0.4943169952353248,0.30909156637614155
1,7.276128667450244,5.10583638368816,5.10583638368816,6.772628985361382,1.0,0.0,1.0,0.0,0.0,1.0,1.7604774856696994,0.3550282364979315,-1.0161185645263642,0.6802039812909026,1.672681229671002,1.284021479392059
1,2.779445511385093,0.9742084658547826,0.9742084658547826,3.8576493576718516,0.0,0.0,1.0,1.0,0.0,0.0,1.1833778744820034,-0.5919821049569367,1.7841287966307122,1.910597128005386,2.259813763903682,1.7011433034201615
0,4.051586358308628,6.278169961224055,3.708896663526507,6.278169961224055,0.0,0.0,1.0,0.0,0.0,0.0,0.9310597627009508,1.7132513651635048,0.19399156504725362,0.2804921070766254,0.3081172849684721,2.25712514095313
1,0.6249189310063319,-1.222674557703229,-1.222674557703229,2.1357319126414755,0.0,0.0,0.0,1.0,1.0,0.0,-0.6699173603352226,-0.12160098979807099,0.4982199073187906,0.7489361329325357,0.9905772987263166,1.2674499129420334
1,1.853451699914123,0.9514586143852188,0.9514586143852188,3.2771833139386315,1.0,1.0,0.0,0.0,0.0,0.0,0.20037499224510358,-0.3381555395675737,0.9912542070256513,0.3204526736604069,1.3972179409294094,0.19032858297865674
0,0.3164593685408096,2.2730832051368512,-0.0954506939252493,2.2730832051368512,0.0,0.0,0.0,1.0,0.0,0.0,0.12975959968516892,-0.6073303905418577,-2.412434276739698,-0.6382093782262057,-0.9245764367816467,-0.3433178553444085
0,3.975552784272646,8.037482395094852,6.715932523562535,8.037482395094852,1.0,1.0,1.0,1.0,1.0,1.0,1.402404370967727,1.3248403153785435,2.1658200126518268,0.017118360176728242,1.4802251661838435,2.1070748182864443
1,4.718659728131865,2.2439971132955234,2.2439971132955234,3.3773425735391545,0.0,0.0,0.0,0.0,0.0,0.0,1.1896242235669843,1.43002950271305,-0.019218373407285605,0.18580084108386158,1.0568776164428433,0.05643014096245402
1,2.4010016755195327,2.6331624402651146,2.6331624402651146,2.989259179950228,1.0,1.0,0.0,1.0,0.0,1.0,0.041696924080008746,-1.2188742924998013,-0.1711893808150966,0.1982233587833862,1.8122705770546512,1.1197055988120534
1,3.6353850820901537,5.7175196720591845,5.7175196720591845,6.534399746053224,0.0,0.0,1.0,0.0,0.0,0.0,1.5947970850138524,1.5731054891061826,1.320884772647926,0.05361801663381344,1.4758958489630742,3.2797247586135647
1,3.1152023476351456,0.8261915662871391,0.8261915662871391,1.712083433708345,0.0,1.0,1.0,1.0,1.0,0.0,-0.14545923483457623,1.0200839163361288,-0.5186663617506342,1.1666130526645453,1.6553944817751463,-0.13811701908379637
1,8.763948017241608,7.292344716134727,7.292344716134727,6.0414170986655,0.0,1.0,0.0,1.0,0.0,1.0,2.4837845760932487,1.845179595412303,0.02063774496465398,0.5067184274355316,3.0032982233025876,1.3415097945232322
1,6.115120217764219,4.559111243122225,4.559111243122225,5.275203826091182,1.0,0.0,0.0,0.0,1.0,0.0,1.9125090607203725,1.575929206328272,0.621736528902669,-0.40749304844397616,0.5378093092892786,-0.3328572894723447
0,4.36797943788216,4.560965856985072,4.586415940904251,4.560965856985072,0.0,1.0,1.0,0.0,0.0,0.0,1.701701771396091,1.0920535856022002,0.3870192217296946,0.8973395272501361,0.9877572284790516,0.9710399270945638
1,4.563174698285538,0.3733151242381525,0.3733151242381525,3.06496868550075,1.0,0.0,1.0,1.0,0.0,0.0,0.9729151046019034,0.7828057107191724,2.218202554194304,0.36093778753531625,2.1881005655521917,0.876854249128619
0,0.2813702732220471,1.973057293760135,0.8355803341007721,1.973057293760135,1.0,1.0,1.0,0.0,1.0,0.0,-0.3918094833170612,-0.6721077099938768,-0.3925165181492847,-0.8676569161904117,-1.249625722999129,1.3683373167018764
1,2.7802984555479706,0.345512443125449,0.345512443125449,3.8580285325897736,0.0,0.0,1.0,0.0,1.0,1.0,0.8738356511553638,-0.6723081017450796,0.5745629230321176,0.13860945867665403,-0.3514719123439882,1.7633737384632202
1,2.153897375474845,0.3760405809836936,0.3760405809836936,1.2076323334980492,0.0,0.0,1.0,0.0,0.0,0.0,0.2258427523613184,0.488719707795531,-0.12453335263768617,-1.6292294430990375,-0.026782565872498942,0.15015192424266632
0,-1.5986104463478426,0.5646118728310008,0.6852408472285016,0.5646118728310008,1.0,0.0,0.0,0.0,0.0,1.0,-1.7075870670259632,0.4920628289476051,-0.027509740525932136,0.08664708505957786,0.3940635762215239,0.2978650771278174
1,6.242985254251446,4.314068104956499,4.314068104956499,4.949000114449092,0.0,0.0,1.0,0.0,0.0,1.0,2.2929955842036316,0.18360007240100262,0.4711627023595961,1.0623757836660728,4.029784471674632,2.0203192978161413
1,6.31548311623202,1.739753933683535,1.739753933683535,5.691719603785736,0.0,1.0,1.0,1.0,0.0,1.0,0.8293539236912079,1.3481412159149568,1.0304472724826417,0.9498304246750072,1.3544461089402384,0.9988931242143212
1,2.9617006802180628,1.1430736264104107,1.1430736264104107,2.8062772699490846,0.0,0.0,0.0,0.0,0.0,0.0,1.0078795280379709,1.2109668209811555,-0.30275958140910375,-0.796943789442939,-0.732582391540499,-0.023568650692250337
1,5.884882281445068,3.9999088519918358,3.9999088519918358,5.742197471280122,1.0,1.0,1.0,1.0,0.0,0.0,0.8438347582135614,1.5381256988337537,1.3528911009458668,-1.2531253234844701,0.2687241489341665,1.8881107137970439
1,1.5195305432106567,-1.8864642674617036,-1.8864642674617036,1.3029629144015458,1.0,1.0,0.0,0.0,1.0,0.0,-1.3899907150590047,0.4419553158476771,0.2166142269019269,-1.0429227690405052,1.2506368780068826,0.574709539902867
1,5.973917664080257,3.2483575622789496,3.2483575622789496,6.253957919074699,0.0,0.0,0.0,0.0,0.0,0.0,1.6002431203715566,1.7699966761415116,-0.7146033244123093,0.3944485799762889,2.507944582947469,1.0076797781239692
0,-0.051049994537258225,2.4302085752876748,2.5239300372816174,2.4302085752876748,1.0,0.0,1.0,0.0,1.0,0.0,-0.559071531934624,-1.3446163681346266,-0.02491872689379715,1.0584590819058906,0.8542553432416053,0.7240742779924836
0,4.532501148102944,5.025045751167955,3.292226640732862,5.025045751167955,1.0,0.0,1.0,0.0,1.0,0.0,0.5915790911166136,0.48652078472559107,0.14482176174345845,0.8675987869370048,0.04122942136431895,-0.14403581468450644
1,2.8888067943203954,1.2609036987218731,1.2609036987218731,2.0502363079146275,0.0,0.0,1.0,1.0,0.0,1.0,0.9636028218558073,0.9506382346079572,1.9766802573219349,1.1811202059906933,2.8609195743138134,1.4434900238396886
1,7.4174739127584,6.063033524468682,6.063033524468682,8.798519452164788,1.0,0.0,0.0,1.0,0.0,1.0,1.5935836520037492,2.407427573324063,1.7874436550273685,1.7378396305118446,2.207967825142297,3.373116866835557
1,2.3802019550411253,-0.9061982381220585,-0.9061982381220585,1.0458493522656904,0.0,0.0,1.0,0.0,1.0,1.0,0.2324487167724355,-0.4459467894266522,0.4435619470627339,0.6715391650138285,-0.1803789617453948,1.8080448018935817
1,3.4745082125472293,1.787998234619418,1.787998234619418,4.255622666976609,0.0,0.0,0.0,1.0,0.0,0.0,1.7150761902978955,0.05334256783996294,1.0936666229272423,2.687708439007306,0.426397379902393,1.7466298510478113
0,1.18015879468317,2.531701171954499,0.8273509431308699,2.531701171954499,0.0,0.0,0.0,1.0,0.0,0.0,0.7566272110199347,0.4457630987261747,-0.8937667243481855,0.3355972157322519,1.1699571140724268,0.3083956864682319
1,3.4507193944772077,3.1110050754675895,3.1110050754675895,5.003884781557877,0.0,1.0,0.0,0.0,0.0,0.0,0.89763674044744,0.907602576638755,0.22032011043230287,1.080906075980773,1.1527798711096484,1.9852599188592077
1,3.9317867032596236,-0.8283067013397443,-0.8283067013397443,1.500526304379213,0.0,0.0,1.0,0.0,0.0,0.0,0.6920239093213782,0.8685813928206041,1.8426663110528336,0.9617662913310235,2.347818784317165,2.9319130032281793
1,3.9227872026980397,4.253676201714158,4.253676201714158,3.2508763890699117,1.0,1.0,1.0,0.0,0.0,1.0,-0.8773293593959905,0.5702690893411633,0.05599360241749174,1.0680817303187888,0.6449352800361381,1.5907416995210473
1,3.70974897589436,2.564149363796905,2.564149363796905,4.280077829760964,0.0,1.0,1.0,1.0,0.0,1.0,0.16492069064315984,1.05213146333951,0.4277997373508847,-0.09225852777333277,1.0684660991458605,-0.1313792045909994
0,2.0285838335333626,5.606033438164613,3.8327135121311513,5.606033438164613,0.0,1.0,1.0,0.0,0.0,0.0,0.2490296621652937,1.2363406116109386,0.3026989650539038,0.9558540892645844,0.4673515927546398,1.1440653371232363
1,3.743209551575627,0.06460396594837559,0.06460396594837559,2.242851689050813,0.0,0.0,1.0,0.0,0.0,0.0,1.4979898604741944,-0.5882649478482267,2.077128859456672,0.10034731981682005,2.4796277889852187,2.247529470328854
1,3.6133313591012044,0.4878337704391549,0.4878337704391549,3.6252695983781416,0.0,0.0,0.0,1.0,0.0,0.0,2.067580918444932,0.6238315125519882,4.414862620347567,1.1257309534855335,1.0859273663806877,3.5998373777210437
1,0.6969570588691406,-0.37833574464445374,-0.37833574464445374,0.14976691310182055,1.0,0.0,0.0,0.0,0.0,0.0,-0.8473465158667142,-1.3196613593096151,-0.8763866721492013,-0.26163002750291264,0.8646743183960164,0.9001894634388036
1,-0.9614431594809671,-0.87906106768968,-0.87906106768968,-0.862154608275598,0.0,1.0,1.0,0.0,0.0,0.0,-1.6189001194901085,-1.0595053027229548,-0.4446912224498223,-0.5153120922017482,-0.4557444662682568,-0.20731753072239334
0,1.6886972517425825,3.289583522182525,1.192355412695702,3.289583522182525,0.0,0.0,0.0,0.0,0.0,1.0,1.7896242046002282,0.7036912622439796,1.8846744119169048,1.6249495909467093,0.6416377637314269,0.8768940750983745
1,0.8776871825093497,2.4559585583356567,2.4559585583356567,2.4437635338149084,0.0,1.0,0.0,0.0,0.0,1.0,0.5906641441625291,-0.5214600200913944,-1.525663806852669,0.13638686154558471,1.126089574504083,0.045634677644464716
1,8.399103668613709,4.398729148184399,4.398729148184399,9.137223233503509,1.0,1.0,1.0,0.0,1.0,1.0,0.5465477733985498,2.1888086763258796,0.3745443246379314,1.4146874567299503,1.1073147055683208,3.1113397286289897
1,-0.7245520514152514,-1.6793134641468612,-1.6793134641468612,0.6366353740405015,0.0,0.0,1.0,1.0,0.0,0.0,0.32552682438778446,-0.5552556590482953,2.282285628804021,-0.38852289278500385,0.6246433949860728,0.1295921816079355
1,0.879382981209148,0.944368201648908,0.944368201648908,2.0075262415844395,0.0,0.0,0.0,1.0,0.0,0.0,-0.10587969934840402,1.0358743071054333,-0.22131800327197726,0.5892953123437104,-0.06296600119532192,0.6017566716385323
1,8.871426006122705,5.836152063547894,5.836152063547894,12.14556107627555,1.0,1.0,1.0,0.0,1.0,0.0,2.8526883865007138,2.0804516138736346,1.797865822382431,1.7616845382855533,1.6829809151128952,2.4848140055148296
1,4.957958303763139,2.6519066167725622,2.6519066167725622,4.3440552537204615,0.0,0.0,1.0,0.0,0.0,1.0,1.0133465467429206,0.37463189616134623,0.6610267719476267,2.524052468669443,0.661515177748417,1.5124324917096523
0,3.2415831404135758,3.816092078577769,1.2241885992628632,3.816092078577769,0.0,0.0,0.0,0.0,0.0,0.0,1.5225836941007855,-0.21537090812265736,0.026257619826494494,-0.24825876697054117,0.016919752229254015,2.7200229155930837
1,3.1099731473392302,4.598981802485939,4.598981802485939,4.844439132485961,0.0,0.0,0.0,0.0,0.0,0.0,1.4516081885920253,1.4641534599303172,0.5630266090847184,1.6198786645487555,1.4521791579367458,0.060867814560816136
1,1.0266176327036816,1.936935011077202,1.936935011077202,3.001850142853077,1.0,0.0,1.0,0.0,0.0,0.0,-0.5288444952182974,0.21819219591547412,0.6292876840193741,-0.40261363938738126,-0.014211678892037227,-0.18902683383439767
1,3.4112353074890573,-0.9033907486793695,-0.9033907486793695,3.91367864308526,0.0,0.0,1.0,1.0,1.0,1.0,-0.432557513067518,1.3065335358392203,0.22888461702395824,0.7149148761658135,2.3177356275611585,1.3927546083676572
0,3.3501047488543874,5.354211198141458,2.375970939362915,5.354211198141458,0.0,0.0,1.0,1.0,1.0,0.0,1.9072345196817915,1.489726938652216,0.1979513598103263,1.3207644789471997,1.2811529031825555,0.9937672188276986
1,4.508053663747042,1.3046816567152177,1.3046816567152177,4.195126419028356,0.0,1.0,0.0,1.0,0.0,0.0,1.6522267165108118,0.7034486665101276,2.345273880436734,0.41082780494339305,2.3793281043988648,0.8565449808242513
0,4.097108189670079,5.96205427455686,4.819333219799551,5.96205427455686,1.0,0.0,1.0,1.0,1.0,1.0,1.286218278261438,0.9173113383193752,1.3298247145938051,0.7930274605473702,1.729826866092155,3.1938502701946954
1,6.474278924489177,4.751523904136862,4.751523904136862,7.312219681858566,1.0,1.0,0.0,0.0,0.0,1.0,2.157854621542443,1.0807484532377873,1.2254119082994164,2.0494336929335355,2.623533652859044,1.3679982803765123
1,5.1494802595458395,3.1462579151884755,3.1462579151884755,4.015298200677888,0.0,1.0,0.0,0.0,0.0,0.0,2.05036772184498,-0.27481919320292403,0.43671920026120725,0.6632145179383662,1.0807404347885132,1.4819410189502853
0,1.3131362292437248,3.5437534159913113,3.803389186401965,3.5437534159913113,1.0,1.0,0.0,0.0,0.0,0.0,-0.7905218404207235,1.7993020135897415,0.27048579698702,0.1914477534156881,0.33831156039396404,1.5920813247574368
0,2.9302467810366624,4.49732775044204,1.6244641785096299,4.49732775044204,1.0,0.0,1.0,0.0,1.0,1.0,-0.7526696070707626,1.6309561156600396,-0.21516149379711225,-1.2248558810745631,-1.2643766408457981,-0.5535263434961988
1,5.060757027186803,0.7465222303567909,0.7465222303567909,4.133426975892779,1.0,0.0,0.0,0.0,0.0,0.0,1.1781810418256158,-0.26014896980348357,-0.3176986699173123,-0.6695012058458218,0.8340890282677782,1.9388108151284962
0,-2.2013363708704596,2.3651071249331004,-0.7638034195578537,2.3651071249331004,0.0,0.0,1.0,0.0,0.0,0.0,0.29697940669030176,-0.6185859830641864,0.5145284825012094,0.6505340272930901,-0.1820526038448722,-0.13736464212955624
0,3.7906721188125445,5.965189588277506,3.0433429621606995,5.965189588277506,1.0,0.0,0.0,0.0,0.0,0.0,1.8226020868618067,0.8778016969247863,0.3128429293315187,0.01353713254128297,2.5732951732639533,1.716155616342437
1,5.485328341424758,3.4463852748577963,3.4463852748577963,5.8732164440347905,0.0,0.0,0.0,0.0,0.0,0.0,1.6899998725364997,1.3928714176867725,0.8912949339813676,-0.39750965734675425,2.2571124755768754,3.044362716201117
1,2.0714554479252607,2.8121571811668398,2.8121571811668398,4.846506097670514,1.0,1.0,0.0,0.0,0.0,1.0,-0.13429055394922385,0.6972230260625522,1.2481905109170777,1.5580966431568362,-0.2793151421546263,0.2688842418069791
1,2.825943851540314,-0.880017297306167,-0.880017297306167,2.95190380241358,1.0,0.0,0.0,0.0,0.0,1.0,-0.10853472393762065,-0.1475823264661411,0.4443884208021094,0.6046055128013276,0.05245413135141219,0.23343950925525436
0,2.003033261371826,2.600839717374861,3.544792308536992,2.600839717374861,1.0,0.0,0.0,0.0,0.0,0.0,0.26354017055103407,1.9570177497669243,1.684293482187694,1.6073487646911193,2.089710825368434,1.5466000034983804
1,6.679921623648496,3.926140927401862,3.926140927401862,6.267027876125168,0.0,1.0,0.0,1.0,0.0,0.0,1.4716217943947578,0.9562805194093158,0.9334580064010104,2.034822179817996,1.009363219407935,1.156353831533443
0,-0.07353523606775325,2.357141370917097,1.0049018213623784,2.357141370917097,1.0,0.0,0.0,0.0,0.0,1.0,-0.24450086856206277,1.4565813469656401,0.5114861139580771,-0.5865610048553622,-0.11999849774382265,-0.403264026357651
1,7.298756165392599,3.5573291010270376,3.5573291010270376,5.381466471273514,1.0,0.0,0.0,0.0,0.0,0.0,1.7706633596244976,1.2674622755168907,1.3263717530355483,0.26449041955750485,1.3700993775788493,0.5807523289865806
1,5.9226433532687475,3.2011320797112437,3.2011320797112437,5.274476003097924,0.0,1.0,1.0,1.0,0.0,1.0,0.983832513734226,1.1445495156639436,0.6745086217066858,0.8103122751669289,1.1634456111525697,1.1783305533764785
0,1.2487831179805897,3.413421263626203,0.09573002267767095,3.413421263626203,0.0,1.0,1.0,0.0,0.0,0.0,0.9866055983635895,-0.5621156917461483,2.200038078579606,-0.10951370406333827,0.7597698924962872,-0.5365171989681168
0,5.992181907313704,8.747022708480834,4.313877763405568,8.747022708480834,1.0,1.0,1.0,0.0,0.0,0.0,1.4223823771506132,1.6760448351750028,0.7869991301146237,2.3373759073827958,1.062040741481278,1.4150155641240718
0,3.2418942303633105,6.962405058859916,4.881603261184572,6.962405058859916,0.0,1.0,0.0,0.0,0.0,0.0,1.60012013158345,1.622205312167027,-0.7628298827680717,-0.4616230832194931,1.4017927326156367,0.8629681855219365
0,0.8691396446944774,0.5321322012863166,0.1326050382085897,0.5321322012863166,0.0,1.0,0.0,0.0,0.0,1.0,-0.4694804056442732,0.2215358088479893,-0.014363569755461048,-0.36996692730694003,2.4397057819349346,0.7141490723827446
1,3.847158441968771,1.638313295988131,1.638313295988131,3.8204355413400086,0.0,1.0,0.0,0.0,0.0,0.0,0.8166459984120603,0.6199906497190646,0.5325741837494729,0.5386553238482388,0.8893141255655641,2.256820636439634
1,1.9463172533643087,0.46244821499727035,0.46244821499727035,-0.5001974453211451,0.0,0.0,1.0,0.0,1.0,0.0,0.17108775122891517,0.23321681975126296,1.1904805420339717,0.5318732523162575,3.442031122974422,0.4723281528104457
1,6.662620401780995,5.628411113658295,5.628411113658295,9.062850943788652,0.0,1.0,1.0,0.0,1.0,1.0,1.2437502506742124,2.501643592718458,1.0972549792785768,0.8350546680764929,2.263021019382092,1.4873888688345438
1,4.203591328874325,1.839515277127406,1.839515277127406,3.030796224853921,1.0,0.0,0.0,0.0,1.0,0.0,0.9890775587004181,-0.9681264777084735,-0.4256976249560346,0.38999056000602134,0.6093095819260869,0.9817416334017756
1,4.227917085893464,3.171866584716427,3.171866584716427,4.277975832271779,0.0,0.0,0.0,0.0,0.0,0.0,1.6965209203987153,0.9807130028987479,0.9368247663482482,0.5922803542024726,2.1815080993765115,1.6325584079442117
1,3.007990850313386,1.7201800384946089,1.7201800384946089,2.755302831312062,0.0,0.0,1.0,1.0,0.0,1.0,1.672797663642205,-0.011812927597012579,-0.3837830066806782,-0.6968302399053892,-0.02044584596123511,0.9767721371982844
0,-0.9217225971237302,-0.13417027562561834,-0.23775873423413663,-0.13417027562561834,0.0,0.0,1.0,0.0,1.0,0.0,-1.320594802643611,0.28068506922016684,1.148352243126874,0.045942392616581174,-0.006257027502766688,1.2992138000857218
1,4.90979705078706,3.7461049645658617,3.7461049645658617,4.144119225873502,0.0,1.0,1.0,1.0,0.0,1.0,-0.4957885263549544,1.0682012770110938,-1.4600873751792367,1.3817449654010625,1.6373814335101569,-1.5516979933767079
1,4.657877497191948,3.4102390411735155,3.4102390411735155,6.39827372619532,1.0,1.0,1.0,0.0,0.0,1.0,0.21912381965458166,-0.577932509112161,-0.8271809419497917,1.2235376924264165,1.200316683110032,1.1178068641417733
1,8.485660826386392,2.7940551060808163,2.7940551060808163,8.106105502468496,0.0,1.0,0.0,0.0,1.0,0.0,1.5645206150763757,2.1308624531763227,1.2128840458229861,2.254524814657433,0.9277155297538155,2.1283894243176684
0,0.7361439395471245,1.8946166548806942,1.7604668729415835,1.8946166548806942,0.0,0.0,1.0,1.0,1.0,0.0,-0.5910931334276501,-0.3530708366150206,-0.8808902326849761,2.5313487607305025,1.6501982337704417,-0.6562024451655724
1,2.7826013030554724,-0.978430083349882,-0.978430083349882,2.709957180066466,0.0,0.0,1.0,1.0,0.0,0.0,0.9285739144307439,-0.10899847601708346,0.4005003948047791,-0.9671547251965646,0.5592674296703022,2.386550946788197
0,2.898207350156337,3.763334394200667,1.8205580381030844,3.763334394200667,0.0,1.0,0.0,0.0,1.0,0.0,2.014781065879129,0.31324029036526924,3.599138394744064,0.512336558186782,2.103316024384107,1.798612898824723
1,2.284534480051801,1.3499534059705034,1.3499534059705034,2.891280720846386,0.0,0.0,1.0,0.0,0.0,0.0,0.5539161067990206,0.6923144393586734,0.49124503835713856,0.963352503791915,1.385894403864512,-0.8452721698446832
0,2.4649960985742863,4.8564486703861265,2.054262207590526,4.8564486703861265,0.0,0.0,1.0,1.0,1.0,0.0,1.2678461157519538,0.9440171509003857,0.3703705596342408,0.24425354868409355,0.7698165946142731,0.787596733635205
1,8.809764798380506,5.811382883947231,5.811382883947231,8.730360628500252,0.0,1.0,0.0,0.0,0.0,1.0,2.092741439777096,3.30329977773712,2.2292131862451185,1.1501277021626617,1.9875214009094013,2.914728685504715
1,3.918938448293609,1.9037315525632774,1.9037315525632774,6.228167463235783,0.0,0.0,0.0,1.0,0.0,1.0,0.7342557782422591,1.6810422516753267,-1.2796461934765113,0.9526078707848968,0.6415816399606711,0.2544757794234457
1,3.2612171435820754,2.90491626314304,2.90491626314304,1.6937575058528829,1.0,0.0,0.0,0.0,0.0,0.0,0.15929373834055172,0.4027272419680425,-0.40112752299533994,-0.3210554475152906,1.3721261148982902,-0.20086774260294593
1,3.710057351008303,3.697408054413499,3.697408054413499,6.637805657462508,1.0,0.0,1.0,0.0,1.0,0.0,0.9669812974629172,-0.20120887540169152,-0.35382096398918084,1.0473810408433275,-0.6672132259934584,0.08964527128132482
0,5.3645979595547075,8.19959058449793,7.19607673190302,8.19959058449793,1.0,0.0,1.0,1.0,0.0,0.0,2.6529411245072887,0.9238583948946572,1.1968583530235877,1.0084581724335526,2.586266279925717,1.555187699121124
0,2.2975757319345615,6.119831116985396,3.1100603013110564,6.119831116985396,1.0,1.0,0.0,0.0,0.0,1.0,1.2743019269469817,0.3379831272852234,0.4922336832500573,1.7152257053958602,1.738486460472421,2.194098520843196
1,2.3093689946497054,-0.1205072185406788,-0.1205072185406788,2.2616589519080383,0.0,1.0,1.0,0.0,0.0,0.0,-0.8019527730208353,0.5230741510206041,-0.417090839962425,2.1013872381273915,0.547084753610755,2.7272417974837944
1,4.013998432064838,4.006241119894492,4.006241119894492,3.9345202014005136,1.0,1.0,1.0,1.0,0.0,1.0,0.13186731579613875,0.12777413145327166,0.801759960497042,0.21940243644646779,2.037673131960667,1.65542856569785
1,1.3969253221240687,0.117748123259235,0.117748123259235,3.674843560085187,0.0,0.0,0.0,1.0,0.0,0.0,0.528068876580583,0.4005821105028273,-1.7405992180319059,0.6174795324047302,0.8155543521419433,1.1756346802127278
1,4.315790206905033,-0.1000927300032588,-0.1000927300032588,6.287354527967555,1.0,0.0,0.0,0.0,0.0,1.0,0.021731433982061954,0.6187543947381478,-0.0898751255519098,-0.20826716967473002,1.6791406506463091,0.7509985987050648
1,4.785237478641037,2.1644982631031016,2.1644982631031016,5.445489974143944,1.0,1.0,1.0,0.0,0.0,1.0,1.0169186631648506,-0.9406857417928234,1.3674420677865,0.1873330266483334,0.12952108749303148,1.014138782113479
1,3.2267325084167546,3.1475981677452234,3.1475981677452234,3.9593737828377904,1.0,0.0,0.0,0.0,1.0,0.0,0.47314678005962424,0.1099641790185516,0.9788148694042982,1.1962134771827628,1.531451169936326,1.8240407343088507
1,1.0702098256791537,-1.5098533407199386,-1.5098533407199386,2.4906031885309856,0.0,0.0,0.0,0.0,0.0,0.0,-0.28892650419694343,-0.09072022667598445,0.17668682406198938,1.7851474258000937,1.7820704230217275,0.8569089231759187
0,2.768564250447946,3.1396931070849114,1.9091117051921742,3.1396931070849114,1.0,1.0,1.0,0.0,0.0,1.0,-0.8125528234199171,0.9610314631736205,1.536868669232775,1.5606815881713803,1.675647804834053,0.47118917156322615
1,1.826250872485383,0.34564699164003043,0.34564699164003043,2.4087360085914,0.0,1.0,1.0,1.0,0.0,0.0,0.39867109179619326,-0.2780543301964452,0.6562083021825529,-0.09101283715923647,2.5057183582932927,1.2716280434786407
0,1.3623995092655365,0.759561983052143,-0.03783741772638552,0.759561983052143,0.0,0.0,0.0,0.0,0.0,1.0,-0.7234517828271179,0.12817972702791242,-0.8175094558995246,0.37348042752212696,1.2604085220616255,-0.7414099428898027
1,6.4301700502116645,4.498248407155549,4.498248407155549,4.215938388395641,1.0,1.0,0.0,0.0,1.0,0.0,1.4761616643349837,0.5101033332613346,0.03442896606903434,0.08409826818206206,0.1913393351644932,-0.14126691990803475
0,-2.5997312763079616,1.248086724980732,-0.694537261510132,1.248086724980732,0.0,0.0,0.0,0.0,1.0,0.0,-1.072256283706874,1.4156909899138657,0.8357170328634209,-1.137670826220411,0.5224036870860659,1.6517404182120523
0,3.48176919166351,6.146637834263076,5.296293391016254,6.146637834263076,0.0,1.0,0.0,1.0,0.0,1.0,1.1713503101090033,1.3080554110210878,0.7040657114936125,0.5303500549248442,-0.19124691163740937,2.3287270616647806
0,3.186383757143242,3.1583322968760736,1.981755721090654,3.1583322968760736,1.0,1.0,0.0,1.0,0.0,0.0,-0.30133695806942506,-0.11593781689009364,-0.6146697599183681,-1.1200409027982268,0.5320614751705193,1.1447336199843399
1,2.034776258314897,2.183138713441554,2.183138713441554,2.027031550668876,0.0,1.0,1.0,1.0,0.0,1.0,0.3154495802688533,-0.8723278944450392,0.37440978432651545,-0.37434026206183213,0.9841287160583261,0.9569678528777439
1,5.468696660914682,3.5916810207465617,3.5916810207465617,4.588218832637089,1.0,0.0,0.0,0.0,0.0,0.0,0.5917546989444901,2.4544894406949593,1.7122643990044675,1.1719689184821163,1.6070251554173776,1.43173884067319
1,3.805516596728469,1.1868224912783,1.1868224912783,2.263747619983392,0.0,0.0,0.0,0.0,0.0,0.0,1.397482163509495,0.7327035759184016,1.580708704454654,-0.14040322633700308,0.6154551952027097,2.6560783531469854
0,0.18662355532009023,1.48694704593608,-1.7715417642573934,1.48694704593608,1.0,0.0,1.0,0.0,0.0,1.0,0.2533025373161329,-1.597779436603295,-0.5849449729016358,-0.4519041376863898,0.23756290021311421,1.1270582025036744
0,-1.4965686671778946,-1.815076870005484,1.3088117682503058,-1.815076870005484,0.0,0.0,0.0,1.0,0.0,1.0,-1.0100937067837739,0.1536726674278419,-1.0859232876331903,-1.1579573895312167,-0.6621378377921747,-0.13229514672904807
1,5.062888007264003,3.7013751703582822,3.7013751703582822,4.7735142044096674,0.0,0.0,0.0,0.0,0.0,0.0,2.739963382069469,0.20034881959536477,0.20880988455094163,1.7210976148347985,-0.005532704902083907,-0.3795776770359396
1,6.083011451711115,4.197259061248277,4.197259061248277,4.643233062192756,1.0,0.0,0.0,0.0,0.0,0.0,1.4161923719646623,0.16030487021328155,-2.1310246135680657,0.8164754906468263,-0.44303818691519337,1.6323059201435148
0,-1.7306771225084003,-3.3071531112925077,-1.1195702542672195,-3.3071531112925077,0.0,0.0,1.0,0.0,1.0,1.0,-1.5358944835485637,-1.028274258802373,-0.5118486905333541,-1.5018469930874994,-0.5124031095324277,-0.6525970188803007
0,-0.5568809159870528,0.27562948397656184,-1.2114857183903853,0.27562948397656184,0.0,1.0,0.0,0.0,0.0,0.0,-0.6155148624976889,0.27442368720057914,1.3006085608847906,-1.3441442535261392,0.10210641258827835,2.4774479399474076
0,3.7602789408852515,6.78071559893829,5.387713882375026,6.78071559893829,1.0,1.0,0.0,1.0,0.0,0.0,0.1431266077402536,1.784983135725658,0.7105320231264857,2.4018782336879845,1.2693199537607136,2.147705033699115
0,1.4636020348658358,0.763334214289292,1.3962584718707147,0.763334214289292,0.0,0.0,0.0,0.0,0.0,0.0,0.3471129424566646,-0.14054474499649283,0.12370316218513133,0.7618053815422767,0.5167978803344391,1.5069354180332941
1,3.640217137901825,1.2280717763452489,1.2280717763452489,3.8217835631341988,0.0,1.0,0.0,0.0,0.0,1.0,1.2277313139140535,0.28776219674891956,0.7418506180619726,0.4547813920767131,0.880229017482708,1.8699090215876577
0,0.7782787851837699,4.038411322669937,1.5020420348089236,4.038411322669937,0.0,0.0,0.0,0.0,0.0,1.0,0.541249514189056,1.6652114014629749,1.9731211305822471,0.9466813321134964,1.6667203370290575,2.023408818971814
1,1.7682554089201235,2.394714074354815,2.394714074354815,2.9482840809831217,0.0,1.0,1.0,1.0,0.0,0.0,-0.09667300721759342,0.4409086454505577,2.1275827358702584,0.5509762336093349,-0.19306008109314265,0.08708501319744988
1,2.530656209724599,2.056648533787442,2.056648533787442,4.300674841558453,1.0,1.0,1.0,0.0,0.0,0.0,1.0534363145523613,-0.20484134404139487,3.337900871240965,1.084071634503303,1.2500210174250297,1.6927913379490418
1,6.269861004106289,3.7017955748964426,3.7017955748964426,4.892309189577702,1.0,1.0,1.0,0.0,0.0,1.0,0.9302615948447366,1.3293998322268155,1.515541646206816,1.3075955460555204,2.0158797163892155,2.0190798870726034
0,0.4865598118832715,0.05837284298207179,0.6665787794997631,0.05837284298207179,0.0,0.0,1.0,1.0,1.0,0.0,-1.0546294511091925,0.888053364216408,1.6130371097923142,-0.71523950992687,3.3343074457541464,1.5457432405663916
0,1.0111818772880674,3.373237247632618,0.8162261419591528,3.373237247632618,0.0,0.0,1.0,0.0,0.0,1.0,0.08859081400203078,1.6973619164678246,1.2839818723764362,0.9854095526536129,1.2949598240179385,1.3161418965496983
1,8.445538714646538,3.905271223945472,3.905271223945472,7.645855067183929,1.0,0.0,0.0,0.0,1.0,0.0,1.9967659253294436,0.615824054013494,0.8582069402831158,3.610769273037025,1.9331823977373563,2.6193740930958493
1,3.303803874652382,0.6232339235477966,0.6232339235477966,2.385368587697941,0.0,0.0,0.0,1.0,0.0,1.0,0.8585987555744519,0.3676481350287661,-0.10791054238383013,1.289171669746596,1.5387646385075822,1.402005027589157
0,6.8066758265627545,8.56898495691661,7.707406985716435,8.56898495691661,1.0,0.0,1.0,0.0,0.0,1.0,2.01057969739892,2.2440842243997037,0.9809858988579938,1.3791352809880204,1.9205060702698633,1.0216253408902043
0,2.6485144370182336,1.683041917676011,1.8839259766522973,1.683041917676011,1.0,1.0,1.0,1.0,0.0,0.0,-0.5884864001867915,0.47059160775800807,-0.2784422340767714,0.6110970908490829,1.1113918219727075,1.0622442281362194
1,2.4251175815611115,3.087768384360371,3.087768384360371,4.186538546358395,1.0,1.0,0.0,0.0,1.0,1.0,-0.7828557603601551,1.532173212835257,1.458482094998264,1.5787967973995445,0.2643247021415116,1.4227404082955937
1,3.9267835064428813,2.0160031728568093,2.0160031728568093,3.8492715811453206,0.0,0.0,0.0,0.0,1.0,0.0,0.9239954199326152,0.7732133221799635,-0.08952200848954617,0.7814135103710986,0.23552302707766593,1.990957491814156
0,3.21961376995146,4.110273378449092,3.6699360277816604,4.110273378449092,1.0,1.0,1.0,0.0,1.0,0.0,-0.5168076466287228,0.03432860222581269,-0.37139519464371895,0.5719044651476896,0.2809182193307149,1.071291265600829
0,1.8623539093196806,4.782572079008033,4.2859947309140765,4.782572079008033,0.0,0.0,1.0,1.0,0.0,0.0,1.2086619201576116,0.3663450650941067,0.8289050286734676,2.7719349705954315,2.9981323030492124,2.806098189660809
