1,1.7892702721583804,2.3707756107367484,2.3707756107367484,2.865160629469183,0.0,1.0,0.0,0.0,1.0,1.0,-0.4022823358473866,0.5784980660969726,0.05428590941179612,0.5323139394892115,1.11148979700538,4.27668176745406
1,5.204258994164216,5.333184142004652,5.333184142004652,6.226574340384852,1.0,0.0,1.0,0.0,1.0,0.0,2.3639902162433266,0.6855985762327802,1.6100115911297959,1.5375578242433539,1.3107128372814567,1.833552776923744
0,-0.1770812731700987,0.8341467751608018,-0.5684495008992676,0.8341467751608018,0.0,0.0,0.0,0.0,0.0,0.0,-0.9065069450152698,-0.05616739703483986,0.3898634612725362,0.10616805218638375,0.238815544347468,2.4519027617495617
0,2.2285016034782346,3.7688760118455784,2.463371916656661,3.7688760118455784,1.0,0.0,0.0,0.0,1.0,1.0,0.40083910389055893,0.8423082263534918,0.9090673739529832,1.596480829284919,1.7317420552628757,0.788724552939311
0,1.4770970275140098,4.69181660733051,2.7339751300917987,4.69181660733051,0.0,0.0,0.0,1.0,0.0,0.0,-0.43110252681082817,2.529330142866934,0.41347540421685847,1.0927010842677607,1.3940284361016073,1.9259475771201697
1,4.123195846809837,4.622425560863274,4.622425560863274,5.217146434631574,0.0,1.0,1.0,0.0,1.0,1.0,-0.03443957470642711,1.3418933305259375,0.645628939674995,-0.31468538570402194,1.8602102627764168,2.066509840785677
1,3.4108865685021907,0.1997522464024859,0.1997522464024859,2.3157429374891088,0.0,0.0,1.0,1.0,0.0,0.0,0.940766189048519,0.4723863677942359,1.0308506999935652,-0.20235415499201392,1.5679539800158542,2.0659156556302776
1,1.0421107725157406,2.155377895240991,2.155377895240991,2.141933187565094,0.0,1.0,0.0,0.0,1.0,1.0,0.872138831477061,-1.2982459322131454,1.1618597713250742,0.06438922607703579,-0.7804364780775868,0.09353675503452463
1,8.19472835452406,5.092956914331326,5.092956914331326,5.4216448954422205,1.0,1.0,1.0,1.0,0.0,0.0,0.00015422918057034218,1.4803014582107983,-1.1722660357408439,0.5004922150269351,2.864014501188933,0.9625013368337013
1,5.826235029906749,2.425584245878983,2.425584245878983,5.278673233389169,1.0,1.0,0.0,0.0,0.0,1.0,-0.2435311988283272,0.6168539326146699,0.7067443090721572,0.9561824159072184,2.698877561257257,-0.35809912241171094
0,-2.4956874060906356,-0.1941745105176524,-0.8265289588380398,-0.1941745105176524,0.0,0.0,0.0,0.0,1.0,1.0,-1.0636921367549808,0.5992979287337772,1.8117781232340624,1.422507947627265,-1.501848193300971,-1.1241781746360013
1,5.5893779308201115,3.319407621223394,3.319407621223394,4.743748435977039,0.0,0.0,0.0,0.0,0.0,1.0,2.127296733626225,0.5199400705895034,-2.3403196003059032,1.3072923013632227,1.6541276836935976,1.2035468724176583
0,2.9093851939012985,6.1740297152306125,4.451286455675385,6.1740297152306125,1.0,0.0,0.0,0.0,0.0,0.0,2.0714327461983686,0.33010582906889396,0.3114880190624367,1.154546065275493,0.40099481405143,-1.009119718530909
1,1.3793611717258163,-1.1791530931203602,-1.1791530931203602,1.5071646554830749,1.0,0.0,0.0,0.0,0.0,1.0,-0.46190225696807496,-0.24748259100080028,0.5231271961544229,-0.766175868203055,1.1705445734936533,0.19703102186545607
1,7.604010169999423,3.663653590297418,3.663653590297418,5.881942872422539,0.0,1.0,1.0,0.0,0.0,0.0,1.4824250469880602,1.593779042041382,-0.3739106776751493,0.8990874492061156,1.6473415728954335,2.2957641522795056
1,4.351032040717937,2.7296330764626866,2.7296330764626866,3.305667661179526,0.0,1.0,1.0,0.0,0.0,0.0,1.4696382839390352,-0.8795602522124384,0.03361595022865932,1.553868522990102,1.1364996052148393,0.7000252915338925
0,-1.6980337853510146,-0.4659223663157922,-1.0506081505047258,-0.4659223663157922,0.0,0.0,0.0,1.0,1.0,0.0,-0.834623256564764,0.6248890588527599,0.6254366945675399,-0.6354633736227215,-1.4525596815848547,0.47674922516444174
1,3.6586638232999835,4.311347787643548,4.311347787643548,5.034701441625901,1.0,0.0,0.0,0.0,0.0,0.0,0.5241129305585113,1.2693721417356052,1.2970760790007336,1.6622024775516693,2.504061599869835,3.1035925718476007
1,3.622636915127956,2.4795242278569347,2.4795242278569347,3.4472090535448587,0.0,0.0,0.0,1.0,1.0,0.0,0.5244562713179468,0.46549215802976385,-0.5388784780732099,0.07048696056921266,1.464965228357813,0.0844668538294342
1,2.5612787965646264,2.330197442831162,2.330197442831162,5.800780808643216,0.0,0.0,0.0,0.0,0.0,0.0,0.9265142795738603,0.6192843637092316,0.3096043256228529,0.4371961372133536,-0.8378909626326319,0.025527389339316642
1,6.218680112205536,4.0830677107528,4.0830677107528,5.892498198556238,1.0,1.0,1.0,0.0,0.0,1.0,1.6876637500893414,0.8588068241659494,0.9494513277419754,0.35266800615076604,-0.7281417505394656,1.0245663168654588
0,2.9637342138512173,4.419577649289579,2.919564738525901,4.419577649289579,0.0,1.0,0.0,0.0,0.0,0.0,2.1775972047862284,1.2147578313747875,-0.19699913211100517,0.9538140700958938,1.1041984874468977,-0.04002295553441426
1,3.982793744918173,2.7641690658204565,2.7641690658204565,3.8853209189501126,1.0,1.0,1.0,0.0,1.0,1.0,-0.15175184442315892,-0.2839256578007878,0.799213664195026,-0.23507818074216114,1.1686321692799466,1.530317868545343
1,2.8887326400536786,1.5439682117001536,1.5439682117001536,1.4427639910764039,0.0,0.0,0.0,1.0,0.0,0.0,-0.18610533644992389,0.3740859408682613,0.5509321376799134,1.77325293624598,0.09857385736758895,0.7494711922536286
1,6.1902935244049235,5.131502036210567,5.131502036210567,4.48489616436459,1.0,1.0,1.0,1.0,0.0,0.0,1.2024415710890195,0.48867070869087315,-0.43574038247314606,-1.279851289727534,-1.341528219875178,1.5941330482910794
0,0.8938747911346542,0.9259411317411134,-0.34351525481659256,0.9259411317411134,0.0,0.0,0.0,0.0,0.0,1.0,-0.3771202894652985,-0.168480979053945,-1.7053711805861855,-1.2032197284438741,-0.8200957565530027,0.30525009780717227
1,1.3262764258721034,1.8507362117736927,1.8507362117736927,2.780398383985213,0.0,0.0,0.0,1.0,0.0,0.0,0.43862273220839326,0.5714022515875509,0.8967825091640824,0.3573813451384028,1.5431603159086968,1.683736816208485
1,5.255824987123673,3.2293921830870365,3.2293921830870365,5.442325113835861,0.0,0.0,0.0,0.0,1.0,0.0,1.840913910310145,0.814828548214722,-0.24290443420683072,1.7852027021611636,1.5147586413175778,0.5413645251167515
1,1.458316629329262,-1.2620046395766729,-1.2620046395766729,0.7776130931508807,0.0,0.0,0.0,1.0,1.0,0.0,-0.008412859582276888,-0.749330694344829,-2.0447965768635816,-1.0819006494350116,0.7171023473040383,-0.3747014448461148
1,2.779810450766453,-0.7719590552562534,-0.7719590552562534,3.5710377240065663,0.0,1.0,0.0,1.0,1.0,0.0,-0.13642415627399285,0.791685334913328,-0.5668421174808242,-0.41726036874846884,-0.7164495061697447,0.847051145044752
1,0.47661008342281164,1.158188949172926,1.158188949172926,0.6419981214538469,0.0,0.0,1.0,0.0,1.0,0.0,0.13768793251228822,-0.22273543635802806,-0.39306125207156783,-0.90419738441351,1.0677038455256733,-0.6345296338181616
1,6.38121896585272,4.773554254031898,4.773554254031898,6.306898125819151,1.0,1.0,1.0,0.0,0.0,1.0,1.2772325422494237,0.6278004592994261,1.0019443179744525,2.929666518344236,2.543824222829369,1.9050230081439001
1,4.639862460424372,1.7043100079398075,1.7043100079398075,4.654530381691614,0.0,1.0,0.0,0.0,0.0,1.0,2.53449416296634,-1.4747036721543538,1.2946643219184362,0.6886061778864531,2.1391446058906194,2.0749884315344955
1,3.2312596400422064,2.7724316534371276,2.7724316534371276,3.093775647440993,1.0,0.0,0.0,0.0,0.0,0.0,0.9553985187973733,0.3597185075260035,-0.0396656673493232,-0.21328180463645885,-1.062513829705019,1.276545003862032
1,-2.2662918960149465,-2.2243591985742652,-2.2243591985742652,0.9321143140457602,0.0,0.0,0.0,1.0,1.0,0.0,0.16143687526696282,-1.6685408134861044,1.9469441143833548,0.2685267635543803,1.040456102984272,1.0258205380784005
0,0.9245799935440967,1.2422655277352614,0.1906131425134141,1.2422655277352614,0.0,0.0,0.0,0.0,0.0,0.0,-0.7999738217518952,0.4746853341354388,0.19723661325984565,0.43609041192134756,0.7533118089767452,0.49586209099649803
1,7.786204504795424,3.54979228514504,3.54979228514504,8.343044583384897,1.0,0.0,1.0,0.0,1.0,1.0,1.0679855335608122,2.119632379946095,0.850653705197866,1.96737503306526,1.9875412470044664,2.382226285591507
0,0.32813016853472027,2.260954300040292,2.3710872837179426,2.260954300040292,0.0,0.0,1.0,1.0,1.0,0.0,0.23012330122374347,-0.7958760757514352,-0.07111455614680351,1.3150051615005849,-0.9880072683500987,0.24094217151851782
0,-1.2460687934815602,1.0789348564124797,-1.5173230895656735,1.0789348564124797,1.0,0.0,0.0,1.0,0.0,0.0,-1.5434976540591743,0.06049026884180436,0.5599271515230877,-1.7972180623034881,0.7103199987150342,0.1237858709765598
1,4.3642885919953365,3.645753162300538,3.645753162300538,6.212426432198666,1.0,0.0,0.0,1.0,1.0,0.0,0.8368321936219676,1.3979382909495481,0.953849543134901,-0.3656565648109339,0.926183997912392,1.399663014722674
0,1.9763203354812116,2.0196050290316343,1.0121907217432038,2.0196050290316343,1.0,0.0,1.0,0.0,0.0,0.0,-0.33795192132630625,-0.4283560572968925,-0.26194870905831213,1.6143913164261732,-0.39829400546563765,2.7926092104796307
1,3.654904902917539,2.937279743633769,2.937279743633769,5.927901008587608,1.0,1.0,1.0,1.0,0.0,0.0,-0.0568964868193631,1.2915312515072426,2.37651537522634,1.6150414151813797,1.2903484687189521,0.7805761430423322
1,4.526163713943717,1.147282285168075,1.147282285168075,4.026031886666543,1.0,0.0,1.0,1.0,0.0,1.0,-0.8139383062660359,1.0316153823346046,-0.9275290870586197,0.6876669234353134,-0.2933639491788478,0.9135035597704371
0,-0.22268054804620174,0.4387244707615775,-2.1094697981096258,0.4387244707615775,0.0,0.0,0.0,0.0,0.0,0.0,-0.7213521730251793,0.4503778259592647,0.3016679688229938,-1.5442944905856066,-0.24286584100457942,1.1890505824328497
1,6.191571018363968,2.4479931418515024,2.4479931418515024,4.9601659849772375,1.0,1.0,1.0,1.0,1.0,0.0,0.89605058041205,0.7606119614989721,0.504140154121577,-1.229815926070921,0.9794826640232138,0.18184793884205264
0,0.37402486545971375,1.7152646734091737,0.25931675656327735,1.7152646734091737,0.0,1.0,0.0,0.0,1.0,0.0,0.3280085910309357,0.010849168659820219,2.1155660852921225,1.2461547809494788,0.44910243416298323,1.1052532328398759
1,3.9943781046527507,2.2090659776941637,2.2090659776941637,3.690823490782913,0.0,1.0,1.0,1.0,1.0,1.0,0.7789178183720349,0.24646050566981131,1.4661648975788522,0.5951965050560694,1.3424602626920612,1.444903032916938
1,-0.24587401297619482,1.3593572933026172,1.3593572933026172,1.1022796179228092,0.0,1.0,0.0,0.0,0.0,0.0,-1.302483980441303,-0.3230081762515956,-1.201474980647502,-0.80487221620599,0.89856333793863,1.196445945821309
0,1.697383243970942,4.598590843769237,-1.3283183642559542,4.598590843769237,1.0,1.0,0.0,0.0,1.0,0.0,-0.46301481619373575,1.0096081129917285,0.18580111237977426,0.1149283612113619,0.22463843030008912,-0.4456134778267993
1,8.784145389254066,4.154546700650731,4.154546700650731,7.52656734106131,0.0,1.0,0.0,0.0,1.0,0.0,1.8323930440677585,2.9954296356088315,1.2746183225103171,0.6909507562664123,1.828410070820669,0.04948174571451802
1,2.605671962474897,0.00865871526496953,0.00865871526496953,3.955451622066102,1.0,0.0,0.0,1.0,0.0,0.0,0.749382193084088,-1.4766282372042334,-0.09640815737936781,0.03832341679669088,1.2988209216457571,-0.27770060988267864
1,7.929726125265679,2.830749685669305,2.830749685669305,5.591744656909882,1.0,1.0,0.0,0.0,0.0,0.0,1.1566012489285664,0.3283863408179147,-0.05929803056718497,0.8997852746378074,1.1049905732202054,1.5295901187710599
0,0.9358601860445805,1.5552116455468739,1.1958365860475082,1.5552116455468739,0.0,1.0,0.0,0.0,0.0,0.0,0.05371999096489194,-0.7483050340372936,-0.3349201522782925,0.27433229332046805,1.2553172992872057,0.1367462914065919
1,0.4376146338416499,-0.9811867113136277,-0.9811867113136277,-0.022585793219226935,0.0,0.0,0.0,0.0,0.0,0.0,-0.04301787869724516,-0.44011945800276453,0.7170739696247155,0.41639699889895304,-0.21455523911311492,1.0524125736459675
1,6.22346180113365,2.615646025685818,2.615646025685818,6.606745531269699,1.0,1.0,1.0,1.0,0.0,0.0,1.239975849002604,1.3955271194315584,2.0296241542084097,1.0849552685670827,1.4627607801931235,1.035604006966624
0,2.807252141826491,7.799207002490112,4.730423095738814,7.799207002490112,1.0,0.0,1.0,1.0,1.0,1.0,2.281811457327005,0.6617985475577608,1.853317751799402,1.7763407660553816,0.1886024490434951,3.172910319920987
0,1.489470092923162,1.9208348813439746,3.236308908135919,1.9208348813439746,0.0,0.0,0.0,0.0,0.0,1.0,-0.7887686088026071,2.43941213221182,-0.09922678656656903,-0.05664378005597481,0.16572684833676998,0.3177205951979021
0,1.5329929866224825,2.1521500032270597,2.142684174905345,2.1521500032270597,0.0,1.0,0.0,0.0,0.0,0.0,0.7871728293766651,0.2764927107985258,1.7736624499925528,-0.5656882803432419,0.5071493385416324,0.9071309243200518
0,0.6067250651508929,2.403246299800837,2.042559381331232,2.403246299800837,1.0,1.0,1.0,1.0,0.0,0.0,-1.4331428402631667,-0.8203844483589056,-0.67816215531708,1.1226867131589202,1.702009752314452,0.3179777651860243
1,2.4271209842436363,-2.5126097707959723,-2.5126097707959723,2.718177663352362,0.0,1.0,0.0,1.0,0.0,0.0,-0.3919811614084293,-1.096518550917989,-1.0411896403614416,0.07048212344092686,0.6939785293193768,-0.5387448140381876
1,6.01364985643054,3.5684674372262264,3.5684674372262264,4.56454928890952,1.0,1.0,1.0,0.0,0.0,1.0,0.2440608080452154,0.7293651868876447,1.0089288376593522,1.7850123654808032,1.8632450456278478,2.995031672313026
0,3.7355957947730047,7.570682840482563,5.919414726457999,7.570682840482563,0.0,1.0,0.0,1.0,1.0,0.0,1.308649646920533,2.4843599098930405,2.1131787765988914,1.7423788883333386,1.1864343262155943,-0.07422964709350222
1,2.695663496710924,-0.9524690660045747,-0.9524690660045747,2.5539282919773987,1.0,1.0,0.0,0.0,0.0,0.0,-0.3099989859739698,0.4859783525015609,2.3605868904929066,0.5271318329341119,1.9495003596110339,-0.18236181614251512
1,2.3093058275584157,-1.4605973416703228,-1.4605973416703228,0.06879557555771487,0.0,0.0,0.0,0.0,0.0,1.0,0.2233450873491158,-0.7485541540178342,-0.41584097194069625,-0.33442348851588843,0.3714430711430863,0.783785774165487
1,2.2954343476763226,0.8037540861143291,0.8037540861143291,1.0613412730635825,0.0,0.0,0.0,1.0,0.0,0.0,-0.6252636145748025,0.6214979720550934,0.6027199423580801,1.5555715240726784,3.4461619661432983,2.1842200973991854
1,5.988320936868394,2.010086802783739,2.010086802783739,4.415140296127831,0.0,0.0,0.0,0.0,0.0,0.0,0.8989609264827179,2.1171045916245195,0.11260480703551234,1.2285255842936542,-0.04356412960800604,-0.2597355129342753
1,2.5708713251762414,2.22183685850632,2.22183685850632,2.1216831718624647,0.0,1.0,0.0,0.0,0.0,0.0,-0.4697821382429377,0.47054342850296244,-0.07092074404816495,1.0513272546782404,0.9752333832408868,-0.6685944887337691
1,9.772779741790904,5.8573783060378375,5.8573783060378375,7.700718382864642,1.0,1.0,0.0,0.0,0.0,0.0,2.3344966389824977,1.5465131328981938,-0.10246519996959513,2.772408474600221,0.4772378369849434,1.1688277939684777
0,-0.28924154843696115,3.193361061069287,-0.8761595728789902,3.193361061069287,0.0,0.0,1.0,0.0,1.0,0.0,0.3894097829423114,-1.7275545788724158,0.4912983826876154,1.2503898739853438,1.1822975634486341,-0.08573580627985589
1,7.791598037329245,3.55983449642586,3.55983449642586,5.44696646899105,1.0,1.0,1.0,1.0,0.0,1.0,1.6522659646384574,1.725097164999319,2.1363710672078793,1.048090118193667,0.7593609329008087,0.5023507654843119
1,2.1159299553371964,-1.281614075381273,-1.281614075381273,1.3922668913736778,0.0,0.0,1.0,0.0,0.0,0.0,0.06645131087585732,-0.2283143153923085,0.6309547442109562,0.34521142042730435,1.3228402332098042,1.5213829782877784
1,2.435190228472106,2.04032408632865,2.04032408632865,4.625583196817427,0.0,1.0,0.0,1.0,1.0,1.0,0.3537738749783026,0.4245380621667255,1.030435026654577,-0.17154470093968976,0.32675214810498643,2.410848413690675
0,4.2093177907105614,5.109435981784213,3.9515311025843376,5.109435981784213,1.0,0.0,0.0,0.0,1.0,1.0,1.016668256878516,1.4186469222376497,-0.16153093739078594,1.486424363257648,0.020677930303249048,2.1863500897503916
1,6.514748824292936,3.194369346692314,3.194369346692314,5.501311804927793,0.0,1.0,0.0,1.0,1.0,0.0,0.6903020486155733,1.9678954266451003,-0.03255856182014372,0.8681609472927829,1.2682493884076118,0.6598300527950915
0,0.8607119587467305,2.3460023193310375,3.6025492308333904,2.3460023193310375,1.0,1.0,0.0,0.0,1.0,1.0,0.04657456093169632,0.6632380147968964,1.8191514393600234,1.194634438692705,1.9684000627900107,0.029312927767634944
1,3.1714192017538196,1.0256201484420808,1.0256201484420808,4.506894935723901,0.0,0.0,1.0,0.0,0.0,1.0,-0.029231464088269155,1.9283315018974099,2.3009822532183732,1.5136052956845911,1.998805113152025,2.777684528163501
1,6.000291498615793,3.2418392004584238,3.2418392004584238,5.430181423176991,0.0,1.0,1.0,0.0,0.0,0.0,2.866568850663397,0.6192775078231321,1.4918198223810275,-0.4330548759255771,0.9097812031807365,2.0717939246098
1,2.3623207741017698,1.4617141729859542,1.4617141729859542,2.709475244512858,1.0,0.0,0.0,0.0,1.0,1.0,-0.9117422077068673,-0.7080883437475269,-0.9759607547908162,1.277880250158069,0.02992991927164279,0.04231571310959037
0,2.301147818472183,5.382776687518793,0.9850574265215735,5.382776687518793,1.0,0.0,0.0,0.0,1.0,0.0,-0.08461918269789548,1.219145090554325,0.5253310801084837,-0.09390066597855085,1.1036896867202386,0.8408331444787625
0,-2.2668563237591215,0.257300178940306,1.2140938792623688,0.257300178940306,1.0,0.0,1.0,1.0,0.0,0.0,-0.9159173602702904,-1.4822731031867682,1.1586315432523873,-0.3948186601433269,-1.2638568678671285,0.2172941867483308
1,1.4045608141637473,-0.11243835109888675,-0.11243835109888675,1.793466167363093,0.0,0.0,1.0,0.0,1.0,0.0,-0.9009922750851023,0.5666419990823652,1.022289259939704,-0.7134422653794728,1.9812178935342337,1.1865319266085033
1,2.757102195893383,2.4602276391211495,2.4602276391211495,4.761294048445907,1.0,1.0,1.0,0.0,1.0,0.0,0.7365364380580134,-0.7075330928425299,-0.365457832922526,0.30519517526898,0.975945511932443,-0.7510655143991327
1,8.967803521004495,6.091629341774764,6.091629341774764,9.090121275516674,1.0,1.0,1.0,1.0,1.0,0.0,1.8175060508464895,0.9724149492008776,0.9531631788227282,3.354612179330558,2.6247925823443747,1.7214751769288232
1,0.009259316241681192,1.40736382543235,1.40736382543235,3.531755451104792,0.0,0.0,1.0,0.0,0.0,1.0,0.3583048262499845,-0.23217717108810376,0.4366021492205033,-1.059990668852365,0.5975326804019596,-0.39528352300444314
1,5.952626710495409,3.343602675189868,3.343602675189868,4.48791530311782,1.0,0.0,0.0,0.0,0.0,1.0,2.2788224603390956,0.22731597913392243,1.6329632099743496,0.6972093905451835,2.467568103052187,1.3914393743147144
1,-0.4301498873363627,1.5289633084845113,1.5289633084845113,1.211459566427016,0.0,0.0,0.0,0.0,0.0,0.0,-0.4152137785893135,0.1592675027436709,0.633432947436678,0.8180481494245271,1.5944594704482173,0.9445225824815311
1,3.549181696212851,3.1185148068919792,3.1185148068919792,5.893283998520698,1.0,1.0,1.0,1.0,1.0,0.0,0.9194571324421006,-0.1992667480212329,1.5018734072342876,0.4237166168021197,0.1973384231435067,-0.4107716224808975
0,3.538196610845766,7.853961323988893,5.034054443546521,7.853961323988893,0.0,1.0,0.0,0.0,1.0,0.0,2.9936590230981706,1.8695631285308363,1.4682482816660054,0.34781632808962987,1.5390406178716871,2.690769934932825
1,4.285511193331217,2.8676770836053906,2.8676770836053906,3.5364124948862554,0.0,1.0,1.0,0.0,1.0,0.0,2.1767139543459306,-0.7888572460722922,1.6510427396630847,0.03640516277282124,3.2100319295245727,3.0845300278221197
1,5.010917455399377,1.3359194482024308,1.3359194482024308,4.391266302367442,0.0,0.0,0.0,1.0,1.0,1.0,0.8892885514214799,0.5335367955992736,0.3236413059444623,0.5598026980240486,2.051501384606312,2.247920827930711
1,2.4775789161640023,0.5444310606211323,0.5444310606211323,0.4117686863742791,0.0,0.0,0.0,0.0,0.0,1.0,0.4603302028403775,-0.5834024475559811,0.8075347392798781,1.3947184369559404,0.37145609205028784,0.22666300357307634
1,0.5223684939636878,-1.117955349911083,-1.117955349911083,1.0978921690361934,1.0,0.0,0.0,0.0,0.0,1.0,-0.817177219424361,0.6214907160782263,1.0909258972550289,0.21410001107545218,0.8543942949096517,0.4916068627703757
1,0.4402723080922528,-0.5781545066661037,-0.5781545066661037,1.350901706429808,0.0,0.0,0.0,0.0,0.0,1.0,-0.5110376780045964,0.3168790434495268,0.8232793105406924,0.9912224378222111,1.2106527705001646,0.9080446472918016
0,1.5438880564192714,4.951244363536266,1.7154323647818255,4.951244363536266,1.0,0.0,0.0,0.0,1.0,0.0,0.0635182183840079,1.1206294650797965,-0.8040505026271914,-0.3503037183045409,1.8167126193024727,0.6033915551068123
1,0.09303544178543205,-0.10008473279256447,-0.10008473279256447,-0.6590606909471879,0.0,1.0,0.0,0.0,1.0,0.0,-0.857081970505146,-0.8864562472763156,0.583205843751183,-0.08913652698158625,0.24710802794772457,0.35109064347942187
1,8.456553325954152,4.028676747864166,4.028676747864166,8.131894363927694,1.0,0.0,0.0,1.0,0.0,0.0,3.55692719507778,-0.4182436441334796,0.21255737962640087,1.9352854200448095,0.5435859377772606,2.1674894471350283
1,3.6618056733827147,1.4617073413010566,1.4617073413010566,3.865423322851327,1.0,0.0,0.0,1.0,0.0,0.0,0.4008464010804775,-0.11416916311047687,0.10270367549832371,1.6369018586633999,-0.1662442218677933,1.1333892991499788
1,5.132525049746619,5.0399958147097115,5.0399958147097115,6.059604730503466,1.0,0.0,1.0,0.0,0.0,0.0,0.7995557811811335,1.039829299801464,-0.27439242159940735,1.467964777534739,2.8552421377320725,2.078252750821966
1,1.790632821054429,1.4157999777397248,1.4157999777397248,1.685181289682471,0.0,1.0,0.0,0.0,0.0,0.0,0.21448757451538242,-0.2546888338269805,1.4888656367506887,0.6850718478286761,1.6101767136239027,0.37624982924923844
0,3.984943780983114,6.619561902442604,4.456566882272831,6.619561902442604,1.0,1.0,1.0,0.0,1.0,0.0,2.14102815220814,0.47177429033944995,0.5025777435362493,1.0230168140908142,0.1256201026585433,0.8304017137196599
1,6.273287272141283,4.276931105519937,4.276931105519937,6.75672849706357,1.0,0.0,0.0,1.0,0.0,0.0,1.675216712671094,0.7458678842800683,0.7050521603373202,0.9798817839945813,1.2465450112656566,1.8130915720183816
1,1.5380609950609578,0.7538029497151995,0.7538029497151995,2.902186132496652,0.0,0.0,1.0,0.0,1.0,1.0,-0.651187707732243,1.628428589436041,1.206277094326475,1.8238973451590528,-0.2839740020123924,0.9979363627084955
1,3.4174127542900834,1.9413266827457245,1.9413266827457245,5.041576401495307,1.0,1.0,0.0,1.0,0.0,0.0,-1.1307683649419733,0.4148398881295334,0.5101716317002029,1.6141784519495914,1.3395741499692728,1.6142002440422112
0,-0.8478209900529268,0.27928293866475074,2.0864947689490605,0.27928293866475074,0.0,0.0,0.0,1.0,0.0,0.0,-0.5484551895761929,0.019160298719568702,-0.34970663638517285,1.8082207552782668,0.13018493824258281,0.4133148671679624
1,2.0034266722517864,-0.13583486101460363,-0.13583486101460363,2.227468496431242,1.0,0.0,1.0,0.0,1.0,1.0,-0.4634496836216062,-2.978547973218081,0.5367177723712695,0.28936455743052303,0.3179123263690701,0.006850670052209962
0,2.254081808487036,5.875491874661004,2.59330688857552,5.875491874661004,1.0,0.0,0.0,0.0,1.0,1.0,1.6185839484285611,1.032544309536425,2.299267071365021,1.9671960559461725,1.876504328745163,2.272665135562431
0,3.84239156496159,6.175434329066668,2.3671660569264104,6.175434329066668,0.0,1.0,0.0,0.0,1.0,0.0,2.1362275107397934,1.0226572162883338,1.915800737401448,0.2400492915131917,2.94455671083159,1.854398254486205
1,0.373769453871865,-1.2037326502419614,-1.2037326502419614,1.4709828608359938,1.0,0.0,0.0,0.0,0.0,0.0,-0.41920069004735105,0.43408601822663506,-0.696283429898388,-0.5443773077656564,-0.15856860427886765,-0.3466673243890286
0,1.2914158385901908,2.7619282972436703,0.9514891208269728,2.7619282972436703,0.0,0.0,0.0,0.0,0.0,0.0,-0.36685588373163613,1.1978656897411888,1.0100082992879789,1.4348251239506555,2.0194507502009955,0.7618307770075069
0,0.9149208239102089,1.3255579449334731,0.706750892291402,1.3255579449334731,1.0,0.0,0.0,0.0,1.0,0.0,-0.17431035391834282,-0.44292232368317264,-0.6691455266269943,-0.7716695470752004,-0.036625199423146126,0.8267344950418902
0,0.02155917924752951,-0.6107013001958845,-0.3005558509923838,-0.6107013001958845,0.0,0.0,0.0,0.0,1.0,0.0,-1.301342680478982,0.3081863284349736,-1.5359346352987897,-0.0860900099881492,1.3816303401987053,-0.0776809272263006
1,5.484570867149947,4.257258876840381,4.257258876840381,4.580922898251272,0.0,1.0,1.0,0.0,0.0,0.0,2.562332576218117,0.4580680282418931,1.5421622939940707,-0.0025306549043325743,1.5742409338351113,1.0730271410764487
1,4.340636576668343,2.2859056490151435,2.2859056490151435,2.743857519654651,0.0,1.0,1.0,0.0,0.0,0.0,1.090711593813913,1.1879890561200919,1.3926366915313495,-1.1921981927910357,1.004473361801493,2.806256137898819
0,-2.5016968847113192,-0.6128878937670228,-0.5863460945435346,-0.6128878937670228,0.0,0.0,0.0,0.0,0.0,1.0,-1.3781399934716512,-1.1235282279581098,-0.8147221901245236,-1.677100874457924,-0.6420000890057516,0.09215083405226376
0,2.430971350786186,3.8385886698307434,1.0520733913292886,3.8385886698307434,0.0,0.0,1.0,0.0,1.0,1.0,1.1284968675294693,-0.5130434362539451,0.4215472525659895,1.652973650644839,1.9572906298352666,0.17624997776429419
1,4.87982573740527,1.7547993906074844,1.7547993906074844,4.3323727515150585,1.0,0.0,0.0,0.0,0.0,0.0,0.9783460060952269,-0.4441575254218292,-0.5099719659969124,0.6172063619882975,1.4334191018025388,-0.7812124639964544
1,0.5738341350685966,-0.9460754054317803,-0.9460754054317803,1.2774236262776848,0.0,0.0,0.0,0.0,0.0,1.0,0.12184480698449623,-0.0008242976193463258,0.6757408594677079,0.7221550814156538,-1.0767032715489093,-0.1296257477823488
0,3.386516263412193,5.948830364144946,3.608809964168218,5.948830364144946,0.0,1.0,1.0,0.0,0.0,0.0,0.6035467561110442,0.6964507229142389,1.0982727306859323,1.7337179600316464,0.5037070023257856,2.245610628801625
1,7.408765971981163,3.1804603620108542,3.1804603620108542,4.209796569744732,1.0,0.0,0.0,1.0,0.0,0.0,0.9192466672316273,0.425252254237113,-0.9359666402948501,0.5005548788176836,-0.07667706505958227,0.626052207369066
1,3.695276193349555,3.5879415411832514,3.5879415411832514,2.0728142151548568,0.0,1.0,1.0,0.0,0.0,0.0,0.997380764691782,-0.9732263762075353,0.4288413957970004,0.4961689495685663,1.1703544849932155,0.9009487576398327
1,7.191792043239425,5.66370647647077,5.66370647647077,7.808830566889088,0.0,1.0,0.0,1.0,1.0,1.0,1.6412329702134199,2.561050596660341,1.111824299781722,2.7781357979145227,1.2738046068525446,0.529586951585031
1,2.7690603200397055,0.40818864989353054,0.40818864989353054,2.956388531107593,0.0,1.0,0.0,0.0,1.0,0.0,-0.017733460928589184,0.06870549288879296,0.4111525799432959,-0.25776015843044475,2.146464183831945,1.1747054892848985
0,3.31204187128031,5.39783006793261,4.008329262040707,5.39783006793261,1.0,1.0,0.0,0.0,0.0,0.0,-0.31290928623044556,1.2378722696622584,-0.1987285231453204,3.057856926195879,0.20742318346626198,2.409629122253569
1,4.3824981563739955,3.5867882179767396,3.5867882179767396,6.065331866316815,1.0,1.0,1.0,0.0,1.0,1.0,0.5102508100729755,0.31296183791467924,-0.9324585662261411,0.3198124456059876,-0.4052514704328871,0.6109969985778501
1,-0.944102330402872,-2.651020088148749,-2.651020088148749,0.4524306706294239,0.0,0.0,1.0,0.0,0.0,0.0,-0.6007372895230814,-2.1778311090653153,-0.6422201903151894,-0.7525338759289886,-1.8521133346655998,-0.19094493733244078
0,-1.046612191761539,2.5276382884100186,1.9173267842674317,2.5276382884100186,0.0,0.0,0.0,1.0,0.0,0.0,0.7673823261102631,0.585421874975245,0.09341807762425447,0.7558652872196279,1.6899285102723924,0.4565949223250698
0,1.8061015833236123,3.1028881409466744,1.608220417832776,3.1028881409466744,0.0,1.0,0.0,0.0,0.0,1.0,0.36279276529058624,0.6728135506095526,-0.03564863914275285,0.04512220462746663,0.6632040941324564,0.5769895832650107
1,3.675711621215305,0.444210866111014,0.444210866111014,4.1007514757726335,1.0,0.0,1.0,1.0,0.0,1.0,0.1894299242032516,0.799904748882649,0.8242626615534966,1.1435828051900128,0.8003886846945187,1.3012725310959294
1,2.6391261248146867,2.5841547302316155,2.5841547302316155,4.255822053938785,1.0,0.0,0.0,1.0,0.0,0.0,1.2149100953851961,-0.23305697957551996,-0.19092324656485182,-0.012742667306662514,1.6613269477955563,0.0025688911707512085
0,2.4669006346611417,6.279790895896851,5.698752943845368,6.279790895896851,0.0,1.0,1.0,0.0,1.0,1.0,2.3943701059891698,1.5415847756875867,1.2426280195526638,1.5311643847448195,2.612660598134343,1.5206977303615548
1,3.715849022099796,4.234690078102801,4.234690078102801,4.427764405796605,0.0,1.0,1.0,0.0,1.0,0.0,0.7177264965313929,1.103371472991184,1.7859144157788913,-0.01198121395150864,0.9953392622108546,1.790164341735274
0,2.588680274842189,6.80851353329263,3.3074189397291702,6.80851353329263,0.0,0.0,1.0,0.0,0.0,0.0,1.9097908193060213,1.164678304917874,-1.0036436068096162,0.18306138056948817,-0.23932333599658673,2.0453321397191133
0,-0.07271089099486944,1.8598352482769416,1.1104078360308491,1.8598352482769416,0.0,0.0,0.0,0.0,1.0,0.0,0.5626995989152227,0.6748826576493175,2.971401664980541,0.5569977014132528,3.2126757298323345,1.0852355483508527
0,1.8950385917085477,2.1402467645815477,1.0286241035267247,2.1402467645815477,0.0,0.0,0.0,0.0,0.0,0.0,1.554478382583538,-1.0528478009840792,0.4142132440776894,1.167081338341278,0.7142540884142172,1.0953094972043647
1,0.9947756376474848,2.556322101409156,2.556322101409156,3.340824888926856,1.0,0.0,0.0,0.0,0.0,0.0,0.39672780412877745,0.1420682924062333,1.2597061736566773,-0.22616319944186836,1.466681401743084,1.2922321968858965
1,2.840677046989347,1.029517094722529,1.029517094722529,1.8258323752804633,1.0,0.0,0.0,0.0,1.0,0.0,0.02397580495057472,0.5714883466184486,-0.4577754179965854,-1.0234589901164801,0.6220747881910691,0.8429508712905673
1,2.3244765026050436,3.2187555860999053,3.2187555860999053,3.43441104462408,0.0,0.0,1.0,1.0,0.0,0.0,0.9978274852235044,0.23104821704876688,2.5322027592357825,2.072243780780486,0.37464627640366877,0.6563208656985295
1,3.4901590897741737,1.5894631202134921,1.5894631202134921,1.5149587823153239,1.0,1.0,1.0,0.0,0.0,1.0,-0.2603904733641941,-0.6974128164932631,1.0411564710555514,0.3943807243448622,0.38920240787072147,-0.3826124469026646
1,6.11986996675079,3.7438504464447884,3.7438504464447884,4.96084801131951,0.0,1.0,1.0,1.0,0.0,0.0,2.6096932410257896,0.7333227413804675,1.9976062735098523,2.3865087901274715,1.8623807211749095,1.7970365372270587
0,1.8808513776003772,1.4878491471064739,1.5345927926846885,1.4878491471064739,1.0,0.0,0.0,0.0,0.0,1.0,-0.4953936740919779,0.8304088144551924,0.4128874005898774,0.6171271335742785,0.23441726503313187,0.8612316573831215
1,3.96224950331273,4.748252141103968,4.748252141103968,6.182048509419113,0.0,1.0,0.0,0.0,0.0,0.0,1.905088477630694,0.5603577720199178,0.9644760110274752,0.29783429385468574,0.47704699732571476,1.1217612314578287
0,7.009180990234779,9.204506471724669,6.000777234903005,9.204506471724669,1.0,1.0,1.0,0.0,1.0,0.0,2.2660857140604707,2.4243032712966546,1.584123319007362,2.9702361924956238,1.3547959511102838,3.268911441278492
1,2.2342405481947547,1.1963051291199678,1.1963051291199678,3.3638661882373007,0.0,0.0,0.0,0.0,0.0,1.0,1.415678900016494,-0.5963656749735549,2.6134621993795997,2.0626818458648746,1.5975077486869496,1.7661331738839048
1,1.8401496057832465,-0.07520893251951105,-0.07520893251951105,3.520527485946637,0.0,0.0,0.0,0.0,0.0,1.0,1.5015730970862569,-1.3672966074232349,0.7235927913959417,0.07824212877617809,0.5472398876953053,1.9367310914670668
0,0.8197714412984055,5.062158717819673,0.17460391788340313,5.062158717819673,0.0,0.0,0.0,0.0,0.0,1.0,1.085512316703467,-1.3887647707322057,-1.7868758197370176,-0.6418836131323973,-0.7577148179522899,0.20571652334673318
0,0.8416736401651215,4.858301255187346,0.44294330613370625,4.858301255187346,1.0,1.0,1.0,0.0,0.0,1.0,-0.5150116054570186,0.5399735663392283,0.48692766011610533,0.5971544796098955,-0.5386313057592473,1.4465194137857733
1,4.184595632370638,3.4597769269844205,3.4597769269844205,5.735560683660574,0.0,1.0,1.0,0.0,0.0,0.0,1.9043237000375983,0.02137053589529314,0.21128938897041843,0.6714075131096418,0.1978994326480139,0.26875983689176797
1,5.8721175007628865,3.214277594582635,3.214277594582635,7.166462799799003,1.0,1.0,1.0,0.0,0.0,0.0,1.3380515555908468,0.4283133876884704,-0.5961475236729186,-0.8585370762643465,-0.5383476539197558,1.596138535908087
1,5.28242623004709,1.9277652975014712,1.9277652975014712,2.4588998065080245,1.0,0.0,1.0,0.0,0.0,1.0,0.8025694153157117,0.7152226799539515,2.5986746342776073,1.0113359647806046,1.2799862806835534,2.33810927232658
1,5.087842486506303,1.9423397162037823,1.9423397162037823,5.506330868860948,1.0,1.0,1.0,0.0,0.0,0.0,0.6788427052245369,-0.7926428983867346,0.1857313444711453,0.6353792146566913,0.29616505370317747,0.7686845569639664
1,7.374389004539651,5.0698909520019475,5.0698909520019475,7.211598196556427,1.0,0.0,0.0,0.0,0.0,0.0,2.097041298974619,1.7136203947028865,0.39307665286901405,0.26278331583868453,2.2446337195150505,2.075593960262651
1,2.814459643745575,2.3257660943765996,2.3257660943765996,2.278407499383493,1.0,0.0,0.0,0.0,1.0,0.0,0.6725266502102163,0.36141656774331593,0.9894283363159224,1.3499620439179756,1.5896472199372043,0.7674241545690437
1,-0.9777699719348623,-1.4020363163684393,-1.4020363163684393,-0.5096407426747462,0.0,1.0,1.0,1.0,0.0,1.0,-0.3889618247427137,-0.9251993134303835,-0.40772177565731416,1.2908056393975456,-0.9644982834204776,-2.0004865770427553
1,5.961330582354124,3.233144263746471,3.233144263746471,5.27883467958775,0.0,0.0,1.0,0.0,0.0,0.0,2.3680776929040004,0.60253501958815,2.8128631455177544,2.5712337440363124,2.435008019607102,1.787936133049509
0,-0.381234343377032,1.2776872307813492,-0.714201210222065,1.2776872307813492,1.0,1.0,1.0,0.0,0.0,0.0,-0.9991388141727786,-0.13917566682439386,2.3813398460507194,-0.6679755493003199,0.5292452367754283,0.8949014749894092
0,0.5877422962474098,3.5512584745174456,2.184916390559973,3.5512584745174456,0.0,0.0,0.0,0.0,0.0,0.0,0.2056114203500683,1.6800002063449342,2.281522521090615,0.7143041155246613,1.0801244693063867,1.5145976272427126
1,2.3643954620340857,1.2334664557365258,1.2334664557365258,3.615450808603872,1.0,0.0,1.0,0.0,0.0,0.0,-0.1488818854629428,0.32113194484478025,0.9483360973840081,-0.6290467819869123,-0.3524017200296401,-1.4065824320483689
1,6.513329196388753,5.0960026401896235,5.0960026401896235,6.782043249611705,1.0,1.0,0.0,0.0,1.0,0.0,1.443610547057958,0.7343584414367227,0.7698865547895146,0.8807045659367645,1.46216818458525,0.26744529026932495
1,3.402857791996533,3.5781325619524242,3.5781325619524242,5.01725000804975,1.0,0.0,1.0,1.0,0.0,0.0,0.7380972650630989,-0.5645238052238644,0.27425776369687893,0.141713150083717,-0.7937300718114826,0.9228467886004067
0,4.562202620057265,4.608622458337598,5.012406743302063,4.608622458337598,0.0,0.0,1.0,0.0,0.0,1.0,2.7810822948570793,-0.80376025262057,0.9550648708337027,2.1875454946512134,2.015053528505068,1.2481381801795557
1,3.0110743739511383,3.9492934396500914,3.9492934396500914,3.4826886932715313,1.0,0.0,0.0,0.0,0.0,1.0,-0.25122136234080483,0.735041041055063,0.0038814206165780907,3.1635166025277894,1.8387859233970991,0.788542620578789
1,2.865002131554235,2.951215604788282,2.951215604788282,1.5517575450404255,0.0,1.0,1.0,1.0,0.0,0.0,-0.7096705434615842,0.9624779594598603,-0.1333794908355762,1.101076791163114,0.6834741583930795,-0.09401210340934063
0,0.46906601463051034,-0.176216685033308,0.32333954915415625,-0.176216685033308,0.0,1.0,0.0,0.0,0.0,0.0,-0.418536637859244,-0.5726355229577398,-1.7109638761994908,-0.5286580848198694,1.1527865110914606,0.8334997043402719
1,4.6828494498627276,2.533779012007667,2.533779012007667,2.1716278331950987,1.0,1.0,0.0,0.0,0.0,0.0,1.303419550608652,-0.8022303330348062,-0.47360873146139393,-1.5915713959747904,1.1446718539131673,1.9749465534809991
1,2.307544875514081,0.39399185810343706,0.39399185810343706,1.9598421706112472,1.0,1.0,1.0,1.0,0.0,0.0,-1.1220210043184216,-0.713329846795389,0.6961447668207377,0.6667835354637156,1.5466777940420189,2.3935608137609092
1,2.2010389992980275,-1.028888594423159,-1.028888594423159,0.895162995259099,1.0,0.0,1.0,0.0,0.0,0.0,0.09660491774850638,-1.7137007278168603,0.9102514196481938,-0.7600660258053351,-0.7719873793819607,0.6483638551106259
1,1.421330592545494,1.9661477889909271,1.9661477889909271,0.38142500428445114,0.0,0.0,1.0,1.0,0.0,0.0,0.6439382311189458,-0.16331732433527713,1.3129728565979644,0.04544208423770285,0.7581376279784701,1.507201743924603
1,3.261239308584302,2.7175480550081605,2.7175480550081605,5.499535410572013,1.0,1.0,0.0,1.0,0.0,0.0,0.7682814474730428,0.11677207644792964,1.3853691226005793,1.9100607913342253,1.2031052884858304,1.3205939716505934
0,0.7422768652281795,3.3114281941483057,2.2691248565001407,3.3114281941483057,1.0,0.0,0.0,0.0,0.0,1.0,0.9491855847847479,-0.1046425667905253,2.3443238498488785,0.6256600950353441,1.6086423757162576,1.7839862449237012
0,2.072911588351104,2.9876290235791836,1.3599289326829826,2.9876290235791836,0.0,1.0,1.0,0.0,0.0,1.0,-0.004590241363165548,0.3370271179035783,0.9861939424727755,1.0206541404326608,1.0311670688993624,0.9534873831813991
1,2.73063050772888,2.737935308777081,2.737935308777081,4.918020675730151,1.0,1.0,1.0,0.0,0.0,0.0,0.16926227652803116,0.7576484250922617,0.7542257959971448,-0.4188874640960718,0.1059199144816173,0.6980684230904632
1,5.2903132915549556,3.3095100895879552,3.3095100895879552,7.375839184963131,1.0,1.0,0.0,1.0,0.0,1.0,1.9063035764021368,-0.622634692560353,-1.9319929084810363,0.07280843165055906,-0.2549563262068417,1.9670518043873404
1,5.5115213108596235,4.295961766936127,4.295961766936127,5.94092776203182,1.0,1.0,0.0,0.0,0.0,1.0,1.79651514533782,0.4104451428524645,0.8611554691624952,1.2553850455064064,1.3909586368171332,1.5700678350398265
1,2.5256595962725106,1.1677455594992647,1.1677455594992647,5.299938297220447,0.0,0.0,0.0,1.0,0.0,0.0,-0.24969373624485702,2.1258115129089283,-0.30523131536290227,1.345167960046789,1.4246764923858826,1.0134985370788128
1,4.132559780556889,2.575771867230956,2.575771867230956,2.930106448483176,0.0,0.0,1.0,0.0,0.0,1.0,0.6099234944025214,0.5735783864687783,-0.35519480181393814,2.6948902610395873,-1.170524252815068,1.135597428425776
0,2.7122920153387398,4.250218935488113,2.0696406275573977,4.250218935488113,0.0,0.0,0.0,0.0,0.0,1.0,1.1980468564730686,1.2997621446782142,0.6793621591896738,0.8377488283927432,1.3147419128809235,2.5308377204340275
0,0.5636689897732613,4.0673366293437665,1.2289281141128598,4.0673366293437665,1.0,0.0,1.0,0.0,1.0,1.0,0.0750691000999808,-0.35484285414659034,0.9600723811678922,0.018768902929899023,1.662276459668661,0.4232572140396046
0,4.959746957883126,7.50426607714113,5.477156576763399,7.50426607714113,0.0,1.0,1.0,0.0,0.0,1.0,2.5668906604001474,2.615622228433306,3.1523124683976302,1.7314785942058455,0.9439575108017968,3.3009145132143503
1,4.090592146348517,2.067684456489231,2.067684456489231,4.037166501051143,1.0,1.0,1.0,0.0,1.0,0.0,0.054008461677658604,-0.37447943895246394,0.49069093510651896,1.0903865902303571,1.1206565965231325,0.15206907249230972
1,1.9859876994327839,0.7736002308469305,0.7736002308469305,3.3279949826847197,0.0,0.0,0.0,0.0,0.0,1.0,1.3156442996938984,0.4547329170546614,0.9749802377806062,0.679503009397613,1.3620545752918036,1.645247929355706
1,2.2285716521536036,2.417408083294106,2.417408083294106,3.0136320320672834,0.0,1.0,1.0,0.0,0.0,1.0,-0.11320142733402438,0.44081944138153645,0.541118741144522,1.1740278189399223,1.451188157312861,1.367083669707193
1,3.8009615846029563,1.346855140461651,1.346855140461651,1.8669557756523216,0.0,0.0,1.0,0.0,1.0,0.0,1.6405493976908272,-0.17674922423810924,2.048331354879592,0.429499105964334,1.7075685349534169,1.7015221032698595
1,5.690888712519289,4.66559644051461,4.66559644051461,3.35153830618004,1.0,0.0,0.0,0.0,0.0,0.0,0.7227190512461689,0.6576519265888636,0.12860302268075957,0.7905862104395286,2.1357774836101897,1.7495546569974725
1,6.86821999850223,4.700314818346455,4.700314818346455,6.772309000855473,1.0,1.0,1.0,1.0,0.0,0.0,0.459365500650142,1.7208882696497858,0.8265021998170212,0.8648732666367107,0.8488517226715948,0.6303338427386709
0,2.8453941761167343,4.007113488837495,2.5486979995757344,4.007113488837495,0.0,0.0,1.0,1.0,1.0,1.0,0.5768619366253529,1.541870249492467,0.26127611213135615,1.6148756742139296,2.3112723067491237,0.176158814889529
0,5.49606297329302,8.827302502593852,3.483567142909178,8.827302502593852,1.0,1.0,0.0,0.0,0.0,0.0,0.38592946264214667,0.857488352933358,-1.2886458120614044,1.4455140652600726,1.0055419246049428,1.4166181966191276
1,6.860999629694215,4.056827407127558,4.056827407127558,5.653860116210703,1.0,0.0,0.0,0.0,1.0,0.0,0.9634299230028505,1.7804836557758768,0.8632783600127111,1.7373171454150538,2.6534484383033785,0.5158286976807899
1,5.009328869245467,2.7234858965464404,2.7234858965464404,5.413570113705702,0.0,0.0,1.0,0.0,0.0,0.0,1.027234157594231,1.6088955716870244,-0.11317369349367556,-0.4524645569725003,0.20095695802288938,0.5297485951278774
1,3.1917514574354917,0.5593986884453548,0.5593986884453548,4.48478760300081,0.0,0.0,0.0,0.0,0.0,1.0,1.9584884915843321,-0.14499627075679344,1.0189769161438953,0.5318310282837024,0.881708240424395,2.2761327344530224
0,4.336378096887367,4.381320077912816,4.5968641218518815,4.381320077912816,1.0,0.0,1.0,1.0,0.0,0.0,0.7296458296770999,1.6445803582181073,1.0704940012601818,-0.7516107620452823,1.2271447027102265,0.8456199772835757
0,4.05393968166034,4.721363125828248,2.4731867785526656,4.721363125828248,1.0,1.0,0.0,1.0,1.0,1.0,-0.2172127082103783,0.49145316948871426,0.638586106703334,1.8945565192748195,1.5612009301536691,1.1026080708588493
0,-0.707969790440746,1.2282742555087443,1.9969274583073702,1.2282742555087443,1.0,0.0,1.0,0.0,0.0,0.0,-0.04219184225999095,-0.17533378585004955,0.8843313865749816,0.9384596666105396,0.9268653739768937,1.2588626053997134
0,0.03917405349140282,1.1446467465504155,0.6960459551387965,1.1446467465504155,1.0,1.0,0.0,1.0,1.0,1.0,-1.824167035384253,-1.24276159910927,-1.233448405512807,1.2477544951202235,0.655253635961614,-0.1958358197217127
0,4.015164860804883,4.693602316684409,6.156375722693536,4.693602316684409,0.0,1.0,0.0,0.0,0.0,1.0,2.694378930985721,1.1365554868514525,1.2164487379134237,1.7160766200388944,1.5209728500230764,1.3039766696792043
1,5.91654801231074,1.8464949594952622,1.8464949594952622,5.359754930359258,1.0,1.0,0.0,0.0,0.0,0.0,0.2879171086135235,0.5735525028317792,-0.6308215572474118,-0.3392558726246211,0.7414541229832832,1.271441458330088
1,1.5610988748464498,2.4057738791016714,2.4057738791016714,2.6815720915569132,1.0,0.0,0.0,0.0,0.0,1.0,0.29825419396492103,0.6196955708843084,1.4298800737789636,0.6247759888704532,0.7427754038494493,0.597604589115265
1,4.627436252427038,0.8182148491669984,0.8182148491669984,2.5247160270348994,0.0,0.0,1.0,0.0,0.0,0.0,1.4887074778750888,-1.0925985411727788,0.39481679920043655,0.1098531059353467,1.3223321170450577,0.7997698091359768
1,4.39876192976534,3.145021452226094,3.145021452226094,5.9122194066071945,0.0,1.0,0.0,1.0,0.0,0.0,0.8337320362195566,1.7425622255223872,1.9043732157346256,1.772250950266075,2.3370629738779636,2.1496557794111224
1,4.891307906724252,1.6996816083287092,1.6996816083287092,4.182937680885478,0.0,1.0,0.0,0.0,1.0,0.0,1.3251572110447256,1.1884513329057824,2.9276463652040774,1.42274604650574,1.5724859859294682,2.0493487263666843
0,2.004006890564035,3.625270811455609,1.7852398219668582,3.625270811455609,0.0,1.0,0.0,1.0,1.0,0.0,-0.006124772845691351,1.69372546813925,0.9327715855614278,1.118758649060788,1.2963016125834785,2.170435202735171
0,1.929663402137328,4.0969372005363764,1.1066094198166796,4.0969372005363764,0.0,1.0,0.0,0.0,0.0,0.0,1.4153548868614614,0.0582491399366738,0.03584446713955747,0.1367358015921788,3.655942701520582,0.5835816379363825
1,6.444898605326179,4.516377456700141,4.516377456700141,7.327065021541846,1.0,0.0,1.0,1.0,0.0,0.0,1.6656017982566138,1.7491693759185027,1.1520070672886757,0.44180278384891203,1.397326048346093,0.753175135560612
1,7.4478906513860785,4.267099213012031,4.267099213012031,5.2952045207815,1.0,1.0,1.0,0.0,0.0,0.0,0.34503116527769034,1.132203899625388,-0.04388638458892702,1.3333366527263588,0.386427669320179,2.1797442200234083
0,-0.21968703997430578,2.730468366413682,-0.982088774972957,2.730468366413682,0.0,1.0,0.0,1.0,0.0,1.0,0.34113825731051284,-0.8732078393430354,0.42618910450937164,-0.07961941688773999,-0.15740165705384945,-0.154215235955816
1,1.7202158172097293,0.22649923280540052,0.22649923280540052,3.6657072995086293,0.0,0.0,1.0,0.0,0.0,1.0,0.08961491428604118,0.4645958093387682,0.4178088289750108,1.8135321438486793,2.5896179478188555,2.4635439563776984
0,0.8329297815526646,4.027806670665402,3.643628314644904,4.027806670665402,0.0,1.0,0.0,0.0,0.0,1.0,0.1735652257913407,0.33318387735475374,-0.011170609553754929,1.0616806615319396,1.7141001924608772,1.3567319276799914
1,0.7780813864028151,0.13869527728403142,0.13869527728403142,1.196959424662821,0.0,0.0,0.0,0.0,0.0,0.0,0.21435278422864124,-0.29779476554786766,-1.7817637856547242,-0.09866768981766438,-0.4467053072687368,0.10311572729531315
1,4.481752300288219,0.38470335298632863,0.38470335298632863,3.577963036950293,0.0,0.0,0.0,0.0,0.0,0.0,1.499866903206095,0.2581245771663604,2.2467135716124047,1.0966733867372904,2.261713788848096,0.6568850615336327
1,4.780757646501698,2.9640928148442245,2.9640928148442245,3.6777361140430695,0.0,0.0,1.0,1.0,1.0,0.0,1.8555164334501062,-0.07839632982364142,-0.2677043370592129,-0.557664417524141,1.651938452813595,0.8214154817393367
1,5.474536512731298,3.4981921266558818,3.4981921266558818,8.22063977463262,1.0,1.0,1.0,0.0,0.0,0.0,0.4284982119631682,1.62847413298578,0.8144294011034036,-0.2308894259904537,1.8972830755454702,1.0531388090039178
0,-4.230769656829164,-1.8502223076241755,-0.9470773499435885,-1.8502223076241755,1.0,0.0,0.0,0.0,0.0,1.0,-2.0686171743097743,-1.6136896609605893,-0.5326284547042868,-0.604767450030834,-1.2527676644680925,1.7728949973487333
1,4.989278300153023,1.9798668981358878,1.9798668981358878,4.195908573856817,0.0,0.0,0.0,0.0,0.0,1.0,1.965760293519655,0.6312593250260841,1.0391968753368857,-0.33061430125067626,2.048940098244758,1.7216470275900575
1,4.373619489353813,2.7818373511291936,2.7818373511291936,4.527163822294969,0.0,0.0,1.0,0.0,0.0,0.0,0.6799842024282118,1.7837332383126319,0.43506840652657786,-1.02369414824474,1.6057170857520835,0.24058178444843903
1,5.324801554941942,2.771670046649292,2.771670046649292,4.097193805712912,1.0,1.0,1.0,0.0,1.0,0.0,1.018354675123684,0.06428393849772762,0.2563990447323661,-0.3544436884509238,1.4252695760516858,1.334299448922868
1,5.341116293310668,2.6845100593362567,2.6845100593362567,4.063834449425906,1.0,0.0,1.0,1.0,1.0,1.0,0.8206940323115441,0.9213057792743877,1.5316351477430263,1.2208578552259337,2.3920578558704464,0.9160524118620205
1,3.2098642203288685,1.6459293926135505,1.6459293926135505,3.969090075831803,1.0,0.0,0.0,1.0,1.0,0.0,0.8657068338621625,-0.16077200662791613,0.6835156897414002,0.6370708346741873,1.5733989530578893,2.518972890296629
1,5.759037206578498,3.2248339061411797,3.2248339061411797,2.2792079534422385,0.0,0.0,1.0,1.0,0.0,1.0,0.6815936602389516,0.5555618139197649,-0.5001393142018569,0.998040648455679,1.5972715217309748,3.025216632236968
0,2.9404288275527186,4.712650687295618,1.6879092776365687,4.712650687295618,0.0,1.0,0.0,1.0,0.0,0.0,0.2808433874731072,1.305001946689123,1.248902999432739,-1.0374578929932863,1.3518305821353793,0.14899265260057915
0,0.5223289012887349,0.19785019133086124,2.483713344129116,0.19785019133086124,0.0,0.0,1.0,0.0,0.0,0.0,-0.32072864931558187,-0.4734180138925339,-0.2364273495286452,1.5214193699046081,0.37236770098674243,-1.117700312900456
1,1.681113699523811,1.8890786999665123,1.8890786999665123,4.276915578500862,0.0,1.0,0.0,0.0,0.0,1.0,0.25694643363591463,0.31190627461539,0.8738691817303014,0.31670090520915606,1.2555686985016714,-0.13843746613424424
1,4.555951456391385,3.252792877390221,3.252792877390221,3.0284136063914877,1.0,0.0,0.0,0.0,0.0,1.0,1.0579559427541874,1.2952089751253548,1.088139067617532,1.202125939280052,1.7210776644489378,2.331259937976369
1,4.6045099291391764,1.9729201154425813,1.9729201154425813,4.688299260336986,1.0,1.0,0.0,1.0,1.0,1.0,0.1403741279128457,0.21090991164290573,0.26750157097249744,1.5543920361089432,0.49914068332377126,1.352593641468911
1,2.975324002999236,2.7376991622299416,2.7376991622299416,5.205662064967947,1.0,1.0,1.0,0.0,1.0,1.0,0.5700448364387727,0.9584231037538877,1.5968459784027147,0.6574127799740295,0.009864205900567913,0.9930980422933026
0,4.242584649385905,4.782668783624615,3.93431605434629,4.782668783624615,1.0,1.0,1.0,0.0,0.0,0.0,-0.6299313284090371,1.1960075856224957,0.8511575960687099,0.1721615600104115,0.6321031866927689,2.5207936102406214
1,2.158031452676644,2.512176264146827,2.512176264146827,1.983873958662712,0.0,0.0,0.0,0.0,1.0,1.0,1.585338399971641,-0.06270911991171213,0.02091444287692107,-0.2586290720106186,2.1033117178655587,1.4144426381820163
1,3.028579826486821,-1.3223491170276107,-1.3223491170276107,1.405336347264373,0.0,0.0,0.0,1.0,1.0,0.0,0.5783655202837167,-1.748102704232533,0.7818368798730887,1.389933253298083,-0.004395871831539333,2.3034632664038783
1,0.6717596844776681,-0.47885259126644497,-0.47885259126644497,-2.7905588278204636,0.0,0.0,0.0,0.0,0.0,1.0,-1.5556194821295506,0.8272576602476531,-0.23756401633619284,-0.6431632977268678,-1.045661376571879,-1.319744511583489
1,5.274753832674623,3.860781604767451,3.860781604767451,4.932755964413569,1.0,1.0,0.0,0.0,1.0,1.0,1.2695466162339115,0.15842583598495397,-0.09572782494367083,1.0247686774061706,2.0256922006396585,0.00827680368907835
1,0.6866182690759732,1.4124550004477583,1.4124550004477583,4.155115897455068,0.0,0.0,1.0,0.0,0.0,1.0,0.801529762847148,0.3230387264406477,-0.2872149281961892,1.0667307424343662,1.465917784419748,0.379384412045642
1,4.5590837285293855,1.205843394035427,1.205843394035427,4.507789230305573,0.0,1.0,0.0,0.0,0.0,0.0,1.4326021838671357,-0.291580173676095,-0.23922238266461027,0.16263218866841805,1.1251251316049302,1.3356339861159265
1,4.9141357915646315,2.0069079588561785,2.0069079588561785,2.9618017277480724,0.0,0.0,1.0,1.0,0.0,1.0,1.116627103419579,0.5999063583017012,2.144520907396913,0.867152743527676,1.4494872732988213,2.8527673673602134
1,0.13910676743965977,-2.6780770327475576,-2.6780770327475576,0.24063945970885914,0.0,0.0,0.0,0.0,0.0,1.0,0.24066432964833073,-1.6845832057524124,0.7367849731954846,-0.16204651328329245,1.3728587698467212,0.5625962850102133
1,3.6490349202656422,5.348198159599322,5.348198159599322,3.624446946837626,1.0,1.0,1.0,0.0,0.0,0.0,0.8194574196915181,0.6318700281634964,1.651224142784657,0.22761363675782087,1.867689443799414,2.364342185242102
0,-1.2903118879128626,2.7332489084691765,1.6244175556957878,2.7332489084691765,1.0,0.0,0.0,0.0,0.0,0.0,0.5742283781825718,0.03156900224926035,1.1145463739002133,-0.7472318465984322,1.7531128715228446,0.8045603820106365
1,-3.6975979151227465,-0.09392664287300079,-0.09392664287300079,-1.9836484317219223,0.0,0.0,0.0,1.0,0.0,1.0,-1.3837797253593593,-1.0151256003777722,1.0515109804185445,-0.9532639516168364,0.22346655022898998,-0.8432661046576055
1,2.6157418880060885,2.326839355567589,2.326839355567589,2.804152576166812,1.0,0.0,1.0,0.0,1.0,0.0,-0.26505883870510905,-1.3161871698300196,0.64805158947897,0.5762154307041079,0.8843707014209647,1.649258190603736
0,-0.27077301876088333,1.5914514256836918,0.5697291381866989,1.5914514256836918,0.0,0.0,0.0,1.0,0.0,0.0,-0.49383605111389206,0.9426052823535588,-0.5231270403014796,-0.5877079610895328,2.014691218056691,0.5143294225404081
0,0.5665449281824889,-0.5244608253435207,-0.6053323057932141,-0.5244608253435207,0.0,1.0,1.0,0.0,1.0,1.0,-1.0185741659255911,-1.0959504736262842,0.7365101705675386,0.7312487739753737,-1.3852301631056094,1.1224007888495626
1,1.8545983442840488,1.2094749443734014,1.2094749443734014,3.8578959994862734,0.0,0.0,0.0,0.0,0.0,0.0,1.2400096569616674,0.6700481496475861,-0.02400094286850818,-0.22733443304010703,0.6269157449769938,1.4100399736606533
1,4.84789886168869,3.2771800241789775,3.2771800241789775,5.341673673189954,1.0,0.0,1.0,0.0,0.0,1.0,1.1948363455101845,0.47537127429820225,2.1764884883915796,1.190120201733126,1.3871877333411293,1.8802151373178373
0,-0.8644604799438325,1.0483619928437016,1.2080982981690183,1.0483619928437016,0.0,1.0,0.0,0.0,1.0,1.0,-0.19389489877099142,0.4872559506512997,-0.30850858791395286,-1.5276101461057423,2.335393558233625,1.1671640941335133
1,6.163881088417041,5.8861102512487165,5.8861102512487165,6.098645259514,0.0,1.0,1.0,0.0,0.0,1.0,1.1091850083680914,1.5503741724868403,0.3796399531481921,1.3011081233682615,1.8287686607471283,2.5881228060929837
0,-0.20630721674052221,1.7820363740102798,-0.1131474582064188,1.7820363740102798,0.0,0.0,0.0,0.0,0.0,0.0,-0.388696674319858,0.7271258560835241,0.6692897401298128,1.6276770985147833,-0.7356105069258798,1.417901985154844
1,2.155784797429028,1.6951816909694173,1.6951816909694173,3.4496301719894022,1.0,1.0,1.0,0.0,0.0,0.0,0.05435997719955027,-0.39624928325856223,1.0549285743273717,0.7760488684732205,0.36310359608783793,0.03782263618843462
1,8.701243005340348,2.673068172878022,2.673068172878022,7.920838300620375,0.0,0.0,0.0,0.0,0.0,1.0,2.8800975066887804,1.600819292879246,0.2959389696871249,1.451107278993065,2.0973926997343773,1.2667411494229173
1,-1.2709501987694283,-0.8515269951719224,-0.8515269951719224,0.574939619452774,0.0,0.0,0.0,1.0,1.0,1.0,-0.781668737352923,0.028726388802212344,1.5002064734390796,0.7571820644384133,1.096937224206647,1.6400279359158545
1,2.850026754092265,-1.1116255858515252,-1.1116255858515252,2.5495954208034632,0.0,0.0,0.0,0.0,0.0,0.0,-0.27146928628531586,0.3636335171847351,0.4979441726462476,0.4917537319973905,2.571721818946413,1.8297230249643084
1,4.523240842106785,2.7811841569002613,2.7811841569002613,7.421951081969901,1.0,1.0,1.0,1.0,0.0,0.0,0.5182920306801003,1.2114310033585804,-0.03726476663357681,0.5858806623143042,2.5206653577669687,1.9525049928823863
0,2.7114312089809705,4.835447175656307,2.942121219993677,4.835447175656307,0.0,1.0,0.0,1.0,0.0,1.0,1.3827958706858263,0.8541704138061601,-1.021148412333089,0.34471037134561766,0.3449859565788713,0.47934726423232377
1,2.237612807367163,0.8627397253040735,0.8627397253040735,2.9784359270537095,1.0,1.0,0.0,1.0,0.0,0.0,-1.7647538899512818,0.09592358263992629,0.19536214740251245,1.0443267957578335,-0.0648506703358569,0.07579153660355586
1,3.7817025713819756,2.796780010892009,2.796780010892009,1.4147799019551675,0.0,0.0,1.0,0.0,1.0,0.0,0.7040187620159221,0.146383235255166,-0.6807155593928025,1.777797836022286,-0.23490363883411258,0.7212334080984182
0,1.1793892965570816,3.917201792257499,1.5819455565290708,3.917201792257499,0.0,1.0,0.0,0.0,0.0,0.0,0.6565112504253299,0.7867888203009017,2.1734365790662915,1.5574684248485633,1.8968506591064702,2.3889609566112497
0,0.6697537505014337,2.2988097150547135,0.44288772137463805,2.2988097150547135,0.0,1.0,1.0,0.0,1.0,0.0,-1.2141363894805897,0.023322692341149365,0.4426476503529561,-0.14258742430171223,2.577912489319946,0.7528554262301825
1,4.35758077976177,3.7687258333597295,3.7687258333597295,4.344155632009682,0.0,1.0,1.0,0.0,0.0,0.0,0.6295217930314436,1.0293813478954725,0.25362366830448113,2.0042760149290264,1.1737869916162258,1.4758750634505324
0,3.7401394846129143,5.2734941827240585,2.0575059567752643,5.2734941827240585,1.0,1.0,0.0,0.0,1.0,1.0,1.6538919925755877,-0.9613012081972592,-0.4213565198514251,0.17325874555070914,0.6517061175616785,0.5739422567940193
1,1.2988189912585613,0.4220639669497046,0.4220639669497046,3.9675627906451867,0.0,0.0,0.0,0.0,1.0,1.0,0.8197168585384951,0.8241134743432921,1.4004364478967462,-0.15525478144659033,0.8635607446480708,2.988670316649018
1,1.5238433985576894,0.444653526338957,0.444653526338957,0.5358059240226773,0.0,1.0,0.0,1.0,0.0,1.0,0.10381388317870038,-0.2759375504226117,0.5927271562506489,0.37132925520541515,-0.17122172796389412,1.3070457912353919
1,4.28891174528084,4.00064882466944,4.00064882466944,7.103104012411283,1.0,0.0,0.0,0.0,0.0,0.0,2.2003879046205297,1.0224945931586145,1.1713006892093643,1.0064067126694436,1.3785672916290386,0.9895385916865833
1,0.5821559789337117,-0.4351327290201534,-0.4351327290201534,0.5270603601872148,0.0,1.0,0.0,0.0,0.0,1.0,-0.1576999646744005,-1.4170647208073122,-0.29245054217413924,-0.5018158048756036,0.8982930988638218,1.5542326986807353
1,3.2693599016728965,-1.6353942338536473,-1.6353942338536473,1.3198410463942407,0.0,0.0,0.0,0.0,0.0,0.0,-0.170240953848261,0.04263120209470478,0.4982530864708846,0.5359899026392644,-0.04995639235458249,0.45481394294261035
1,4.552007994242805,4.394777042222886,4.394777042222886,4.494985494273209,0.0,0.0,1.0,0.0,1.0,1.0,1.4017799482965345,0.23292545617468358,0.7503532601602194,1.1290642737104177,2.2352530789022604,1.1362870802551186
0,0.04450702737242107,2.839379193911039,1.0222484695383667,2.839379193911039,1.0,0.0,0.0,1.0,1.0,0.0,-1.0673663691172672,1.267236568886358,0.6479521976445173,0.13305835394381804,1.5284889743618202,2.3628191625379316
0,5.4367315407328265,9.419064911321078,5.724134468253501,9.419064911321078,1.0,1.0,0.0,0.0,1.0,1.0,-0.2119771479689605,3.3256381458751236,-0.920250013805938,1.0675629577357935,1.3141173043901908,0.827698806985974
1,1.548122613845016,1.463539144337136,1.463539144337136,2.9591545157638928,0.0,0.0,1.0,0.0,1.0,0.0,0.3195556524867035,1.3728471080309406,0.5056332371756503,-1.8618644719610566,1.76833724419371,0.3247072066105291
1,3.119121240272661,2.622013930934006,2.622013930934006,3.1014422704674547,1.0,0.0,0.0,0.0,0.0,0.0,1.6693074284921368,-0.39390370268037256,1.7821486358483862,1.5514918291661575,0.4639266903219208,1.3074499073175303
1,5.00186839792704,3.1823376000829944,3.1823376000829944,4.314774068124074,1.0,1.0,0.0,1.0,0.0,0.0,0.3231012361685524,-1.2098409401480654,-0.8533958952515437,1.4805742351746378,1.7197935667393431,-0.5944351753194175
1,2.7832519988387903,1.5318597562404048,1.5318597562404048,4.982421772548825,0.0,0.0,0.0,1.0,0.0,1.0,1.9565671641873805,0.2561053868755025,-0.0968822337354629,-1.0953395638865207,1.4197131372548022,2.078745861249452
1,2.601695869628866,1.8748870967208102,1.8748870967208102,4.543782032106982,0.0,1.0,1.0,0.0,1.0,0.0,0.15373527028055411,0.5263536249988929,0.6650312444720835,0.9227243439139166,0.5549353997852347,2.650264769007119
1,0.01300713054579905,0.3647143659504638,0.3647143659504638,1.219567039297627,0.0,1.0,1.0,0.0,1.0,0.0,-0.8405899656536395,-0.20700693862443054,-0.30948564043819893,0.6631279080111347,-0.6111937017447131,0.6344897694801559
1,5.68923572774017,3.768594726268579,3.768594726268579,4.0809854913911545,0.0,1.0,1.0,0.0,0.0,0.0,2.0708470971396933,-0.049038685688757355,1.5632861660452413,0.09288304788958773,-0.5775658868251492,2.778857375345719
1,0.27819452457031674,1.2107822348428177,1.2107822348428177,1.4535259727227097,0.0,1.0,0.0,0.0,0.0,1.0,-0.5090378467039061,-0.1703648597108045,0.49975417226568963,-0.8280068751925831,-0.8019351185658514,-0.096218904060001
1,4.841390270161241,3.9250390144380845,3.9250390144380845,3.2280677030975347,0.0,1.0,1.0,0.0,0.0,0.0,0.765165443769345,0.1789711085644407,-0.6872917976406516,-0.3955007594639226,0.8447595758352995,0.7301854904647359
1,4.676734569274117,4.0845901022684945,4.0845901022684945,4.5070421550827895,0.0,1.0,1.0,0.0,0.0,0.0,0.09202895515555659,1.6289423241367833,1.5901388012927051,0.6971838058140801,0.8787004620674665,2.490086981230526
0,-1.596127589255505,2.3598843793245226,0.7303061797777392,2.3598843793245226,0.0,1.0,1.0,1.0,1.0,0.0,-0.68730706858276,-1.500335235725649,-0.39677410002565305,-0.6953744830337758,-0.7717135473187646,-0.12323918251067179
0,0.2003178606565369,1.1370820011476552,-0.6225669094080275,1.1370820011476552,0.0,0.0,1.0,0.0,0.0,0.0,-0.842384039531584,1.1876019054824143,-0.10682729865262053,0.16211602291517346,0.18463814459942718,-0.7805432282951568
0,4.266981614960362,6.936111538805002,3.9639056512834423,6.936111538805002,1.0,0.0,1.0,0.0,1.0,0.0,1.9275439947203215,2.2415070624831253,2.8980481820330244,1.2469574462036344,1.4070755467378955,0.1361650442440755
0,2.216195493717664,3.482603057017062,2.902762350155594,3.482603057017062,0.0,0.0,1.0,0.0,1.0,0.0,1.0734124709084614,0.5591410841010778,-0.19884107232640724,1.026971133215203,0.8552287837949915,0.23729150184469083
1,6.468542169325482,1.8296357595204453,1.8296357595204453,4.070662224003464,1.0,1.0,1.0,0.0,0.0,0.0,0.004486060904428768,0.8001486685106964,0.3915657564028301,0.40326290344416627,0.6951532638044633,0.6214144432455518
0,1.7382661135073636,4.13663273439118,3.2100123637888363,4.13663273439118,1.0,0.0,1.0,1.0,0.0,1.0,-0.36931550533838386,-0.21593013779880954,-0.006528900591646014,1.7726258183868566,1.5063387405855755,1.1544837193517947
1,5.2445161170576515,4.155743255803871,4.155743255803871,4.499856838623767,0.0,0.0,0.0,1.0,0.0,1.0,0.8353970400640545,2.4286962810660113,0.40593878995109733,0.9736949853837015,0.8624774012147226,2.3885113435439203
1,2.153645837881255,0.9437394781602172,0.9437394781602172,3.9185161836346833,0.0,0.0,0.0,0.0,1.0,0.0,-0.06647525529159404,0.8983141997868241,-0.10493722988142362,0.07168969341733955,0.6959674353013736,1.2741641729367243
1,5.0380257566787385,3.7065390435229904,3.7065390435229904,4.407585794578411,0.0,0.0,1.0,0.0,0.0,1.0,0.3303668231475602,1.014459423941997,-1.1936360495993554,1.3916966288196386,0.17141688613127193,1.3507419130230283
0,-0.027421472590751228,0.619731575127528,-0.4915449337627692,0.619731575127528,0.0,1.0,0.0,1.0,1.0,0.0,0.07270419911728243,-0.6078307646800301,-0.41378497847983087,-1.2753843897033625,-0.6047485943251218,-0.9704484782426102
1,0.5918097155510775,0.8969156893942247,0.8969156893942247,3.350045755191542,0.0,0.0,0.0,0.0,0.0,0.0,-0.2564059348035015,1.7420076288766346,2.5552192805133966,1.0529970979466072,1.0619528023407894,1.8043682482804857
0,0.42761523128513856,3.613097369805778,0.44601518716795185,3.613097369805778,1.0,0.0,0.0,1.0,0.0,0.0,0.13845151137040967,-0.2546964115594941,-0.0600996878969462,-0.5055821330990957,0.07141931383209132,0.7833740113547173
0,0.18730883644081753,2.344944589108063,0.3486925881266313,2.344944589108063,0.0,0.0,0.0,0.0,0.0,0.0,0.47640580762349183,0.19323048308315333,2.4775665777951907,0.6103943844891984,1.9270522283929061,-1.6108452551569914
1,2.4813264774627015,-0.21797481973236013,-0.21797481973236013,2.6435160255410715,1.0,0.0,0.0,0.0,1.0,0.0,-0.7019168544099241,-1.8354618700848513,-1.818626731911218,-0.11395423698304785,0.022586739907238917,0.48270527813169084
1,3.2236231331516922,3.8228113530318257,3.8228113530318257,4.587743558247591,0.0,0.0,0.0,1.0,1.0,0.0,1.2459026990819688,1.4208107486696302,1.0273661278518125,0.08041630737301203,0.42962533913599077,0.024301323178676393
1,0.5216367547046027,-0.9678978596218628,-0.9678978596218628,-0.7350638968747965,1.0,0.0,1.0,0.0,0.0,0.0,-0.6164976596124154,-1.54060004682073,2.8414667983213553,0.9524895622635128,0.46114316759036433,0.1116996538945223
1,4.856970679151217,5.353615834029615,5.353615834029615,6.0322425015708445,1.0,0.0,0.0,0.0,1.0,1.0,2.1255934987280654,0.5333286144990296,1.0238196770916048,0.8829614805424851,1.96899241335426,2.191696299276196
1,5.778826361249036,3.005333724156853,3.005333724156853,4.923354587889033,1.0,1.0,1.0,0.0,0.0,0.0,0.7579851979920179,1.286880010126303,0.9440010700953596,1.3799445066341556,1.9730848415011266,0.4873051187683699
0,1.6172518633643524,1.8508594237916711,1.3885344539318614,1.8508594237916711,0.0,1.0,0.0,0.0,0.0,0.0,-0.5958137413777971,0.033497194164618826,0.4643653609493288,1.368314496501664,-0.6712635348427967,1.934799616206773
0,2.515298484090384,4.965817490406993,2.5456403696382095,4.965817490406993,0.0,1.0,0.0,1.0,0.0,0.0,0.21802030281943696,1.888059334861567,0.07226636280589493,1.5941216847059145,1.7093564341355474,2.0000097098105662
1,3.010966243917844,3.812501473497705,3.812501473497705,2.9465484698620648,0.0,0.0,0.0,1.0,1.0,0.0,0.26032624303997687,1.4686090859225223,0.22640643917316122,-0.2824559014866097,0.09376196431226869,1.060280266258271
1,2.4819678553386093,3.086200831692148,3.086200831692148,2.8617980960686835,1.0,0.0,1.0,1.0,0.0,0.0,0.9167574300759378,-0.22577832878760173,1.7045135250165264,-0.48926517765711,1.6134160718487123,0.6178962476618821
1,1.6022826618115842,0.9877182709965152,0.9877182709965152,2.9968395665471705,0.0,0.0,0.0,0.0,0.0,0.0,0.18382083492524032,-1.0388780300989944,-0.3242455543481719,1.3866032761384062,0.9721046002436761,2.4603557917233734
1,5.561905927304726,1.4408434811833346,1.4408434811833346,4.95673184843918,0.0,1.0,0.0,0.0,0.0,0.0,1.876279202335504,0.9676443244111446,1.6666744675499647,-0.2743294862166289,2.0868753776263302,1.854513237081409
1,5.996650574405232,3.99351443450638,3.99351443450638,5.830030941102722,1.0,0.0,0.0,0.0,0.0,0.0,1.346544370592813,0.06567073616066726,0.017107877240594205,1.5128596188775745,0.522945742397444,1.5433818073709493
1,8.007032682173852,5.339211278389727,5.339211278389727,8.037596606775693,1.0,1.0,1.0,0.0,1.0,0.0,1.8886256959101124,1.2287160806114077,1.4847872312266053,1.3549890279311636,0.4083992689635084,1.1586036589924804
1,4.441086289415877,2.0602847933025203,2.0602847933025203,6.410014163899212,1.0,1.0,1.0,0.0,1.0,1.0,1.3677276544433945,0.3180192957442145,0.39000784506820985,-0.7731353545689186,-1.5424223665682968,-0.2267234459375964
1,4.082032028742405,2.80536794662306,2.80536794662306,4.219765185028545,1.0,0.0,0.0,0.0,0.0,0.0,0.7785255195124359,0.518548654636368,-0.2386616547090621,1.0555850117293997,1.7248589259768412,2.8325333200188334
0,0.5371986775796355,2.4931249664183452,2.9137368691829257,2.4931249664183452,0.0,0.0,0.0,0.0,0.0,0.0,-0.6126704181667053,2.38934241265397,0.9805609430673663,0.3099915006186474,0.15806053445142076,1.4463080898049328
1,6.491805657849703,5.694037314578374,5.694037314578374,6.166599241177744,1.0,1.0,0.0,0.0,1.0,0.0,1.4899623051308732,0.5003645184498071,0.3639691605257266,1.5907621908764074,0.40178546282304695,0.3936590944773497
0,5.85994090584722,6.667882586533398,3.262335858640661,6.667882586533398,1.0,1.0,0.0,0.0,0.0,0.0,1.0092928569913409,1.1304106733160804,0.7264144003909316,1.669006136929843,1.5396172568899045,2.642726815212643
1,5.488302826474762,2.3871329833434576,2.3871329833434576,2.976325034807552,0.0,0.0,0.0,0.0,0.0,1.0,2.0343102400664543,1.210626768304733,-0.0266046837014553,0.5999054803034837,0.578218528279063,1.7887724304576365
1,3.8563915083979152,2.860998105357993,2.860998105357993,5.244475098167523,0.0,0.0,0.0,0.0,1.0,0.0,1.4229881335207888,1.2339447520033233,0.14170752283244403,0.13875200713087588,-0.002235981235982676,1.282763762654376
1,4.9720416339511075,3.218974146576329,3.218974146576329,5.68805039102438,1.0,1.0,1.0,1.0,1.0,1.0,0.22722226988470884,1.2849959750056321,3.009145491117296,-0.3418620273620685,1.5789023927931036,3.452062646539556
1,5.6514836384675755,4.955143817175404,4.955143817175404,6.856561706889452,0.0,1.0,0.0,0.0,0.0,0.0,1.9009627541647025,1.430015975006764,0.9319765520448003,0.44210820654551397,2.073360167576937,0.20200258388904435
1,5.636309263200422,4.314763352887311,4.314763352887311,4.884781915590436,0.0,1.0,1.0,0.0,1.0,0.0,0.07845377272906262,2.01728068821964,1.5642952907448733,2.646465270865112,2.733544310190726,2.6246618814047586
0,0.6105308969759076,4.220295221327902,3.3214610745144553,4.220295221327902,0.0,1.0,0.0,0.0,0.0,0.0,0.7818659286068592,1.6353376543693976,0.32474424413088815,-0.29341329753365053,1.4431688782989616,-0.18545014504858748
1,1.1056601829918624,1.5525469540488819,1.5525469540488819,3.153202892495657,0.0,0.0,1.0,1.0,0.0,0.0,0.5718617614471885,1.0899983322202473,1.459059950124991,0.03955259451167065,0.9816783172223601,1.0944102223701475
1,4.267526496797301,0.13494321683778132,0.13494321683778132,3.1942800166449485,0.0,0.0,1.0,0.0,0.0,1.0,0.7571763748726934,1.066513913623269,1.377423033483092,1.8424480941306858,0.8925083777707326,0.11193506245136664
1,3.5073369069009925,-0.649097037600574,-0.649097037600574,2.669074691322061,0.0,0.0,0.0,0.0,0.0,0.0,0.5991005013472929,1.0740455030577645,0.3576672222959618,-0.1439080085821809,1.245525166665154,1.603178929873446
1,3.6855569571425297,2.7478960624648074,2.7478960624648074,3.339312466822887,1.0,0.0,0.0,0.0,1.0,0.0,1.158757960981031,-0.40239385556406915,2.0568984203956764,0.7175640675836111,2.6101116567474802,1.69427125792139
1,3.3071286472864108,-0.029623935719488625,-0.029623935719488625,0.7444738153232102,0.0,0.0,0.0,1.0,1.0,0.0,1.3385069982879867,-0.2124010109715394,1.3303370775759158,0.4377839001483739,1.0167240158528104,-0.6773910365843592
1,3.167646226805691,1.197454952402816,1.197454952402816,3.715771184201179,0.0,0.0,0.0,0.0,1.0,0.0,1.2784601173115924,0.2416302551884486,2.349888830239326,2.6118432284379502,2.3162245833697277,1.5946113106753175
1,2.57905202434506,2.47997562964195,2.47997562964195,5.4100506078473085,1.0,0.0,0.0,1.0,0.0,1.0,-0.01285506058417607,0.7473470832188588,0.7567183862552633,2.379352284316398,1.5809595402999703,0.2700488795357201
0,1.8146677493537098,4.398651893735197,2.3587918465857483,4.398651893735197,0.0,1.0,0.0,0.0,0.0,0.0,1.705426698664645,0.8073647458395087,0.7473858206136319,1.6497171898681597,2.277117041703537,3.654641312972844
1,4.461105824126,1.4735858712691732,1.4735858712691732,4.289389365475925,1.0,0.0,0.0,0.0,0.0,0.0,1.4671878429858554,1.1018591074008333,1.6474784179182824,1.2991625738873671,0.11599026181190997,-0.38297517326294384
1,9.678475985702809,4.034781179774511,4.034781179774511,7.381503075294975,0.0,1.0,1.0,1.0,0.0,1.0,1.2066662406432878,1.635032085075856,0.5022602379319026,1.100328640851076,2.7234756826512263,3.1617287692423917
0,0.04359670615495459,3.8038265346834543,0.2776871840180287,3.8038265346834543,0.0,1.0,1.0,1.0,1.0,0.0,0.3812518771579667,0.08332672466235741,2.030478015506156,-0.6064448077889761,0.3527339204413884,1.3296298916957072
0,-0.2819558277335914,1.3156877829262044,0.08702133675179402,1.3156877829262044,0.0,0.0,1.0,0.0,0.0,1.0,-0.3732529400400162,-1.000012616208994,0.9503147727821073,0.6140238861891725,-0.09663923193316926,-1.6638675958665372
1,7.925236642416886,5.774880421221935,5.774880421221935,6.198287092198425,1.0,1.0,0.0,1.0,1.0,1.0,1.4425260522416063,1.3782717547837482,0.9089909284570812,0.7426960152539965,2.512407497013632,0.11958875116215295
1,0.2238925434626493,2.8507504870362936,2.8507504870362936,1.8909226844892821,1.0,0.0,0.0,0.0,0.0,1.0,0.01579984667752815,-1.148336140372632,-0.0483434051158923,0.5799856524848019,0.46502210476363925,1.9282830566829743
1,-0.10823266824711553,-1.072713955921446,-1.072713955921446,-1.056327459778335,0.0,0.0,0.0,0.0,0.0,0.0,-1.403647406978805,0.6012459549750452,-0.38346813649249145,-2.0073444780777523,-0.5842964846433039,1.2442735477528353
0,1.2519481705106426,4.443400829808397,1.0937197994275503,4.443400829808397,1.0,0.0,0.0,1.0,1.0,0.0,1.0418099517939923,-0.6845292157354406,0.24709293163113588,-0.4425738710617928,1.9407090308677346,0.18962464027614234
1,1.5167571298841884,1.050991466281265,1.050991466281265,2.4789397509249627,0.0,0.0,1.0,1.0,0.0,1.0,-0.4860244185279169,-0.0744456753044026,-0.13055314747148739,0.2511867348735499,2.2502572411408677,0.5482147427249182
1,3.967770379341421,3.2250954481533025,3.2250954481533025,4.061532804958954,1.0,1.0,1.0,0.0,0.0,0.0,1.6507582250592954,-0.2161651099648998,1.3587502314148563,0.12452414966826336,-0.4186985721056691,1.5084337997838506
0,-1.9716968834796909,0.15492445478754324,-2.7951245027178864,0.15492445478754324,0.0,0.0,0.0,0.0,1.0,0.0,-0.4579059381955666,0.6134137242073525,1.8936411634693615,-1.0552971481912088,0.0665914287368532,2.009963763755928
0,0.5330339794034913,1.8840563542749602,1.2972912630745392,1.8840563542749602,1.0,0.0,0.0,1.0,0.0,0.0,-1.1800987577922926,0.053146989925758614,-0.11007136955794572,0.19657078639069192,0.26252985096128445,-0.6462465660321826
1,4.7387047159566045,2.4958062150569167,2.4958062150569167,6.128853474320654,0.0,1.0,0.0,0.0,0.0,0.0,1.8515406208057477,1.3255746590866564,2.2324064579484526,1.851909978273259,0.9509688484345871,2.424864530671835
1,6.071561509520774,3.4224554609587217,3.4224554609587217,4.593928441846037,0.0,0.0,1.0,0.0,0.0,1.0,2.0306802170353655,1.5262475605669197,-0.053346056882208504,-0.7395675402638595,1.4051018727619518,1.9217039727896508
1,5.554505219549348,3.315111619498823,3.315111619498823,5.125837881149464,1.0,1.0,0.0,1.0,0.0,0.0,0.3622216158276952,1.2647837818730954,1.2724538898541777,3.0740366689960315,2.1125212935402247,1.4894856058797161
1,4.8396790845219275,3.142982715593715,3.142982715593715,8.183441327003216,1.0,1.0,1.0,0.0,1.0,0.0,0.5200810924844295,1.3188401720800236,0.6805235205354321,1.1278124500982258,0.5801091738899545,3.408284600034092
1,5.878058904903574,4.347534563401545,4.347534563401545,5.812434163670878,1.0,1.0,1.0,1.0,0.0,0.0,1.4216983345603498,1.6335979979962825,2.307880051601674,0.6524768628272265,2.8499296187869603,2.370660271441209
1,0.6048083129505084,-0.3302503114145219,-0.3302503114145219,3.5136231946228205,0.0,0.0,0.0,0.0,0.0,0.0,0.585735787612724,0.6857523241207613,1.1677724041915403,0.36528953636834727,0.8437066227516633,1.4201993324753457
1,7.296289130694115,5.810180302708998,5.810180302708998,7.300355947135255,1.0,1.0,0.0,0.0,1.0,0.0,1.9901705768968827,0.8610248416622357,2.1794150740729736,0.4886446454797219,1.2011432075640884,2.935641006534481
1,6.3959460496194565,4.184468823718153,4.184468823718153,6.02009808859363,0.0,0.0,1.0,1.0,1.0,0.0,1.2918861689919034,1.5253063813957053,0.6349128221887078,0.7585954847937313,2.437536493994313,1.9540348002549126
0,0.5283596484160703,2.3999354001496904,-0.3342630553674766,2.3999354001496904,1.0,0.0,0.0,1.0,0.0,0.0,-0.5136493701426854,0.5497154016479298,0.7561377913855181,0.7824323168647698,-0.21995900570962457,2.3192349791191043
1,7.1955359474241085,3.347854476842884,3.347854476842884,6.503684019416731,1.0,0.0,0.0,0.0,0.0,0.0,1.801505930612033,2.09729627013492,0.9928342726998289,1.6117642731487005,0.811939891205329,0.47532976010242645
0,1.4344319026413004,6.515004731909664,4.516117145600013,6.515004731909664,1.0,0.0,0.0,0.0,0.0,0.0,0.9012099814512307,1.2827203029627299,1.185872819790156,3.1935645686942205,0.7884871960009466,2.264347885998068
0,2.4374371710326486,4.902600818066069,1.9368158934405857,4.902600818066069,1.0,0.0,1.0,1.0,0.0,0.0,0.9731170575461126,0.35427891274806866,1.6208930083644673,0.4082612112280255,0.19728051627804644,3.804926647413154
0,4.728670620224384,8.812153880561747,5.962272567674573,8.812153880561747,1.0,0.0,0.0,0.0,0.0,0.0,2.4958727662640987,2.0683485660650125,1.8949780621922014,2.2314599846396046,1.8842088953591665,2.4494335072962596
0,4.957397055009307,4.757837657784142,4.583887718792745,4.757837657784142,1.0,1.0,0.0,0.0,1.0,1.0,1.102622097190987,0.7450858889125849,0.19250600716172095,-0.26631928199849153,2.5706302284174214,2.3409274296815044
1,3.570162085611667,3.301207314185006,3.301207314185006,6.5707732300010315,1.0,1.0,1.0,0.0,0.0,0.0,0.24724015972115837,0.8360214760595175,-1.3748243534702236,0.34074820343331247,1.3743688500587015,2.038768068580172
1,5.998619364172105,0.3489316792105215,0.3489316792105215,7.813927762400679,0.0,1.0,1.0,0.0,1.0,0.0,1.5840654385662198,1.4910002635781172,2.10611949552092,0.3048079665290914,0.905398688277013,1.3031845275881746
0,2.1816645740368896,6.312308053255225,3.501375918603148,6.312308053255225,1.0,1.0,0.0,1.0,1.0,0.0,1.2469328495700258,0.4080068139688816,0.7205388053698275,0.9527360697860554,4.657220489682992,0.35437349174815
1,2.010078135801028,2.93672588580944,2.93672588580944,2.4324866714802065,0.0,1.0,1.0,1.0,0.0,1.0,0.747194627338551,0.3065362179931794,0.9983173429760045,0.8868243347663634,1.1290808144898885,1.229391615501837
1,3.4871121800678817,3.787982352433587,3.787982352433587,4.022546412408244,1.0,1.0,0.0,1.0,0.0,0.0,0.006298855127974234,0.8041025371546368,-0.7942143546877083,-0.3660068627987143,0.03516100484061857,1.315660292779011
1,6.404036753280284,6.782316899068583,6.782316899068583,7.117365585223074,1.0,1.0,0.0,0.0,1.0,0.0,2.046893283099341,1.3341045939290566,0.8175282614160619,1.8945404053859758,0.941929716179895,1.722795303880435
1,3.413324944534784,4.070612261575501,4.070612261575501,4.355606064622184,1.0,0.0,0.0,0.0,0.0,0.0,-0.4260314465529317,0.8585129854407662,-1.56860454447507,1.1226829903123896,0.20733476510519344,1.19525612646275
1,3.933433091467152,1.5203353168482894,1.5203353168482894,2.6656963996617034,0.0,0.0,0.0,0.0,1.0,1.0,0.03890486338121191,0.8269124946418277,0.2483017340621972,0.9824078519228195,1.838067049536359,0.7878722770734563
1,2.8025463194510944,-1.1208058276862696,-1.1208058276862696,1.968520226128668,0.0,1.0,0.0,0.0,0.0,1.0,-0.14929793850579764,-0.5672173531311695,0.9129411323504113,-1.0698543661833027,1.19438429008023,0.9948399021238361
1,2.4792249339634385,-0.4420398669720558,-0.4420398669720558,4.572015193439031,0.0,1.0,1.0,1.0,0.0,1.0,0.4103263587479574,-1.37465420048043,0.3706318669256321,-0.3740956377221807,-0.027642595596716335,1.1273931280478524
0,-1.0056066421312506,0.2774670282485927,-0.3540051270659299,0.2774670282485927,0.0,0.0,0.0,1.0,1.0,1.0,0.02852065999225617,-0.3719734266775051,1.2844180383413297,0.12088375869035872,0.3618079466285713,0.7324774980336117
1,1.1198324107369986,0.8930596140456333,0.8930596140456333,-1.2000611290847965,0.0,1.0,0.0,0.0,0.0,1.0,-0.09109767347490605,-0.35282309807856405,-0.16377278199308387,-0.10730439323696828,1.100245993605686,1.1619487094035093
0,1.8008995969377468,1.677046727324687,0.9733699921371515,1.677046727324687,0.0,1.0,1.0,0.0,0.0,1.0,0.038641850364699915,-1.023189454363562,-1.4274468844963524,-1.3257628107549027,-1.4002026698384626,-0.8698139904338031
1,6.959558029941231,4.188435012822491,4.188435012822491,9.606202453225864,1.0,0.0,0.0,0.0,0.0,0.0,2.0627670276189667,1.9843609806780576,0.3854144350788262,0.6616742362793738,2.175406567640372,2.69226730475672
1,6.7399415476662465,4.35980340327098,4.35980340327098,7.575610799912757,1.0,0.0,0.0,0.0,0.0,1.0,1.2320578444862669,2.5065426880408976,1.3051995172937754,2.0944178901194843,3.1175592712203324,4.067948389551579
1,1.8470754097569926,-1.2312345243819736,-1.2312345243819736,-1.0805391185614757,0.0,1.0,1.0,1.0,1.0,1.0,-0.23166732182464134,-0.8928681979593358,1.2619901042327526,-0.20427643719541277,1.385326147262973,2.500365499808761
1,4.270359350804443,1.238826820580667,1.238826820580667,5.4378669058635865,0.0,1.0,0.0,1.0,0.0,1.0,0.27703835865672644,0.2915473901269135,-0.24843722291670434,-0.16700967117575938,0.6176705975766708,1.7168056091469568
1,3.790366426742021,3.4321306405491607,3.4321306405491607,6.697706616973464,0.0,0.0,1.0,1.0,0.0,0.0,0.7782674673348975,1.852629438656363,0.8203223343970174,0.5520261768622559,0.980324128128842,0.35106901283877656
1,3.567302997414961,1.1463409759595877,1.1463409759595877,2.973396946158095,1.0,0.0,1.0,0.0,0.0,1.0,-0.2974808889219218,-0.4221778616904467,-0.3201918979428061,0.19744789169193455,0.2781870665885833,0.4191456016518881
1,2.7211334533319462,-1.1036285855658396,-1.1036285855658396,3.3867664896500864,0.0,0.0,0.0,1.0,1.0,0.0,1.05065832698538,-0.6424990201673624,1.076917608077715,-0.6906029808660163,0.6813717627658145,0.7997726858536149
1,1.8263610499048863,-0.03138388268129233,-0.03138388268129233,2.0236610249548788,1.0,0.0,0.0,1.0,1.0,1.0,0.647266901134286,0.10075837576309582,2.3524088651793607,-1.0155825041412214,-0.2955758059907425,0.8676917222445003
1,4.566593054398129,3.177493096092196,3.177493096092196,3.910897201707732,1.0,0.0,0.0,1.0,0.0,0.0,0.06474526601116048,0.6686618635021901,0.4111191135354846,2.188694455781288,0.9189019847700222,1.23174494808125
1,3.238500666896771,1.9383565872831698,1.9383565872831698,1.3879438672627218,0.0,1.0,0.0,0.0,1.0,0.0,0.19920796980464084,-0.22220118488985108,-0.7884943918992318,-1.126209988104979,1.1159460004170487,1.3088982191129146
1,1.98648592059773,3.371742755911219,3.371742755911219,4.154124679340217,0.0,1.0,0.0,1.0,0.0,0.0,1.3376185840922628,0.3582437441238827,-0.6033914691996709,0.5630391712632934,2.2344606781549086,-0.005415607519454024
0,4.891351400863652,5.48907807543559,3.964906695158718,5.48907807543559,1.0,1.0,0.0,0.0,0.0,0.0,0.4184353861502103,1.9388166896173313,1.5422932085202645,1.5409500001685248,0.6081068429080391,2.052422265829945
1,5.221443847730908,2.2880760523243793,2.2880760523243793,6.0292241014778245,0.0,1.0,1.0,0.0,0.0,0.0,3.00359609523834,0.4669723806168222,2.205357980355749,1.223927970498054,1.9267660548424108,2.52082683671647
1,2.148620557734814,3.1841881400788083,3.1841881400788083,2.561998603849141,0.0,1.0,1.0,1.0,1.0,0.0,-0.12924911356732882,0.6667570356644715,0.504127542484239,-0.5871316254780041,0.04827157536558979,-0.0484010942112203
1,2.6040308189109727,-0.04455317824259186,-0.04455317824259186,1.8679081784918339,1.0,0.0,0.0,0.0,0.0,0.0,0.4768230661189378,0.49977137197056054,1.6225371322479707,0.2839771891411772,1.716566506442914,0.5427832985084593
0,4.389476825266536,6.429542209309115,4.8358730180443885,6.429542209309115,1.0,1.0,1.0,0.0,0.0,1.0,1.1912135657729856,0.9232045469911437,0.3485205578247522,0.7443178040527896,0.4959822108168608,0.7809497302208492
1,5.174918340135007,1.0202361237567588,1.0202361237567588,3.481379385419749,1.0,1.0,1.0,1.0,0.0,0.0,0.5134130121563366,0.3413630313015843,2.154433876080952,0.16830300760280137,1.0308988690642105,3.543665229066411
1,7.665089915319259,3.5287290490844816,3.5287290490844816,7.1002331524977675,1.0,0.0,1.0,1.0,1.0,1.0,1.1107071053085942,1.9205618449168433,1.2305315975941893,0.30326069463134886,2.370326433456142,1.1009021933847927
1,8.803351443511968,4.955752510965935,4.955752510965935,5.923381598753389,1.0,1.0,0.0,1.0,0.0,0.0,0.7197213931142928,1.699115232895927,0.8006005494615438,0.8878815699653198,2.7770154699134744,-0.3965449318947858
0,0.9628040585999765,3.196517540091385,-1.7068716125099237,3.196517540091385,0.0,1.0,1.0,1.0,0.0,1.0,-0.2636165672767381,-1.1273056897525553,0.3072203793711368,-0.9573662150939193,2.5532752088850046,1.2424594669435067
1,2.947581318198019,2.2603826378317127,2.2603826378317127,4.181387462162658,0.0,1.0,1.0,1.0,0.0,0.0,0.6115756695453386,0.24239488904390916,-0.49374733608165144,-0.7780476958395388,-0.12809844572576568,1.0419716856388526
1,5.008102814580076,0.5904301933486753,0.5904301933486753,5.121202963990776,0.0,0.0,1.0,0.0,0.0,1.0,2.475590327187171,0.47382755660211856,1.7621466780043191,-0.2698398163708664,-0.4168916060948291,-0.0017415125185973324
1,5.26368756024666,2.956053037777221,2.956053037777221,6.7455052647397125,1.0,0.0,0.0,1.0,1.0,0.0,1.5137350351404646,1.9296836467318594,2.6805247285571476,0.5565401449571596,1.6500972703284948,0.7427294746166101
1,2.84674186099235,0.5422673085524998,0.5422673085524998,3.5550692346045367,1.0,1.0,0.0,0.0,0.0,0.0,-0.09904760469244822,-0.9585030642633208,-0.032179683405599735,1.3172145379497,0.6497026002261228,0.611706997487831
0,3.588008461507872,3.637904840176991,4.929045099199414,3.637904840176991,0.0,1.0,0.0,1.0,0.0,0.0,1.7370737426233593,0.9390027633685811,0.764872551269212,1.6730479870522748,0.8648249596185376,2.6968823627867993
1,4.676856682895059,1.8914218007179335,1.8914218007179335,5.7456221135781735,0.0,0.0,1.0,1.0,1.0,1.0,1.3680178314284612,1.4553861479806192,1.9953426823184017,1.8219187662078682,1.129707787138958,1.3782636138160531
1,4.740338033696628,4.434706911947687,4.434706911947687,3.1718402841799875,0.0,0.0,1.0,1.0,0.0,1.0,1.1496156424694015,1.0044262208508985,-0.5098219472463545,1.4816286673959764,0.8248529019306293,1.9615374467083768
1,5.675401395214465,5.966265522298341,5.966265522298341,5.795129993086899,1.0,0.0,0.0,1.0,1.0,0.0,0.8860502431256276,2.2054693400089924,1.7727334364919007,1.1572202384818557,0.8705814786502138,0.8152054486447439
1,4.258442906523546,4.261167861088355,4.261167861088355,5.896103279145582,0.0,1.0,0.0,0.0,1.0,0.0,1.1001979403936202,0.6756048053196951,-0.7892931561806034,0.357705601424309,2.3835364553422997,1.2537871952584547
1,3.3223597459167142,1.0481269142097007,1.0481269142097007,3.985618222929054,1.0,0.0,0.0,0.0,0.0,0.0,-0.06702680855933596,0.6728814288676898,0.5958946416674814,-0.2868177611721616,0.5316087870542114,0.7297364802346626
1,4.408175421477553,1.0738557619276097,1.0738557619276097,2.032722289915768,0.0,1.0,1.0,1.0,0.0,1.0,0.8519304624330855,1.1052121892995657,1.402261555631023,-0.09134281400766986,-0.25915105017701023,1.1590256981070395
1,3.794327951392725,4.392104831656088,4.392104831656088,4.236594989170685,1.0,0.0,0.0,1.0,0.0,0.0,1.5913803184518305,0.7806224172213935,1.5199418354215015,0.6539166927161967,-0.8817163421150116,0.40290636844854144
0,2.81817015729852,4.177129803825299,3.682162584460871,4.177129803825299,0.0,1.0,0.0,0.0,1.0,0.0,0.6346166162051841,2.8631954011792944,2.85418496181231,1.593777293756949,0.9711339957875786,0.2505095160684194
1,1.5417562811863694,2.5495793682184185,2.5495793682184185,3.12353314996925,0.0,0.0,1.0,0.0,0.0,0.0,1.1324163793371744,0.6964161558317341,1.846061089192584,0.1343088867060146,1.0033459276223222,2.437944485805367
1,2.682331409332091,0.8811072994398164,0.8811072994398164,2.4897436295961604,0.0,1.0,1.0,1.0,0.0,1.0,0.6748091209240923,-1.2532618034333847,-0.36710678924263695,-0.874429147223025,-0.8030046164145188,2.172521762051207
0,2.36046566591076,2.5351782031936754,0.8986170260386194,2.5351782031936754,0.0,1.0,1.0,0.0,1.0,1.0,0.5082724762424106,-0.38116617337204206,1.348460570141579,0.43551964624741873,0.12809298190430596,0.9667373756088732
0,0.9221351650628367,2.829582925973032,1.5014449922505908,2.829582925973032,0.0,0.0,0.0,1.0,0.0,1.0,-0.3278810264151517,1.127005140923711,0.37789090328871866,0.4564652217682399,1.059759872329972,1.3403264132166988
1,2.872697940082211,1.7616231068364852,1.7616231068364852,4.375918795785275,0.0,0.0,1.0,0.0,0.0,0.0,1.4279469362145956,0.559633394488899,0.1279495849194966,0.38662104602988046,-0.8108721314631508,-0.8808855434771012
1,5.526704693085479,3.1533605225625165,3.1533605225625165,5.6214049537104325,0.0,1.0,0.0,0.0,0.0,1.0,0.9022221452793944,1.2997719696902654,1.1244112212437387,1.8326649024380597,1.1888682905336416,3.035000589530481
0,3.1552661736258814,3.727384255368173,5.096514165588379,3.727384255368173,1.0,1.0,1.0,0.0,1.0,0.0,-0.2094389872357555,-0.03661468977984661,-0.16043469236408547,-0.12977055650032332,0.3138327228231407,1.2757771955860608
0,1.0879935318804779,6.37424716794883,4.742976972754132,6.37424716794883,0.0,1.0,1.0,1.0,0.0,1.0,1.6231078234531766,1.5493836530492002,2.342369237830683,-0.047722671230407965,1.2583711359547278,-0.6498985925898724
0,-0.5568132956702067,-0.7181647552348924,-1.9909895339712025,-0.7181647552348924,1.0,0.0,0.0,0.0,0.0,1.0,-2.858961427596585,-0.6534531810920694,-0.6801632084257823,1.2211958088133412,2.0349726552342684,-0.3702348591544511
0,2.933044586336605,5.071098301471959,1.887518001833401,5.071098301471959,0.0,0.0,1.0,0.0,1.0,0.0,1.803226054778392,2.0112110803880077,0.3735585030022855,1.1688528510767278,0.45046057017019514,1.0595803814843947
1,6.113248172559996,4.556274318062211,4.556274318062211,5.8615883972969245,1.0,0.0,1.0,0.0,1.0,0.0,1.5675768323937487,1.3079978515753758,1.758292367492053,0.539879857718644,1.4690701291652686,2.8600157638619264
0,3.221305630842129,3.925991139320558,0.0986005746345886,3.925991139320558,0.0,0.0,0.0,0.0,0.0,0.0,1.2196733669749882,1.3300797529565433,1.0514379375414133,-0.33628527574785394,1.6799722855937098,0.8534878185539643
1,3.2227508316394196,2.191312043013656,2.191312043013656,3.224867868299036,1.0,0.0,0.0,1.0,1.0,0.0,0.3070019931790493,0.21469255572669482,0.44910590536143713,0.513479991501511,0.6182945554715776,0.4514761451723639
0,4.009501445458905,6.221547458946292,3.324305457342023,6.221547458946292,0.0,1.0,0.0,0.0,0.0,0.0,0.5526398216366867,3.0349559980279857,1.6591554863250564,1.259939703474077,1.8882967630884617,2.595177873391818
1,5.724175268054465,3.115285090225924,3.115285090225924,5.199450944026143,0.0,1.0,1.0,0.0,1.0,1.0,0.6506967102383514,0.7645776996182982,-0.22723840448850063,1.0383396075978655,-0.22334743229355647,3.6446653429662983
1,1.7223101267228222,1.1577153525626809,1.1577153525626809,1.1463469622434421,0.0,0.0,1.0,0.0,0.0,1.0,0.6026889389059685,-1.1439192423782873,-0.10955269247764443,-0.9658632836646277,0.5925449066751216,1.50530455787783
1,5.236621150660192,1.8568818668095457,1.8568818668095457,2.9377282720391173,1.0,0.0,0.0,1.0,1.0,0.0,1.1510220740678287,-0.18373731697121354,0.3078405677659656,0.8101223887511635,0.5225591063777248,-0.1812922721664827
1,6.813174494912672,4.791733729308902,4.791733729308902,9.297203049355412,0.0,1.0,0.0,0.0,0.0,0.0,3.5281300130259394,-0.13216596230368238,-0.5489986679441299,1.1811728529744647,1.7923844763188206,0.7797052488477976
0,-0.3813806601673805,1.5699113066778028,-0.3686157769331259,1.5699113066778028,0.0,1.0,0.0,1.0,0.0,0.0,-0.5006489873237296,-1.2624145604320953,-0.6774002791759779,-0.11638370947284504,-0.6453675851557883,-1.3316605838079325
1,3.3285136930258306,1.0359510587260967,1.0359510587260967,3.351292804948093,1.0,0.0,0.0,0.0,1.0,0.0,0.27110209217519043,-0.5620377518269493,0.608257484798897,0.5136054596128478,1.0099255192616,-0.3872878665228603
1,4.088986443371661,3.211974317706514,3.211974317706514,4.42707620302776,1.0,1.0,0.0,0.0,1.0,1.0,0.37308196074423705,-0.6114248971209717,0.7643708856184879,1.498371517710957,-0.6379333519978343,-0.22609642972549748
1,6.249166210086717,4.0367137302632035,4.0367137302632035,2.984615584672774,0.0,0.0,0.0,0.0,0.0,1.0,2.2581080773653626,1.0171639855951948,1.6977053242069076,1.723871986701375,0.27792792878878003,1.8036369840572222
0,1.38141166595427,1.3176213228150573,-1.2514160222607345,1.3176213228150573,0.0,0.0,1.0,1.0,0.0,0.0,-0.01652192688649079,0.6005399556281815,0.021749187457007546,-1.4568275749547794,0.9672181829573004,0.18150338360530838
1,2.5586859936922295,0.41914554092196954,0.41914554092196954,2.640381903990288,0.0,0.0,0.0,0.0,0.0,0.0,0.09135686023416528,0.6581993034710536,-0.4743681443144947,-0.17877102890231544,1.267870088637729,0.30957916020966336
0,6.001055384238931,8.033407093740575,3.9728265961771765,8.033407093740575,1.0,1.0,0.0,0.0,0.0,0.0,1.2408000714423224,1.5994851853004557,0.8185196440305263,2.1956557530841385,3.5128004322986373,2.8302718332642636
0,1.5094428726348335,1.7003206505463182,-0.8881088748961159,1.7003206505463182,1.0,1.0,0.0,0.0,0.0,0.0,-1.0655488767677985,0.05307447446167746,-0.01063108360238274,-1.5281840098454675,0.8989589786996258,-0.40069219013515145
0,1.564738554972393,2.8365897477266784,2.450315609347294,2.8365897477266784,1.0,1.0,0.0,1.0,1.0,0.0,1.2181266624546716,-0.9831028056924174,-0.7199168323147314,-1.8468458475375158,-0.023871437199955103,0.5865149296391675
0,1.0418796618973234,2.021710889978385,2.275125611220225,2.021710889978385,1.0,0.0,1.0,0.0,0.0,0.0,0.09901472254438115,0.21770388796645257,-0.3288956540683181,-0.44656721318815884,1.6737417981428246,1.1028597324820526
1,8.00701019237547,5.25374829674354,5.25374829674354,8.23982890227873,0.0,1.0,1.0,1.0,1.0,0.0,0.8239231020940212,3.294086957549259,0.7827019928236529,1.1049402041143934,1.3551471323337294,3.774567366541887
1,2.380010668904924,2.497528279426486,2.497528279426486,2.4478721803795898,1.0,0.0,0.0,1.0,0.0,0.0,-0.7207397791110381,0.8187136216987094,0.8525082066939969,0.2415566044185411,-0.08634153215812423,-0.48248685411160586
0,3.457199367522174,3.456688373645248,3.230357038943715,3.456688373645248,0.0,0.0,0.0,1.0,1.0,0.0,1.585839512677184,1.399374258098333,0.3276458503372485,-0.2371170413734578,0.7624773893808485,0.7365977288066319
0,4.021601303798619,4.010935198323223,4.601377335726053,4.010935198323223,0.0,0.0,0.0,0.0,0.0,0.0,0.7717056562787383,1.8779740125894413,0.5799991555245351,0.5328904809330364,1.0169706681882191,1.7391668661791981
1,3.588446365469468,4.801015722653979,4.801015722653979,4.488587938813327,0.0,1.0,0.0,1.0,0.0,0.0,1.982042484778752,0.16808704415625297,2.3011932414337313,0.8495664019821585,2.8065979790798865,1.3741549260315935
1,4.216276242052605,1.3956990122846937,1.3956990122846937,0.2672308924765927,0.0,0.0,1.0,1.0,1.0,1.0,-0.2896587786090917,1.1998128826570156,0.6279136206817382,0.5195921919141884,0.6966683899213274,-0.31362344408409437
1,5.297165818061111,2.6169607758216316,2.6169607758216316,6.487331814109257,1.0,1.0,1.0,0.0,0.0,0.0,0.23673995546163135,0.9549475422429514,0.39872145662024694,1.4645135451492255,0.29909717981825057,1.3479829694989203
0,5.714458306426296,5.227250386912202,2.4039643189717386,5.227250386912202,1.0,1.0,0.0,0.0,0.0,1.0,1.186667137022953,0.40476382406999106,-0.09882152591395699,-0.1749270791043075,0.95303468423801,2.553347775133628
1,7.850855797801612,6.184131681621986,6.184131681621986,9.33300275698866,0.0,1.0,0.0,0.0,0.0,1.0,3.4552904213964593,2.0910131184074556,2.4290963207735943,2.68794366980731,2.6166433931278044,1.5591823506062021
1,1.0002636415979316,1.913822216436974,1.913822216436974,-0.28369423316883724,1.0,1.0,0.0,0.0,0.0,0.0,-0.27072646115817556,-0.9370740818999228,1.134468113155341,0.5564274505861895,-1.3765852903559685,1.69502381199801
1,1.660846594166506,0.12692495167539763,0.12692495167539763,1.9681384639941704,0.0,0.0,1.0,0.0,1.0,0.0,-0.04478697216676997,0.2903215774348001,0.3626608193374541,0.9778791513370191,1.1724895575818945,2.3822422101775187
0,1.7102124149554387,1.8215052368446538,-0.40202834488923433,1.8215052368446538,0.0,0.0,0.0,0.0,1.0,1.0,0.5541873747783091,0.42827208320368354,1.0149397485139895,0.20748316243248754,0.38012070479639504,2.100391767272952
1,4.848850903587499,3.0468395602460143,3.0468395602460143,4.281996295250965,0.0,1.0,0.0,0.0,1.0,0.0,0.26114118191489055,0.6575449285448216,0.04592245851999588,2.777400881043894,1.7671821483404937,3.19991645385516
1,2.9061840046435394,-0.2710650085058246,-0.2710650085058246,-0.22128448652684707,0.0,1.0,1.0,0.0,0.0,0.0,0.13403842722475928,0.9622713424529006,2.3593900332841358,0.16943051941954018,0.36627212505940077,1.1833532956795463
1,2.349132651956332,-0.10956140642230795,-0.10956140642230795,1.8002097088782631,0.0,0.0,0.0,0.0,0.0,0.0,-0.3849992411996688,0.687342402381832,-1.5606334677387537,-2.5494911734503956,-0.5501058343719667,-0.04614055978543874
0,2.5496135293434574,3.2366201004150716,2.37631533179358,3.2366201004150716,0.0,1.0,0.0,1.0,1.0,1.0,0.10420455351366043,1.8161271734111009,1.8069900504169927,0.659392526572914,0.897071032764545,3.5754040920630548
1,2.7806497369112844,2.7712323851014613,2.7712323851014613,3.6318231928604057,0.0,1.0,0.0,0.0,1.0,0.0,0.2963847935780517,0.6010729454881905,1.2211026745628057,1.2373552582746554,2.1545257794367454,1.1912804802367276
1,3.8577897389927083,4.149606044725698,4.149606044725698,7.559993759364376,0.0,1.0,0.0,1.0,0.0,0.0,2.694905826367226,0.524169295983705,1.8862441876187295,-0.030192148778306227,1.9045746053303285,2.9437167777016797
0,-1.851238088302662,1.1571418057227334,0.7263821463783858,1.1571418057227334,0.0,0.0,0.0,1.0,0.0,1.0,0.2407559050742768,-1.0243352976256799,0.1434086079582182,0.32922145368388056,1.6310923731398939,1.707852546789805
0,0.1547836762678063,0.3730055157579062,2.3069739939180174,0.3730055157579062,0.0,0.0,1.0,0.0,0.0,1.0,0.3229195675494414,0.1610269511349403,-0.41496043032922647,-0.1856783627792995,0.44830367868867715,1.500972501258162
1,4.275739501273294,-0.05515403954374776,-0.05515403954374776,2.7882069117940684,0.0,0.0,0.0,0.0,1.0,0.0,1.2799352307170422,0.9625602004283025,1.086573409470681,0.46090597665010713,1.264506967824604,1.036447878193747
1,5.730415984926568,1.156297046503224,1.156297046503224,4.4650545467124045,1.0,1.0,0.0,1.0,1.0,0.0,-0.06741835084501024,-0.18939050073623376,-1.1658297941801004,0.8318772745078861,0.4651113681544128,1.345166760159691
1,2.0842301801807843,-2.376035012734896,-2.376035012734896,1.4252807200217206,0.0,0.0,0.0,0.0,0.0,0.0,0.5358657141186491,-0.41533870937913786,0.7081676974651258,-0.5863617570983806,-0.00017554055003898839,-0.4204936271446078
0,0.9123118448310981,0.880970404335998,-1.9557272452529362,0.880970404335998,0.0,0.0,0.0,0.0,0.0,0.0,-0.2019834916449803,-0.07538973762810675,-0.1220193478751902,0.2251485270006146,0.8129010829913537,0.4149109818761674
1,0.5688871330627288,0.8165436484361629,0.8165436484361629,0.1842162649439667,0.0,1.0,0.0,0.0,1.0,0.0,-1.0641571770572245,-0.036220424556218433,1.0294599682285204,0.19045298777937708,-0.07797667392303875,-0.6117753046613219
0,-0.3997658188580619,1.979383215371578,-0.9557426652068504,1.979383215371578,0.0,0.0,0.0,1.0,1.0,0.0,0.36300056874844144,-0.030549394314750122,0.4456129286737016,0.19276076657625907,0.29351476696301815,1.0015582450290075
1,6.329505244202743,3.165071102822194,3.165071102822194,5.572561102358519,0.0,1.0,0.0,0.0,0.0,1.0,2.1667842005759272,1.3501489484734492,2.7104737879217398,0.7747384668284631,1.1537972230162445,1.1455351413695976
0,1.3668421692920703,2.6829964838494575,3.7687994219594447,2.6829964838494575,0.0,0.0,1.0,0.0,0.0,1.0,0.7258455636537091,1.4120668902771751,1.5429394180075207,0.4087020905692334,0.7575114836335336,0.8333634020840802
1,1.9787129168048798,2.5257277343289055,2.5257277343289055,2.76943928004832,0.0,1.0,0.0,1.0,0.0,0.0,0.8980511903899848,0.5342968677684121,1.464392585857498,0.3787821332164057,1.1303902788120186,2.072094356825267
1,1.4050163696094695,2.177165349117012,2.177165349117012,2.8613350540957576,1.0,0.0,1.0,0.0,1.0,1.0,-1.419791250742737,0.23592560602623525,-0.5561486435246863,1.0975469843921286,-0.4010133720300826,0.4876173120880952
0,2.3333801905982483,5.204980162223991,4.676514650866263,5.204980162223991,0.0,0.0,0.0,1.0,0.0,1.0,0.2857820876258411,2.3804976742126365,-0.3438472299863411,1.7418523762181866,1.780879038661713,2.597577829350088
0,-0.2682117842889846,1.7497532424328073,0.942475299228873,1.7497532424328073,1.0,0.0,1.0,1.0,0.0,1.0,-1.0013513736917166,-0.2946440503745871,-0.0482093088010318,-0.6426635018054185,2.103961213535205,0.006441594418215568
1,4.722970837130855,2.5146572257505397,2.5146572257505397,3.334213687825951,0.0,1.0,0.0,0.0,1.0,0.0,1.1775822700280667,0.6442147571952115,0.3571409748815107,-1.1606898197792275,0.11080095844004001,1.806663184777406
0,-0.3916001679488518,0.79885701258064,2.844187306950143,0.79885701258064,0.0,1.0,1.0,0.0,1.0,1.0,0.030143176017087714,-0.020358849442251303,1.9647023096525529,0.6506107426403507,0.46213489748124914,2.1482878145432966
1,3.850418945566658,2.866462378369311,2.866462378369311,5.677699323689442,1.0,1.0,0.0,0.0,0.0,1.0,1.15103119814298,0.7021567141148319,1.0298232038643405,0.16006765154391167,2.2089036572129013,1.731687985031844
1,5.764813390254034,3.0642453599726247,3.0642453599726247,6.338153871940933,1.0,0.0,0.0,0.0,0.0,1.0,1.2621957099348147,0.7229087047747365,0.18704890365654508,0.6128322777986016,1.5624235988626733,1.2385707419562997
1,2.8025937529573732,2.792069998350398,2.792069998350398,2.502558936551142,1.0,1.0,0.0,0.0,0.0,0.0,0.03953347353341963,0.7871085590647221,1.8558171337739022,0.5448063949196658,1.595324711367427,0.399250778385299
1,9.535680043654434,5.0892244964969215,5.0892244964969215,9.075309056138465,1.0,1.0,1.0,0.0,1.0,1.0,2.240127022546672,1.7459433348900402,0.8631086892577455,1.8579935810584276,0.603403260699485,1.3892901402472833
1,2.3846926732304086,2.245598721867292,2.245598721867292,3.233607584261524,0.0,1.0,0.0,0.0,0.0,0.0,-0.2819105754975152,0.9278603237609024,-0.6856776968311535,0.5197845484897052,0.5696689875126459,0.9173263682238776
1,3.224414631825536,3.4523875391548433,3.4523875391548433,4.156304240413909,1.0,1.0,1.0,0.0,1.0,0.0,-0.08497671205536972,-0.5390205265983019,-0.18325420790195124,1.445033394877937,2.062704904084677,-0.043823508941679634
1,1.1824407410799194,0.16517459257208733,0.16517459257208733,3.186801699345309,0.0,0.0,0.0,0.0,1.0,0.0,0.6049225905080282,0.1087632185465418,-0.6916770962188294,0.0392127410194929,-0.9390666547112294,2.097482170729257
0,2.3217687575738566,0.3483031631527469,-0.14434760125910295,0.3483031631527469,0.0,1.0,0.0,0.0,0.0,0.0,-0.22787311760254347,0.5921490471281663,0.6155367588667885,1.2877376570387435,-0.5160134254661883,2.009102098805685
1,2.578343391212772,1.7691800168150977,1.7691800168150977,3.7329356228360844,0.0,1.0,0.0,0.0,0.0,0.0,-0.5723704344673035,1.7618092605179942,-0.4799874577380464,-0.597544397116311,1.3773887141599297,0.6807721366911188
1,4.447665243116381,3.358480022657623,3.358480022657623,3.1229497258866337,1.0,0.0,1.0,0.0,0.0,1.0,1.2580170676534925,0.350431345130198,-0.26265729155209117,-0.13997374291350684,1.4798126515472707,1.1295876368351214
0,2.831743168857784,0.9364885706666349,1.0193440760237182,0.9364885706666349,0.0,0.0,0.0,1.0,1.0,1.0,-0.27454755952197385,1.1022741202718018,1.5466772147327077,1.5594861018985458,1.345365706229444,2.451666095549933
0,3.123141861621897,6.4606371788107175,3.705432989503243,6.4606371788107175,0.0,0.0,0.0,0.0,0.0,1.0,1.0903314286258055,1.9535872759313122,0.7015315163786224,1.2943668960002497,2.499169895022993,1.5740041680700072
1,5.9380855550520515,4.93819342643123,4.93819342643123,5.753914445241273,1.0,0.0,0.0,1.0,0.0,1.0,0.7304578713719058,0.5072522578782732,-1.7959309174738398,0.30282249654669735,-0.9746782005642203,0.2436234879050838
0,3.9493743776989585,7.999266860042257,5.985874613256815,7.999266860042257,1.0,1.0,1.0,0.0,0.0,1.0,0.09354344071824072,1.5698909545068838,-0.5318518190474748,1.9006627377358525,0.5256396973540535,1.1445832261311268
0,2.9756393119277678,2.5704436014669128,0.9294788382350454,2.5704436014669128,1.0,1.0,0.0,1.0,0.0,1.0,-0.5940327627720752,1.304938793292531,1.6570271597901953,2.207185601905512,2.3910010129353028,0.9350874810117876
1,2.9777250977001524,4.543090934931702,4.543090934931702,3.9888984522741193,1.0,0.0,0.0,0.0,1.0,0.0,0.6139090049837692,0.3559615828499259,-0.8820519311682153,1.5408679447215314,-0.14616819052979402,-0.07092738337380866
0,-0.14623747849242705,0.6305444246080125,0.21937867806297529,0.6305444246080125,0.0,0.0,0.0,0.0,0.0,0.0,1.010287389945084,-0.7791139301038215,0.5920161242170396,-0.6260943205527472,1.1240301451704187,0.7240911351806376
1,4.5082417571655995,0.32201502622948464,0.32201502622948464,4.727866155596698,1.0,1.0,0.0,0.0,0.0,0.0,0.14813769752749884,-1.6854685272437204,0.3864986714769525,-0.5259064991280795,-0.7174611075863726,0.4302484766483037
1,4.034125135379564,2.5318397559885555,2.5318397559885555,4.997212427771625,0.0,1.0,0.0,1.0,1.0,0.0,1.447445280766179,0.4700363990099252,1.8903472476777057,1.0434015986016916,1.365986184693064,1.497377045338266
0,0.8418198527626046,3.683925293559665,2.139604707866764,3.683925293559665,0.0,0.0,0.0,1.0,0.0,0.0,1.34781792486315,0.7012776272211116,0.5472210517370084,1.4097462340987632,0.3424733841874693,0.5083357092608024
1,4.950572867044788,0.7352020462069037,0.7352020462069037,3.943269067509225,1.0,1.0,1.0,0.0,1.0,1.0,0.741999475726523,-1.51244919834358,0.6880162332485039,-0.43712908534484496,0.7760168903784328,1.7638212221404506
1,4.014432971574912,4.278097344027779,4.278097344027779,3.5415734875947082,0.0,0.0,0.0,0.0,1.0,0.0,0.9690957837382519,0.5780481930680821,0.7900903546443712,0.7501464679270111,1.6813315956073756,2.093555672565481
1,-2.158801716589773,-2.595210401393488,-2.595210401393488,-2.063621929104932,0.0,0.0,0.0,0.0,0.0,1.0,-1.0661237554602636,-0.3977053931541138,-0.14742085885263212,-0.22049609944223647,0.8341654066576704,-0.5640437817027801
0,2.2692646069747493,4.512701192695626,0.02502164195254708,4.512701192695626,1.0,0.0,0.0,0.0,0.0,0.0,-0.9179213045978698,1.0508322711045692,0.6480658280688073,-0.07075120889184239,0.7644081414928509,0.9220521070609753
1,3.693816972553136,1.5849564399266183,1.5849564399266183,5.299504966027804,1.0,0.0,0.0,0.0,0.0,1.0,1.1446618433688522,1.2431259313125447,-0.14495796989557808,-0.6952559052447862,0.6720934707715871,1.8138485974465621
1,4.229518694657671,0.9682234099732034,0.9682234099732034,6.698399678993257,0.0,1.0,0.0,0.0,0.0,1.0,1.9734628899919244,0.2215063182342994,-0.42802607293866235,-0.18032498032760058,1.8708301096399513,0.7709526514000898
1,8.404334673486165,2.728977813051271,2.728977813051271,4.941462704076021,0.0,1.0,0.0,1.0,0.0,0.0,0.9259195957693969,2.3242637104381703,1.1542947000670782,0.4428994530222094,0.13323165007708182,2.0203019860296703
1,3.064910892771968,1.2411158773749336,1.2411158773749336,4.805373885447859,1.0,0.0,1.0,0.0,0.0,1.0,0.7262014104818397,0.5032652812341222,1.4773513585639186,0.14072540691270585,1.4455722801120028,1.7464118739152283
0,1.758672057281484,3.057216236310045,2.4276549382545003,3.057216236310045,0.0,1.0,0.0,0.0,0.0,1.0,-0.42051260101466315,2.4563067259568716,1.7736030481256635,0.621708969664147,1.5451800388982937,1.6591361336572144
1,7.430122991478154,3.2262160930164083,3.2262160930164083,5.342311183523422,0.0,0.0,0.0,1.0,0.0,0.0,1.9391021416943417,2.2071189713737764,2.3674583796984097,1.001215682721941,1.719301883641086,2.0694555139576574
1,2.7791858130829388,1.4719548964102838,1.4719548964102838,2.447850649383967,0.0,1.0,1.0,0.0,0.0,0.0,-0.09414949356527869,0.25823982592520456,0.5021376505037143,-0.15505194682679935,2.4051585520377916,-0.10077291856875115
0,-1.5022799764183097,0.39817186501046686,-1.903802564412119,0.39817186501046686,0.0,0.0,0.0,0.0,0.0,0.0,-1.4004522604770142,-1.016205506351672,-2.4366048665941347,-0.14206577372095452,-1.2716161128075467,0.07517933147839861
1,4.975498811374751,4.251302193563885,4.251302193563885,6.628828110112728,0.0,1.0,1.0,1.0,1.0,1.0,0.36327446657623486,1.3542049886060195,0.12453425263496787,2.1722094695587764,1.6487430135546253,1.9435145364744026
1,1.6620045948615458,0.2021087060033997,0.2021087060033997,2.009175951531333,0.0,0.0,0.0,1.0,1.0,1.0,0.2431791033896722,0.04341213347294631,0.05293216791029415,-1.0780947053533785,-0.09340816260767038,1.3899552696970985
1,6.242757599921284,2.3827719366337234,2.3827719366337234,6.738711015159625,1.0,0.0,1.0,0.0,1.0,0.0,0.8215738265440672,1.5995083103089631,-0.18241023258017086,-0.645034702342842,-0.49734932580342917,1.034380693877258
1,7.432945834469322,5.666977854286613,5.666977854286613,7.939261418886456,1.0,1.0,1.0,1.0,1.0,0.0,2.726141886702549,1.1012569505550336,2.1831097485170368,2.1932379321801485,1.9356610407855883,1.5197580040980294
0,0.7739904861278262,2.42235594099898,2.6387189694918822,2.42235594099898,0.0,1.0,1.0,0.0,0.0,0.0,-0.16204313663456105,1.4489159731206658,1.9773890991117928,1.5942218083753297,2.4718676576743217,1.5024364639403256
1,4.492594606980988,2.30481308880172,2.30481308880172,1.2199542825443566,1.0,0.0,0.0,0.0,0.0,1.0,0.6939047921521055,-0.5208209758465776,0.27226845071040656,0.05634900693488709,0.6050343754054972,0.4416528716371607
1,8.005560767056075,5.097933477271661,5.097933477271661,9.236405097539116,1.0,0.0,0.0,0.0,1.0,0.0,0.08323983556169112,3.3111207076008755,0.5424461948994794,2.222057219583601,1.815560394166237,1.2620355847594575
1,5.885910971038369,5.17030551864243,5.17030551864243,5.9643689177661185,1.0,0.0,1.0,0.0,0.0,1.0,1.649249872899412,0.6470879179109917,1.0646113665842112,-0.06438912599862578,2.1017781510476237,2.1710961682492504
1,7.569813454043048,3.8285868239593284,3.8285868239593284,6.574986819535936,0.0,1.0,0.0,0.0,0.0,0.0,2.2142107661181774,1.8066331833799847,2.2890813906419476,1.6206863689689792,2.606728282249594,2.9142093969823177
1,4.131634357734747,3.04599289034569,3.04599289034569,3.0443658523761057,0.0,1.0,1.0,0.0,1.0,1.0,1.1015722227573974,0.3721795573999965,0.6398453506318367,-0.4707055424258727,0.22202471279960767,0.28412132003458335
1,0.46209479474457793,-0.5930753916135685,-0.5930753916135685,2.35926046698378,0.0,1.0,0.0,0.0,0.0,1.0,0.6806568745856014,0.3644144925693116,1.2118943001616622,0.17519139158035257,0.7913218632740333,0.6113257579654336
0,1.8359041722707667,3.7596850115778464,0.4849612390990843,3.7596850115778464,1.0,0.0,0.0,1.0,0.0,0.0,-0.14779877123960694,1.6806578681239888,1.9166330925726198,-1.5905147588732373,1.1513327488139982,-0.24870597071826217
1,2.734600058470142,0.656716636502922,0.656716636502922,4.148678367276337,1.0,1.0,1.0,0.0,0.0,0.0,-1.1304413695690316,-0.40284594215858127,0.436090996557205,-0.425135769073711,0.10041597373420996,1.0259444949328596
1,0.7731566247725996,0.6427786455487936,0.6427786455487936,3.793072047446187,0.0,0.0,0.0,0.0,0.0,1.0,1.3481191213422417,0.640782721288079,1.3299618396492225,1.775152909181114,2.2418723747215363,0.2018091367451882
1,4.734829467328906,1.0832955653669831,1.0832955653669831,2.752036004009545,1.0,0.0,1.0,0.0,0.0,0.0,0.8605485941236194,-0.9744908320086696,1.655866539556167,0.5534908371737239,1.563136918040812,1.0262049390056744
1,2.9151029259845904,3.4027087529814923,3.4027087529814923,6.0035105160297455,0.0,0.0,1.0,0.0,1.0,0.0,0.8370465330191674,1.7440404992028846,1.5849192022952838,2.6131336693329605,1.3816004952197947,2.261858358527098
