1,4.88285014089278,2.630218872481288,2.630218872481288,5.148265583189832,1.0,1.0,0.0,0.0,1.0,1.0,0.511434115494046,0.1557614702044131,0.7392117305179897,1.7484700956935315,1.1914679327125342,2.2307655103817403
0,2.9852996768961986,5.43512985072311,4.442876981275129,5.43512985072311,1.0,0.0,1.0,1.0,1.0,0.0,0.6556693493016318,0.8605705532976956,-0.6088012906752842,-0.5303574296894311,0.8212473112500283,-0.027924951998321568
1,10.20715081623615,6.063112588363982,6.063112588363982,9.169814690557603,0.0,1.0,0.0,0.0,1.0,0.0,1.9789286346557955,3.0314906876363192,1.9372505026424551,2.5635144217030295,2.562968481021241,2.1300892692336957
1,5.811489206653399,2.473958583561664,2.473958583561664,4.580217646805382,1.0,0.0,1.0,0.0,0.0,0.0,0.2574537190788827,1.4670551688799391,0.5622553591906307,1.1384707975753656,0.85106502175627,1.5037411126784157
1,6.239864812494884,4.215483094087657,4.215483094087657,5.7011170620091995,1.0,1.0,0.0,1.0,0.0,1.0,1.0765154744505052,2.3093953899609447,3.903797089585254,-0.09610648681871314,1.7984889609680477,1.0569980991944976
1,5.543128564267512,0.9448983534970594,0.9448983534970594,4.810699109187547,1.0,0.0,0.0,0.0,1.0,0.0,1.3312741647385349,1.2730948599318228,1.0778845962254437,-0.05139910442496942,0.15962189005815863,1.6385810761152617
0,-0.5806400586239695,-1.1235488159090856,-0.969894197672312,-1.1235488159090856,1.0,0.0,0.0,0.0,1.0,0.0,-1.2103805427485075,-0.29855978953327855,-1.002917207227969,-2.677188496381788,-1.3468062281546795,-1.5419667218238047
0,3.2636250943014278,2.653363717950449,0.8086978982673718,2.653363717950449,0.0,1.0,0.0,1.0,0.0,0.0,-0.709386288465311,1.7981381280127344,1.2904109527134582,-0.2685841983620585,0.8457424962057523,3.3386659066890245
0,4.354125501857346,4.119242800391345,5.763366971455349,4.119242800391345,1.0,0.0,1.0,0.0,1.0,0.0,-0.6627947669516954,2.443462405581955,1.3600119566627098,0.9779394873678429,3.562296501442116,2.2828357723901407
0,3.6033683421126765,5.131193940626808,4.53932226821724,5.131193940626808,0.0,1.0,0.0,1.0,1.0,0.0,2.590492312575637,0.4360776187043464,1.4854122622099557,1.373526793062131,2.0048389847548056,0.1086387333710136
1,0.7994291380593279,0.030288758401880722,0.030288758401880722,2.975270615067204,0.0,1.0,0.0,0.0,0.0,1.0,0.6708561142346033,0.4785073634262865,1.1477222150485753,-0.9822741093496601,-1.5579398674180602,2.429645637211647
1,1.7456390461936675,0.9561819129024062,0.9561819129024062,0.5655909453447053,1.0,0.0,1.0,0.0,0.0,0.0,-1.3860432322382223,0.06896846165580789,0.6788709621462032,-0.2167495110669614,0.4704681012742773,0.36876377024297313
0,2.4266564704306575,3.4478022676233677,2.6174778758375967,3.4478022676233677,0.0,1.0,1.0,0.0,1.0,1.0,-0.9444092015108636,2.020553163579168,1.145397062634487,2.056682908036365,0.500782941067855,1.0914314039517958
1,5.592356152624526,2.936479899744331,2.936479899744331,4.620562823818323,1.0,0.0,0.0,0.0,1.0,0.0,1.741168023984532,0.9016016991644132,1.596307899226367,1.6020341511101364,1.2162146359277413,1.592240925354281
0,6.0276923318206315,7.204622525224311,6.2996037562820995,7.204622525224311,1.0,0.0,1.0,1.0,1.0,0.0,2.4670727724127843,0.7782745380020297,0.8006894487664811,-0.38452969602523446,1.7957544620207821,0.6731847075892575
1,5.876492576835677,3.9062265722753278,3.9062265722753278,6.139114884386453,0.0,1.0,1.0,1.0,1.0,0.0,0.7568411946808847,1.6704343889353237,1.238394038321773,1.7555066359009195,2.5428778838442403,1.0883138700919768
1,7.313347107910046,3.380647338998368,3.380647338998368,5.945811225764928,1.0,1.0,1.0,0.0,1.0,0.0,1.0532866404855117,0.6902388810131379,0.6556565635844048,0.7504150801933193,2.311046047165071,0.47877595670573636
1,5.792470199353838,3.9286677321500822,3.9286677321500822,4.20995298376008,1.0,0.0,0.0,0.0,0.0,0.0,1.0991790265073003,0.24566059758103853,2.3469587318778666,1.133239278784047,2.203614151952674,2.2315361585195386
0,-2.366900635683665,0.8963149930114377,1.3321418246536716,0.8963149930114377,0.0,1.0,1.0,0.0,0.0,0.0,-1.129396696594246,-0.9389036550862602,0.38767622985184935,-0.12664844695313704,-0.10292800785253764,-0.0596602784865361
1,5.044222858374491,4.369035580290199,4.369035580290199,6.229565579506599,1.0,0.0,0.0,0.0,1.0,0.0,1.149763510101947,1.8069709516030847,0.6488421669099714,0.8271316125640141,0.43154752692991316,1.0167373298995144
1,4.866394069724709,2.6644130953799774,2.6644130953799774,6.752724188406019,0.0,0.0,0.0,1.0,0.0,1.0,2.895567813548839,1.4898361801594258,1.9681794928048366,0.12241167683559473,0.380127143332055,2.150244806668404
0,3.9442517491271705,7.39422015292511,3.9859486225520375,7.39422015292511,0.0,0.0,1.0,1.0,1.0,0.0,1.975035809533931,1.1368970108376137,0.4052877553554868,1.4526645868464123,2.806500124338852,0.5407442392189984
0,2.7425898469269483,4.7187307679759565,1.9184155203570747,4.7187307679759565,0.0,1.0,0.0,0.0,0.0,0.0,0.8876877178757567,1.6664396896007794,1.7960502778352527,1.7610333874018531,0.7544668952051424,1.724259501090578
1,0.21041166970336533,-0.3924421112162022,-0.3924421112162022,-1.991331935563872,0.0,0.0,1.0,1.0,0.0,0.0,-1.5492228875762515,0.7550407191982852,1.7151248960227843,0.22917559614780542,0.41069505500039216,0.3952276582678931
1,5.620246814155514,3.7537984211372137,3.7537984211372137,4.9409329564053595,1.0,1.0,0.0,0.0,1.0,1.0,-0.14577228302459178,2.084704828311458,2.247620397277448,2.736219649208233,2.93803388743654,2.0412973384439725
1,5.138104091104885,2.6860530740089215,2.6860530740089215,5.006679656783894,1.0,1.0,0.0,0.0,1.0,0.0,0.042258327321563205,0.35370574005325295,-1.5995695795496236,-0.5367898344122928,0.8711005100091396,1.3871490793878163
1,3.914685252206495,0.3940409470218451,0.3940409470218451,3.9157835875669007,1.0,1.0,1.0,0.0,0.0,0.0,-0.0026033910537448524,0.07783865382575095,0.2899836704877435,-0.1620908249973998,-0.24312365819135118,1.1247620124132947
1,6.7459705500253015,2.749327597231288,2.749327597231288,3.877409362518449,0.0,1.0,1.0,0.0,0.0,0.0,0.7558015301962215,1.5256331290635465,1.0709134308088233,1.5492351784245022,0.5622146751279213,1.4129677082957481
0,2.3284159065105867,1.5263620551806976,0.44786053875903253,1.5263620551806976,0.0,0.0,0.0,1.0,0.0,0.0,-0.20172762426101154,0.6380886588679102,-1.557277746233349,0.39016978160494153,-0.9902563418469832,0.5994783115204548
1,1.5573764918084911,2.2880207239042454,2.2880207239042454,3.093619192977945,1.0,1.0,1.0,1.0,0.0,1.0,-0.14497376627386116,0.024011910348096244,1.0610248453343445,-1.4424275371848427,1.7286156160515063,0.5368097569246559
1,7.60080154055004,6.3640314024902915,6.3640314024902915,8.041210914082738,1.0,0.0,1.0,1.0,1.0,0.0,2.8370398645535433,0.9369738877851962,0.3190977816230372,1.7706737133437676,2.0768309919095618,1.9571862535165658
0,3.3876815826834927,3.936076777622055,3.966560855888172,3.936076777622055,1.0,1.0,1.0,0.0,0.0,1.0,1.390189758101204,0.050045289073103794,1.6327431120801337,0.1354526429973003,3.4398520523991682,1.7755160113815611
1,-0.0803594280075165,0.45949619721872664,0.45949619721872664,1.2364079940514927,0.0,0.0,0.0,0.0,0.0,0.0,0.13208391901689892,-0.3653093048064071,1.3032277574520015,1.9102241786101686,1.2722737559423525,1.0290461435509357
0,1.0681370005443236,3.15256446125779,1.3123547109842137,3.15256446125779,1.0,0.0,1.0,0.0,1.0,1.0,0.432469763070461,-0.35746118411283456,0.04536059168587231,-0.4885508841974945,1.6572307682559195,0.4810356945035237
1,7.300047861390601,3.505851745505165,3.505851745505165,5.295164700489775,1.0,0.0,1.0,0.0,0.0,0.0,0.6989655227313157,1.656783698466705,1.2600217391843906,1.3131347929941923,0.1601776245154275,0.22723805993654955
1,4.0607810881785795,3.126101704014947,3.126101704014947,5.218235379948527,1.0,0.0,0.0,0.0,0.0,0.0,2.1128775096981998,-0.5603947989422298,1.681550773623723,2.160372730342692,1.7681619297572053,-0.24554104379800412
1,3.3353602469644024,1.4567403407730573,1.4567403407730573,3.793802665110764,0.0,0.0,1.0,0.0,0.0,0.0,1.0025082938926357,0.9393489808693745,1.3883976251171513,1.5224794999789288,1.6583322088736865,0.4082106890763032
1,5.970075205870558,5.562553961095844,5.562553961095844,5.537258395486422,1.0,0.0,1.0,0.0,1.0,0.0,1.0001278985214732,0.5495814462333612,0.3317246536654542,-0.6040198582397474,1.2707097911754421,2.0633595500450044
1,4.117833905484561,2.521897054010008,2.521897054010008,3.79591770922388,1.0,1.0,0.0,0.0,0.0,0.0,-0.03957877275464183,0.4818236959207457,0.9319294984163438,0.6677207984104725,0.9474347270228977,1.5448092600226784
1,8.072816303023716,4.140951204531472,4.140951204531472,7.467845402853727,1.0,0.0,0.0,0.0,1.0,1.0,2.970970845980565,1.1069515570743687,1.3094904750182466,1.1092132844420115,1.906584271453423,1.33740888236836
1,2.46526142408113,0.9960582088738714,0.9960582088738714,4.848616232945519,1.0,0.0,0.0,0.0,1.0,1.0,0.17732407984705073,0.10241632061633288,-0.24232752737259844,0.035196436837573675,0.4212453428885552,2.1187006107398663
1,0.8992185508238886,0.5765818170681567,0.5765818170681567,4.466355159363636,0.0,0.0,1.0,0.0,0.0,1.0,-0.02433735041869145,0.506031067165676,-0.06372584097021927,0.6254075730991957,2.1870914817069593,2.483105285355652
0,4.024452528461744,5.545197196951547,4.093646885749423,5.545197196951547,0.0,1.0,0.0,0.0,0.0,1.0,1.7334461459820298,1.2423208449247227,0.9989759823209429,2.4433578467863697,2.3131365407652016,1.5788158790925237
0,0.7704592042567573,-0.4878958814077041,-1.2004020296048212,-0.4878958814077041,1.0,0.0,1.0,0.0,0.0,1.0,-3.217308329775223,0.29257835320036185,-1.274174412359991,-0.7713569763312103,-0.1317228417959695,-0.9065080458080912
1,5.86630692350393,3.511065844957283,3.511065844957283,5.841157430745055,1.0,1.0,1.0,0.0,1.0,0.0,0.23328782504995976,0.4200838526789623,-0.5327837021920296,-0.4917681840049125,0.7720000169131377,-0.5681105805109601
1,0.8175588839192467,1.1588448742365,1.1588448742365,0.030856709475408195,1.0,0.0,0.0,0.0,0.0,0.0,-0.6475420482758059,-0.07674958998244663,1.057169536430807,0.09002083816935313,0.6111916543792912,1.0141079502642392
1,3.6846557899194083,2.3823848066731865,2.3823848066731865,4.053141772962255,1.0,1.0,0.0,0.0,0.0,1.0,0.3803696528355731,-0.002271194495739093,-0.5643619836810161,0.7435258290910277,1.1742761189181656,0.3585076307814945
0,0.5535005497742469,0.045674498044780965,-1.34093464351518,0.045674498044780965,0.0,0.0,0.0,0.0,0.0,0.0,-0.5352872828175936,1.2158848428993947,-0.741516924921386,-1.398494898313647,1.9681141996739147,1.7998224169003092
0,5.249502542358428,6.022396191165527,3.3866254504084314,6.022396191165527,1.0,0.0,1.0,0.0,0.0,0.0,0.8064644549856891,1.1798764836180324,-0.7222030336229626,0.2854647631780824,0.598582311359051,0.5820627378618617
1,4.619497550863489,0.6005714318210287,0.6005714318210287,3.5751843924517526,0.0,0.0,0.0,0.0,0.0,0.0,0.4197805602296641,1.6905592660950455,0.8563389016391065,2.7489644535805677,1.3564389571983606,1.764260103883452
0,2.2525622808934234,-0.6710736154282413,-1.4379254959951513,-0.6710736154282413,0.0,0.0,1.0,0.0,0.0,1.0,-1.068910016977346,0.9074096393820499,-0.5795975925067538,-0.06594305808415957,-1.2003126067051682,-0.2500602914179926
1,5.302641229663319,1.7363114889178335,1.7363114889178335,4.881242525880862,1.0,0.0,1.0,0.0,0.0,0.0,-0.371113186661193,0.8928052476035269,-0.5268961006311599,1.1961757526442383,1.8493893740250462,0.7009572679841878
1,2.3100682351172876,1.0081599159402894,1.0081599159402894,5.091687465070306,1.0,0.0,0.0,1.0,1.0,1.0,-0.9242207035247554,0.1505356512255952,-1.0103091627274494,0.37581430087040724,-0.5156320085920814,0.37700514450826605
0,-2.0567151285545275,-0.1706303082439251,-5.296204631564385,-0.1706303082439251,0.0,1.0,0.0,0.0,0.0,1.0,-2.237144233923717,-1.5280162194563065,-0.4994388294012575,-2.0058227771531354,0.7887634944124589,-0.7196990440146374
1,3.884133528786745,0.4582786699332029,0.4582786699332029,1.7224333855540337,0.0,1.0,0.0,1.0,0.0,0.0,0.9081879914255953,-0.22045421766267026,2.575488579027189,1.2746104645893213,1.9778974746568885,3.201167849486663
0,2.5086650820941143,4.4193657882779185,1.4263208079368417,4.4193657882779185,1.0,0.0,0.0,0.0,1.0,0.0,-0.1105210656833443,0.8437157744657855,1.0546244981790156,0.7930742500977497,2.556918625677177,1.976815893231013
1,5.294976337792078,-0.8135672372306344,-0.8135672372306344,3.722128361300018,1.0,1.0,0.0,0.0,0.0,1.0,0.6567908581723367,-1.5051992919530433,0.6080492594750431,-0.53724437901962,0.6696171831268316,1.9552450983613878
1,3.3717298828779305,3.3373292613744825,3.3373292613744825,2.2636492667796637,0.0,0.0,0.0,0.0,0.0,0.0,0.4091795160162722,0.5262414237568918,0.3637952495570361,1.4699431221828685,-0.4412088153308562,0.5083394473285456
0,1.5517490164928005,2.932914125025856,2.189215451357792,2.932914125025856,1.0,0.0,0.0,0.0,0.0,1.0,-0.14797688323157154,1.5811469250659496,1.1549836740553636,-0.4969289642367689,3.130813517878381,1.5486426099044883
1,4.175040111925098,3.1435507939616403,3.1435507939616403,6.153604335039711,0.0,0.0,1.0,0.0,0.0,0.0,1.239390869484728,0.7177908007714711,0.3434323260584922,1.2430015962537702,-0.9901075024574115,1.630810228797645
1,3.3785917704011403,1.5879862879768836,1.5879862879768836,2.9448502318083705,0.0,0.0,0.0,1.0,1.0,0.0,0.7440707891485339,0.40967444441916556,-0.47973581737467275,-0.7593816157083644,-0.2821601492917465,0.3086323685638901
1,4.832217179435872,1.4097812786706836,1.4097812786706836,2.0771240132727558,0.0,0.0,0.0,0.0,1.0,0.0,0.30493962093516236,0.7756079013495889,0.19429052926576762,0.2692790658891316,2.0791918131480776,0.5799255386063875
0,2.591607640834184,4.546234998867634,3.1776425978918184,4.546234998867634,1.0,0.0,1.0,1.0,1.0,1.0,0.8232050851747928,0.4055294291233486,0.023651434493188406,0.14185331970636328,1.5286081168980732,0.28489651395943716
1,5.261035652745458,5.052055114328178,5.052055114328178,4.208111692228596,1.0,1.0,1.0,0.0,1.0,0.0,-0.38557371071997715,-0.005656006262832025,-1.3444418915749474,0.48007145429823583,2.965153382522404,0.42981533026668006
0,2.935160861767211,4.221025225555095,-0.46971987450552843,4.221025225555095,1.0,0.0,0.0,1.0,0.0,0.0,1.080618056069082,-0.19224032288271398,0.5372633492318659,0.5577301994915247,2.363479516033501,2.7590274436153486
1,2.549644165167232,1.8030056137905048,1.8030056137905048,2.897312940065437,1.0,0.0,1.0,0.0,0.0,0.0,0.1764182193886572,-0.17841952541081962,0.9038966071346276,0.9208443111010727,0.8767888178626186,2.424438178531911
1,4.679074916078355,4.770660671728743,4.770660671728743,3.340856904489095,0.0,1.0,1.0,0.0,1.0,0.0,1.7413043391685674,0.6323794569168435,-1.000554152861626,-0.9286657962747247,-0.3279770994944149,-0.9263531327245054
1,1.86668910701827,2.825165036191173,2.825165036191173,1.3694399319154662,0.0,0.0,1.0,0.0,1.0,0.0,0.9113719654110668,-0.5379375532484783,-0.43945930853848947,0.178671796220857,0.3292976737722979,1.3211735826973117
1,1.9150297648564758,2.1809772701714243,2.1809772701714243,3.855863569267424,0.0,0.0,0.0,0.0,1.0,1.0,1.0681957848544061,1.5820859848277025,1.3848661579914807,0.6735178820900483,0.7757625573944269,1.8809222153565672
0,2.849123804910977,4.06929894031178,3.0513364140972192,4.06929894031178,0.0,1.0,0.0,1.0,0.0,0.0,-1.1878469746574745,2.1130749059092837,-1.1377799026011899,-0.8553185703358586,-0.16477149904774868,0.1572175475919193
1,3.7382616348815727,3.812689403033816,3.812689403033816,6.944639169236055,1.0,0.0,1.0,1.0,0.0,0.0,1.3840209038120772,1.4379499514795895,1.192014450317501,1.034184023329305,0.7078049871062831,1.6342422791850084
1,4.833541602047192,2.1474840644905937,2.1474840644905937,4.2939731581200276,0.0,0.0,0.0,0.0,0.0,1.0,2.038207933426458,0.1365004109290715,1.1565050168175135,1.3540893168986363,2.7539532030438223,2.4531069775811485
1,3.4551702716791306,2.8709862136620847,2.8709862136620847,6.440788075385761,0.0,1.0,0.0,0.0,0.0,1.0,-0.018392770782028833,1.7364154506251448,0.22154139331769052,1.8707091488892968,2.154956599200693,1.2537440120588523
0,2.445180379254459,4.158388293045724,1.17401274482473,4.158388293045724,0.0,0.0,0.0,0.0,0.0,0.0,0.6304936332424018,1.6808466222965976,2.081560488878851,1.4142482991895509,2.129483691920554,2.19728228515603
1,1.9443646322417103,0.9782260374216957,0.9782260374216957,1.637671695396477,1.0,1.0,0.0,1.0,1.0,1.0,-0.49062977671428165,0.5909112497869637,-0.23105870862653788,0.05567270523229023,-1.874895060111812,-0.7463824138590347
1,1.1890103879489429,1.9743647628403633,1.9743647628403633,2.211926779482054,1.0,0.0,1.0,1.0,0.0,1.0,-0.12347695135071357,0.07117448929603087,1.7103704838776725,1.418971639591721,2.2077786034487534,-0.30732689961573456
1,4.638598474900197,1.3097058594561086,1.3097058594561086,1.5893929439883392,1.0,1.0,0.0,0.0,1.0,0.0,0.33809570274930845,-0.7476617045166614,0.10970700039454573,1.0677338965596925,1.8517526132822935,0.5423409320082125
1,4.5126246479091625,0.23043810499928985,0.23043810499928985,1.294862271954425,0.0,1.0,0.0,0.0,1.0,0.0,0.6071341571314344,-0.5324040926177762,-0.6654253350992043,-1.5726987011417188,0.2979225289008296,0.5304214570665244
1,2.1875002913504757,1.827571373700442,1.827571373700442,0.45332841597251905,0.0,1.0,0.0,0.0,0.0,1.0,0.8488513631497551,-0.511985150022122,0.4310127981335118,1.3257705052586815,1.7882467331573304,1.5690569929755194
0,1.75134525745069,2.6920147026981094,0.5543266265040135,2.6920147026981094,0.0,0.0,1.0,0.0,0.0,0.0,0.5356192393265824,0.7747984284338125,1.0868203895997453,1.373143901429485,-0.1293771051019066,0.5309032265221925
0,2.173841396641884,2.6908881386044587,2.3501637600863328,2.6908881386044587,1.0,0.0,1.0,1.0,0.0,0.0,-0.19579911435603248,0.9142000325642909,0.9496329935524359,0.2416799552947701,0.19397021687203742,0.6049594312904717
0,0.7016433347896175,3.585014815477045,1.9629031340962484,3.585014815477045,0.0,1.0,1.0,0.0,1.0,0.0,-0.08460238799034314,0.11209230348399823,0.7914515136447168,0.5234031708085917,1.624206919465777,-0.04626389810141962
0,4.206921771919826,5.999161183038744,4.142313060955132,5.999161183038744,1.0,1.0,0.0,0.0,0.0,0.0,1.3566571363748905,1.203906063450719,1.1763598263258064,0.18719438235189573,0.400569951702315,2.169253322198264
0,1.1286061524026287,5.558539009869936,3.8460856427109125,5.558539009869936,0.0,0.0,1.0,0.0,0.0,1.0,0.08757656920789647,1.3928256345718362,0.8216724646263238,1.5305683344370606,0.8642051506154493,-0.2739264753692152
1,7.830160413128853,4.514054434635586,4.514054434635586,7.42488628592027,0.0,0.0,1.0,0.0,0.0,0.0,2.837451090654069,1.6386614145774758,-0.2120546574925638,0.3556942341326068,1.4776887591805532,2.764266712882613
1,2.2171309987140218,1.8293739203752146,1.8293739203752146,2.0494317997075853,0.0,0.0,0.0,0.0,0.0,0.0,0.20573149339077623,1.009088326508621,1.62003036569772,1.4012952746011926,1.8540896648955763,-0.6425294595452462
1,2.092877884415743,-1.0773796022809963,-1.0773796022809963,0.2838145074938281,1.0,0.0,0.0,0.0,0.0,1.0,-0.31030708718921085,-0.1521734351124785,0.9014576957977161,-0.22844546058017234,0.7319757554329218,-0.0432021659457269
1,5.138129536790388,2.0914062321941405,2.0914062321941405,5.038785636589005,1.0,0.0,1.0,1.0,0.0,0.0,-0.028930229384733774,1.0253823375119406,-0.6488292746596473,1.41296970517507,1.7895416962770838,1.5030915384479924
1,2.7744830758526415,4.476564013557234,4.476564013557234,5.439079882834943,1.0,0.0,1.0,0.0,1.0,0.0,1.2935332240285455,0.08617528231523269,1.0192070248899983,0.3078626076463584,1.3270274577256505,2.668538129123429
1,5.25501842518265,1.652072691145917,1.652072691145917,5.675607066172507,0.0,1.0,1.0,0.0,0.0,1.0,1.4330266403958882,-0.4484612194963685,0.6989375377417746,1.5125938510397872,-0.3304602781019339,0.49510420256774545
0,0.7403083121099322,3.1857057975881578,1.1421256454252764,3.1857057975881578,0.0,0.0,1.0,1.0,0.0,0.0,0.32374854373594103,0.28434148185594293,-0.055891301308331864,-1.1646304442639401,0.042584005628742094,1.4947814500954306
1,0.674643273003306,0.812862174739682,0.812862174739682,1.5299695060262806,0.0,1.0,1.0,0.0,0.0,1.0,-0.11366744381435501,0.43430977639876833,1.7083416799494784,-0.2950432952015368,1.565341981420128,1.0439769753663226
0,4.181033813793678,8.187325930268276,3.083272420866194,8.187325930268276,0.0,1.0,1.0,0.0,0.0,0.0,1.0941119052839652,2.649860821100563,1.3013010897973405,0.745442603022869,1.6243168580048295,0.806176354101816
0,1.995510482492577,4.348902312275718,2.997940678311596,4.348902312275718,1.0,0.0,1.0,0.0,0.0,0.0,1.1503766831888937,0.3656716449386016,-0.5068816876827831,0.21281845526060833,0.24238518915249718,2.388622643765436
1,8.549997638997475,4.363270768258248,4.363270768258248,8.993077235362746,0.0,1.0,1.0,1.0,0.0,0.0,3.1322708774602854,1.2305092349669686,2.7427781852241666,2.150609290714721,2.472191380970308,1.2511062484312596
1,6.933379816060016,4.535651055642325,4.535651055642325,7.273734578975405,0.0,1.0,0.0,0.0,0.0,0.0,2.1013954974900093,1.7985106643128717,2.233123307559822,0.636686137716859,1.2435433698819671,0.9618195611082981
1,1.7809703852715226,1.0905000891614318,1.0905000891614318,3.2228648101141686,0.0,0.0,1.0,0.0,0.0,0.0,0.533438268518635,1.1057828101154394,0.9017092196138745,-0.40990882882607926,0.331079483671326,0.11965637862516132
1,4.458806290672237,2.530810639450053,2.530810639450053,6.669108166763664,1.0,0.0,0.0,1.0,0.0,1.0,1.1406188458628876,1.36775405298243,1.6404207248874605,-0.031419918845706274,2.0591924772304107,1.2899005057922002
1,2.9914320001670633,4.96951019710815,4.96951019710815,4.703518830753081,1.0,1.0,0.0,0.0,0.0,1.0,0.47874273151010677,0.41070422901544545,-0.19574402328795837,0.3149005351814182,0.6975672041685149,0.4641845198958353
1,4.8058851720532925,1.9694671974744682,1.9694671974744682,6.034237716353717,0.0,0.0,0.0,0.0,1.0,1.0,1.7901575940430148,1.629720022171217,0.681715572036858,1.5034098366359148,1.2287883892335498,0.9203932244141948
0,3.9404599322766023,5.200595688504468,3.8721011341160816,5.200595688504468,1.0,0.0,1.0,0.0,1.0,1.0,0.9814416903676555,1.9216294910007725,1.4223920164723554,-0.3775084800909623,2.3539733880674074,1.2822119253999422
1,2.636738602476317,-0.10964883366507894,-0.10964883366507894,5.534917355964222,0.0,1.0,0.0,0.0,1.0,0.0,-0.0555681530881551,1.3400969620044991,0.22997789042950068,-0.6779406745050214,0.6230288715150206,0.0009749788593944597
1,4.562557432641463,2.7693859139489607,2.7693859139489607,5.671076151407789,1.0,0.0,0.0,0.0,0.0,1.0,1.4346083698770304,0.17004222284424775,0.32690795593043065,0.8754808234785632,1.380410131563439,1.8604462715509484
1,1.1991980810314293,0.4202024848078277,0.4202024848078277,0.9958411235492887,1.0,0.0,1.0,0.0,1.0,0.0,-0.1648420173274313,-0.5517526223560965,1.3472975026809,0.10844803867620428,1.608175037966961,0.7479794989125246
0,-0.2926658053248248,0.44630975035620185,-2.1695031624542094,0.44630975035620185,1.0,0.0,0.0,0.0,0.0,0.0,-0.549594507450222,-1.4988044597276033,2.950850902702199,1.168707655038999,1.3251415472710533,1.170063327843934
1,5.478259668492535,4.248939939759086,4.248939939759086,2.9123252031359916,1.0,0.0,1.0,1.0,1.0,0.0,0.9551493383561618,-0.4953009195325636,-0.6867936211989738,0.6127695005825867,0.49997241616874977,2.57604243740022
0,-1.0122492703748787,0.3396553383514568,-1.9830533575631424,0.3396553383514568,0.0,0.0,1.0,0.0,0.0,0.0,-0.9384220902086104,-1.814628517481998,-1.4206792331127038,-0.5427800499497699,-1.5868390464672033,-0.06457712667702142
0,3.988902473211338,6.3204654354448575,4.254930878510052,6.3204654354448575,1.0,1.0,1.0,1.0,0.0,0.0,0.5377489197080504,1.1479932975639575,0.15363377846692539,0.7747105215577665,2.785311639353683,2.007370493689447
1,4.254666583897451,3.122288776829981,3.122288776829981,3.7846066093099884,1.0,0.0,0.0,0.0,0.0,0.0,0.17400913212869545,1.2534084482834567,1.422625864544905,1.3512818046456094,1.6125187274772368,1.210883222529851
1,3.04243039303042,3.1476091227720477,3.1476091227720477,4.406294348509978,0.0,1.0,0.0,0.0,0.0,0.0,2.8479615326065155,0.17321437644372673,1.5871950796225918,0.10697521233083712,0.2888996449766792,-0.2113188380699771
0,-0.8427206682010578,0.6486395872796263,0.21807405307401034,0.6486395872796263,0.0,0.0,0.0,1.0,0.0,1.0,-0.13043248214364211,0.2918041742294716,0.005115655225320315,0.5542865835482395,0.032887560184093334,2.488827171595135
0,3.475648572829539,2.9057346194719997,1.904587680044027,2.9057346194719997,1.0,0.0,0.0,1.0,1.0,0.0,0.5458749152194885,0.5315025193716971,-0.29270115111201644,-0.07759500087648874,2.440953183465033,2.1432454877257725
1,2.2912791259609544,2.8737728083350476,2.8737728083350476,2.7116345545630445,1.0,0.0,0.0,0.0,1.0,0.0,0.3526956742793737,0.4419338907648196,-0.6044699682774739,-1.0353690936945892,1.1156832387865268,0.4698833619762677
0,3.8956789984958133,6.236593365807966,4.180893553136947,6.236593365807966,0.0,1.0,1.0,0.0,0.0,0.0,2.1052721335325373,1.5283293239667974,1.153331049423563,2.124633554830057,2.195653657106025,2.2879616017742554
1,0.7138385326725682,1.8482520973827092,1.8482520973827092,3.613360107036576,1.0,1.0,1.0,0.0,0.0,0.0,-0.6266340745800238,0.9554158745194187,0.14498648685487492,-1.3969180005153166,0.9139734223408479,-0.2509902698392059
1,6.312676743435992,4.602427872875803,4.602427872875803,5.881386018232768,0.0,0.0,0.0,0.0,1.0,1.0,1.3013755777256408,1.1767999882639661,0.50192365630551,2.4200254219621584,1.350109226915051,2.185470202437765
0,-1.334559838232641,0.4511345972472659,2.062654246226583,0.4511345972472659,0.0,0.0,1.0,1.0,0.0,0.0,-0.1421014398330146,-0.5175306438764677,0.711383542608027,1.088167400757246,-0.3745006519067111,-0.9597661238859134
1,1.3513449680759222,0.6541277169775204,0.6541277169775204,3.173543183609582,0.0,0.0,0.0,1.0,1.0,1.0,0.7129161012057167,0.816569475631798,-0.2625259974155336,0.06407161765482483,-0.23276886000622365,1.031751996353112
1,5.451734620817195,2.6028692264505326,2.6028692264505326,7.069162598218102,0.0,0.0,0.0,0.0,1.0,0.0,2.253582602441819,1.827820867527366,1.902779030903051,0.5940918389031145,2.9926630642539886,3.0359466660301275
1,3.024134531925391,2.243348693041503,2.243348693041503,3.7609212602218167,0.0,1.0,0.0,0.0,1.0,0.0,1.8731179797096933,0.3384044717255037,2.8782659174557015,0.5683007110811948,2.169119903866304,3.3678064498522495
1,4.135411321355323,2.0990551769852694,2.0990551769852694,4.921132522542333,0.0,0.0,1.0,0.0,1.0,0.0,2.2167998526268633,-0.5443046369475106,0.2625698740767177,-0.266690026874156,1.301001843286603,2.087791110132349
1,3.3367110625699383,1.176942013194581,1.176942013194581,3.4437739235585214,1.0,0.0,1.0,0.0,1.0,0.0,0.30515310390143935,0.31107108305756725,-1.2377400218623487,-0.6920386537202752,0.1612905295542878,0.6698049673673462
1,4.4343015339437635,3.0175702958243686,3.0175702958243686,7.922338212374326,1.0,1.0,1.0,0.0,0.0,0.0,0.6165380158945548,1.24395636663111,0.38212941373155307,2.1391207779830954,0.40805887780096606,0.31795040368340655
1,4.65251694704612,1.7459202963070377,1.7459202963070377,5.510214774622176,1.0,1.0,0.0,1.0,0.0,1.0,0.07309610941112932,1.8764771696976457,1.3067933388415747,1.7434513778048881,1.881231869356581,0.7366001934610223
0,0.8990335420286856,0.803605772189305,-0.9356701358051583,0.803605772189305,0.0,0.0,1.0,0.0,0.0,0.0,-0.2200138528285337,-0.8102877100200798,0.17759206577540515,-0.10970570349978226,0.5954597469192278,0.34622664386470703
1,0.524248665959417,0.8950069422326274,0.8950069422326274,0.26819178670604554,1.0,1.0,0.0,0.0,0.0,0.0,-1.14546453064752,0.1685740064844261,1.477126244319338,-0.5914165711071386,0.8813932917544756,-0.998618614347718
1,5.024803237878142,3.1266280771731734,3.1266280771731734,4.1657174310852225,1.0,1.0,0.0,0.0,0.0,0.0,1.0579184020882897,0.35656971822967615,2.148450180242137,0.6163487046708327,1.0244773827016473,1.2887297423898958
1,4.820280520531066,5.045320132718707,5.045320132718707,6.344534094564437,1.0,0.0,0.0,0.0,0.0,0.0,1.644348274233396,0.5392333331476881,0.050130752087748864,1.474831676616822,2.0559304926401714,2.2343217912116997
0,4.857517349523469,3.9674006020024386,5.074263956973411,3.9674006020024386,0.0,1.0,0.0,1.0,1.0,1.0,1.2586484088273941,1.2739851370834312,0.004873563530155223,1.5289258463229853,1.622866055961174,1.7153428240816804
0,4.318584027406489,4.584848427195209,0.5154827666073731,4.584848427195209,0.0,1.0,1.0,0.0,0.0,0.0,0.8055528359439121,1.2010652240169248,2.6224894452047653,1.8968725794451209,2.451095072999825,2.3685599897162812
0,1.6232234425677308,1.6343417657458614,-0.14131628765121307,1.6343417657458614,0.0,0.0,0.0,1.0,0.0,0.0,0.2878188293003836,0.96117808166227,0.7057666580388815,0.2956272744012766,1.6192835442155724,-0.5131619210462592
1,5.390222130885714,3.27087908690919,3.27087908690919,5.053617405601191,1.0,1.0,0.0,0.0,1.0,1.0,0.25613755301609964,1.4405258860722185,1.3275484446582646,-0.6706420627054903,2.6697913848121098,0.5560526539500638
0,3.7945646347092032,4.037171160215814,3.6691407777650387,4.037171160215814,1.0,0.0,1.0,0.0,0.0,0.0,0.7345533893815804,1.1986698747418494,2.227264833112035,1.0052332610384371,0.6509092598210781,1.2476634577242771
1,2.6496099174306025,0.9980856356585752,0.9980856356585752,1.8667485272420294,0.0,0.0,1.0,0.0,1.0,0.0,0.22858450209840353,1.3830018294666007,1.3666170215565914,-0.15790442162754315,2.4898131663823038,1.9846963692623705
0,-5.062801069572479,-1.830133266220896,-2.3662385227150144,-1.830133266220896,0.0,0.0,1.0,0.0,1.0,1.0,-2.450796596746481,-2.026055554101971,0.05463180736025808,-0.853619607632766,-0.9065197384976864,-0.7864010317405086
1,5.1001542074716415,1.6487838605866854,1.6487838605866854,4.435645789707973,1.0,0.0,0.0,0.0,0.0,0.0,1.3112091357928644,0.8160610381154533,2.2139482146866194,0.6448673207905875,1.7937864337133387,2.2716264744429715
1,3.4650905966092878,1.6309265037531495,1.6309265037531495,4.966354989321518,1.0,0.0,0.0,0.0,1.0,0.0,0.972631973926611,-0.5101758626571549,-1.0765415039422275,0.17841125113121514,0.0724798313132039,1.8192622122684114
1,6.043519649344164,3.5775236463456155,3.5775236463456155,7.869757356544263,0.0,0.0,1.0,0.0,0.0,0.0,1.9562787836471605,1.8301554692019228,1.7223118298590094,1.603106510360039,2.106163862045621,1.6154907106148744
0,-0.3101731098830267,2.27079173261071,1.5607718677543732,2.27079173261071,0.0,0.0,0.0,1.0,0.0,1.0,-0.388149469253971,1.1717861996931198,0.8745116363273592,-0.7113627027770077,-0.0724270762307675,0.5890727226167383
1,3.1898487386499874,1.3088685674013796,1.3088685674013796,3.112512605891776,0.0,1.0,1.0,0.0,1.0,1.0,0.6013084370756019,-0.10419994288948242,2.71261768043432,-0.04023068202500035,0.9913953909393728,1.1907605090434428
1,3.87761649886011,1.184023330559199,1.184023330559199,3.3679616214568315,0.0,1.0,0.0,0.0,1.0,1.0,0.9142407558638976,1.301124229736934,1.5893189607424933,0.39035441467497056,0.12832294948517342,0.8582021878972649
1,7.064954746093029,3.005734908654941,3.005734908654941,5.706985119230776,0.0,0.0,1.0,1.0,1.0,0.0,1.1396609309483985,1.8967704276535318,1.112065749466663,1.3793236818577275,0.9269959684488257,2.3492171743031145
1,6.777854492601734,3.1234657041529887,3.1234657041529887,6.060621868565619,1.0,1.0,1.0,0.0,0.0,0.0,1.356972885951584,0.8285438331229218,1.7729306882969953,0.33950808854050474,2.8449357041431997,1.5531133311745642
1,4.452296349311107,3.4835927096203116,3.4835927096203116,6.686614246539212,1.0,1.0,1.0,0.0,1.0,0.0,0.2563821029033909,1.8752421928717318,0.7110154312362134,0.8336379478014614,1.8444489621312088,0.7202502215893614
0,4.016212043160063,4.078863755129988,1.8990989371104545,4.078863755129988,0.0,0.0,0.0,1.0,0.0,0.0,0.16880897971291658,2.3486272277010904,0.6538561582399012,2.1686230249721,-0.6700278895837077,0.860881472495215
0,1.4369835115893144,4.453516309007594,2.2811200444514848,4.453516309007594,0.0,0.0,1.0,1.0,1.0,0.0,1.1215235818602283,-0.6687617413493894,-1.1713201011349608,0.8087674952602063,0.7674881117520387,0.7780451769367033
1,-0.2354763527444408,-2.251723317281892,-2.251723317281892,0.5085440088502484,0.0,0.0,0.0,1.0,1.0,0.0,-0.3045065039932848,0.12352973143412038,0.08926745667542868,-2.105091101615094,-1.2884933981287792,-0.05810971537297838
0,1.028898858941977,1.5844558498688075,2.525360143926511,1.5844558498688075,0.0,1.0,0.0,0.0,1.0,0.0,-0.29875282292214644,-0.2364055959886,-0.6431287099622496,0.4966368017862296,0.2668392512651714,-0.14871179098192822
1,1.0268527045800628,-0.5990538095722092,-0.5990538095722092,1.9325509190113657,0.0,0.0,0.0,1.0,0.0,0.0,0.15634154153435514,-0.5018477764664997,0.20282566857505835,0.7995834479710519,-0.3761959916859041,1.117810266542329
0,-0.5408116231489575,-0.6819614791713908,-0.531034188993708,-0.6819614791713908,0.0,0.0,1.0,0.0,0.0,0.0,-0.15484827267100243,-1.086248840747233,0.23099681013123496,-0.07606400930658286,-1.25237568263496,0.12457864420400255
1,4.686534329880987,3.1974225744025198,3.1974225744025198,4.3248565429522845,1.0,0.0,1.0,0.0,0.0,0.0,-0.01764107929673231,1.1856610634865556,-0.3906406502480738,1.76505892047126,0.7052451981355463,0.5432501430031307
1,4.081139615107019,1.96105114120257,1.96105114120257,5.005757676339301,1.0,1.0,0.0,0.0,0.0,1.0,0.03336445377709629,0.20868351342529706,-0.2933472779824299,1.275451539459011,1.3649353772166757,2.4272246195783977
1,4.774692380210775,5.632294189120357,5.632294189120357,6.004449874640779,0.0,1.0,0.0,0.0,1.0,0.0,0.567677971389437,1.732246429435811,-0.12488253176470099,0.9955837193854986,1.1334736105839307,1.6278463415663453
1,1.9779763059741644,1.5069944725576787,1.5069944725576787,2.9258536585427173,0.0,0.0,0.0,0.0,0.0,1.0,-0.08674540417079424,1.3279617221535382,1.3493405074371152,0.37194377072893064,1.7187146736842818,2.698051776253724
1,5.891184767408675,4.666401110455081,4.666401110455081,5.46448496717124,0.0,1.0,0.0,0.0,0.0,0.0,0.8012729278780111,1.7385132934091445,0.019912737912741674,3.2105533452722708,1.1634590058904968,0.9836947825864906
1,3.894021680778483,2.6224209013589137,2.6224209013589137,2.7120150130288416,0.0,1.0,0.0,0.0,1.0,1.0,1.5722936913891636,0.20851050845349833,0.9199257195426136,-0.31251859691200945,0.50073983747034,0.4216865156008195
0,1.6978359080644194,2.7484411389660575,2.3032672717937928,2.7484411389660575,0.0,0.0,0.0,0.0,0.0,1.0,-0.4796641023650686,1.510899862285182,0.20201934668311705,1.4228646289661446,1.3814471153236132,0.15451296660764224
0,5.631926229390152,9.009872282013733,5.3321468676620105,9.009872282013733,1.0,0.0,1.0,0.0,0.0,0.0,1.7280522615363438,2.7690346190067974,1.54466363466512,2.8224446170725233,3.0305689795210458,2.8588140177667087
1,5.747729408820373,4.805215757531109,4.805215757531109,5.061861416536508,1.0,1.0,1.0,1.0,0.0,1.0,1.0311295088842074,0.4392278958379893,0.5581599109232127,-0.05003360596021755,1.8614713585748186,1.4640431104680172
0,-0.08342411233222291,0.6733333593062908,0.29032435891947606,0.6733333593062908,1.0,0.0,0.0,1.0,0.0,0.0,-1.0238821863057614,1.2508280297051568,3.0627399021443353,-1.6316645995574164,0.4265652249575367,0.4504769368982413
0,-2.6770538187892896,-0.2780778334929902,-1.7824960668394545,-0.2780778334929902,0.0,0.0,0.0,0.0,0.0,1.0,-0.7221884580561821,-0.5559982802672314,0.32937530380306806,-0.9822957400811734,1.260553786130751,0.785839210997411
1,3.682890696952104,2.1080534717789767,2.1080534717789767,5.023389610298297,0.0,1.0,0.0,1.0,0.0,0.0,1.2290178701056829,0.708720453905568,1.0932141230473433,0.4307604754619514,-0.7714414970482757,0.3123089272604209
0,0.8809455433934968,-0.06946972874390167,0.6273971058273937,-0.06946972874390167,0.0,0.0,1.0,1.0,0.0,0.0,-0.14692427941007957,-0.8191821714138707,0.5735251286228991,1.833297111397508,0.3853651145923944,0.34295626163538917
1,3.1555637232001357,2.246884789246419,2.246884789246419,2.355209695196831,0.0,0.0,0.0,0.0,0.0,0.0,1.5369670451887207,0.32900632432853877,-0.32387832763641355,0.08234608751728245,2.3877664011357487,0.28872956786781323
1,6.244267090236377,2.1190363771994605,2.1190363771994605,3.4973140861527146,0.0,0.0,0.0,0.0,0.0,0.0,0.8363959513543713,1.6845995201136574,0.13548715280467893,-0.25429591224256765,2.062963132774845,-0.07057523754070139
0,2.3773889321031385,0.6750272900881789,2.1437840909129493,0.6750272900881789,0.0,0.0,1.0,1.0,0.0,1.0,1.7623944956459299,0.3840123853257753,1.0309561477585285,-0.4248129406535328,0.43238889691168947,2.464809479284187
1,2.374467160367997,4.04805848909538,4.04805848909538,3.6020124736903814,0.0,0.0,1.0,0.0,1.0,1.0,1.0001704009787264,0.04832915034679919,-0.17847907117486317,1.5180064135056812,3.066241686352954,0.012442778024021939
0,3.181144304122567,4.848690102084543,3.7094711342884112,4.848690102084543,0.0,1.0,0.0,1.0,1.0,0.0,1.0748341507594557,0.9514000522562776,1.1922119577394092,2.209540388532738,1.823924132772905,1.9417509363161565
0,1.5743780644864962,0.5222545897099188,0.08724662822447371,0.5222545897099188,0.0,0.0,0.0,0.0,0.0,0.0,-0.4267413520836454,0.4074906906950073,0.6775551433275668,1.7643086978872162,1.7938910133003594,1.0033459343143314
1,5.6797737471771175,4.252807349370965,4.252807349370965,6.260538829363901,1.0,0.0,0.0,0.0,0.0,0.0,1.2505529236800998,2.2775357460911376,2.01713872665022,1.0922862869037213,0.7636400372613964,1.1778104439170967
1,2.843036399855223,2.7415911618482847,2.7415911618482847,2.2114787069721857,0.0,1.0,0.0,1.0,1.0,0.0,1.019867836989215,-0.9791386259671528,-0.058749097728778676,-0.02142721841618378,1.796156730767362,1.2751541033405682
0,3.0817334544130706,2.0619797544356016,1.2514595559140034,2.0619797544356016,0.0,0.0,1.0,1.0,0.0,1.0,0.3291219602140668,-0.6861628180547994,-0.11854948732376958,2.238798210619894,-0.2614001159328512,0.2231636360322815
1,3.9302120480154468,4.553208188856491,4.553208188856491,5.728357170071574,0.0,1.0,0.0,1.0,1.0,0.0,0.43270582849774586,0.22107703696160286,0.4141487064333964,1.8800221707717033,2.0928921302615384,0.7783458228340662
1,3.218570454889017,2.459122249915904,2.459122249915904,3.12077596508662,0.0,0.0,1.0,0.0,1.0,0.0,0.858243370425724,0.7296558263825552,-0.48386655766412545,-1.0778759701314016,2.229178855827424,0.30777315106679426
1,5.1983137836203355,3.4897490982243977,3.4897490982243977,8.2105297974208,1.0,1.0,0.0,1.0,1.0,0.0,0.915674717242403,1.6005946255125503,0.7160244793363678,0.8702222465422285,1.7217445843262986,2.5928904678959186
0,3.426022687684039,4.788948396904777,1.8185228817139467,4.788948396904777,0.0,1.0,0.0,1.0,1.0,1.0,1.14078793036035,0.792854175259583,-0.1554604646861234,-0.8711913083617331,1.3176237543419056,1.4474614436404594
0,0.11606053988491896,1.6079253029462268,-1.0330539730904564,1.6079253029462268,0.0,1.0,0.0,1.0,0.0,0.0,-0.12461225885714511,-1.22678880271449,-0.26162508174624155,-0.11201767946946639,1.1155084966064486,0.6650875924210904
1,6.509732232951577,4.041429232708872,4.041429232708872,6.353094647413615,1.0,1.0,1.0,0.0,1.0,0.0,0.8722066343976745,1.0849311454733264,1.6413010037672418,2.06349782300232,2.454722439167173,1.5180748482311188
1,3.914355400236796,2.2572452007188204,2.2572452007188204,4.063022034106034,0.0,0.0,0.0,0.0,0.0,0.0,0.5926431144977946,0.8406428233248792,1.4986021766354243,3.0607763321306676,2.2138301712800064,1.5871517812679279
1,3.687279162691836,2.12889929384023,2.12889929384023,3.465771679833693,0.0,0.0,1.0,1.0,0.0,0.0,0.3581917647511704,0.722716638767859,1.1476265944903137,1.530566447786934,2.6738636381217153,2.022346230494888
0,-0.45479807259564353,0.21279930136410052,0.48099716870793086,0.21279930136410052,0.0,0.0,0.0,0.0,1.0,1.0,0.9070149349216856,0.2530152580592788,1.764642594564555,-1.1446546099533015,1.7072656012862482,1.0678681866718263
1,4.261738585411422,1.3293773534000777,1.3293773534000777,2.8170430604867085,1.0,0.0,0.0,1.0,0.0,0.0,-0.14989130668742678,0.5920503007415499,-1.1560676876628577,-0.6050928957744732,-0.3454898375503994,0.45754080187834356
1,4.270104573178311,2.490095515654584,2.490095515654584,2.815548808631229,1.0,0.0,0.0,1.0,0.0,0.0,0.517907417188013,0.393686273415535,-0.38619673630642515,0.24182202709240047,0.6420880091872846,-0.1850554928502257
1,0.35841538544429474,-0.9705819653136911,-0.9705819653136911,-0.2883341662722892,0.0,0.0,1.0,1.0,1.0,1.0,-2.0514754844655356,0.930329045812703,-0.09687968936838298,-0.4988369293863708,0.08102143035409237,1.338528803654281
0,4.703529466300979,4.7078129638058615,4.727273785571718,4.7078129638058615,1.0,1.0,1.0,0.0,0.0,0.0,1.7127600907303648,0.5231328093998149,-0.14096568632473083,-0.3577940695868407,0.6128639848318018,1.0181326427982502
1,0.42608055902191966,0.6539518935874884,0.6539518935874884,3.6673628226082258,1.0,1.0,0.0,0.0,0.0,0.0,0.5624119220177884,0.26342637396612023,1.7621553726126995,-1.1352230857267855,1.3069283125640814,0.9652411376365099
0,0.20877156755476434,4.645374501173944,-0.29563303510230865,4.645374501173944,0.0,0.0,1.0,0.0,1.0,1.0,-0.10301557931731853,2.435706306402044,1.7345469079725366,-0.027676383511381686,1.1414640592227006,-0.421315181699383
1,0.3189614922201258,1.7901311040047507,1.7901311040047507,0.5612354497896326,0.0,1.0,0.0,0.0,0.0,0.0,-0.10113691529643687,-0.023734107094935952,1.2355544623994401,2.0005822648967087,0.9449793382633962,1.6793601317303566
0,0.6396432563117425,3.898583067997626,0.8979122033447667,3.898583067997626,0.0,0.0,1.0,0.0,0.0,1.0,-0.10957903720163209,0.8896401896165081,0.6263238728727468,0.8576421476358382,0.3888633294564934,1.6666058350010995
1,7.656909749967457,5.068725119068477,5.068725119068477,6.069080023381885,1.0,0.0,1.0,0.0,0.0,1.0,1.4317684853424173,1.6512534653623085,0.31709590280191746,1.2766921592112184,-0.20752085031710887,1.5549233000436153
0,-0.13975103911475362,1.3962041717172846,-1.4363404304056595,1.3962041717172846,1.0,0.0,0.0,0.0,1.0,1.0,-1.0137040996407598,-1.1984879072334136,-0.6988157950034264,-1.3779553303940821,-0.3947042369387139,-0.8963585288607372
1,1.6304600565908447,1.573185235870588,1.573185235870588,1.5841723552364275,1.0,1.0,0.0,0.0,0.0,1.0,-0.42354309531877044,-1.4215235347400426,-0.18164322003078026,0.18169069784767844,0.22944631966200135,-0.5046165166025034
1,1.2608660964946483,1.3288406085286044,1.3288406085286044,3.0875366595065588,0.0,0.0,0.0,1.0,1.0,0.0,-0.2606420419827806,0.02127442962338144,-0.40665519231868363,0.5796161794753886,0.8521220280725048,1.6425522185128834
1,5.352052037908015,2.970583365669513,2.970583365669513,4.23879888502175,0.0,1.0,0.0,0.0,0.0,0.0,1.0059395619217022,0.5516146131595695,1.055626357954372,3.227374879092603,1.1859834617807703,1.0036485938728688
0,2.7196401781435258,2.500059760241279,2.1018293259930245,2.500059760241279,0.0,1.0,0.0,0.0,1.0,0.0,0.8661229840080553,1.0205593289203807,-0.3694043299401163,-0.38425791220137584,1.5878277974777888,1.9477110258500807
0,3.3401260966617996,3.52261697313081,4.042175240123077,3.52261697313081,0.0,0.0,0.0,0.0,1.0,0.0,1.7701997417386344,1.6538793055146368,-0.2699994899821436,-0.2385408232519678,1.0087836424148497,1.4049153808266754
0,-0.8285361543853998,-0.7756680738548192,0.021426899288950918,-0.7756680738548192,0.0,0.0,1.0,1.0,1.0,1.0,-1.130806481083214,0.0614663669785912,-0.23773720758517491,-2.2373039089386033,-1.1460346000012112,0.8514099734054927
1,5.805067904655246,2.625833368449655,2.625833368449655,3.995288923225862,1.0,1.0,1.0,0.0,0.0,0.0,0.047979075270328686,-0.040874541460108826,-0.13998081498778703,0.8065308495194439,0.3675848640577154,1.2871955388829173
1,1.8390409190747232,0.004461004447699812,0.004461004447699812,3.658677718156313,0.0,0.0,0.0,0.0,1.0,0.0,0.45846790276291866,0.3084047773401549,0.32225641515142456,0.5503264566200851,3.0141303737002247,-0.14576711558855915
1,4.981370420203289,1.4649477146153975,1.4649477146153975,4.793644162058771,0.0,1.0,1.0,1.0,0.0,0.0,0.6380419056471451,0.5687298275625046,1.2033390922600589,1.7729381037685767,4.8094116646204945,0.972346012254701
1,3.7136514449481126,2.5383500065840083,2.5383500065840083,5.995052779438241,0.0,1.0,0.0,0.0,0.0,1.0,0.6605896903738907,1.262225432750165,0.997972862711779,0.8550343491298217,1.0329818280455427,1.1417491107386708
1,5.663762019370504,1.0045332159523488,1.0045332159523488,3.451655423524299,1.0,0.0,0.0,0.0,1.0,1.0,1.496962546365583,0.10211298936541924,0.5936337892838014,1.3726689202942386,1.0737421627220243,1.8498539021889329
1,3.8869894694958163,0.6117770517852662,0.6117770517852662,1.6096973787918716,0.0,1.0,1.0,0.0,0.0,0.0,-0.06007881260733994,-0.6730304296177532,-0.841894113238931,0.014959780539126721,-0.12479968135440522,1.3242621603474922
1,6.110099781418519,3.912629820835448,3.912629820835448,6.729571271797225,1.0,1.0,1.0,0.0,0.0,0.0,1.163677902589641,1.4578768361772574,0.8771443398519574,-0.2510220408757633,1.6691362474083478,1.3310237545597847
0,0.5140176001796899,2.469951470405494,-0.1504791902434024,2.469951470405494,1.0,1.0,0.0,1.0,0.0,0.0,-0.028169689852268975,-0.5090549811408496,0.9825024177527351,0.6873352513341241,0.787912521837763,0.21748878625805002
0,1.5424040913121093,-0.09799318945686575,1.135321095023221,-0.09799318945686575,0.0,1.0,1.0,0.0,1.0,0.0,-0.8824765037410951,-1.2785766511786374,-1.8496869250806367,-1.1758123507889473,0.2718875643997253,0.3403584386953026
0,2.613130870133821,1.834699080667924,0.8732585245723349,1.834699080667924,0.0,0.0,0.0,0.0,1.0,0.0,-0.17565840658278709,1.0055019218374794,1.1660358489334404,1.5093172141060838,0.17273594040385754,0.7194513617528154
1,1.9167913502630787,0.6959549144562365,0.6959549144562365,2.4659851120722465,1.0,1.0,0.0,1.0,1.0,0.0,-1.4307360312506183,0.7679765993937322,1.205276056270437,1.064415290809911,-0.4536353262577357,0.3087326658955082
1,2.4990394357579264,-0.5645648161377468,-0.5645648161377468,4.0459471439804755,0.0,0.0,1.0,0.0,0.0,1.0,-0.3453893746577015,0.2318316834227402,0.47839588198226113,2.2489210415001866,1.0700480230168905,3.195272416771896
1,0.9481630390552374,0.95517451224456,0.95517451224456,1.667290933846443,0.0,0.0,1.0,0.0,1.0,0.0,0.41269519647286024,0.6991821966717022,0.9882433409863973,-0.9944976726705514,0.4918559389137567,2.730500243501557
0,0.9070548690834805,0.8990002851429834,1.9819522613246612,0.8990002851429834,0.0,1.0,0.0,0.0,0.0,0.0,-0.5122891335636035,-0.7877284984821409,-0.3920574261198664,0.7796042225323309,-0.7969979723058813,0.06431754411653756
1,5.503925134388719,2.6700724872052173,2.6700724872052173,5.128463336506932,1.0,0.0,1.0,0.0,0.0,0.0,0.3079503778891288,0.43571518958589894,0.07111009507190474,1.068407886626279,1.6239045364090279,1.9079113351932802
0,0.5718326363831223,3.38481778456395,1.5475444386531088,3.38481778456395,1.0,1.0,0.0,0.0,1.0,0.0,-0.5680447400906383,-0.3773292822709672,1.1446321129020083,-0.6167733075938275,0.22363470360661042,-0.010398196009443028
1,3.3711099722807734,1.8179987487876175,1.8179987487876175,3.9647118987527254,1.0,0.0,0.0,1.0,0.0,0.0,-0.17755952398906072,1.755685284367667,0.35167284589551534,0.7432079714458223,0.8705347472203763,2.40333028463093
0,3.5683798022377777,4.753363040980167,3.1290003444709384,4.753363040980167,0.0,1.0,1.0,0.0,1.0,0.0,0.7199066846901592,0.9527183427392183,0.8648832495219377,0.13073515700236005,3.0738126800514802,1.8101040889849433
1,7.64915576123701,3.8193089916563494,3.8193089916563494,6.734124476221652,1.0,0.0,0.0,0.0,0.0,0.0,1.4178278538256652,1.8002351844312752,0.08666712768512874,1.2560624231490833,2.35310475066731,0.9913183860901649
1,6.388110964524149,2.232973429184866,2.232973429184866,4.5600953762513505,0.0,0.0,0.0,1.0,0.0,1.0,1.2423217016035932,2.2658031796329947,1.4508717629716945,2.6525432067417256,1.4088152112797625,1.4032340518107014
0,1.8105628925539365,2.7838626154457584,0.5370244886329761,2.7838626154457584,0.0,1.0,0.0,1.0,1.0,1.0,0.003463682389256817,-0.7146383071790257,-1.3720251726555652,0.5519880297650268,0.4319513424315513,0.2711080169841156
1,0.3324496378345636,-1.3488334882808608,-1.3488334882808608,-0.3244985558700751,0.0,0.0,0.0,0.0,0.0,0.0,0.5122499775749202,-1.439647498408478,1.254525318226573,0.0343607872621583,-0.2840024393081184,0.5513378811961387
1,3.152116534627232,2.4452383747408657,2.4452383747408657,1.9814673521972224,0.0,0.0,0.0,1.0,1.0,0.0,1.040544298670358,-0.4771901132738412,-0.3133148003823779,1.4116096363849255,-0.10863568234474719,1.8619221724786323
1,2.822211348295057,2.4921184806467607,2.4921184806467607,3.264712022616594,1.0,0.0,0.0,0.0,0.0,0.0,0.43908748522815344,0.9028315070945212,0.9095717382287664,0.21552270690485842,0.9777157713514327,1.370327940626888
0,-1.093184413305003,0.8557954092598096,-0.801546304203012,0.8557954092598096,0.0,0.0,0.0,0.0,0.0,0.0,0.34943533058295106,-0.8500157457411699,0.9753908834178637,-1.067937617810177,-0.1128944473269855,0.0955459154465994
1,4.638585759108245,2.2300466092760045,2.2300466092760045,3.376498751243238,1.0,0.0,1.0,1.0,0.0,0.0,0.9046541142973734,-0.2554698076477213,0.540489184757025,0.7810806949871147,1.4017403669101338,2.588420811793557
1,4.300227157514826,2.494060222722751,2.494060222722751,4.337241521073603,0.0,0.0,0.0,0.0,1.0,0.0,1.2715918310671168,0.32854928373200165,1.0956756912413441,0.9488397264716983,1.7509213252618034,0.7855478010411352
1,2.469131401929391,0.5007148252326477,0.5007148252326477,3.1365049568163674,0.0,0.0,1.0,0.0,0.0,0.0,0.4030686561827055,0.14273700973636005,-0.525924657622745,1.910272527250206,-0.29709729055534995,1.2621874253832646
0,1.0290789992224147,5.873796589568728,0.31470556673610806,5.873796589568728,0.0,0.0,0.0,1.0,0.0,0.0,0.7739953871571518,1.6480934754988583,0.706850973348703,0.3723823993651926,0.7837827327893772,1.4847296255758748
0,-0.15731111939820885,1.2834725713880353,1.715602231608537,1.2834725713880353,0.0,1.0,1.0,0.0,1.0,0.0,-0.5365621624622172,-0.8953228794960242,-1.1813896600757514,0.619763376332564,0.5208911153214568,0.7815521152892267
1,-1.3881609134101502,-0.04473554312481909,-0.04473554312481909,-0.8975612543226719,0.0,0.0,0.0,0.0,1.0,0.0,-1.3432600412752984,0.4972301431176903,1.600759497146179,0.004450941645002593,0.12410893079754948,0.33194480507910196
1,2.325261652694185,4.534706821095055,4.534706821095055,3.534959385813638,0.0,1.0,1.0,0.0,0.0,0.0,1.2683339561206812,0.13985949626310024,1.6517493139195345,0.9251173717895257,1.3242943915060934,1.2681775650857978
0,2.773993937797632,4.394125003393939,0.9575915878286669,4.394125003393939,0.0,0.0,0.0,0.0,0.0,0.0,2.056123893431293,0.47357643499531343,1.1242141087012505,-0.03745462760227425,2.888216634523456,1.7036333514312854
1,1.9686904344184453,0.9154510758848555,0.9154510758848555,0.9672134845047654,0.0,0.0,1.0,1.0,0.0,1.0,-0.05135067798652593,0.7459028747090087,2.005356613712442,0.5987872043253526,0.957797644428755,0.3101578611486875
1,3.3233432288612157,2.7720283261269456,2.7720283261269456,6.236762705085298,0.0,0.0,1.0,0.0,0.0,0.0,1.1866581412304171,0.9166325851472862,0.34982590325071755,1.1668728942576982,0.779505520569633,0.5210064422911541
1,2.278614955008457,0.016797785309392577,0.016797785309392577,2.9780551990197726,0.0,1.0,1.0,0.0,1.0,0.0,-0.6290576515530413,0.19178946127654795,-0.4592299123349839,1.3525597518641965,0.16581768418710996,0.9679898509666235
0,2.848902049140574,3.9517166339872496,2.0516336120756913,3.9517166339872496,0.0,1.0,1.0,0.0,0.0,0.0,-0.8979807411966589,0.9031925913307486,-1.4510185320782316,0.9548519788667914,1.0087119524578214,1.9673856123256273
1,2.530827136086193,0.09392743093063527,0.09392743093063527,1.8815078563006025,0.0,0.0,1.0,1.0,1.0,0.0,-1.0765867993236096,0.3651502119222956,-0.4084686775737889,1.398684554814309,2.438464491184853,0.9800458206907413
1,6.696488748479419,6.179695170969275,6.179695170969275,7.140456378089492,1.0,1.0,0.0,0.0,0.0,0.0,1.531173045630869,-0.4716844310526349,-0.3842688944381678,0.9205611782198762,1.67150864357199,1.473483546010769
1,2.780993979910442,3.2034082224966074,3.2034082224966074,3.736631159113297,0.0,1.0,0.0,1.0,0.0,0.0,1.8052345398076737,-0.3128617318536181,-0.5798457566103696,0.9670785628785065,0.5238378332826122,2.4978867383147207
1,2.527546508507286,3.702437564172831,3.702437564172831,4.4624226686171635,0.0,0.0,1.0,0.0,1.0,0.0,0.6845774364363876,0.26778493226257205,-2.468760894121464,0.17225458142093036,-0.443257440265465,-1.1506777721587342
0,2.056862163557066,3.241236932415956,3.5484120226458495,3.241236932415956,1.0,0.0,0.0,0.0,1.0,1.0,1.4608537030854603,-0.14297049813056262,-0.23603009201144776,2.15180394051632,1.8722970471586027,1.5592253715831892
0,1.6647333383698664,0.9403740429771297,0.7965804393898295,0.9403740429771297,0.0,0.0,0.0,0.0,0.0,0.0,-0.058331673490974345,0.3693188691894115,1.317186051848736,1.5871964862239742,1.9637380687337112,1.7248617268261617
1,-0.2020013900458404,0.34611663935953346,0.34611663935953346,1.781237730792657,0.0,0.0,0.0,1.0,0.0,0.0,-0.19059349161973527,0.389730797640068,2.4436256812116053,1.1298756080688648,2.0621686668795727,1.0214447351462475
0,2.9822732802684255,3.759177575202909,5.347978094338114,3.759177575202909,0.0,0.0,1.0,1.0,1.0,0.0,0.013334559430295045,1.4244201873409534,-1.4133668773634933,-0.17227491073608014,0.07121900841831597,-0.1804731663034036
1,4.732698578293866,2.708181033309513,2.708181033309513,5.9331982375784245,0.0,0.0,0.0,1.0,1.0,0.0,0.8555010703231253,1.9278000570573437,1.0843376808509193,2.334868851615918,3.435784640613361,-0.1109963027694234
0,-3.4518062987552622,-2.080711561240502,-1.7104948030700156,-2.080711561240502,0.0,1.0,0.0,0.0,1.0,1.0,-1.991309521007735,-2.0899010409917653,-0.22836227415780708,-1.480500291762871,0.39089075758762326,-0.38130117203296043
0,2.7056322889915294,5.551462231950767,2.172544450825606,5.551462231950767,1.0,1.0,1.0,0.0,0.0,0.0,-0.3285597559989202,2.7939882398799294,3.5638027266958927,-0.41806212742859383,0.5591125852512824,0.3989145982258562
1,-1.898342978075702,-1.8376061711413807,-1.8376061711413807,-1.0189990448205704,0.0,0.0,0.0,0.0,1.0,0.0,-1.7983122708094688,-1.3080041656191939,-1.1609162846591299,-0.5569367493416653,-0.23528616050859563,0.8366531205139283
0,1.2255215694926103,4.585203994208911,2.8005636049543714,4.585203994208911,1.0,1.0,0.0,1.0,0.0,0.0,-0.7127174503057043,-0.7740231669729893,-1.6801352459883887,-0.6355362577842434,0.187715141312209,0.1103715988009133
0,5.975044222902676,6.694729493518327,6.074128803473577,6.694729493518327,1.0,0.0,1.0,0.0,0.0,1.0,1.2840105132477193,1.7097142910362548,1.606244092452236,1.5136366495556233,0.37364864192280345,2.5943169066564424
1,6.047476817217836,1.7846279044445652,1.7846279044445652,3.4907676549389604,0.0,0.0,1.0,0.0,0.0,1.0,0.03291816023200256,1.8292607290139618,0.8315410963145686,0.5246604037188394,1.0842385990560943,1.9301122276768568
0,3.113062557189517,3.6013387198702174,2.137403482179269,3.6013387198702174,1.0,0.0,1.0,0.0,1.0,0.0,0.8692217451331812,-0.3848182188097451,0.9898959518457136,0.7602803051602239,0.4226900542698764,1.078432715136236
1,4.151024992648272,1.7454027073172558,1.7454027073172558,2.0988097925666227,0.0,1.0,1.0,0.0,0.0,0.0,1.7801785367776466,-1.0675510871932812,0.3002734487068126,1.029809129617861,-0.009712837231138804,-0.18300821219871222
0,1.0597842741744792,0.2750897904164371,0.6058319899552533,0.2750897904164371,0.0,0.0,0.0,0.0,1.0,0.0,-0.0023975202071734314,0.5664661027083521,-0.33013977440753084,-0.47301916570720204,0.24344564325909002,0.03986054603152067
0,3.072631367006151,2.8924971292044606,-0.5001027037313663,2.8924971292044606,0.0,0.0,1.0,0.0,1.0,1.0,0.03361281663196802,0.3250298152783356,-1.019529536447362,1.4969273504290528,0.4199170575055746,-0.7293223420794614
0,1.1476257662306535,6.992188948369036,2.997928981374142,6.992188948369036,0.0,0.0,0.0,1.0,0.0,0.0,1.0496655603705816,1.2224560954847872,0.2775765075078346,0.40606869204537344,1.2780044695056358,1.221470504349097
0,6.010554643295634,5.782936663005438,2.3426627667703763,5.782936663005438,1.0,0.0,1.0,0.0,1.0,0.0,0.4960105606085289,0.569970831169446,-1.1668611749948719,1.044772247080588,1.392094519161661,0.9122617800252032
1,4.634396526279899,2.462150149180234,2.462150149180234,5.532207304640394,1.0,1.0,0.0,0.0,1.0,0.0,0.18970228484426033,0.32907450013791584,-0.5844046621535466,-0.23273014984475537,1.9588432092931045,1.8545260086237079
0,0.09774513852809269,0.329037603016898,0.1989884492769145,0.329037603016898,0.0,0.0,1.0,0.0,1.0,0.0,0.2786404961325335,0.24880619219326267,1.6921330987881482,-0.6542123898112413,0.6599969975776814,-0.04696432096215797
1,2.5669686354880987,2.36610805722756,2.36610805722756,3.391866524026885,0.0,1.0,1.0,0.0,1.0,1.0,1.1234734871341265,-0.8097365283347049,0.8514231897615581,0.6536371785488031,-0.06699156414281782,1.4057329070302316
1,-1.3162647530064635,-2.601943494290267,-2.601943494290267,-2.274843638080956,0.0,1.0,0.0,0.0,0.0,0.0,-1.6813561406897182,-0.16897955450239577,-1.988499679989559,-1.9424042838718516,-1.0632390273051593,-0.40936835142948835
0,4.741509594219421,7.625186550469012,4.207330777278589,7.625186550469012,1.0,1.0,1.0,0.0,1.0,1.0,1.4085380025227865,0.8328121440833947,-0.7696671177355467,0.4158415896460205,0.2351689428097945,0.9207857127755212
1,6.684895321928528,3.4287974507656487,3.4287974507656487,6.470198890673014,0.0,0.0,1.0,0.0,0.0,0.0,1.504947574984794,1.8562685907390604,2.0801136869218246,2.2127439176996093,1.4691917609886183,2.16399570606032
1,2.417994347390329,-0.9946228687131486,-0.9946228687131486,3.6035749019344454,1.0,0.0,0.0,0.0,0.0,1.0,0.49093816816204905,-0.14727212469163986,-0.006939351949820649,-0.6850173909684687,-0.038261779688947284,1.1624625595590925
1,1.0035283391103713,2.7438999751471096,2.7438999751471096,3.25701067891394,1.0,0.0,0.0,0.0,0.0,0.0,-0.48010330764062936,1.0360971638228444,1.0619148543547112,-0.41144065964169685,1.6505702415356998,2.076941007125596
1,2.2869792852346778,-0.7288201471336533,-0.7288201471336533,2.3908499597353456,1.0,0.0,1.0,0.0,0.0,1.0,-0.15992457201862664,-1.0007824813195292,2.136412528947849,0.5581825694945093,1.2798756482855098,0.616837200272631
1,2.9838603514205877,-0.5113413456021312,-0.5113413456021312,0.3962080343241505,0.0,0.0,0.0,1.0,0.0,0.0,0.5432679858733538,-0.21833132506500563,1.0480923248548069,1.2869768850928662,1.2294959764893698,0.11686952430158315
0,1.7233278255371283,3.918799122250852,2.0167045947380244,3.918799122250852,0.0,1.0,1.0,0.0,1.0,0.0,-0.16350351608823244,0.17466147686482147,-0.940193423532629,-0.03896497085515682,1.6107770631779763,0.2792980253041981
0,3.114094219222978,3.5274014896072092,1.139726524675654,3.5274014896072092,0.0,1.0,0.0,0.0,0.0,0.0,-0.8034522608324142,2.0744266430127407,1.2873634436255443,-0.03384762649647177,1.4801851993257737,0.5043612065295678
1,4.1985072107469845,2.049332688671069,2.049332688671069,1.2119786777085997,0.0,0.0,0.0,0.0,0.0,0.0,0.1826969451955185,1.9762775663128094,-0.6457955766419967,-0.902755589948036,0.2998951307298856,0.47812343389736545
0,1.6828038315386704,2.899469881596927,1.889072460531229,2.899469881596927,0.0,1.0,0.0,0.0,0.0,1.0,-0.023755674008365646,1.043382185006414,1.1638665038384157,1.335856622164387,2.280324710352585,1.9726680209925123
1,3.663097794947769,3.052018528061794,3.052018528061794,2.697730813982195,1.0,0.0,1.0,0.0,0.0,0.0,0.5806569299100959,1.2022713279982988,1.572959613227146,0.4725562830226452,1.150313945121472,0.42153841902150546
1,3.344309324083635,0.9451512528595669,0.9451512528595669,4.178295923374829,1.0,0.0,0.0,1.0,1.0,1.0,-0.19718529846729682,0.3230852699967808,-0.9498009094687885,-0.3682331554369034,-0.46174636746146525,1.0717198706987858
0,-0.23179231349640345,-0.5796333133488727,-0.02629522862300926,-0.5796333133488727,0.0,0.0,0.0,0.0,0.0,0.0,-0.8761373232105536,-0.27037363235804923,-0.07635508633207144,-0.6143634785993488,4.018642320385744,2.0540707714917454
0,2.4129900156986874,2.1924524315514438,0.6534096326405965,2.1924524315514438,0.0,1.0,0.0,1.0,1.0,1.0,0.8943629122760484,0.17766294956490147,0.5021007999646895,-0.8603686634589458,-0.32439968706995437,-0.26815768701591525
0,1.551558491242875,3.8888267191820836,0.9482456393858207,3.8888267191820836,0.0,1.0,1.0,0.0,0.0,0.0,-0.618316023252705,1.1883058954465113,-0.1794981245291054,0.5772287306140096,1.075205434738882,1.2866644092741133
0,-0.3141540960619057,-1.3801261537145493,-0.5011836580081958,-1.3801261537145493,0.0,0.0,0.0,0.0,0.0,0.0,-0.653427114993945,-0.26152651564294416,0.2895041426764885,-0.22629644110306835,0.37100073883386175,-0.760059558590501
1,6.062145389513271,1.043602507815318,1.043602507815318,5.321251425359192,1.0,1.0,1.0,1.0,0.0,0.0,0.709883272476024,-0.992042212394679,-1.1604747869461691,-1.2186840024885077,-0.03807252306452402,-1.0356534899747007
1,3.564662131336419,3.4411397325848903,3.4411397325848903,3.100065515912255,1.0,1.0,1.0,0.0,1.0,1.0,-0.2840001719851025,0.3425507723912202,0.9035600328497946,1.490392800678937,1.2066779560114638,0.8813370229333879
0,6.06207562992124,7.928079630103022,4.413035991959066,7.928079630103022,1.0,0.0,1.0,0.0,1.0,0.0,0.8632769067866415,1.489629743525514,-0.7893057370754328,0.9925652291282573,1.5064120465138773,1.8480785873978
0,-0.324518571796675,4.562560041524948,2.611840494442421,4.562560041524948,0.0,0.0,1.0,0.0,0.0,1.0,0.5086386154829023,1.0519137150458087,1.4376904418218177,0.6231284251913312,-0.24736710303111908,1.1882335638363064
0,-2.569051458703082,-0.6643730727172815,-1.0742867423427622,-0.6643730727172815,0.0,0.0,0.0,0.0,0.0,0.0,-1.689323772511956,-0.4108640340174483,-1.5517376707774773,0.18037430469705495,-0.23859097895191272,-1.0843558890978238
1,4.701117602832447,1.9362115322628093,1.9362115322628093,2.095327990359539,0.0,0.0,1.0,1.0,0.0,0.0,1.2299819223926514,0.053949393234275944,1.2602688222046954,1.2345847282754996,1.0943702731968536,3.065518068348969
0,-1.4668467455258476,-1.5322518986751428,-0.3584479714252245,-1.5322518986751428,0.0,0.0,0.0,1.0,0.0,1.0,-1.2257949933862873,0.9701797209822878,1.5212389339356571,0.07459475149791217,2.309623799986187,1.5812845358478937
0,6.634720909666009,9.102424526056645,6.4074116063461934,9.102424526056645,1.0,1.0,1.0,0.0,1.0,0.0,2.4538720404077745,1.651652004150922,0.854374333484669,1.0288142884144964,1.2240562120002751,2.957417489680277
0,3.825395523987895,5.0042883277017625,3.9595070499785607,5.0042883277017625,0.0,1.0,1.0,1.0,0.0,1.0,0.7423557868130628,1.5921863472520736,1.2191630826624564,1.87149699435101,1.1475497711286897,1.3758135553769506
1,0.33118546350761224,-1.278043363889119,-1.278043363889119,-0.23601185145695514,0.0,0.0,0.0,1.0,1.0,0.0,-0.4908666000464791,0.1887838590673127,0.45447192816403037,1.1403890222510573,1.150665794901322,0.3056227049836666
1,3.8940090650049823,0.525640407160822,0.525640407160822,2.957586442210193,1.0,1.0,0.0,0.0,0.0,0.0,0.05495053167506597,0.2758203425741862,1.2125483625344042,0.6731572936742157,0.2610595231552325,0.05741874037745609
1,0.9689812211718489,0.24431994086145542,0.24431994086145542,0.8369016430756804,1.0,0.0,0.0,1.0,0.0,1.0,0.08858226506555267,-0.7450855202912043,1.6978769813720098,0.7176162924417724,-0.10743365125080939,0.3191464720005901
0,-0.5062293290118725,1.2351717598071401,1.9813593694842702,1.2351717598071401,0.0,0.0,1.0,0.0,0.0,0.0,0.9361153549195792,-1.2587175605514092,1.5788268016331364,1.3859890521678724,0.48843200798694775,2.138986738407114
0,1.1315703682850051,3.2764099053626476,2.400550565141315,3.2764099053626476,0.0,1.0,0.0,0.0,1.0,1.0,0.033817975491723606,0.27402544664862905,0.0758478472388171,-1.1289523240022157,0.021845722882796736,2.237354791374427
1,2.045547257951558,1.7518491014865454,1.7518491014865454,3.149487041733359,1.0,1.0,0.0,0.0,1.0,0.0,-0.5092359196271725,-1.0273027217862536,-1.8337679859188412,-0.31758136953795013,0.19156912998701392,0.904423224880434
1,3.147060811393,2.2475628850529716,2.2475628850529716,2.796328868885637,0.0,1.0,1.0,0.0,0.0,0.0,1.2326945169936951,-0.11087433513924727,1.5143415374080782,-2.0092600609860085,1.7065459776669893,0.5898125095899496
0,2.8077131599643046,4.580453167562885,2.167585469464505,4.580453167562885,0.0,1.0,0.0,1.0,1.0,0.0,0.6856277173806873,1.648815599903767,0.9202123247702698,-0.5795157974548237,1.1241526023608281,1.2076376489123442
1,10.007109898390835,6.187812123644352,6.187812123644352,11.083464930385245,1.0,1.0,0.0,1.0,0.0,1.0,3.7500187041982973,1.3849739456122363,0.8394722507360928,1.5013083329082788,2.08144164336636,0.10682999644244995
1,0.17978529747982042,-0.7434853051970954,-0.7434853051970954,0.6537866307606688,1.0,0.0,1.0,0.0,0.0,0.0,-1.401028982601563,0.061513011251414396,-0.2046911234439318,0.56769346214487,0.4029214404071614,-0.19699221693249025
1,0.3581602938086341,-0.682850353354578,-0.682850353354578,2.4623868922803185,0.0,0.0,0.0,1.0,0.0,1.0,1.031439212695087,-0.2770774360754411,1.1643999670345004,0.7644840222774731,1.7535466101724198,-0.6076024577043257
0,-0.31117964542353466,0.8710058551854034,-0.38311577940043806,0.8710058551854034,0.0,0.0,1.0,1.0,0.0,1.0,-0.7371632074231127,-1.3737016393163126,0.06381367052224529,2.190800406880974,2.2323378228654995,1.1673915429344743
0,1.9705803715397843,3.3641585407237713,1.489631445627996,3.3641585407237713,1.0,0.0,0.0,0.0,0.0,0.0,-0.2728806941560834,-1.168620534465902,-1.7014645164590618,0.8255158780362071,1.9651048083796767,0.16972379983492725
1,2.3593247547649088,1.5267771083314028,1.5267771083314028,2.64637559791707,1.0,0.0,0.0,0.0,0.0,1.0,-1.0033293646922383,0.8163044890928943,-0.7153154033791937,0.02705609514165297,2.180261684862981,-0.031252063935522045
0,5.962718609114362,9.482159060452284,2.662719251433851,9.482159060452284,1.0,0.0,1.0,0.0,0.0,0.0,1.41012670330828,1.7893962432794464,0.6541370726859341,0.26076179464726523,2.455615975274851,0.8982062815056627
0,0.524083290948133,1.1673717530236007,1.755968213623058,1.1673717530236007,1.0,0.0,1.0,0.0,0.0,0.0,-0.25582421993952087,-0.7148673832196069,-0.6514661907948258,-0.5289251592793014,0.4408818449223977,0.42647842211973286
1,2.317732764740506,1.3835052746800875,1.3835052746800875,2.9516270591083495,1.0,0.0,0.0,0.0,0.0,0.0,0.17319553678114202,-0.1631881465399112,-0.004818040916964139,-1.2130935884504592,-0.5312128075306135,-0.7806823451089488
1,3.17892777091758,1.0164856610697501,1.0164856610697501,2.334780792716275,0.0,1.0,1.0,0.0,0.0,0.0,0.2764112385721108,-0.19627292654951445,0.7015452232121622,0.027356318987071526,0.41241154638520483,1.8767175287148103
0,4.116080533859935,4.512922680833885,1.832803957591013,4.512922680833885,1.0,0.0,0.0,0.0,0.0,1.0,-0.38176494520083537,1.4338282985760626,0.6078728455581387,1.1108953614829273,0.009325275382676024,0.9716267786997828
0,3.04205999725287,4.762811178840743,2.3842440898180213,4.762811178840743,1.0,1.0,1.0,1.0,0.0,0.0,-0.18060850214027713,1.0296030927287805,1.6264384546562776,1.205149222721251,2.5460875382770967,1.0789813347827326
1,-0.9349383326752774,-0.18632562999083446,-0.18632562999083446,-2.0810354494861723,0.0,0.0,0.0,0.0,0.0,0.0,-0.30178091498730975,-0.07620438433481658,1.511417595480887,-0.03470184525134479,-0.2903076525554886,-1.086912499615384
1,4.70395367222402,1.8268544978620054,1.8268544978620054,2.3852405256222227,0.0,0.0,0.0,0.0,0.0,1.0,0.866962628005861,0.3633373366187124,-1.5269132885477794,1.482623407245903,0.5392662822137653,-0.23850598737918327
0,2.0671147574364155,1.932035349188142,0.24903102631968455,1.932035349188142,0.0,0.0,1.0,1.0,0.0,0.0,-0.18428359232295077,1.155437251806506,1.5221566539067954,0.9547518823638383,2.144141498551502,2.1107990227529463
0,0.044403374800070256,1.4213178716589885,1.1186276611454615,1.4213178716589885,0.0,0.0,0.0,1.0,0.0,0.0,-0.053398034469614775,0.11721491016516916,0.22687721064177652,-0.5457662861627084,0.5173945879189354,0.5788939358068198
1,1.1251365841116483,-1.8316910104172737,-1.8316910104172737,2.055119770302026,0.0,1.0,1.0,0.0,0.0,1.0,0.09228184958956676,-2.4724817933243006,-1.596853909689524,-0.5820155516474028,0.42202137445116694,-0.7295538244347712
0,1.7740032703251813,1.9049457885966432,1.1302575809058852,1.9049457885966432,1.0,0.0,0.0,0.0,0.0,0.0,0.29710091247123216,-0.5815921423264456,0.2892018759299424,1.1126100507932675,1.794039045443006,2.5213355032824327
1,6.057456346827455,4.339390935424456,4.339390935424456,4.9119287982204,1.0,0.0,1.0,0.0,0.0,0.0,1.6316834458679532,0.8751675777161625,1.0147610848841777,1.0501325133669246,0.646107629218601,1.2397080243856302
1,0.7789466894262332,-1.0393100226559309,-1.0393100226559309,2.070085886305575,0.0,0.0,1.0,1.0,1.0,0.0,-0.8586452684813359,0.15918389038025665,0.1345680797398543,-0.7215148922045049,0.900226278519177,1.9603644721274776
1,4.467350292667401,3.2862228526451647,3.2862228526451647,4.36970270341099,0.0,1.0,0.0,0.0,1.0,0.0,0.9185625515169029,0.5293593660735756,0.02009273970318831,0.3459502528719397,2.220833010787528,0.6382045026070251
1,3.2688903822704884,2.7921568102963965,2.7921568102963965,2.2792018205691296,1.0,0.0,0.0,0.0,0.0,0.0,1.678155817455209,-0.9060771709858968,1.4506085898552654,1.5742047116050053,-0.9663200989395235,-0.6255331455047202
0,0.3921349631554883,-1.1792493280623595,-0.12559494727496096,-1.1792493280623595,0.0,0.0,0.0,0.0,0.0,1.0,-0.7521794657292418,1.0183030765798402,-0.27173054591487333,-1.4700011015245642,0.9748451276585385,0.8661801686008176
1,1.325357140170395,0.47658022028990843,0.47658022028990843,1.7087902401327932,0.0,0.0,1.0,0.0,0.0,0.0,-0.4980063265901111,0.8884495164383014,-0.18811723139979852,1.2993265492571,0.21481415630069622,1.106980431020117
1,3.633319652877468,0.8088668365797942,0.8088668365797942,2.8927372852192765,1.0,0.0,1.0,0.0,1.0,0.0,0.24918007619095506,-0.09021405523448434,-0.3822104670776134,0.16271648193944666,0.5766400835556246,-0.09800917050067826
0,-0.04620277301987796,1.292469499209571,0.5868092630611603,1.292469499209571,1.0,1.0,0.0,1.0,0.0,1.0,-0.5916567362549925,-1.9068026945425358,-0.7031248572081519,0.6546371839975039,1.087532946466633,-0.5790382585592049
0,5.428203547050435,5.092288478270387,2.7645152997775404,5.092288478270387,0.0,0.0,1.0,1.0,1.0,0.0,1.4818633491737048,1.6763168335004701,0.7633174935064566,0.9108474252235272,0.2179499594256179,0.8420220286737683
1,3.6913691407601013,3.8156291651606953,3.8156291651606953,4.974543909385581,0.0,1.0,1.0,0.0,1.0,1.0,0.20237055837643814,1.489968774348834,0.7184087443762357,1.4541988033593038,1.1885064016731386,-0.2388442792798866
0,5.046113477669356,5.602063945258113,5.726473587119203,5.602063945258113,1.0,1.0,1.0,1.0,0.0,1.0,1.5479786657358328,1.0484810165123057,0.6933317031989686,0.7234971062479344,-0.8634371717053437,2.3795573789685758
0,2.1126813405041487,4.826403416414442,2.90121998823807,4.826403416414442,0.0,1.0,0.0,1.0,0.0,1.0,1.6581614288446676,0.8840129813104971,1.6923449325468491,2.136377718438112,-0.4341707657745524,-0.17893499500625287
0,0.3296779158349732,2.465774876419579,-0.08182531429797324,2.465774876419579,0.0,1.0,1.0,1.0,0.0,0.0,-1.0000448238084312,-1.3415983718057896,-0.565339229776598,-0.8544819440716747,0.2876477613166383,0.24426084167978757
0,4.872715201187024,4.353532614408119,4.585394767330771,4.353532614408119,1.0,0.0,0.0,1.0,1.0,0.0,2.0937259657813594,0.6750986970069304,1.3757036622429342,0.8342280458018622,2.6863195807571096,2.383909539323339
1,0.7525047928983897,1.8229319316995567,1.8229319316995567,4.276024005694117,0.0,1.0,1.0,0.0,1.0,0.0,0.12086417913347747,0.006687539939210618,-0.6046092022475575,0.7401823450675452,1.810498660241205,1.1436417520738684
1,1.3944947141891697,2.509731735996493,2.509731735996493,2.4527925662037493,0.0,0.0,1.0,1.0,0.0,0.0,1.2928531778096697,-0.7137937838635613,-0.831801869644361,0.8010966447273933,0.5397919356497467,-0.1666888961461015
0,3.336232056554461,3.5069080424315033,2.748508223477067,3.5069080424315033,1.0,1.0,1.0,0.0,0.0,1.0,-1.149938835836654,0.8607692071280892,1.0514934888367553,2.097766056740355,1.4879940639201468,0.3263474379798399
0,0.5958003391906207,0.3493434605713015,1.8855900929926737,0.3493434605713015,0.0,0.0,1.0,0.0,0.0,0.0,-0.37191238013154937,-0.10436198815157827,-1.0482582863842875,-0.6594502215327216,0.7664461013310476,-0.8281481066013943
1,6.48964144882542,3.0723505407092677,3.0723505407092677,5.936579587027609,1.0,0.0,0.0,0.0,0.0,0.0,0.9218148735404395,0.4162070123125263,-1.9307616351606844,-0.9407336348650965,0.6186561550782501,2.123839462387435
0,2.6306132828508253,4.785476439070084,3.265400410379212,4.785476439070084,0.0,1.0,1.0,1.0,0.0,0.0,0.4653243524780018,0.6179038800548426,0.4739159011232971,0.3243048750435119,-0.36170729948716307,0.8167645582985749
0,3.2725732469129767,4.328936057214464,2.058870885763248,4.328936057214464,1.0,0.0,0.0,0.0,0.0,0.0,0.5045307394814518,1.298484341183791,0.2117862958462775,-1.54164334876483,2.209981516359565,1.6645156667159486
1,5.597212596546568,2.270189553630016,2.270189553630016,4.678706096351132,1.0,0.0,1.0,0.0,0.0,0.0,0.6324857312667601,0.7461147473052563,-0.034526641730732055,0.941176037078488,2.558963992649404,0.7923409846481411
1,2.796522386806821,0.6112934717337334,0.6112934717337334,0.897442344489795,0.0,0.0,0.0,0.0,1.0,0.0,0.6768853463966358,0.41103218978353995,0.005216728694417083,-0.6882409676619154,-1.1104821645501746,-0.3768682662048499
1,2.2583068908625084,2.6392599906217935,2.6392599906217935,1.5532875387624065,1.0,0.0,0.0,1.0,1.0,0.0,-0.18223938685027363,-0.001812140865997458,1.9160458250021433,-0.522856339948119,2.288083997477602,0.43119588563161493
0,2.73401374299658,3.9999955690515336,2.9717336683920905,3.9999955690515336,0.0,0.0,0.0,1.0,1.0,0.0,0.09629519359577599,1.9341088244517208,-0.04227396981449516,0.5471096106635558,1.986595520452781,1.2319242597559257
1,3.436561521496385,4.728815901844774,4.728815901844774,2.17100764409828,0.0,1.0,0.0,0.0,0.0,0.0,0.6571601797387467,0.647297713384309,1.372912439260332,1.5176636223670428,0.7025433875211038,1.3983828645879914
1,4.350551330334712,3.0350942202399813,3.0350942202399813,4.431012870202222,0.0,1.0,0.0,0.0,0.0,1.0,2.276951878639112,0.3049310322331944,1.2175542684322607,1.6057216458018861,1.3376012531220092,0.9419258825919186
0,3.339101543659714,5.355148943006364,2.170177755206398,5.355148943006364,1.0,1.0,1.0,0.0,0.0,1.0,0.4261464117950951,0.9951999461486124,1.465587103032035,1.262385843335705,-0.35654722112679993,1.4486266551927427
1,3.3017640212370587,1.1169413769426266,1.1169413769426266,2.2742603603958993,0.0,0.0,0.0,1.0,0.0,1.0,0.3885797503953997,0.5501103826430118,1.0073725808445166,0.8688730515490654,2.4714882087614125,0.6988109188352061
1,8.58446865439588,3.5887941004130965,3.5887941004130965,6.5731048072987495,1.0,1.0,0.0,1.0,1.0,0.0,1.5858320335745248,0.8972817352937326,1.139942166294163,2.806190432502414,1.6740721662959301,-0.0786824301825606
1,5.248868124126711,4.9629088854555246,4.9629088854555246,5.596424325269009,0.0,0.0,1.0,1.0,0.0,0.0,1.6641967960164834,1.2515328384442928,0.422235817056812,-0.4795333061675122,0.16133130237711324,0.7861231563139879
1,5.617524908349837,3.084695158916655,3.084695158916655,6.69167691017773,0.0,1.0,1.0,1.0,1.0,1.0,0.2547210276376086,0.9190764139084239,-0.922210826389958,1.6951416144887812,-0.017528104662988264,1.7363478454227295
1,2.864482010037124,0.30577921172935596,0.30577921172935596,3.0956875478158166,0.0,0.0,1.0,0.0,1.0,0.0,-0.2896494457205667,0.9948868075014606,0.9575430001602354,0.8186538381331957,1.0819740143207461,2.3118124896416585
1,4.452182083135671,3.3810229166843246,3.3810229166843246,5.406723335309842,0.0,0.0,0.0,1.0,0.0,1.0,1.917578090778323,1.5230236057517452,2.1803191116222203,1.959228490441052,0.4487959633157257,1.5300266249351777
1,1.435272849156106,3.5845355478767207,3.5845355478767207,3.8811790952348826,0.0,0.0,0.0,0.0,0.0,0.0,1.13571348455384,0.7891093304535154,1.19622896978478,0.9637689707296893,2.0951978872158836,2.843577359190643
0,2.691110311967798,3.7780435215841246,2.821650940950241,3.7780435215841246,1.0,0.0,1.0,0.0,0.0,0.0,1.1399545182916573,0.19462778626511035,0.3426821980588156,0.6262929431713429,0.40035567863887767,-0.23313686848964643
0,-1.348030865194559,1.871391949394611,0.6379476875676721,1.871391949394611,0.0,1.0,0.0,1.0,0.0,0.0,-0.3030245730059634,-1.0223220360389307,0.07741316315104163,1.0835539049290697,-0.26627890841064117,0.07956654151603937
1,4.303785817740081,2.78595877657345,2.78595877657345,3.9515670351748193,0.0,0.0,0.0,0.0,1.0,0.0,0.9247479116128136,1.9720759050161485,-0.5163107653358394,0.7104879153852302,-0.6366233669934465,0.5501410575730816
1,6.985943193500397,4.357945978075404,4.357945978075404,6.980410728524593,1.0,1.0,0.0,1.0,0.0,0.0,1.340533559288037,0.5609296657754341,0.4733603943697268,2.1057699158915995,0.2296556852066387,2.0355600914630596
1,3.1656064051409216,2.885143706334993,2.885143706334993,2.1334533228954875,0.0,1.0,1.0,0.0,1.0,1.0,1.3370972149763447,-0.6840334398495655,-0.12064849201702599,-0.9849373431186454,0.5994182842782874,0.1300759458609504
0,4.167516612577763,5.379706009763197,4.294901067911661,5.379706009763197,0.0,1.0,0.0,0.0,0.0,1.0,1.789240029718559,1.5277611668232596,0.8000535316380885,1.3692832324200546,1.3252033479671574,0.7975043880481061
0,-0.5887799170751,1.1005933736113684,-0.2602454609954351,1.1005933736113684,1.0,0.0,1.0,0.0,0.0,0.0,-0.3930302572031441,-1.469088723859387,0.1349424525856734,-0.14999945768786027,-1.3052571306290197,1.4184443096877173
0,2.004111485246894,1.9270307719061814,2.620426507130152,1.9270307719061814,0.0,0.0,1.0,1.0,0.0,0.0,0.5713307982778376,0.4874452843115997,-0.05596830403057429,1.1367942219162195,1.0455294728674476,1.1990481026579591
1,-0.14887594294185585,0.03707372453019708,0.03707372453019708,0.6059179730244686,0.0,0.0,0.0,0.0,0.0,0.0,-0.12593616117078,-0.39336032229471796,1.1161755003903522,-0.25968863503858763,-0.34111042757701515,0.482993116587652
0,5.442520654552341,7.382624646110311,7.707373294123872,7.382624646110311,1.0,0.0,0.0,0.0,0.0,1.0,1.1181545493530862,2.381471756290891,-0.9543913597490821,3.0520706036549887,2.09504574244726,2.2764748995762822
1,5.659898413673969,5.835006278070308,5.835006278070308,7.029073442422846,1.0,0.0,1.0,0.0,1.0,1.0,0.3863435107601687,0.9677501261964444,-1.512782670990656,1.920162062704815,2.198770630869574,2.010095219302519
0,1.9345321909580362,4.36497906694411,2.1351003023608617,4.36497906694411,0.0,0.0,1.0,1.0,1.0,0.0,-0.818659820965715,2.244554539096568,1.157940577237796,1.618770915148288,0.9275369851318883,0.653377084108663
1,2.1749006871869168,1.0179002753745432,1.0179002753745432,2.1252602182364173,0.0,0.0,0.0,0.0,0.0,1.0,1.2101477179302011,1.253186081191579,1.6976620199172454,0.6075606630093077,2.075369812999324,1.4672175104619203
1,4.480995388496577,3.844043017044104,3.844043017044104,4.157174303105803,0.0,1.0,0.0,0.0,1.0,0.0,0.6728074902927208,1.5871125098192,1.9592357344602633,2.8846474028357667,1.9411554549270738,2.6388463060938454
1,4.6872810831435565,5.359325899413947,5.359325899413947,6.062122318607204,1.0,0.0,1.0,0.0,0.0,1.0,2.2571349031189136,0.3602400947612461,1.3208639234593182,1.723559035058945,2.948875380949603,1.4921471101682235
1,2.977817891172657,2.8644922449541523,2.8644922449541523,4.756953613660521,1.0,1.0,1.0,0.0,1.0,1.0,0.14394819324223707,-0.6449786187266862,0.13125975433673742,0.2824174543309746,0.45156066085400415,1.521268383637777
1,4.393107864398148,4.243138742449215,4.243138742449215,4.905472941351625,0.0,0.0,0.0,1.0,0.0,1.0,1.658783664629198,0.7703930176770586,0.7671268496909727,2.48786844517058,1.5979191543193758,2.0618498493201836
1,5.03340779304895,3.744030559167581,3.744030559167581,3.0872244550604098,1.0,0.0,0.0,0.0,0.0,1.0,0.084321185921443,1.7163154774954577,1.8296004704925293,1.1484640846537024,-0.15131608405651287,1.3953101403606927
0,4.8003981985108695,1.8059478974744307,1.7167122478348387,1.8059478974744307,0.0,0.0,1.0,0.0,0.0,0.0,0.3394617069880318,0.30910401544434607,-0.4480241767990528,1.4470765770274172,1.460156858832389,0.802439269433349
1,-0.3595005576583755,-2.891901726614147,-2.891901726614147,-1.6491940789208628,0.0,0.0,0.0,1.0,1.0,0.0,-0.5017335608568549,-1.4901100276493349,0.6186103000678305,-0.9721914599092205,0.41109875766306203,-0.06905273437705217
1,3.413815930716723,1.7373285090481887,1.7373285090481887,3.6046894053485254,0.0,0.0,1.0,0.0,1.0,1.0,0.8725067691040173,0.1870125356288317,0.33330539962689637,0.33566216647449854,-0.07519211424067485,1.1212466037116435
1,5.4016189469842715,1.382304496937159,1.382304496937159,3.007555167875421,1.0,0.0,0.0,1.0,0.0,1.0,0.7082836612956099,-0.18004250952577194,-0.21434706106995116,0.7508099703538401,0.5371020039680443,-0.30193890398097634
1,8.320188142458314,6.308642521905637,6.308642521905637,9.248384419654322,1.0,0.0,0.0,0.0,1.0,1.0,2.6889101752161797,1.6533573663319048,0.37356967338818237,1.319079909707313,-0.10077408406307442,0.1890691600446871
0,-0.014066918970111697,-0.26154481462716306,-0.5377116490838753,-0.26154481462716306,0.0,0.0,0.0,0.0,0.0,0.0,-0.3899472402612202,-0.9089978672955925,-0.14387557861533318,-0.7137365275075895,1.2123286882275248,-0.15515322169155366
1,1.6669213629825066,-2.171810801612345,-2.171810801612345,0.8675084824878004,0.0,0.0,0.0,0.0,1.0,1.0,0.506670684732067,-1.5657805067145345,-0.14800469149535322,-0.7144201989900902,-1.7151581259442445,-0.9121866823705078
1,1.2382588013136182,0.9449550291130155,0.9449550291130155,0.48308038109694895,0.0,0.0,1.0,1.0,0.0,0.0,-0.6251238619949415,-0.41173183634742927,0.40126434476651396,1.056856047093665,0.5967723925849995,0.4515205547882508
1,4.399772068907387,1.8576022400014836,1.8576022400014836,3.0251995699078593,0.0,1.0,1.0,1.0,0.0,1.0,0.41149990873339476,1.6811134679724722,1.7683983123573512,0.3434709776488511,-0.6831849901588032,1.3954644598531825
1,0.4762417051549406,2.39227920636183,2.39227920636183,3.0058862788329908,1.0,1.0,1.0,1.0,0.0,1.0,-0.13851304143852816,-0.3420206647451429,0.2889570762602688,-0.7097006773264052,0.1376669321326548,-0.7998731493943767
0,0.4889566763833506,2.2745774586792242,1.6108851106293425,2.2745774586792242,0.0,0.0,1.0,0.0,0.0,0.0,0.7802712329762161,1.467729511490731,1.815108597669346,0.19710098179345087,1.8448386671911101,2.4341456634344567
1,0.5813615380373744,-0.8741775835579623,-0.8741775835579623,2.126808598769887,0.0,0.0,0.0,0.0,0.0,1.0,0.8792490330256026,0.3675013657009978,1.950325258092767,1.1217892148089603,1.0451945060430563,1.2366102394370309
1,5.503856264204106,3.4346909099999077,3.4346909099999077,3.3814752245375224,1.0,1.0,0.0,0.0,0.0,0.0,0.3482790407164848,1.234025137266209,0.40975472502329213,-0.6169178260827168,-0.21386309560101502,2.8386464859604845
1,5.757333210824186,3.862379660950066,3.862379660950066,6.226443416699262,1.0,1.0,0.0,1.0,0.0,0.0,2.0545673163604388,0.5540953958557583,2.251755618143209,0.3457376558062285,1.1153415929750312,2.308132440906067
1,4.710022220419321,2.46903117957456,2.46903117957456,3.1391871046397974,1.0,0.0,0.0,1.0,0.0,0.0,0.7437736826214305,1.7199413341183356,0.5792605780669726,-0.21131538610063272,-1.003377190804525,0.5825596485973799
1,3.689159554877282,3.4043195132546717,3.4043195132546717,3.618881447377472,0.0,1.0,0.0,1.0,0.0,1.0,0.45377986188757513,0.9013030940837192,-1.0637192296018718,-1.0978109461897605,1.244378203429371,1.956328135848004
1,2.3854283854406932,1.8982188162596803,1.8982188162596803,2.809120173080458,0.0,0.0,1.0,0.0,0.0,1.0,0.17056146666227556,0.7264635212434825,-0.26949015344915384,-0.967117762934742,1.1378687464054236,0.5540017568108629
0,2.8835558478079926,4.70647469123361,2.282726807327014,4.70647469123361,1.0,0.0,0.0,0.0,0.0,1.0,0.39822250408754956,0.6072941905340361,0.047089751334863816,0.3456316982686327,1.4189525135924832,2.369252766356586
1,9.470636564000184,7.392634266584651,7.392634266584651,10.132915417984853,1.0,1.0,1.0,0.0,0.0,0.0,2.435427864959356,0.8616338272608255,0.5058544352697772,2.152172650370291,0.6597448615696265,2.7916041168281147
1,4.4821670304989,3.6366302819390954,3.6366302819390954,3.3567087241418605,0.0,1.0,0.0,1.0,0.0,1.0,1.2386173603721744,0.4347972549375039,0.9898414562052831,0.8415438456293038,0.46602456524884106,1.561049518208553
1,5.767582214857493,1.5716969530873748,1.5716969530873748,4.891465696532786,1.0,0.0,0.0,0.0,0.0,0.0,1.6376118086894775,0.0843028980726116,0.2443716513749865,0.1558642403940072,0.615093220835013,1.3452188995211234
1,1.6486558008168062,1.1412931121010157,1.1412931121010157,2.6131686426052694,1.0,0.0,0.0,0.0,0.0,1.0,0.30346246897163376,0.3790190324118659,1.0267617685289814,-0.1388241201486402,2.6052230241911207,-0.9936662885528829
1,2.877517274836515,2.103883832083066,2.103883832083066,2.171128099714768,0.0,1.0,1.0,0.0,0.0,0.0,1.6621332421232604,0.08866505070837505,1.5004385185623648,0.37381880698130887,0.9664718814288857,0.3294016085408611
1,4.2755608452140255,5.358477375083462,5.358477375083462,4.506373862679107,1.0,0.0,1.0,0.0,0.0,1.0,0.38006254097892783,1.1098177744435747,0.4711759780476533,1.9920514041469386,-0.022167962005743558,0.425229986147717
1,2.44026606035717,2.4702076900621277,2.4702076900621277,2.778565653609844,1.0,0.0,0.0,0.0,0.0,0.0,0.7734853415275496,-0.194877318234997,1.1536141737982866,-0.5101883853049982,1.636010897749656,0.9985514319034969
1,4.11583600959617,1.4269466211707649,1.4269466211707649,4.332701175496949,1.0,0.0,0.0,1.0,0.0,1.0,0.881873148149487,0.07095032236471421,2.3614187429736817,0.8243862890370389,1.2131823224511178,1.5387536043472338
0,0.23655092443838033,-1.183587516914987,-0.7092793663693965,-1.183587516914987,1.0,0.0,0.0,0.0,1.0,0.0,-0.868659358161137,-0.9749893277225823,-1.0824713472908745,-1.4055732821059377,-0.9136499881678803,-0.4473028881937726
1,2.752791666543457,1.6234274371189823,1.6234274371189823,2.9592643410150448,1.0,0.0,0.0,0.0,0.0,1.0,0.19611164968097095,-0.10987403934140927,-0.6144232866197974,0.19023653552040387,0.12328854825428914,-1.1477864224467855
1,0.9050178681478319,0.43693084461515785,0.43693084461515785,-0.3419164271862165,1.0,0.0,0.0,1.0,0.0,0.0,-1.7976797403232445,0.8667751193567146,-0.7599965792691215,0.3598567462788603,-0.47392685459975237,-0.288705808462808
1,4.159934733926235,-0.0588889887863453,-0.0588889887863453,4.204950042526922,1.0,1.0,0.0,0.0,0.0,0.0,0.8803766823730281,-2.3194652894249748,0.4605669283469889,0.977514316895722,1.3564463770927273,1.291358661636101
1,7.44255761806675,4.055851410422829,4.055851410422829,8.955928427852065,1.0,1.0,0.0,0.0,1.0,0.0,1.2135013417140161,2.1028764720571513,1.150647930689269,1.0629954265058594,3.505445494438619,1.7142531107304566
0,-0.24516240954605084,1.0639113510291736,-1.0986013322832047,1.0639113510291736,1.0,0.0,1.0,1.0,1.0,1.0,-0.26446610311560137,-1.267843974219748,1.259253006520866,0.9314956781751016,0.9019319337619689,1.562470363173334
0,-1.2983675958959509,1.2469773265425752,0.49997089646354664,1.2469773265425752,0.0,1.0,1.0,0.0,0.0,1.0,-0.6758464111227651,0.25273872315522833,1.0281363837641821,-0.601025236718068,-0.021478585545531725,0.009854899257570993
1,2.5375175313502867,-0.4880519135645168,-0.4880519135645168,0.7002377295798798,0.0,0.0,1.0,1.0,0.0,1.0,0.24593337778403673,-0.3698779285686573,1.1740152474627559,0.5193815370777026,-0.2822705675479835,0.6193645531916441
1,5.277912664699408,3.2100612804388313,3.2100612804388313,4.022379057347527,0.0,0.0,1.0,0.0,1.0,0.0,1.3308279117952497,0.2006554887440331,-0.25470042371720436,2.2277999237337425,0.5907564716424929,2.878952982432452
0,0.8210577794347884,6.6811679346878865,2.1446328430879316,6.6811679346878865,1.0,1.0,1.0,1.0,1.0,0.0,0.2113468561363434,-0.31980886233630446,-1.6458399225456457,-0.30391750829929887,0.30267724886899394,0.95998039297269
0,1.8184511753521448,1.0650855257269318,1.2300313883764236,1.0650855257269318,0.0,0.0,1.0,1.0,0.0,1.0,-0.32777759869890255,0.1960313663977723,0.9454197063847667,0.24777763055860802,0.06924368670134062,-0.3872854444783904
1,5.397088270313822,4.59182449169637,4.59182449169637,5.2456486647607985,0.0,1.0,0.0,0.0,0.0,0.0,0.6114991391550473,1.9070429170062555,1.0513740081017844,1.6666856447740497,2.3291850636227975,0.21947465889648687
0,0.21977111399958527,5.445524370641046,0.8574784268543713,5.445524370641046,1.0,1.0,0.0,0.0,0.0,1.0,-0.8858125997151218,0.9129532744579695,0.44634130201965916,0.032365419347770485,0.28274398228161346,-0.050896684950997084
1,6.5987826035275425,4.344093879688678,4.344093879688678,6.896447722004572,1.0,0.0,1.0,0.0,1.0,0.0,0.7955575764937233,2.059885190293129,0.20747329310859292,-0.3829158447524492,1.2811541838906229,1.0549951061108036
1,0.9883527691664439,0.6849036589087496,0.6849036589087496,1.71735908534511,0.0,1.0,0.0,0.0,0.0,0.0,-1.2843682822236695,0.5775092742151359,0.26568506604348047,0.34069346913312043,0.817384229244247,1.0622427497090239
1,2.010923883519017,2.468115437009326,2.468115437009326,4.934252007688326,0.0,1.0,1.0,0.0,1.0,1.0,0.43991934607792504,-0.18091201111385224,-1.9209113060203582,-0.974001241823871,-0.17159084485971676,0.25978551357695445
1,2.5899594252072458,-0.017509087517259103,-0.017509087517259103,3.3770668457807047,0.0,0.0,1.0,0.0,0.0,1.0,-0.23609776950115735,1.1207663031318742,1.2540406143676543,0.5201056888660346,1.7636738491495572,0.04118613031330698
0,-1.0298945687467647,0.0666701965639338,-0.21983186350345973,0.0666701965639338,1.0,0.0,1.0,0.0,0.0,0.0,-1.036204761379374,-0.31682362843536416,2.5911265141559334,-0.6113674212312068,1.0266699210648982,0.7099488965159453
1,0.9580479094240912,1.2319972837097404,1.2319972837097404,1.0427437807007476,0.0,1.0,0.0,0.0,0.0,0.0,-1.1722390081119056,0.9235395376003049,0.7987238943063268,-0.4192136627866392,0.8963357348579923,0.8869236911970968
1,1.0710246644760786,1.1820997775746485,1.1820997775746485,1.1025553756308135,1.0,1.0,0.0,0.0,0.0,0.0,-0.8354215530108733,-0.873556501163838,-0.2019463788626682,-0.07915443606445682,1.4754077172413373,-1.0737047500542358
0,0.6859491367447033,1.4477477224324051,0.4645086556001027,1.4477477224324051,0.0,0.0,1.0,1.0,1.0,0.0,0.5559622802481444,-0.0039666697018936325,-0.14798120295677952,-0.7259277822692736,0.09336044433611157,-0.18136515275906673
1,2.741046504802523,2.7238650828209456,2.7238650828209456,3.6839926923600026,1.0,1.0,0.0,0.0,0.0,0.0,-0.6401969704520594,0.3417289455952458,-0.24878161562687517,0.546388590427592,0.6740953871087023,0.6621866647394471
1,7.255114804412972,3.606664835241629,3.606664835241629,7.941102893020958,1.0,1.0,1.0,1.0,0.0,0.0,1.069814193230716,1.8270127245329286,0.4609981924460572,-0.3831165091478622,-0.30493816170513943,1.292176847891235
0,3.9371376922977417,5.33910928990157,3.6318113031435124,5.33910928990157,0.0,0.0,0.0,0.0,0.0,0.0,1.050372453147264,1.1825342020031862,0.07349317564181523,0.5722371058448066,1.8120902456391474,2.3610602746081004
1,3.176298641262425,1.2342486296390167,1.2342486296390167,1.8662271932186612,1.0,0.0,0.0,0.0,0.0,1.0,0.8805457521632774,-0.21829994517900486,-0.2848536298595711,-0.17761256407880255,0.5319396452751108,-0.9154000412682186
1,3.036308159846131,1.7353038635530282,1.7353038635530282,3.4279700192445257,0.0,1.0,0.0,0.0,0.0,0.0,1.3520975364651815,0.29291385166230105,1.8298758835895652,1.6044868057404291,0.7563857444820915,0.7413922005512549
0,3.1522622528350017,3.9298270454329653,3.2759122167527996,3.9298270454329653,0.0,0.0,0.0,0.0,0.0,0.0,1.7299028154756553,1.9822452330925298,-0.4862756832228632,0.5984226455649997,1.134104868882816,1.9570254104113638
1,7.552556486743804,5.157852873086571,5.157852873086571,7.141044621654274,1.0,1.0,1.0,1.0,1.0,0.0,1.71916024387197,1.5416376070745423,1.0403866575089866,0.46140493388324855,2.2162493937469443,1.4966986258863997
0,-0.8424463375727739,0.020939929517325095,-0.6546791351288743,0.020939929517325095,0.0,0.0,0.0,0.0,0.0,1.0,-1.4414992227949333,0.9632203970132877,1.0815853995334521,-0.25429637490181756,0.6984583103927434,0.8733274536006957
1,1.2207678496519527,1.9212471498169434,1.9212471498169434,2.108440209901654,0.0,0.0,1.0,0.0,0.0,0.0,0.9217084406484645,0.002436595626854665,0.23164734282845484,0.10728476733104664,1.7542404360688764,0.7557109105027703
1,2.2592694568237213,0.608897054038441,0.608897054038441,2.5703991516773628,0.0,1.0,1.0,0.0,0.0,1.0,0.8310048358658402,0.32542014187944096,1.9933387105590565,-1.0903301909667642,1.8453229208044886,2.197452416612456
0,2.968338888286455,5.239785541753392,2.271821892101295,5.239785541753392,0.0,0.0,0.0,0.0,0.0,0.0,1.094241784289137,1.6824268261775068,1.1643467444503282,1.7089400451298062,1.8812670348391929,1.455655151124132
1,4.748049499845703,3.474417940392468,3.474417940392468,3.7296187900161106,0.0,0.0,0.0,0.0,1.0,0.0,1.4596498585922646,1.9943060713069616,1.3488793826845265,0.25589706617465235,2.4242951530903785,2.0916051078149156
1,3.657742558884438,1.8938939954253036,1.8938939954253036,2.907068538746353,0.0,0.0,1.0,0.0,1.0,0.0,0.07637637616558657,1.904581693833655,0.9164232254083062,-0.030868935838975542,0.6694437112427502,0.18758214339420398
1,3.450887519522888,1.9998329498444258,1.9998329498444258,2.983564010389262,1.0,1.0,0.0,1.0,0.0,0.0,-0.05983391178447228,0.26460039196047636,1.3039023238458076,0.13302520776977012,0.5509291256104757,1.2853218984941366
1,2.2715173308069883,1.32964787572925,1.32964787572925,3.8675130795808843,1.0,1.0,0.0,0.0,1.0,1.0,-0.8610814613519981,-0.46971690420373147,-1.7845615230786773,0.18571640067920236,0.3633261059500975,-1.2190419718616892
0,3.776280746663445,4.155832271618407,3.7944268529558878,4.155832271618407,1.0,0.0,1.0,1.0,1.0,1.0,0.40446771987279184,0.4143207810167102,0.5237562954384278,0.696937120086354,1.7122573885999406,0.7265059972829121
1,4.251712397926638,2.594144122772434,2.594144122772434,4.65768485177792,0.0,1.0,0.0,1.0,1.0,1.0,-0.019045989371487937,1.611126042235151,-0.41168629529060674,0.6786834302174876,0.9603203579067301,0.7702577163854827
1,4.354924726104713,1.6230855945591542,1.6230855945591542,1.2730129065583666,1.0,0.0,0.0,0.0,1.0,1.0,0.8443565636837048,-1.8143684157200384,-1.3364058455296561,-0.17974856970798547,-0.9512396510295391,-0.23321234790370848
1,5.829066447793697,3.0157542847879615,3.0157542847879615,4.990524535114275,0.0,1.0,1.0,0.0,0.0,0.0,0.2640528656531631,1.411664121435373,0.8545660245582478,0.9273840763467095,2.5760301647857577,0.1357367241045666
1,7.539906571858683,0.9756604205390316,0.9756604205390316,4.2089061093298685,1.0,1.0,1.0,0.0,0.0,1.0,1.2828901816158063,-0.06063250361864381,0.4287206877684712,-0.7666011639371557,0.5484794867443247,1.2985956655277355
0,5.3345395384676815,5.954062677534039,3.456920788070059,5.954062677534039,1.0,1.0,1.0,0.0,0.0,1.0,0.1069614859128395,1.5980610065361296,1.222142811703828,0.3875676898350265,1.3064375875277552,2.8407034900827695
1,1.0787760569733122,-0.0907503441468207,-0.0907503441468207,0.8672719752277933,0.0,1.0,1.0,1.0,1.0,0.0,-0.658211318381029,0.2174857365394708,1.538715497911063,1.5188550998595747,2.0759618771517547,1.1207971342119005
1,5.801046708695529,4.089309559537927,4.089309559537927,6.68162119303272,0.0,0.0,1.0,1.0,0.0,0.0,2.829128435399745,1.154367854210899,0.8499347682573113,0.6910480230443641,2.188218400558133,1.524074696119703
1,8.589109042605413,5.521956379154747,5.521956379154747,6.150870315115942,0.0,1.0,1.0,1.0,0.0,0.0,2.1813227050690878,-0.2288495581511677,0.10362783020937627,1.4986318305595256,0.810693807093938,1.7782015461637508
1,6.896999158197558,3.459725804866516,3.459725804866516,7.533252886520664,0.0,1.0,1.0,1.0,0.0,0.0,0.7743574171668108,2.5826457949537165,1.0632991378913226,0.5525974985634965,2.6701529063645992,0.40367384349752045
1,0.3674743493619359,0.9377159671146464,0.9377159671146464,3.5188818046784966,0.0,1.0,0.0,1.0,0.0,0.0,-0.010756667493486582,-0.3132430849643132,0.4584045642814534,-0.09967894747123418,0.944936489103529,0.5387869991915015
1,1.205595750122723,1.6087666168260923,1.6087666168260923,0.2791210833792763,1.0,1.0,0.0,0.0,0.0,0.0,-0.8286326586815445,-0.7275693725823045,-0.2795377969382148,-0.42336262611038955,0.5233026496423877,-0.019299217154437498
1,2.4490252897294305,2.3782779439269834,2.3782779439269834,3.0849389863183356,0.0,1.0,1.0,0.0,0.0,0.0,0.3958920099132528,0.8764775136766492,1.0719863721692482,0.7549097947323676,2.0371138062212637,1.208795667857232
1,4.600869075182608,3.8998708076804145,3.8998708076804145,5.281429924491086,1.0,1.0,1.0,0.0,0.0,1.0,1.4512814077288638,-0.3952205997161464,-0.4774910855083001,0.49835022451566935,1.2738367635495338,1.6381863613172987
0,3.461093685847595,4.738604540236112,1.150341881992492,4.738604540236112,1.0,1.0,0.0,0.0,0.0,1.0,0.4263387013324879,0.5557025446865702,1.970434586955232,1.6760779511211363,2.072357016503074,2.72337216640355
0,3.1389896431493547,3.652363136541374,3.8187817960162085,3.652363136541374,1.0,1.0,0.0,0.0,0.0,0.0,0.9654455228073664,0.17474701263926418,-1.2959105211334199,-0.37213826440594056,0.2388820587197621,-0.6179539589293415
1,2.003433844819118,3.0919419639462467,3.0919419639462467,2.597151633771328,0.0,1.0,0.0,0.0,1.0,1.0,0.8330210503956155,0.6037592840763393,1.4449090127972877,1.2498118934745026,1.8455853931688593,1.4430557876246262
1,8.41089023978871,5.87901212093635,5.87901212093635,7.31332340701127,0.0,1.0,1.0,1.0,0.0,0.0,1.1681419260476678,2.192838215106149,1.4220876182026672,3.319636237430329,1.4183406164041492,2.834532689051339
1,7.2509438733194855,4.474405817980413,4.474405817980413,8.016340628654005,1.0,1.0,1.0,0.0,0.0,0.0,1.9560477220678645,-0.8320610806440898,0.7499374335059885,3.4886657787432873,1.3876931013435556,2.503382740748215
0,4.581423971259159,8.956219624012542,4.195594881665381,8.956219624012542,0.0,1.0,1.0,1.0,0.0,1.0,2.699679780373755,2.005966126198628,0.763230983397021,-1.008476473018129,0.2856220600389865,1.2983947675190066
0,0.12288611128814161,1.9989252447505972,1.1156568037449552,1.9989252447505972,0.0,1.0,0.0,0.0,0.0,0.0,-1.022052503823396,0.2180197767574516,0.4397518640556346,0.5992641338281106,-0.22181373674488625,-0.1547618225899412
1,0.5897010839859764,-0.7185251537565597,-0.7185251537565597,0.30182156773673086,1.0,1.0,1.0,0.0,0.0,1.0,-0.7634488852898973,-1.155891632218724,-0.42913907322072087,-0.7396880501305392,-0.5280963402964691,-1.4093244569077608
1,3.3150335200788974,0.42142302313528457,0.42142302313528457,2.665749276953572,1.0,0.0,1.0,0.0,1.0,1.0,-1.0237722284696715,-0.6071272992005201,-1.3254131827818245,-1.3884727737167009,0.101899431331544,0.2520101666167778
1,-0.3393035624891094,0.36474262217507636,0.36474262217507636,-0.20859828000892822,0.0,0.0,0.0,0.0,0.0,1.0,0.30749174325903883,-0.11192039039716883,2.456316066257774,-0.3094934765665497,0.8477048724372211,1.2010690733947036
1,2.677687763280689,2.3118826819253346,2.3118826819253346,4.83200451887838,0.0,0.0,1.0,1.0,0.0,0.0,0.7985978114171572,0.9326851711425391,-0.8521736322865565,-0.495939825901349,1.2870814661856078,0.7315858830273159
1,4.6518681694482575,3.4639088901376978,3.4639088901376978,6.281016747881966,0.0,1.0,1.0,1.0,0.0,0.0,0.3017350395882854,1.5250316125705736,0.18724573978434889,2.2585027116174436,2.1096100018404695,1.6501177257933184
0,0.591388103655367,1.7412071452305722,-0.3083443739579776,1.7412071452305722,0.0,1.0,0.0,1.0,1.0,0.0,0.30853413319141665,-1.1221708615322317,0.6482706299238414,-0.06758417093483471,1.065123362905844,0.2886750161181896
1,4.4268633602885075,1.8977812466126966,1.8977812466126966,3.9907100654180656,1.0,0.0,0.0,0.0,0.0,0.0,1.1264604483316631,1.3602350101144278,1.1878164875831334,-0.013988242088640357,0.6598096738115771,1.9175802035517386
0,-1.2632688921023476,1.0045715618272797,0.3896105542219064,1.0045715618272797,0.0,0.0,1.0,0.0,0.0,0.0,-0.5956579298363842,-0.8367175914351002,-1.007512654287095,-0.628019333690685,-0.1745784772140211,2.516390428189542
0,2.5335143007647796,6.167035735792796,5.167214461129742,6.167035735792796,1.0,1.0,0.0,0.0,0.0,1.0,-0.38278353604733173,1.1446009391166752,-1.4682497027041579,1.0634844301071822,1.1085922180028391,0.09567319712536393
1,-1.5038433934304658,-0.9173682285889241,-0.9173682285889241,-1.4732352492619558,0.0,0.0,1.0,1.0,0.0,0.0,-1.8441959176175082,-0.16109255350164653,-0.5220642525453048,-0.567808388965124,-0.4142155762990698,-0.3895676520750335
1,3.8692574311790384,1.5339382342207954,1.5339382342207954,5.415843139102991,0.0,0.0,0.0,0.0,0.0,0.0,1.321721037749234,2.0897937114833343,2.8974071361249623,1.591354709619379,0.9213764763700898,3.288305931093726
1,1.4205118916068187,2.1619196934966176,2.1619196934966176,2.8549937714447307,0.0,0.0,0.0,1.0,0.0,1.0,0.1512481059630757,-0.09938181408832913,-1.3728188079437644,-1.1782851832977652,0.626299579617256,0.4604055183873953
0,0.9488076024629031,4.293205059642068,2.241284514875033,4.293205059642068,1.0,0.0,0.0,0.0,0.0,0.0,-0.08785495278218725,1.184521756353492,-0.3378788257164076,-0.31553360098247596,0.13954344107227057,0.47502160450562203
1,2.341062921049858,-1.7290340443211925,-1.7290340443211925,0.5223123723111449,0.0,1.0,0.0,0.0,1.0,0.0,-0.08471402078012791,-2.223911680773332,0.9574843565083093,-0.1268117635810081,-1.1157664675838461,0.0780511973052368
0,2.0113471646619256,4.032706980502428,2.6376277231866925,4.032706980502428,0.0,1.0,1.0,0.0,0.0,0.0,0.29902433569720455,1.5223589336611905,1.2818291375234638,1.903292594045709,1.8583853350668251,0.8746080997348044
1,7.758947762225929,5.2896369439261735,5.2896369439261735,6.366143998317586,1.0,1.0,1.0,0.0,0.0,0.0,0.502817346994356,1.4529026635733295,0.028549587449922864,1.8843338360380948,0.7290454642622436,1.279859378667473
1,3.7382077497259103,2.3757596410437953,2.3757596410437953,3.4329719568466643,0.0,1.0,1.0,1.0,0.0,1.0,-0.07508653048820968,0.536353173670661,-0.9417213675740022,-0.23663440424194349,1.2187377886599955,0.7583975567763468
0,2.5421298449448457,1.4129428927787553,0.24400595960625904,1.4129428927787553,0.0,1.0,0.0,0.0,0.0,0.0,-0.4006720528177392,1.435652179004965,1.7362824671872112,1.2548832603723903,0.5130137662154837,0.7047222101945967
1,8.317956280265122,4.382285956920715,4.382285956920715,6.793613878548427,1.0,0.0,1.0,0.0,1.0,1.0,1.406661184842604,2.875266097966895,2.0721580413908596,-1.820392584581719,1.6923604840595923,2.7585104048646754
0,2.027886587628064,6.40208701229759,3.199589896118976,6.40208701229759,1.0,1.0,0.0,0.0,1.0,1.0,0.6089757963122364,1.1826007329265609,0.6501708377073858,0.38944598960750826,0.7578057435820011,0.5208881934248206
0,3.0136924651563293,3.556798835116564,3.085866159156151,3.556798835116564,0.0,0.0,1.0,1.0,1.0,1.0,1.2853764650414172,1.023578738243502,0.13295282189976626,0.736517795337301,0.46276758089350056,2.0921639563193764
1,5.859023247473176,2.699185261165681,2.699185261165681,6.584716406883148,0.0,1.0,0.0,0.0,1.0,0.0,1.0886125140367122,1.7172571511694277,0.6268297006921795,1.1956807038979456,3.1347697609922247,1.1505348329132952
1,0.6686117558534668,4.71191026583224,4.71191026583224,3.8383666383711015,0.0,0.0,1.0,0.0,1.0,0.0,0.2632511451921882,1.013383722527035,-0.7210208662200355,2.384057351124334,1.0701427261681435,1.4792436063181262
0,2.2141022625812887,3.377181824325575,1.7786451373492247,3.377181824325575,0.0,1.0,1.0,0.0,0.0,0.0,0.6363148218431938,-0.6722000896274698,1.1878348090151958,0.3855790749948173,1.4563898806809192,0.12273517803381928
0,0.30502616626546575,1.5809678349916738,-2.1381990768592205,1.5809678349916738,1.0,0.0,0.0,1.0,1.0,1.0,0.21989935432733076,-0.5070557753782059,0.2097377442679878,0.08199810691649201,1.5713931002587276,0.12410147900884672
0,2.6402480957681003,5.296542971319157,4.919188489087899,5.296542971319157,0.0,0.0,1.0,0.0,0.0,0.0,1.7706516773978502,1.1597689585317157,2.2838544573330717,0.9860832701282092,1.3483151294345557,2.402522900483038
1,0.5911301918828218,-1.708753108462202,-1.708753108462202,1.5806687335190799,1.0,0.0,0.0,0.0,1.0,0.0,-0.0465400182265675,-0.6139212578153252,0.7093062245099634,-0.164669657028373,-1.354647777263347,0.9881632443764722
1,2.237690625132621,4.41885443691462,4.41885443691462,4.149051278745322,0.0,1.0,1.0,0.0,1.0,0.0,-0.08171531115333763,1.1994787043712845,0.21188415562716745,-0.9694842107547978,1.0130119639390096,1.6124905473075333
1,3.720899068759911,1.1485451656063983,1.1485451656063983,4.326803050285456,0.0,0.0,1.0,1.0,1.0,0.0,-0.5171725043092019,1.8696526792077643,0.21092594442374046,1.049157877939383,1.6463144637450746,0.09764910295624085
0,2.9432071536712914,7.283973469345406,3.9780692417506907,7.283973469345406,0.0,0.0,1.0,0.0,1.0,0.0,2.642535495378746,-0.2704937391163853,0.5455868579613737,0.544190247885581,1.378395468235417,2.4736665742689983
0,3.032093683890513,5.653150663158452,3.841879416914142,5.653150663158452,1.0,0.0,0.0,1.0,0.0,1.0,1.048819980189015,1.1616884492575814,1.4206444860049539,0.3844171129847023,0.12317365845129546,1.1795433843955838
1,4.864457321458057,0.724632336951955,0.724632336951955,3.9658623180448007,1.0,0.0,1.0,0.0,1.0,0.0,0.902582063420555,-0.25804818166225685,0.3893747257818161,-0.05388965189944439,-1.2365995062470159,1.2866740108923853
1,3.41388506465184,2.7563395793420944,2.7563395793420944,5.982749865638932,1.0,0.0,1.0,1.0,0.0,0.0,1.0086020796993602,0.9104309600053095,1.9817318765592233,1.5030840701948962,1.3823852117854014,1.3643316124152751
1,1.182346656596353,0.44316054496064344,0.44316054496064344,1.3028352088893929,0.0,0.0,0.0,1.0,0.0,0.0,-0.23168343144711123,1.085210948721243,0.9741966500924181,-0.8613771244063628,1.2050702939701774,1.9058410262106695
1,4.142694263701228,5.19165197082365,5.19165197082365,5.434306652321604,1.0,0.0,0.0,1.0,0.0,1.0,1.5291764776573793,1.6851817997294378,1.7137323545619958,0.8879675601782617,0.5277117843857172,1.3169302777524117
0,0.9254265810323739,2.469179199667433,-0.25790596472945526,2.469179199667433,1.0,0.0,0.0,1.0,0.0,1.0,-0.39794708832363623,0.35356533855927424,0.0565588297482269,0.1086263590269052,-0.24895910111895247,0.15431318160882845
1,5.541466707391814,2.2174439393247636,2.2174439393247636,5.006065936809201,0.0,1.0,1.0,1.0,0.0,0.0,1.0705861513223103,0.2419208679607311,-0.3780818832192181,0.28234648089688497,0.7102057829584358,0.7488336364092583
0,0.8195649116897334,2.606154103926846,3.445671835307771,2.606154103926846,0.0,0.0,1.0,0.0,1.0,0.0,1.1485205834169159,0.266559673812807,1.9487520357759736,1.0441058026195744,1.8868068021727695,1.3236728066772145
1,5.128692922103317,2.7530784243444426,2.7530784243444426,4.4248598675533115,1.0,1.0,0.0,0.0,0.0,0.0,0.28444912047010873,0.7115465783892172,0.4451031889401347,-0.3621942130799505,2.868160297683399,2.1130391121763497
0,3.0261239747717257,7.050817517512992,2.9652272342922656,7.050817517512992,1.0,1.0,1.0,0.0,0.0,0.0,0.6289210373607701,1.3035151349199985,0.23816878617512716,1.3005321872060038,2.409564221373481,2.060782871219886
0,2.2332254833681775,3.7825681836463056,3.275683425582458,3.7825681836463056,0.0,1.0,0.0,0.0,1.0,0.0,1.5277343063260125,1.2377404849508862,0.2208898781363955,1.8335917874365695,0.03821380700348298,1.32455229854027
0,1.4516442344094864,4.981726753732778,2.3644033058064293,4.981726753732778,0.0,0.0,0.0,0.0,0.0,0.0,0.35392649244623164,0.9184160060548164,-0.559317023382861,0.21912772162756522,2.0900418526572455,-0.3540284024347393
1,2.259554681099565,0.863656020564805,0.863656020564805,3.4052085450100718,0.0,0.0,1.0,1.0,0.0,0.0,0.16895099435226368,0.6370614962031097,1.2609120781029135,0.42739006799818935,1.0315988801810763,1.556551640159575
1,6.7341012537972595,5.1452730943845415,5.1452730943845415,7.8948420554377705,1.0,0.0,0.0,0.0,1.0,1.0,1.5285960121334972,2.3878465561855613,2.02244975529457,1.9005861048802888,2.9939906631008197,2.089820276374922
1,6.802207668847808,6.2331756357762105,6.2331756357762105,7.540924903216922,1.0,1.0,0.0,0.0,0.0,1.0,1.0094282406793285,2.2502510024554545,2.4527844041861444,1.9042912243483658,2.3918809462391453,3.0834434306240577
0,4.543078314755072,3.4784072263891606,2.185948983781163,3.4784072263891606,0.0,0.0,1.0,0.0,0.0,0.0,0.3878237547573528,1.4417744386307345,0.7989444978437136,1.5021200872147038,2.6327130736727153,0.38733978570580463
0,1.2198483238545004,-1.3547928401666351,0.43694132264029445,-1.3547928401666351,0.0,0.0,1.0,1.0,1.0,0.0,-0.5214391168615957,-0.3920022451870566,-0.3420896639202111,0.07457587747859967,-0.04855182943072944,-0.026574059148952278
1,2.71174129517647,2.998946496356991,2.998946496356991,1.2870953087154522,0.0,0.0,1.0,0.0,0.0,1.0,0.8821276034685872,0.33718757281647016,1.028318979725972,1.2885807622910777,-0.8161920704418097,0.9939274477549469
0,2.5836049900518856,1.6858348528631675,0.9000987383751615,1.6858348528631675,1.0,0.0,0.0,0.0,0.0,0.0,-0.566744759024429,0.12475036122217698,0.7161027281666567,0.019536971991350238,1.2775603883769047,1.599257149439381
0,4.403223981354504,4.8694096915094,2.7423685171313505,4.8694096915094,0.0,0.0,1.0,0.0,0.0,1.0,0.28230725565951587,1.7385212616881252,-0.014077930233384217,1.4179590815994194,1.1781436822835711,1.9580678864624743
1,4.7593564445181915,2.493047266443595,2.493047266443595,4.791117958301185,1.0,0.0,0.0,0.0,0.0,0.0,0.9611541030051107,-0.5509547378078685,0.8293324183645168,0.17192488219900426,1.1483678046202546,1.6749583290641037
1,3.877294812234493,1.5617169053340585,1.5617169053340585,2.829335064624843,0.0,0.0,1.0,1.0,0.0,1.0,-0.7402445771742616,1.1239894956385452,0.41193702443676694,2.4342560081248177,1.1600701667450357,1.8523195579770229
1,3.742662940306409,2.5115961356504752,2.5115961356504752,4.121645199533374,0.0,1.0,0.0,0.0,0.0,0.0,0.539483894126767,1.2122567582838517,0.5823942442806442,1.5271655783774194,2.786105720669108,2.2166680208104497
1,5.7244462064925425,5.58168768776965,5.58168768776965,7.7199764291379225,0.0,1.0,1.0,1.0,0.0,0.0,0.686305615607512,1.9538712394671764,0.8496487212417845,2.812914770825661,3.0654437500515797,1.4455696268035998
