1,7.239032624389777,5.81609162923191,5.81609162923191,7.4557144868672065,0.0,1.0,1.0,1.0,0.0,0.0,1.305270783656172,2.089755778477087,0.5573304055642796,0.5296625031869135,2.169791200552475,-0.22461655413358317
1,1.5009452133852925,3.5175604357430443,3.5175604357430443,4.249298601784583,1.0,0.0,0.0,0.0,0.0,1.0,0.9624133258643135,-0.3361447368886997,1.4835286356651132,1.3871828754325797,1.471133856485876,0.5765978600124497
1,3.64225456507554,1.081264913007224,1.081264913007224,3.6615485191109487,0.0,0.0,1.0,0.0,1.0,1.0,0.9445601975730391,0.65967867073948,0.6915717402225482,0.6687488266103582,1.3621556421213419,2.379487373394588
1,4.161274891364478,2.5838675765698773,2.5838675765698773,4.269250079972103,0.0,1.0,1.0,0.0,1.0,1.0,1.0727397146492175,0.5268456528909597,1.4435655422572564,0.2996651296603613,1.0135688467098927,1.5248433372856165
1,4.35022980195583,2.6846198075713614,2.6846198075713614,4.244297533514446,0.0,1.0,1.0,0.0,0.0,0.0,0.5141172384067854,0.5326424432504963,-1.1435909648611595,-0.3786432925081171,-0.3439162335819499,1.149634014585952
1,10.765152656495543,6.255269157631242,6.255269157631242,10.041247938259644,0.0,1.0,1.0,0.0,0.0,0.0,2.696560034065379,2.40939650698406,2.270650072048971,1.6783044662224176,3.272425789411428,3.9199213310012566
1,1.0008234712847828,0.2793985300440673,0.2793985300440673,0.7343939748574733,0.0,0.0,0.0,1.0,1.0,0.0,1.34226692240673,-0.411182768996189,1.6149708305575836,-0.7697649446448249,0.9174708240433639,0.8672044406425664
1,4.213451007975655,2.8384365552487085,2.8384365552487085,3.8064391686438666,1.0,1.0,0.0,0.0,1.0,0.0,0.13603502975799897,-0.18422487485227534,-2.072997067111158,-0.03163068574618322,1.0800948343390206,0.21119914497560077
1,4.797603954005795,2.8118347912366675,2.8118347912366675,3.6592260343515575,1.0,0.0,0.0,0.0,0.0,0.0,-0.2755382454093208,1.399116192406085,-0.7910869450051472,0.7376956804298734,0.5269367020393014,1.2111849286071281
1,1.3688156763147787,2.8262017740779792,2.8262017740779792,2.836285825626592,0.0,0.0,1.0,0.0,0.0,0.0,0.870460708319414,0.29261364662656286,1.5219427248059927,0.2842626078814203,1.2986284840439801,0.7466465030572739
1,6.460969178847613,4.497042470425856,4.497042470425856,6.35616830795843,0.0,1.0,1.0,1.0,1.0,1.0,2.390174562575567,0.3568113932120658,2.0820187946964186,3.138466689375092,3.9584342287687018,2.5714703910850236
1,5.596708656998801,2.7327629937663027,2.7327629937663027,4.486507739962614,1.0,0.0,1.0,0.0,0.0,1.0,0.1954325572130175,1.5732933475156583,0.23267226688098475,0.3245037494577185,0.7994586668034908,-0.20044149053148308
1,3.8872018671261572,2.4078423491542056,2.4078423491542056,3.3873193524033973,0.0,0.0,0.0,0.0,0.0,0.0,1.3927053357605303,0.9869477911357762,0.19257794121146915,1.5795954741354807,0.9839241722931908,0.6117846788621972
1,5.88071176899269,2.7863725073126124,2.7863725073126124,3.4076493699163595,1.0,0.0,0.0,0.0,0.0,1.0,-0.047102511686945236,-0.6834711330323642,0.9101949028373912,3.4910010536860043,2.2892806801755934,2.226688878248524
1,6.721056866234239,5.176635996341528,5.176635996341528,5.817663602807457,1.0,1.0,0.0,1.0,1.0,0.0,2.205876535938655,0.5772676183987463,0.7740978331825428,0.005021094086219535,0.6607362993035052,0.9541658241248967
0,0.9298674940336243,1.6259887031967786,1.968408832479213,1.6259887031967786,0.0,0.0,0.0,0.0,0.0,0.0,0.7631690878106839,0.4826796736231853,-0.07743503448577671,-1.6800075905744638,0.465785225154447,1.164353753935015
1,2.713937308067083,2.3784394677592244,2.3784394677592244,2.546959856777601,0.0,1.0,0.0,0.0,0.0,0.0,0.8330898928458628,0.14421208341161423,0.03132430528382829,0.43632730458196783,0.34971184817286805,1.3695537472346544
1,5.645138617141405,2.190625547222919,2.190625547222919,5.078414168787028,0.0,0.0,1.0,0.0,1.0,1.0,1.016999468114082,1.4851235086570518,0.30411820650877863,1.1003980421949633,1.4608115148313563,2.4867742725012127
1,3.295738650191228,4.2492703580807305,4.2492703580807305,5.125468496851517,0.0,1.0,1.0,1.0,0.0,0.0,1.715392033509322,-0.4211787476212816,1.0410485522477546,2.0984627068139936,1.9205330571710673,1.3019691077343012
0,-1.5838014363313118,-1.2461808753974228,1.8520817152869724,-1.2461808753974228,0.0,0.0,0.0,0.0,0.0,0.0,-0.060437316873148794,-0.5878373932232361,1.513938602799802,0.7001898306411057,0.6433714832115168,0.8597354721441783
0,1.7134209991237992,1.304795615144286,0.7731433675741147,1.304795615144286,0.0,0.0,1.0,1.0,0.0,0.0,0.2803610366765442,0.9198519341768345,1.6472130418248312,0.017727475958898786,0.8925807083407014,0.6600437548966195
0,2.0086467605711196,2.2668487412345515,1.0669728816362294,2.2668487412345515,1.0,1.0,1.0,0.0,0.0,0.0,-0.2975654299891408,-0.7744539981645981,0.31166762267095866,-0.05494353055185042,1.6661351191517277,1.1063871753814585
0,4.773224913532256,5.884977313812016,4.809361826238048,5.884977313812016,1.0,1.0,0.0,1.0,1.0,0.0,1.3113364941178887,0.6262612439537456,-0.11240108163859985,0.9340348929994436,2.9984802362697396,1.290907413943899
0,3.1538502750275645,4.446527163043846,1.174376260863727,4.446527163043846,1.0,0.0,1.0,0.0,1.0,0.0,1.171370634617456,-0.13349470209796122,2.4299654287044703,0.9034238711751779,1.3649375614292554,2.607734176246204
1,2.9160266997164825,-1.0187628711364538,-1.0187628711364538,2.2727308777176116,0.0,0.0,1.0,1.0,0.0,0.0,-0.30951381083169527,1.299322125227122,1.9559286559288567,0.06401308668577721,1.5013694132364317,2.651566030892332
1,1.6518591638934423,3.78521651555913,3.78521651555913,3.4218681776272066,0.0,0.0,1.0,0.0,0.0,0.0,1.3910333149524265,0.9079789052904854,1.1696726487395774,-0.8248380038447836,1.8085905211634596,1.0445383703266864
0,0.6696098214929456,3.651411443982644,1.1152026230229097,3.651411443982644,0.0,1.0,1.0,1.0,1.0,0.0,-0.7734515911330351,1.186602812910461,0.22988734057096893,0.2889222441390622,0.586644608165136,-0.08181112025948512
1,0.5546981398739885,-1.8493982413543393,-1.8493982413543393,2.611892955974901,0.0,1.0,0.0,0.0,0.0,1.0,0.44761751967035646,-0.016475876961782765,0.9102859446609316,-0.13188416135177028,0.41894657727606877,1.1484541399651191
1,2.424502920126312,0.10855786049500105,0.10855786049500105,2.9644750636364083,0.0,0.0,0.0,0.0,0.0,0.0,0.3716882541714736,0.519199601445089,0.7796531356179752,0.5726695882750955,0.3915170625838753,1.2708960827307263
0,-1.3706212061078533,0.6720800448752947,-1.5740799313648912,0.6720800448752947,0.0,1.0,0.0,0.0,0.0,0.0,-1.6651641710614364,0.6837843642374337,0.17791062775530192,-1.2517045511206188,0.5044690896804134,-0.7098682885836181
1,3.7862127150669838,2.2076278871414625,2.2076278871414625,4.83153280334037,0.0,0.0,0.0,1.0,1.0,0.0,0.7787216825648611,0.8165035492799518,-1.4606181208971785,-0.30726904287646184,1.5115683151609796,0.39752295165387086
1,4.23384506426196,2.7697908326883827,2.7697908326883827,6.006569826922495,0.0,1.0,0.0,0.0,1.0,0.0,1.8504123930921264,0.47757977547827835,0.3063002189227455,1.1671516304931142,1.157450776322349,1.043004768109397
0,0.7816768953593416,2.974655780841225,1.3241652798284065,2.974655780841225,1.0,0.0,0.0,1.0,0.0,0.0,-0.5272637488288532,0.7149849775584451,0.44240715404331304,-0.364869095232744,-0.032848967497696835,-0.3201011883799829
0,2.983889585371759,3.3024200591240547,2.290725662413411,3.3024200591240547,1.0,1.0,0.0,0.0,0.0,1.0,-0.8768783108113622,1.9132128953047358,-0.34996484321839016,-0.0672064357319837,-0.07957452319832647,0.19066680931169566
1,1.977970725809457,2.10324599237922,2.10324599237922,3.287234974460039,0.0,0.0,0.0,0.0,0.0,0.0,0.5446776777383574,0.2779284883709363,0.655433534218932,1.4341491200714314,-0.3216059495792085,1.0868280958124732
1,2.518799881070173,2.9297549504275846,2.9297549504275846,0.9695789162314317,0.0,0.0,1.0,0.0,1.0,0.0,1.2298907516641737,-0.2881337807660186,2.0406174949748173,0.646038514462387,2.5103673133082944,0.7921520619893111
1,2.0085999905006933,1.4143279724714497,1.4143279724714497,0.6670877716885025,0.0,1.0,1.0,0.0,0.0,0.0,-1.3587001363021998,0.6165524978954873,-0.3369046069237567,-0.048082003077987934,1.0749133364665966,0.07814192807150411
1,4.054377790273721,1.4873689476468632,1.4873689476468632,3.162119875332989,1.0,0.0,0.0,0.0,0.0,0.0,0.7387891986541678,0.5911751890170942,-0.5145273820848573,-0.74927358858685,-0.23567919618855093,0.7546277689906524
1,4.273401539838643,1.6953808018034302,1.6953808018034302,4.583476926320878,1.0,1.0,0.0,1.0,1.0,0.0,1.9940017408104167,0.17726559536062886,2.2272256900102705,0.8736567371454502,1.6011551058260136,0.9031611282602793
1,3.684139805844157,0.9166106567151593,0.9166106567151593,4.0068447851694655,1.0,1.0,1.0,0.0,1.0,1.0,-0.7807276606501128,0.46797467512624213,0.40651675523472475,1.6066143706472082,1.41885525254385,2.22729608975638
1,5.218042513279649,2.221167071810814,2.221167071810814,5.964229632973687,1.0,1.0,1.0,1.0,0.0,0.0,0.484766687454905,0.7829658454766372,-0.8455029652414092,0.12892616048368555,1.2665598675036671,1.1382726850513158
1,0.7130603741602716,-2.187910234548774,-2.187910234548774,1.2033035284508276,0.0,0.0,0.0,0.0,0.0,1.0,0.6495287372937756,0.0143087114083007,2.9889506659007417,0.8463952709050249,2.144822367504439,0.2920701978761223
1,6.870244644611411,4.040760185642991,4.040760185642991,8.081382757708363,1.0,0.0,1.0,0.0,0.0,0.0,1.5708809687191354,0.5687559016895527,-0.01773110769148023,0.8430419881727854,0.614457841370589,0.5427623453142827
0,0.5648840678290492,3.1020926695122726,1.3126243980887564,3.1020926695122726,1.0,0.0,0.0,1.0,0.0,0.0,-0.09177510723347793,0.008794775203028626,0.38572553444925073,0.5717989940100557,-0.4195326164548763,0.7882441641223564
1,1.1700310127587636,-0.8548880250988211,-0.8548880250988211,0.1049556910862599,1.0,0.0,0.0,1.0,1.0,1.0,-0.3015454876206469,-1.6182503455621262,-0.6586121208245286,-0.7350554600220229,0.20228473677080494,1.1339735711204904
1,-0.007387998574949872,-1.8726785794576775,-1.8726785794576775,0.9137673003985538,0.0,0.0,0.0,0.0,0.0,0.0,0.35470333282791544,-0.7506267780668818,1.6568249294654926,1.2688018058504356,-0.5837655679589433,1.981141519070711
1,2.947357736070774,1.52594396468891,1.52594396468891,2.300202138651039,1.0,0.0,0.0,1.0,0.0,0.0,0.23023858317995227,-0.8681216262915115,-0.7096824643147985,1.2920465110860995,-0.08984377338165106,-0.27991609688184615
1,5.746914997745605,3.5616013751948596,3.5616013751948596,5.07053910845959,1.0,0.0,1.0,1.0,0.0,0.0,1.7958113975461019,0.44416184331197617,1.1241832991616982,-0.1921081545782184,1.3074156713827902,1.4233183142111334
1,2.4909940348636734,0.8136279244274762,0.8136279244274762,3.2992492892821277,0.0,0.0,0.0,0.0,0.0,1.0,0.688510062579004,-0.36507061222840753,0.7298093375864231,-0.6736533684306627,-1.477286747022453,0.6211061953132675
1,4.619607244392166,3.0188982749979494,3.0188982749979494,2.5908836834871445,1.0,0.0,1.0,1.0,1.0,1.0,0.7446861186389543,-0.32925006046393357,-0.8225873654392453,-0.4227268306573597,0.9281614249862884,-0.1717042193605074
1,0.5284367954708872,1.9378505970793978,1.9378505970793978,1.526205466665889,0.0,0.0,1.0,1.0,0.0,1.0,0.2821814310708456,0.44072684327521405,1.4792480992451265,-0.3469302399068728,1.8150515577681043,0.5400585145831897
1,0.9102457672660531,-0.7909261725546215,-0.7909261725546215,1.0245731205377626,0.0,0.0,1.0,0.0,0.0,1.0,0.23550114234161285,-0.0626560281184515,1.6578243673974569,0.3721787237116032,1.709137573797152,2.2080706916967006
1,6.340116137566709,5.716294997774701,5.716294997774701,5.569858277351437,1.0,1.0,1.0,1.0,0.0,1.0,1.1197598773070925,0.2691435463817604,-0.7953444053756424,1.5247238679325419,1.6764962365645983,0.4166447969928614
0,-0.5637185164069394,0.5741230575059011,1.1466243522784794,0.5741230575059011,0.0,0.0,0.0,0.0,1.0,0.0,-0.1360537665508681,-0.6572101952766485,-0.5189027686408711,0.7141427893124298,-0.9222399735269313,-0.41639729730681885
1,6.965104398755413,2.930362231293114,2.930362231293114,5.911263008536601,0.0,0.0,0.0,0.0,0.0,0.0,1.9915316620294197,1.4702674916559373,-0.23444258530556195,1.594978512146156,1.9087701586144317,1.9760546642080092
1,3.939257937885991,3.477458757048817,3.477458757048817,3.905905643826264,0.0,1.0,1.0,0.0,1.0,0.0,0.9987281902034928,0.1347465041213073,0.3416412842958192,0.40973804973492856,1.2527445034090632,1.2044447837612864
0,1.5673283405651948,2.004230539626669,2.3089236550594743,2.004230539626669,1.0,1.0,0.0,1.0,1.0,0.0,-0.46023248749444456,0.7247649404196908,-0.0814661449398909,-0.9862679253363293,1.500157928489052,0.6100119744824682
1,2.506846976501368,2.02778332301709,2.02778332301709,4.015920380575203,0.0,0.0,1.0,0.0,0.0,0.0,0.8412857302983034,0.2614393216339071,-0.19514554225538194,1.030130520096853,1.6201181250903218,1.699930518212354
1,4.350063127475241,1.5095768345607377,1.5095768345607377,4.678129364457382,1.0,0.0,0.0,0.0,0.0,0.0,0.3749154582537753,0.9905744509104154,0.7353474313421884,0.7069101272956777,-0.19636488155524323,0.7540209607415947
0,-0.7461923039234808,1.5513240110994158,1.2844276738921183,1.5513240110994158,0.0,1.0,0.0,0.0,0.0,0.0,-0.2601547214274448,0.18127645349423088,0.3271129988286555,-0.8692808002615262,0.8183078035209274,0.5223143412046108
1,0.5921255212622321,0.21716398513478663,0.21716398513478663,1.3083428775006614,1.0,0.0,1.0,0.0,1.0,0.0,-0.8950815911369376,-0.920635898754355,0.6617431276016126,-1.6868075493120491,1.4864287171826458,1.134417469029905
1,6.056898793100891,2.2675576554714185,2.2675576554714185,5.94623631426782,0.0,0.0,0.0,1.0,0.0,0.0,2.7028944047486823,1.4187526884149038,2.0984091904181184,2.207119565090737,2.0308147188472168,3.779328310388612
1,2.6996597961388784,1.60509288537016,1.60509288537016,3.2031491910360907,0.0,0.0,0.0,1.0,0.0,0.0,1.8296685936433241,1.5017394735233778,1.3020868858776824,0.5148124637659597,2.3186588159848256,1.7999620378423717
0,2.593196055111501,2.9396108616365346,3.112803180951958,2.9396108616365346,1.0,1.0,1.0,0.0,0.0,1.0,-0.301613487070142,-1.1804946488769064,-1.6345974805752284,-0.8668927849957262,-1.5263234198707503,1.0170987010702333
0,6.465199150428249,7.943885139809307,6.289426710732303,7.943885139809307,1.0,1.0,1.0,1.0,0.0,0.0,0.7979976064643356,2.697427251324924,-0.08272634784768718,0.8704565011327549,1.867360784168913,1.4850174524416506
1,1.6345085118174403,0.9388759224007703,0.9388759224007703,0.11943041340625327,0.0,0.0,0.0,0.0,0.0,1.0,-0.7607429568927397,0.441888031839081,-0.25318681025296963,0.7251977040236621,3.481865666457199,-0.5215666878614635
0,2.1742505921106066,5.516353657902295,3.334648708936526,5.516353657902295,1.0,1.0,1.0,1.0,0.0,0.0,-0.7225376231626905,0.4550496461619115,-1.0041905118017174,0.7412336032123784,0.37971307737895255,0.8582961691371376
1,6.916107097891164,5.0152905286912866,5.0152905286912866,8.485233735021739,0.0,1.0,1.0,0.0,0.0,1.0,1.1747846937532078,1.857167819825689,0.5564665625767855,0.5521928540105322,1.3852632861717018,1.197861284296129
1,2.629426379377145,2.606456546624405,2.606456546624405,3.05524698950269,0.0,0.0,1.0,0.0,1.0,0.0,0.22904974239209414,0.6452395266233519,-0.3237806143020837,1.9162390330246069,-1.8270492693741547,1.118488772275151
1,2.722181069364101,0.16252057404832249,0.16252057404832249,0.7936326490722013,1.0,0.0,0.0,0.0,1.0,1.0,-0.023551768884013224,-1.4298332874330868,-0.3206449227803255,-0.142721750636028,-0.0860651086924562,0.7053857632721187
1,1.5268141801540906,0.7526306576112679,0.7526306576112679,0.18665773708761968,0.0,0.0,0.0,1.0,0.0,0.0,-0.27321144045072776,0.9287766948658734,-0.45279300345090556,-0.40536379503144193,0.7751786209520162,-0.19808388189095982
1,2.2180336674601486,0.7005240765754941,0.7005240765754941,1.0629764710325802,1.0,0.0,0.0,0.0,1.0,1.0,0.2994380851670433,-0.18371953348412706,1.9344862096578448,1.4274001475401306,-0.1435131245134924,2.639138246131637
0,2.123991211595736,6.274612191213471,3.09643593296732,6.274612191213471,0.0,0.0,0.0,1.0,1.0,0.0,1.7988380589279787,1.8408219053640997,0.8833372752077122,0.9654905005394576,2.0086527372473038,1.6173484807843015
0,5.2718224428982925,8.203388819337961,4.1822477907287245,8.203388819337961,1.0,1.0,0.0,0.0,0.0,1.0,1.093458857044993,2.451466374193724,1.428225956103773,0.23965051037324836,0.3906394703872169,3.828704581219867
1,4.523537819301939,4.008990608644259,4.008990608644259,4.757601997204669,1.0,0.0,1.0,1.0,1.0,0.0,0.6098998498240766,-0.2414844290547835,-1.3984589611124365,0.6169145798871576,-1.6258230527441153,0.7826015241854969
1,2.586968282207159,1.246747514796332,1.246747514796332,2.655837432986138,0.0,0.0,1.0,0.0,0.0,0.0,0.0613213340233732,1.0489903827404918,2.0386149531326634,0.4912171032747775,1.1766927122420365,1.038115367689458
0,1.7497009468809455,2.7207526098745634,3.413257259093629,2.7207526098745634,1.0,1.0,0.0,0.0,0.0,0.0,0.11358990202520292,0.74362770037097,0.7604089116334565,-0.2722370243897868,1.5950976702872972,0.2375756376151753
0,0.4694672356911984,2.2133497274494354,0.5905993793834178,2.2133497274494354,0.0,0.0,0.0,1.0,1.0,0.0,0.257801544014189,0.9473020953494964,1.3298710535354972,1.9730927932669866,2.2501168760956625,2.7680733646594566
1,6.100923552172001,4.024056287894872,4.024056287894872,6.032717803975811,1.0,0.0,1.0,0.0,0.0,1.0,1.17118854056058,1.7606291147109943,0.3449310149725122,0.6166376917727314,1.3220948965338881,0.06318131732544396
0,-0.2119396820327335,0.7263295624911106,1.6691177175716214,0.7263295624911106,1.0,1.0,1.0,0.0,0.0,0.0,-0.14133504193048152,-0.6065436552454213,0.6646801285994999,-2.472322208910963,0.5265056073648667,0.0363567212787127
1,6.838982663472661,3.4644779288089635,3.4644779288089635,7.024094607889276,0.0,0.0,0.0,1.0,1.0,1.0,1.4781786661292682,2.284060914158608,-1.0135025999957719,1.0849207564352397,0.5769044744365734,1.8701641181827298
0,0.4438628669068069,2.913881560583742,1.9349817849687903,2.913881560583742,0.0,0.0,0.0,1.0,1.0,0.0,0.38343312567999455,1.0656090213560472,0.8262344182284014,-0.3811233256892198,2.3937430968492435,0.8265685856766049
1,1.4864926217030145,0.7509227136949208,0.7509227136949208,4.8473743579759,1.0,1.0,1.0,0.0,0.0,1.0,0.10571008109059526,-1.3476062680458532,-0.21662840614141543,-1.7622275654485602,0.8734213947633962,0.6948428664567888
0,5.239386126636487,5.904041703108871,6.1100937710192165,5.904041703108871,1.0,1.0,1.0,0.0,1.0,0.0,1.1327839551731942,1.0210901024959167,-0.3137068925573092,0.11252502541821341,0.2906205813931009,0.5286493265586335
1,4.385903206301573,3.775158879368762,3.775158879368762,4.550036944206935,1.0,1.0,1.0,0.0,1.0,0.0,0.27682482724504287,0.7119846072834642,-0.11168653047285337,1.3474817001504849,1.9552981269993939,0.2541917085451644
1,5.4194489258308405,3.9501455133299856,3.9501455133299856,6.243517223129438,1.0,0.0,0.0,0.0,0.0,1.0,0.8880649568705916,2.06751422357506,1.4217893668356103,0.9002858198328749,0.9381922807966862,0.987962841805986
1,5.385453637565118,3.531158535289312,3.531158535289312,4.144678522303739,0.0,0.0,0.0,0.0,0.0,0.0,2.751103818150031,-0.11929009333364937,0.43524571231940806,0.7381484426203602,2.8363018411836465,1.4071078675285476
0,1.7729494856564005,4.199749604185046,0.6045098213692698,4.199749604185046,0.0,0.0,0.0,0.0,0.0,0.0,0.8697300579343206,-0.6169824752646229,0.511687644501511,0.7535424058687054,1.941889654684362,1.1189396996737462
0,2.061865696290612,2.069348997243663,0.8217799460705159,2.069348997243663,1.0,1.0,0.0,1.0,0.0,1.0,-0.7169978626497278,-1.6726748591128882,-0.18229517217556257,0.14189894484906707,-0.5735491857486308,0.3971157099789595
0,-0.11061028837148101,2.5056599178132273,1.2022203113498644,2.5056599178132273,1.0,1.0,0.0,0.0,1.0,0.0,-0.33890699862728146,-0.017727712488621927,1.0100475043453934,0.0331993510662516,0.8896726504273259,0.9317761516688758
1,4.50100683763345,2.741884451536634,2.741884451536634,5.3710976582272405,0.0,0.0,1.0,1.0,0.0,1.0,-0.031112685723053368,2.1484587912118798,-0.10780372522908288,2.483385543885854,0.860616361976003,1.9651661189056815
1,4.277422923276225,1.5983818741607618,1.5983818741607618,3.418704475912319,0.0,0.0,1.0,0.0,0.0,0.0,0.7898627022953182,-0.45838413612179485,0.1741876056010055,-1.0030057132707422,1.1699629306926813,0.8959453062655767
1,-3.493010815204494,-1.2057378376365544,-1.2057378376365544,-2.3389925435200025,0.0,0.0,0.0,0.0,0.0,0.0,-1.3679974578745935,-1.044884508732629,0.5835445118048384,-1.7520921992243612,-0.2685460867838032,-0.23923119265732118
1,5.545129472417983,2.5666640717741704,2.5666640717741704,6.153204232559354,0.0,0.0,0.0,0.0,1.0,1.0,0.5951110507906777,2.606300275046532,1.5264975078902792,1.057890455292703,1.359584592336824,2.0643505392955213
0,4.7258736711883795,8.380297492858881,6.967398509427308,8.380297492858881,1.0,0.0,0.0,0.0,0.0,0.0,3.0477388087176305,1.2992659815474805,0.14103330909730782,1.6674286858266585,2.9749582431371886,1.2903837759792876
0,0.5408553228159034,0.18420562045013922,-0.24068327645930768,0.18420562045013922,0.0,0.0,0.0,0.0,0.0,1.0,-0.020288275687168844,0.29876845863717394,-0.5879427279714871,-1.5295796900134748,-1.0029066384788354,0.3721193883348126
0,0.2006705364033563,4.778706192105601,1.9534438499451694,4.778706192105601,1.0,0.0,1.0,0.0,1.0,1.0,-0.546552128935317,0.9030879087704953,0.9511206712077767,-0.3860374546764016,1.2566783842641307,2.3973174964831947
1,2.5658201167058623,1.7770710515883668,1.7770710515883668,0.9792017757793796,0.0,0.0,1.0,1.0,1.0,0.0,-0.5492584375516254,1.0420685843052375,0.9986223831360733,0.2578145514172411,-0.29763856902736086,2.216531010533485
1,4.747546156419081,3.7105454929803443,3.7105454929803443,4.262931832936561,0.0,1.0,0.0,1.0,1.0,0.0,1.9718429815892977,1.2028593112517139,1.366916153007355,-0.3515084233867569,2.6976160846024824,2.0592550495179145
1,2.979861672054601,2.318979873704218,2.318979873704218,4.675905036680394,0.0,1.0,1.0,0.0,0.0,0.0,0.2756174740594415,-0.3650868684982129,-0.5755920272773289,1.3549336425106602,0.9417278260820413,0.24997449252011372
1,4.991714694223463,0.33598900654891817,0.33598900654891817,3.334572679684091,1.0,0.0,0.0,1.0,0.0,0.0,0.5512763843627797,0.26048759266625987,0.8969561353931033,0.9510282728963124,1.583756325409416,0.2810771171473583
1,4.843039235589091,3.114810593939669,3.114810593939669,2.373341888505201,1.0,1.0,0.0,1.0,0.0,0.0,-0.8371471068877394,0.23925568264314984,-1.0815153135624154,-0.001983675500348392,1.6237341264601692,1.370555588065776
1,5.028004859834862,1.8017957522022388,1.8017957522022388,4.181808523713512,1.0,1.0,0.0,1.0,1.0,0.0,1.1997041562448119,-0.14459912466334424,-0.31721817580126077,0.20857347208310772,-0.12374666899907338,0.9830661189604465
1,3.676906343875426,1.8399899163613198,1.8399899163613198,1.1858977299581828,0.0,1.0,0.0,1.0,0.0,0.0,-0.35075744326403335,1.3400178358717334,-0.2591751440060611,0.44377834979739783,0.16102568757133984,0.03830968180850469
1,0.2692209758086226,2.6076116133499294,2.6076116133499294,2.458862335888359,0.0,0.0,0.0,0.0,0.0,1.0,0.8818665431404333,0.9867286648690817,0.9407368440907196,0.43533630105810295,0.11100697016977845,2.1349750627567485
1,0.5755450128481125,0.131642106396954,0.131642106396954,1.8270742214144815,1.0,1.0,1.0,0.0,0.0,0.0,-1.5345857098684568,0.1480581184553571,1.0979748814592736,-0.593402396377962,1.4675396834467516,0.3779063984320902
1,4.9027707825534375,7.3687002364545355,7.3687002364545355,5.1614425460961195,1.0,1.0,0.0,1.0,0.0,1.0,0.607749780415568,1.4822974808141396,0.8375818182184187,2.0107443392811737,1.9276018228665697,2.6621639501674257
1,2.402258236495312,1.3395687548374609,1.3395687548374609,5.3030853781941865,0.0,0.0,1.0,1.0,1.0,0.0,0.3421974106160446,0.7815994478561643,0.557089518918178,1.1467253660943788,0.7324259079120521,-0.34865756533314696
1,6.03109730013746,1.1379700125935317,1.1379700125935317,3.5902990308559364,1.0,0.0,0.0,0.0,1.0,0.0,0.9691771616046034,0.9014873596618893,0.9553083448187252,0.5740097634884936,1.335254929759354,3.0318464557834033
1,0.6330741329529653,0.5819811266026231,0.5819811266026231,0.7791624185697601,0.0,1.0,0.0,0.0,0.0,0.0,-0.9808676469920572,0.8323403600352184,-0.5601787014677777,-0.6303325109992286,0.8823868926730194,1.1990255938364092
0,4.65115810289194,5.274594197828716,4.085355339570321,5.274594197828716,0.0,1.0,1.0,1.0,0.0,0.0,1.2682526848107998,1.9654751874480931,1.6129163906465374,2.4997980122800465,0.7628856106547371,1.651171702962301
0,-0.43567164176640694,2.7376088902028997,1.6252509764853076,2.7376088902028997,0.0,0.0,1.0,0.0,1.0,0.0,0.49877576330511747,-0.047327656051606604,1.054739366654822,-0.1743516423709136,0.49608307782654004,1.7435058992203456
1,3.2965100334486457,-1.6022778808400955,-1.6022778808400955,1.741034113138983,0.0,1.0,0.0,1.0,0.0,0.0,-0.8473950511220598,-0.8390152644665387,-1.1879539615600594,-0.497294665915317,0.8025932242398954,0.3730490593412372
1,2.4543849202245362,0.7418769820024693,0.7418769820024693,1.6808904141228735,0.0,0.0,0.0,0.0,0.0,0.0,0.6617455875467488,0.20949386745285892,0.8347926951844737,0.7788076104612437,0.6177836114501705,0.3000644290429424
1,5.364859952080863,4.41866594601988,4.41866594601988,3.77070484903759,0.0,1.0,0.0,0.0,0.0,0.0,0.23947086344014828,2.0211565472388022,-0.6419146718254094,0.7862986204996274,1.627983051012046,0.2718119856262925
1,2.7357682214376675,3.0229234655264974,3.0229234655264974,3.271830332740034,0.0,0.0,0.0,0.0,1.0,0.0,1.2813549416157022,0.2707044378073912,-0.21208990102673797,-0.1535496360066798,1.503276452530018,1.0431284143054584
0,3.8779489077316085,6.950665077719032,4.228064629999279,6.950665077719032,0.0,1.0,0.0,1.0,0.0,1.0,1.2521377580330784,0.9206325200771122,0.43498015161526693,0.890522022815856,3.7385623810685855,2.2324816543210924
0,5.217104661163878,3.5555088393493834,3.0741597826365354,3.5555088393493834,0.0,0.0,0.0,1.0,0.0,0.0,1.7935239539602255,0.526156683569516,0.9676162429540209,0.7977323712350475,-0.2671695340793201,2.304612635580166
0,2.489471527551447,4.198161182951933,1.5325927620802464,4.198161182951933,0.0,1.0,1.0,1.0,0.0,1.0,0.13071696176148084,0.5499820574826021,-0.9648034195394946,0.03305197179353897,0.9684764928378841,0.39023232117633755
0,4.036169379806558,4.1720407645687345,1.8764853862453625,4.1720407645687345,0.0,0.0,1.0,0.0,0.0,0.0,0.807870267938477,0.8936290070170148,0.5600621118599846,-0.2895813683536358,2.083523598965388,0.669485929125863
0,-0.27642322204658976,1.5712651405287836,1.7293855613119673,1.5712651405287836,0.0,0.0,1.0,1.0,1.0,1.0,0.5698092261555079,-1.692023846246006,-0.17269203489951446,-0.6390596173581085,-0.24796310586670667,0.15677280644663183
0,0.1489865341321751,0.6590498637763096,1.5191152265761763,0.6590498637763096,1.0,0.0,0.0,1.0,0.0,0.0,-0.45818779503886253,0.5724734301925583,1.5905425767466856,1.541539722688602,2.281764730144633,0.982896005277399
1,5.2968129350473045,4.290365570073565,4.290365570073565,5.19828631425584,1.0,0.0,1.0,0.0,0.0,0.0,1.3073573426290572,1.7134928207069309,1.911554854679342,1.625597023844542,1.8307188826118748,1.7176794155491404
1,3.1851526179553784,2.4186971325252604,2.4186971325252604,3.515629807207639,0.0,0.0,0.0,0.0,0.0,0.0,1.598889330219307,-0.03296713337912793,1.198464963026032,1.842640178180819,1.5692974249157383,0.3027504412443942
1,4.161488780151605,2.344298601260588,2.344298601260588,1.4555908791728696,1.0,1.0,0.0,1.0,0.0,0.0,0.076575954418163,0.2830487130459861,0.7796210499449086,-0.08643852899267901,0.6412877095470402,0.4378559928448058
1,0.6345309200732389,0.4589482444259524,0.4589482444259524,2.474890596865425,0.0,0.0,0.0,0.0,0.0,1.0,-0.06264353464307115,0.7049056567096719,1.6049403140696983,0.371837984378188,1.843367712315794,2.246519004977304
0,3.1822277085854322,4.928664905977698,2.231412756231952,4.928664905977698,0.0,0.0,0.0,0.0,1.0,0.0,2.633006829425772,0.3141198433965361,1.8653390573849973,1.1200378698099507,2.3519679241981044,0.45115796132586883
0,-0.9855483686507003,1.570268619333963,0.42699073352693423,1.570268619333963,0.0,0.0,0.0,1.0,0.0,0.0,0.009582491293635309,0.38567606767506557,0.7422370059867186,-1.4199645200175848,0.8274225724151858,1.4781948497826505
0,4.315419550689822,6.652356565770086,4.31411920704165,6.652356565770086,1.0,1.0,0.0,0.0,0.0,1.0,-0.4135110135706429,1.1673396440298047,-0.9770229948864098,0.8769509769800735,1.0959984709006414,1.1678850615502823
1,1.9693503084695954,3.6983938283921014,3.6983938283921014,3.062861128071242,0.0,1.0,0.0,1.0,1.0,0.0,-0.49090574593236613,0.6708879333527407,1.4090956381545099,1.9403537342405477,1.1244051442790366,2.1133912818405562
1,5.962435610376287,7.217162024153198,7.217162024153198,5.910993916422935,0.0,0.0,1.0,1.0,0.0,0.0,2.7957080448488676,0.9903778650338582,0.06365027010675117,1.4350411944675179,2.163937549296822,2.5236541542669806
0,3.790665608439765,7.321950312069608,3.0258777233057184,7.321950312069608,1.0,1.0,0.0,0.0,0.0,1.0,2.2480840254396366,-0.45504443426296126,0.6356515374868941,-0.05812384778906554,2.837522567336031,2.343321423309328
1,3.4714896023849855,0.9425251753957586,0.9425251753957586,3.7025596882922125,0.0,0.0,1.0,0.0,0.0,0.0,1.4324720571223961,-0.7775673855744079,-0.6897193301954756,0.8133126630747941,1.1838970163130664,-0.4004657403914331
1,-0.39250150349570734,-0.6455472592285257,-0.6455472592285257,0.18524756229517692,0.0,0.0,1.0,0.0,0.0,1.0,0.36012133844038774,-0.19986183116656808,1.7666796669161018,0.11821866283289362,0.9955206847693645,0.036625457920860915
1,0.6096374202324246,0.4005122366014823,0.4005122366014823,0.07809127506688607,0.0,0.0,0.0,0.0,0.0,0.0,-0.8561977543953536,1.2448215647042078,0.20178344263038184,1.392242847649637,1.2032593217068834,0.5138286688982509
1,5.141748816843686,2.542305291577702,2.542305291577702,4.018548724326182,1.0,1.0,0.0,0.0,0.0,0.0,0.48031536286919413,0.7966075266188873,0.826504609936819,-0.5459630250195684,0.18163414193058247,2.1147614793678153
1,2.94598040937416,-1.2668295011828743,-1.2668295011828743,2.6588866094248518,0.0,0.0,0.0,0.0,0.0,1.0,1.474330233254204,-1.5088725413374884,-0.5993957196759065,0.8728928644102348,0.260060062661823,0.7231422894683527
1,6.73191530604246,3.2282994734538106,3.2282994734538106,4.268589523778527,1.0,0.0,0.0,0.0,0.0,0.0,1.0143802491573037,1.7329691024787206,1.3033254634790066,1.533587592258589,1.475871715235396,-0.23287167475889792
1,3.9005993022527496,3.1727722709688866,3.1727722709688866,3.490717396765511,1.0,0.0,1.0,0.0,0.0,0.0,1.120725652349329,-0.04986947394639807,1.486343350634017,1.015999103418614,-1.7478642976521335,1.2767603241777543
1,5.80957807077109,4.144228478814674,4.144228478814674,4.113705856940603,0.0,1.0,0.0,0.0,1.0,0.0,1.0953198359585645,1.1784804739445152,0.3304030067008037,1.4842293939589035,0.9837836977890672,0.5233878158498774
1,2.9210924439979715,0.09136559426834445,0.09136559426834445,4.872708268729525,1.0,1.0,1.0,1.0,0.0,1.0,-0.545661579511294,-0.1400263949661692,-0.10173376987327831,-0.32527949662650146,-0.6124402413866723,-0.20985015989152367
1,2.7602553237776775,1.2467979723983722,1.2467979723983722,4.655667386816007,0.0,0.0,0.0,1.0,1.0,0.0,1.9650144703076315,-0.9368417485394622,0.7785965042901222,-0.5275389259854291,-0.09220712473166337,1.971922118310982
1,3.245770704887602,1.0065813226114597,1.0065813226114597,2.307527103449711,0.0,0.0,1.0,0.0,0.0,0.0,0.027492223712392405,0.5952680449086933,0.22044607260837146,0.7546569197350207,1.1990692300091725,2.8984829680830297
1,6.610471621774053,6.7844598919307915,6.7844598919307915,7.069950078319784,1.0,1.0,0.0,1.0,0.0,0.0,0.9355891741649276,0.8021261538195764,-0.2811685982676231,1.9146809945897447,1.7892267421716994,0.36045938488953655
1,2.890993188766771,1.1771691290828596,1.1771691290828596,4.927783231840845,0.0,1.0,0.0,1.0,0.0,1.0,1.1659500661164504,0.6256578992292207,0.7590545269910398,1.0985551437788361,1.7576822831890109,1.4759839328528548
1,5.396905647592371,4.38246529776264,4.38246529776264,4.759309882893802,0.0,1.0,1.0,1.0,1.0,1.0,1.004119962673284,0.4478185340973416,0.7039617857458468,1.0588514289448812,2.690927550264095,1.3276547860296506
0,1.2849228141294549,1.5539385041462361,0.9603786946329553,1.5539385041462361,0.0,0.0,0.0,0.0,1.0,0.0,0.04731449226989887,0.0274955900838742,-0.19665402467269355,0.1895589922831017,2.754110076672483,1.353887567777378
0,6.603474743509692,7.5857641355011065,4.480984600965353,7.5857641355011065,0.0,1.0,0.0,0.0,0.0,0.0,1.6343916184122407,2.2688878343890737,1.729575478526077,0.2862528486675423,1.6298734252030944,1.771591393141455
0,0.7571569406529836,4.32774343588273,3.1070440824908205,4.32774343588273,0.0,0.0,0.0,1.0,0.0,1.0,-0.7335913419098323,3.1062465063858005,1.4945486938268266,0.7490241508400105,-0.024443916000532084,0.5836300600699171
0,0.3539243711167663,0.1581653839632453,0.8291253473047395,0.1581653839632453,0.0,1.0,0.0,0.0,0.0,0.0,0.9185557635477032,-0.544611526509664,2.2827517854525405,0.6442844664095972,0.09369720723233521,1.9178629751242067
0,0.4771756050588545,2.5252580940848137,-0.6031435381411983,2.5252580940848137,1.0,0.0,0.0,1.0,0.0,0.0,-0.7959143842117788,-1.5924922090978066,0.020128864209425612,-0.0666707173717227,-0.17868546506802652,-0.0233393122529022
0,2.7452862000281875,3.8969496474276126,2.0722894045876328,3.8969496474276126,1.0,1.0,0.0,0.0,0.0,0.0,-0.47285768606836776,0.4948667269420539,0.8084569391600189,1.3882614614003783,0.34933877526437684,0.6975857115148754
0,7.886659365207519,11.725613921237947,7.327092570042171,11.725613921237947,0.0,1.0,0.0,0.0,1.0,1.0,3.1451209164936573,3.8644787576937425,-0.5669611211139287,0.005882333318366739,3.5787395632299637,0.2806777361588154
1,1.6704215044599215,0.7582044784613426,0.7582044784613426,2.1529365602084534,0.0,1.0,0.0,1.0,1.0,0.0,0.0659600137607923,-0.5157721425780706,2.3293226582662556,0.7317674153859579,0.9135300784284164,1.2705721706628212
0,3.208586510322897,3.9969854259030813,4.313000073136452,3.9969854259030813,0.0,1.0,0.0,1.0,0.0,0.0,2.0865343669989995,0.266731505916426,0.4095252929545333,1.8115895089178091,1.075385365136999,0.26292077792261925
1,5.755604542625978,2.7133189116747674,2.7133189116747674,5.886588812826274,1.0,0.0,0.0,0.0,0.0,0.0,0.992150828505291,0.9663365982227297,-1.0713931158693135,-1.0247350925110648,0.6714494780276622,1.4684334039771354
0,3.805923136456588,6.574588115797095,4.348144594558108,6.574588115797095,0.0,1.0,1.0,0.0,0.0,1.0,2.3344870459613096,1.3393782287569893,0.8805054777815863,0.23003865038318916,2.3987992331600285,2.438725266856612
1,1.734778029125887,-0.6543048726585949,-0.6543048726585949,0.9282602819434183,0.0,0.0,0.0,0.0,0.0,0.0,0.2694916338445011,-1.6154493000357872,0.9616980296304375,0.5624034208248372,1.2072350356060824,1.5055967137298807
0,2.3652906047575977,2.910896359593769,1.387996258124226,2.910896359593769,0.0,0.0,0.0,0.0,0.0,1.0,0.35350112491434943,1.2065523116249386,0.09645044545282605,0.6889257569551175,1.9805723761738108,0.7054808264006194
1,2.717417108427481,1.4336751897839184,1.4336751897839184,2.499557719528011,0.0,0.0,1.0,0.0,0.0,1.0,0.5371022335155691,-0.28067207928388427,0.6383691714913982,0.7079194223451134,1.2537501409261584,1.7354330429159053
0,3.271136836432025,6.88108718712618,3.909466723625416,6.88108718712618,0.0,0.0,0.0,0.0,0.0,0.0,2.0217738628213704,2.0855449653276636,-0.030368540154519286,0.8470907056403756,2.2573295031646077,1.7975353895736959
1,3.2573592799408964,0.49309229186382697,0.49309229186382697,4.119020993824747,0.0,0.0,0.0,0.0,0.0,0.0,0.9730689340314278,0.8214398339029834,0.4192781227099952,1.3705925126270209,-0.013907576708503067,-0.5591891666532096
1,3.916476227632737,1.2010963232980543,1.2010963232980543,4.443256106341687,1.0,1.0,0.0,0.0,0.0,0.0,0.1711551396924002,-1.1051752613401828,0.625223090380159,0.3366993204581974,0.42882451319623416,0.4221586905527962
1,4.390966952275992,1.0496633616422995,1.0496633616422995,1.351512366496993,1.0,0.0,0.0,1.0,0.0,1.0,0.5765371049739246,-0.7579513443367332,-0.965654236620811,-1.0566577916495836,-0.3959286913925668,-0.09054994648928139
1,5.9327238183557744,4.080932707854348,4.080932707854348,3.452511793387274,0.0,1.0,1.0,1.0,1.0,1.0,0.987724709701125,1.1147993290899265,1.583025608953267,1.2067586429954564,0.5215950000667859,0.968205061549045
1,6.655913411604507,6.111348791566948,6.111348791566948,6.7753705797876655,1.0,0.0,0.0,1.0,0.0,1.0,0.7136224682393183,2.1732753299368834,0.6176458829811792,0.22685607150001919,0.7484656982620804,1.1211145637264166
0,1.854527895739536,3.1734548868607217,0.6969141229444864,3.1734548868607217,0.0,0.0,0.0,1.0,1.0,1.0,0.6751473567577715,0.7825816020099092,-0.6596222486319971,1.0109938099456688,0.7917339191217934,0.8560288851059419
0,-2.1211971174473114,1.333877802933785,0.40608377517692207,1.333877802933785,0.0,0.0,1.0,0.0,0.0,0.0,-0.3909537981242628,-0.8514993612912665,-1.2334216447608144,-0.7502963225145618,-0.5829641885293315,-0.9834346217664891
0,-1.1716464278756327,-0.4549139630269792,-0.9683220419643281,-0.4549139630269792,0.0,0.0,0.0,0.0,0.0,0.0,-0.2880302872225854,-1.2874452996168326,0.34630214131310844,1.4798463718394235,0.06890817687445483,-0.43877715661398886
0,1.2458084104358162,2.6272821109721836,0.9063611649887799,2.6272821109721836,0.0,1.0,0.0,0.0,0.0,1.0,-0.3075830850006588,0.6188207766801944,0.25680031997501096,1.0333989719225203,0.6327851427280587,1.4053926931365788
1,4.042042501233575,0.5961689830671499,0.5961689830671499,0.8512685036308203,0.0,0.0,0.0,1.0,0.0,0.0,0.9838867898992463,0.6785574241789425,-0.2810630558925328,0.8986004024530179,-0.17600002246866797,0.7998693801426251
1,3.2366531129590954,-0.005519573140412293,-0.005519573140412293,2.7700127113287936,0.0,0.0,1.0,0.0,0.0,0.0,0.30855843267033045,0.19950612900258213,-0.30643861091414226,0.5237930483446054,1.3820505582821387,0.3562822211097131
0,1.947370924473355,5.710912382843576,2.6131153529592797,5.710912382843576,1.0,1.0,1.0,1.0,0.0,0.0,-0.1874979845207423,0.5241024461804841,-0.4315282419518891,1.5703595703386244,0.3571596883663848,1.487790879022658
1,3.2997216611206284,3.5517619718242806,3.5517619718242806,4.158225042069559,0.0,1.0,0.0,0.0,0.0,0.0,2.3420204860292024,-0.014554541931693143,1.8516390460712084,1.2431216372060743,1.5381185260956125,2.523641815817955
1,4.832217847988297,3.6213858703354225,3.6213858703354225,5.25738730495483,1.0,0.0,1.0,1.0,0.0,1.0,0.3557483537549232,1.235630656499225,1.7899204039176435,1.7104618023962095,2.243948698788973,0.7348139591163735
0,5.74478828293152,7.9759191265094795,6.072606956057879,7.9759191265094795,0.0,1.0,1.0,1.0,0.0,1.0,3.033639024302522,1.5510768215880464,2.6972365877016955,2.2624663249188677,1.9644625824295452,2.2481982487064003
1,2.7424638498946345,1.6243851637513222,1.6243851637513222,2.7747186606338454,0.0,0.0,1.0,0.0,0.0,0.0,0.9099614412219782,0.9257829514283515,0.8296588018034408,0.2757922213774534,0.109646708560732,1.3417450656940433
1,7.443944933602535,4.434673616765632,4.434673616765632,5.510151614680023,1.0,0.0,1.0,0.0,0.0,0.0,1.5296423497605527,0.3319209442791756,-0.6234304643427677,-0.4742619052798722,-0.34727331145743356,1.1178993320205435
1,3.804922178044842,3.0256693054576718,3.0256693054576718,6.08398980547157,1.0,0.0,0.0,0.0,1.0,0.0,1.4465611779520633,0.23594715639251118,0.4770743370247107,-0.44216718813908085,2.370688156509141,0.7625228138109129
0,1.1193972636646123,4.733205071168323,4.552528336543913,4.733205071168323,0.0,0.0,1.0,0.0,0.0,0.0,-0.13241034180819466,1.8657968026145348,0.5746489340887944,2.156243324260946,1.9277378981782212,1.68310903902507
1,6.0610962225258564,2.9371645860227926,2.9371645860227926,4.439046024527304,0.0,1.0,0.0,0.0,1.0,1.0,1.9101151964751708,0.5561474876593838,0.19025599649661729,0.4395226524045042,0.4113298644927399,2.4680461750089275
1,3.9888675710666854,2.4264157783579936,2.4264157783579936,3.9958693484940078,1.0,0.0,1.0,1.0,0.0,1.0,1.1466035786423743,0.263411885303926,2.090927769971622,1.971837991413672,0.757277488584298,1.546088084530234
1,3.5260355636549594,1.2392929859001227,1.2392929859001227,2.767047685569147,0.0,1.0,0.0,0.0,0.0,0.0,1.1940233547656716,0.33750577989986474,-0.29200482239448955,1.1022236107451935,1.0224237024845022,0.00831623834935269
1,4.503900418792113,1.7751547191146873,1.7751547191146873,2.432322415650741,1.0,1.0,0.0,0.0,0.0,0.0,-0.327493633885667,1.8262144206514423,1.401636216869072,0.007124630844045687,1.4477021823764655,0.8591017717669076
1,7.527652218357948,2.5656374473102033,2.5656374473102033,4.431093986377279,0.0,1.0,1.0,0.0,0.0,1.0,0.4298294890304122,2.025252320061524,1.1207035109315922,1.1755835362827531,1.2283935658147564,0.17293821229894912
1,0.933574396457513,-1.0401413587683197,-1.0401413587683197,1.1373859581480108,0.0,1.0,0.0,1.0,0.0,0.0,0.735333490789978,-0.5686012583355353,1.1639297129692658,0.5322153861591253,1.478844304147766,2.281345852926528
1,4.613797415383792,2.8049698388237276,2.8049698388237276,5.467447449283216,1.0,0.0,0.0,1.0,0.0,1.0,1.3829118073787954,-0.12075562351129399,-1.5091136751363177,-0.2472650152242979,1.6381489686713042,0.9341969376505449
0,5.320065834086626,8.081469748087647,4.713141288618899,8.081469748087647,0.0,1.0,1.0,0.0,0.0,1.0,2.3432188505033915,1.5489330072115468,2.303861995079151,2.323555807368578,3.0232001743914485,1.3998191992774591
1,8.104123505334137,6.924563237259555,6.924563237259555,5.631053041430226,1.0,1.0,1.0,0.0,0.0,0.0,1.3462273839083727,1.4544035938799311,1.4536431082463204,0.5645586398073897,2.522808347395265,1.6096688723216
0,4.002634304488274,5.146609698966312,2.589823516714644,5.146609698966312,0.0,1.0,0.0,0.0,1.0,0.0,1.9469045855526124,1.4143112208825266,1.519977263139682,-0.18122119408077797,2.472360099996507,1.059422808743391
1,7.967465786952049,4.571606044435654,4.571606044435654,7.010965766441791,1.0,1.0,1.0,0.0,1.0,0.0,0.1546438769702822,1.8138154370137758,0.306251319627832,1.8237003054219503,1.4269494672578626,1.3258653172904886
0,1.7672459506660736,4.169120703742674,2.4991311212547633,4.169120703742674,0.0,0.0,1.0,0.0,0.0,0.0,0.46645910049857947,0.9849215505400762,0.023747581184106137,1.4056715224160508,0.5292533978135221,0.1814339317569813
1,5.335283155594228,3.111578185413858,3.111578185413858,5.313325770960135,0.0,1.0,1.0,1.0,0.0,1.0,0.6950130592115906,0.3200961528845725,1.0256428622985072,2.575414794158906,1.5048704133569455,0.6515400190718514
1,1.5384881997608941,1.1089176408265067,1.1089176408265067,3.3180116516641043,0.0,1.0,0.0,0.0,0.0,1.0,1.0267810694232344,-0.5672967183639412,1.4314214836568793,0.631347431024584,0.5056314606176247,1.0430514941236235
0,-0.8336498814564322,-0.3739170926458011,-1.4529305402493793,-0.3739170926458011,0.0,1.0,0.0,0.0,0.0,0.0,-1.3224417995880207,-0.7089742724079782,1.5964018389278556,-0.319142993036414,0.8710639994392818,1.1694781450989966
1,0.44501719812482343,-0.1510346448388734,-0.1510346448388734,3.50662232397144,0.0,0.0,1.0,0.0,1.0,0.0,1.4341986500554795,-0.7335516471314527,2.3666311867637218,-0.036964822663858365,1.4771215785564504,0.6390020674027523
1,3.703575651360947,3.2980007715695363,3.2980007715695363,2.253021804370376,1.0,0.0,1.0,0.0,0.0,0.0,0.7188756534345271,0.5470406674372886,-0.3131797977781293,0.4795051810038473,2.3693807327126475,0.751701007791176
1,4.352075656527732,4.352361812621149,4.352361812621149,5.362584739329715,1.0,1.0,0.0,0.0,1.0,0.0,0.3496393985733678,0.5806163085230616,-1.1452107558940199,0.7678725949454821,1.6088914787711004,0.6405294180699002
1,5.84589779142633,3.4325500222621708,3.4325500222621708,4.100454790266155,0.0,0.0,0.0,0.0,0.0,1.0,0.6645392414674001,1.4197533209901232,1.3027935644137454,2.0864466430702375,1.6430151335377507,2.124395812681337
1,1.9852761595968622,1.6976119836997632,1.6976119836997632,1.6988154430696758,0.0,1.0,1.0,0.0,0.0,0.0,0.0805521812898905,-0.16696202266902604,0.2506303564929902,0.5712224086878904,0.532236282956523,0.11439417758390391
1,3.73090905411394,1.7625658892889162,1.7625658892889162,4.316861820546683,1.0,0.0,0.0,0.0,1.0,1.0,0.6346842545994362,0.6625008445084253,-0.3491382038640026,-0.0617540936038764,0.41300034853518075,1.0814796252572818
1,1.8607778815522131,0.14645593681411406,0.14645593681411406,1.5135249349732638,0.0,1.0,1.0,1.0,0.0,0.0,1.875005026083722,-0.36079940280632006,3.3410037952597786,0.6321201293985945,3.088502979978501,1.4363126338654324
0,-1.2986646029545346,-0.416209813101702,1.0849714949791234,-0.416209813101702,1.0,0.0,0.0,0.0,0.0,0.0,-0.46311922223286606,-1.0373229644225828,0.9010345823030848,-0.05110732291328912,1.1245414256741986,1.2056595541824497
1,6.118686876300098,3.726966344605206,3.726966344605206,5.575638411269321,1.0,1.0,0.0,1.0,0.0,0.0,0.36489471569344367,0.888430253173006,0.7845031439185148,-0.07911178926989904,0.9566413275277893,0.5608173377153278
1,4.8598088694323724,1.1999203815149224,1.1999203815149224,4.0514420142909175,1.0,0.0,0.0,1.0,0.0,1.0,-0.03557712914803146,0.5932974388954376,1.2651028259542856,0.9188813135675211,0.9213882675541016,-0.2601226603991238
0,-0.4187477993973747,0.3589617496956832,-1.7582983842124746,0.3589617496956832,1.0,1.0,0.0,0.0,1.0,1.0,-0.6940250532398877,-0.4638182265808042,0.9760900750964978,0.29408943880160776,0.6322879002592209,-1.5172536012445974
0,4.051041175819548,6.596918651360737,5.094636853674343,6.596918651360737,0.0,0.0,0.0,0.0,0.0,0.0,1.9604710359521502,3.033347838077609,0.9659790848107488,-0.8321654636157461,1.7424046509276967,1.4549875423282526
1,5.68985045335647,2.548803425789302,2.548803425789302,4.958325175905447,1.0,1.0,0.0,0.0,0.0,1.0,1.446013547952281,-0.10207631536557227,0.3883689072046457,0.9854162821047762,-0.3446478621468838,1.5338154098239678
1,6.456820826327782,5.32428614070142,5.32428614070142,5.098324413668866,0.0,0.0,1.0,0.0,1.0,1.0,0.7305108832288876,1.9563705884561964,-0.3150612686978883,3.191254074267898,1.3679613245185294,2.7118124994904376
1,2.2993247391195264,1.8328076701254123,1.8328076701254123,1.854834210439022,0.0,0.0,1.0,0.0,1.0,0.0,-0.13359923657031025,0.9123175048758756,0.30385064725840333,-0.6741290113976843,0.39832815589811776,0.8972586417465063
1,4.7227207622561,4.321757139050944,4.321757139050944,5.379355288890386,1.0,1.0,1.0,1.0,1.0,0.0,0.5854374963585266,0.10894396748815549,0.5925024001597822,0.6717745626526672,0.06603933969587916,-0.05131291092395762
0,1.7199352562152939,3.4682222647928187,1.7617910330722608,3.4682222647928187,1.0,0.0,0.0,0.0,0.0,1.0,0.2677156013838405,0.35934380623462714,0.7772398164601804,-0.3934664801138068,1.3287354797445463,0.6427418506475603
0,0.7461782467645756,1.862592180239389,1.016011506560834,1.862592180239389,0.0,1.0,1.0,1.0,0.0,0.0,-1.1954414761337977,-0.5023905843393097,-1.137666554349684,1.3749312482956624,-0.15390420048245756,0.47131279212786914
1,2.610969220999659,2.089753386109374,2.089753386109374,2.960916987151982,0.0,0.0,1.0,0.0,0.0,1.0,-0.3392958975241551,1.0379618897323677,-0.06087705135043597,1.3539532362910618,1.1713114717786874,0.5545912334858669
0,5.347117786868192,7.756778210677922,4.004502495732709,7.756778210677922,1.0,0.0,0.0,0.0,0.0,0.0,2.3047456591853415,1.4939036209972825,0.5438384644175458,1.7505961135903487,3.7714115898384986,2.5961743048887094
0,2.9248851034217935,1.4672941632747805,-0.26519041883439876,1.4672941632747805,0.0,1.0,1.0,0.0,0.0,0.0,-0.02781630692581627,0.16296538779960495,0.19287205934724494,0.300055842259369,0.27142289594865776,0.5337478875383836
1,5.766798711393492,3.692354775830026,3.692354775830026,6.926835017869204,1.0,0.0,0.0,0.0,1.0,1.0,1.274640455285915,0.8405496688078187,0.6198810544563904,1.0552176367427912,0.26800711577729275,0.6555310793839292
1,2.7894933777597912,1.9846869615820977,1.9846869615820977,3.5882321603708967,1.0,1.0,1.0,0.0,1.0,0.0,-0.5198387865754583,-0.45247874743417515,-0.29515487711293664,0.43552811661507296,1.4896874970501892,-0.32725428128386236
1,2.631425585810262,1.674888493580002,1.674888493580002,3.796633410352438,0.0,1.0,1.0,1.0,0.0,1.0,0.48060148104237765,0.3150029893848424,-0.9417162456159973,-0.8836976110641717,-0.552089278620683,1.2657115236546006
1,1.1881279919535461,2.065383533586196,2.065383533586196,1.3510129925081964,1.0,0.0,0.0,1.0,1.0,0.0,-0.5135020724527208,1.0851968355566988,0.95980831032265,0.11613258172239332,1.1647842718441819,2.7608914117395584
1,5.637219346582344,3.917077110583723,3.917077110583723,7.731109351311813,1.0,1.0,1.0,0.0,0.0,0.0,0.41675537011203906,1.3370118396776591,1.7817559958023497,1.8224928335109838,1.6693096159664058,1.670119391280715
1,-0.18192454090320903,-4.303679088774112,-4.303679088774112,-1.92157769873488,1.0,0.0,0.0,0.0,0.0,0.0,-1.5581671349363098,-2.8533704766501264,0.08814660496260862,-0.6156092619031432,-0.07427958756668662,0.8025728616654023
1,5.895039648881831,6.318976909174661,6.318976909174661,6.37385219891582,1.0,1.0,1.0,0.0,1.0,0.0,0.8207950750758084,0.9222753742981198,-0.7867075478839212,2.724400860464728,2.1172227827662873,2.2255445764267363
1,5.1148655029365235,-0.020546552406666585,-0.020546552406666585,3.1167534741575675,1.0,0.0,0.0,0.0,0.0,0.0,1.976759033151543,-1.9198033879072383,0.8014854371033164,0.7135701574563211,0.7687484421263605,2.9887076879560697
0,2.83410574643522,3.0691833581984818,1.6031299081765753,3.0691833581984818,0.0,1.0,1.0,1.0,0.0,0.0,0.5185350711382648,-0.5543573925907084,0.05597076758912384,1.7321722145535865,0.8916102059851914,2.9824288612666283
0,-2.32887830716656,0.11746258269046839,-0.10768711082150673,0.11746258269046839,0.0,0.0,0.0,0.0,0.0,0.0,-1.0223173610331737,-0.14183741072943667,-0.38402863286476796,0.5227433077778774,-1.1530832165071399,0.7239741073920056
1,3.2981358115705244,0.7634811909897642,0.7634811909897642,2.101167171903296,1.0,0.0,1.0,1.0,0.0,0.0,0.0466880421472054,0.42068714176777644,0.2553026763997534,-0.7653801473424142,-0.12344822460422966,0.4383051793496411
1,-2.303794351613822,-1.3852693034526213,-1.3852693034526213,-2.9104529745889165,0.0,0.0,0.0,0.0,0.0,0.0,-2.064349507024004,0.23567416828741622,1.1664390069542399,1.2766492060131265,-0.06640930716065552,-0.03903270217225385
1,4.388633819296447,3.1779613890007044,3.1779613890007044,5.403965476023824,0.0,0.0,1.0,0.0,1.0,1.0,2.0890003814438907,0.8660832098325933,1.9573916774101543,2.076923855797354,0.7025854349947034,0.48195475108794517
1,2.1924653001278425,2.286433331373746,2.286433331373746,5.100179697583572,1.0,0.0,0.0,0.0,1.0,0.0,0.9129377746264373,0.03199422117453676,2.3879157996460383,0.13441702557036916,2.0125243132657245,2.608592679167675
1,5.610780443037494,2.3099182213426577,2.3099182213426577,7.071843021442378,1.0,0.0,0.0,0.0,1.0,0.0,1.0876534592234788,0.8441911789434507,-1.0739858180526762,-0.35084485619102024,0.2559966999108534,0.5302540103031096
0,2.840597245034445,4.686703846588463,2.1336780114605025,4.686703846588463,0.0,0.0,1.0,0.0,0.0,1.0,1.6100787473561566,0.3853715966854723,0.5919059473811235,0.8930237505362323,-0.19148112665323014,0.6967284732976426
0,5.0499862449047574,7.843725567036584,4.213277996299675,7.843725567036584,1.0,0.0,1.0,1.0,1.0,0.0,1.860862868995769,1.5211496820444905,2.238892846835708,1.9155159029864726,2.399847096644119,1.4616360540876472
0,7.802556204313579,9.545247667652733,7.327752627044582,9.545247667652733,1.0,1.0,1.0,0.0,1.0,1.0,2.39769492180266,1.956732925114408,0.9872858284790823,-0.1838462525123521,1.9874238203964427,2.4799818566308165
0,1.632999972014956,3.1173405264876113,2.269060092468869,3.1173405264876113,0.0,0.0,1.0,0.0,0.0,0.0,-0.37287160480211967,2.24414278845827,1.7900978165904111,1.714174684577809,1.0464442793610078,2.588539159580545
1,6.202629248728185,5.174358631035223,5.174358631035223,6.547350984048639,1.0,1.0,1.0,0.0,1.0,0.0,1.1779613126498059,0.3032308176977747,-1.547160672185572,0.571946872330484,1.4510718462331373,2.637801935196271
1,3.4816442948993176,4.249934171152407,4.249934171152407,3.593103421809805,1.0,0.0,0.0,1.0,0.0,0.0,1.2427675262865168,-0.36880165704729495,-1.8200223312465247,-0.348357577734959,0.32102416027062386,-0.325838415459359
0,6.9691849328646835,8.747036315990595,6.832786680752364,8.747036315990595,0.0,0.0,1.0,0.0,1.0,1.0,2.985948830710728,2.0551020083564664,2.2610243153256406,2.9629353628224964,2.415175180770797,1.837153452459643
1,3.81097540694961,0.7431875241062036,0.7431875241062036,3.552535654623939,1.0,0.0,0.0,0.0,1.0,1.0,1.226324031924001,-1.019310142176221,0.4683767984379036,-0.32642943819890347,1.4637735952460207,-0.9645249919677883
1,7.974161888472379,4.574097153878295,4.574097153878295,5.455683647929576,1.0,1.0,1.0,1.0,0.0,1.0,0.6647039770814765,1.4049583235851975,0.5801608532354632,-0.24418185207584053,-0.15397280074132658,1.3974845111008727
1,1.2108502877306049,2.6980463550642755,2.6980463550642755,2.8214849230004937,1.0,0.0,1.0,0.0,0.0,1.0,-0.05083068229995802,-0.44619339989597706,-1.9465931987346377,-0.41006551074602826,-0.4769435626977001,0.3875410690512052
0,1.8639464199667308,4.40484948131216,3.621414188654722,4.40484948131216,0.0,0.0,0.0,0.0,0.0,0.0,0.6225224179778085,2.1135424952955235,1.5344777157671388,-0.2540338001602991,2.6654395249373994,1.8166447744340297
0,5.253502608238649,7.398887530851228,5.0148399555444225,7.398887530851228,1.0,1.0,1.0,0.0,0.0,0.0,1.975335607706296,0.8565405425270433,-0.5488494514219064,1.165535218455278,0.3555386099948934,3.213392952465897
0,3.1243871776164287,0.9435238738584071,2.1862466882868077,0.9435238738584071,0.0,0.0,1.0,0.0,1.0,1.0,-0.6848194307690489,1.2126687829132918,1.1065806727085756,1.0770780813334262,2.4438304076417188,2.5356452747474085
1,1.9657693794573043,1.4853156097933566,1.4853156097933566,3.60817518774316,0.0,1.0,1.0,0.0,0.0,1.0,0.7878420014462018,1.0339426259504805,1.216861316542997,-0.535918400527053,0.5195185741540155,1.8769652614961994
0,2.4583571892493783,4.722931976592447,1.1977009509584464,4.722931976592447,0.0,0.0,0.0,0.0,1.0,0.0,0.6157571480077085,0.7841834534359141,1.1113200986745326,1.5000910083018055,1.66135848712862,2.5313007547170954
1,2.8075691047697138,3.6891290931124185,3.6891290931124185,5.38823081691847,1.0,0.0,0.0,1.0,1.0,1.0,0.7080237882705868,1.6067981749125502,1.4028161435085456,-0.5346861752675394,1.4874942775613085,0.603333529027397
1,2.2712556106932635,1.2752504010003551,1.2752504010003551,3.376449566712528,0.0,0.0,1.0,0.0,0.0,0.0,1.8316607548890906,0.1303967543388952,1.0994043153148105,-0.11959366555579787,0.8143527614955236,-0.3784042623590411
0,-0.7108753873202577,2.4234958939966815,0.7512415428294676,2.4234958939966815,0.0,0.0,0.0,1.0,1.0,0.0,0.39277841612006476,-0.18818053374884802,-0.0532145928851131,-0.1160158375275242,0.9827337084679135,1.1405964216732551
1,2.519050945862845,1.971054516139746,1.971054516139746,3.571106541312325,0.0,1.0,1.0,0.0,0.0,0.0,-0.3561607075598091,0.658001905705869,-0.40747756466173923,0.11925865278659847,0.9646646049784726,1.0209643340667112
1,5.006035610139022,2.098214533859281,2.098214533859281,4.751861299598131,0.0,1.0,0.0,0.0,0.0,0.0,1.2872125459557382,0.854237678848929,0.7307526086130623,0.26710948543163926,1.4970097944065628,1.1525528002618342
1,-0.5954847485592788,-0.10392891887787503,-0.10392891887787503,-0.4793725678349468,0.0,1.0,1.0,0.0,0.0,1.0,-1.7052824211746977,-0.15870074453969585,0.13147801633583328,-0.4418807743586507,-0.4090475701262575,-0.06213501200603133
1,4.814583462574908,2.541039570362314,2.541039570362314,5.473354050810958,1.0,1.0,0.0,1.0,0.0,1.0,0.07405469408236492,1.113662220392313,0.5999512765072282,-0.501622355613065,2.5479767324311076,-0.12322666619936107
0,1.4104386769947914,3.1807256278622313,1.5371110439837756,3.1807256278622313,0.0,1.0,1.0,0.0,0.0,1.0,0.29775576481176624,0.23737374946383893,0.2534528880607756,-0.04643947652431635,1.1087741784285612,0.33482475232785336
1,1.5610707807006574,0.06833476633660251,0.06833476633660251,-0.9294916934446,0.0,0.0,1.0,0.0,1.0,1.0,-0.6381319865974937,-1.3401709633360996,0.9069598682391822,-0.2046539052875882,0.6515537041611876,0.5337802737249238
0,-0.46597571529724857,2.9382154815626915,-0.9696326787302427,2.9382154815626915,1.0,1.0,0.0,0.0,0.0,1.0,-0.25510230010569346,1.148949366940301,1.8447463851478676,-0.049938419008937585,0.6377064692922191,0.7974207344155179
1,1.8227687438526226,1.2762635744253146,1.2762635744253146,1.9700577238268047,0.0,0.0,1.0,0.0,0.0,0.0,0.42600140610620196,-0.6130736857946011,-0.866309876632033,-1.9245259759502433,1.0662612142645826,0.6180736586244597
0,0.7472044704213618,0.061649943747385416,1.6887685057439232,0.061649943747385416,0.0,0.0,1.0,1.0,0.0,0.0,0.3269017145963179,-0.19803424760563537,-0.5855239942923567,-0.723880649035221,2.3547143176623337,0.5100954584667696
0,-2.500894417127732,-1.0329896925401496,-2.5488125743569414,-1.0329896925401496,0.0,0.0,1.0,1.0,0.0,0.0,-1.2111586678113149,-1.2678696089666976,0.7984143760162741,-0.7058436782381614,1.5640723197539508,-2.095992392183608
1,3.953838303699886,3.4297457490196495,3.4297457490196495,1.9518352519703337,1.0,0.0,0.0,1.0,1.0,1.0,1.1970448965141465,-0.49250441498442266,2.0746771584308457,1.5246655825853739,0.5146808443235438,1.107184729516971
0,-0.3846273921849839,2.718400964054215,-0.7038320653248897,2.718400964054215,0.0,0.0,1.0,1.0,1.0,0.0,-0.18928131041398966,-1.620205987550304,-0.14056942191409294,-0.5331254745767897,1.974405168378496,1.7070249468273468
0,1.1898405690071392,1.3154807024558637,0.2919079317720101,1.3154807024558637,0.0,0.0,1.0,1.0,1.0,0.0,0.8295765950142214,-0.4946445306021272,1.1084664278000322,-0.4550542377466673,0.19290602043958693,0.14403746238176307
0,0.393175419727458,1.1656895921065948,0.37472468609832743,1.1656895921065948,0.0,0.0,0.0,1.0,1.0,0.0,-0.7744109057423016,1.3210333720320702,0.2977840463350788,-0.5401744991177242,0.19992830805053619,0.72460994567222
1,-0.43181447950154306,0.30089010882640066,0.30089010882640066,0.9886318400297066,0.0,0.0,0.0,0.0,1.0,0.0,0.6917067034581268,-1.2991926954214974,1.2930106190833346,0.3034127590201219,-0.7168465093352632,1.3613236936303104
1,9.126323325174987,5.630799389786742,5.630799389786742,10.308576584369964,1.0,0.0,1.0,1.0,1.0,1.0,1.6216185287299112,2.907544323684941,0.8912898633460926,1.637517575760013,1.610973968366367,-0.017605334642833537
1,6.85535243815154,2.68789793239821,2.68789793239821,4.374624935445207,1.0,1.0,0.0,0.0,0.0,0.0,0.8324154615698771,-0.09108961418846817,-0.3591041985868242,1.0519161763043254,0.3689957691455281,2.117322252030723
1,5.50650040024371,1.3072376004513901,1.3072376004513901,3.8430905267059345,0.0,0.0,1.0,0.0,1.0,1.0,0.47616533906440733,0.5581672817953143,-0.15137465124175176,0.4512676425902192,0.6389337465798658,1.172795107627067
1,5.256537424448504,3.7514268380473164,3.7514268380473164,6.329011687021321,0.0,1.0,0.0,0.0,1.0,0.0,0.6389088600276571,1.52611221156321,-0.6852373834393386,1.3552515189532133,1.8805608134717253,0.21340845588892843
0,1.6244258736015962,4.4171476300923445,2.093454397774868,4.4171476300923445,0.0,0.0,1.0,0.0,0.0,0.0,0.7601909909581952,-0.12295259615763543,-0.2924530831727492,1.8688461553037468,0.3858126871440969,0.9121558113132553
1,1.2440602487629855,0.3535593031462111,0.3535593031462111,0.803915073924707,0.0,0.0,0.0,0.0,0.0,0.0,-0.5611851794251621,-0.17178283572120367,-0.8541829868429796,-0.267330616475862,1.4953597396459564,0.005467147261235317
0,0.22906461445622517,0.7084208006901469,1.2747831547135713,0.7084208006901469,1.0,0.0,0.0,0.0,1.0,1.0,-1.284419567896149,-0.3296442190494455,0.8190076663508168,1.096032630236234,2.329642724546324,0.8565778799760937
1,5.445988911366892,5.382478414935306,5.382478414935306,5.499660916514754,1.0,1.0,0.0,1.0,0.0,0.0,1.2237648587845134,0.60894403393562,0.9383474640682659,1.4299884736287742,1.531111811351367,1.4293243108925715
0,1.873433172265754,3.7041164987137094,4.441541049824948,3.7041164987137094,1.0,0.0,1.0,1.0,0.0,0.0,0.286706923145952,0.4131538348481217,0.022353978946642816,1.5039361834568163,0.9076018289307396,1.985641384581665
0,-1.2745831226871247,0.46338739939789575,-0.07872788851641233,0.46338739939789575,0.0,0.0,0.0,0.0,0.0,0.0,-0.7471197354185921,-0.5010846878291253,0.17801760100711772,0.8590892823956512,-0.32420263361125956,0.9248173547934815
1,5.770872285879864,5.090018623949148,5.090018623949148,5.348079087333998,0.0,1.0,1.0,0.0,1.0,1.0,1.8615429478101608,0.3425613916940957,0.11868139091342095,0.8283633863695425,0.7750298456404419,0.9625443365971246
1,2.330555920486763,0.8005805036299808,0.8005805036299808,1.5445259941631517,0.0,1.0,1.0,1.0,0.0,1.0,-0.30660154168793397,0.35487165113583075,0.7559566567894539,1.0817437633230176,-0.06820436316464451,0.19636971119336333
1,2.8479783002874193,1.4423405961880957,1.4423405961880957,4.440823534939662,0.0,1.0,0.0,0.0,0.0,0.0,1.0362722605213586,0.47626747551156956,1.3299817362827602,0.2624425470880752,1.8390297595948262,1.608571661879079
1,11.62729627588987,8.398912544041297,8.398912544041297,13.464438787857965,0.0,0.0,1.0,0.0,0.0,0.0,4.379736326116838,3.6462891183591104,2.4750910660678533,2.5015393093941967,3.2469129507085013,1.81967957941176
1,1.4633430381639474,0.18048096180156037,0.18048096180156037,3.9716854898302403,1.0,1.0,0.0,0.0,0.0,0.0,0.20878645923158268,0.009703636451507625,1.530638259517187,-0.766440754289557,1.1330666818756687,0.5900533462651529
0,3.433066906592987,6.489671849028389,3.289037250731676,6.489671849028389,1.0,0.0,1.0,0.0,0.0,0.0,0.20025193386410334,1.6781121034485085,-0.25847272635083773,0.894210355241825,1.0708874970420574,0.0008504257073285171
1,8.642169986848266,6.387662978483818,6.387662978483818,9.701222047866926,0.0,1.0,0.0,0.0,1.0,0.0,2.310614734917296,3.3657874769389085,2.587244697841376,2.3121856768184803,1.281195709077913,1.4913437046538682
1,2.209119180320232,1.5386567765468193,1.5386567765468193,1.4996196731591995,0.0,1.0,1.0,1.0,0.0,0.0,0.2593656472830749,0.061051256096082085,-0.8358175119794942,-0.4900024564962937,0.40849983720915195,1.101647627235105
1,1.7729448485791182,0.4447459161719512,0.4447459161719512,2.852758027669397,0.0,0.0,1.0,0.0,1.0,0.0,-0.4699637271210789,0.04716489442540295,-0.5219280853649635,0.65243663331721,0.6755592012970719,0.22416121692545132
1,6.726797301871411,3.85382078002849,3.85382078002849,4.318811920867336,0.0,0.0,0.0,1.0,0.0,0.0,1.8424883925809608,1.0815374818302177,0.631542942513569,1.3016155335383743,0.7439125319630788,1.814749597701876
0,2.7619353259950605,3.4207179668598857,1.9956253044080916,3.4207179668598857,1.0,0.0,1.0,0.0,1.0,0.0,-0.502324498559306,-0.004877440198022609,0.121412074004565,0.5093173636668641,1.983591207393236,0.6391112858725057
1,5.47774971816777,1.702103391542313,1.702103391542313,3.405602480272305,0.0,0.0,0.0,0.0,0.0,0.0,2.0792718035431514,-0.43879383905264224,0.22674525917886762,-1.314880291631542,1.357131064586401,0.2467932255583365
0,3.488746571217334,8.860254282264448,3.527149378846998,8.860254282264448,0.0,1.0,0.0,0.0,1.0,0.0,1.380000692233521,3.0756191527051535,1.9338823929952909,0.8392627064446424,2.150210837620898,2.0523373935646383
0,3.8476971251455505,3.1984972675883676,4.626070351543582,3.1984972675883676,0.0,0.0,0.0,0.0,1.0,1.0,1.8994592378035249,1.4917626369405168,0.42459588262777814,0.35640213998645415,1.0059704463362993,0.38265945999753315
1,2.705245786921623,2.3782169514240556,2.3782169514240556,5.389189881076998,1.0,1.0,0.0,1.0,0.0,1.0,0.3083344073939501,0.3033154413470037,0.48391225565664414,1.3110195848185888,0.8222036765581572,0.7314114606462931
1,8.34744335462376,7.444695815064941,7.444695815064941,9.215183100422363,1.0,1.0,0.0,1.0,1.0,0.0,2.023117060042979,2.163315005930455,0.6180591951910918,1.91230264491144,-0.41854006827838863,0.43759525076797645
1,3.6034546547476314,2.598456769530798,2.598456769530798,2.3121206410855137,1.0,0.0,0.0,0.0,0.0,0.0,0.6843839154092516,-0.07643128873320426,0.22571797758084017,-0.9607980151914342,1.0698497782133307,-0.10983654894189843
0,0.06931389497176887,1.736913815402548,1.7795865058516296,1.736913815402548,0.0,0.0,0.0,1.0,0.0,0.0,0.39071311498477124,0.6301219058875227,1.1532334672722215,1.8910655362761453,2.4646031437961247,0.3927162725328328
1,8.228170757390647,4.814550539926851,4.814550539926851,8.986057559282386,0.0,1.0,1.0,0.0,1.0,0.0,0.9169062720857473,3.9598756527128733,3.120331333808628,0.7177388216482663,1.0256802851147278,1.3663735348263562
0,1.86605986741543,3.677669399156372,2.9911492055132953,3.677669399156372,0.0,0.0,1.0,0.0,0.0,1.0,1.3587183968488967,0.8321988938920384,-0.5195146563135653,0.6756863851469449,-0.5073981118382225,1.645145224441403
1,1.8579223516845351,-0.3260181109763281,-0.3260181109763281,1.4613358682481363,0.0,0.0,1.0,1.0,1.0,0.0,0.5480333201958066,-0.8035003440023296,-0.1629275018931824,-0.9611772218244727,-1.0988904677632418,-0.5592974171674228
1,-0.27318954520663685,-0.8803700954416567,-0.8803700954416567,-1.7324415881325337,0.0,1.0,0.0,0.0,1.0,1.0,-2.3370139669702814,-0.17973750321019932,1.2995175854855119,2.14850678348552,1.526647086067293,0.769308662185652
1,1.5622010729586107,-1.3689158361342106,-1.3689158361342106,0.9553374636984511,0.0,0.0,1.0,0.0,0.0,1.0,0.6809414092513187,-0.1710498079702566,1.2586531841200854,0.240380660221706,-0.37062165694657656,1.5399898870408515
1,3.6751652515890028,2.1883011017239227,2.1883011017239227,6.317610739908853,1.0,1.0,1.0,0.0,0.0,1.0,1.1851131447509704,0.12276857442173217,2.7154531410709333,2.0520893653716823,2.5067291424698666,1.5171694859596851
0,0.6903441237469314,2.4220316207719517,2.61082821993686,2.4220316207719517,1.0,1.0,0.0,1.0,0.0,0.0,-0.3544460579336376,0.871433440584374,1.0674006982903366,0.6873257297579063,1.4694715845768966,1.5192320355537943
0,4.069471672421058,7.704149779827624,7.6814432101416825,7.704149779827624,0.0,1.0,1.0,0.0,0.0,0.0,2.4759137469607304,2.2532040008934566,1.8373362061306524,1.188014208585154,2.546706772435138,0.7933189229801567
0,2.738751779689852,6.500517156236158,3.8652229038597943,6.500517156236158,1.0,0.0,0.0,0.0,0.0,0.0,1.199618994219008,2.0472433446543468,0.684232626282963,0.9429163619208003,0.8369126461600094,1.1868084877111713
0,-0.4164663933303175,-0.689758048214459,-0.6534511237390048,-0.689758048214459,1.0,0.0,0.0,1.0,1.0,0.0,0.07565502269117991,-1.1763682596621832,1.5744400248942116,0.5673568009683968,-0.6681970664000136,-1.1287844906302387
0,0.3736511074706127,3.0200555893478014,-0.8084272143001308,3.0200555893478014,0.0,0.0,0.0,1.0,1.0,0.0,0.2166590655423209,-0.2021395865864073,-0.3338730810956332,0.3519890569727223,0.6282463557733157,-0.5378440533703719
1,2.749705344173236,1.417560069952243,1.417560069952243,2.942825525253974,0.0,1.0,1.0,0.0,0.0,1.0,0.18425466787287537,0.4230718095454539,0.09945655397624625,-0.5117888442713365,0.8165624175685858,0.2226907607576336
1,3.768961355465948,3.674055355056006,3.674055355056006,2.8602822715857674,1.0,1.0,0.0,1.0,0.0,1.0,-0.3921627598519406,0.24890206428936423,0.08086093548366224,0.7724252839638653,1.0387235681089688,0.4984795206324185
1,7.472870477772548,3.878860620997931,3.878860620997931,7.81961845518517,1.0,1.0,1.0,1.0,1.0,0.0,1.208804768711633,0.7864945630004039,0.42307442019984065,1.562586991965808,1.5432122038678553,2.5793326221937978
0,5.123356067659843,7.744010617119921,5.835732709058869,7.744010617119921,1.0,1.0,1.0,1.0,0.0,0.0,1.2615057699450354,1.4049275833952586,0.0889363146092329,-0.031397766705636765,2.1058797453388722,1.0512416816157646
1,2.043158366440188,3.911896891097868,3.911896891097868,3.030029483317204,0.0,1.0,0.0,0.0,0.0,1.0,0.8139864521204638,1.050216954470713,1.493372751769523,1.342650764900585,1.3679492913242806,1.844783883657604
1,4.509170841154332,3.6906368588720744,3.6906368588720744,3.8359514436086064,0.0,0.0,1.0,1.0,0.0,0.0,1.8016480293585002,1.2534019007215915,0.9665135701199903,-0.07239310348054129,1.3335308229189589,0.8989805662241097
1,3.467680682173653,1.778476579788898,1.778476579788898,3.7933728599783714,1.0,0.0,0.0,1.0,0.0,0.0,1.0700263682195652,-0.10224692392679235,0.6663150110947366,0.38162494917612844,3.372015936441314,1.4778468580650752
1,-0.3192151992696425,-0.04363430882046604,-0.04363430882046604,-0.01072411742596241,0.0,0.0,1.0,0.0,1.0,1.0,-0.38841199527084813,-0.880491893276178,1.3428075820378549,1.8927769977699507,-0.11457383011864142,-0.4363017119122148
1,7.645175087621149,2.524922151804489,2.524922151804489,7.114647832558755,1.0,1.0,1.0,1.0,1.0,0.0,-0.00380678105418919,1.440569189601658,-0.1827151203008458,1.9143534930626815,1.993066055596825,0.6714044766420942
0,2.98866855709625,3.605909764508473,0.2482136342633492,3.605909764508473,0.0,0.0,0.0,1.0,1.0,0.0,2.11975777560062,0.33886083408301926,1.5451411639928723,1.4168250271839673,2.0542850236244505,1.3764590932891407
0,5.6311273137730575,7.730000474536546,5.6886962276541615,7.730000474536546,0.0,1.0,0.0,0.0,0.0,1.0,1.863531180908893,1.6180107408972426,0.3588659163090242,1.0946979977163007,3.516615348918924,1.6417818607967238
1,3.4828532547879307,1.8117654025597778,1.8117654025597778,4.350513014094976,0.0,0.0,1.0,0.0,0.0,0.0,2.670181036488177,-0.6565852961894867,-0.42382753746636714,-0.49574969636446364,-2.061615877408875,-0.18979121671462162
0,0.3139890411831842,2.141558643528374,0.9944461585663431,2.141558643528374,0.0,0.0,1.0,0.0,0.0,1.0,-0.7726173156056171,-0.2243860340378383,-1.4842314301206483,0.9303237716987451,0.2715181660219319,0.48784425860580627
1,8.028343436549704,4.796677827375093,4.796677827375093,5.131324950730682,1.0,1.0,0.0,1.0,0.0,0.0,0.2966730667949946,2.4100916213288217,0.5282672964145304,2.5061606347250995,1.1689995452659456,0.8464986809761815
0,4.007016697808036,4.494117451764653,2.3048622329898727,4.494117451764653,1.0,1.0,0.0,0.0,0.0,1.0,1.0243897596889961,0.5513668769611957,1.4129554992488345,1.5694448721310632,0.36219934028109313,0.5732484341106753
0,-0.0031018987789785957,0.2990575276945655,-0.38310206681927467,0.2990575276945655,1.0,0.0,0.0,0.0,0.0,0.0,-0.12893394010063985,-0.5888723062192815,0.8891599873679277,0.22329144534817946,1.5883374401093397,1.821011991031262
0,4.094237597960023,7.05940779403935,4.877767846966908,7.05940779403935,1.0,1.0,1.0,1.0,0.0,0.0,0.39154858725292274,1.158856013034002,0.49877698523240444,1.4180543507696366,1.429418763924193,1.5555391058453854
1,5.483561713209741,2.0289678788095045,2.0289678788095045,3.161773299810444,0.0,0.0,0.0,1.0,1.0,1.0,1.2569414892513642,1.5586892383784463,1.3790263585146267,-0.8982518637101722,2.538701119626265,2.655775967766672
1,3.0887039251473776,1.47896390400645,1.47896390400645,1.8454683839986628,0.0,0.0,0.0,0.0,1.0,0.0,1.1749112640125674,-0.24364426035864328,-0.10144370412319148,-0.280094027865311,1.481242115533673,1.3402356530132362
0,0.7456947159464329,3.626829987430489,2.0611905640486836,3.626829987430489,0.0,1.0,0.0,0.0,1.0,1.0,0.43367490300683664,-0.07108783762720572,-0.9207920603103752,-0.026905806323603176,0.5252746368960657,0.8643788623933394
1,6.243014471165816,3.655457220329107,3.655457220329107,5.348308194673852,0.0,0.0,0.0,0.0,0.0,0.0,0.7984760934515611,2.1367891203017133,0.446577402728156,-0.09021216817064337,1.3290771185081778,0.555823684649762
1,-0.07103464200857323,1.6312232198268422,1.6312232198268422,0.20881416517413665,0.0,0.0,0.0,0.0,1.0,1.0,-0.4089272878281056,0.3088080102983516,-0.6775785498999047,0.26375114255053345,0.8188051147544644,0.042453884098037076
1,3.059353070655443,1.8435233590624622,1.8435233590624622,2.326545926323465,0.0,1.0,1.0,1.0,0.0,0.0,-1.0191980301351211,1.7040398131187344,1.0708836744467716,-0.14759776730516128,0.8380125205773234,0.016760731563967513
0,4.840445019467023,5.528211459976406,5.452826567006284,5.528211459976406,1.0,0.0,0.0,0.0,0.0,0.0,0.42675758761942,2.1980922927936426,0.002522671508941532,0.7894448020992207,1.6091059862571113,1.2606698432361911
1,1.8171648270280851,1.1467117665434818,1.1467117665434818,2.328614103700143,0.0,1.0,1.0,1.0,0.0,0.0,-0.05461972102796586,-0.9692958371675235,-0.35607561282252087,-0.15806090680414175,-0.5252879534609556,0.804788094011553
0,1.7027668807685334,2.60309643000878,2.0910438487786966,2.60309643000878,1.0,0.0,1.0,0.0,1.0,0.0,-0.8118164740365788,0.7683433050991287,-0.6718449955063033,-0.4248243549919366,-0.47724506599313354,0.2821535173729922
1,2.378886604239554,-0.8824244302943526,-0.8824244302943526,0.42671137659609204,1.0,0.0,0.0,0.0,1.0,0.0,-1.4792824948029606,0.3356340014470517,0.5382252825099892,1.1461516376405816,0.9477742365458294,-1.6763902782866502
1,1.9441237140897831,-0.3170772921730016,-0.3170772921730016,2.2729176444756636,0.0,1.0,1.0,0.0,0.0,1.0,-0.5329630017698783,-0.3604125863856138,-0.37826354978840215,1.743382717482929,-0.6506247859142125,0.7514294684609321
1,3.324730949762883,2.9678228995588087,2.9678228995588087,3.150885277417587,0.0,0.0,0.0,1.0,0.0,0.0,1.3934053262018766,1.224011076503238,2.1610051476414602,1.143767819468309,3.008646199606458,0.5911119145262724
1,5.2396365816254065,3.622885339099174,3.622885339099174,6.983512838056716,1.0,1.0,1.0,1.0,0.0,0.0,2.140265413018652,-0.3296806293476545,1.4082422331892064,1.6799466270009629,1.7645627249769893,-0.07802051038463764
0,2.33593167109954,4.705691423262066,4.23182362228541,4.705691423262066,1.0,0.0,0.0,0.0,1.0,1.0,0.9046841308054674,0.2434432726371425,-0.42340154524364504,1.6868658309233608,1.5171946884053154,1.6364735993382826
1,2.0595753394169,1.594927291714028,1.594927291714028,1.6768572939004733,1.0,0.0,0.0,0.0,0.0,0.0,-0.00636926315687758,-0.3369752523970607,0.10969813102581549,0.3027289260377728,0.06754620214868723,0.6056079621558741
1,0.25978110456466297,-1.0072384215675645,-1.0072384215675645,0.8464626563180901,0.0,0.0,1.0,0.0,0.0,1.0,-1.174697488110528,0.6620443499405826,1.2181540320455526,-0.29969966187424046,1.7703084321013653,1.1543053111197974
1,5.045507807205496,3.9482622711622453,3.9482622711622453,3.7966116309702675,0.0,0.0,1.0,1.0,0.0,1.0,0.7327487830003672,1.106577604704598,0.3349764873235933,2.440332865430778,1.561511699822233,0.8355596061936138
1,2.8074969745764182,-0.4361171742481964,-0.4361171742481964,2.2926289829706454,1.0,1.0,0.0,0.0,1.0,0.0,-1.695447357801703,1.056836658364174,-0.3386961592038559,-0.282054333967528,0.12330525292161953,-0.676059676088157
0,0.45146398874290855,2.667908681629573,0.6254553179831019,2.667908681629573,0.0,0.0,0.0,0.0,0.0,0.0,-0.6072631150271004,0.10852725862266144,0.6765844588315082,2.694313082006455,2.434176505337258,2.5189421608641442
0,4.550542808142036,5.981087679754126,3.8094756547764113,5.981087679754126,1.0,0.0,0.0,0.0,0.0,1.0,1.3607852824125235,1.7961186667934461,1.679777764899468,1.516273181524087,2.3003423747952167,1.9963863513351972
0,3.7759992548811976,6.28488814813499,3.6258959341203862,6.28488814813499,1.0,1.0,1.0,0.0,0.0,0.0,1.4906547390406732,0.6737586577740815,0.12389704445539751,1.3184065711858932,0.45277587349651516,0.5851829327753997
1,5.800887899614914,2.397298013989401,2.397298013989401,3.8728861571941473,1.0,1.0,1.0,1.0,0.0,0.0,0.45178838077381617,1.3364530251575406,1.8166401833453611,-0.8141761283605045,0.8434519313195126,0.7048726758935584
0,0.9591300021857012,1.5383138684493842,-1.5066987694373015,1.5383138684493842,0.0,0.0,1.0,1.0,0.0,0.0,-0.07468064260883,0.6186100557837255,0.9924540035922843,-0.6831797485711135,2.3116740153877653,2.3731445951954955
0,4.090576623860189,5.526623766432257,4.961450092165969,5.526623766432257,1.0,1.0,1.0,1.0,0.0,0.0,0.589380804343398,1.220064819847352,1.3504132866736334,1.3796285429267907,0.3479150463712164,1.5604005603212383
0,1.808492235395181,4.1809887617574795,4.018003889779265,4.1809887617574795,0.0,1.0,0.0,1.0,1.0,0.0,0.5507599044955999,1.6208710396303894,1.8853149304260175,1.6434308823773676,0.5543097779229891,0.4011091425424089
1,6.880817005467938,3.09001817037762,3.09001817037762,4.461628754031995,0.0,1.0,1.0,1.0,0.0,1.0,3.124620965673873,-0.10826963666258371,2.644725626830511,2.0772821641062693,0.2744756972745974,3.7829765224136733
0,0.11230608201450709,3.1581504342049773,1.2489954203830458,3.1581504342049773,1.0,1.0,0.0,1.0,0.0,0.0,-0.39614145330724504,-0.31813583645547205,1.0165077624562173,-0.10460777707029378,1.1449935349655975,0.06377039386310834
1,3.092531186558322,2.08110384977944,2.08110384977944,3.8135514494315697,1.0,0.0,1.0,1.0,0.0,0.0,1.0250661760956383,-0.8584823792203142,-0.7695276841046603,-0.7769555897123437,0.9890437975279301,1.7726712084431118
1,1.6160185084450565,0.0772510810348912,0.0772510810348912,1.8131188084900525,0.0,1.0,1.0,0.0,1.0,1.0,-0.8380347178063208,0.040038679584546544,-0.909396149677197,-0.8278607032608103,0.3353864634080992,0.0974240458977591
1,6.18597758894606,3.225382273633855,3.225382273633855,4.939826262693444,1.0,0.0,1.0,0.0,1.0,1.0,1.0940822040514773,0.8175798354026168,1.42430262805636,1.103688560201173,0.6956756483486053,1.08234209310264
0,0.829896321001395,2.147190117897869,-0.6266427446991436,2.147190117897869,1.0,0.0,0.0,0.0,0.0,1.0,-0.9691065959000067,-0.5800325630603931,-0.07592025879241215,0.5619465327524594,-0.005272041979984765,1.3506859348252924
1,2.9219493454050505,2.086888122005891,2.086888122005891,2.6531814867026493,0.0,0.0,1.0,1.0,0.0,0.0,0.13947894059028748,0.04465916855795832,0.32125529074103476,0.7248330418153619,1.2656827394931145,0.6415144330096891
1,2.9815194710992996,1.252600597516452,1.252600597516452,2.8107206354327494,1.0,1.0,0.0,0.0,1.0,0.0,0.48964613840559573,1.252632417352224,1.7026574428583459,1.4279832489009152,2.6514344668412093,1.2140880529266815
1,1.161288243538654,1.1934414940269524,1.1934414940269524,1.8962833916568111,0.0,0.0,1.0,1.0,1.0,1.0,-2.1835555603591104,-0.10518718734843102,-1.4641406835809385,1.7598759832849769,2.8359560400744908,0.06792941621044268
0,1.5342790654535163,2.1886470866476015,-0.27210288598486154,2.1886470866476015,1.0,1.0,1.0,1.0,1.0,1.0,-0.017410889350757963,-0.27608232640858865,1.24429350036046,-0.8471300519728626,1.1297294654377725,0.8394529615240737
1,4.164811321811535,2.88663019751144,2.88663019751144,3.901453298391177,1.0,0.0,0.0,0.0,0.0,0.0,1.029117465287602,0.2556947145482,1.7458356178229673,1.3703481550040473,0.00686381391338875,2.249057302957453
1,5.874250829939502,3.0205965435287574,3.0205965435287574,4.382925267991549,0.0,1.0,1.0,0.0,0.0,1.0,0.6397461657736114,1.1415491145995813,-0.8495015434469988,-0.28177560817270875,0.48184077862033503,0.4195254476699716
0,2.905997110313962,4.176438087493446,1.0111509531109018,4.176438087493446,1.0,1.0,0.0,1.0,0.0,1.0,-0.19554969600301475,-0.3444039740749686,0.5353801210748308,0.9129717141043441,2.3034912050657272,1.6723754512231606
0,3.729593677119048,3.0354215856098015,2.59220286741319,3.0354215856098015,0.0,0.0,0.0,0.0,0.0,0.0,0.8322632712630919,1.4033536074794415,1.4648832013769997,1.1406849460853463,1.2880520352536724,0.44268818645783126
1,7.782511259642088,4.494284849851898,4.494284849851898,6.843867868459705,1.0,1.0,0.0,1.0,1.0,0.0,1.7050779710062467,0.5421962522883808,0.68942090169881,1.3916703191963031,0.6245303754907153,1.2283046229708432
0,-1.651928457601035,-0.3569329935224632,-0.5371277113227129,-0.3569329935224632,0.0,0.0,0.0,0.0,0.0,0.0,-0.020762929182325585,-0.42576663647081514,2.849640102642455,0.917379219565231,1.2297313060037534,-0.5494869795322592
1,5.56001395019463,1.9393976656027956,1.9393976656027956,3.999526813911955,0.0,1.0,0.0,0.0,1.0,0.0,1.9199321569986316,-0.5779274928982356,0.060052317498432706,1.110763579305054,2.051712798005406,0.6754715305800134
1,1.3618951317432777,1.0499069590316548,1.0499069590316548,0.7590694551541256,0.0,0.0,1.0,1.0,0.0,0.0,0.17902998690955801,-0.24704710720361978,-0.677309139144979,-1.0057825870171708,0.9043110812325517,0.8432116463248545
0,2.546809129944945,1.7930345129524297,1.2922839054898336,1.7930345129524297,0.0,0.0,0.0,1.0,1.0,0.0,-0.19467825622720125,1.4449036143762597,1.2386244082301956,0.9650501413451942,1.2309389414589194,-0.6863569621617842
1,4.88049043379001,4.900020472986404,4.900020472986404,4.247940932539262,0.0,1.0,1.0,0.0,0.0,0.0,1.1830011495363633,1.1902710153719045,0.03005177571025286,0.9377980646532447,0.9235031458256568,2.9532643824468474
1,3.2619747442478455,2.5073809072873106,2.5073809072873106,3.6234381217896474,0.0,1.0,0.0,0.0,0.0,0.0,-0.44586903889673,1.6261031798280137,-0.2220702631035627,-0.6807694842898577,1.6821311950001383,1.158538321915773
0,-0.4849846537433956,2.56969072253258,-0.14060081897733845,2.56969072253258,1.0,0.0,0.0,1.0,1.0,0.0,-0.45983720701860975,0.2574313948955633,0.14725059521879125,-1.686325537048833,0.8500790207081379,0.8534809069221613
1,8.270583615534544,4.611833618665798,4.611833618665798,9.121870080867875,0.0,1.0,0.0,1.0,1.0,0.0,0.7941217748738558,3.162322841300112,1.872722276831932,1.794735651050378,2.2257549508819654,2.005732699118431
0,2.905463339530084,3.5263581333178733,0.5476209276346771,3.5263581333178733,1.0,0.0,0.0,0.0,0.0,1.0,-0.6498976723383361,0.777721776718787,-0.10642328027662928,1.3888858119579863,1.1866092014023744,0.46903556598815765
1,1.231338209298104,1.2649082229102568,1.2649082229102568,1.0171823818219496,0.0,1.0,1.0,0.0,1.0,0.0,0.38594036496197315,0.18424441511548795,2.1658175874072145,2.466733072489794,-0.31110752550393905,1.1233112394382752
1,3.1905043161430235,2.4637740821847385,2.4637740821847385,4.222150689436412,1.0,0.0,0.0,0.0,1.0,0.0,0.38609726132903205,0.3772711376142554,1.0185665717245582,1.6822137438762792,1.443703525209798,1.0886211491072773
1,4.4593973681893555,2.5980761684201967,2.5980761684201967,4.998697662463962,1.0,1.0,0.0,0.0,1.0,1.0,0.6181428308552468,1.7491991530314643,3.0956072301123294,1.3569442300751884,2.7875668926467583,1.5671121631866223
1,5.848176708401554,2.009677017760933,2.009677017760933,5.949682449473936,1.0,1.0,0.0,0.0,1.0,0.0,0.03434530416843795,1.0225066099099025,1.0692533786575797,0.20962784451406202,1.8729756828857438,1.5634706923452635
0,4.4908682020655935,6.253948791993643,3.2516762261049625,6.253948791993643,1.0,1.0,0.0,1.0,0.0,0.0,0.36807868226747253,1.8249426762141483,-0.4318832670936541,1.2762733858499997,0.40341217487890113,1.6287723430133147
0,8.23346362480818,10.227066896925082,6.318377879876673,10.227066896925082,1.0,0.0,0.0,0.0,1.0,0.0,2.3314509702590787,2.949133392211017,1.1590966010662205,2.8105967295890792,1.9165919530427364,2.1815291270765247
1,3.2945114326630285,3.558078367397547,3.558078367397547,1.5195998019248746,1.0,0.0,0.0,0.0,1.0,0.0,0.17125456798081795,0.5609461983014374,-0.05980110196147448,-0.31851181351983193,1.1928620143649131,1.1600858066539108
1,3.0962292502994417,2.42800559202614,2.42800559202614,4.085764993034139,0.0,1.0,1.0,1.0,1.0,0.0,0.4448144759827183,0.7510112892997376,1.2355029606618544,1.2413267670855215,1.794129453584473,1.2876481668898963
0,4.394615786196859,6.7673931622001735,4.895023278585578,6.7673931622001735,1.0,0.0,1.0,0.0,0.0,0.0,2.444666056251609,1.4041718796738678,0.9467522441151504,0.7605967674933192,1.1282564201565537,0.7664815888312273
1,4.9805138730389436,3.7622127116267894,3.7622127116267894,4.168632897256039,1.0,1.0,1.0,0.0,0.0,0.0,0.0323537647688375,1.280127385523992,1.2487983553827406,1.065970440267036,0.9885619384235672,1.7727637307801456
1,4.847537195740327,2.322497183466428,2.322497183466428,4.814670843447092,0.0,0.0,0.0,0.0,1.0,0.0,1.0792557193683836,0.28857977715003824,0.5900074711824848,1.1614186738128522,1.6856954365093162,1.9426231617539507
1,4.026190695622305,2.2063625666432163,2.2063625666432163,5.116954118705903,0.0,0.0,0.0,1.0,0.0,1.0,1.2083398000195547,1.580613037393791,0.9370696921813145,0.053625105445863075,2.137641636095877,1.8983041182201255
1,4.145730832056335,2.1505676062297856,2.1505676062297856,1.7336932568004528,1.0,0.0,0.0,0.0,0.0,1.0,1.0935681938890225,-0.9076313708640809,-0.5686744353254689,-1.2248100423962887,-0.31325012072091596,0.596255460756032
1,6.150070408800864,3.3815999308703217,3.3815999308703217,5.642306441665257,0.0,1.0,0.0,1.0,0.0,1.0,0.11593087742026759,2.124217441651993,-1.7244720581006243,1.0496150944936298,-1.07159133320572,0.7736179949797748
1,1.144843652827792,1.0192905884534547,1.0192905884534547,-0.6301360799208462,0.0,0.0,1.0,1.0,0.0,0.0,0.07999853003714491,0.7253107213194858,0.9688289649200305,-0.3903496687416328,1.8481003321426894,-0.6381742189331221
0,-1.6472994250837765,-0.7395620546571184,0.6580297635559424,-0.7395620546571184,1.0,0.0,0.0,0.0,1.0,0.0,-0.10465985281188628,-1.0306735190579304,1.7712247494324598,0.08787744939205588,-0.3626376698568148,0.02546280335953821
0,5.549569098769132,7.634520630944534,4.233751384744469,7.634520630944534,0.0,0.0,1.0,0.0,1.0,0.0,2.1921992279905997,2.6144769146897713,2.497728643663595,3.2491167050556906,3.989146942458251,1.644337500232226
0,4.257802195188857,6.565327999354634,3.5639049793972695,6.565327999354634,1.0,1.0,0.0,1.0,1.0,0.0,0.5099653262571284,1.7647634648719137,0.8199793585044529,1.2907047664657758,1.829938151064759,0.932408122688584
1,6.015231346353428,2.8278111617715784,2.8278111617715784,3.550270165544286,1.0,0.0,0.0,0.0,1.0,1.0,0.24473063651699878,0.09236578409549262,-0.9299519222844026,-0.025472306850174653,0.5909850632121687,3.118613758565235
1,3.470474731907532,1.698881616221735,1.698881616221735,2.57383352265776,0.0,1.0,0.0,0.0,1.0,1.0,0.4558224060915923,0.8854456755676179,1.3905908551607267,0.5539410120314503,0.9870458685342233,2.864127836545624
1,3.2463864388342394,1.4438111711822668,1.4438111711822668,3.082736295246026,0.0,0.0,1.0,0.0,0.0,0.0,0.0708301366809364,1.0942388201365527,0.596426901264428,0.2455726552481483,2.9872973492579984,0.33765239174113093
0,1.6039025121029797,4.696539940025616,1.0671193266637127,4.696539940025616,0.0,1.0,0.0,1.0,0.0,0.0,1.1588464145817476,0.4828026464383145,0.8315149003678423,0.02518660455966132,1.0006429456514296,0.4557107254382279
1,3.418131445574533,1.0240319442300196,1.0240319442300196,4.531958225505877,0.0,0.0,0.0,0.0,0.0,0.0,1.4695509193093614,1.00337473547427,-0.35156321875428853,-0.1207478918389413,1.6828521894942194,0.5853089114635204
1,4.7378531488736435,2.7443058242635705,2.7443058242635705,4.37780393783207,0.0,1.0,0.0,1.0,1.0,0.0,0.5302183914171308,1.2621668440341052,0.22046091130017853,0.3336524128194856,1.1133908655009577,1.7922000069079602
0,0.44277626708865647,2.2308197822552254,1.8714914009340509,2.2308197822552254,0.0,0.0,1.0,0.0,1.0,0.0,0.3103237566670224,0.08787287310118719,0.5698104373322951,-0.326200734742388,1.955534773758457,-0.040319401521597076
1,3.167110213499823,0.3168338269756705,0.3168338269756705,3.9061355171433796,1.0,1.0,1.0,0.0,0.0,1.0,-1.3938827467764912,-1.3705435880799999,-1.478017538500447,-0.2683429599049232,0.02738648733769944,3.039129716083396
0,5.0282808292630055,4.011729949145486,3.8167609146933836,4.011729949145486,1.0,1.0,0.0,0.0,0.0,1.0,0.29188961731362517,0.8529117075918174,0.2102767334773552,0.62708543227903,2.9973258611629445,1.0225879346206113
0,5.515152232056,3.9183825335172786,2.383231998207183,3.9183825335172786,1.0,1.0,1.0,1.0,0.0,1.0,-0.166059341214719,0.14480789806041938,-0.14585464326192588,1.0240476210345366,0.9989797370165105,0.9434023430850044
0,-2.206683384874723,1.5247506699005733,-0.13166269729741598,1.5247506699005733,0.0,0.0,1.0,0.0,1.0,0.0,-0.9269207722461337,-0.4176069389427398,0.5125249395513005,-0.30820675553067156,-0.035947204015839285,2.2580040902266267
1,5.734460530197982,2.9839226832536636,2.9839226832536636,7.0001231012113605,1.0,1.0,0.0,1.0,0.0,1.0,1.3722995842882713,0.5455340233432315,1.1871846835228166,1.076347279258012,2.9783052484428283,0.5288722599332284
0,3.992400032060968,7.696349369935277,4.6949630423089115,7.696349369935277,0.0,0.0,0.0,0.0,0.0,0.0,2.597191715781338,2.28077116182711,0.9649937264872017,-0.004941094682517688,1.5626789006449968,0.2287141716480373
1,0.08260188652978662,0.9909839695000947,0.9909839695000947,3.3297579114002476,0.0,0.0,0.0,1.0,0.0,0.0,0.1565055523786058,0.17027309073203,-0.7419906729911538,0.6351989669271324,2.2132594177837452,0.027552686015611005
1,0.5410529823183349,-0.8842107209108713,-0.8842107209108713,1.3493607270176422,0.0,0.0,0.0,0.0,0.0,0.0,0.24601625222529222,0.389814908967106,1.2034221347369165,0.974224171575851,0.8578865627918535,-0.02141892146362867
1,1.0008546310310424,1.1202635651419808,1.1202635651419808,1.436761499203641,1.0,0.0,0.0,1.0,0.0,0.0,-0.007574701088908009,-0.4740521752651843,-1.088683531039858,0.7227212994355305,0.43209451517560504,0.10330182228472196
1,0.026283256468154992,2.365348014643727,2.365348014643727,2.633704661552282,0.0,0.0,0.0,0.0,0.0,1.0,1.113979673303764,1.1837956013880708,3.185167298762735,0.32354091926197415,1.4813985357936506,2.4725991234357547
1,-1.177306844447466,-2.1529184299962876,-2.1529184299962876,-0.4334757180372548,1.0,1.0,0.0,1.0,0.0,0.0,-1.8282367979902827,-0.9494467179081749,0.5025679511625568,0.3085680521760105,-0.4692922826171375,-0.09116999115941526
0,2.9006118775283785,4.670888733378486,3.8758015833374566,4.670888733378486,0.0,1.0,1.0,0.0,0.0,0.0,0.8417870487024215,1.3230477360525725,1.6467185531701032,0.5085749398226356,0.9219894082461982,1.4393659016333875
1,7.526625730047671,5.296120272673198,5.296120272673198,5.354351431016249,0.0,1.0,0.0,1.0,0.0,0.0,1.2512725481362266,1.667212687581128,0.3648694376489595,0.8549624903061376,0.32465125379229676,0.22433058798926997
1,2.551800260635446,-0.9881974276176192,-0.9881974276176192,3.154207106256966,0.0,1.0,0.0,0.0,0.0,1.0,0.38436653413657174,0.5400566290511369,2.0083888137556283,0.6144335796299434,0.8175739224005911,0.17147937365548538
1,3.012887233086208,-0.12088886496113166,-0.12088886496113166,0.20708096394728703,1.0,0.0,0.0,0.0,1.0,1.0,-0.20104279275382408,-0.6567744152062112,-0.3273894757540097,-0.8555169397333804,0.15690755586101335,0.46266161726798993
0,0.2068352985299049,-1.3531523295033336,0.06350877954396478,-1.3531523295033336,0.0,0.0,0.0,0.0,0.0,0.0,0.7334768211784428,-0.2840750439825701,1.388606025278815,1.8102548043889177,0.755155976273398,1.050885247276228
0,5.829014977845868,7.83791245784886,3.4682211405373806,7.83791245784886,0.0,0.0,1.0,0.0,1.0,0.0,1.2075276834400102,2.6016233928467107,0.2142411124297524,0.4603970617330091,1.2105208557459912,2.718952789724517
0,0.3824030132188704,2.4032590622260024,-1.1962553186545848,2.4032590622260024,0.0,0.0,0.0,0.0,0.0,0.0,-0.20636465810981885,0.6156764524316581,2.880149593962313,1.4796834827897163,1.8136211133445346,0.5274190311069614
0,2.1755118316035817,1.2449157919131733,2.125703679290963,1.2449157919131733,0.0,0.0,1.0,1.0,0.0,1.0,0.4639276368178381,-0.3053114078528787,-0.7898130198974493,-1.493247648737417,0.005204667180117251,0.062445215560036016
0,2.8599393729075033,4.292160069749178,1.6916222875770153,4.292160069749178,0.0,1.0,1.0,1.0,0.0,1.0,0.8399985774344915,-0.3149640968535605,0.4087762153675262,-0.38681242712001496,0.9727237306183862,0.6047536773303459
1,2.8933032468889084,2.5296797814639893,2.5296797814639893,2.7521977225234604,0.0,1.0,0.0,0.0,1.0,1.0,0.48017188220441087,0.9062770347167789,-0.524726128638461,-0.44844971906616804,0.6562775885340907,0.2204537977187263
1,7.264339531456733,4.640308179951663,4.640308179951663,7.183638562901769,0.0,0.0,0.0,1.0,0.0,0.0,1.7597541664302565,1.3564752550170376,0.4229025697555645,1.0356618704582132,2.1413198222326457,1.850685056413411
0,-1.1482976845516921,0.8101516940553269,0.031616093886495666,0.8101516940553269,0.0,1.0,0.0,0.0,1.0,1.0,-0.7571824032121606,-1.300814723975971,1.065433456617912,2.361295063247761,1.5696490905849187,0.5168599875522534
0,-0.14176766839655475,2.6202465698113664,2.04016629627183,2.6202465698113664,1.0,1.0,1.0,0.0,1.0,0.0,-0.9204106386934565,-0.5907388114852952,-0.5596723610528902,-1.1678111794491648,-0.8263286251031388,0.45666086426958574
0,1.5497409837767746,3.7961550863582887,2.152780581079424,3.7961550863582887,1.0,0.0,1.0,0.0,1.0,0.0,0.7625671182168619,-0.6311393439885551,0.024596507980889692,-0.5304998991042924,0.9995437050584041,-0.3812904445729566
1,2.5506046164379867,0.18466730542980564,0.18466730542980564,0.9707555282167409,0.0,0.0,0.0,0.0,1.0,1.0,-0.027446235880996595,-0.7410508139762131,0.27250950314546035,0.7845434545591469,1.2112262108069811,1.4084732001681357
1,5.245696947062329,1.7637892998419447,1.7637892998419447,2.892498304109461,1.0,0.0,0.0,0.0,0.0,0.0,0.31751532276855643,0.9697621785492554,-0.003779928243661357,0.6759606242230842,0.7085233871866679,1.2458745384379049
0,1.8315128139661991,3.3979382108060587,2.725333198993631,3.3979382108060587,1.0,1.0,1.0,0.0,0.0,1.0,0.6585919821779659,-1.0316512187934583,2.0076071385867293,-0.4926568021219262,1.8450673424867716,1.786510387070576
1,2.5228678702217926,3.0821364700881553,3.0821364700881553,2.48171035020796,0.0,1.0,0.0,0.0,0.0,0.0,1.2244325117202233,1.0978610340852881,2.0473256308709296,-0.6431138407999017,2.2005418604108438,2.0055088722229444
0,1.6210551890877074,5.3441177786346925,2.3510730582051234,5.3441177786346925,1.0,0.0,1.0,1.0,0.0,0.0,0.6209420805362469,-0.8989784036168746,-0.8622251049809275,-0.25212357349997294,0.9070262530465611,1.3559423379953945
0,0.6518016201237766,0.02145191099255328,1.3342267263363177,0.02145191099255328,0.0,0.0,1.0,1.0,0.0,0.0,-0.41009087635734176,1.376197101658545,2.47392243531253,0.7374895626843676,0.469756459416646,2.1802641923366375
1,4.8615034596340765,1.52135335154222,1.52135335154222,6.231036062014003,1.0,0.0,0.0,0.0,1.0,1.0,2.1494632749137645,-0.6636275897448443,0.5436596339530253,-0.18331831279326238,1.3946873876830312,0.9216693091912972
1,4.080523252311432,2.3945404917915845,2.3945404917915845,2.7798139866741227,0.0,0.0,0.0,0.0,0.0,0.0,0.7295083092019179,0.3897670181289144,0.4148805496037191,0.8639862050426479,1.345995120533766,1.1369606224439812
1,4.857606948259862,2.3677450575762364,2.3677450575762364,4.950336726989101,0.0,0.0,1.0,0.0,0.0,0.0,0.3779240648654139,2.1874476796398548,1.172243812344644,0.5814022802625938,2.254290138730088,0.45639880939214816
1,1.63960605233618,0.8670958531983838,0.8670958531983838,2.198993428971453,0.0,0.0,0.0,0.0,0.0,1.0,0.43262304794681894,-0.0866573142857362,-1.4102429567488004,1.1423598685030254,0.5293460030326953,1.1660943399237187
1,7.059411547842551,5.2796677119599265,5.2796677119599265,7.591330515829517,0.0,1.0,1.0,0.0,1.0,0.0,1.7042228771301933,1.4358513059282672,0.36641306116187194,1.6490973996803748,2.1325598677476028,1.2493234532909372
1,2.2694630941286387,0.030217734844945277,0.030217734844945277,4.4255007913839375,0.0,0.0,0.0,1.0,1.0,0.0,-0.3666128892328786,0.5031978274429448,-2.008749765350783,-0.6076916872791911,0.6022894485301553,0.9409214578311753
1,3.1439549857745837,2.9232309911015406,2.9232309911015406,4.358040228018496,1.0,1.0,1.0,1.0,0.0,0.0,-1.1636910055517653,0.8470953964642316,0.0056508073488801824,-0.4631722451390232,2.2880743001298764,0.7778586484653025
1,6.6628005460532345,5.754517062095474,5.754517062095474,6.657133134340158,1.0,1.0,0.0,0.0,0.0,0.0,1.8119865101117727,0.24893503665238692,-0.9658939019796726,-0.32963140688384196,0.5399952983738805,0.016859084461679275
1,2.9961203097358355,2.9540649273865425,2.9540649273865425,2.497955421299395,0.0,1.0,0.0,1.0,0.0,1.0,0.3456996717729989,0.81328107266395,-0.4666288778124881,-0.8681674357705884,-0.028391788563136844,1.056532078985914
1,1.905177146612369,1.584543126436402,1.584543126436402,2.997740812826523,0.0,0.0,1.0,0.0,0.0,1.0,0.08523593327503137,1.4472469171289517,1.0999526947266034,-0.2570304763624449,2.165929263485845,0.5743478633169652
1,6.149597433649842,3.7167057784710433,3.7167057784710433,3.518325569381313,0.0,1.0,0.0,0.0,1.0,0.0,1.7451768967541466,0.5980184361413734,1.0186589678156954,1.589235750921994,0.4848484928962229,1.1778010614313685
1,5.150911967363638,3.4521023537333497,3.4521023537333497,4.755507026887678,0.0,0.0,1.0,0.0,0.0,0.0,1.283679647641946,0.9095284685515647,0.19310877539378363,0.620070861948645,0.10935732567032841,0.7339235054439284
0,4.0191839252294175,7.7561324532493945,4.868383882846312,7.7561324532493945,1.0,1.0,1.0,1.0,0.0,0.0,0.5388416695551363,2.106847826542904,1.597427766290465,0.6448897342980633,3.405249294794069,2.5705927550522203
1,2.9546836928584477,3.7387863821658947,3.7387863821658947,3.103979815366195,0.0,1.0,1.0,1.0,0.0,0.0,0.7545470161965102,1.19442048859159,1.4034106125537669,0.40745518139715875,2.0326000802364455,0.3263255457197065
1,1.584936822461098,-0.19723719816705365,-0.19723719816705365,1.104800592068792,0.0,0.0,1.0,0.0,0.0,0.0,0.4295869333997722,0.2675688436284632,1.5930638095742053,0.06627569246615267,1.5821343053769572,0.1321356519640221
1,1.7350687612284514,-0.8382287001352211,-0.8382287001352211,2.4203545653682856,1.0,0.0,0.0,0.0,0.0,1.0,0.547346323125374,-1.1829221840615105,0.8833983172233351,-2.53478149303325,0.8468683064248926,-0.4861599067775457
1,1.6707295754186517,0.22456592880584897,0.22456592880584897,0.13205272412244873,0.0,0.0,0.0,0.0,1.0,1.0,0.3654575504063922,0.5882128083593315,1.2921613643358514,-0.37850890841082085,2.023325743100716,0.7831930910869227
1,3.5942056919700685,3.984829725779275,3.984829725779275,4.438365581767173,0.0,1.0,0.0,0.0,0.0,0.0,0.9150469946151534,0.2869484562607194,0.16278465445369317,1.7514556409496826,0.649619172053502,-0.12455427701884858
0,0.10109335852394041,3.639206554078026,1.1589940791711475,3.639206554078026,1.0,0.0,1.0,1.0,0.0,1.0,-0.031010120620035053,-0.9416027805888212,0.6021769188852689,1.0671069993721285,0.7058630907695603,1.0515731460360396
1,1.885277589209325,-1.2166889792681406,-1.2166889792681406,2.0157181025092252,1.0,0.0,0.0,1.0,1.0,1.0,-0.9398144724780988,-0.07124713699505647,-0.1486590784844336,0.8803015141266444,0.8851192107629173,1.4121574895409497
1,3.1417313477871294,0.7386715561796293,0.7386715561796293,2.911419323921405,0.0,0.0,1.0,0.0,1.0,0.0,1.4567213818025548,0.6459835655609163,2.0579165249537543,-0.2141230674474841,-0.46937341522658493,-0.7857943009533117
0,-0.947322682274881,-0.8894258915947499,-1.2379056501802597,-0.8894258915947499,0.0,0.0,0.0,1.0,0.0,0.0,-0.8938989809053846,-0.8114396747430086,-0.19074706004255582,0.41547484686305924,-0.6510602245182733,0.48951643813446033
0,2.183130733357577,3.9266745709023607,3.338326244068175,3.9266745709023607,0.0,1.0,0.0,1.0,0.0,0.0,2.0599565859776714,-0.1314628791191813,1.2330657344923974,-0.06819216790252725,1.0731314317970262,1.9338570979321814
0,2.1711280135072717,6.281516409529121,4.077812575500342,6.281516409529121,1.0,0.0,0.0,1.0,0.0,0.0,-0.041082411240457306,1.7145481245425254,0.26206561551493235,1.1977274532549047,1.803042027728957,2.5049062380389784
1,2.7534171594173205,1.4394123599906976,1.4394123599906976,4.846027079490995,1.0,0.0,1.0,0.0,0.0,1.0,-0.023760899921412948,-0.48611887302404666,2.0877688370323506,0.7058625463996802,0.907631661423494,0.8182099067347104
1,6.230166015768272,2.803697516306043,2.803697516306043,6.530665397694589,1.0,0.0,0.0,0.0,0.0,0.0,1.334257551735809,1.7274612215216265,1.3857957045694904,1.6951902073934308,2.531951125680363,2.2950084037512166
1,1.5294973905981761,2.275942936696732,2.275942936696732,3.349965611557998,0.0,1.0,1.0,1.0,0.0,0.0,0.34263062738918804,0.4605473914801158,1.003931833798645,0.6093724829394863,0.3358173803099156,0.5057931105685366
1,3.4064373210386254,2.227734273772502,2.227734273772502,5.47820354192276,1.0,0.0,0.0,0.0,0.0,1.0,1.860488833947552,0.2646716068724315,2.1010458650704944,-0.19843567978264232,0.17404010493150868,0.766974596033509
1,2.5685559451771045,3.7316984540651497,3.7316984540651497,5.190890160717508,1.0,0.0,1.0,1.0,1.0,1.0,1.1912689866997364,0.8048663382774022,1.4705300857099814,-0.3198300067774842,0.5081881456462543,1.3488342778125766
1,4.012510141636797,1.8250168002420546,1.8250168002420546,2.367989295131724,0.0,1.0,0.0,0.0,0.0,1.0,-0.5433084440771063,1.6917675424900895,0.9345018928530391,2.8510902604373167,1.1513354190914709,0.6025650209200032
1,6.565055598522235,5.232318587895073,5.232318587895073,6.557205534905785,1.0,0.0,0.0,1.0,0.0,1.0,1.353126591730182,2.7854239333596897,1.7055385943600194,0.13165098103666734,0.7112612215562168,2.703447074043953
1,3.466570769879536,1.3519047472162016,1.3519047472162016,1.567948825220832,1.0,1.0,0.0,0.0,1.0,0.0,-0.9706741938784507,0.8461477303391253,-0.06874152625382468,-0.45224594073542657,-1.1543063144578616,1.1891147394222208
1,-0.254737525220337,0.22245222732188652,0.22245222732188652,0.22022540276449964,1.0,0.0,0.0,1.0,0.0,0.0,-1.4875085862411772,-0.19545715892156135,-0.1540063704356991,-2.0443052431789788,0.00035654906748538995,-0.9030889447047268
1,3.9826949577858457,0.9079284715647817,0.9079284715647817,6.402599265878532,0.0,1.0,1.0,0.0,0.0,0.0,0.5431898173557339,1.4346389107043935,2.092647328009459,1.3663426076317533,0.5823711278668737,3.301199647589215
1,3.5399596800676743,0.7444190702694005,0.7444190702694005,3.003330652071078,1.0,0.0,1.0,0.0,1.0,0.0,-0.46422967384364144,0.5558418203489806,-0.1449272997481199,1.5064208119824634,1.00108720119358,1.7958343723421852
0,3.2272089070245507,7.02264214849483,3.039447792783019,7.02264214849483,1.0,0.0,0.0,1.0,0.0,1.0,2.128035027447109,0.6712412352254139,-0.011607663188671236,-0.18335607949400634,1.7889522632178267,1.3464135029547264
1,1.3238680673489838,-0.3217094055861429,-0.3217094055861429,1.1964954355551887,0.0,1.0,1.0,0.0,0.0,0.0,-0.18951783696080649,0.4199672017022905,2.2409952259861354,-0.004644659471028101,0.6788203816181523,0.908172310950993
0,1.8111400802528332,1.707226345863396,1.1473380243360365,1.707226345863396,1.0,0.0,0.0,1.0,0.0,0.0,-0.8657677256231773,-0.8103552428159699,-1.8669025310424914,-1.3726491107766874,0.6602877807227275,0.25389060967783217
0,1.8525844564822005,0.49257272690599874,1.9588385880985153,0.49257272690599874,0.0,0.0,0.0,0.0,0.0,0.0,-0.7339927653112766,1.2005343959654429,-0.43050540557420736,-0.5571458483251561,1.3753846898891744,1.4634608697135327
0,0.5314980327687924,3.2984692649920895,2.367635518690842,3.2984692649920895,0.0,1.0,1.0,0.0,1.0,0.0,1.619747269699731,-0.3475997488178717,2.1149340346979457,1.2740000834345446,2.0109986329112686,0.46105264979823424
1,3.379366149763114,0.7345929484644902,0.7345929484644902,4.332853065137735,1.0,1.0,1.0,0.0,0.0,0.0,0.7802665688620483,-0.21135089963066922,0.45997885257057125,1.0860242541175082,-2.1470202978251542,-0.31708645213311404
1,3.31574472571426,-0.12906546891571324,-0.12906546891571324,3.7057610638869543,1.0,0.0,0.0,0.0,0.0,1.0,0.0027680024134615344,-0.7573633156476673,-1.0320029197037848,-0.9876179276493446,0.9408588306012922,0.5347417231050804
1,3.910106596730811,2.269139498060729,2.269139498060729,2.85771653671122,0.0,1.0,1.0,0.0,0.0,1.0,0.4621633461704364,-0.5835597681654807,0.8785093687996822,1.8355093526420658,0.4214423108074725,0.6236245833992066
1,5.819943052471921,3.2942897259419666,3.2942897259419666,5.11157954840871,0.0,1.0,0.0,0.0,1.0,0.0,1.0509123926643404,0.34139524875978766,-1.5489151311111544,1.3329181305142086,-0.362721687158708,0.0897196612386767
0,-0.011230326650681022,1.6798236381107903,0.33560487606449907,1.6798236381107903,0.0,1.0,0.0,1.0,1.0,1.0,0.26307274286413174,-1.487456090112858,0.8519235561694926,-1.7616453069678428,1.7850902665895723,0.32863209288183093
0,4.628469409106543,7.048784497190189,3.2899154213839843,7.048784497190189,0.0,1.0,1.0,0.0,0.0,0.0,1.4767229931216574,1.7337627289073825,1.3074848443800526,2.5525221640863958,2.4040008557207937,2.8001091675768848
0,4.065952719035781,3.7866115994618132,2.429045748798837,3.7866115994618132,1.0,1.0,1.0,1.0,1.0,1.0,-0.7665690068759743,0.37920360221081467,1.7347502683274165,1.2486250406569044,0.28226340802013694,1.1421441200107094
1,-0.07349646318752479,0.7531382521254951,0.7531382521254951,0.8607822115798598,0.0,1.0,0.0,0.0,0.0,0.0,-0.5785990841877118,0.8372499529017022,0.3132462718195274,0.7741620549129862,1.2622262733524277,1.0818921010617573
1,2.5708036446123286,1.7695071039416743,1.7695071039416743,4.140708984106669,0.0,1.0,0.0,1.0,0.0,0.0,0.9377828323416681,0.384609555107668,0.8679576400729933,0.48630551936829647,2.2053062745362797,1.7096206672207048
1,1.787633541815554,0.7284458909080926,0.7284458909080926,0.6276253422472314,1.0,1.0,1.0,0.0,1.0,1.0,-1.9191004711421877,0.5244507885992968,1.52481827392934,1.303741689498945,2.379940083037192,1.5916401112521519
0,3.9806710906730123,7.84731499076402,5.807883414262432,7.84731499076402,1.0,1.0,0.0,1.0,0.0,1.0,1.6062235571533017,1.0357941290381154,-0.027020045883014876,0.3900120483868575,0.6998940999123131,0.09211096092725168
0,4.17102793863343,7.197563457420858,5.156316221268411,7.197563457420858,1.0,0.0,0.0,1.0,0.0,1.0,2.686249002764981,1.6299786276754966,1.0135538054575575,0.7603907399619292,2.7429520803961394,2.388243537008238
1,10.817837697723085,4.65439661547852,4.65439661547852,7.06237849379975,1.0,1.0,1.0,1.0,0.0,0.0,2.4081422073326655,1.2930632459930815,1.63200169287399,1.2588785847406276,1.789298088236075,1.6570155178870045
0,3.8902424863040173,7.660492208161135,6.677919123191042,7.660492208161135,0.0,1.0,0.0,1.0,0.0,0.0,2.6179771634550018,2.272285816741655,1.646892048031087,-0.019818575227204427,2.9942188557855505,0.7254180560974821
1,0.5968393036930074,-0.011431021727321869,-0.011431021727321869,1.247188722504441,0.0,1.0,0.0,0.0,0.0,0.0,-0.08947507087724982,-0.6982824947933253,-0.19673779187570362,-0.8460668938743348,0.6864453639936308,0.584442541523783
1,1.328440477210203,-0.7165478485819351,-0.7165478485819351,0.6453011059840932,0.0,0.0,0.0,0.0,0.0,1.0,0.3537070975823414,0.4720414273536309,0.5727804708157872,0.006361935173389122,0.5424532554153506,0.6490148251950278
0,3.3222915072210024,4.958436353388998,4.572492406002125,4.958436353388998,0.0,0.0,0.0,0.0,0.0,1.0,0.45649486607954054,1.5790483803271727,0.07393418945051178,2.137021116779667,0.5526825479863567,2.672034658874359
1,6.124274119283811,4.393416700930616,4.393416700930616,6.880208693228374,1.0,1.0,1.0,0.0,0.0,1.0,1.2165870447636558,1.7018143441285143,1.3941968171710357,1.5095660002165745,0.5873807386713041,0.6340860635296286
1,2.8194867807441932,3.1175060693589636,3.1175060693589636,4.7739205399164835,1.0,0.0,1.0,1.0,0.0,1.0,-0.25076735480578705,0.21395725929698178,-0.5344633192574102,2.591149731152876,0.13639897135760592,1.1530253312431804
1,4.1772312849017865,1.9683987224207744,1.9683987224207744,2.87070555728653,0.0,1.0,0.0,0.0,0.0,0.0,0.15836682369696337,0.6068145628077215,-1.5035208394458235,0.9827416571247733,-0.7385025319160077,0.5054489702288276
1,1.9764563872905057,1.3154401865712138,1.3154401865712138,0.2844017491541917,0.0,0.0,0.0,0.0,1.0,0.0,0.32845679629561786,0.5231056222276784,0.006077555134432866,-0.04454791610692255,-0.30100591397399445,0.8064763811513861
1,6.634044534833366,4.386393871379522,4.386393871379522,6.6864319687648255,1.0,1.0,1.0,0.0,0.0,0.0,1.9731828923236008,0.8660219464059767,1.2671841604526488,-0.5169677719927168,1.0732665842989872,1.2832067930474886
0,-1.1449997063527404,2.2005088142094524,1.6295164754653702,2.2005088142094524,0.0,1.0,0.0,0.0,0.0,1.0,-0.023454716960845112,-0.027476076796510762,0.3530000171619341,-1.695480863393144,1.617438009696782,0.16548479236347924
0,-0.7232551478853879,-1.3287764509069289,-2.8868485860264794,-1.3287764509069289,0.0,1.0,0.0,0.0,0.0,1.0,-2.0755476200748797,-0.25722979843135585,0.01225055718853707,0.24019820296229455,-1.0738761355712763,0.7598445167703329
1,4.611065810241413,3.5397642097177293,3.5397642097177293,6.723798564358509,1.0,0.0,1.0,0.0,0.0,0.0,0.43460848299624055,1.2233731118853315,0.007162977436209805,0.7452051699279635,0.43645083930983897,3.6173577677692346
0,1.5712570395627972,2.7717951525808533,0.8518035030248207,2.7717951525808533,0.0,0.0,0.0,0.0,0.0,1.0,0.8520445824830115,-0.30343463009442084,-0.5163085518698187,0.1535985794157928,-0.8940747446512693,-0.7299733412568052
0,-1.9309356567634135,-0.12164148009192408,-0.24960580615481065,-0.12164148009192408,0.0,0.0,0.0,1.0,0.0,0.0,-0.644478619319218,0.48061007506966424,1.3618278751765618,-1.267702675988305,1.4682342808245123,2.1538304559244965
1,2.0990867869754686,0.3609050080303257,0.3609050080303257,1.965679483104119,0.0,0.0,0.0,0.0,0.0,0.0,0.5721420090728109,0.16959168359171406,1.3205773495059239,0.7404478997521435,1.1161994103290729,0.228704785918026
0,1.457964930140664,4.403159611151801,2.6290539564871747,4.403159611151801,1.0,0.0,0.0,0.0,0.0,0.0,0.41743681164730756,0.4307569127711478,-1.0735432434859895,0.7181646536322233,-0.08949637370856256,1.2540812212060604
1,3.220909542933146,2.3394860673387146,2.3394860673387146,5.1082414339605275,1.0,0.0,0.0,0.0,1.0,1.0,0.19245250474175302,0.7893033057241676,-0.32786078176466127,0.12035929361684089,2.7759644838535187,2.1536587722003815
1,-0.3210047314884741,-0.33571761152021806,-0.33571761152021806,1.4246353800512863,0.0,0.0,0.0,1.0,0.0,0.0,1.3137867523117146,-1.4488361550067423,1.7636466085118987,-0.32117173354318385,1.5140794747303332,-0.44950153636986223
1,3.6411428919899187,1.8578465604954857,1.8578465604954857,5.1677615013017135,0.0,1.0,0.0,0.0,0.0,0.0,0.2499638284724865,0.9179495391516085,-0.1104298171633058,0.6449247077181035,1.7832927137116024,1.1538786517364241
0,-1.3571324776937437,2.1341206356256013,0.9971074303557743,2.1341206356256013,0.0,0.0,1.0,1.0,1.0,1.0,-0.11657400645860849,-1.0182931054039068,-0.934257156623741,-0.8002543482474445,-1.2437239950769552,0.44544950403226835
1,2.2010833900415583,1.9065247469403301,1.9065247469403301,2.950682452355076,0.0,0.0,0.0,0.0,0.0,0.0,0.41018853282709494,0.5794031505936668,-0.2315905539410158,0.46263310621405845,1.3693484537127758,0.7883583000433851
1,3.288688109264255,0.3448155593664517,0.3448155593664517,0.032004045415805704,1.0,0.0,0.0,0.0,0.0,1.0,-0.5175227264142666,-0.40178534375523234,0.5419979024789884,-0.4903249950096813,1.6466994028979554,0.4438394844698077
