0,0.09511981974228673,0.15420470478364157,1.3519640911360877,0.15420470478364157,0.0,1.0,0.0,0.0,0.0,1.0,-0.06558210987591373,-0.6799155962664476,1.6191031419225617,0.25611347918364197,1.408600679819716,1.4520198525600483
1,4.578298243318548,2.2430771772868328,2.2430771772868328,2.9536328043348563,0.0,1.0,0.0,0.0,1.0,0.0,1.4467379789313508,-0.7598510341970244,0.5362799477947865,0.8011956777683752,1.2923686240570889,1.9586225350221131
1,0.8435623103665446,-0.06583551348103067,-0.06583551348103067,3.426863677568226,0.0,1.0,0.0,0.0,1.0,0.0,0.6031692413058927,0.21020995327873515,1.288669035604789,0.9617645440019716,0.4501467460213012,0.8001762840926159
1,-0.2245552839236702,-0.26543138996769583,-0.26543138996769583,1.1650315482927485,0.0,0.0,1.0,0.0,0.0,0.0,-0.10227917926513042,-0.32462489212790113,1.1822323999831845,0.31981493271054734,0.5366559865942173,1.4071669842624348
1,-1.5200182335318246,-1.9543390493494606,-1.9543390493494606,-0.5132201968596207,0.0,0.0,0.0,0.0,1.0,1.0,-1.8617904424360647,-0.22184287212466391,-1.0275381487763957,-0.5536761990853898,-0.7670475073604486,0.7151760456465732
1,-0.43815197784517423,1.5200377161698588,1.5200377161698588,1.5081604894017522,0.0,0.0,0.0,0.0,0.0,1.0,0.07756958678040876,0.15277239197888048,-0.46210399912959854,-1.569077781030646,1.1915850915112474,1.6950746363007712
0,2.9261845389958103,6.545249207006128,3.4593189997762135,6.545249207006128,0.0,1.0,1.0,1.0,1.0,1.0,1.4313413980848448,-0.4125805874411783,-0.13623422736888147,0.3618189212288082,2.276589943108533,0.6249242608993443
0,3.5655759817987134,3.4485563365701446,0.8389355159964492,3.4485563365701446,0.0,1.0,0.0,0.0,0.0,1.0,1.175789414406419,-0.7000100581765498,-1.0529744871904108,-0.2449460396267824,-1.4005768174672562,0.37372988641587324
1,4.580135934633332,2.254770212120576,2.254770212120576,5.425030677013446,0.0,1.0,0.0,0.0,0.0,0.0,1.7405233849449127,1.4489463155782976,1.6950459727597633,0.7877629324011157,0.7923902386586903,-0.20439291771972656
0,1.3754501678212214,2.8008649155334435,1.224299695075118,2.8008649155334435,1.0,1.0,0.0,0.0,0.0,0.0,-0.7114797811660025,-0.7142855005945723,-0.8406760357515579,0.2267248139954613,1.3699024862596207,0.8168936294650123
1,7.183062503204794,4.766999759896222,4.766999759896222,7.292970866136759,1.0,1.0,0.0,1.0,1.0,1.0,1.251397180495763,0.5434229839653254,0.19319843346569066,2.5645682641369087,0.627814033723858,0.9441050146940906
1,3.6857675871202122,4.005057697415742,4.005057697415742,3.675963841361596,0.0,0.0,0.0,0.0,1.0,1.0,2.0787987906498193,-0.12941442579778217,-0.6329225194445449,1.1793568749841778,1.611253616933448,0.7861443074056182
1,6.245758255096058,1.7261772407743514,1.7261772407743514,2.9155390476594625,0.0,0.0,0.0,1.0,0.0,0.0,0.6539838684473882,1.3981676829396237,0.6605115181291097,0.567342158808234,0.4233871602854308,1.4176169372998602
1,5.9607214042924985,1.7451423506857942,1.7451423506857942,6.714696520875162,1.0,1.0,1.0,1.0,1.0,1.0,1.001641938679339,-0.8903064741487112,-0.5118882743293707,1.467207768724685,0.5550016472957222,-0.05254578696444856
0,2.0892855913778448,4.603054652416548,1.7211734019714127,4.603054652416548,1.0,0.0,0.0,1.0,1.0,1.0,1.0851540643844126,1.0163810324483598,0.8294511305187874,0.9700216758879487,1.646492160314215,0.4757996671316995
1,3.797612954388842,0.5278402790744123,0.5278402790744123,3.3668453555149473,1.0,0.0,0.0,0.0,0.0,0.0,0.033749427857037106,0.7171399953915051,0.6379280617983311,0.6487698347318531,2.017819968129606,1.162869644622574
1,1.2976298993977533,2.589808166830612,2.589808166830612,1.7722947083124567,0.0,1.0,0.0,0.0,0.0,0.0,-0.4407362790881124,1.2643047392145128,1.3993587993800225,1.9857256212258565,0.8677989488287481,2.921994934031151
0,1.27923404564025,4.169700934647033,2.0640869363646086,4.169700934647033,1.0,1.0,0.0,0.0,0.0,1.0,-0.24564018294584056,0.8748086240727204,0.8014472198866662,1.1391701593437542,-0.10567497599846831,0.5249107846604136
0,5.175342768750947,5.636694515519856,5.063430438504265,5.636694515519856,0.0,1.0,1.0,1.0,1.0,0.0,2.8339109563627933,1.457190198827762,1.9439726551012912,0.2747616876455726,1.8279802120852777,1.0954604622332584
1,5.333000303101603,3.5873568563870535,3.5873568563870535,7.845528403873006,0.0,0.0,0.0,0.0,0.0,0.0,2.696260696806173,1.8993266246266591,2.557696602214647,1.2609913679100493,1.6616731581872441,2.6110405243972132
1,3.919448338478355,3.199096472786153,3.199096472786153,4.147274717734541,0.0,1.0,1.0,1.0,1.0,1.0,0.8239866643037375,-0.06919507360822741,0.9830858669973518,1.4586305523044334,1.1270475535166482,1.9973663157231072
0,3.6525453299021104,6.634290491698519,3.943393899695437,6.634290491698519,1.0,0.0,0.0,0.0,1.0,0.0,1.8004863375594293,0.22286401065969308,0.22488280155950635,0.656456582660576,2.5095285050785114,0.3973394133902003
1,0.37914970161785877,1.654487112218333,1.654487112218333,1.2025343393052514,0.0,0.0,0.0,1.0,0.0,0.0,-0.3331824823627685,-0.5345490868596057,0.6262009764185354,0.4313441172497746,1.4753011486728145,1.5478350475940554
1,0.29751317058246185,-0.271374616313928,-0.271374616313928,2.65091334440236,0.0,0.0,0.0,1.0,0.0,0.0,0.20183006470991122,0.23814397735428378,0.5621767131922697,-0.13786151185719264,0.1374031532030946,0.09321151590831711
0,0.32810995358435857,-0.9495538610432769,-3.2298343691771505,-0.9495538610432769,0.0,1.0,1.0,0.0,0.0,1.0,-1.6562669289187908,-0.33427757128933755,0.40904311154272,-1.1673696599070513,-1.010376708514256,-0.1080161141662539
1,2.5767762702867696,2.0378350124961515,2.0378350124961515,0.43043607022223496,0.0,0.0,0.0,1.0,1.0,1.0,-1.1661358030860798,0.5058967657999808,0.0863529463214383,1.1766120213001168,0.10344052661603897,0.44128549729084043
1,5.952474329792511,5.099935188254087,5.099935188254087,7.039627407506198,0.0,1.0,1.0,1.0,0.0,0.0,1.6332772581104726,1.5034167673296435,-1.250217729100183,-0.0807691918643868,1.6137627011199234,-1.3173847843436093
0,4.574178666239527,5.403817152008849,3.724688644109964,5.403817152008849,1.0,1.0,1.0,1.0,1.0,0.0,0.5246548838704587,1.4907481866291081,0.20179490956152363,2.494846322083614,0.8220926938898623,2.178160835028719
0,0.8096748454723192,3.7098120699874118,-0.7116630389643923,3.7098120699874118,0.0,0.0,0.0,0.0,0.0,1.0,-0.12149570793704578,1.728673505849464,0.47397281200862523,-0.4310909113347685,1.750910236896126,-0.7844177970219728
0,3.963351168364865,4.949942490234431,3.6459757192204245,4.949942490234431,0.0,1.0,0.0,0.0,0.0,0.0,0.6349418837644958,1.8232661172372802,0.7495642754241312,1.616503471750407,0.7367970325567337,2.167065922231572
1,5.762582389049932,1.8892916524437644,1.8892916524437644,3.751570148820918,0.0,0.0,1.0,0.0,0.0,0.0,1.935923817442809,-0.4199112138598786,0.7764750849303901,1.0899534018450028,0.19081681252022664,2.0405478897980016
1,1.6518942542704018,0.9315941169122621,0.9315941169122621,3.1457668193274078,1.0,1.0,1.0,0.0,0.0,1.0,-0.026891577890038376,0.43114147072055764,1.4936057337950381,-0.24948738530915815,1.769021467466206,0.671981490738063
1,1.0285487481864584,-0.877971744828631,-0.877971744828631,1.4157382240224874,0.0,1.0,0.0,1.0,0.0,0.0,-1.1372456857879942,-0.04243663629389893,-0.5419329449295467,0.11380486920111554,2.2752641278462633,1.3201450059986044
1,3.9249327464177237,4.123639855161292,4.123639855161292,5.385959460052449,1.0,1.0,0.0,0.0,0.0,1.0,0.9099241087739238,0.2995647655849829,0.9087819408945805,2.0518849011974836,1.1577732779250312,0.4134540357491474
0,2.0755969539532293,5.650270602251426,2.0075350500984945,5.650270602251426,1.0,1.0,0.0,1.0,1.0,1.0,-0.49450846921222047,1.2745119705696153,0.7623426951837544,-0.33666443172929594,0.8010693594650442,3.7854273289754685
0,1.9789107226082903,2.1318596717214073,2.399401679890661,2.1318596717214073,1.0,1.0,1.0,1.0,0.0,0.0,-0.7969348887213259,-0.033535233145778554,-0.5653531497758828,0.6455871097557863,0.37290040370594657,1.0850725378945185
0,3.660965825098752,5.143471772576887,4.185568837650329,5.143471772576887,0.0,0.0,0.0,0.0,1.0,0.0,1.409696760521201,-0.02097090564517967,-1.3059788691876366,1.4542534098765505,1.2242332306178052,-0.03140080635136977
0,2.6076525185951884,2.7675933601278526,2.0513342257117726,2.7675933601278526,0.0,1.0,1.0,0.0,1.0,0.0,0.802109279056334,1.382144265767042,1.3277818912459414,0.3719341504914293,2.438510834188379,1.3512809816391707
1,2.556032056027686,1.060667956043024,1.060667956043024,3.7875157378116846,1.0,0.0,0.0,0.0,0.0,0.0,0.779009145189504,-0.3436834545540216,1.1190122029640324,-0.7481185426190906,1.0388061440025724,1.2817052895811454
1,4.212141616062771,2.8129582276069742,2.8129582276069742,5.110324417930851,0.0,1.0,1.0,0.0,0.0,0.0,0.5526642117317078,0.9944359461524662,0.9973180508669099,1.4812608765889619,1.323125759142606,1.5066720724044464
0,-1.5780640057663535,0.6456676099902066,-1.7685170871709255,0.6456676099902066,0.0,0.0,0.0,1.0,0.0,0.0,-0.788619249522877,-0.4243450577745027,0.19545324050445545,1.5517928758472939,-0.026782887720862902,-0.24037463831669292
0,2.929515337639172,4.45835099290454,0.9235956667127576,4.45835099290454,1.0,0.0,0.0,0.0,0.0,0.0,0.12559037659261035,-0.021158882116751987,-0.3532790036855109,1.147393167079435,2.3348240388189843,2.24747716065287
1,4.2151566524257325,1.971763740305068,1.971763740305068,5.004743502215925,0.0,1.0,0.0,0.0,0.0,1.0,1.5972488191899223,0.6047502909039562,-0.30003347503615263,0.3013536156609291,0.8276496280217751,1.211456237581133
1,8.093819380706648,5.949992805163725,5.949992805163725,6.38400807527798,1.0,1.0,0.0,0.0,1.0,1.0,0.895667644950993,2.266927408377101,0.24072361660718156,0.7490741622412491,0.27369431492406215,0.8083505008590999
1,2.698416932370662,1.6293627588883468,1.6293627588883468,3.310542076579759,0.0,1.0,1.0,1.0,0.0,1.0,0.8802389943849591,0.2805124708685978,1.1676193425326775,-0.09520866549541152,0.8717979748804457,3.162847320134832
1,4.970851382491883,1.7147273327600292,1.7147273327600292,2.007053248724026,0.0,1.0,0.0,1.0,1.0,0.0,1.1657330094875684,-0.524221588367805,1.7593750879401975,2.7596334085704166,2.2005996693688865,2.176708431092081
1,3.397839532862455,2.904200615883422,2.904200615883422,4.624565571010339,0.0,1.0,0.0,0.0,1.0,0.0,0.3416657756662138,2.139542243976238,0.05629616773505852,-0.8902017981145609,1.582853800984712,-0.652572233621384
1,4.2945163279372895,0.40705418469453813,0.40705418469453813,2.6458756311306653,1.0,0.0,1.0,0.0,1.0,0.0,-0.0015948175689531885,0.13019572489171194,1.028618779360027,2.0239671530047403,1.1740278522428547,0.18615437932800383
0,2.752807805188301,4.103685785176576,3.3219222428767323,4.103685785176576,1.0,0.0,0.0,1.0,0.0,1.0,1.452205245573379,0.6405629527721632,0.7360541679204875,1.0815629369625728,1.7321265752378772,1.0533763976930859
0,1.1193587160561085,2.8484326496845918,3.3332735118294377,2.8484326496845918,0.0,1.0,0.0,0.0,1.0,0.0,0.43530097329665723,0.9960737831778013,2.0500540351205583,0.9916927970488983,0.7466687224654742,-0.08384461072340432
0,0.10410580909240386,2.547055473278045,0.9771511155262719,2.547055473278045,0.0,0.0,1.0,1.0,1.0,1.0,1.1283686094059031,0.1550760736777062,0.8814666751568003,-0.5540485336766536,0.44058951648772204,1.6420171952243212
1,8.64717095774048,3.9201032246568435,3.9201032246568435,8.963399488426996,1.0,0.0,1.0,1.0,1.0,0.0,2.2985354909048716,1.6577958503771582,1.710354544992679,-0.37112341420457184,1.7517991989614927,1.8267163188902271
1,5.504560514019494,3.0419106523984105,3.0419106523984105,7.907095830149148,0.0,0.0,0.0,0.0,0.0,0.0,1.8524859957293252,2.4120549055477354,1.7513047584605814,2.7688648791556423,2.1091492484295626,1.533245815197318
0,2.6793004730666445,4.74270418871566,3.559321535495253,4.74270418871566,1.0,1.0,0.0,0.0,1.0,0.0,0.17918560907185715,1.3711576342865837,2.2484886907685744,1.613561766357471,3.301112680365203,1.6334878235867296
1,5.1430102389225,4.545383206531852,4.545383206531852,7.2639381512682535,0.0,1.0,0.0,0.0,0.0,0.0,1.512631047914767,0.5417570774316705,-0.5664046077151637,1.358531977741567,0.6887500330379246,1.4068334931353477
0,3.054385113921971,4.55942021508594,3.252381074832523,4.55942021508594,1.0,0.0,0.0,0.0,0.0,0.0,1.3959540828409254,1.1067499620192809,1.5802667047248955,0.09017277769037263,0.9532088419874232,2.0655830063051956
0,3.0108214183690882,5.532758629813978,0.9450323965781944,5.532758629813978,0.0,0.0,0.0,1.0,1.0,0.0,1.526691406514318,1.8949934417599121,3.001020915273191,0.8126197014034209,1.2471407898136433,1.3691156322749882
0,6.974825730400262,7.594550810652466,4.5526456178343,7.594550810652466,1.0,0.0,0.0,1.0,0.0,1.0,2.3481256482052952,2.0924288143654364,1.4525989141487456,1.0759937354847602,0.8364358176164848,1.5676052133145753
1,6.367588097688645,0.7454531770569215,0.7454531770569215,5.29087156192804,1.0,0.0,1.0,0.0,0.0,1.0,0.134518082180975,0.16737422219010478,-1.3415248488806615,0.19680084582739948,1.6558933774097515,0.8936563294768731
0,2.60154868435407,3.4272649322263913,0.9406906950498928,3.4272649322263913,0.0,0.0,1.0,0.0,1.0,0.0,0.5327205721012067,0.6015916498380531,0.11595176315297928,1.6014450523335477,1.1352938732098727,0.7312827904484729
0,-0.7587682405763309,0.4646671579572894,1.7154050938037662,0.4646671579572894,1.0,1.0,0.0,0.0,0.0,0.0,-0.7465847322713635,-0.07751062935822384,0.4521312187893708,-0.8837379892133499,-1.2946458386718058,0.06566487375696373
1,6.845995639184885,4.790207635997673,4.790207635997673,6.484302424939696,1.0,0.0,0.0,1.0,1.0,1.0,3.25480454087058,1.3269406165660145,1.9045368274344545,-0.63279624878199,1.395110650798907,2.520245867444576
1,6.3994942069120375,3.5359595841164637,3.5359595841164637,8.12194784139608,1.0,1.0,1.0,0.0,0.0,0.0,0.7562963583018854,1.4011179089692631,0.35141260966200616,0.046705085077704545,1.7501317034498707,1.0519760604474948
0,2.4825330992962553,4.08300425550621,1.2309898425028871,4.08300425550621,0.0,0.0,1.0,0.0,0.0,0.0,0.7870312133549875,0.9177679788547874,0.09363068749797038,1.7185879229448602,1.0337420274842564,3.3686566831492484
1,2.7799604705142293,1.9748356359165429,1.9748356359165429,3.582470735468063,1.0,0.0,1.0,1.0,0.0,0.0,0.30554333431774905,-0.2502392320793798,0.7044169584661805,2.6078456618660564,1.3059587582047631,-0.37835346890068267
1,2.8598611895920207,3.1458264764877777,3.1458264764877777,3.617932646309459,0.0,0.0,0.0,0.0,0.0,0.0,1.389996434835809,0.24493694985805536,-1.105414766594563,-0.23227231102977597,0.8571484297211076,1.0092055929693244
1,-0.20458580698719042,-0.4369489476328213,-0.4369489476328213,0.6577416383573661,0.0,0.0,0.0,1.0,0.0,0.0,-0.32867301905085633,-0.24869263149207965,0.7239954775309336,1.3240186076792484,0.9961910330114631,0.15950220675249427
1,3.974559263234558,1.093185863862196,1.093185863862196,2.3580535942537804,0.0,0.0,0.0,0.0,1.0,1.0,1.3234587969760871,-0.6118433406841433,0.4103342565655043,-0.7267983837293057,-0.22780984112538816,1.1410473493320046
0,4.082955899105922,3.685995527614322,4.31569865052575,3.685995527614322,0.0,1.0,1.0,1.0,0.0,0.0,0.5733313471809158,1.6416017960713298,-0.0355058559591922,0.44389964782580504,0.10023498807740916,0.11683393171069523
0,-1.093698329861657,2.3467336418874383,2.0204552112805834,2.3467336418874383,0.0,0.0,0.0,0.0,0.0,0.0,0.43523779096790827,0.29641307979793974,0.5131341313888114,-0.656494495575118,1.9218548238707367,0.7556654623313972
1,6.437610953867403,2.915625352037757,2.915625352037757,6.353371100810233,1.0,0.0,0.0,0.0,0.0,1.0,2.1923447496624386,1.138762930330865,2.2856082353554252,0.014961636501400366,0.346510219042923,1.0298310277463483
0,1.1808408120436096,3.2500941191696353,1.048320681213895,3.2500941191696353,0.0,0.0,0.0,1.0,0.0,0.0,0.2640486884965296,2.0269636235585744,1.463096340769801,2.002559744358513,1.0139030453840057,2.4978639684653334
1,1.3369377615625344,-0.12370069370137338,-0.12370069370137338,0.5766926152337786,1.0,0.0,1.0,0.0,0.0,1.0,-0.32871111801287967,0.7305192606168204,1.0813463783021193,0.17263002569864805,0.6343483549733666,1.7257481018187821
0,0.6355078943176018,2.412435879258252,2.0061299040509963,2.412435879258252,0.0,0.0,1.0,0.0,0.0,0.0,-0.07417124697161137,0.7605611402871411,0.9507074777618147,0.567115744286336,0.8599586656811694,-0.1579897434837385
0,4.073816689360729,6.054502350492544,4.637168422479012,6.054502350492544,0.0,0.0,0.0,0.0,0.0,0.0,1.4034831429752923,1.7679058331596011,0.19521609586909955,0.8616206893536487,1.4688691883823508,1.2942218432058605
1,2.503604137300425,1.2064615191402592,1.2064615191402592,2.155134527658663,0.0,0.0,1.0,1.0,1.0,0.0,0.6882397770816412,0.2397734309315872,-0.6574967679454584,0.4364976005833084,0.11943322701106318,0.8807480304981554
1,3.6905721513232304,2.28071211240207,2.28071211240207,3.72704992422967,1.0,0.0,1.0,0.0,0.0,1.0,0.16340412992573106,1.3305403586275657,1.5029160680016307,-0.5460845946592925,1.789252065737758,1.2818369634712168
0,2.992561745184995,4.781293133265654,1.1338415442751102,4.781293133265654,0.0,1.0,0.0,1.0,1.0,0.0,-0.27755454296018967,2.200416317018491,1.461734325115246,1.8257884658706316,0.6041693283384523,2.0417304687296296
0,2.3188696617629594,2.9564162802463168,2.949139336906703,2.9564162802463168,0.0,0.0,1.0,1.0,0.0,1.0,0.4482853791248622,0.6778450879231057,1.0339483393701343,-0.08881139100006119,1.706647942142857,1.525650801173772
0,1.2055969894227219,3.2974147891945873,1.0714759922001162,3.2974147891945873,1.0,0.0,0.0,0.0,0.0,1.0,0.9806992024716188,0.3640441945977083,2.0525260184172964,1.6552878259179442,2.247549806509785,0.5753507686692536
1,8.237098021066698,5.811668019974591,5.811668019974591,7.624971416463641,1.0,1.0,0.0,1.0,0.0,0.0,1.4410486779096825,2.2047759198902868,-0.36715246908724863,-0.4660531042991767,0.07508669664883083,1.311176434868936
0,1.82526545377235,-0.418252827461429,1.7628853999798793,-0.418252827461429,1.0,0.0,0.0,1.0,1.0,1.0,-0.6000339662021641,0.1684178782736594,-1.2958172500749758,-0.7971698941921024,-0.22656429001699996,-0.17416609907997604
0,0.7748489149135952,2.1574918119431112,2.2311240403713515,2.1574918119431112,0.0,1.0,1.0,1.0,0.0,1.0,-1.190565664704547,0.7876829189839711,0.47487887652995164,0.17761439644654875,-1.8497066745269262,1.2298713165659003
1,4.990890201863114,3.4958709954777083,3.4958709954777083,3.8181797637350856,0.0,1.0,1.0,0.0,0.0,1.0,0.4587480434389565,0.5722025094316271,0.5583545767437925,2.758905312597105,0.17523783985596575,-0.10790863894315139
1,4.393036724223031,3.742287491979635,3.742287491979635,5.145214165441461,0.0,1.0,0.0,1.0,1.0,1.0,1.412977532839267,0.7170358449941949,0.5077955014556116,-0.07572412320036581,1.5065655295889273,1.1821439465320944
0,3.000077105685106,1.7305801500864242,3.176570369813236,1.7305801500864242,0.0,1.0,1.0,0.0,1.0,1.0,0.06845598816657794,0.26512076173687593,1.3820142995097169,0.9068559287678496,3.0703967518211033,1.4007271254280513
1,0.03533673117451121,-1.262369958139477,-1.262369958139477,1.1029772422083015,0.0,0.0,1.0,1.0,0.0,1.0,-0.5070561271268075,-1.486327293123482,0.4945185859309954,-0.634564741439287,-0.6388610803961532,0.8944684017208593
1,2.720222918567856,-1.6061788608447332,-1.6061788608447332,2.354784767014454,0.0,1.0,1.0,0.0,0.0,0.0,-0.735806548313215,-2.056738347841438,0.30798911640764914,-0.6932626548227017,0.9125197110103005,-0.7872157237015469
0,3.214798697139625,8.582517439652213,5.270455423122813,8.582517439652213,1.0,0.0,1.0,0.0,0.0,0.0,2.3311880738836464,2.4465894261327277,2.424384524424874,1.9678155904724808,0.745224284268605,2.5184530271262635
1,5.5288741624217845,4.712786412256278,4.712786412256278,4.155424640116881,1.0,0.0,1.0,0.0,1.0,0.0,0.7316729276472603,1.4542881453213425,1.1754425448816237,0.9098444908276049,1.6110308373511613,3.8327756063977216
0,-0.3087428945020423,-0.01630520131723412,-0.18994990284130148,-0.01630520131723412,0.0,0.0,0.0,0.0,0.0,0.0,-0.6714998943285149,0.9255893006832603,-0.13989674503355742,-0.8797612948523323,-0.5080239099997574,0.055628483295258824
1,5.007979988409259,1.8392210734463936,1.8392210734463936,5.098610590936836,1.0,1.0,1.0,1.0,0.0,1.0,1.0087886973670974,-0.1932673831107189,1.7723450256672817,1.2550504506384685,0.9525397542165682,1.281911088950621
1,0.31615431490156976,-0.5161098384141536,-0.5161098384141536,0.8346557405529003,0.0,0.0,1.0,0.0,0.0,1.0,-0.7548290735888801,-0.20922386616819066,-1.6756241810521262,-0.5488299626135205,-0.1639478272678847,0.24024306270513773
1,4.90684955967618,3.389222818557209,3.389222818557209,5.787730802142274,0.0,1.0,1.0,1.0,0.0,0.0,2.2093419452004497,0.8952799941531538,1.6060917348209567,1.0513804407838967,3.5710905404708937,1.983698905788049
1,0.42766747842030056,-0.4091295359333991,-0.4091295359333991,2.5276114199778354,0.0,0.0,0.0,1.0,1.0,0.0,0.1243436758323121,-0.371902083623304,-0.09717274116637986,-0.6221305471118734,0.23788394384184108,0.6828709758619447
1,5.891138652367431,2.6431162950562523,2.6431162950562523,4.756256444278625,0.0,0.0,1.0,0.0,0.0,1.0,1.098715605754121,2.403394369350898,1.0442474294832504,1.4289721608108934,0.5698850672648769,2.9639017734255493
0,5.211387175672802,6.6592147255562635,4.531994697862252,6.6592147255562635,1.0,1.0,1.0,0.0,1.0,0.0,1.1402775690309719,1.4527673124941654,0.743882357350415,0.9259418257342178,2.9588006861001137,2.8181187139876585
1,0.4380852908723081,0.9327528008991602,0.9327528008991602,0.23561810544536554,0.0,1.0,1.0,0.0,1.0,0.0,-0.5825689891417907,-0.34270228082016363,0.7790134351153002,-1.0073204522536279,0.3977626444952931,1.132431006449516
0,2.5270274633804157,1.6089409948415883,2.4579031530607054,1.6089409948415883,0.0,0.0,1.0,1.0,0.0,0.0,1.0246296290819448,0.26649955230625555,-0.886296619940036,0.0644313702849949,1.2492541491285811,1.1753695502585404
1,3.237981179302547,0.7632947181668256,0.7632947181668256,4.761597144057223,1.0,1.0,1.0,0.0,0.0,0.0,0.41036717213097296,-2.522371271069466,-1.4726102898176587,-2.2051887948513063,-1.629740340617833,-0.043489917231318787
1,2.1893859986489055,0.982897776340539,0.982897776340539,4.55786603511502,1.0,1.0,0.0,1.0,0.0,0.0,-0.9634836132099449,0.8241811332829087,0.7589776113220263,0.026680198911049224,1.6110293136268894,0.9764162076636317
0,2.590461642286022,3.5584374191643073,3.4007029348118802,3.5584374191643073,0.0,1.0,0.0,0.0,0.0,0.0,0.10433809510875802,1.8929246732150076,-0.49551939085904295,0.34606977535481714,2.0029035604092154,1.5068509194749042
0,3.825473840452075,6.267203334101176,6.526365334939533,6.267203334101176,0.0,1.0,1.0,0.0,0.0,0.0,2.0885865887254367,1.9159337794805642,0.08087589316698662,0.4473857567020868,1.9597325252568671,0.4527461977254159
1,6.046231494177355,3.7323856255856867,3.7323856255856867,7.596539201080658,0.0,0.0,1.0,0.0,0.0,0.0,0.5530374194393992,2.6351176359728727,0.7987841946594486,1.3447042993917535,1.284895588221049,1.4707457259857966
0,2.638981886278668,4.296031706892444,3.7053940093450004,4.296031706892444,1.0,0.0,0.0,1.0,0.0,1.0,1.5645473847236595,-0.6521219292837268,0.6506684240035683,1.9574611631422587,1.3084784152485978,-1.0840382412675895
0,0.7350076900107403,1.9473565780054856,-0.12216185996776463,1.9473565780054856,0.0,0.0,0.0,0.0,1.0,0.0,0.7984409082085351,-0.19927947287253445,-0.5276410505035776,-1.4744250344245855,0.20200779573433658,-0.6869482396883866
0,5.542168171739861,9.602985644151921,6.290289167887092,9.602985644151921,1.0,0.0,1.0,0.0,0.0,0.0,1.9854009169356401,2.825463872676916,1.1801248242109585,0.8813996833623309,2.683124533966229,3.137904087899928
1,3.703345974307673,1.63689720032527,1.63689720032527,4.673783861934391,0.0,1.0,1.0,1.0,0.0,0.0,0.5256340410791502,-0.1444241065193551,-0.5981998037216627,1.742553409021014,2.338047939916149,0.7159692910039982
1,5.286444408721476,3.7323351149962303,3.7323351149962303,4.4821816290967185,1.0,1.0,0.0,0.0,0.0,0.0,-0.1850513366841472,0.9719022309035648,1.1685176829621606,1.1674934367813365,0.7251986756579196,1.181654419607397
1,0.726943365902023,1.2340079019235173,1.2340079019235173,2.798049646916022,0.0,1.0,0.0,1.0,0.0,0.0,0.6597066836683406,-0.43164710325939004,1.1328747383491995,-0.07363383467761464,1.2766165679534847,1.6221376470018596
0,4.6455176925661075,5.227145032151245,2.261458687071396,5.227145032151245,1.0,0.0,0.0,1.0,0.0,0.0,1.322276525127652,0.6131143032168991,-1.2848145419923904,-0.2145771011378479,0.8841362641070512,1.1512681003041356
0,0.6406093704304586,0.9727000293956736,0.5106962095992439,0.9727000293956736,0.0,0.0,1.0,0.0,1.0,0.0,-0.5113605067806906,0.029542758005097425,-0.35637565283335004,1.4155136751631185,1.4890964764853085,0.15689258605143108
1,4.586226527356866,2.5589260581414126,2.5589260581414126,7.503292571367951,1.0,0.0,0.0,0.0,0.0,0.0,2.068099289405624,-0.2978184320177367,0.47883780496769573,1.5573823466332521,1.378322265636561,2.2649291687002684
1,2.5830821529251606,1.5924897150395538,1.5924897150395538,3.416044796729887,0.0,1.0,0.0,0.0,0.0,1.0,-0.093455566556786,1.568519290605706,0.5943603230147338,0.8722112307740743,1.0931895734330892,2.0217241149253855
1,4.008846607949256,2.984301954583119,2.984301954583119,5.29774623335802,1.0,0.0,1.0,0.0,1.0,1.0,1.0829174430205941,0.0017200039480474438,0.36969339328352624,0.21233553888673606,1.1893870006358225,2.0053758261780312
1,6.45388684111713,3.4841442629409616,3.4841442629409616,7.201938954423126,0.0,0.0,0.0,0.0,0.0,0.0,2.8039013441346827,1.221097774336302,0.8805375433975494,0.6102917021561985,-0.4164525271081183,0.34393265336480305
1,5.152472009109356,4.066231314498284,4.066231314498284,3.9493131669783352,1.0,1.0,0.0,1.0,1.0,0.0,-0.009813784739050146,0.8681831555785771,0.41501041432678243,-0.7866561312703897,1.8303469461820536,1.3035926813974923
1,4.276077022193435,2.9688331849274903,2.9688331849274903,5.661668215231002,0.0,0.0,1.0,0.0,0.0,1.0,0.5702020490372296,1.3546554195935938,-0.92055279738033,-0.003473699215835846,0.7478958671319971,0.8283746396408933
1,8.603528047926677,4.258461182622885,4.258461182622885,5.763991053811075,0.0,0.0,0.0,0.0,1.0,0.0,1.183043965424957,2.0339044584372163,0.372115478409504,1.4934726648756085,1.408302550265238,2.2367885822097477
0,1.6861817067013174,1.305236136463519,1.2509318746862819,1.305236136463519,0.0,0.0,0.0,0.0,0.0,0.0,-0.3727808375478958,1.2651919894220163,0.9648722598485051,1.1148150048627534,0.33464906889529933,1.647449342376441
1,2.728728458894542,1.6020800686905057,1.6020800686905057,3.716275540095675,0.0,0.0,1.0,0.0,0.0,0.0,0.4536125670538078,1.5243090060650115,0.7138328245213291,-0.13326080664856277,-0.4870652843913501,-0.7589197611155583
1,2.911918173992164,2.480572934109786,2.480572934109786,4.006965279471132,1.0,1.0,0.0,0.0,0.0,0.0,-0.60086879782496,1.3021360247039646,0.6206056025807497,0.6378086969389802,1.4486921626818163,0.2612861046978783
1,4.51114089589505,1.3553206809382545,1.3553206809382545,5.346785111870709,0.0,1.0,0.0,1.0,0.0,0.0,0.9678358502701346,-0.4429078501017589,0.12907356450997393,0.7685399372559423,0.9940671226738023,0.6217844830384271
0,2.294273282148855,4.814569098433463,3.7442800702954235,4.814569098433463,1.0,1.0,1.0,0.0,1.0,0.0,-1.0634014272024823,0.5406460098373718,0.3082890944548165,0.3393396591727263,1.5047915121233058,1.3246119317007417
0,1.0951387945819127,2.986047427493887,1.1295918733762504,2.986047427493887,0.0,0.0,1.0,1.0,1.0,0.0,0.011937772602785113,1.0158328552508977,0.685986296687449,-0.9714027155588127,1.8346591718752814,2.08138249175253
1,3.537423403661939,4.091182522154269,4.091182522154269,4.8077402819993384,0.0,0.0,1.0,0.0,0.0,1.0,1.2607734123449812,0.3483191860825694,-1.0195801935123519,0.27197500457728,0.26621003129431886,1.3110195998275334
1,2.4290692051300784,1.5508520143884899,1.5508520143884899,0.8294811151085784,0.0,1.0,0.0,0.0,0.0,0.0,0.38131629638284553,0.29833154455149535,2.0273883944454756,-0.0019546539312766953,0.718938655644485,1.4445358338454266
1,4.197765768714567,1.522426394912511,1.522426394912511,3.7045372702229287,0.0,1.0,1.0,0.0,0.0,0.0,1.2729868806080842,1.273379854218842,2.6548334556175326,0.15355844200105867,0.18031528739712666,-0.16197314846086197
0,2.220862201027405,1.4466238145470862,0.09935563282919713,1.4466238145470862,1.0,1.0,1.0,0.0,0.0,0.0,-0.5676234555273365,0.1235359674870537,0.5284509003376754,-1.2597480550961435,0.9837729574883501,-0.3164368643840909
1,0.6592927853730398,0.5415929395695004,0.5415929395695004,0.712278568521621,0.0,0.0,0.0,1.0,0.0,1.0,-0.21638925125741637,-0.07991116240788187,-0.4629176790861309,-0.6472186714368307,0.06021327910785712,0.9630506650807631
0,3.367448231649366,4.380834984441021,2.4681187994990275,4.380834984441021,0.0,0.0,0.0,0.0,0.0,0.0,2.0038916725364393,0.3128741272905833,1.4748098844645854,0.5698488713612939,2.250171592293318,2.405976114126093
1,1.269126298459923,0.7800539201748997,0.7800539201748997,0.7417097002455646,1.0,0.0,1.0,0.0,0.0,0.0,-0.5578851738087256,-1.1836078432533257,0.4468114941718907,0.21276311601869602,1.3642477761530092,-0.3608058018872564
1,3.0413333803454,1.3670830697954075,1.3670830697954075,1.6306954340398108,0.0,1.0,1.0,0.0,0.0,1.0,0.47326266543131534,0.15626127920216337,-0.24756946264668878,-0.8934726873022834,2.0789222146347477,2.3380323012943087
1,1.3446737503864927,0.20624212508125916,0.20624212508125916,4.941257161935129,0.0,1.0,0.0,0.0,1.0,0.0,1.2595463765898312,-0.42683719504715223,-0.4526459880432889,-0.4650034304023767,0.4995726003082628,1.2050460275717578
1,8.819467157722206,5.406845099700568,5.406845099700568,8.286359596024022,1.0,0.0,1.0,0.0,0.0,0.0,1.933253313564385,1.1372964573561688,-0.027100655744319524,2.28266294648016,1.7810251478268695,2.074630537891323
1,4.205061415249569,-0.35416838290908337,-0.35416838290908337,2.882289151595799,0.0,0.0,0.0,0.0,1.0,0.0,0.6426066821327572,0.9172510149375301,1.2673254380038717,1.6390298121569438,2.35466101942841,0.41108696650264887
1,5.01028850801039,3.297311159017088,3.297311159017088,4.2108437292781575,1.0,1.0,0.0,0.0,0.0,0.0,0.9348414696628172,-0.6907347616462236,0.9445331456119552,-0.027587775859510444,-0.49067348465746097,1.2797728310519563
1,4.534276129657612,3.83366390127899,3.83366390127899,6.573085133787449,1.0,1.0,1.0,0.0,1.0,0.0,0.06614979514850822,1.1045849586922545,0.8939690014409556,2.212905083561127,-0.46705235220124686,1.6430214943478982
0,0.29056624764551753,4.501268934398254,1.7405167920784064,4.501268934398254,0.0,0.0,0.0,0.0,1.0,0.0,0.2640914199228721,1.4454031532768468,-0.3383195142002896,-0.7586064567683604,1.2430717671702027,0.08233991585313172
0,1.8470584549896856,4.46454267432693,2.8293023887291215,4.46454267432693,0.0,1.0,0.0,1.0,0.0,0.0,0.2754319631329874,0.3288058127732458,1.011189371677322,1.873406903521607,1.7707560557135198,0.7826332300059928
0,-0.6644073049161854,2.767341721728356,0.3381504063269325,2.767341721728356,1.0,0.0,0.0,0.0,0.0,0.0,0.4149250550717708,-0.07298188847398646,0.7526151186977189,-1.461369137685076,0.6384317617386392,0.1332882464654216
1,5.458739629628611,1.6880928155663826,1.6880928155663826,4.97990811917221,1.0,1.0,0.0,0.0,1.0,1.0,1.126969361421796,-0.2503394592695549,-0.13980210077338706,0.8348070480092005,0.9842741212343196,-0.30414737715267126
0,3.273207791073383,4.428224107707789,2.1940981788969287,4.428224107707789,0.0,1.0,0.0,0.0,0.0,1.0,2.3239102400119815,0.29096836163705986,1.8042564788976498,0.7041360485792147,1.4499900419884468,2.3661806626236936
0,-1.4735834298789214,0.26845300195508986,0.6005143349890718,0.26845300195508986,0.0,0.0,0.0,0.0,0.0,0.0,-0.04028638143107488,-0.8734957815987299,-0.7393858975307404,-0.6976442479781393,-0.40236684894592156,-0.08568365602692118
0,0.709213500017972,1.2580496947381514,2.8934258290340553,1.2580496947381514,0.0,0.0,0.0,0.0,0.0,1.0,0.5756513309700987,0.2121302942020405,-0.5341957714138661,0.11988428251408267,1.8731454065823923,0.2869511762774105
1,4.554260925119976,3.6177921569210048,3.6177921569210048,3.5615386419925668,1.0,1.0,1.0,0.0,1.0,0.0,0.528985708468366,-0.5438389135995378,-0.34866869573187775,-0.19958359698006245,1.5642707601858126,-0.35034305051802805
1,4.349678944867661,2.258582890273314,2.258582890273314,3.709067855801935,0.0,1.0,0.0,1.0,0.0,0.0,0.3749352625958438,0.39807223745897713,0.04010305134998876,1.9572991297074838,1.7682758214951382,0.4872788141149923
0,0.9002260164480121,3.019324324793298,2.0227760946770394,3.019324324793298,0.0,0.0,0.0,0.0,0.0,0.0,0.8281992870045729,1.3569664902073109,1.7067782298030651,1.6653140699928977,0.9331085975586209,2.0166416629647954
1,0.6077675377108616,2.543978120518236,2.543978120518236,3.443485291990044,0.0,0.0,1.0,1.0,1.0,1.0,1.0603751227107396,-0.06685134059384479,-0.5519760805931251,-0.20989179646701317,1.2552483583888883,0.7613817918439283
1,2.567910307407078,2.9296976388689364,2.9296976388689364,4.238923293791763,0.0,0.0,1.0,0.0,0.0,0.0,0.8927017492483177,0.3313732511649276,-0.5953133523487608,-0.027427296818027913,0.584608956425307,0.08769212629442846
0,1.087977707312252,4.150079025290838,-0.36227560624020283,4.150079025290838,0.0,1.0,1.0,1.0,1.0,0.0,0.6868599626518974,-0.8017907749469142,-0.9559500984040648,0.004013417153238108,0.4457877516999281,1.0713682061899283
1,5.0403326379878095,0.9024392617177619,0.9024392617177619,3.7435834065739297,0.0,0.0,1.0,0.0,0.0,1.0,0.8995540893099467,1.6167221770600886,1.387552832862708,-0.27257416175999194,3.0146929983257835,2.3781644247434994
0,3.126366939667445,5.172940896576639,1.6082561395900594,5.172940896576639,0.0,1.0,0.0,1.0,0.0,1.0,1.5318293047524327,0.6834994946055243,2.5626553108883283,0.8301231756073464,0.7738441767999324,1.5707575221792744
0,0.21079269058207828,0.8487670238171674,1.4694488194096411,0.8487670238171674,0.0,0.0,1.0,1.0,0.0,1.0,-0.6815320353487664,0.8964208543503291,-1.1744481218506841,-0.590045139285742,0.21559396725216073,1.4848293457959867
1,6.2093298667935635,3.7789862237966183,3.7789862237966183,6.448397105838051,0.0,1.0,0.0,1.0,1.0,0.0,1.1124582588050607,1.4747859713911335,0.387211256805686,0.3026446974265977,1.2719994565584078,3.421739184858746
0,3.0484850922523363,4.688677759668161,3.3601570314091997,4.688677759668161,1.0,1.0,0.0,0.0,0.0,1.0,0.264042530229048,1.6075349383251305,1.361457785425069,0.38287936574294457,2.1323120777835385,1.8095290213060007
1,0.7520032772032627,-0.8789312617500116,-0.8789312617500116,2.439562037726126,0.0,0.0,0.0,0.0,1.0,0.0,-0.5652560935100901,1.0293143533818916,0.17402777744833187,-0.7507766777528588,0.03177286613786068,0.9260194071374455
1,3.4292573902949286,2.5174844125448335,2.5174844125448335,5.3486361767045905,1.0,1.0,1.0,0.0,0.0,1.0,1.4451947214066503,0.20569208751127277,1.5365622843472195,-0.2532115484045122,1.4511045403539484,-0.7278132549095888
1,3.455368778291734,1.9844271958835016,1.9844271958835016,1.2407005399586437,0.0,0.0,0.0,0.0,1.0,0.0,-1.2953032944497338,0.6772390543688307,-1.807873854856275,-0.5531035333638781,0.47913273490312647,2.0160742679654646
1,2.8120229705441293,0.20566697338083872,0.20566697338083872,2.4951069822016887,0.0,1.0,0.0,0.0,1.0,0.0,0.01871554287772398,1.1995896742577599,2.514872481995639,0.371282620822552,-0.44968438809065825,0.6438661056699153
0,1.5190515208809123,5.459527061227717,1.6910302110551645,5.459527061227717,0.0,0.0,0.0,0.0,1.0,0.0,1.6425967055104291,0.1387808314629616,0.27648163127794373,0.25301125420903225,2.331402086845652,0.8611464927666517
0,1.954749258146834,4.047669573377432,2.909849998816447,4.047669573377432,0.0,0.0,1.0,0.0,1.0,1.0,0.09278053466454639,1.2786019978114367,0.007257230504644663,0.3293191008253304,0.971466731527201,2.0828048358642395
1,1.62351987905707,2.554123418468881,2.554123418468881,0.9541180227637311,0.0,0.0,1.0,0.0,0.0,0.0,0.2966745373107248,0.16600975096218296,1.954318774457426,2.0070206729500177,1.1427508918863192,2.986296547366045
1,2.005685418254236,-0.8905840960836428,-0.8905840960836428,2.9047326531548956,0.0,1.0,0.0,0.0,1.0,1.0,0.10163694850617477,0.43751660449858365,1.4403838063769088,0.331595212377831,-0.14525032361799828,1.2553765734414712
1,6.721761900788647,1.7921905647740708,1.7921905647740708,6.467773447660196,1.0,0.0,0.0,1.0,1.0,1.0,0.685640026582149,1.965387605302769,1.4805317270882434,0.8140535370811914,2.184038576882344,-0.788179693953114
0,4.311101907830853,4.454646605380811,4.115124802518684,4.454646605380811,1.0,0.0,1.0,0.0,0.0,1.0,1.2776419045309417,1.2350301833360433,0.7122702949939034,-0.47133969079071036,1.2746042361377252,2.1646654351604457
0,2.1297141470734524,3.1389197796700357,1.6298182869125024,3.1389197796700357,0.0,1.0,0.0,0.0,0.0,1.0,-0.3498610749953779,-0.06354193519186246,-0.624024453964048,-0.11889142292649424,2.138612123796698,0.7901288926454535
1,4.603857447395001,3.2181900856206638,3.2181900856206638,3.288675900212173,1.0,1.0,1.0,0.0,0.0,1.0,0.4922048946609383,-0.3847758032512012,0.9028868320598614,0.2735089971126424,0.21311107559125753,2.514323950803593
1,7.372726254505628,5.911678525305186,5.911678525305186,8.596528001543698,0.0,1.0,0.0,1.0,0.0,0.0,2.0814606831634155,2.7598752111083398,1.7830494369504937,1.7701555905894333,1.882625375899488,0.6726986180515984
1,2.3797075503260112,2.761590423498026,2.761590423498026,2.326984003960579,0.0,0.0,0.0,1.0,1.0,0.0,0.570143680999505,1.7006599449043245,2.2783498622748497,-0.3314488080884932,1.5848863544544924,2.5831112019781797
0,0.81985373787741,1.3926970844406596,-0.34050353826299773,1.3926970844406596,0.0,0.0,1.0,1.0,0.0,0.0,-1.0008592314248725,0.7030926810533402,-0.5050757754632527,0.12436062614984988,1.2009723402993688,0.5986686651262061
1,6.887796616402717,4.5636630591447895,4.5636630591447895,7.184264704613722,0.0,0.0,0.0,0.0,1.0,1.0,3.5458422618478775,1.0339032127756231,1.5667897582446384,2.0911784786296947,1.0572637071173316,0.3543031227349289
1,0.5294576826182061,-0.4444954574833114,-0.4444954574833114,0.22771378709637935,0.0,0.0,0.0,0.0,0.0,1.0,-0.34372499913791954,0.6562615227501645,-0.7713172849236121,-1.0310166390628797,-0.31823125027544563,0.7551241388343194
1,6.927667048174216,3.114408575950698,3.114408575950698,6.654120770020984,0.0,1.0,1.0,0.0,0.0,1.0,1.1734761005570737,1.647525441184958,0.7234905998599357,1.8196542205257964,0.23308356420838106,1.7070386824777122
1,2.7842469473892106,2.0938665250752826,2.0938665250752826,1.9843976631003764,0.0,1.0,1.0,0.0,0.0,1.0,-0.13175735221671148,0.559042770849338,-0.4098028037409165,0.8159214689833132,0.24918859094262547,0.4062047444881648
0,3.440474829386001,6.411361939596635,2.0626665024554014,6.411361939596635,0.0,0.0,1.0,1.0,0.0,0.0,0.8002542566343553,1.0220274365460886,1.0532313245008842,1.0172699007472201,1.3013950382886985,1.0671419686556514
0,4.986938152404551,7.089410346372701,5.497068382396851,7.089410346372701,1.0,0.0,0.0,0.0,0.0,0.0,1.732274580628227,2.486182695039194,1.433263716934011,2.8885305491016497,1.4316694853760736,3.085396392084148
1,4.520025228287356,0.2614149222768709,0.2614149222768709,4.048685188624556,0.0,1.0,1.0,1.0,0.0,1.0,-0.2527020054801933,1.6486843038953067,2.3338083334983564,0.3939758532708519,2.4872721292134434,2.4146438740644642
1,1.884065504455418,1.6660932882510537,1.6660932882510537,1.0324992338943595,1.0,0.0,0.0,0.0,1.0,0.0,-1.0435946592956877,0.8160101282830828,0.6729908257039809,-0.6097893612281962,2.2915328245751487,-0.05964820885177691
0,3.126122632748038,7.716818126386938,3.415062335177993,7.716818126386938,0.0,1.0,0.0,1.0,1.0,0.0,2.108940174199344,1.8151864087179321,0.7178690908890096,-0.725881334843403,0.802002085030353,0.6392309036780417
0,3.339873273220281,5.718975770471323,5.235028728800659,5.718975770471323,0.0,0.0,0.0,1.0,1.0,1.0,1.8348897297238618,1.4835781685820382,0.12565907578820634,1.531517957744232,0.35050695173975055,2.9590078546153826
1,4.7282160288887916,4.485070048429568,4.485070048429568,4.64269567707551,0.0,1.0,1.0,1.0,0.0,1.0,1.0044183929249937,0.8262875572502844,0.14946690137982366,1.1325593824018578,1.3118529296922976,1.5045393369009803
0,4.5624518126310925,7.2862043117116055,4.880259435537445,7.2862043117116055,1.0,1.0,1.0,0.0,0.0,0.0,1.9257038973691978,0.42995061718673167,0.5281815121851706,1.566691415685607,0.3644436181999898,1.3839661878046388
0,4.187834852010832,4.316314879168881,1.9030433748097662,4.316314879168881,0.0,1.0,0.0,0.0,0.0,1.0,0.026199293065898854,0.9182869080352386,-0.20180820030029145,-0.030791073596167395,1.8455485369774447,0.7627945874013969
1,4.997022887684318,3.372283385993315,3.372283385993315,5.4891115913597375,1.0,0.0,0.0,0.0,0.0,0.0,2.528712044872011,-0.05933099512447193,1.2230197432498822,1.588925781398239,0.5429205822395453,2.752761982084709
1,3.7128253840816905,0.9102559375091295,0.9102559375091295,1.4323091459792858,1.0,1.0,0.0,0.0,0.0,0.0,0.09061181304630883,-0.14907248881530144,1.0931585132717272,0.6192196173838276,0.8106270435972243,1.9809591222434828
1,2.8836529104457345,0.6277680532183562,0.6277680532183562,2.237799198580051,0.0,1.0,0.0,0.0,1.0,1.0,0.7187509621476863,0.365475156946929,0.6016102464759181,-1.2783412700733394,0.44870918769177615,1.4340800453737224
1,5.292539197862138,2.602043238383126,2.602043238383126,5.168365473347121,1.0,0.0,1.0,0.0,0.0,0.0,0.970206737657463,0.2010640837032216,0.3438782246285359,-0.45139743678647914,2.3838077074634203,-1.4751185586311535
0,-0.5505626043825167,1.7476639484109926,0.010860064498313782,1.7476639484109926,0.0,0.0,0.0,0.0,0.0,0.0,-0.2776475664295104,0.5216824368797601,0.3282234784065357,1.2687895057809504,1.9386286430885158,0.6789093473203859
1,5.266163656977798,3.0684746287065683,3.0684746287065683,3.8531567356052654,0.0,1.0,0.0,0.0,0.0,0.0,1.2934237815385892,1.2757874833915093,2.179690093827661,1.623124619165014,2.3625539551486967,3.035899726654984
1,6.7663406279000196,3.5653589736559876,3.5653589736559876,8.497813152079882,1.0,0.0,0.0,1.0,0.0,1.0,1.9707571677585374,0.4121208977918742,1.234374610518198,1.6200514051763373,1.3427720092255355,0.017527977260699323
1,8.73416876133801,6.491474137751659,6.491474137751659,9.013759071761822,0.0,1.0,1.0,0.0,0.0,1.0,0.439198178705798,3.532110709252769,-2.6169425260907184,-0.32022126944168117,0.8352774234425275,-0.19762127282678055
0,-0.32743681969215555,0.22359077719888537,-2.0341887850620513,0.22359077719888537,1.0,0.0,0.0,1.0,0.0,0.0,-1.6595582522544015,0.4733000174862233,-0.3547833218621119,0.3154689654565089,-1.0245068155989117,0.04937980419446231
0,1.7282968133174148,6.551916183153486,1.0623114099910547,6.551916183153486,1.0,1.0,1.0,0.0,0.0,0.0,0.23066653495746386,-0.7133393247164013,-2.0173978799343755,0.5991734318432209,1.4687387938440803,0.9611889879684876
1,7.775840075419257,4.5478171438502715,4.5478171438502715,8.467398902739774,0.0,0.0,1.0,0.0,0.0,0.0,1.4467390943932026,2.5585175433198724,-0.4261616376786522,1.0481350007704466,-0.6696899133891219,0.7146659166132998
1,3.8091507570480214,1.4191212203121872,1.4191212203121872,4.236486330431768,1.0,0.0,1.0,0.0,0.0,1.0,1.0986460335044186,-0.017074645014308,1.6565042983500786,-0.9773800266441337,1.2402773646976346,1.7251280054491098
1,7.5772589312343115,4.855521985424058,4.855521985424058,7.767880837550231,1.0,0.0,1.0,0.0,0.0,1.0,2.1578358324075655,1.8541030880886225,2.333809918896871,0.28297862320905204,1.679588977778372,0.5150449506088358
0,0.0879944394030572,1.635897178830121,-0.8161174620435394,1.635897178830121,0.0,0.0,0.0,0.0,0.0,1.0,-0.3050105214704074,0.2676938884618767,-0.13022281387561052,-0.5136016353392487,-0.19165981715282232,0.8869872425951194
1,4.986889825385587,0.5571339772378465,0.5571339772378465,3.1688544369162885,1.0,0.0,1.0,0.0,1.0,1.0,-0.09390692860405381,-0.15026582827614954,0.6927828880994394,2.0388012021528015,0.6948796490709923,2.425246526278523
1,1.7626683902897073,1.2377349152001718,1.2377349152001718,3.304433919689446,0.0,1.0,0.0,1.0,0.0,0.0,0.491754314448042,-0.04918273511477822,-1.1299496394067245,0.004809261943101106,1.1437575783751988,0.2707807272183145
0,4.0693635373304895,6.321877412512881,2.8357177156457665,6.321877412512881,1.0,0.0,1.0,0.0,1.0,0.0,-0.11995178130520545,2.3186155679145233,-0.4899062375701244,1.378223994137005,0.8029247177950349,0.7378055159755943
0,-0.16134351660893698,3.899605789470753,2.768610271659696,3.899605789470753,0.0,0.0,1.0,1.0,0.0,1.0,0.2824316551666174,0.8616262371113708,0.02212381693030946,-0.48397356495952193,-1.3780704930821295,0.7505163243243613
1,5.725097992083928,5.219001025724052,5.219001025724052,6.435871846622565,0.0,1.0,0.0,0.0,0.0,0.0,1.7382216194430096,1.5054427911072106,0.45221063788498905,2.487307806269934,1.8411685610836255,3.5876831041672728
1,2.0149824122669733,2.4551130606671254,2.4551130606671254,4.1419843293518195,1.0,0.0,0.0,0.0,0.0,0.0,-0.14685935315178855,0.617109851846682,0.04482279145717083,0.6923417667916207,0.41124432712061176,1.2123630674551409
0,2.0521354691834346,3.0582105710481255,-0.5060270418854915,3.0582105710481255,0.0,0.0,1.0,0.0,0.0,0.0,-0.023542514869987485,0.8141328789997602,0.7680903302004176,-0.05015940008174402,0.9502642148586073,1.296298351335821
1,2.734343357026685,0.8807518595000556,0.8807518595000556,2.9780669514909945,1.0,0.0,0.0,0.0,1.0,1.0,0.652507692032721,0.3341077666234127,2.531562014371686,0.9277047312856856,1.330598828789054,1.0250667582828932
1,2.7707948024331195,1.205981456382829,1.205981456382829,3.851155570929188,0.0,0.0,0.0,0.0,1.0,0.0,0.32740091362269297,1.0938489675974934,2.022338385592284,0.41972143694731007,1.131781467289802,0.5348696012729176
0,1.996313977317734,6.2354105209508885,2.8832148347700444,6.2354105209508885,1.0,1.0,0.0,0.0,0.0,1.0,0.7910434914316213,-0.16981059906849616,-0.04984767562471215,1.1762761581337557,0.17502035525090798,1.283304277966681
0,1.7547991069490094,1.723491515356751,3.3261954970213274,1.723491515356751,0.0,1.0,1.0,1.0,0.0,1.0,0.40764380259393895,0.06287705602173393,1.3183294512370547,1.757759325912876,1.0820880837591538,1.3253596581113887
0,2.5993226788125963,2.371784140808682,1.3816079686176521,2.371784140808682,0.0,1.0,0.0,0.0,0.0,0.0,-0.4165249908041625,0.4420117378217212,-0.4534791401441045,0.7726278877802243,0.6327302456077526,1.3804577202928978
1,1.1106100878625036,2.7763203497562308,2.7763203497562308,1.07253093674497,0.0,1.0,0.0,0.0,0.0,1.0,0.4602016352327144,-0.8201357932510198,0.07985876761064942,1.709017672379489,1.9640108012240929,-0.36346435135591837
0,3.8209474419116587,3.99194673727334,2.5030166297849856,3.99194673727334,1.0,0.0,1.0,1.0,0.0,0.0,-0.08477171454898447,1.1326546502610029,-0.18524130800676053,0.7323038906492885,1.3496737666550525,0.8564755034613598
1,4.197734633759261,3.4857929308642324,3.4857929308642324,5.963956963331678,1.0,1.0,0.0,0.0,1.0,1.0,1.0464991824354182,0.023500989955672624,2.2846295246838473,2.185377981724109,4.027317685445171,2.0963278946587875
0,3.930760637998696,3.1469154073711376,1.9425346884004298,3.1469154073711376,1.0,0.0,1.0,0.0,1.0,0.0,1.1300077610120414,-0.19752230892858358,0.007958269054260891,-0.22871195009258738,2.4052791429419145,-0.2741863295499405
0,2.5625640495693767,3.8753964465758917,3.4854046147468996,3.8753964465758917,1.0,0.0,0.0,0.0,0.0,1.0,1.7550953212912643,1.0449729781491737,0.7001828409790717,0.3802640641116318,1.8736956030127256,1.598516474124259
0,2.0434480156869537,4.248394365360597,3.3958865274526495,4.248394365360597,1.0,0.0,0.0,0.0,0.0,1.0,-0.14281857415910637,1.222843827601162,0.9074063029194124,1.0403382745056207,0.3348521802340855,1.4292593268197296
0,1.4877485417203125,1.4898450180612834,1.0568568433214414,1.4898450180612834,0.0,0.0,0.0,1.0,1.0,0.0,-0.06523404025123825,1.424093018225784,2.057212782109624,0.7445418344273501,1.4188996586128941,2.0997163131732814
1,2.6115409613195135,1.288348556043318,1.288348556043318,2.52047998849796,1.0,1.0,0.0,0.0,0.0,0.0,0.24172092561931313,0.7107769460028233,1.4503390062170394,1.5781200251516532,0.7005781151288403,1.8810757221562109
1,0.7540011400695668,1.6970197066364845,1.6970197066364845,1.8616179549131138,0.0,0.0,0.0,0.0,0.0,1.0,0.39079288732282635,0.8163000922574887,-0.20689088173364656,1.0927576921188926,0.13428901948067762,0.6138097521978075
1,7.865914852018268,4.02559965718684,4.02559965718684,4.792833367254986,1.0,0.0,0.0,1.0,0.0,0.0,1.1296135989007823,1.6007715070885757,0.6578058751986814,1.4548123260851156,2.318240119411413,2.257062665429272
1,1.3823035004912683,2.978270952946449,2.978270952946449,2.017921860373781,0.0,1.0,0.0,0.0,0.0,0.0,0.524229344578595,0.9032444086793441,-0.48961689207557546,-0.7033420112194704,-0.5585566074482935,-1.1646829935212368
1,4.532401454759255,3.122210388150545,3.122210388150545,7.30602897170856,0.0,1.0,1.0,0.0,0.0,0.0,1.424547137579443,1.3612216606355059,1.5477663431095048,2.2358147118247405,1.6616569236216052,-0.6274848058244804
0,0.5699304363112463,2.6793721209854455,0.21798472679062575,2.6793721209854455,0.0,0.0,0.0,0.0,1.0,0.0,-0.4845119907777462,0.25790508271326384,-0.9487446017110241,-0.9952541668583563,-1.0643205012415016,-0.17220503301857137
1,1.958799807641967,3.202596097658104,3.202596097658104,3.350660429947464,1.0,0.0,1.0,1.0,1.0,1.0,0.48532140613208297,-0.5913966301042639,-0.616647196879774,-0.8997035381245204,0.019237824674284143,2.1274948234376634
1,3.7284983756262977,2.191236575686784,2.191236575686784,3.5748395077025936,0.0,1.0,1.0,1.0,0.0,0.0,0.9426461105171621,-0.7872218667498161,0.5485366646212457,-0.10174634193702625,0.9982533870309296,0.05166595364373072
1,3.6889081276046634,3.261958440110704,3.261958440110704,3.717665363199022,0.0,1.0,1.0,0.0,0.0,1.0,1.5682388823833415,-0.17640627872661974,-0.08283787245966834,1.706154301778613,0.5319013670768825,2.490869134723068
1,4.482533690777524,1.1165372921637948,1.1165372921637948,5.159420312375826,0.0,1.0,0.0,0.0,1.0,1.0,1.0688678106660177,0.16072422478552717,1.4343892315185442,1.6687950472500943,2.0157363921306133,3.3508594628443094
0,-1.3656288511718295,0.14652201100111828,0.17333705857792045,0.14652201100111828,0.0,0.0,0.0,1.0,1.0,1.0,0.1559007620895082,0.19349706621047336,-0.08871235449855475,-0.9483806105844357,1.1683025902082416,-0.004805479639369947
1,1.4900902681886115,-0.17218307534429358,-0.17218307534429358,1.2804888850219518,0.0,1.0,0.0,1.0,0.0,1.0,0.13359854359300188,-2.1746845366024057,-0.7243992998888862,0.09431680234402923,-0.19930871381929127,-0.438787315588808
1,4.229899079255426,5.063882941692633,5.063882941692633,2.8333194499665657,1.0,0.0,0.0,1.0,0.0,0.0,1.1986284924801915,0.8342730711742667,0.3830902941209556,0.6069282065819015,1.5136290496448166,1.2763648778598313
1,8.579465095624286,4.977205256656519,4.977205256656519,6.63505806597872,0.0,1.0,0.0,0.0,1.0,0.0,2.1184197271576597,2.327579991686742,0.6284124721829949,-0.48732885253632385,1.11164721168323,1.940470062664743
1,9.780681862054248,6.634059185780742,6.634059185780742,10.561644522314761,1.0,1.0,1.0,1.0,0.0,0.0,2.1942724402474365,2.0313360321801444,-0.18988234410343952,0.2435191572202482,1.8058263361555245,1.6946466338975865
0,2.406617208092082,2.4190183521529414,3.782804041569813,2.4190183521529414,1.0,0.0,1.0,0.0,1.0,0.0,-0.45874787791435545,0.6408252403457627,-0.4562267548364225,0.3271200271919745,0.7104991155576492,1.3339732494559233
1,3.503698030125566,1.8205175890196241,1.8205175890196241,3.4128032832375657,1.0,1.0,0.0,1.0,1.0,0.0,0.24388954246703926,-0.17253949700072568,1.895872379168396,1.3291959356859626,1.2009837184999275,0.3409073370713215
1,5.919230720125469,0.7395957326532419,0.7395957326532419,1.357194764493162,0.0,1.0,0.0,0.0,1.0,0.0,0.86433547711703,0.04087168497662358,-0.6528913404964418,0.4869079778867115,0.5012984828984206,0.930768261526548
1,5.256664297402606,3.7929320165867173,3.7929320165867173,5.131286116576294,1.0,0.0,1.0,0.0,1.0,0.0,-0.16824187309907923,1.3852441033269107,0.06274832715848039,1.5188627928352838,0.2253394735607167,2.1930599722299524
1,0.8987738180426994,-1.2808171949922627,-1.2808171949922627,0.6517605139287472,0.0,0.0,1.0,1.0,0.0,0.0,-0.9003970887765522,-0.954864446637717,-2.4915044953934187,-1.5374629507606121,1.329802518340952,-0.6044440201453563
0,1.1354054002757916,2.1740129257951306,0.8295646723268575,2.1740129257951306,1.0,0.0,0.0,0.0,0.0,0.0,0.11914710605137141,-0.21710051439562583,-0.13159444561319344,0.5856052850335092,1.4795948389014917,1.0084032752569514
1,7.8593657139036,3.0982194925471247,3.0982194925471247,6.275978102829352,1.0,1.0,1.0,1.0,0.0,1.0,0.22015152532540933,1.9240289029133106,0.2921271942450918,0.1986301530357527,2.3986685495765903,2.015853540024921
1,2.3639039083507876,1.5212214869702279,1.5212214869702279,2.4012944430716714,0.0,1.0,0.0,0.0,1.0,1.0,0.2261385752384268,-0.1830773551645406,-0.06389635735101584,0.5333943492086812,0.9128379322900885,1.2985471381526317
1,3.6699308854717367,2.4385047096817067,2.4385047096817067,2.205949394620635,0.0,1.0,0.0,0.0,1.0,0.0,0.6584725736629637,1.4508908054907972,1.457119526867751,-0.034400040779353436,1.8773894364624422,1.3989475506078508
0,2.2882676789541634,5.350315186318267,3.700360725462622,5.350315186318267,0.0,0.0,1.0,1.0,1.0,0.0,2.0284150697609515,0.7955307612178288,0.6224208672334975,2.7595879661965323,2.015773134186777,0.6861181945707737
0,4.229077852215955,5.066913199540346,2.613703679221429,5.066913199540346,1.0,1.0,0.0,0.0,0.0,1.0,-0.8013991386694033,0.9926099226834486,-1.3660990263872819,0.3824236627557211,1.3034280092228243,-0.35732914960526996
0,0.22091421482415363,0.06227763806125386,2.0476094458978085,0.06227763806125386,0.0,1.0,0.0,0.0,0.0,1.0,-0.3991161957167151,-0.2823329535892194,-0.11184477659260283,-0.660574550125965,-0.3178440774627638,0.18559487331477553
1,6.42846165238719,2.6961253420233966,2.6961253420233966,5.787907951577543,1.0,1.0,1.0,1.0,1.0,0.0,0.6333717501080443,0.6080248818869078,0.5126792632132213,1.642792379681586,2.1252818215298834,0.4711045564344667
1,-1.0990866599167075,-3.06174369855787,-3.06174369855787,-1.7637636473143972,0.0,0.0,0.0,0.0,0.0,0.0,-0.9828803815482265,0.2936760006187159,2.7617163582723387,0.4939991791449795,-0.14104498232526996,1.4612795293570224
1,2.2649673467586506,2.656009120673204,2.656009120673204,2.575385590243193,1.0,0.0,0.0,0.0,1.0,1.0,1.2043458261459834,-0.3437168535766547,0.03172413920560413,-1.265854936374828,0.32531947960814545,-0.036232434804216895
1,3.72536128600878,1.625092365959641,1.625092365959641,4.6757089708122415,1.0,1.0,0.0,0.0,1.0,0.0,0.3825447056868695,1.3355132481144052,0.7244670916133618,-0.4066418343086442,2.476931835503418,0.5252187402255395
0,2.425662916747694,5.532909906183221,4.240289830744131,5.532909906183221,1.0,1.0,1.0,1.0,0.0,0.0,1.270935434052448,0.5684943313230673,0.42072549674879167,-1.386522917655669,0.31008813767281507,0.3165615089053919
1,9.902747527703372,5.65594786899817,5.65594786899817,9.370645374571586,1.0,0.0,0.0,0.0,1.0,0.0,2.3062145349377667,1.112017226283076,0.5057911182963843,2.4641647175496075,2.9922252069485467,2.0444780153726088
0,1.713979743075361,2.8172498856237747,2.0176548546928634,2.8172498856237747,1.0,0.0,0.0,0.0,0.0,0.0,0.19103330404957253,0.8580017922789668,1.0751338477696926,2.254279071096741,1.46724181811792,1.9232254159272593
1,3.53846984093385,2.445378587154926,2.445378587154926,2.6499427616524924,1.0,0.0,1.0,1.0,0.0,1.0,-0.194624708224565,0.5057993619358143,0.716447038295596,-0.5194464471085822,1.395225238311561,2.0727810814471725
1,4.581061498376003,4.189508090649943,4.189508090649943,6.215686529962923,1.0,0.0,1.0,1.0,0.0,0.0,1.7997748721934481,0.12170968223599032,0.7812094611918186,-0.22475053993666694,2.296912307871845,1.118415967176699
0,0.10159180294204762,1.918161059836613,2.027249084564767,1.918161059836613,0.0,0.0,1.0,0.0,0.0,0.0,-1.2648911562105187,1.2698144457771883,0.02084683283598343,0.33099404980797564,2.3877281502652714,-0.06472606650038237
1,4.67361519162637,1.6204022488211187,1.6204022488211187,5.25869018331395,0.0,0.0,1.0,0.0,1.0,0.0,0.9009263582392699,1.147292342756562,2.5976464084422606,1.4378813454877037,1.851465000522309,2.301220024981485
0,-0.8828980080529494,2.3359009196122145,-0.39596598376808556,2.3359009196122145,1.0,1.0,0.0,0.0,0.0,1.0,-1.164681159929062,0.47273764464146395,0.1615896043849423,-1.7997691288164046,2.024638730214982,-0.4401173813773711
1,1.4358554240624912,2.5870088031563827,2.5870088031563827,3.49721920385317,0.0,0.0,0.0,0.0,0.0,0.0,1.1185219416952488,0.2908450980889309,0.12675070493678287,0.21808805548890287,0.6283746861139246,0.010340827549573772
0,3.1203773971336,7.852605746227161,3.0821282108599055,7.852605746227161,1.0,1.0,1.0,1.0,1.0,1.0,0.892224679606888,1.34584822447599,0.5296289120918591,1.2300358450922655,1.3984938071136117,1.6571180859011636
0,0.3902233066784966,2.8053802826668504,1.2654044194791323,2.8053802826668504,1.0,1.0,1.0,0.0,1.0,1.0,0.029715217718404185,-1.2230082039365413,0.9832851316871127,0.16088086417183067,1.2494211517471534,1.7814102687121356
1,5.217568911280703,4.214146656784293,4.214146656784293,7.6525909198547275,1.0,1.0,1.0,0.0,0.0,1.0,1.86833226020917,-0.23449465571088624,0.9028214255461281,0.4079233101260489,1.4008136920058765,2.9422005197761165
0,3.9641007484774797,6.349240123594376,3.5424505951248837,6.349240123594376,1.0,0.0,0.0,1.0,0.0,1.0,1.6765069408461555,0.8733668118711035,0.6982799500578653,-0.6460769730845046,0.3779439525127428,3.2662826499739506
1,3.6949497621862055,-0.02102299269313468,-0.02102299269313468,3.009612721508748,1.0,1.0,1.0,1.0,0.0,0.0,-0.48779125653106137,-0.21874371184632646,0.20877299399454147,-0.8019498419873865,-0.48465188468182996,-0.1553881949270708
0,4.9797042842673696,8.04226458751237,5.114054872578214,8.04226458751237,0.0,1.0,1.0,0.0,1.0,1.0,0.4929721363068849,3.0612692419801846,2.7419752753919244,2.2960205902757562,3.062624348478752,2.156559233141488
0,3.160440967757338,5.440720214274147,2.566443246310022,5.440720214274147,0.0,1.0,1.0,0.0,1.0,0.0,2.1009776409677743,-0.647597194866899,0.21500229539269333,-0.1908913488550943,0.20733762055468918,2.393669322133352
1,8.051817650012008,4.829236936035543,4.829236936035543,7.677930129958119,1.0,1.0,1.0,0.0,0.0,0.0,1.0409793594494672,1.4185622184662994,2.6609042639513927,1.9645427033924345,1.9480060817107878,1.7225803726345825
1,3.843247523906093,0.7869365421148704,0.7869365421148704,2.5740023877957277,0.0,1.0,0.0,0.0,0.0,0.0,0.538170443039124,-0.585617181275341,0.47436415204519133,0.9341037224228292,1.51881780345068,3.505592649480538
1,2.801200646731428,2.3453423645450036,2.3453423645450036,2.964471412080324,1.0,0.0,1.0,1.0,1.0,0.0,-1.0846542752098451,0.9282322240413173,-1.1579582703543954,0.9745432929665855,0.1289800986888694,0.30205747913673453
0,4.734303952589557,8.817923969825653,6.113298819536748,8.817923969825653,1.0,0.0,0.0,0.0,0.0,0.0,2.2435498394707984,2.4488307978433763,2.285744868472489,1.6859810012788667,0.2793379177602855,1.0477714985643614
0,4.815839881241409,4.1557864363936545,1.0964644761206928,4.1557864363936545,1.0,1.0,0.0,0.0,1.0,1.0,-0.011422596802413532,0.1772811313907428,0.69960051340569,-0.985310343206103,-0.9876518847935365,1.0692590454182644
0,3.0998686524479657,3.1542257545714207,3.2806423319014026,3.1542257545714207,0.0,0.0,1.0,0.0,1.0,1.0,0.42628366441786575,2.135548149693211,0.7614272136929789,0.4460719341578244,0.8264969328799872,0.8584445225946009
0,1.307632901190361,2.9338458680147794,0.9987984132860712,2.9338458680147794,1.0,1.0,0.0,0.0,1.0,1.0,-0.3917762231518257,0.3997945278777068,0.7376950305044464,-0.5261588407778808,-0.19274617241289604,0.23961345227526132
1,3.1523256620562226,1.175093198855585,1.175093198855585,2.37898286255668,0.0,1.0,1.0,0.0,1.0,0.0,-0.17215937462897024,0.3153208500933168,1.0737595693596411,0.42117784834926947,1.9528452304046862,1.0571120623009294
0,4.2100632831550024,6.9577962123231964,6.577245700432762,6.9577962123231964,1.0,1.0,1.0,0.0,1.0,1.0,0.9213190584775343,1.0297021012128835,0.7350680925241122,1.9653139843283258,0.4485731458625467,0.946284754219467
1,3.228748503741505,0.030220551260161432,0.030220551260161432,2.7500005629971547,0.0,0.0,0.0,0.0,1.0,0.0,-0.3635495616204233,1.4518310202529614,0.7780770895460786,0.12467403066297489,2.1072457746737805,1.6712165628670974
1,12.741461121453899,7.9869961601255985,7.9869961601255985,11.915833415439929,1.0,0.0,1.0,1.0,0.0,1.0,4.451754496329235,2.5500658378204557,2.5853766916108656,2.617836356185647,1.6787202504596233,2.3061816738159284
1,5.430029337093561,1.5686282151935442,1.5686282151935442,4.144664750798466,1.0,1.0,1.0,0.0,0.0,1.0,-0.39956570945128256,-0.3293621867430562,-0.22479129856518787,0.0942265729438897,-0.26814681723682354,0.2814997198662236
0,7.176033904191612,7.829848242327951,7.295597854987909,7.829848242327951,0.0,1.0,1.0,0.0,0.0,0.0,2.779554786911434,1.675282646060557,0.3363970027503942,1.677571026322826,1.8781500868413055,1.3045263845332964
1,2.4488926012262855,0.2688311569023436,0.2688311569023436,0.47787260822665556,1.0,0.0,0.0,0.0,1.0,1.0,0.10074077461057718,-0.20751426955240337,1.5424758538578152,0.39295620380421964,0.7203282165723872,0.998748439764995
0,-0.24751244979974696,0.788022107684387,1.8452678846773038,0.788022107684387,1.0,1.0,0.0,0.0,1.0,1.0,-0.7186550844320359,-0.08339482010746224,0.9079409436783381,0.19444852043576866,0.8997141919188555,1.2526740323961614
0,1.4750218442243033,2.693583007463276,1.5000951775658262,2.693583007463276,0.0,1.0,1.0,0.0,1.0,0.0,-0.7478246381562628,-0.25239888100522856,-1.0170032104165574,1.5999624121708744,0.9848620992197022,0.39280594511673983
1,1.672917089960932,1.1928529872897145,1.1928529872897145,2.6600378536320886,0.0,0.0,0.0,0.0,0.0,0.0,0.4142865091176934,-0.11016981597072961,-0.8562823692866031,0.4023031479109065,1.038841533944494,0.8058607200083873
0,0.1708429417513886,2.505209701173486,-1.5021447888275223,2.505209701173486,0.0,0.0,0.0,0.0,1.0,0.0,-1.723603625852212,1.221595862889131,-0.23870905775365192,-1.0478796873794969,0.17562936019644748,-0.8471433830881314
1,4.296186162954509,2.9606231718349925,2.9606231718349925,5.207037421585868,0.0,0.0,1.0,0.0,0.0,0.0,1.615889936805672,0.8612307005045252,1.673473828288642,2.042777792031834,2.004238076570769,1.5456488263861983
1,2.1255151005295794,0.13869228407621526,0.13869228407621526,2.2273839772964816,0.0,1.0,0.0,0.0,0.0,0.0,0.26982791742122625,-1.6627562245611496,0.5298618104582564,-0.4614704714060588,1.4144713861240918,1.7368417700331347
1,3.9322158785913017,1.7346986231920956,1.7346986231920956,2.9573088759099226,1.0,1.0,0.0,1.0,1.0,0.0,0.7536848686691539,0.05826590465350634,0.22851074864761955,-1.39168658555259,0.5882837480140266,0.9552671960887662
0,-0.044657217652472325,2.8592976223027837,1.597118380742618,2.8592976223027837,0.0,0.0,1.0,1.0,1.0,1.0,-0.6440423756884219,0.6491172938649219,0.4718057030952891,0.13658746624123586,1.82390643994835,1.2778409269122841
1,2.3769369002259984,0.029543383655501854,0.029543383655501854,1.1508408106779933,0.0,1.0,1.0,1.0,1.0,0.0,-0.5982555591769083,-0.2661179095442564,0.5764486949776501,-0.11739039233948201,0.14276139043230707,2.0738151193962615
1,2.3421905566076258,0.6317603806530177,0.6317603806530177,2.5072914232912487,1.0,0.0,0.0,0.0,0.0,0.0,0.9930240702691839,-0.28088375684108624,1.0622716282122022,-0.27474567739010003,-1.2378387222906442,0.7720343267856231
0,1.6295996624539406,4.233439639258045,1.28324163567865,4.233439639258045,0.0,1.0,0.0,0.0,1.0,1.0,0.3195039490912562,0.9031310306798364,0.5436741510379596,0.280074257975945,2.2006501275960093,1.4749605857514732
1,6.389059679288961,3.9293409751366957,3.9293409751366957,4.73056394728376,0.0,1.0,1.0,0.0,0.0,0.0,1.0934105603038484,1.432169252450017,-0.03800869188872724,0.40772772131187857,-0.33783688821248115,1.6069396435730674
1,5.764764626847328,3.7812014224556196,3.7812014224556196,4.124187002230107,0.0,0.0,0.0,1.0,0.0,0.0,1.280106550168191,0.77473268198705,0.9823247354417952,1.234951274520959,3.291055168441893,0.5858520779780207
1,3.426495265856221,-0.14096574478361013,-0.14096574478361013,3.993163349698675,0.0,0.0,1.0,0.0,1.0,1.0,0.612992375329437,0.17006736230895758,-0.42977901673248187,0.01465516969795655,0.8966479181385114,0.6871657208284975
1,5.449806539383242,2.7992311108297177,2.7992311108297177,5.798911393589679,0.0,1.0,0.0,0.0,0.0,1.0,0.32470279585359,1.7906748227621192,-0.8627271347752765,0.5309656323128049,0.10292447679370065,1.1116486533736705
0,4.888140191055147,5.2233868737994005,4.826134003067313,5.2233868737994005,0.0,1.0,1.0,1.0,0.0,0.0,1.6168990181696512,0.5738745947253273,1.1707000690000804,1.4767497155359448,2.0547148905773076,0.982730202269659
1,5.464766514871728,2.744750302973139,2.744750302973139,3.4085006688315933,1.0,1.0,1.0,0.0,0.0,1.0,0.23256570043542113,0.3014937753634499,0.12850456515624104,-1.4553177373946258,0.23644628638882126,0.8120859414198425
1,4.917012855744252,4.290376995644014,4.290376995644014,5.773285499740587,1.0,1.0,1.0,0.0,0.0,0.0,0.8572228660388919,-0.4134938078014567,0.40175454469659067,2.4197352711861897,2.2073857760876607,0.26818476475608677
0,-2.500929485804959,1.026639581729588,-1.711540030499263,1.026639581729588,0.0,0.0,0.0,0.0,1.0,1.0,-0.6371669791835961,-2.185587271409938,-0.9931887603647733,-0.804180597398501,-0.8816604826841665,-0.5303130637810352
0,3.195275540090843,5.046003392278176,2.1897221710943193,5.046003392278176,1.0,0.0,0.0,0.0,1.0,0.0,1.851652621040312,0.19629283871065578,-0.39324774679266006,-0.8620761876025007,1.6299600040939985,0.6784776933032721
1,2.65344287669351,0.2933876199048282,0.2933876199048282,3.9801535749181274,0.0,0.0,1.0,0.0,1.0,0.0,1.184364190845887,0.4355672393336087,2.454726854249378,-0.21427658177144782,1.1070457911160365,1.7236652961318337
1,5.371009935520586,5.668599998336157,5.668599998336157,6.226018409759213,1.0,1.0,0.0,1.0,1.0,0.0,1.5704964392452516,0.21154604325733795,0.4449323589680365,-0.2048138057250698,1.7828380710681064,0.02501702349770607
1,3.852621799622677,4.618498664299981,4.618498664299981,5.060173733934714,0.0,0.0,1.0,0.0,0.0,0.0,1.4153241793915834,1.2663387748950976,0.3982817570467003,0.44350063302829734,1.8718265779242913,1.689398437710687
1,3.4685057790791998,2.3910828847106917,2.3910828847106917,3.8431278230794175,1.0,1.0,0.0,0.0,0.0,0.0,0.31250554463819813,0.3653550756896926,1.659769234628202,0.18841268039398024,0.14474757123115167,0.4007473545398297
1,2.1967584919247276,1.6724123978435859,1.6724123978435859,2.3388842619815557,0.0,0.0,1.0,0.0,0.0,1.0,0.11320568986561519,0.9739010696184996,1.929500084370737,1.724079617263785,1.1233578280531522,3.1649636074706375
1,2.946212735854516,2.5917039908812054,2.5917039908812054,0.44351880322979254,0.0,1.0,0.0,1.0,0.0,0.0,0.25760598119493405,0.3744969239852236,1.2901023951613448,0.7235468727518256,2.155860071830151,2.5736263994024307
1,6.760078967885777,3.8209980722960424,3.8209980722960424,7.002752423303205,1.0,1.0,0.0,1.0,0.0,1.0,0.24197473587225216,2.9197188496642923,1.8370262838092546,1.559505032552497,1.4168585782372265,2.00575437594759
1,5.703383662502978,3.4314142567686736,3.4314142567686736,7.317379366136681,1.0,0.0,1.0,0.0,0.0,0.0,1.7050797923845218,0.8287804676499557,1.5823653608370576,1.5200700434548633,2.5503325789187463,0.800838959687236
0,2.211705353530401,4.046434550803187,2.001995713289433,4.046434550803187,1.0,0.0,0.0,0.0,0.0,1.0,-0.03876008343753545,1.6460793961558113,-0.15549008966343125,1.2265233028280516,-0.1956675325295083,2.5103745116213223
0,6.063569382989632,7.843060933997433,5.753172553119399,7.843060933997433,0.0,0.0,1.0,0.0,0.0,0.0,2.1835406316591257,2.366459628123344,0.6918111465239701,-0.43349115404311167,2.2139173892385675,1.4443031491212064
0,4.419236970936753,6.041794171055191,4.158760066048343,6.041794171055191,0.0,1.0,1.0,0.0,1.0,1.0,1.5710172280681767,1.1261976221093748,0.6500643483542623,1.6346433504077282,2.363279032913642,2.567611557959242
0,1.8865030432444665,4.81604988367328,1.2545987095616944,4.81604988367328,0.0,0.0,1.0,0.0,1.0,1.0,1.6949226659279557,0.3011367312008778,0.9410895950439161,0.4023728361401656,1.3641990772152033,2.357476818523426
1,3.097783623283748,1.155469202843074,1.155469202843074,5.988580610811263,0.0,0.0,0.0,0.0,1.0,1.0,0.6880680511757044,2.0798036412226377,2.0377493313379356,1.0906310259293344,0.11945808065810037,2.042558598466525
0,3.4393849133081744,8.055554887908821,4.999582549606691,8.055554887908821,1.0,0.0,0.0,1.0,1.0,0.0,2.2858022869547274,1.391141076923053,0.4939315096230948,0.5349912837564578,1.317631057350132,-0.0748896486438877
0,2.9645796117668404,0.3278812974664609,0.933752656425763,0.3278812974664609,1.0,0.0,1.0,0.0,1.0,1.0,-1.309742367174612,0.6415936315924159,0.5959620583421865,0.3927199021977378,0.7185766484859196,-0.13700666586628074
0,1.5598882969259429,1.5342224647969573,0.7125222363561461,1.5342224647969573,0.0,1.0,1.0,0.0,0.0,0.0,-1.3701926539524165,0.9255599935255768,0.11035869527116071,1.5036120712216932,1.0972686097313809,0.583777057831472
0,1.3381729921434258,4.371290510127307,-0.33494209790112794,4.371290510127307,1.0,0.0,1.0,0.0,0.0,1.0,1.0596009486033622,-0.2715721272851723,0.6971955658413683,-0.20496345613679934,0.3638022784120648,1.7131442385007785
1,9.170197858654175,6.645064191549162,6.645064191549162,9.170343457844368,1.0,1.0,0.0,0.0,0.0,0.0,1.6570138404627721,2.6292804868438893,2.123454025962708,1.6656898155323778,1.972858108208789,1.0391331464929598
1,3.8162392011295054,2.241085974051847,2.241085974051847,5.211264669229013,1.0,1.0,1.0,0.0,0.0,1.0,0.8277379437097746,0.019748338760417705,-0.1372755618336312,1.4225118270037442,0.9068402247300399,-0.7317373666449098
0,-2.3865105351543634,1.2962589026262352,-1.5901566660135633,1.2962589026262352,0.0,0.0,1.0,0.0,0.0,0.0,-0.12239511741426157,-1.8301692201697262,-1.8185375382529725,-1.9310758341542962,-0.777536016436021,-2.2097518955475763
1,0.9686682536520073,0.9019693121928819,0.9019693121928819,2.747900807150561,1.0,0.0,0.0,0.0,1.0,0.0,-0.36977279473474167,0.05483901448968864,-0.9988874237139642,-1.0198296913908014,0.1152618906291798,-0.09486816047661972
1,2.437095229497138,1.4474084395086992,1.4474084395086992,1.5760398761022727,0.0,1.0,0.0,1.0,0.0,1.0,0.7440484835191217,-0.7493260351706572,1.6784686860824256,-0.9809242697333289,1.0604530312938303,1.0571679268487733
0,2.486191845632008,2.1085843744051553,3.1751169143169755,2.1085843744051553,0.0,1.0,1.0,0.0,1.0,0.0,-0.4909607022136312,1.0935085073656017,-0.1689206942321677,0.6732398466728444,0.9253459434420713,1.412707298029526
1,0.20299257069598875,-1.8450770607613889,-1.8450770607613889,0.9810289245258124,1.0,0.0,0.0,1.0,1.0,0.0,-1.041873061678438,-1.867558829506701,-0.3645868320467519,-1.4937596741132841,-1.0286768699816013,-0.0553191896637204
0,2.8004172783691432,0.4477596582616692,-0.4103966022658807,0.4477596582616692,1.0,1.0,1.0,1.0,0.0,1.0,-1.4091622333681038,-0.6809341110163105,-0.8067777714804631,-0.7455027521694275,-0.125351916303738,0.6404786685266165
0,2.596006896095677,4.671375608487362,2.815856848992572,4.671375608487362,0.0,0.0,1.0,0.0,1.0,0.0,1.715130818487542,0.3658646043213677,0.7400289401318059,0.7445467418628663,1.2043463899863152,3.261482571091479
1,6.749824278038027,2.4111865527941956,2.4111865527941956,6.832676923492276,1.0,0.0,0.0,0.0,0.0,0.0,1.4733344956972552,1.131559290986764,-0.884815786553613,1.2015826372754497,0.32793584163371436,0.6573354134609384
0,-0.10936134418013166,0.8239475529331448,1.9503955217403477,0.8239475529331448,1.0,0.0,0.0,0.0,0.0,0.0,-1.1859660661689888,-0.299269948137991,0.04590557141491325,-0.6634492928546567,0.42255048016284213,1.3849701527709104
0,4.193845364320069,2.9723007957719414,2.0857002475552555,2.9723007957719414,0.0,0.0,1.0,1.0,0.0,1.0,-0.05651431903622872,1.0898447265978393,-0.9254264783726662,1.1467293356226276,1.0492547295527066,2.1378989887350848
1,2.698896636032242,0.01016170305354458,0.01016170305354458,1.443957384517334,0.0,0.0,0.0,0.0,1.0,0.0,1.0940821825335592,-0.8118464798043075,-0.6161741636359572,1.5595606844803895,0.6268635275104532,1.4888451273642849
1,0.7105531610502029,-0.28819317773741565,-0.28819317773741565,1.699204697482711,0.0,0.0,1.0,1.0,1.0,0.0,-0.04405845222556848,-0.7202833466078067,0.3620522010376188,0.007309867260814784,-0.5563016757611061,-0.7007448499604283
0,2.997826043025869,5.9116665017581775,3.0683136980937773,5.9116665017581775,1.0,1.0,0.0,1.0,0.0,0.0,-0.45362715940220255,1.6048741547118437,-8.77921933498671e-05,2.334724869393232,1.076754811447793,0.7864228408395271
1,3.5687637698025254,2.620641488868419,2.620641488868419,3.905391916195289,0.0,1.0,0.0,0.0,0.0,0.0,0.2819628705635402,1.0711521872633138,-0.3910354749218885,0.7306945853730211,1.0985562211457753,1.4383436193918095
1,0.7077738721458746,-1.995442609360985,-1.995442609360985,1.0347378913172542,0.0,0.0,1.0,0.0,1.0,0.0,0.6621926746512737,-0.931870521827467,0.19842871553677027,1.2034235914984286,0.7113399368847044,0.6971793933647881
1,0.5203291074484018,2.340712061969824,2.340712061969824,1.2261735105912206,0.0,1.0,0.0,0.0,0.0,0.0,-0.3541899333042765,-0.17019512565399075,-0.6456762265752038,0.15757959694200185,1.5629377590393467,1.446761870310717
0,2.3805766867313167,5.840677054613551,3.712782659136241,5.840677054613551,1.0,0.0,0.0,0.0,0.0,0.0,1.238251698985314,2.2683138213597793,1.1525385111043953,0.4332574532133836,0.7965104673745658,1.080278511875616
1,3.3059304812347756,0.7702323257493834,0.7702323257493834,2.7672917543197686,0.0,0.0,0.0,1.0,1.0,0.0,0.4143896528563818,1.118897974978034,2.843694840432355,1.6807185446646984,2.477547171546476,3.108292057543538
1,3.539675248632979,1.492507246685202,1.492507246685202,0.520370291295976,0.0,0.0,0.0,0.0,0.0,0.0,0.8053556320354516,0.8215683604794916,0.9406845476231324,0.8673485992512762,1.1470657080865183,1.5087435082039486
1,1.7581174064379974,1.3710780921538082,1.3710780921538082,2.748644070996194,1.0,0.0,0.0,0.0,0.0,1.0,-0.021079832923246222,0.9153845103389844,1.6126701050750907,0.48101494743873213,1.3108659928778308,2.274214326409097
1,3.3189286041022696,2.6150957184453736,2.6150957184453736,5.247445743915898,1.0,0.0,0.0,1.0,0.0,0.0,0.8378507173827339,1.0337295469345542,0.7675121650242828,0.9357917220550884,1.7295993347466325,1.2326863104486978
0,3.2836062061744005,4.568309709472115,4.0208597806784505,4.568309709472115,0.0,0.0,1.0,1.0,0.0,1.0,1.7938617981556422,1.9760801057315196,1.459849774411658,-1.7166968619105676,3.3010621666337734,1.2024624151722914
1,6.492543456739725,2.972441603632879,2.972441603632879,3.189922857391376,1.0,0.0,1.0,1.0,1.0,0.0,0.38151182265698935,1.2675423051638488,2.383831045422811,-0.38539285591187633,1.9927532146510933,0.7681238318619553
0,1.4447472836251545,2.0077698368033987,0.28820211828370745,2.0077698368033987,0.0,0.0,0.0,1.0,0.0,0.0,0.690909356821199,-0.4621775682428867,0.1396202296484721,0.5167824340123254,-0.547249594982258,0.7583810162983493
0,3.918643804794356,7.167655126897032,5.287880850083738,7.167655126897032,0.0,1.0,0.0,0.0,0.0,0.0,2.3765380319599547,1.034254118735686,2.4730784351936688,1.4202817301503563,2.3895778807371517,0.8909811768030256
0,1.9792365143075883,3.560585014076554,1.2559862866779856,3.560585014076554,1.0,0.0,0.0,1.0,1.0,0.0,-0.8015098816766826,1.3503197161592584,-0.463903174403114,-1.9583293229152998,0.423184001493375,0.6405119513735706
1,4.11612513240371,2.6429117124705406,2.6429117124705406,3.6214142821005977,1.0,1.0,1.0,0.0,0.0,0.0,0.5557798054682671,-0.49954737951927464,-0.37887977462944133,0.08260592333433187,0.6323629662618517,-0.05181623256876522
1,2.6088231685320977,3.1451452731588763,3.1451452731588763,2.153960637059077,0.0,0.0,1.0,1.0,1.0,0.0,0.37252336935025837,-0.607897303568268,-0.8254623241274848,0.46505114980499695,1.3107983385864173,-0.5375580861947573
1,2.7654350601731457,-0.3950744537295505,-0.3950744537295505,1.7631366639971957,0.0,0.0,1.0,1.0,0.0,0.0,1.0046769317812356,0.01854767825354109,1.678010512883879,2.1089252283622257,2.19811618214967,1.6569360469985033
1,1.2027740218704759,-1.7350971321988704,-1.7350971321988704,-1.0959134805683393,0.0,0.0,1.0,1.0,0.0,1.0,-1.2484390556692013,-0.3366006071712019,1.0731336039248591,0.218504054222448,0.521028037004521,-0.23335733492933164
1,3.4354327030114344,2.4050450837796014,2.4050450837796014,4.968604271285033,1.0,1.0,0.0,0.0,1.0,0.0,-0.18173819117211953,0.5879437258414694,-0.48462084508242087,0.0912369056479313,0.9032103604591942,1.1586958143044523
1,2.8463804166266673,1.7006024294833928,1.7006024294833928,1.8542903679142806,1.0,1.0,1.0,0.0,0.0,1.0,-1.1411972745635748,-0.2843750209367498,0.09066721346693574,0.8354946588993846,-0.6406110597694958,0.6792401501821388
0,4.084289782915271,8.204143831376676,4.511696829684701,8.204143831376676,0.0,0.0,1.0,1.0,1.0,0.0,2.2316840255060773,1.126507213485909,-0.5671894845294636,2.2415133985471436,2.1196245640239764,1.1148671380393858
1,4.607068461744545,4.365146873786816,4.365146873786816,3.0910681612758957,0.0,1.0,1.0,0.0,1.0,0.0,0.8393842380050218,0.1647028398649808,-0.6024738118975965,-0.5002494943642917,0.8317597067265794,0.8638864662384987
0,2.7037725776680035,2.9649418105822845,3.486890879436188,2.9649418105822845,1.0,1.0,1.0,0.0,0.0,0.0,0.5180458809139991,-0.26883105008488273,0.7963660469569702,-0.2860916117010457,0.24292757248591834,2.8058882716713933
1,3.356694418311333,2.458899034124615,2.458899034124615,4.534381653522229,0.0,0.0,1.0,1.0,1.0,0.0,1.5647556705987518,0.3088434577592605,0.8019741919309332,1.384184001222705,1.550487332609275,-0.47441648845719264
1,6.817549749546631,2.86534704141104,2.86534704141104,7.184724626378815,1.0,0.0,1.0,0.0,1.0,0.0,1.186098073966553,0.2844089787676679,-1.1194715708172893,0.10838684342597066,2.3397365689287333,2.7039067888612305
1,6.231801759401069,2.689768038147643,2.689768038147643,4.235154372018741,1.0,1.0,0.0,1.0,0.0,1.0,1.1444836870167845,-0.15741497676714544,0.4996184765479663,1.8507718023332789,-0.3863540268498955,0.01722094612863123
1,4.2517786362909415,5.144365465402889,5.144365465402889,5.011528997899778,0.0,1.0,1.0,1.0,1.0,0.0,1.136109050039996,0.28543793793928673,-0.8747649756344373,0.23951221535298123,1.77459992829007,0.462459091862641
0,0.6088473266195753,3.4277765757541094,1.9386805387324029,3.4277765757541094,0.0,0.0,0.0,0.0,0.0,0.0,1.0936616888916002,1.1143119274875275,1.2152790990580749,-0.5224344246825301,1.2271610287675883,0.5979777949543652
0,3.6859495390873978,3.7674319272380203,0.876761160668968,3.7674319272380203,1.0,0.0,0.0,0.0,0.0,1.0,-0.03001215010510483,1.4639565614290533,1.7482860696387879,0.9092053341144744,0.8927600415890667,2.2504593889218576
0,2.8711488911530467,4.493931232821473,2.766591323699637,4.493931232821473,0.0,0.0,0.0,0.0,1.0,0.0,0.49200607390688483,1.661890241667654,0.6875009761628809,1.458683703270557,3.273851078031539,1.6433648766825117
1,3.3882310908524707,4.161808031495472,4.161808031495472,4.845689998888049,0.0,1.0,0.0,1.0,0.0,0.0,0.9292998353167558,0.6854984595229374,0.3829192389401095,1.2945404729876553,0.7259290244742218,0.4066093109642621
1,2.132293372465786,0.4972080253334774,0.4972080253334774,2.3364642373573328,0.0,0.0,1.0,0.0,0.0,1.0,-0.7561871444269861,-0.8489586265223583,-1.266609744857063,-0.373383391011754,-0.33110929263785405,-1.074518871976185
0,0.4500730711541172,1.0103228019847403,1.5380816562142194,1.0103228019847403,0.0,0.0,0.0,0.0,0.0,0.0,-0.5233846218165239,0.2881724291799184,1.1282591429371411,0.6628049784296404,0.42833126408125133,-0.47483949986806606
0,1.3437956758833738,1.5594577698218692,0.5398191379977578,1.5594577698218692,0.0,0.0,0.0,1.0,0.0,1.0,-0.22821751019442926,0.375897528057387,0.45734144352327394,0.9095211834735897,1.81432993391851,1.8757667509641125
0,-0.4294562733897471,0.6514520351935364,-0.9552925389149216,0.6514520351935364,0.0,1.0,1.0,0.0,1.0,0.0,-0.8744093067684451,-2.0556077068053993,-1.0380749805355745,-1.4248185451248534,0.7879414958420485,0.21862967895734953
1,4.784823840682517,2.3222901356725174,2.3222901356725174,3.443244035294729,0.0,0.0,1.0,0.0,0.0,0.0,0.8757453382556382,1.036847077675548,0.1694913884300039,0.565298293151354,-0.07553534869236866,1.5702426507599254
0,6.240412288537385,7.315026479258619,5.310158324479425,7.315026479258619,1.0,1.0,1.0,0.0,1.0,0.0,1.2097718981558567,1.7058868823063236,0.10337463075343406,2.2442841266283935,2.660915171141271,1.7096225046070035
0,0.642251950055174,2.692462619052373,-0.6522839615057326,2.692462619052373,1.0,1.0,0.0,0.0,0.0,0.0,-0.9664273007206192,-0.48783395425567955,0.4500045195153125,-0.6648416206343299,-0.5326706345031453,-0.25347715835475615
0,3.038159180567166,5.692126023635584,4.574442190773889,5.692126023635584,1.0,1.0,1.0,1.0,1.0,1.0,0.7978130014430752,0.3780610930021637,1.3522505974259573,1.0883819927031066,1.12788431185693,1.6520481559269535
1,7.7618437376136695,4.201231369949021,4.201231369949021,3.457347490017576,0.0,0.0,0.0,0.0,0.0,0.0,1.7678502314448412,2.396764710378966,2.096929472967618,1.7464139604686568,2.174052978846917,0.7066998648849894
0,3.778023084393418,5.393621817778513,3.732658769188658,5.393621817778513,0.0,1.0,0.0,1.0,0.0,1.0,0.5767885393465313,1.0494846872904504,-1.2480375707537834,0.619218275172604,0.5394220331893711,1.8189930359775577
1,8.667863427377542,2.7977498462174406,2.7977498462174406,5.46681644690829,0.0,0.0,1.0,0.0,0.0,0.0,1.3466246776626076,2.4531457016079985,1.2024792772143167,0.8372677760311794,0.4559362231233871,-0.47283777509196856
1,-0.15496252777522876,-0.8613218371506287,-0.8613218371506287,1.0305733019791214,0.0,0.0,1.0,0.0,0.0,0.0,-1.0677064980259257,0.17143882326554205,-0.40055257379952136,-0.059187989719276635,0.6883160912048916,0.3357259299943606
0,0.41324366770216314,1.4297159776869184,2.8316853846535976,1.4297159776869184,1.0,1.0,0.0,1.0,0.0,0.0,-0.33694513931676007,-0.30621561865456015,-0.6397213844204428,-1.5178622461218656,-0.5157394331813407,0.23688896668093218
1,4.924739418869808,2.9174644091866915,2.9174644091866915,3.9623975201996102,0.0,0.0,1.0,0.0,0.0,0.0,1.5877092850100407,0.5925640455216741,0.7265205538191004,0.4987731976159015,1.4587956270853655,0.9021336052120558
0,4.078331273645694,6.631152524758834,3.3921350392089935,6.631152524758834,1.0,0.0,0.0,1.0,0.0,0.0,0.8621095506817038,2.0245726266666995,0.5169860335319976,0.5315085120028558,3.0216203305174405,1.0574487834930948
1,4.456501574137125,0.659799691133512,0.659799691133512,2.580498624814331,0.0,0.0,0.0,0.0,1.0,0.0,0.44489728287621017,0.8557405367191687,-0.6359453223890108,-0.2543799283031458,1.4571435354909665,-0.768018042709705
1,5.6432855036665455,3.053260291490635,3.053260291490635,3.069729442064797,1.0,0.0,0.0,1.0,1.0,0.0,0.5475212633414035,0.8162907708336619,-0.6137680051006846,-0.5530996176993641,-0.07074934582073777,1.1204334921045247
1,2.6826341844933976,0.5151085851064126,0.5151085851064126,4.0185943605544505,1.0,1.0,1.0,1.0,1.0,0.0,-0.6817917472948996,0.6230816735946205,1.7251020882721724,0.7031193568206224,-0.3960729667946934,1.8540357733765436
1,5.3082298518655175,3.1877001584211064,3.1877001584211064,3.4458909173344243,0.0,1.0,1.0,0.0,0.0,0.0,0.29977268675514634,0.7716664273107764,0.9132520591918434,0.9948514286755348,1.1546942614238547,0.6102504605292213
1,4.753252375715031,3.8175580945248058,3.8175580945248058,5.804058490737969,1.0,0.0,0.0,0.0,0.0,0.0,1.9623290131307694,0.6814162634237844,0.08600919666569767,0.9258006517171433,1.3769374720401881,-0.06893644064058213
1,2.656313151778527,1.4853540062440354,1.4853540062440354,2.621686009527548,0.0,0.0,0.0,0.0,0.0,1.0,1.4716715745840303,0.2812184694654779,0.32087882326488704,0.5981426520043753,1.4525373085761932,0.4717407038536715
1,7.4482043249028305,3.2207441007585165,3.2207441007585165,5.758250567089896,1.0,1.0,1.0,1.0,0.0,0.0,0.5293263410452343,0.7406195417496866,-0.15748981321183397,1.0851177221590946,2.1139998254684826,0.7452887689788779
1,2.8263363075867036,3.1592971045592266,3.1592971045592266,2.3821520755648873,0.0,0.0,0.0,0.0,0.0,0.0,1.1433580489783473,1.1305558533779532,1.0381864725574845,1.1175486602924685,1.930068496746702,1.133502122906406
1,2.3981479583553265,-0.22893242069234265,-0.22893242069234265,1.2984658209968165,0.0,0.0,1.0,0.0,0.0,1.0,0.20487111759490712,0.1939096035411857,1.018115474762903,0.7735837744790384,0.6337574080091373,0.14932896123106365
0,3.5510521065210963,7.112953000834881,3.5798739955472967,7.112953000834881,1.0,0.0,1.0,1.0,0.0,0.0,1.0972817016257803,1.0865964015904894,0.1919614420162521,1.3435051491308125,1.2757616778866303,2.0578686333608913
1,1.4398590818697625,0.24485879427691737,0.24485879427691737,3.0598019873186986,0.0,0.0,0.0,0.0,0.0,0.0,1.3554530852270974,-0.11198722688336382,-0.15729337199672855,-0.9515188091486171,0.8326563169101182,0.9536587858059256
1,7.024945177235358,1.5497287176269767,1.5497287176269767,5.8753079589900645,0.0,1.0,0.0,0.0,0.0,1.0,1.4071234715792371,1.4090318528540173,1.3073437085821495,1.6141341288431872,1.6685477338610541,1.1730205328989036
0,3.2458113845375203,5.820694807689444,2.2786050530317246,5.820694807689444,0.0,0.0,0.0,1.0,0.0,0.0,1.5406531799573178,0.6996015500968169,-0.003210060806124626,1.4582288197343742,2.130478705731314,2.3232125833850463
1,5.001275815499747,4.457017645111571,4.457017645111571,5.075627251156476,1.0,0.0,0.0,1.0,0.0,1.0,1.173750116421968,1.3948021091294232,-0.1927811258794303,0.03737842216239068,1.5146062639327158,1.3414146417814696
0,0.33117884255561214,2.741648424343988,1.2602820567410995,2.741648424343988,1.0,1.0,0.0,0.0,0.0,1.0,0.4243957787339889,-0.2661900047101683,0.4069711308891377,-0.5263323608695938,-0.5529326413313744,-0.6548124388838055
1,1.9303187787321772,0.49680714348860755,0.49680714348860755,1.3776219595962125,0.0,1.0,0.0,0.0,0.0,1.0,0.9776867126241882,-0.8139505615840714,2.4135243220517917,-0.04979967368776317,2.533898420118112,0.6974314116657953
1,0.9653306710488374,0.5707192906954859,0.5707192906954859,2.7610642414305953,1.0,0.0,1.0,1.0,0.0,1.0,-0.7901411066067627,-0.8509227781856745,-1.788186645386634,-0.5482784558709357,0.6444127586191852,-0.9570968485649844
1,1.6634437484768347,3.0114091452694374,3.0114091452694374,4.483333066409263,0.0,1.0,1.0,0.0,0.0,0.0,0.23633400054222603,0.3456984283161513,0.20293251364630416,0.38193881319546374,-0.35119905956144226,-0.17679731505173657
1,3.4606018169737816,-0.7787942305261206,-0.7787942305261206,1.9532133585292268,0.0,1.0,1.0,0.0,0.0,1.0,-0.8379335173548514,0.13193935946182633,-1.9708946587226146,-1.4271810308759867,1.0667687171225786,-0.05604720384266826
0,-0.8564852649441466,0.0703089122764361,-0.29423109282039783,0.0703089122764361,0.0,0.0,0.0,0.0,1.0,1.0,-0.4444283428138506,-0.09303947009119384,0.16862387449194705,0.34756623476883025,-0.46063447204085994,-0.15393485254540318
0,2.3790187319971143,3.8247943083477347,0.7464295441947151,3.8247943083477347,1.0,1.0,0.0,0.0,0.0,0.0,0.0309303892149293,-0.6540460513304556,-1.1641722496613727,0.03143628961049744,0.12257829445119905,1.461727669736155
1,2.301937497001893,1.3976563680327119,1.3976563680327119,1.716341462404515,0.0,1.0,0.0,1.0,1.0,1.0,0.6189535538293145,-0.9515967291240102,-0.2278082064358986,-1.0458194627273036,-0.9122003837334147,-0.7006146631553705
1,5.9373446406155255,4.1758925567624265,4.1758925567624265,6.152830345068473,1.0,0.0,0.0,0.0,0.0,1.0,1.1511540720558568,0.8043606569287538,-0.2390943134537038,1.3899425994500572,0.9155129672338176,0.6837227611737798
1,-0.35037328588244687,1.2606496070028852,1.2606496070028852,1.5065593427590451,0.0,0.0,0.0,1.0,0.0,0.0,0.6823788980913107,-0.47335021885673134,0.29269735424987015,-0.14445135607199533,-0.0940763742184636,0.7104009807870293
1,1.919853860914106,1.4863888460920611,1.4863888460920611,4.0634819509626094,1.0,0.0,0.0,1.0,1.0,1.0,1.0734679377773664,-1.0780719297653385,0.04931685977984601,0.6878489942644956,0.5621256616164226,0.9328617954138204
1,3.1961618333051223,2.239403824706141,2.239403824706141,5.732825321328908,1.0,0.0,0.0,1.0,1.0,1.0,0.8799522169239595,0.8241479532757839,3.1442623200602,1.989336304478062,1.803994372168551,0.6578763199709252
1,1.347532305904127,-2.6537217990994466,-2.6537217990994466,-0.4879762567739243,0.0,0.0,0.0,1.0,0.0,1.0,-0.3040624581304112,-1.4445561313683166,0.2775188273313167,0.373293304024868,0.41232717573723343,-0.2859635313325355
1,4.813343064676045,3.578740732211916,3.578740732211916,5.11320587126399,1.0,1.0,0.0,1.0,1.0,0.0,1.0944593797539506,0.7395037631864084,1.320317686779502,-0.7738280422980126,1.944135578306762,2.2719844083739256
0,1.7360673532839073,0.42876392734354374,2.364320758973239,0.42876392734354374,0.0,0.0,1.0,1.0,0.0,1.0,0.5445299568313042,0.4301218319171236,1.4676960909618118,4.03566468343443,1.928759815543508,2.045386545616199
1,1.934890032048143,1.4590615234954663,1.4590615234954663,2.91191898356581,0.0,1.0,0.0,0.0,0.0,0.0,0.9739846977766451,-0.456995566870956,1.0185059535944019,0.8093717469112438,1.693734121927891,0.21233101439456525
1,2.4153858917881976,3.692658869109653,3.692658869109653,3.107081533291396,1.0,0.0,1.0,1.0,0.0,0.0,0.2141629242191746,0.8718022526192544,1.3901297319503128,0.3941894159117601,0.5024072450751724,1.0560573093189751
1,7.459868495247335,3.8142378398290555,3.8142378398290555,8.104667358059254,1.0,0.0,1.0,1.0,0.0,0.0,2.3273575974215275,1.376735555629232,1.3082698515167306,1.2963424764050875,3.300029145395947,1.0615737828720242
0,3.6288988681420666,5.864575272133359,2.5286598811091294,5.864575272133359,0.0,1.0,1.0,0.0,0.0,1.0,1.2604031619599776,0.9910868274824429,0.9469722438878915,-0.6141308219057904,0.8973890953032223,0.17020147065657243
0,0.17139936237503323,2.259329255211499,0.40865598784285917,2.259329255211499,0.0,1.0,0.0,1.0,0.0,1.0,-1.0892054070646955,0.3791013067078084,-0.2997189102651754,0.07241582285946024,0.8259053900629163,1.7532536460071904
0,2.7435426196426485,4.739688207441193,2.9700079603584393,4.739688207441193,1.0,1.0,0.0,1.0,0.0,0.0,-0.08781147254761623,1.174033451446859,1.3509418347490176,1.87650758546431,1.0410230107106067,0.3376146173116251
1,4.493326428543515,2.4514432965191446,2.4514432965191446,4.2181040215889505,1.0,1.0,1.0,1.0,0.0,0.0,-0.13135474160474558,1.1053685370657673,0.004297184559882483,0.27447017379958194,1.289513310985277,-0.05366771164576534
0,1.3582819958925723,3.909102251311081,1.530645933870883,3.909102251311081,0.0,0.0,1.0,1.0,0.0,0.0,-0.04626397144866912,0.07133990512120941,-0.05359752698307929,1.3679030402330188,0.12124848685828638,-0.04967871746231345
0,1.9405181403314096,4.840720742159966,3.9077025080462002,4.840720742159966,1.0,1.0,1.0,0.0,0.0,0.0,-1.0766983470361473,1.36772953405311,0.057187387969867665,-0.31218362105282627,-0.23507588906270516,0.3470444703210873
1,4.936154260212152,2.475004397389018,2.475004397389018,4.010917574947963,0.0,1.0,0.0,0.0,1.0,0.0,0.9963001807641622,1.3698566636343184,1.6334759461950963,0.23196121048220586,1.7838674562937995,0.9683939176837411
1,4.173033732250318,3.5654931688232567,3.5654931688232567,3.7622722492826304,0.0,1.0,1.0,0.0,1.0,1.0,0.6349155041564152,0.010409693322455671,-0.6121812376634428,-0.781031306144699,0.7252035968799917,1.0669380448409655
1,9.016248161650921,5.056430927875324,5.056430927875324,4.99701004270139,1.0,1.0,0.0,1.0,0.0,1.0,1.4629874791078046,1.9546002844004948,0.8744954221375633,1.2215907291904702,0.9196923193288703,1.4619807148498243
1,2.481461407734828,0.7448580501606038,0.7448580501606038,2.674396710767664,0.0,0.0,1.0,1.0,0.0,1.0,-0.3057229084487526,0.25989280268905,0.8797431710897519,1.1204052317333262,0.5538664572435117,1.2020237580739155
1,4.19554483355086,3.2227524352380605,3.2227524352380605,2.8521161958245416,0.0,0.0,1.0,0.0,0.0,0.0,1.099386786556166,0.4300994358175301,-0.21791618333318663,-0.06287617017808289,-1.6593526395955251,-0.5311357424717613
1,5.909787508604764,5.711181682427051,5.711181682427051,6.901152154671849,1.0,1.0,0.0,1.0,1.0,1.0,1.551502238652826,1.2960227840479028,0.9316639108836667,0.12392047813239804,2.412254346218742,2.6906561079052005
1,1.5386164470661803,-0.05864290737212974,-0.05864290737212974,2.342917045541757,1.0,0.0,0.0,1.0,1.0,1.0,0.6403458532951735,-0.07462227964231993,1.0155430856425491,-1.3563566727784657,-0.13860967912101452,1.7036144359054177
1,6.524564520627426,4.549551774064847,4.549551774064847,5.831293133096818,1.0,1.0,0.0,0.0,0.0,0.0,1.5064755225296653,1.212519827548461,1.2847873618040757,0.42057470369266925,2.2343473089129198,1.6196460672063133
0,1.2640436569051299,2.3478811830444295,0.051349591796358784,2.3478811830444295,0.0,0.0,0.0,1.0,1.0,0.0,0.02238867496569763,-0.2679306758008855,0.08396328059105551,0.35833245826625837,0.6462801650850623,1.2704670493279266
1,4.79470167100629,2.9459101229205005,2.9459101229205005,6.851382139179299,1.0,1.0,0.0,1.0,1.0,1.0,0.5766088106512715,0.8305469167221377,1.8718595939422196,1.4272077859469001,1.9453101816730332,2.429453582812741
1,-1.5940794756950474,-3.5214641056935037,-3.5214641056935037,-2.7618821146139605,0.0,0.0,1.0,1.0,1.0,1.0,-2.436834543668548,-1.228073840023664,0.15947641248243782,-0.19640874809845354,-0.9937782670280542,-0.3877141215375657
1,4.269415405709592,1.4705850567027043,1.4705850567027043,2.199379259038124,0.0,0.0,1.0,0.0,1.0,0.0,0.7932400731170899,0.28159219514263256,0.2840903998127202,-0.3119793847641955,1.0321734548946735,1.3759893619530164
1,6.66596962950702,4.6006982217624035,4.6006982217624035,5.806581264093324,0.0,0.0,1.0,1.0,1.0,1.0,1.3897165858271185,1.5814914766225265,-0.8355650989572039,1.4056884261696627,2.451974785045501,3.0515764604818414
1,4.9372500819794265,4.2706777031889445,4.2706777031889445,5.963101419855861,0.0,0.0,0.0,0.0,0.0,0.0,2.014054083708234,1.6448111884365832,-0.5961927656409183,0.4062083199934252,3.345379945340846,1.7000040624560802
0,-2.140781133371494,0.3051216347294943,0.9906649583156409,0.3051216347294943,0.0,1.0,0.0,0.0,1.0,1.0,-0.8930007160323268,-0.7590948452260471,-0.3220030470773325,0.02291620839902292,0.5633934063635144,1.0831965830535228
0,-0.24632624728016927,1.877919886808741,1.9440172806990892,1.877919886808741,0.0,0.0,0.0,0.0,1.0,0.0,0.3573850213691943,0.9809969268274487,1.1109795944114977,1.0367485808098182,1.2349819450237915,1.6234099261288266
1,7.423056068459741,4.914664737937719,4.914664737937719,4.116535201991041,1.0,0.0,1.0,1.0,1.0,1.0,1.5181269290753385,1.4417726141952558,0.7848965481768334,0.9904089745916251,1.2782213226938715,0.6839656424961049
1,5.292750267232474,2.6713963614715617,2.6713963614715617,4.73911567233859,1.0,0.0,1.0,0.0,0.0,1.0,1.1766002306827716,-0.8355391025155576,0.3163671471779572,2.35952951238092,2.266221853331941,0.9276007624188051
1,3.8667779862799745,2.3754890423432315,2.3754890423432315,2.9359021954653644,1.0,0.0,0.0,0.0,1.0,1.0,0.2723607038237471,0.5738907145422807,1.310526039212727,0.790677752367794,1.3409109598405586,1.6191532499938996
1,4.327651037330149,1.7354511058114763,1.7354511058114763,4.493929155282227,1.0,0.0,0.0,0.0,0.0,0.0,1.2683096130058131,0.27419941903007566,1.320407666071987,0.09133587732749932,2.1446617129435834,-0.2945469606489912
1,4.148252623354724,2.0527957404491515,2.0527957404491515,5.227377406241251,0.0,1.0,1.0,0.0,0.0,0.0,1.914413347531528,-0.30621595161052895,1.6849078309214063,1.2321298770660154,0.7531850430803664,1.9409545569180844
0,2.7202909745688597,3.1706390161622644,2.6155680817424063,3.1706390161622644,0.0,0.0,0.0,1.0,0.0,1.0,0.23791314158603,1.492635710170171,0.2510986460382689,0.2641408473957854,-0.4517853735020618,-0.9718774027485106
1,1.2450956763495553,3.0705052874293024,3.0705052874293024,1.081462283236547,1.0,0.0,1.0,0.0,1.0,0.0,-0.5594057887915802,-0.9610007389545216,-0.4658591237121428,1.213369219195697,1.929303846750126,1.4234145985072106
0,4.77427071930118,5.007711328398253,6.149760315433756,5.007711328398253,0.0,0.0,1.0,1.0,1.0,0.0,1.3399254125516475,1.8871617244309018,1.54106871656519,1.6076847127740013,0.8613599774392966,4.302398702081536
1,3.543059861601605,3.268073638135518,3.268073638135518,3.6755114651863554,0.0,0.0,0.0,0.0,1.0,1.0,0.5440372568077969,2.0964148053833354,0.15168039712857873,-0.25713620394249426,-0.37958244787369777,0.9482774822791945
1,8.484040429358387,6.457180085905689,6.457180085905689,9.167684440076147,0.0,0.0,1.0,0.0,1.0,1.0,3.347095675247308,2.8424022090322305,1.6003105776965256,1.9293343473950557,1.6882579348955549,2.885006909026012
0,3.2466442960907607,3.5237370057934805,1.870694050785079,3.5237370057934805,0.0,0.0,0.0,1.0,0.0,1.0,1.154706639530751,0.7577559422002997,1.3285850827152164,1.7204671939502774,2.340338068248411,2.3198993448859904
0,-0.9742287168484788,-0.475368281569022,-0.23729013600313842,-0.475368281569022,0.0,0.0,1.0,0.0,0.0,0.0,-0.8035703048904186,-1.2604657802573653,0.7253292548310828,2.0429908226153106,1.2701222754924122,0.8489455943815981
1,0.41982446706228327,1.5287148096947378,1.5287148096947378,0.8713418281014293,0.0,0.0,1.0,0.0,1.0,0.0,0.09713877852629565,-1.8426292057877895,-0.2075960009027893,0.24271908952024757,1.1549276519495817,1.2965205942545501
1,-0.7874031274094639,-1.5455107211142245,-1.5455107211142245,-0.2819333624040981,0.0,0.0,0.0,0.0,1.0,0.0,-1.0354583076473773,0.32835332379029436,0.5460015501737057,-0.3087602043506087,1.4460135963603569,-1.1688791835028156
1,3.5404023539062504,2.3843163503562095,2.3843163503562095,4.420188031151644,1.0,0.0,0.0,0.0,1.0,0.0,1.0508179566150933,0.40584595673695834,0.6243637735982216,-0.39354041318492916,0.8584618923573502,1.5999856595180613
1,2.5789449440251766,1.77271836953245,1.77271836953245,2.863873499898552,1.0,0.0,0.0,0.0,0.0,0.0,-0.32730312225976166,-0.008722492200063936,-0.8637342907997296,-0.18024043560209613,0.3228401754505954,1.0484207549717346
1,3.9478892232732914,0.5116552104983518,0.5116552104983518,4.565828119078062,1.0,1.0,0.0,1.0,0.0,0.0,0.878556249056019,-0.7132869239429431,0.13248517310201235,0.33244856750241036,0.9159022471609725,0.5643134863065471
1,2.638480386474575,1.5586388302934278,1.5586388302934278,2.4630066092766287,1.0,0.0,0.0,0.0,0.0,0.0,-1.2453865609640016,1.1204466839404401,-1.401866568489289,0.32899796761608646,-0.9667049783157264,0.7883749095675442
1,4.421159622244286,0.8632075754387718,0.8632075754387718,5.577873034994903,0.0,0.0,1.0,0.0,1.0,1.0,1.2050400264379273,1.015546203023642,0.9724234986916627,0.6933351491120204,0.8451794466823573,1.5656331482741919
1,1.307751095255914,-1.2642736128535477,-1.2642736128535477,1.1844975980333974,0.0,1.0,0.0,1.0,0.0,1.0,-0.5710822638115285,0.6848214601845481,0.7660775463060393,-1.3947694002672997,-1.2130951877474199,0.17850108859999647
1,5.955348273190114,3.7258824249258047,3.7258824249258047,4.272848688389332,1.0,0.0,0.0,0.0,1.0,0.0,2.049469096754834,1.3787306190603081,2.023343974037479,0.3799568086243187,1.443403421986273,2.253473781284594
0,0.8243470530828105,2.5801256578294662,1.3871838574127755,2.5801256578294662,0.0,1.0,0.0,0.0,0.0,0.0,1.0808793749088634,-0.006431191495872901,1.9266349284817395,0.7999517125922941,0.6877389072333138,0.5413471021930414
0,4.105996097025387,3.131947823215088,1.565371986287847,3.131947823215088,0.0,0.0,0.0,0.0,0.0,0.0,1.3517004974999052,1.5070529632387673,1.816526290748695,1.8125698051889012,0.9145871279377377,1.555653148842473
1,1.875949464885724,-0.9978134597140443,-0.9978134597140443,1.9402602018730999,0.0,1.0,0.0,0.0,0.0,0.0,-1.1954803509709038,1.1494174205354952,0.333862943219124,-0.5890191211359737,-0.01753228768006654,0.36529638416406507
1,2.131547723153259,2.32583591344435,2.32583591344435,3.614602332280035,1.0,0.0,1.0,1.0,0.0,0.0,-0.25986543786617133,-0.33151470427519825,-0.7616045617795733,1.1335202085791773,1.0314873250425056,1.424754862964117
0,1.9528317891920428,3.219550463047283,2.4570087276527843,3.219550463047283,0.0,0.0,1.0,0.0,0.0,0.0,0.04888341249431988,1.120358658261493,1.171735041091146,0.6851633146064284,0.7630754694860327,0.8918340143239099
1,0.07142458306598254,0.947309440001473,0.947309440001473,0.557943522456586,0.0,0.0,1.0,1.0,0.0,0.0,0.36786282499492573,0.4407312276769572,1.5256739700521968,-0.9491825830880622,1.8903816812887257,1.0773111656866967
1,6.117934322533266,2.7847348867568997,2.7847348867568997,7.090674465558823,1.0,1.0,1.0,0.0,1.0,0.0,0.49616768586784715,1.293715732770144,-0.6194869834253893,0.31532164503210847,0.5970615602985112,0.386919713596958
1,4.460776563118753,2.654346196886922,2.654346196886922,6.164764188787509,0.0,1.0,1.0,0.0,1.0,0.0,0.5756050263885086,0.15124379204847732,-1.4712416072753063,0.35459859134844524,1.4834479796992657,-0.020976483986003824
1,2.6213336579384015,2.318779542978041,2.318779542978041,3.843672532806676,1.0,1.0,0.0,1.0,1.0,0.0,0.3092391028302788,0.556770488343548,1.2952715229339913,0.5098633216958921,0.22801425793710628,0.28388578338482784
1,5.203979502545867,1.9790294792292946,1.9790294792292946,6.397629385750957,1.0,1.0,0.0,1.0,0.0,0.0,0.42608343314283326,-2.0161664009271387,-1.2775673683250013,-0.00456369826831704,1.147234121564116,-0.5381659082918757
1,7.952165418874084,4.221016085104808,4.221016085104808,6.121556594614357,1.0,0.0,0.0,1.0,1.0,0.0,2.7260897152411423,0.19282869731825036,0.7175174326814596,0.33250255793819067,1.8270975070646494,3.1381507250568603
1,1.9834125220059569,0.8200724155766801,0.8200724155766801,1.0846595455984913,0.0,1.0,0.0,1.0,0.0,0.0,-0.16000474971484968,-0.05106541846880197,-0.4417921709200008,0.1037219068247317,0.9645982510828038,1.7601000844980321
1,2.2455562415592594,0.37044086842996915,0.37044086842996915,2.467284003028351,1.0,1.0,0.0,0.0,0.0,0.0,0.5576944073475575,-0.1782533220649999,0.8601450047008301,-0.8517512820002466,0.9049627449645619,-0.12541967954341038
0,5.229714168007703,6.914149307477658,4.584017892431107,6.914149307477658,0.0,0.0,0.0,0.0,1.0,0.0,1.8960807951714875,2.203238675020974,1.226007394153076,2.0493726790272317,2.1668828340494484,1.6943859730999362
1,6.1651925148467095,2.6077616250010416,2.6077616250010416,3.8773694402698005,1.0,0.0,1.0,0.0,0.0,0.0,0.6295292316082977,-1.0754797696962832,-1.3453225885500046,0.7963410886321005,0.5976194756989942,0.9639342107416228
1,6.2774765070032235,2.3455245208890183,2.3455245208890183,4.770503401414237,0.0,0.0,1.0,1.0,1.0,0.0,0.33348854128680816,2.743878688758392,2.0848441851675297,1.5335256034847744,1.336452904033716,-0.0527036184344265
0,2.682271906996529,0.09767962903876981,2.319905397853779,0.09767962903876981,0.0,0.0,0.0,0.0,1.0,1.0,0.9176087381303444,-1.0908733056138953,-1.0345012353487926,-0.16161249223893193,0.11983386692243736,2.8343558346820577
0,5.972122139591415,8.029390433907338,6.820846882049291,8.029390433907338,1.0,1.0,1.0,1.0,1.0,1.0,1.849731870397207,1.0871163154227024,-0.32887788732936984,-0.09201370463587988,2.280669793015835,1.2835342269313248
1,9.783241677052079,6.3216036034762935,6.3216036034762935,9.594470671164768,0.0,0.0,0.0,1.0,0.0,1.0,2.610001751904667,2.7688680104678696,1.7133259009902244,1.8576030613575876,2.443708530213621,2.556126459200186
1,5.667031511941907,2.9792649479909645,2.9792649479909645,2.9084194338675333,1.0,0.0,1.0,0.0,0.0,0.0,0.7117330895002004,0.8513461602232185,2.1230366030418413,0.4716767439150845,1.9887207020603976,0.8790435712307274
1,3.998366337910262,0.7614109274176621,0.7614109274176621,3.137229068472963,0.0,1.0,0.0,0.0,0.0,0.0,1.376846263728734,0.5623846259167022,2.0991461004890675,0.617548579372059,1.2318811283344115,2.4357528077385315
1,3.1148745578280974,1.6527278455468501,1.6527278455468501,3.478767296432838,0.0,0.0,1.0,1.0,0.0,0.0,-0.4829563483222996,1.8946195771216654,-0.31244692278414,0.09869792467629496,0.1251114551067518,0.7958222658261487
1,-2.7969186624914557,-1.358285618032899,-1.358285618032899,-1.4236771470394936,0.0,1.0,0.0,1.0,1.0,0.0,-1.3352202817971501,0.33303558099421243,1.3895514893439826,-0.5199217276030912,1.4455651804926566,0.5294545061222702
0,3.0291547845880986,3.455120695131047,4.489326547829256,3.455120695131047,0.0,1.0,1.0,0.0,1.0,0.0,0.3168925291911645,1.9019924315715442,0.8144039947399829,1.4733985356785628,1.6460425681616697,1.2795689626643378
1,6.9822772238297794,3.0281762499950653,3.0281762499950653,4.965621290767839,0.0,1.0,0.0,0.0,0.0,1.0,0.8394353712164339,2.0270856796172287,0.22686918984340898,-0.08305547898701215,2.043138587935215,1.4058954700723605
1,3.5826233187430065,0.7610600993652707,0.7610600993652707,5.161859917729986,0.0,1.0,0.0,0.0,0.0,0.0,0.24378532498235678,1.2267337227924382,0.21554103416872888,0.30469268270572314,0.5363523084375934,1.030452618181075
1,1.4405679916103136,0.9341017777025634,0.9341017777025634,2.4436600880047115,0.0,0.0,1.0,0.0,1.0,1.0,-0.9372787205346145,1.1871557467165963,-0.38830217767611974,0.7180893536763368,0.20714856149692085,-0.07262034478174506
1,6.7935721804099884,3.9443282205995813,3.9443282205995813,5.677910329330556,1.0,1.0,1.0,0.0,0.0,0.0,0.8438642397917173,1.9154353340019172,0.7495948302919162,0.5714996221413726,0.27096218128266425,1.0716617461854696
1,5.4955443563078195,1.326711665091511,1.326711665091511,5.877740127237094,0.0,0.0,0.0,0.0,1.0,0.0,1.3562123743435102,1.2755887677066091,-0.14394895466398483,-0.678172827526019,1.7547085823923414,2.0814473252797376
0,2.7632100527028394,5.355893952074842,4.098138670525002,5.355893952074842,0.0,0.0,0.0,1.0,1.0,1.0,2.0362347183605856,1.6587863037131916,2.133920492547941,1.993957730024859,0.8529523415177258,2.185091006561637
0,3.3424908977390606,3.170202532965071,1.3274248055535711,3.170202532965071,1.0,0.0,0.0,1.0,0.0,1.0,-0.3638791246525883,0.7213476240817682,-0.32172924169865114,1.2651784186646635,1.5382502101760362,0.5546268876534518
0,0.7286200859809313,0.43496514541155684,1.3145453617951897,0.43496514541155684,0.0,0.0,1.0,1.0,0.0,0.0,-0.30301550527525756,0.23616541209789432,0.17719102627014433,0.35361072963465834,0.008181197604363089,-0.03318778611613338
1,5.97642314694576,2.818324650625048,2.818324650625048,6.006646595918094,1.0,1.0,1.0,1.0,1.0,1.0,0.8723228286343343,0.5757850712663111,0.046596906399675064,0.49165274599201253,-0.17537146375225765,1.2823360880039065
0,6.650283629643924,8.316130037861152,5.507753095473156,8.316130037861152,1.0,0.0,1.0,0.0,0.0,0.0,2.5599237915040622,1.7502948822186837,1.4099345310841178,0.8026010952669522,1.6987520296703615,0.6916443614710568
0,1.8634388339567876,1.2045812584436641,1.0708252730006182,1.2045812584436641,0.0,1.0,0.0,0.0,0.0,0.0,-1.3297787478068583,0.8033371854500242,-0.9325035825160681,-0.41356281753081725,-0.18547636396802525,0.2870623574620743
1,1.5455726706170927,1.4052103504631357,1.4052103504631357,2.830585422071866,0.0,0.0,0.0,0.0,1.0,0.0,0.8859251820418752,-0.3772473756446212,-1.0489604081986545,-0.9866994279902053,-1.2591904277958812,0.802253320210436
1,6.705486295354389,5.677943932541395,5.677943932541395,8.235237369796018,0.0,0.0,1.0,1.0,0.0,0.0,0.7034562326185652,3.2397629103911307,0.20298453027943353,0.38576755717352723,0.07396557629561862,1.2520636962641074
1,4.432095332140218,2.618955259015315,2.618955259015315,5.811358926331931,1.0,0.0,0.0,0.0,0.0,1.0,0.44029457310697706,1.5965071032311495,0.0955604224150382,2.098895466809672,2.248216082082187,2.1156263852691493
1,1.9741134927692663,1.6917229887309762,1.6917229887309762,2.5142231026767985,0.0,1.0,1.0,1.0,1.0,0.0,1.170455776107175,-0.0848343242462607,1.6213364148288534,0.3627889237515158,1.223943962464235,1.4239266101416814
0,6.22549587292712,12.579793357293442,7.242841409510332,12.579793357293442,1.0,1.0,0.0,0.0,1.0,0.0,1.9276068651796066,3.3939698317394864,1.0371369538798272,1.8800089341888941,2.808192023560795,1.5164514538047142
1,1.502680424149315,4.199835683633839,4.199835683633839,2.018313193070398,1.0,0.0,0.0,0.0,0.0,0.0,-0.0634387042329525,1.1815755207877212,1.1993983611590848,-0.5269615954141704,1.2805163296721476,1.1021939264885063
1,5.4434627453424715,2.001826733307132,2.001826733307132,5.939470511806448,1.0,0.0,1.0,0.0,0.0,1.0,1.3821703969922354,-1.08972684866708,-0.6557309865995504,0.40474353288803866,2.059231230292951,1.0763853801699121
0,4.039470062505547,5.96138783816286,3.792404091280362,5.96138783816286,1.0,0.0,1.0,0.0,0.0,1.0,-0.4611270480402121,1.681407038082289,0.654721361006224,1.6570627202768562,1.409431658522055,0.9949711237202646
1,2.41684640059715,1.8453083690257766,1.8453083690257766,4.794009949498918,1.0,0.0,0.0,0.0,0.0,1.0,0.5870600715856086,-0.9064334819824826,0.5206298422561214,1.6688671157091592,2.0725889899289123,0.32787192569265955
0,1.4325496683709835,1.2427334921189401,1.2945868488788272,1.2427334921189401,0.0,0.0,1.0,0.0,0.0,1.0,0.6824211668141796,0.514449118899754,1.0770967454846474,-0.17374941727851245,0.25367919002595274,-0.038507434472345725
1,1.0428140875305254,2.8009434785282674,2.8009434785282674,5.138973008496175,1.0,0.0,0.0,1.0,1.0,1.0,0.37040836792453125,0.26660955382577867,-0.186750800013616,0.6868111969389381,0.44063873036778367,1.0292442210296584
0,4.3634781657632224,3.704034278198867,4.6521627073973395,3.704034278198867,1.0,0.0,0.0,1.0,1.0,0.0,1.220923508938386,0.9829350790755194,-0.36675793692566094,1.1198722536714858,2.996954085055769,1.247542116019532
0,2.8677220052474723,2.3779420757109415,1.9641624413412524,2.3779420757109415,0.0,1.0,1.0,1.0,0.0,0.0,0.6852507595090191,1.0576395345120113,1.0092038033538793,0.46962237888202,0.660582453290921,2.0462316686453237
1,1.0121505213134259,1.6653318421882006,1.6653318421882006,0.8357540426029695,0.0,1.0,0.0,0.0,1.0,1.0,0.2853757004207099,-0.1317656605146187,-0.26488530985747627,-0.48411511866191304,0.38140278525926175,1.2119810447309902
1,2.5822444400196036,0.7667131595330485,0.7667131595330485,3.4228429887273926,0.0,1.0,0.0,0.0,0.0,1.0,0.8881334838550405,0.7660273392737496,0.47726510465151156,-0.30971620088865537,0.20701637222300184,-0.42219229174080897
