0,-0.5405325504033907,2.029524127672872,0.4020389752619238,2.029524127672872,0.0,0.0,0.0,0.0,0.0,0.0,-0.005208019010683018,-0.2196239417966711,0.752198007656695,0.7487649142010299,0.19756055511025683,-0.5583413658460779
0,6.084744831499799,7.817001935491735,5.035047558243933,7.817001935491735,1.0,1.0,0.0,1.0,0.0,0.0,0.6627727616976963,2.372706722586118,-0.48489163612835473,0.9027206099567243,1.1630985551648143,1.9318800060608086
1,5.806883819246841,3.9616765120443405,3.9616765120443405,5.283469116946988,1.0,1.0,1.0,0.0,0.0,0.0,1.975467294816054,0.916862788357331,1.4607571062454088,1.0163249117849125,0.9405078896115553,0.7577570338163125
1,2.2651451479438114,3.2786707101247545,3.2786707101247545,3.154832223847971,0.0,1.0,1.0,1.0,1.0,0.0,-0.689680777274837,1.3256168451087071,-0.49310412056544894,-1.3675595111639878,-0.2509707101846761,-0.31849196960316806
0,0.14830996633219384,2.29611818981587,2.4958743539913844,2.29611818981587,1.0,0.0,0.0,1.0,1.0,0.0,-1.0065570910988824,1.0530563228602012,0.09341829563639892,0.2819396042180973,1.2086428547573431,-0.017925542164844543
1,3.2655621985069883,2.1859259529277044,2.1859259529277044,3.999896670365783,1.0,0.0,0.0,0.0,1.0,0.0,0.10775588470739178,0.23641438457171526,-1.499915092461562,0.2952327205202331,1.3805107108258816,0.6565553717701368
1,6.944257898525825,4.826357091520964,4.826357091520964,6.083663793392029,0.0,1.0,0.0,0.0,1.0,1.0,0.9665318501843486,2.1824280591797978,1.8007418980297338,2.8367047501923826,3.130730618771188,1.2527834966537639
0,1.311253786840461,1.439751531331727,0.1526261885258085,1.439751531331727,0.0,0.0,0.0,0.0,1.0,0.0,-0.8593034315714954,0.555067269499212,-0.6166221908364693,0.7934028084846332,1.2789214804900138,1.3534063871040223
0,1.1985685646577355,4.256890530828803,3.4982007143411833,4.256890530828803,1.0,0.0,0.0,0.0,0.0,0.0,0.5542404032833834,1.2427025269646501,1.526299104730302,1.1658247925895764,1.1790097995113744,0.8747582577463006
1,4.233826057837121,-0.356708050384662,-0.356708050384662,2.925568468935522,0.0,1.0,1.0,0.0,0.0,0.0,0.8905822072682288,-0.5050476223510181,0.49324507371120074,2.5511734977404394,0.7473536020602217,1.2643275097958981
0,3.994594107393042,6.407153993907592,4.952140112640249,6.407153993907592,1.0,0.0,1.0,0.0,0.0,1.0,0.8378241641578512,1.6258477961677955,0.10122861129351085,0.08713689450712947,-0.6155932432243403,0.8265043860984906
1,0.9527931149864907,2.0717811986456995,2.0717811986456995,1.0835681430275346,0.0,0.0,1.0,0.0,0.0,1.0,0.06122878859144143,-0.7631430890123709,-0.20627940734018002,0.8454173037842716,2.5024090304569637,-0.10226516275068342
0,-1.2149684733746264,2.9188860689141376,0.6408384484070582,2.9188860689141376,0.0,0.0,0.0,1.0,1.0,1.0,-0.47389478559622467,0.41915173481243595,-0.3728768801574103,0.6267105916521654,1.257054523397396,1.3374299677977637
1,6.511119993556476,0.8880161825026089,0.8880161825026089,5.607582480522023,1.0,0.0,1.0,1.0,0.0,1.0,0.5263720271881237,1.029263256614854,0.9924774679693577,-0.3078557536705412,2.147055637584388,1.7513301647372173
1,6.585050501542202,4.229421005805398,4.229421005805398,7.818579023345553,0.0,1.0,1.0,0.0,0.0,0.0,1.6169632769692464,1.715990198803572,0.7546179911157467,1.2739132358824565,1.8088075915108495,2.201354293571177
1,3.1535214932977924,1.0387369450429982,1.0387369450429982,4.6465058091249585,1.0,1.0,0.0,0.0,1.0,1.0,0.9903613531813702,-1.9527888160844378,0.6143303060328429,0.016931303833181643,0.7644270460766331,0.3245369408968405
0,1.2707945067751831,1.5073575818070308,-0.11282941266152635,1.5073575818070308,1.0,0.0,1.0,0.0,0.0,1.0,-0.042426438939814126,-0.25480357209996485,-0.1647103998692777,-1.216762294156777,-0.6131255420281729,-0.6713032786522908
0,4.271963668412409,5.548396346485064,3.4129359356947147,5.548396346485064,0.0,1.0,0.0,0.0,1.0,0.0,0.859181733668605,1.9427383231979554,0.6999011822906274,2.50744570665648,2.205125550367052,0.22204542805576255
1,2.192801215883677,1.263071505012715,1.263071505012715,2.9920238382231883,0.0,0.0,0.0,0.0,0.0,0.0,0.7751042271805737,0.06008217126404142,-0.6601283805833134,1.1634812348537298,-1.7121416499442623,0.6530905715066072
1,-0.7656103074163069,-0.42367037630350524,-0.42367037630350524,-2.4049059739636696,0.0,0.0,1.0,0.0,1.0,1.0,-2.3310946014438354,-0.45559499763611466,-1.2098094425682615,-1.4288129401771648,2.2879801194165883,0.3922219919248663
1,2.750081948255599,0.2568766611838844,0.2568766611838844,2.6287208367634003,0.0,0.0,0.0,1.0,1.0,1.0,0.3374506558107908,0.2816434890311444,0.7438156927070744,-0.36360147546012567,1.8741779505869354,0.4677083590590714
0,0.7695877576939647,0.6247168795905459,-0.29075372232098284,0.6247168795905459,0.0,1.0,0.0,1.0,1.0,0.0,-0.9151771282651531,-0.37089159273926575,-0.19354540349155158,-1.5442183829773821,0.4479446360432183,1.5438963732904627
1,3.972382499635511,2.9545651403120248,2.9545651403120248,4.6022406078384845,0.0,0.0,0.0,0.0,0.0,1.0,0.9863161143719588,-0.5705012837284653,-1.4162935687106217,-0.5383959171179178,1.1095702713996254,0.9188616993833121
1,7.579557841691928,4.119328678481617,4.119328678481617,5.930427641923374,0.0,1.0,0.0,1.0,0.0,1.0,2.269830015854516,1.7187160129250425,1.4047559341529707,2.145932972948052,2.0941697105754624,2.1764434457337365
0,1.7450261653761765,3.3330149767010244,0.44879969969178046,3.3330149767010244,0.0,1.0,0.0,0.0,0.0,1.0,1.1707041899448947,0.6539174130368459,2.4841560306373918,1.66198654136758,0.9250870559001326,2.4373829150792616
0,3.2747525783636187,4.134042704256787,2.147374774101087,4.134042704256787,0.0,1.0,1.0,1.0,1.0,1.0,-0.8647482408764673,0.0340665205810351,-3.093465389129111,0.23025782973642384,-1.2367269389217381,-0.8773574395038228
1,3.8717406115581308,0.3075996894442725,0.3075996894442725,5.756913351490456,0.0,0.0,1.0,0.0,1.0,1.0,0.7530654821242942,0.2735592503210611,0.40547939263872623,0.750434534777868,0.9711107690668292,-0.19667808094237982
0,4.095934381014295,7.804130335211238,2.501076017323847,7.804130335211238,0.0,1.0,1.0,1.0,1.0,1.0,2.0306363586476275,0.9871608108439034,2.6895649108210957,0.11056076321406777,1.5551060527361893,-0.6871126922321715
1,-0.9132312323853653,0.10512975821718232,0.10512975821718232,-0.7806018429178732,0.0,1.0,0.0,0.0,0.0,1.0,-1.6590249067167178,0.36604479638406384,-0.9968639274866649,0.5898343838022547,-1.3117712902166083,-2.156372503964226
1,4.270718795486903,1.5834066984976218,1.5834066984976218,2.9750795215585715,1.0,1.0,0.0,0.0,1.0,0.0,-0.06798777434597536,0.36957179311580346,0.19211765956586535,-0.05000100075016678,-0.24593693081295798,2.5265746091033288
1,1.976063106793588,4.465396282089393,4.465396282089393,3.506775140403248,0.0,1.0,1.0,1.0,0.0,0.0,0.5053361665636168,0.3336973737127964,0.9007599754993842,-0.3961728786493428,0.10058761860621879,0.3620749624445846
1,0.7392816408895798,-0.5128885286662369,-0.5128885286662369,0.7105382734392381,0.0,0.0,1.0,0.0,1.0,0.0,-0.49403871535822497,0.04964157332023411,1.523075882586079,0.007316467754663714,0.6974612135221446,0.7827966291818877
1,3.9345953775814286,2.1062039496797205,2.1062039496797205,2.482586736755166,0.0,1.0,0.0,0.0,0.0,1.0,0.03111724807942201,0.9432645131172841,2.1982547340721865,1.5971204501619893,1.3699577367314213,1.7359874353876568
1,-0.532795910843024,2.1333063836735553,2.1333063836735553,-0.07826377858531308,0.0,0.0,1.0,0.0,0.0,0.0,-1.204730757551187,0.18280957471349796,-0.8237298249425826,1.2874613543310636,0.47175055416988454,-0.24157846213172696
1,5.163940226199876,2.2321341483380857,2.2321341483380857,6.182619819998433,1.0,0.0,0.0,0.0,0.0,1.0,0.2214706268299967,1.6283777410017213,1.744747931197074,1.0365349035591853,2.300106769798001,3.902862588871891
1,2.110972470702323,2.3038884535849733,2.3038884535849733,1.6242298428074613,1.0,0.0,1.0,0.0,0.0,1.0,-0.47618323582794864,-0.25581055011897,-0.887825690333319,-1.400410692139373,1.68337862249952,1.3327978013208899
1,6.442773076296008,2.706972426278001,2.706972426278001,7.024388925458551,1.0,1.0,0.0,1.0,0.0,0.0,2.241192742817309,-1.5768570355350664,0.7066304753946011,1.9177202116030019,1.6786488033553209,1.3595991598652544
1,3.1575448039284684,0.26854645716476355,0.26854645716476355,3.812034379449215,0.0,0.0,0.0,0.0,0.0,0.0,1.00604444447562,-0.4012456937341722,-0.9582882028173609,-0.3928506497142443,2.083997083510987,0.2727607130754748
0,-1.4660258785513258,1.0785591877628964,0.06224791421381265,1.0785591877628964,0.0,0.0,0.0,1.0,0.0,0.0,-0.2876867437629519,-0.20646361724018059,0.6935669816213569,0.5426836276432667,-0.5621408558364642,1.330043488827892
1,5.712176680828513,3.1530671926593317,3.1530671926593317,2.9643692801986545,0.0,1.0,0.0,0.0,1.0,0.0,1.3693745980111725,0.07223407253208436,-0.09966622725366758,-0.49143816485904024,0.5389092376153258,0.12569730797597656
1,0.5397763909190577,-1.3363489714148198,-1.3363489714148198,-1.770527280450911,0.0,0.0,0.0,0.0,0.0,0.0,-1.152935872012984,0.23291414483279743,-0.0005283967885205687,-0.12021958285160239,2.1525141110936645,-0.41901664978359143
0,0.34685406302866495,5.622752480424697,3.473777866815082,5.622752480424697,1.0,1.0,1.0,0.0,0.0,0.0,0.9749723302277282,-1.04245396869998,-0.20794550218981434,-0.3450394174180237,1.614104624889884,1.7980657803919347
0,1.9707779626774649,1.6619061210090824,0.6160493486964327,1.6619061210090824,0.0,0.0,1.0,1.0,1.0,0.0,-0.1427461566786531,0.9172973857579692,1.4630674076507626,1.7249638623926853,0.7041502073879632,1.7812122829522699
0,1.5957766332440544,-0.8187279330150619,0.689717920391435,-0.8187279330150619,1.0,1.0,0.0,1.0,0.0,1.0,-1.2388541119541907,-1.4690638058149421,-0.9243588298871517,-0.18647970749637488,1.1443064617807814,-0.6185158936505202
0,4.209315579664319,5.3483030312515005,2.4809797491281746,5.3483030312515005,0.0,0.0,0.0,1.0,1.0,0.0,1.399079306163601,1.5752435912147105,0.9287795649639441,0.9021361295748136,0.7477791126287818,0.7026803766347299
0,-0.7086246136655203,0.13614182225733829,0.06052970681983892,0.13614182225733829,0.0,1.0,1.0,0.0,0.0,0.0,-1.4424857473977712,-0.6800933482931173,-1.405082665752265,-0.5046430226399226,1.1745372318138834,-1.037893777860042
0,-0.05948225874247248,-0.09887989606986025,-1.1274002592119645,-0.09887989606986025,1.0,0.0,0.0,1.0,0.0,1.0,1.086210848455491,-1.5885681117207606,1.245685422060863,-0.46610033684346974,-0.30426685439838286,0.37200263847029524
1,1.2704350906564097,-2.92654956103193,-2.92654956103193,-1.427333913295785,0.0,0.0,1.0,0.0,0.0,0.0,-1.0038629383324815,-1.8692845883455025,0.39134571927350614,0.9395191302054989,-0.07939735559400507,0.08854555636177253
1,3.028958689268704,1.8582056551863944,1.8582056551863944,4.870503248733117,1.0,1.0,0.0,0.0,0.0,0.0,0.01337832477387818,0.11771882897271896,-0.6728305238271133,-0.4762760587119005,1.7164603373533716,1.6590541625436952
1,6.573081762084904,1.858925415463272,1.858925415463272,4.629531149671761,1.0,1.0,1.0,1.0,0.0,0.0,-0.14939267670014533,2.113721931643526,0.3059475028954187,-0.2786377743524051,-0.11806974674590376,1.2648172840649017
1,0.7927522498145132,-0.33411175381155633,-0.33411175381155633,0.4794907604792439,0.0,0.0,0.0,0.0,0.0,1.0,0.22539677484940773,-0.290397609691011,1.8082563358372747,1.7531231195855022,1.3188145257682322,-1.239642461901644
1,5.985744584463982,0.7926044269943782,0.7926044269943782,3.6263926428148077,1.0,0.0,1.0,0.0,1.0,1.0,1.2468055570796728,0.35259526957802906,1.553204774147381,0.7698835357021847,1.1440419401674953,-0.39673096739543334
1,2.2258801008503415,1.1292183590858478,1.1292183590858478,1.188523796660226,1.0,0.0,0.0,0.0,0.0,0.0,-0.013733597130770936,0.2622091380514114,-0.049894254262482285,-0.6440728459629679,0.6048511277489197,0.8244552185897294
0,2.975406552170976,2.664489659710063,-0.0011440946106180405,2.664489659710063,1.0,0.0,0.0,0.0,0.0,1.0,-0.34068274608629157,0.16343223608626245,-0.5091916497974389,-1.0283560136812029,1.6420268164748104,2.0499351297298842
0,3.3939425284221185,2.9245900576050783,0.8573438285675641,2.9245900576050783,1.0,1.0,1.0,0.0,0.0,0.0,-0.504439572171236,-0.855017813643395,-0.7826083741341825,1.6022053776793879,0.2754860952241598,-0.12120664992591967
1,2.96368239194959,1.469375964575806,1.469375964575806,2.703293135684637,0.0,1.0,0.0,1.0,0.0,1.0,0.18174130602791222,0.5028158513274503,-0.5220021833412765,0.8819038626778082,1.2231749067549866,-0.10569702843015216
1,1.964383982334685,-0.38783208688602105,-0.38783208688602105,1.5650935538188224,1.0,0.0,0.0,0.0,0.0,0.0,1.31943257606542,-1.0332435099936104,2.3211059950783843,-1.3460017435908123,1.1150587230204552,-0.15858453098810754
1,6.740637910827934,5.755439476254512,5.755439476254512,7.06438483870547,1.0,0.0,1.0,0.0,0.0,0.0,0.6736299477675393,2.326875482893905,0.5348827232274959,0.7804919557656753,2.45076175072433,0.20073084520497708
1,0.34197929132683114,0.8517848363370812,0.8517848363370812,1.9542378156179292,0.0,0.0,0.0,0.0,0.0,1.0,1.0907283645655528,0.1883550705597029,1.4581667426069482,0.12561304087069408,1.1202497387913823,0.27262114577453944
1,1.13542000602747,-1.0598975380281876,-1.0598975380281876,-0.14702250323574995,0.0,0.0,0.0,0.0,0.0,0.0,0.0033135219087915835,-0.24310571663202019,1.0933198152428922,0.16725586176200308,0.7840125550310619,0.7190829362265752
0,5.01757106417049,7.772831604041825,3.5214765152895717,7.772831604041825,0.0,1.0,0.0,1.0,0.0,0.0,1.206762886612439,3.0241208617045476,1.4449615342084638,2.015233239039426,0.3702451479264992,3.0909557412533832
1,4.948279363928587,2.385718032565421,2.385718032565421,4.535032662103672,1.0,0.0,1.0,0.0,1.0,0.0,0.4704829547455549,1.0234710602583652,0.28522568866040343,0.8978833965901094,-0.9660635216925306,-0.1707233545947009
1,3.2195264477532843,2.993038856501652,2.993038856501652,2.521508924220843,0.0,1.0,0.0,1.0,0.0,0.0,1.3876456245213897,0.07915896188987592,0.4202500064945295,0.3967540980396754,1.3418488903971724,2.2233834439069735
1,1.272327570754529,2.8512985188359896,2.8512985188359896,3.166061094119976,1.0,1.0,0.0,1.0,1.0,0.0,0.40669097123250836,0.15515717291899728,1.5355921207570746,-0.3993066493276234,-0.15540016080369545,0.3413933661389945
1,3.1759451758644652,3.996727386332292,3.996727386332292,6.213039528659773,1.0,0.0,1.0,1.0,0.0,1.0,1.281969450372054,1.207834183377501,0.8310074243342658,0.11363417220052052,1.458080563912822,1.4828757192025652
1,1.8930363438655629,0.7205078375145844,0.7205078375145844,2.2647003329901936,1.0,1.0,0.0,1.0,0.0,1.0,-0.1822496689071369,-0.020892039506812954,1.6117482044395148,-0.04555682001417494,0.4770424362526102,0.971101443419099
1,2.4774156390967423,0.06299759263729371,0.06299759263729371,2.4824157721697357,1.0,0.0,0.0,0.0,0.0,0.0,-0.8835641569467161,-0.06565002937573694,0.36933172017755195,-0.6731276009852876,0.4750781064091073,0.8342634322616896
1,2.267768909401651,3.062204427403313,3.062204427403313,5.41627830667239,1.0,1.0,1.0,0.0,0.0,0.0,0.1590865260778485,-1.3970283399826364,0.46011383168415676,1.6672282934557596,2.5451062762281396,1.6560786133740277
1,1.3092372371082255,0.7952734804237654,0.7952734804237654,1.4912432565413156,0.0,0.0,1.0,0.0,1.0,1.0,-0.24210909934995106,0.05811334469923707,-0.268327584610792,1.8047263060251375,-0.4179723689956063,0.5374358770553649
1,8.698239656780656,3.1464067722151348,3.1464067722151348,6.130284678952181,1.0,1.0,1.0,0.0,0.0,1.0,1.427633943738044,1.2193206414564615,1.0879753793041689,0.04808568840694205,2.610989453969365,1.0458741910251739
1,6.122459866967605,4.08593553391109,4.08593553391109,4.137663013985003,0.0,1.0,1.0,0.0,1.0,1.0,1.0097088366469285,-0.31424366460212294,-0.3479618769623134,3.0303976454577337,1.9383239392819824,2.0757349649756014
0,-0.12272503095389053,0.4018615380040138,1.880944204926189,0.4018615380040138,1.0,0.0,1.0,0.0,0.0,0.0,-1.0732568685673922,0.12814882993192095,-0.6097039246327043,-2.2351850527754342,2.1621722735124536,1.8271077221019207
0,0.5196574601727972,1.054068189207264,-0.41691753618433935,1.054068189207264,1.0,1.0,0.0,0.0,0.0,1.0,-1.4759618518098865,0.9997415450785729,0.11372574802058888,-1.431651154726394,2.440071446161541,0.33864500962017974
1,2.6416617413435,1.7638916793085462,1.7638916793085462,2.2810776702832807,0.0,0.0,1.0,0.0,1.0,0.0,-0.22360275144058228,1.1375022087761613,1.0708430823720811,1.2413595166369862,1.0408512778879995,0.8312331109949873
1,3.186458724139344,1.9867529502163686,1.9867529502163686,0.18479126738334273,0.0,1.0,1.0,0.0,0.0,0.0,0.23200150290773708,-0.35453984183303855,0.9000639234842123,0.6006314226047695,0.730307978925586,2.5832325891199837
0,1.402339428754038,3.1294311586899104,3.438800970521548,3.1294311586899104,0.0,0.0,0.0,0.0,0.0,0.0,1.3631960718541531,0.062468833006702584,0.19228853301197263,0.9960900095290401,1.3487227306972835,2.169388858222252
1,-0.3656771319423664,0.7663793300386248,0.7663793300386248,1.402835539154013,1.0,0.0,0.0,0.0,1.0,0.0,-1.26723284098288,-0.23783872128059702,-0.8184760849008277,-0.5456173408740732,1.6402731321171968,2.311246186796395
1,2.13757550292517,2.1419337131733798,2.1419337131733798,4.348933935546095,1.0,1.0,0.0,0.0,1.0,1.0,-0.1516794746481378,0.07328433250940891,-2.0321834403824814,-0.5578881217300147,-0.8068807569244241,1.413912206684067
0,2.447295711142439,4.402047193511776,2.9163036428619433,4.402047193511776,1.0,1.0,0.0,0.0,0.0,0.0,0.09762325841287056,0.8159195125951739,-0.5879037814464507,-0.5926156542105712,-1.6575626869573261,-0.8905330152757365
1,4.296510758603843,3.3282585654833707,3.3282585654833707,4.101878745319264,1.0,1.0,0.0,0.0,0.0,0.0,-0.02064539761250428,0.5863393766595117,1.4671720674587183,1.9869980751702117,1.5085820811847186,1.7532736164116411
1,5.892751207650296,2.1436655554314834,2.1436655554314834,3.57593419329843,0.0,1.0,0.0,0.0,0.0,1.0,0.8853626220554156,-0.03197782146664829,0.627484038448609,1.3853392693804634,1.5406415702760374,0.9049560711803635
1,9.389451556406343,6.612437805288738,6.612437805288738,10.55063437152063,1.0,1.0,0.0,0.0,0.0,1.0,1.3521469324990631,2.891173297836802,-0.16616326168737783,2.1216844913149355,1.8958933160671476,1.9129849633391958
0,2.384088891513151,1.8317557007044725,2.3510871955357584,1.8317557007044725,0.0,0.0,1.0,0.0,0.0,0.0,-0.07677523243542206,1.1738154032077048,1.1595265481772419,1.2917089687341181,1.519277075807245,1.3080697458565314
1,2.642241101844568,-0.6510094918971152,-0.6510094918971152,2.1757210393438333,0.0,1.0,0.0,0.0,0.0,0.0,1.3182335418848852,-0.9705219554172622,-0.014519171177299839,-0.27719706165204183,0.9886109015789364,0.9389671748439271
1,2.754149136242951,0.9182399441701241,0.9182399441701241,3.6420259716901917,0.0,0.0,1.0,0.0,1.0,0.0,0.7377824599418061,1.3920829058412005,1.3731334375966215,-0.22694805237433646,2.275063237416516,0.7821939788502797
1,4.9883820719334775,4.168392652642341,4.168392652642341,4.408435458496896,1.0,1.0,0.0,1.0,1.0,0.0,0.5358713454666348,-0.44682177068493156,-0.9912045638497899,0.3994315604519232,0.17934913951845088,1.545142077386958
1,4.279994478094057,1.4140165636562865,1.4140165636562865,3.4662443906939777,0.0,0.0,0.0,1.0,0.0,1.0,0.5300897802377413,0.7611358553637664,0.43562663891248704,0.13922744397318765,1.8792380579010655,0.9970805275993339
1,2.707881047436181,2.5761709604026275,2.5761709604026275,0.3482630164902767,0.0,1.0,0.0,0.0,1.0,0.0,0.2137179703142686,0.46780405436623856,1.1452506719605315,-0.03179819681737395,0.363317361757889,0.477821750957923
1,2.0014572520499767,1.119020011899817,1.119020011899817,2.8512320413671217,0.0,1.0,0.0,0.0,0.0,0.0,0.4884480625109014,-0.1907984554462545,1.047086164002919,-0.8360417681564389,1.5182722003677325,1.7175955651688408
0,3.3127701425647613,4.007719749759803,4.428078528279778,4.007719749759803,0.0,1.0,0.0,0.0,0.0,0.0,0.7724874414145926,0.4353782813054083,-1.5290797420527307,0.46465298752172685,1.8229358656846668,-0.25375971709786804
0,1.7546586789227685,3.41130795160597,1.3208614861086552,3.41130795160597,0.0,1.0,0.0,1.0,1.0,1.0,0.1129387744403813,-0.11875266150402286,-0.09282521591935256,-0.7242407698781499,2.3966291792750387,-0.05759384286443092
1,1.8422816604374512,4.122325478856286,4.122325478856286,3.9202793508599862,0.0,0.0,0.0,1.0,1.0,0.0,0.09729748926933329,1.7990774190694312,0.8580852153200104,1.4913647203637463,-0.22512631929484872,1.3220147043511234
1,4.1741776946546,4.14547927817334,4.14547927817334,4.405125327277641,1.0,0.0,1.0,1.0,1.0,0.0,0.5546652146597782,1.7333060965376765,1.3609090385784919,1.1591620178882727,1.1629252881274716,-0.7834053970444588
1,-0.371086463927246,-2.484342618875969,-2.484342618875969,0.7845973611087323,1.0,1.0,0.0,0.0,0.0,0.0,-1.665193708801604,-1.6392093933839922,0.8423636033205204,0.609413461835179,0.07010377600788165,0.014892051003034923
0,1.6804137994032737,4.669655867970384,0.5251428978815011,4.669655867970384,1.0,0.0,0.0,0.0,0.0,1.0,-0.3267582736645763,1.1784717125979693,2.1308575985547007,0.9701939225293239,2.401375847604388,0.7815934252125604
0,-0.5472988391541305,1.0339617525724591,2.8315966012869773,1.0339617525724591,0.0,0.0,1.0,1.0,1.0,0.0,0.011738139280015103,-0.08365597145770154,0.8337249764159087,1.8019727065952926,1.2939738530830653,1.6265096138443764
0,2.3958283561690292,1.5661533187205199,0.0824754651772095,1.5661533187205199,0.0,0.0,1.0,0.0,0.0,0.0,-0.08649170986673527,-0.13897927688638845,-0.8843025553298325,0.8587574163066547,0.504109475706833,-0.1967601927387541
1,2.5646123079917933,-0.4316345074915473,-0.4316345074915473,1.5016520335517436,0.0,0.0,1.0,0.0,1.0,1.0,-0.022552575827918808,-0.9168955842105149,0.4468547943466811,-0.6735861111014401,1.5273018610094342,-0.7988963542654535
0,-1.8454864975984184,0.8097065135670334,-2.2430233254667087,0.8097065135670334,1.0,0.0,0.0,1.0,0.0,1.0,-1.1907676394894735,-1.128489684673298,-1.232150347100834,-0.130459913981261,0.0815459223395878,-0.36611818886210745
1,4.805145996110734,4.541197330536251,4.541197330536251,4.08438762372114,0.0,0.0,0.0,1.0,1.0,0.0,1.2671907090381573,1.1440530448277484,0.7927284790149476,2.602814954234674,0.8404810497220259,-0.29343022976439337
0,-0.48094342445832355,-0.023338730272213837,-0.3392865807905555,-0.023338730272213837,0.0,0.0,1.0,0.0,0.0,0.0,-1.21914589733156,-0.023487035911474163,1.2057757528353097,0.7051058297423578,1.5793156638915233,0.5922431963765751
1,1.4648253900473058,-1.69651163964759,-1.69651163964759,1.658327443670291,0.0,0.0,1.0,0.0,0.0,0.0,0.7009225923706635,-1.5246864522903563,-0.5096930993090036,-0.7078401321332906,-1.0898003518189041,-1.1533402852547137
1,6.017066270211802,4.893107292320609,4.893107292320609,4.873897563348947,0.0,1.0,1.0,0.0,1.0,1.0,1.3168058823709508,1.6624032273973492,1.1413286963450995,0.27239062688427257,1.2989948700006682,1.420507618720878
0,1.4607368068984536,2.849471377372706,0.2931487556647858,2.849471377372706,0.0,1.0,0.0,1.0,0.0,0.0,0.030571103535426414,0.8450787839871219,-0.28674391546483635,-0.38855368635390786,0.01779242573557105,2.1878225518749987
1,3.3311807899138506,5.509382443702226,5.509382443702226,6.115258965994759,0.0,1.0,0.0,1.0,0.0,0.0,2.175219864817194,1.3181919167841138,1.8251369257175125,1.8313799016539511,0.5382092958629733,-1.1507149275894055
1,3.077827784628629,1.014149322434577,1.014149322434577,2.4914479087942047,0.0,0.0,0.0,0.0,0.0,0.0,2.1198247151319216,-0.4858848001500746,1.0726321825810787,1.3545597431638265,1.323068874439141,1.5319431493192341
1,4.2059502284280725,2.192102562321316,2.192102562321316,5.682158033684148,1.0,0.0,0.0,0.0,1.0,0.0,0.8289938274134573,1.2552217601099471,1.3571340334880573,2.7488767980916307,0.6824218338009791,1.4324505364462952
1,2.9066577634467614,-0.07807498094629989,-0.07807498094629989,3.2470495526828937,0.0,1.0,0.0,1.0,0.0,1.0,0.04123769125443638,-1.3491080466148317,-1.2894616323435906,-0.03853199945800878,0.39436072627559426,-1.365352074889186
0,-0.5787321521519323,1.1928605602371234,1.63412359460264,1.1928605602371234,0.0,0.0,1.0,0.0,0.0,0.0,-1.1315204143847784,-0.32787570423510504,-1.9402608359637075,-0.8101830089830659,1.0788431443985513,-0.7400618946515289
1,2.6120896583988094,3.832451229709255,3.832451229709255,6.090727101811241,0.0,1.0,0.0,0.0,1.0,1.0,1.6998476818533226,0.9071679415318656,-0.02795100692291641,0.36590985183820207,0.643238952454614,1.7021262320409851
0,3.231277859173856,5.6753715186299765,3.7449396228952105,5.6753715186299765,0.0,0.0,0.0,0.0,1.0,0.0,1.2595487717109177,2.258838811271604,0.18829594801823085,-0.24052006745613486,-0.6110171871382106,0.8256100417077515
1,2.1848501356835035,1.9157967083228709,1.9157967083228709,4.638105372852754,1.0,1.0,1.0,0.0,0.0,0.0,0.27930386498809034,-1.9886404517193021,0.8608916951770065,-0.37420750913024925,0.14823959836068246,1.1876799418857287
1,2.325551433358487,1.6168711561665385,1.6168711561665385,3.637265953998523,0.0,0.0,0.0,1.0,0.0,0.0,1.0875346596885218,1.0083081503649591,0.128994712350455,0.18902755143672384,0.4089819173419651,2.147775921125538
0,0.35633164767051395,3.390405209606528,0.7691822769451931,3.390405209606528,0.0,0.0,1.0,0.0,0.0,1.0,-0.4990263019916771,1.3658567931763046,0.08073002349908898,0.15904152013014894,-0.4336731474769895,0.9130781775657899
1,3.734857505798618,3.357095756365318,3.357095756365318,4.794240268132935,1.0,1.0,1.0,1.0,0.0,0.0,-0.1431662162315236,0.7575647833948331,0.8172458009854355,0.8573432045453024,1.701280447102313,1.8349879819050572
1,5.811340542339733,3.272865135154066,3.272865135154066,6.143822039310532,0.0,1.0,1.0,0.0,1.0,0.0,1.7641180426162921,0.697759353259512,0.9780382504815845,0.7733835364290937,2.8163994790279996,1.5805803096395623
1,7.095357850973203,4.377165509088779,4.377165509088779,6.329751555787294,0.0,1.0,1.0,1.0,0.0,0.0,1.9703234532505296,1.3178331050649994,0.03200500967273778,0.6952889002628665,2.9017854911823084,2.729536736249766
0,2.6364672460041003,3.4373784186863827,0.3519449846809204,3.4373784186863827,1.0,0.0,0.0,1.0,0.0,1.0,0.6322561659273207,-0.3542051681801641,-0.03705100281820295,-0.7327041630824693,2.1149585287328403,1.8051488443663641
0,1.9641890832970328,4.258845636072224,1.482965633055863,4.258845636072224,1.0,0.0,1.0,0.0,0.0,0.0,2.2120689409555614,-1.7712428137117682,0.24262201634596314,-0.4474511447188779,-0.5866854470417526,0.6555483947205031
0,2.0769792043581186,4.926448462422913,2.482632457983049,4.926448462422913,0.0,0.0,1.0,0.0,0.0,0.0,1.1534397114627408,2.1827376289291602,0.6701931061530553,0.607798237552635,1.1799653187398527,0.14057963929851924
1,1.5435038541165287,2.0209547242709585,2.0209547242709585,2.9557143094296423,1.0,0.0,0.0,0.0,1.0,1.0,0.02550656350186209,-0.9745865844719339,-0.4081923191022676,-1.0509522841067145,1.8161408266363654,-0.0817126237753627
1,5.511259174650394,2.3873140791228233,2.3873140791228233,4.922215918196672,1.0,1.0,0.0,0.0,0.0,1.0,1.0179667489033537,1.013770511512373,1.2310553027946987,2.7602665085271196,1.2972485729411072,2.2566636399113724
1,4.239983566436086,3.8917656774192495,3.8917656774192495,5.665101368632783,1.0,1.0,0.0,0.0,0.0,1.0,0.5431651287698133,2.1549011510189957,2.5558859507006106,0.4103690199276392,1.5733700648832456,1.2807931605359715
0,3.583432704707172,5.283901407573319,2.578976923135231,5.283901407573319,1.0,0.0,0.0,1.0,0.0,1.0,0.05314053088356141,2.0993649232499845,1.5492535300351362,1.4633959173289406,0.9693509758259696,1.8229894200630947
1,7.396369273485094,3.5782243858638187,3.5782243858638187,5.92417636807384,1.0,0.0,1.0,0.0,0.0,0.0,3.4027985355277233,0.17040689720910773,3.872912287758645,1.87360727886389,2.6747235012946637,1.0582908838059248
1,5.301528474536003,3.110795877146651,3.110795877146651,4.057388697335368,0.0,1.0,1.0,0.0,1.0,0.0,1.8459712814289735,-0.5547474111912569,-0.35660456803158713,0.39989096324706336,1.689457354589488,-0.920252563769445
1,5.743535109383644,4.359691758289488,4.359691758289488,6.3374398406157,0.0,1.0,1.0,0.0,0.0,1.0,1.2465146268776275,1.0105807133247597,0.21443525015174747,0.6144315763625247,0.3556053274498142,1.8651397447714388
0,3.856744047397772,3.7861832473810715,2.838394451771092,3.7861832473810715,1.0,1.0,1.0,0.0,0.0,1.0,0.7253678561794266,-2.0371121543884536,-1.931814571429857,0.0025695260046001422,-0.14159303740116247,1.1030381101077629
1,0.11980592784796618,0.13562067930829114,0.13562067930829114,1.8067451252804791,1.0,0.0,0.0,0.0,0.0,0.0,-0.9660926244971408,-0.4528013824874406,-2.0487483212175355,-0.32955346428907095,-1.4055945397242393,-0.439842998124621
1,2.1990674265697745,1.255336953995321,1.255336953995321,1.447664683884037,0.0,1.0,1.0,0.0,1.0,1.0,-1.344974588654527,-1.1533654585272815,-0.0007604069176823103,2.389406993073515,0.7536717147694864,1.2702266336409231
1,2.0106479234603816,-0.4739669442730752,-0.4739669442730752,0.10084777065130712,0.0,1.0,0.0,0.0,1.0,0.0,0.6152865918005057,-1.4651157981632001,0.5950367716282023,0.45532277385445347,0.48624551153441586,1.5792556571359944
1,2.725984980962818,-0.13020713570039533,-0.13020713570039533,3.191851106202832,0.0,0.0,1.0,1.0,0.0,1.0,0.18472795496913297,-0.25366773141499377,0.961373572473785,1.2865206047524964,-0.009561745905156016,1.3229162147064664
1,1.8653779172198588,-0.2198610177100651,-0.2198610177100651,0.1404102307505517,1.0,0.0,0.0,0.0,1.0,0.0,-0.9257688037742047,0.026816424487570878,0.9627337638280606,0.39063424750779274,1.3624105799144821,0.727933294177318
1,3.3201362597510613,1.1925535514946217,1.1925535514946217,3.2357851822093573,0.0,0.0,1.0,0.0,0.0,1.0,-0.6311454515512918,1.2671915966358245,-1.3206714017313317,1.3263234918482152,0.2149942828981498,2.12360852624952
1,3.2078125205371877,-0.21190454077986298,-0.21190454077986298,2.207285069964514,0.0,0.0,1.0,0.0,1.0,0.0,-0.653569068311048,0.08499646906673469,-0.7911154577480524,0.3055256325588793,1.3958132805795862,0.51175121945681
1,7.134769857909797,7.339121326717927,7.339121326717927,6.662811037056556,1.0,0.0,1.0,0.0,1.0,0.0,1.3315109270359717,1.6723001176600873,-0.26335480274779877,1.7277816239913428,1.4036045249082734,2.535097012035714
1,3.611165409879089,-0.8257918973580862,-0.8257918973580862,4.427409438401455,0.0,0.0,1.0,0.0,1.0,1.0,0.029704163622294,0.6807886831117907,0.12619462028381978,-0.10003461981458539,1.315065143121553,1.2460080429226834
1,3.666034431397451,3.6764452295415424,3.6764452295415424,4.152949565127938,0.0,1.0,0.0,0.0,1.0,1.0,1.324658138484549,0.6367728182922463,-0.015299544896552053,-0.4064722425217189,-0.28813250659695155,1.1352140375401678
0,0.5870469928976261,2.763404160250568,-0.2829039454315201,2.763404160250568,1.0,0.0,0.0,0.0,1.0,0.0,0.7503082536156052,0.3989322576106275,1.119884623727835,-0.0028423510151047715,0.2034987277423279,1.1177158730213064
1,2.7034908490681486,2.114638743292339,2.114638743292339,3.8021534680310003,1.0,0.0,0.0,1.0,0.0,0.0,0.7407843755946165,1.257814045324583,1.0153523350710045,-0.529434773421898,1.1970426402593655,1.447625144137153
1,0.6481242122535731,-1.3872317618848309,-1.3872317618848309,0.07634244114367017,0.0,0.0,0.0,0.0,0.0,0.0,-0.6975793644310426,0.0860257905003533,1.370638501159575,0.5799182000760921,0.836928016433982,1.6912044807411912
1,2.5013514052115235,-0.2323126717611581,-0.2323126717611581,2.8628515403801007,0.0,1.0,1.0,1.0,0.0,0.0,0.38182691602565844,0.46118402759742316,1.0872402749810113,-0.01742268148149484,1.5461623848531638,1.4400904975591682
1,-0.1997964224513027,-0.6644570601362597,-0.6644570601362597,3.9345149486770983,0.0,0.0,1.0,0.0,1.0,0.0,-0.49861761109811076,0.7252806050385915,0.033250910128596156,-0.24213369489214798,-0.5964911929164127,-0.7006620186891774
0,-0.20099443969345904,1.8234392197262428,0.9508322212692133,1.8234392197262428,0.0,0.0,0.0,0.0,0.0,1.0,-1.481109551750558,1.3085763025595574,-0.11719292782515112,-0.04629130499092193,0.2030566076289535,1.5840263036229305
1,3.6570514523601143,1.0071358621848991,1.0071358621848991,1.9864436229565698,0.0,0.0,0.0,0.0,1.0,0.0,0.8579832305419217,0.2928463622217509,0.1941832510181194,0.9688897701471947,2.323823446306981,0.9966435016961691
1,4.657780607630946,3.2059569287083973,3.2059569287083973,4.92638071254151,0.0,1.0,0.0,1.0,0.0,1.0,1.0774296868409288,1.1580597733342735,-0.31322733449010465,0.484259526881177,0.4182096276455841,-0.10823321347713577
0,1.4277906069635757,4.962968101222007,1.3060445956610471,4.962968101222007,1.0,0.0,0.0,0.0,1.0,0.0,-0.5438036013984577,2.0337654230039695,0.5759302287647207,-0.061449024030915456,1.5562440055145452,1.2919184486228978
1,7.367865801550621,4.903819310875688,4.903819310875688,6.799198939237931,1.0,1.0,1.0,1.0,0.0,0.0,1.283087332726775,-0.629128918821465,1.0551365052866968,1.9854031881002092,1.2134037257893482,1.7642579407116403
0,-0.7513772305720188,-1.28295917295471,-2.090303526486566,-1.28295917295471,0.0,0.0,0.0,0.0,0.0,1.0,-0.8334938882772476,-1.4816933410709332,-0.21856934453149857,-1.2172615053724005,-0.38607843541465625,0.19121221276894318
0,0.8339644776797398,3.1063853935359074,1.4749980142371513,3.1063853935359074,1.0,0.0,1.0,0.0,0.0,1.0,-0.32584830390142616,-0.7108121194814871,-0.948729091646678,-0.2844357312767505,1.5315834585921704,-0.2736447936673738
1,-0.4796085150344881,-2.8507929885039163,-2.8507929885039163,-0.2160068860738864,1.0,1.0,0.0,1.0,0.0,0.0,-1.094609409939872,-1.2874655139870836,1.8972189671616573,-0.45406488341001106,1.5390142198111705,0.4245045839991628
1,3.9480083385277656,4.159469507423065,4.159469507423065,3.633151622984237,0.0,0.0,1.0,0.0,0.0,0.0,1.472883922727191,0.19758898413538928,-0.13403875603879523,0.39926932288566636,2.0116745781632295,2.111964129758353
1,5.852690951516167,3.1028435766643003,3.1028435766643003,4.840629633184597,1.0,1.0,0.0,0.0,1.0,1.0,0.6493898457493399,1.6211480542524532,0.31210555834486386,0.027069687971128686,0.03551868928941171,0.8652537895691449
0,3.264461110967158,2.7405407377893654,2.921081975439703,2.7405407377893654,1.0,1.0,1.0,1.0,1.0,1.0,1.1918520103500576,0.541336685224074,2.1285649053510776,-0.3981639800759865,1.4126004319222916,1.4355137763195094
1,5.383278026590293,3.876805067186491,3.876805067186491,4.823827777322602,1.0,1.0,1.0,1.0,1.0,0.0,0.20725581836718676,0.6749502489800159,-0.44044826646169877,-0.9473898545513526,0.4793664252083134,1.3530235397743366
0,-0.6053507627137691,2.326532369178513,-0.10401320717695933,2.326532369178513,0.0,0.0,0.0,0.0,0.0,0.0,-0.08202785960807213,0.8946393302601223,-0.20883778263480113,-0.7765329870880497,-1.638206192845689,-0.7363401036223807
1,3.8227908335600587,2.605663194397548,2.605663194397548,4.719625521000629,1.0,1.0,0.0,0.0,0.0,1.0,0.6635821965735174,0.07926666643600344,1.327157605542352,1.0612004638977177,2.0732632544326637,2.9734080573502837
1,-0.6275113440086704,-2.9987724234805686,-2.9987724234805686,0.11330471325860353,0.0,0.0,0.0,1.0,0.0,0.0,-1.5584380196655423,0.048606765464972224,-0.7875120033075012,0.5480022078857745,1.870122962473692,0.24676811487019834
0,4.527137315477147,5.433893621242558,3.094008004414645,5.433893621242558,0.0,0.0,0.0,1.0,0.0,1.0,0.8504426288850206,0.8094622655411072,-0.7456138673494215,3.179680028166247,1.3518771696819127,1.7021254969422284
1,1.927031794983999,-0.4819400197372356,-0.4819400197372356,1.6351509936448114,0.0,1.0,0.0,0.0,0.0,0.0,0.3883810301229085,-0.9631227630558721,0.7180306768643426,0.828788443175094,0.5399713297873537,-0.15228566504581376
1,4.425401700362352,0.5861446042902183,0.5861446042902183,4.046864385108506,0.0,1.0,0.0,1.0,0.0,1.0,0.023828695365704533,0.8709537835908654,0.4069700404468098,1.1567702773297315,1.4310037523448693,0.16036127775093867
1,4.948751873525626,3.493570472613914,3.493570472613914,3.583311818870945,1.0,1.0,0.0,0.0,1.0,0.0,0.963947743793631,0.5868885106132633,1.364709164868727,0.9234035348860521,2.694998459597161,1.6033586702647287
1,2.271041932498459,1.1018973369510578,1.1018973369510578,3.783320331061966,1.0,1.0,0.0,0.0,0.0,0.0,0.2851100880249952,-0.6716329300382529,0.8980954498120025,0.8372346829866156,1.2184817450759364,0.9544596827257275
1,5.055014605561758,2.593872379298791,2.593872379298791,2.4342520529279805,0.0,0.0,0.0,1.0,1.0,0.0,1.0510971280927575,0.9910298608046457,-0.5855354925630702,0.1323267548267943,1.5381752175385546,-0.018860329040026214
0,1.7950861396766236,1.9059771097358034,1.8553485020049392,1.9059771097358034,0.0,1.0,0.0,0.0,0.0,1.0,0.6851622488618786,-1.1624494766537312,0.4145553694770375,1.9969564739162542,0.10026195194672083,1.6835359048601317
0,2.337160809776078,3.9203186240743024,1.9306834760753493,3.9203186240743024,0.0,0.0,0.0,0.0,1.0,1.0,0.13584833746596126,1.417041266135422,0.45968410653675074,1.2216384465306511,2.1182331084237624,1.7689750308027594
1,-0.9921551015966155,0.580639955736956,0.580639955736956,0.6168141424598504,0.0,1.0,1.0,0.0,0.0,0.0,-1.4861513461555254,1.0432345354735841,-0.10343034065415824,-0.6908870510587048,1.675252535851328,2.0061816473301306
1,-0.009874605375105094,0.8627041192811957,0.8627041192811957,1.1803769354622458,0.0,0.0,1.0,0.0,1.0,1.0,0.48772122734894335,-1.2854029762621406,0.29330420531470885,1.1645425931080942,-0.45330342235698184,2.8593968155091503
0,-0.7383491888641891,0.9166884781144089,0.45041761963962657,0.9166884781144089,0.0,0.0,0.0,1.0,0.0,1.0,-0.07211072738551627,0.9713733564307658,1.8696522330524104,-0.06087807398888556,1.4180125913166186,0.014089514550310822
1,3.80972381144254,2.1294701543617407,2.1294701543617407,3.73271309883428,1.0,1.0,1.0,1.0,0.0,1.0,0.2935320004386093,0.2572340433522029,1.951807540561101,1.9050659518358275,1.8845222667772163,0.0067616665981273805
1,3.693846572194855,3.0502093352469,3.0502093352469,6.629332342219557,0.0,0.0,0.0,0.0,0.0,0.0,1.2679336640914225,0.39910498077013334,0.015022601467209018,3.316776397470288,1.6521021377194596,1.1992044806457243
0,4.137165240795793,4.348321781591838,4.4439347341576125,4.348321781591838,0.0,0.0,0.0,1.0,1.0,1.0,1.5336954132137683,2.3300948685114045,1.1864537980179701,0.939881907496556,2.063303990861949,3.5513225340517187
1,5.574208623844827,1.9919262455027822,1.9919262455027822,4.993280879152115,1.0,0.0,0.0,0.0,0.0,0.0,0.24940972542347928,0.96545271393633,0.9776985320385831,0.6610331455033689,1.7325362864108014,1.022096198466309
1,3.0613959869822773,2.9999284294118156,2.9999284294118156,0.9155603037343609,0.0,0.0,1.0,0.0,1.0,0.0,0.5767355953619642,0.12560455652734326,-1.0780603976925938,0.8306983924432843,-0.7792938700914815,1.1975953783417412
1,0.44629732188197635,0.18568074365161197,0.18568074365161197,2.9724022642670147,1.0,0.0,1.0,1.0,1.0,0.0,-0.8060931745095503,-1.0505175844041748,-1.8740034012678848,-1.1712885302214633,-0.4892689401872248,0.635471907084356
0,-3.181800132612585,-1.1595206536119023,-3.5346592312652314,-1.1595206536119023,1.0,0.0,0.0,1.0,0.0,0.0,-1.690043790793597,-1.3148625261901712,-1.0973112178258675,-1.4017035274456047,0.07325088083902798,-0.025386590472492365
1,4.3668199466911455,1.3647167119403094,1.3647167119403094,1.902284926609312,0.0,0.0,1.0,1.0,1.0,0.0,0.06330171233736492,1.1886610565039608,0.12251623513168369,-0.6416085391931654,0.2001354739335699,1.177503485223443
0,5.779054153254802,7.2111840116189,3.194371086355882,7.2111840116189,1.0,0.0,0.0,0.0,1.0,1.0,1.2753803628784723,1.9409961417705694,1.33519595414875,1.9778614465345428,1.1787395619049432,1.5034872980298852
0,3.3173118242230464,5.2587243718592624,4.408154943163693,5.2587243718592624,0.0,1.0,1.0,0.0,0.0,1.0,1.8670696456923646,1.0682973930676298,2.3569387301617866,1.4916613040093991,0.4818124389904074,1.222306676268314
1,5.044003249421997,5.475790217786296,5.475790217786296,5.459486310689947,0.0,1.0,1.0,0.0,1.0,1.0,1.3206170518939326,1.0260964190907302,0.004309140633104891,-0.4247476570490345,0.28959130393336874,2.0458850763556806
1,2.0845620371047184,1.022946777865329,1.022946777865329,0.3784599983333903,1.0,0.0,0.0,0.0,0.0,0.0,-1.1405502699084478,1.1590462298755297,1.3608887544112425,2.2562872169317676,1.550199069174163,0.29283733176625903
0,0.05713526925013743,1.9341009617568976,-0.8981342906087231,1.9341009617568976,0.0,1.0,1.0,0.0,1.0,0.0,-1.5450956379372154,-0.6123848016059892,-0.6651036725661785,0.8545571013825107,0.6423075714736344,1.1498206240228699
1,2.462110729757992,0.3364085779962527,0.3364085779962527,5.282389762247805,1.0,0.0,1.0,0.0,0.0,1.0,0.15696238078372393,0.6853918663457484,0.7557264214267578,1.4069734025912495,1.6411129551231474,-0.8640653545015802
1,3.966997113516253,1.140558135589421,1.140558135589421,2.6991347314918506,0.0,1.0,0.0,1.0,0.0,0.0,0.4992568191433123,0.7175999612591232,-0.19479414021369612,0.3568358199300658,-0.8597011909738375,-0.310586121148253
1,2.4869996998785924,-0.9355434343432099,-0.9355434343432099,0.3661817127215097,0.0,0.0,0.0,0.0,1.0,0.0,-0.07367267330303695,-0.20161695442447347,0.6692269978743849,-0.10999527093820949,0.20778730545247415,1.4190281933399649
0,-0.2072462580048866,-1.6273609704588905,-1.05583968354843,-1.6273609704588905,1.0,0.0,1.0,1.0,0.0,0.0,-1.273228024911653,-2.212285855961741,-0.8829637585993866,-1.0267595741641593,-0.4708624259655767,0.6141018385368362
1,1.0681059364014232,1.5897835856947837,1.5897835856947837,2.893112708313745,1.0,0.0,1.0,1.0,0.0,0.0,-0.501562131342169,0.8508777131731668,0.3931892532060847,-0.04032031179359863,1.8385269885107112,-0.052805441359544236
1,1.8246791205267334,-1.2096205803809736,-1.2096205803809736,2.019057534316457,0.0,0.0,0.0,0.0,1.0,0.0,0.033054429516077344,0.5500725385257992,0.5820290904623646,-0.849607741687378,0.17884621255684774,1.232313318667407
1,3.261645879805146,1.6403488609109989,1.6403488609109989,4.503782466658769,0.0,1.0,0.0,0.0,0.0,1.0,0.32715087394369113,1.4206378932082724,-0.668983903470199,-0.7215525258050279,0.9913363995781217,-0.0388745248215292
1,2.964105778765199,0.26567318439536836,0.26567318439536836,3.2087598635333556,1.0,1.0,0.0,0.0,1.0,0.0,0.007844905785966028,-0.039113228802627686,1.4190282277832702,-0.7615707653067256,0.9362490977314449,1.1152442928962802
1,5.576913675562177,2.129842666451932,2.129842666451932,5.399442669592794,1.0,0.0,1.0,0.0,1.0,1.0,1.801837283505585,-0.9422750971488487,-0.516018153284701,0.6088263631342239,2.4221125122335563,2.707683784603525
1,3.670714424529397,1.5682004413735198,1.5682004413735198,2.070846929715883,0.0,1.0,0.0,0.0,0.0,0.0,0.8214140010224873,-0.009186642906362175,1.9608173070385269,1.171845582588197,1.1256036828997484,-0.3403224642445526
0,4.92097898812211,4.143687936217692,1.7658087915870075,4.143687936217692,1.0,0.0,1.0,0.0,0.0,0.0,-0.23190664714647735,1.4173902510700187,0.08044432320662714,0.7515814640531192,1.587860623114121,0.46596654072907595
1,1.5284709881736604,0.10517643380616223,0.10517643380616223,2.715980070329074,0.0,1.0,1.0,1.0,0.0,0.0,-0.8029158359293265,-0.8760005480953765,-1.101571565946824,-1.488689755072489,1.1723439020805866,-0.69024795747173
1,3.6407221242185774,-0.9468247773992194,-0.9468247773992194,2.2402571430023266,0.0,0.0,1.0,0.0,1.0,0.0,1.7943800134166925,-1.8998604879195513,0.1122885814324861,-0.0029697277927696053,-0.8211448645398383,0.0030324560343828466
1,0.3458110820168345,-1.1758855630041318,-1.1758855630041318,1.5084112569422028,0.0,1.0,1.0,0.0,1.0,0.0,-1.5353588759269399,0.20745477523469014,-0.24486689029176212,-0.8516673608507035,1.8224313157111438,0.5699656134233287
0,4.24051593426199,5.032266084649305,4.674103095967692,5.032266084649305,0.0,1.0,1.0,0.0,1.0,1.0,1.2261877590324446,0.5046161682369976,0.9157265319026446,0.706464003400041,0.9662714974162918,1.4052096566026617
0,0.6526341847117229,1.5420561002199278,0.2863734333703867,1.5420561002199278,0.0,0.0,1.0,0.0,0.0,0.0,0.3248913526538888,0.5266981774056207,0.35888227295328334,-0.16827114182513891,1.3352098789701567,1.549454576579153
1,5.89796539954206,5.803237911154629,5.803237911154629,8.19841681780035,0.0,0.0,0.0,1.0,1.0,0.0,3.868739870836397,0.8357729873960972,1.5191471690248544,2.3934780501154096,2.5830029057213952,0.44849960246212783
0,0.01744310802159299,1.499109748439308,0.04086036875606214,1.499109748439308,0.0,0.0,0.0,0.0,0.0,0.0,0.3513639521988433,-0.06703594086638054,0.2616875397108088,0.7827538495885153,-0.24737494385404624,1.6249626794960415
1,3.89014575898036,2.6211437171540637,2.6211437171540637,5.5034817099393205,0.0,0.0,1.0,0.0,0.0,1.0,1.4067842389679277,1.0127689012482208,0.8143832018569703,0.8146913227404876,1.1202727653826647,2.2855415684221048
0,0.16601899676215656,2.5508548693953554,-0.5992591129902225,2.5508548693953554,0.0,1.0,0.0,0.0,0.0,0.0,0.13604965601890173,-0.9339009276028669,-0.30914648213312357,-1.3203774608577215,0.6806280636649436,0.47608401165044
0,1.1136276764498974,1.2722038333083843,0.9236393323469193,1.2722038333083843,0.0,0.0,0.0,0.0,1.0,1.0,-0.2512168613316632,0.8695446833926682,0.5745202421467407,-0.2585932746196541,2.1064785531169594,-0.3765313643438071
0,-2.2267049814888975,-0.8902037182090464,-1.3864456524162763,-0.8902037182090464,0.0,0.0,0.0,0.0,1.0,0.0,-0.7754029765843105,-0.3073078014653111,-0.2796215270922968,-0.6125753939323908,0.8933907118325036,0.30852684385901896
0,3.3757366256979364,5.372621328445789,2.234750820594577,5.372621328445789,0.0,0.0,0.0,1.0,1.0,1.0,0.9770615913609455,2.2053838329233066,3.090339120679279,2.046406510570952,2.530988997726425,1.4498414016027634
1,2.0982795026267884,2.434031966135404,2.434031966135404,4.347925712019042,0.0,0.0,1.0,1.0,1.0,1.0,0.9915305779506857,1.1271336186225,2.6954965004848637,-0.03958462023145426,1.37348998396187,1.9148837557778497
0,-0.49282358989468156,-0.4099712584141514,0.1321819508634382,-0.4099712584141514,0.0,0.0,0.0,0.0,0.0,0.0,0.2798929860948804,0.06125801321420743,2.0539936957376437,0.7163847897544298,2.0593437170384634,1.244085267174493
1,1.4658752010338074,0.5739460208642595,0.5739460208642595,3.16520373055942,0.0,0.0,0.0,1.0,1.0,0.0,-0.8105901905420845,1.7598870073329869,0.5326427086504196,0.6862628345731409,1.0965288378803153,0.9823450559808269
0,4.651502362181246,7.968258490721066,5.256611978799215,7.968258490721066,1.0,0.0,0.0,0.0,0.0,1.0,1.9469182571340373,2.2793287599880325,0.17252811792751832,2.1057171039977347,1.0843423176814562,2.1946615928954456
1,3.1297438378567204,2.7276152994261715,2.7276152994261715,4.578545247316393,0.0,0.0,0.0,1.0,1.0,0.0,0.24823318493423546,1.5800366606523524,-1.0662736467961265,1.4300264674197378,2.5846411910023614,0.9916025539609157
1,5.7008345776152005,2.514685565847554,2.514685565847554,5.133706140929761,1.0,0.0,0.0,1.0,0.0,0.0,0.9321924113803683,-0.5587512636733389,0.2920412474550833,2.069817906486217,0.9116166062517467,0.7902423896903795
1,1.5577269591317746,1.9355439605628657,1.9355439605628657,4.147348575295638,1.0,0.0,0.0,0.0,0.0,1.0,-0.33673117883261106,-0.588681345566247,-0.09638598913780272,0.05977532269646624,2.9436690711577165,0.6825627230814996
0,1.3537511050977777,3.870018541567757,2.8744846807751974,3.870018541567757,0.0,1.0,0.0,1.0,1.0,0.0,0.4781455602092744,0.1986294766335276,0.5294210626336701,0.6626912751129703,1.052608234612312,0.7876451178364732
1,2.814244612578819,1.4368161965982105,1.4368161965982105,2.7275052171521814,1.0,0.0,1.0,0.0,0.0,1.0,0.15625505099679105,0.5384640784047934,0.5954915006824545,0.9102805084711916,1.7131440125341055,1.099864111198679
1,5.719788493995487,4.35058646327339,4.35058646327339,6.0043952879219376,0.0,1.0,1.0,0.0,0.0,1.0,0.6801502237199211,1.7659004242871943,0.02189516988866924,2.31041351363596,1.651722258662511,0.10850097813767323
1,3.6768684589476828,3.602677671609193,3.602677671609193,5.048285057463738,0.0,1.0,1.0,1.0,0.0,0.0,0.1460702972266732,0.9306953755246304,0.176278046460851,0.21464459231429894,-0.5833104044124728,-0.4514342342991733
0,-3.5966363470530274,0.5777354698062925,-2.391688839306741,0.5777354698062925,0.0,0.0,0.0,0.0,0.0,0.0,-0.10622189444005314,-2.3437929592739852,-1.4068446047969667,-0.44489938411165564,1.1861280034558639,-0.7271516031929499
1,4.383958764909637,3.27640612679839,3.27640612679839,3.737422567491593,0.0,0.0,0.0,0.0,1.0,1.0,0.40899959057518304,1.4589251353680892,-0.3054350294143726,0.9660229377004675,3.1780469479452345,2.234395128197333
1,2.4424007127362577,2.7066064447854115,2.7066064447854115,3.2051621087267375,1.0,0.0,0.0,0.0,0.0,0.0,0.7556449938237259,0.1103627424094954,-0.730726484398861,-0.11822682462009404,0.9554829795092308,2.1639919159043615
1,6.294909913796102,1.586481009289408,1.586481009289408,2.711302595934178,1.0,1.0,0.0,0.0,0.0,1.0,0.580974617516864,0.8895489107283714,1.5873860299724831,0.1491242790970848,2.404829890258818,1.2467347969014355
1,3.3279195850706653,2.563958736684542,2.563958736684542,1.6696068828786073,0.0,1.0,1.0,1.0,0.0,0.0,-0.14041785796719353,1.3638402367241784,0.8600380016030542,-0.9257441743362551,-0.1836547560194508,1.053591367958433
1,6.375404297897013,5.734752243252705,5.734752243252705,8.352523444546977,0.0,0.0,1.0,1.0,0.0,0.0,2.808977580137961,1.9395674590512422,0.8586098477804341,2.943047117087439,2.0646749142591885,1.7931733179143678
0,3.286596196905323,1.5300313641988963,2.136771419092419,1.5300313641988963,0.0,1.0,0.0,1.0,0.0,0.0,0.7049653410622574,-0.03117455886367604,-0.33585714325819405,-0.5195416780909285,1.1343242006361127,1.0643734127448514
1,0.44876598970743586,1.15022737259012,1.15022737259012,3.047181696835887,0.0,0.0,0.0,1.0,0.0,0.0,1.370491991892398,0.13977478806516874,2.1046584406050766,2.1192041216867095,-0.6107300849238244,1.4142065885722914
1,-0.48030525694587745,-2.547175974994796,-2.547175974994796,0.8167861003890777,0.0,1.0,0.0,0.0,0.0,1.0,-1.7150243536942784,-0.26544171048596676,-0.7092629901254057,0.2546738116044748,0.7131635191389709,0.16151028727542915
0,0.6206927462795968,3.5082969301416256,4.752048332131452,3.5082969301416256,1.0,0.0,1.0,1.0,0.0,1.0,-0.1696858941469611,0.10443318710688049,0.6157534295333089,-1.079260554255481,-1.5348049333590064,2.0307597472011585
1,6.943296006947671,1.680136081301616,1.680136081301616,3.891706494838329,1.0,0.0,0.0,1.0,0.0,0.0,0.7315179281045345,1.474713638073312,0.9001261435497184,-0.38953151992289725,1.8188948525990694,2.4086697915377018
0,6.805244583945946,5.739921625244353,3.2981167700005667,5.739921625244353,1.0,0.0,0.0,0.0,1.0,0.0,0.37146323052334024,2.7478755804689516,0.20190074327327978,1.00358650833852,1.497503420378514,2.204405777841682
1,0.9467489987463036,-1.528252346412617,-1.528252346412617,2.2778991514256033,0.0,0.0,0.0,1.0,0.0,0.0,0.32096854656863405,-0.668634906261707,-0.535030441293918,-1.4286568489994198,0.10132738469376612,-0.2860270915774046
1,5.576690459887187,4.153015284845595,4.153015284845595,6.531203728026343,0.0,1.0,1.0,0.0,0.0,1.0,1.204734594856184,1.844263246770794,2.0588051895068666,1.1915751421878265,2.6823038226044686,2.06919691919852
0,-0.2930528569703096,0.4780841286997801,-0.005209279618808238,0.4780841286997801,0.0,1.0,1.0,0.0,0.0,0.0,-0.15291571025134076,-0.6999764284490835,1.530757400738282,2.3575349637580496,1.5677296828577387,1.6805442882807722
1,2.429978587868662,1.7923248842896382,1.7923248842896382,3.2804745849768726,1.0,0.0,0.0,0.0,0.0,0.0,1.3619387458273657,-0.04380057555122463,1.4151651086031478,0.8409906419124407,1.7056537663255886,0.27766475480135056
1,2.966471963739463,1.3813815372253408,1.3813815372253408,1.6789424519491805,1.0,0.0,0.0,1.0,1.0,0.0,0.1733877987299614,-0.20600399656845836,0.604507678257774,-0.2543109835754176,-0.3960284174292721,0.0020152706198788284
1,4.518137084747947,0.8940599211525516,0.8940599211525516,2.6278268828249005,0.0,0.0,0.0,0.0,1.0,0.0,0.16546290363399946,1.0308336281306998,1.8570603497194456,1.3102166206960586,1.9488966316172562,2.1370704846197084
0,0.3465886863663177,2.605495942309814,2.576093463242673,2.605495942309814,1.0,0.0,1.0,0.0,0.0,0.0,0.2606301455887988,0.5604777868847378,0.844871402157471,0.11433640829964237,1.790424390783047,0.8389677680100962
1,3.5174500875140478,4.680290594350067,4.680290594350067,3.2834987017909567,1.0,1.0,0.0,0.0,0.0,0.0,0.514234627282153,-0.2780816658491472,-0.5775291686291366,-0.4464543982783852,0.013588382876255634,0.7437059473323748
0,2.044317368658761,2.966339412639721,1.7419330523028624,2.966339412639721,0.0,1.0,0.0,0.0,1.0,0.0,0.14874046097581917,-0.8785792626915176,-0.9193581136427922,0.5234991977160688,0.2634643276429993,0.8863118873503223
1,6.617427114676468,2.162882630232753,2.162882630232753,4.63363099895739,1.0,0.0,0.0,0.0,0.0,0.0,1.4858934499145786,1.5163853217594943,2.1080196053851967,1.6859141942788078,2.4472103577922937,0.21289710438981024
1,0.020808295023669376,-0.4331800437382066,-0.4331800437382066,-0.45342974364317135,1.0,0.0,0.0,1.0,1.0,0.0,-1.2928923098261245,-0.5939864157301682,-0.08270078319036667,-0.6955561773269792,1.018092190697568,1.0968723314729436
0,2.0129137319729242,1.2382022695694352,-0.005508844978952404,1.2382022695694352,0.0,0.0,1.0,0.0,0.0,0.0,-0.18545288418220762,-1.092492202341323,-0.14700872066227988,0.789975622544344,2.953173736641572,1.4218029187953085
1,3.6214692914020983,1.0101559969228777,1.0101559969228777,2.9175388778872797,0.0,1.0,0.0,0.0,0.0,0.0,1.0520503875385347,0.3410322461939277,0.34277922029359975,0.46196277256048746,0.4366284690541885,0.5627946508414412
1,2.3666577699272517,1.165510340106521,1.165510340106521,2.4663050403759925,0.0,0.0,1.0,0.0,0.0,1.0,0.4874838954323921,-0.15789108954690867,2.8349170046271777,1.1628271086125117,1.4918725549121064,0.8988391131739233
1,3.0203243331341376,1.5274081823215409,1.5274081823215409,0.9539200958263074,0.0,0.0,0.0,1.0,0.0,0.0,0.07680154823127172,1.9766851698625998,1.9995864045389156,0.8369343615365461,1.1017628804326638,-0.6620793032047605
1,6.250972843892439,5.8734744670886565,5.8734744670886565,7.347014887498227,1.0,0.0,1.0,0.0,1.0,1.0,0.9294518452224504,1.2445679907445972,-0.3762988062418935,0.30052360768741415,0.9819299587421271,2.491976803831001
1,0.7325288622646476,2.14720513743426,2.14720513743426,0.5541537758274901,0.0,0.0,0.0,1.0,0.0,1.0,0.22540007445077453,-0.9766218752695843,-0.27107249939637423,0.9006329679934046,-0.9289526505691263,-0.7013311615867006
0,2.6182615762552115,4.715793779132473,4.004043450577411,4.715793779132473,0.0,0.0,1.0,1.0,0.0,1.0,1.2176778577692717,0.6686204389566721,-0.04063894739651508,1.5447168696103877,1.2364284575894129,0.40508951418466
1,2.5352319586422833,0.9043982029676296,0.9043982029676296,3.085765618540222,1.0,0.0,1.0,0.0,0.0,1.0,0.8076921130430537,-0.22760703396977433,1.1600173999378334,0.364816179435852,3.07626561451904,1.0973917840647358
0,2.608799594561905,4.115923784464861,3.6302561502693074,4.115923784464861,0.0,0.0,1.0,1.0,1.0,0.0,1.1191466783133746,0.8356845235484738,-0.04690529304597146,0.5976301729685566,2.04415202514907,1.0143981924802699
1,2.5347078009415913,4.058514421187864,4.058514421187864,5.580919075902068,0.0,0.0,1.0,0.0,0.0,0.0,1.1514955416539696,1.4920002777783494,1.3202944954037963,1.5070849920483687,1.5826430271903398,0.7849544823302209
1,4.484418385654542,2.4367810323667944,2.4367810323667944,4.585705742496849,1.0,1.0,1.0,1.0,0.0,0.0,0.46082678456082116,0.5489914380201013,0.43153736926231245,1.205922906306011,1.6334809884293338,1.8788995509925166
1,4.469570505517177,2.8473634328827506,2.8473634328827506,3.849082445678908,0.0,0.0,1.0,1.0,0.0,1.0,0.391247485671826,1.9531251856832268,1.605646375950522,0.394372059147599,1.037313739790001,1.4691045038651462
0,2.7059129514643225,2.892419258718046,4.9279122152151515,2.892419258718046,1.0,1.0,0.0,0.0,0.0,0.0,0.7311017441223175,1.0719703668324083,0.9812027535650137,0.4553394302144352,0.6354028490022161,0.36635146179563816
1,3.055226689095831,4.422644996107519,4.422644996107519,3.8037177234509807,0.0,1.0,0.0,0.0,0.0,0.0,0.4663273441039682,1.7702990313098805,1.3003164982792816,1.4472082712541519,1.7845713542542576,2.2014532161655835
1,2.5865564482829786,3.5440293466450363,3.5440293466450363,3.7353622722811024,0.0,0.0,0.0,1.0,0.0,1.0,0.9801283573305126,1.7022053742001693,0.02467105560206051,-1.1850304800053149,1.26245704557499,1.999616944945395
0,1.5662681641984124,4.065455400256742,5.588266737530921,4.065455400256742,0.0,1.0,0.0,0.0,1.0,1.0,1.2788418978965788,0.18890457107164627,0.37756545260451335,1.0327259220499256,1.409966411366793,1.7315292953519568
1,2.1009909215363614,1.6603034755543598,1.6603034755543598,1.6537966118220568,1.0,0.0,1.0,1.0,0.0,1.0,0.3621284603268636,-1.7096887033790744,0.6501951167834991,0.031239812146729662,0.026535787051577442,0.30682074255985503
0,1.832908599168033,1.4365523836932987,1.773944844836218,1.4365523836932987,0.0,0.0,0.0,1.0,1.0,0.0,-1.0224045558887132,1.4792513351445813,-0.32348736025099223,0.9959202514426273,1.5756060170736603,1.1076549031803071
0,3.249750325233058,4.716665412412944,4.3833080288031265,4.716665412412944,1.0,1.0,1.0,0.0,1.0,0.0,0.5913265413681231,1.0811106005575537,-0.7817868424576375,-0.7330058555319281,0.09368010979653196,0.5095653295973239
1,7.364954119838606,3.1202048370720434,3.1202048370720434,7.287836968699426,1.0,0.0,0.0,0.0,0.0,0.0,1.5487420983482625,1.3327352067772558,0.6894764817756076,1.219496258448463,0.7667896847691488,1.6951190837964971
1,9.689615586746397,5.666706952769096,5.666706952769096,12.40650740027271,0.0,1.0,1.0,0.0,0.0,1.0,4.031839770813132,1.077860791278721,0.27991758093747765,1.2676969344976994,2.3736002479106313,0.9625665174676912
1,7.512784180048153,5.7497163771026365,5.7497163771026365,8.321560391696309,1.0,0.0,0.0,1.0,0.0,0.0,2.732760964391807,1.4879989802740285,1.0325275873952933,0.9371877522338947,1.0326309611472921,1.877320650415948
1,-1.0748559473327268,-1.3034224403986694,-1.3034224403986694,0.3092495459535799,0.0,1.0,1.0,1.0,0.0,1.0,-0.7706283323045482,-0.6683977717149654,0.8314122375906753,0.3112255155088354,0.8564441891572729,-0.14999054972656722
1,0.7679808217450004,-0.9085356362177228,-0.9085356362177228,1.522882041232913,0.0,0.0,0.0,1.0,0.0,0.0,0.3104052726624775,-1.4180086344165308,-0.8710759024635577,-2.0336044376224947,-0.33048831402237844,-0.568193211334977
1,5.9974819613073755,3.226834254506631,3.226834254506631,5.820166287134375,1.0,0.0,1.0,1.0,0.0,1.0,1.8638401225705465,0.6599820109412953,-0.6493473472784173,2.2356496208065653,1.4656390852032062,-0.14394087764280794
0,1.0233586643417256,1.2086775764545878,-0.18113397947537568,1.2086775764545878,0.0,1.0,0.0,0.0,0.0,1.0,-0.03428310104044152,0.302864324269396,0.01905490293579193,-0.19275606560704128,0.8872624503589566,1.1533457268427432
1,8.07817410998704,3.2967453754484084,3.2967453754484084,9.071411605612854,1.0,1.0,1.0,0.0,0.0,1.0,1.4738484584361649,2.0756521873991827,0.8768147367738935,0.42789606744593084,1.7482950026553494,0.35428458334839563
0,-0.22089763594695005,1.2107164339679817,0.43212391488155033,1.2107164339679817,1.0,0.0,0.0,0.0,0.0,0.0,-0.2652057405926105,0.6580917847557263,1.312297507860797,-1.0554587765451464,1.4246624257275542,0.21399231197759494
1,1.86794415108292,1.6560377438291791,1.6560377438291791,0.18538605757865978,0.0,0.0,1.0,0.0,1.0,0.0,-0.4566068048624087,-1.0610372088528937,-1.3660161228885208,-0.3797004197238044,-0.9432259796781159,0.6136568967333469
0,1.4553897160625198,4.096995864722778,1.1875471498156909,4.096995864722778,1.0,1.0,0.0,1.0,1.0,1.0,0.26535693711300573,-0.3382138113932386,1.0553055370635755,-1.2790286060465084,-0.22259920991121018,-0.6062481569255598
0,2.890642076521628,5.41088836590715,4.1695347084425585,5.41088836590715,1.0,0.0,1.0,0.0,1.0,1.0,0.24849370929715597,1.1471920839438476,-0.40400637207633716,1.1478302635761175,1.401858653340789,0.3706612853822081
0,-0.5417956244741049,0.3208617233978253,0.14702453221007852,0.3208617233978253,0.0,0.0,1.0,0.0,0.0,0.0,-0.8646484368569374,0.2299323807512208,-0.3733186820976272,0.4540568943125343,1.3602426879009037,0.3608385093328762
1,5.326177652075008,4.673613757101205,4.673613757101205,6.870323215301283,1.0,1.0,1.0,0.0,1.0,1.0,2.1606636026102937,-0.5218230474261341,0.8620856797196524,0.13387722314424916,1.4109005193637767,-0.40246635056346314
0,3.1966846868047947,3.7868374699659566,1.1966046839656908,3.7868374699659566,1.0,1.0,0.0,1.0,0.0,1.0,-0.5443093661101914,1.191481309223374,0.3099140168458148,2.1715552731321166,0.24588859700547172,0.8702592375739175
0,-2.036836565375518,-1.1110603660815501,-2.1379792732121725,-1.1110603660815501,0.0,0.0,1.0,0.0,0.0,0.0,-0.4489363771822211,-1.5008364853555904,-0.4076731078179261,-1.825881208667155,-0.7899719610940179,0.45788417045892604
0,4.251049439098733,4.917403968928323,2.39188181075426,4.917403968928323,0.0,1.0,0.0,1.0,1.0,0.0,-0.5486461659737121,2.3627315009489966,-0.4933918623713368,1.085660957378207,1.9574261937917665,0.7506412465507395
0,1.772808993107155,3.1023314632677623,3.74253813773831,3.1023314632677623,0.0,1.0,0.0,0.0,0.0,1.0,0.6263008903181021,1.2909250193098303,-0.6212022166437818,1.4310915756190852,1.1223066513417141,0.7811231799114785
0,4.041189309960186,5.305518261150656,4.412898999462046,5.305518261150656,1.0,0.0,0.0,1.0,0.0,0.0,-0.07784087907081516,1.5761148497650908,-0.6918952228595021,2.1541362613557897,-0.3891366894826156,0.26386564932185874
0,3.367873479381862,2.8190420734220067,2.621034168242112,2.8190420734220067,1.0,0.0,0.0,1.0,1.0,1.0,0.015558490603702013,1.048617536468796,1.4810284142951453,1.712793908181676,1.2298592707799179,-0.298867024311237
0,2.295329636650505,2.7682271804479113,-0.4622940723176663,2.7682271804479113,0.0,0.0,1.0,0.0,0.0,0.0,-0.8427778464281199,0.6717323314145864,-0.04643202989002837,1.4712463390720907,-0.21075086112828179,0.21694401731477975
1,2.4129313281665956,1.69461389071532,1.69461389071532,4.445182367097098,0.0,1.0,1.0,0.0,1.0,0.0,-0.5760140652441399,0.4889312038745908,0.18689081426017062,0.21979811888191664,1.250588648107925,0.5418458497816443
1,-1.7395453713020967,-0.9107974910881671,-0.9107974910881671,0.10552902639964079,1.0,0.0,0.0,0.0,0.0,1.0,-1.7557195846548002,0.21625831693758113,-0.6794476155693874,-3.282834807355993,-0.01858302129467937,-1.3804920478929565
0,2.900982936360106,7.744888003747594,2.602135825019079,7.744888003747594,1.0,1.0,1.0,1.0,1.0,1.0,0.7480774635531083,1.9927283383626961,2.311689328281476,-0.030261368392056287,2.658525983880495,3.539180738120003
1,3.059771658134787,2.1566896483986233,2.1566896483986233,4.433358002096585,0.0,0.0,1.0,0.0,1.0,0.0,0.6171728421525221,0.9322316364256189,1.5488045169957785,2.3324209694434828,1.1285537646942743,1.933520043981844
0,1.0648929498459798,4.37102497257554,3.485821485986722,4.37102497257554,1.0,1.0,1.0,0.0,0.0,0.0,0.02666511336486893,0.5905965901741597,0.9398779197341437,0.8193397369668335,1.8195371348135307,1.9646639270174004
1,5.496194453447128,2.8972063258076726,2.8972063258076726,4.789435614571678,0.0,0.0,0.0,0.0,1.0,0.0,1.9309480239030483,1.0262466892639133,1.3096972593488194,0.9902455680830111,2.5485699532333386,2.5361409296838153
1,4.48934239879016,1.1541456104920713,1.1541456104920713,3.267184479627832,1.0,1.0,0.0,1.0,0.0,0.0,-0.26076682386914174,1.376764773946185,1.4874093393649708,0.8417825889091444,2.475990499252183,0.210643670265105
1,0.3784930005704835,-1.9165776908672414,-1.9165776908672414,-0.4845894512003037,0.0,0.0,1.0,1.0,0.0,1.0,-0.147706049273159,-0.4343266912335093,-0.07942669888468523,-1.2804089855567071,0.5224904854502487,-0.5080478889389373
1,2.17303503380466,-0.43115309862171636,-0.43115309862171636,2.4928400547609044,1.0,0.0,0.0,0.0,0.0,1.0,-0.3229619381862897,-0.5612365704775404,0.09000700748342261,0.3203299746484386,1.5102338949001852,0.8687710423250828
1,1.714136333530763,0.7654691288509765,0.7654691288509765,3.7088257636860744,0.0,0.0,1.0,0.0,1.0,0.0,0.7363057399834578,0.3622918015954175,0.2601073882793822,-1.6420068749466372,0.5098934161880635,1.9876486415023944
1,0.7371482378802714,0.7347707419089472,0.7347707419089472,4.8412621931519695,0.0,0.0,0.0,1.0,0.0,0.0,0.47911557564307955,1.316354283822645,1.1454208985265666,0.8802733954319739,0.9334920142850606,1.5160466449817804
1,4.86665905458348,1.142390957466364,1.142390957466364,1.714361335419138,1.0,0.0,0.0,1.0,1.0,0.0,0.44913300488277924,-0.30751887510127296,1.7043418702001172,1.0427790474633394,1.0059261747016457,0.995411283511796
1,4.354058095137857,3.2254547926978585,3.2254547926978585,2.8255122794062015,0.0,1.0,0.0,0.0,1.0,1.0,1.4688501241435898,0.27679972018743376,-0.0001901244762055887,-1.072545199037154,0.8725671400151995,0.576321619439782
1,0.1156458081007874,1.678196583391188,1.678196583391188,1.9537459244502295,0.0,0.0,0.0,1.0,0.0,1.0,0.5201902110541563,0.2576689859511868,0.2036918784863423,0.10403250212099485,0.9477299128733128,0.9305816765652601
1,-1.4514554908807615,-2.4069896569733844,-2.4069896569733844,-1.8414573611107081,0.0,0.0,0.0,0.0,0.0,0.0,-1.2578554839143137,-1.8103895390919065,0.6281496259298396,2.0288555392521084,0.40663812875439176,-0.09993898689286729
1,0.6418129480716841,-0.48484805416897947,-0.48484805416897947,2.0719358076378205,0.0,0.0,0.0,1.0,1.0,1.0,0.6281157466751144,0.3015632193748242,-0.27581445277522676,0.29468932685893523,0.38481758423103196,0.9251043217967108
0,-0.6658626055706036,1.154198146578448,0.0790788336754929,1.154198146578448,0.0,0.0,0.0,1.0,0.0,0.0,-0.4793508352686793,0.2986878693989993,-0.586561084564253,0.470804372409001,-0.669255505257528,0.8418270335310273
0,1.3698664438007246,5.0522958047037925,2.5756215146066648,5.0522958047037925,0.0,1.0,0.0,0.0,1.0,0.0,1.1876698867874143,1.1907491528764083,0.37099957765806113,1.0659223380215939,1.043451662881566,0.478933774420664
1,6.407447796406472,4.110324196705075,4.110324196705075,6.939554200713311,1.0,1.0,0.0,1.0,0.0,1.0,1.7286051551586963,1.0616388959920102,1.0970638084088353,1.9197597865565754,1.6781200684800375,1.826073758165799
0,3.9828017153179665,8.550743108160024,5.156387442457813,8.550743108160024,1.0,1.0,1.0,0.0,0.0,0.0,2.3067597345471507,0.33415684590355194,0.7412175161190686,0.8229364591930444,1.5121596308571927,2.423864138247227
1,2.691460518412977,2.58835709646971,2.58835709646971,4.808083639752277,1.0,0.0,1.0,1.0,1.0,0.0,1.1713224408052527,-0.538961726759233,0.6610273075728046,1.281984972868906,1.2949153351513698,1.8732579704654428
0,-0.5034607367033883,-0.2983553369330467,-0.7474605223457631,-0.2983553369330467,0.0,0.0,0.0,1.0,0.0,1.0,-0.07395262150109883,-1.0917766830263969,-1.8047951279448715,-1.1952101492077096,0.5526086854252763,0.3443992717402523
0,-1.7765810735179774,-0.41995135083526747,-0.21454488904984648,-0.41995135083526747,1.0,0.0,1.0,0.0,1.0,0.0,-0.7498999184452819,-0.7435590302798305,0.9352178793238515,0.5178738460080731,-0.4749067669950433,-1.0951464428834639
0,4.978017121383494,4.1616270699049815,5.333431094088087,4.1616270699049815,0.0,1.0,0.0,1.0,1.0,0.0,2.725138287023501,0.6685303644446208,-0.8051228578907663,0.778223783003934,-0.14035263800883868,0.8107210020558837
1,4.453129054241275,2.964725335072563,2.964725335072563,7.376226553457176,0.0,1.0,0.0,0.0,0.0,0.0,2.0820257217592832,-0.3099157650394665,-0.019998481441351634,0.41964825908372105,1.8686411616513086,1.6441957818600865
0,4.080099562890242,4.450092612003893,4.029660502458989,4.450092612003893,0.0,1.0,0.0,0.0,1.0,1.0,0.9251533231086817,1.298481414713968,0.7952470062818493,0.2674101527520925,2.6288305728704664,1.4920071554797754
1,3.341657228241266,2.05123496342514,2.05123496342514,4.060265638958047,1.0,1.0,0.0,0.0,1.0,0.0,1.0836826704721414,-0.9699176704337733,-0.47628012364409333,0.6149588897598385,-0.5095521579196707,-0.47752839571293104
1,3.149523670262317,1.2240023266333235,1.2240023266333235,2.6380372023283964,0.0,0.0,1.0,0.0,0.0,0.0,0.9828462625575983,0.9455923768210123,0.09307487151535426,1.0680565626566239,0.6812681296042075,0.6079187375621184
0,0.024733855149448036,2.2479591407690225,2.9624763158063274,2.2479591407690225,1.0,0.0,1.0,1.0,0.0,1.0,-0.36526066889415454,-0.25929133007574323,0.09177823131625562,1.1167890159814504,0.2656949026031128,-0.14342809882600038
1,3.8766107227529383,2.428712407245463,2.428712407245463,3.293829988145089,1.0,1.0,1.0,0.0,1.0,1.0,-0.3891925077706434,-0.7237264017481821,-0.36673634201339433,0.17202532169083562,-1.27147331524991,1.636519712360232
0,0.6311333069836764,4.0760224256034885,2.5615339613456247,4.0760224256034885,0.0,1.0,1.0,0.0,1.0,1.0,0.04086122451240182,0.9482184913201777,0.7989288370378939,-0.0014045206193965543,0.6310054132260358,1.6759532099701198
1,5.564807743045124,2.500274854531606,2.500274854531606,3.1303094632809585,0.0,0.0,0.0,0.0,0.0,1.0,1.531140077391726,0.9800461133124105,1.3550881491079414,2.308374211480913,1.9097000024730781,0.6240772211190843
1,3.502323508427361,2.881248090304844,2.881248090304844,5.6771628427087375,0.0,1.0,0.0,0.0,0.0,0.0,2.2516319465849004,1.0834936992819517,1.7474077051683796,-0.09382379715852418,1.0321413208797336,1.2999951589115755
1,5.231499847845418,2.701243899560791,2.701243899560791,3.7298746429530443,1.0,0.0,0.0,1.0,0.0,0.0,-0.13749757653141148,0.7716495733952937,0.3889080023448319,0.8251011633215096,1.424416157192142,2.550712669226816
1,3.2944241596099215,1.3661291301006,1.3661291301006,1.9007007853352114,0.0,1.0,0.0,1.0,0.0,0.0,0.5785365264505722,-0.2371599399105252,-0.12826411145178707,1.9312950139734826,-0.23139042886410888,0.4926753948502993
1,5.8337451512977445,2.017974700047023,2.017974700047023,3.892278184690943,0.0,1.0,1.0,0.0,0.0,0.0,1.5291294761874832,0.6313994743679512,-0.3512850588874753,1.6394027868595438,0.05425131648457093,-1.5166385432243592
0,1.0296105163523217,1.1723705040430863,1.866060609960801,1.1723705040430863,1.0,0.0,1.0,0.0,0.0,0.0,-0.5136587631851774,0.5574466440470776,0.7027313318240533,-1.273300159962528,0.5779552111290368,-0.12445673663348122
1,4.838599345045008,1.5178243241711675,1.5178243241711675,4.196603305795869,1.0,0.0,1.0,0.0,0.0,1.0,0.14046315519484437,0.8406324891788404,-0.18544274472906164,-0.537288301829129,0.5242963059385768,0.19363904100364226
1,6.325367522671907,3.1440237649724505,3.1440237649724505,5.096427935584368,1.0,1.0,0.0,1.0,0.0,0.0,1.9211631971979244,0.9436321679713882,0.8024146524016775,0.2893281307078088,0.9562208913377185,1.377642783488489
0,4.95740130349945,6.751925892407908,3.4461488954040362,6.751925892407908,0.0,0.0,1.0,1.0,0.0,0.0,1.7832132057467311,1.834608853654779,1.884760292691027,2.2032914304638,2.2810585706736988,3.471407408728536
1,-1.2903108559090777,0.3327671849526135,0.3327671849526135,-0.14451658888374008,0.0,0.0,0.0,1.0,0.0,1.0,-1.2648757109397193,-0.9569051083804174,-0.8007354647086111,-0.9378856804693649,-0.03046914050833971,-0.4773458005753277
0,1.6343768128914251,6.950391053421845,4.46856358941816,6.950391053421845,0.0,0.0,1.0,1.0,0.0,0.0,2.5331601987877197,2.21334185997389,2.4224596149808133,-1.0256642590760936,0.7642856983506977,1.6943832365771763
1,4.569756176675787,1.4791956475718337,1.4791956475718337,5.837593613830742,1.0,0.0,1.0,0.0,0.0,0.0,0.6654306612843796,-0.3200069987604972,0.4316515908407865,1.298104711072512,1.5391574209594718,2.219699637442477
1,1.2489237020466837,0.9336591131772646,0.9336591131772646,3.366140604185972,0.0,1.0,1.0,0.0,1.0,1.0,-0.043064756230344,-0.06897280800857786,0.34325761618970807,-0.8168771790385372,0.12226785954143238,0.4388584666653921
1,1.140166512991643,-0.5248832497964636,-0.5248832497964636,2.0629317386510557,0.0,0.0,0.0,0.0,1.0,0.0,-0.13263637786203475,0.051802132428720116,0.6038034298290201,0.8189940632478503,1.7208983098044675,0.4595310827585317
1,0.30459884547054517,-1.0549277327932667,-1.0549277327932667,1.4210315893346954,1.0,0.0,0.0,0.0,0.0,0.0,-1.3084151539462503,-0.1484784969045807,-0.00615460668388812,-0.013530189554009642,1.465900952267449,0.5296739658717206
0,3.0501282446996045,7.437520830782649,2.2919433378942062,7.437520830782649,1.0,0.0,1.0,0.0,0.0,0.0,-0.4832694860953187,2.3019289077210447,0.2828853899067377,0.2412042650638851,0.558925929072377,1.0262763125113032
0,-1.5233887390463272,-0.6709266722314883,-3.8919878011833084,-0.6709266722314883,0.0,0.0,1.0,0.0,0.0,0.0,-2.227845088230712,-0.3545110972095976,-2.003019633477729,-2.257767710218552,-0.5205077902520552,0.5340552820094495
0,4.327123853563924,7.3982925607781755,4.277637254730933,7.3982925607781755,1.0,1.0,1.0,0.0,0.0,0.0,1.5628788228797434,1.5425905057227407,1.4685042114646105,0.8414539302042332,2.419324500916265,1.4672142645721913
1,1.7396564447574134,1.6405333155461461,1.6405333155461461,3.859080373824581,1.0,0.0,1.0,0.0,0.0,0.0,0.5567233669797046,-0.2235823294461594,1.6820799104960884,-0.06068368403146018,0.7513906243472156,1.1191035074007099
1,4.142652582316703,2.9707505065973345,2.9707505065973345,4.822396729052933,0.0,0.0,1.0,0.0,1.0,1.0,1.1898283308832958,2.2183783897139886,1.6512205051146913,0.5018715464772205,2.786692802333117,1.6207808280334879
1,5.0467774225528945,3.1477278948513483,3.1477278948513483,5.120570483265175,1.0,0.0,0.0,1.0,0.0,0.0,1.2357954477057609,0.8866391989598997,1.2211926999212164,1.734616466286439,1.3419827788643577,0.7155256353964574
1,1.4296186900272827,1.5913027452984057,1.5913027452984057,4.026409307365061,1.0,1.0,0.0,0.0,0.0,0.0,-0.767154347878841,0.532341355761455,0.33975325196774775,-1.3267670444703459,1.566728834962219,0.9574025599349424
0,2.3035575283523193,1.539128494378853,1.7169033697813192,1.539128494378853,1.0,1.0,0.0,1.0,0.0,0.0,-0.9432023629504351,0.6117392356814273,-0.6583172880186534,1.215469420804244,1.601328031148567,1.4260990261341353
1,3.612813792047223,1.3450480844069708,1.3450480844069708,3.2964886219133227,0.0,0.0,1.0,0.0,1.0,0.0,1.1152818492355125,0.8205606596729917,0.6076578235885439,-0.26593924519434853,1.9405645930809117,2.463215678849523
1,2.6333400060205943,0.8860822079074084,0.8860822079074084,1.2983609316508646,0.0,0.0,1.0,0.0,0.0,0.0,0.13997356066105354,0.07732885072105133,1.083554084923461,0.7236505913512032,1.9941430586274886,2.1313927217596382
0,4.626426058558846,5.1200057682730336,3.100308209592931,5.1200057682730336,1.0,1.0,0.0,1.0,1.0,0.0,0.015848576315621643,0.8994712063052579,0.8369253163445037,1.7746149833594917,1.623765753271595,1.1865199192846287
1,2.492399935014147,2.6275790711991576,2.6275790711991576,3.3608333214951145,0.0,1.0,1.0,0.0,0.0,1.0,0.479105272668886,0.5254153868686993,1.3882677841434379,0.9739830660946247,0.7176173038431637,1.0080867243029026
0,0.43236039516720143,4.085016875756432,-0.38712366672950926,4.085016875756432,1.0,1.0,0.0,0.0,0.0,1.0,-0.16971391060956587,-0.681693946351456,1.5175889896888664,0.8313135146319144,0.5181942225882552,0.7428646846988494
1,3.71532514431129,2.9915664636985704,2.9915664636985704,6.435567014442008,1.0,1.0,0.0,0.0,1.0,0.0,1.1029625744157565,-0.17829556916186307,-0.7769684836658564,2.0579195083512642,-0.36283751729368996,1.3866463740825798
1,2.2216958552417654,2.527524413911594,2.527524413911594,4.701957246647603,1.0,1.0,1.0,1.0,0.0,0.0,1.648403897890617,-0.8703048068797599,1.212617821097652,1.0873262263558965,1.0532472561294273,2.642819314219639
1,4.872591462848798,3.3240441195756594,3.3240441195756594,3.4376749968702294,1.0,1.0,0.0,0.0,1.0,0.0,0.45475852467662753,0.7720047116301348,2.5954625010924044,1.1196952820648383,2.2999845004523047,2.274743100962601
1,5.691004086023102,1.882624774363449,1.882624774363449,5.220911574456583,1.0,0.0,1.0,0.0,0.0,1.0,1.2148688139085868,1.9159776341243644,2.7377869594690774,1.7663128693932548,1.5375540957738616,1.4129464187981178
1,3.488266918312435,1.8344585446909618,1.8344585446909618,3.210130569945136,0.0,0.0,0.0,0.0,0.0,1.0,0.7609728623970288,0.6753267759649026,0.3009035522349472,-0.10928336910475789,0.9782591775061937,0.5373720023265357
0,1.4568907536055957,2.0699797516465184,-0.15394381624014697,2.0699797516465184,1.0,0.0,1.0,0.0,0.0,0.0,-0.3773565275617219,0.1678006915940557,0.7850932298344115,0.7334460502653697,0.4838614139136648,0.2223332186453726
0,3.153416476184284,6.3637889702598915,3.3897492317588975,6.3637889702598915,0.0,0.0,0.0,0.0,0.0,0.0,1.6117903289565545,1.4033362036903516,0.4799178903367911,0.36514989228066885,0.7647871918488486,1.7740265350514854
0,3.566107412264418,7.392424847791299,6.230495275880449,7.392424847791299,1.0,0.0,1.0,0.0,0.0,0.0,1.2780697754798367,1.9962578068746144,0.42167817336403557,0.8362622206110824,1.6874018778565536,0.9532272579721794
0,4.9139077939426,6.027415122177448,6.4582276617877,6.027415122177448,1.0,1.0,1.0,1.0,1.0,0.0,0.689320455087354,1.4606956538295863,0.9264788324879379,1.6006717149342236,1.7555465280015814,1.8568089734619364
1,-1.2798584302533287,0.374845627531611,0.374845627531611,1.668047232817177,1.0,0.0,0.0,1.0,0.0,0.0,-0.8151672940082499,-0.5477979323390338,1.3241916066272101,-0.924190531811979,1.7748937833485612,1.0030447247840906
0,0.44633277476936395,-0.41103034043166964,-0.44511058208050447,-0.41103034043166964,1.0,0.0,1.0,0.0,1.0,1.0,-0.6618907706661401,-1.4872232784879316,1.4127049169634018,-0.36090794483115907,-0.5996047497975878,-0.3232913097298762
1,3.7459678228620987,2.732958310988206,2.732958310988206,3.6279882637312406,0.0,0.0,1.0,1.0,0.0,0.0,0.5370625568006718,1.9902814017561266,0.9573582202422386,1.5878382294179765,3.3272789965168172,1.49785114801987
1,5.482349272726952,1.0617334686078337,1.0617334686078337,3.836560595514187,0.0,1.0,1.0,1.0,0.0,1.0,1.723276534300378,-0.3048240039370471,1.535609193457929,0.4778983369597386,2.8840547884759395,1.687698792395721
0,1.2519277258447836,2.8550860662559816,-1.4393112448090404,2.8550860662559816,0.0,0.0,0.0,0.0,1.0,1.0,1.4358416205501043,-0.4113073177565547,0.3061650418618732,0.01601347655030333,2.0257745924155883,-0.2963233616902925
0,2.2728220365674683,5.541393398391736,1.4082084727978155,5.541393398391736,0.0,0.0,1.0,1.0,1.0,0.0,1.101975721296986,1.7263888069543323,1.4503151758034258,-0.05264231386677709,0.16773086567639006,2.532723175867722
0,2.0525100791204594,3.2273759310881425,2.346345338209892,3.2273759310881425,0.0,1.0,0.0,0.0,1.0,1.0,0.2355172454654798,0.6505950671630182,-0.9547278610108121,-2.173725227594793,1.9651981998110875,0.4901456788171351
0,0.11800215306343595,1.4791617790188036,-1.8581292665816826,1.4791617790188036,1.0,0.0,1.0,0.0,0.0,0.0,-0.457628621804129,-1.594128413253829,0.5130824156085388,0.8394055818726623,1.3044462162673907,0.9864388274296065
1,3.721055153138132,0.8009138792427275,0.8009138792427275,3.7752291189373315,0.0,1.0,0.0,1.0,0.0,0.0,0.2831640739709157,0.8628730121580213,0.5757876652410614,0.7125117436055113,2.0114193310245208,1.145989375968285
0,1.9707474762640649,2.502076289778748,0.7920559205128886,2.502076289778748,0.0,0.0,1.0,0.0,1.0,0.0,-0.5704876864401627,1.396992263604334,1.2008537615061021,1.0179172088995947,1.1082519569611677,1.4459714279992393
1,2.438736019560642,2.925030290303986,2.925030290303986,1.7545630395833063,1.0,0.0,1.0,0.0,1.0,1.0,-0.7400331652757632,1.3949433127926354,1.0958262155517204,0.3999621014727782,0.7287540650578864,1.042601738167059
0,1.0962501755153664,1.4026846760233829,2.191811981196853,1.4026846760233829,0.0,1.0,0.0,0.0,0.0,0.0,-0.18884072163170096,0.7068948016035331,0.8096338416033227,0.29284190365584706,1.7196050332108321,1.7736220923334782
1,0.18686572126494472,0.5493680993318195,0.5493680993318195,0.020027871389307172,0.0,0.0,1.0,1.0,1.0,1.0,-0.393229553014217,-1.756505193673238,-0.28511853816661126,0.632196327035397,0.6548780465056799,0.35538873506881763
1,2.5196484661897562,1.3536606104410644,1.3536606104410644,2.309123719675924,0.0,1.0,1.0,1.0,0.0,0.0,0.8304742255189603,-0.30818880543677385,-0.6675191148097175,-0.2968582716750675,-0.3376988420759197,-1.167626136016029
1,2.7161507744607345,4.3581460697639125,4.3581460697639125,4.818765083719439,1.0,1.0,0.0,0.0,0.0,0.0,1.4708493967518042,-0.8651069542478091,0.7751167798670465,0.6684548328592803,0.8433027634699195,-0.27758471102294946
1,1.510663315838181,2.6367844988995,2.6367844988995,2.8972960155075884,1.0,0.0,0.0,0.0,0.0,0.0,-0.14222682066436365,0.7554685650337392,0.4327547557245426,1.0862780360674407,1.6274407488313343,0.8286201283328065
0,-1.1063925032240731,-2.8916636420506947,-1.7249092075967327,-2.8916636420506947,0.0,0.0,1.0,0.0,1.0,1.0,-1.0121114443882626,-0.6173086465091724,1.6936126675862804,-0.6270393081064178,0.9637237622686896,1.4078815851100317
0,5.272065114427842,4.406594940978102,5.707355866014031,4.406594940978102,0.0,1.0,0.0,1.0,0.0,0.0,1.7618029878402992,2.0044200466208553,0.1905116779581249,0.936006163115971,0.12812593698150643,0.45845689700271264
1,7.999864100307758,4.994889832317188,4.994889832317188,9.559846105464613,0.0,1.0,1.0,0.0,0.0,0.0,1.954750975410398,1.7887861688601867,0.6817199325632539,2.861073241909763,1.959778310654405,2.667842503483688
1,5.399867802969898,3.592709195712013,3.592709195712013,5.506112433168249,0.0,1.0,0.0,0.0,1.0,1.0,0.5952526355176283,1.6926106006956259,0.643517375850909,0.6534735897988941,-0.027617098232367354,1.4609314251619656
0,3.3470694186323766,4.747969018701005,1.9294726593978866,4.747969018701005,0.0,0.0,0.0,0.0,0.0,0.0,1.0413549817626222,1.4244907124219297,0.9470067605581597,0.9293804449930387,0.941216171460398,2.5113512292220914
0,3.867283869298481,2.1205689641189704,2.3525766555763266,2.1205689641189704,1.0,1.0,1.0,0.0,0.0,1.0,-0.22487856874829237,-0.42177135099253005,-1.9310123886213226,-0.7686907998169463,1.001452848428635,0.05352708076195434
1,1.0086573850597813,1.7767557872858362,1.7767557872858362,2.6422120517987193,0.0,0.0,0.0,0.0,0.0,0.0,1.1255202551863916,-0.25508212054394075,0.9507034915975263,0.13231649546016883,2.4882347640950138,2.079313027946683
1,-0.32066210689422525,-1.9184129334683364,-1.9184129334683364,-0.11120456301609627,1.0,0.0,0.0,0.0,0.0,0.0,0.6455330943633315,-1.0168067021453573,2.4555421947496265,-1.8622368380718877,-0.34446037518528105,1.223417891056635
1,6.1155122686869,5.0139041564477065,5.0139041564477065,5.437069404304776,0.0,1.0,1.0,0.0,1.0,0.0,1.5798682110587998,1.1210869776219254,0.05659081087206802,0.1071875969674716,-0.4067816188810782,1.0185550172826985
0,-0.7272338360383008,0.07770857209566832,-1.0437973241144483,0.07770857209566832,0.0,1.0,1.0,1.0,1.0,1.0,-1.2462609689787258,-1.7148718438062867,-1.1016157714949582,-1.9932030020333937,-0.0736151070089972,-0.06684732130388671
1,9.00894366814245,2.846076104118728,2.846076104118728,6.870894929358233,0.0,1.0,0.0,0.0,1.0,0.0,1.6169569536536292,1.8289740333055104,0.47308834799612914,0.153581387917681,1.121940366093499,0.7604138900215316
1,4.702472184995465,0.8168277915665816,0.8168277915665816,7.216756864808353,0.0,1.0,0.0,0.0,1.0,0.0,0.3831669518881204,1.9334757512262155,-0.6115069544349772,-0.28683358079066146,-0.25280226348415336,2.253125750109065
1,4.104343996576334,-0.07586937919970271,-0.07586937919970271,0.865195385326845,0.0,1.0,1.0,0.0,0.0,1.0,0.13402623830140076,-0.013860434795410326,0.4770278250048668,0.8651347565680081,-0.33308703388787464,1.5926513156892685
1,4.791007692552868,2.4359950439139673,2.4359950439139673,3.3625210973313533,1.0,1.0,0.0,0.0,1.0,1.0,-0.1922140809101961,0.3175634478662876,0.18070201748273562,0.29169478971056023,1.5324882931554873,1.294670397982312
0,0.4032103779213747,-0.4923692088611165,-1.5440943186040537,-0.4923692088611165,0.0,1.0,1.0,0.0,1.0,0.0,-1.0145051176883362,0.2216526150716278,3.2573679981508494,1.2397326317945845,-0.07162039635729078,0.5451390736940172
0,0.6555212509904038,1.6584901552700164,0.8809440992869105,1.6584901552700164,0.0,1.0,0.0,0.0,0.0,0.0,0.029598177074523835,-0.562127274719511,-0.0584267332753825,-0.3769014839699961,0.9115171367769177,0.6264711629584852
0,-0.6305203359976257,2.6320119695426456,0.08028839071313809,2.6320119695426456,1.0,0.0,0.0,0.0,0.0,1.0,-0.059031087481829614,-0.02972775018538143,1.2900639305533073,-0.11479099980714513,1.551233939627606,2.256633332824608
0,2.7928376689986463,2.3970150147247864,1.604422820689078,2.3970150147247864,0.0,1.0,1.0,0.0,0.0,1.0,0.1275220588278687,1.6094313973943843,1.4887129958546579,0.15139242251371543,1.7316316036846788,0.4887688579737528
1,9.340225761117162,4.2605204495638604,4.2605204495638604,6.841259988334814,1.0,0.0,0.0,1.0,0.0,0.0,0.8112103322729565,2.510737123074593,0.8604520440411594,2.1358878794975817,1.112156361355718,2.8254464058520528
1,6.49613088747186,4.941536229915813,4.941536229915813,5.395926096155008,1.0,1.0,0.0,1.0,0.0,0.0,0.60943762454397,0.9624256474391393,-0.26025772726682583,0.5163198473953821,1.9940696783408618,0.45066800947799135
1,1.92413526333968,0.4833607828900468,0.4833607828900468,3.415121252146548,0.0,1.0,1.0,0.0,0.0,0.0,-0.5301056253169834,0.3288800597112828,0.19136058913117748,1.0326442320611526,0.6872322151800476,1.8112385551320123
1,10.392243888899833,6.584985504693437,6.584985504693437,7.945904202220576,0.0,0.0,1.0,0.0,1.0,0.0,2.611935769762224,2.7250028089087137,-0.5213595939851918,1.660743194126609,1.8268340248885528,0.8050086385351758
0,2.703557692402297,3.6497628781277687,2.66523965964241,3.6497628781277687,0.0,0.0,1.0,1.0,0.0,1.0,1.2734507600887137,1.021728282669232,0.5329962459679883,0.8307318250707154,0.6433379624668172,0.3475694897411078
0,2.8073586121690384,4.605695934996723,1.2663630843598155,4.605695934996723,1.0,1.0,1.0,0.0,0.0,1.0,-1.3675731750546383,-0.5852425142000321,-1.3654245337960615,-0.4679755899975705,0.2401061762537553,0.49663338655146905
0,1.8560000627848212,2.8256894017440075,0.17109878310830373,2.8256894017440075,0.0,0.0,0.0,1.0,1.0,1.0,1.0319511261067826,1.0439511163425095,1.0715874382683914,0.49745632274788376,0.8755576693355667,1.7513463492543087
1,4.108004462497778,2.264865656615293,2.264865656615293,2.3305277403001896,0.0,0.0,0.0,0.0,0.0,0.0,1.4170755019721426,1.2718574739838937,0.47681490237130963,-0.9884913965809923,0.235957164029432,-0.18263666900671072
0,1.0536861841447,3.7928219643489824,1.7707548988328685,3.7928219643489824,1.0,1.0,0.0,1.0,0.0,0.0,-0.08568229132060412,0.9224278156389996,2.2804381925339356,0.8304584247785144,0.9363080356834439,1.4697054352182357
0,1.6732071950119183,3.7299817046682278,3.1343990485288327,3.7299817046682278,1.0,0.0,1.0,0.0,0.0,1.0,-1.7493923320362765,1.425610208119934,5.227932981410888e-05,1.4924003399167889,-0.17634678144816385,0.5589728114822097
0,1.397283044261679,3.0560442601761517,0.18773896740028118,3.0560442601761517,0.0,0.0,0.0,1.0,1.0,0.0,0.5165924657500728,0.38361081207284387,0.3205382041121235,0.32637941680086285,0.6640497861902069,1.0136496098299035
1,4.722154661018894,4.901639791576668,4.901639791576668,5.711534526648578,0.0,0.0,0.0,0.0,1.0,0.0,1.8359708785027282,1.3248688332262792,0.9137613896722234,0.19140836813279127,1.8281987735534377,1.0199119195029265
1,2.9613678932964365,2.1095633862177374,2.1095633862177374,0.9147886786046806,0.0,1.0,0.0,0.0,0.0,0.0,0.11428224803386339,1.1286747466453577,0.5898464121127918,-0.583861463785057,-0.6518032882509806,0.16163591599124927
0,2.318525807340466,7.803910696801025,6.069070142176573,7.803910696801025,1.0,0.0,1.0,0.0,0.0,0.0,1.3485470329141882,1.4812773213648143,0.3354044531113088,1.341406503342211,0.6842452249550686,2.7336612189319283
0,1.028666183334078,1.4256462064288886,0.9003550665690137,1.4256462064288886,0.0,1.0,0.0,1.0,0.0,0.0,-0.6724177094056558,0.7696767081371355,-0.5431942270915286,1.2913046151109198,0.7257609757347023,0.6748439052444368
0,-0.23302933097448664,6.280213136785384,0.8063053310745025,6.280213136785384,1.0,0.0,0.0,0.0,1.0,1.0,1.478648044235794,0.3498240708925773,2.1813348846880043,-0.5526652894101998,1.961733970959324,1.8695680246205622
1,1.0720918686440393,1.7373889189499552,1.7373889189499552,0.2884977962209747,1.0,0.0,0.0,0.0,0.0,1.0,-0.8345006174176561,-0.310658580461173,0.008556323871969584,-0.13189773805244764,1.5789123502132898,1.2206858179747506
1,1.2508040599783308,0.8955511349245251,0.8955511349245251,1.3708101298366104,0.0,0.0,0.0,0.0,0.0,1.0,0.012913019273052273,-1.5645205985532344,0.3184668275765421,-0.22436687591841875,0.5064812354598793,-0.4341251321523787
1,2.6326734776105414,1.2368438301631968,1.2368438301631968,1.940354756825059,0.0,0.0,1.0,1.0,1.0,0.0,0.5832971560243866,0.5428292812522392,0.9569967129075928,-0.3763961001037589,1.9218965076645134,0.7822570423292938
1,3.918629158068448,2.418313104834062,2.418313104834062,3.204609254368623,0.0,1.0,0.0,1.0,0.0,0.0,-0.0978890743188765,1.342103049523058,0.5377658269244344,1.231419325351484,-0.38287936562617997,-0.7065317454945494
1,6.773312765122568,4.809002646345132,4.809002646345132,4.356699332659838,1.0,1.0,0.0,0.0,0.0,0.0,1.0973399296171409,0.9443780296459104,0.7664718270372095,-0.11975875034980998,0.863172210715022,1.8202216608491928
1,7.73245675772142,2.9812595116027225,2.9812595116027225,6.725670477135282,1.0,1.0,0.0,0.0,1.0,0.0,1.4645921789312737,2.4061552878053094,2.3008902363686117,2.1944443519839942,0.3081524271765447,0.9122946913505302
0,1.1363102436834849,1.1913643146721582,-0.943971130175777,1.1913643146721582,0.0,0.0,0.0,1.0,1.0,0.0,-0.7612566714070714,-0.2182595544590794,-0.8870500546732631,0.059841614503081286,1.2352811959847485,0.8601958469505152
1,2.378518290188109,2.330314706354782,2.330314706354782,3.216163179582387,0.0,0.0,0.0,1.0,0.0,0.0,0.878790986304917,0.019922749196479406,-0.27335022057462643,1.7950793561829304,0.07719711141581631,1.8649099730916265
1,5.683568697117213,2.228033285023104,2.228033285023104,4.288995833866567,1.0,1.0,1.0,0.0,1.0,0.0,-0.07962612460081175,0.1895406143398986,0.5151467062767421,1.0598354632621352,1.8530393916365586,-0.24295713067363356
1,4.995135124975383,3.511594489185013,3.511594489185013,5.692354288939516,1.0,1.0,1.0,0.0,0.0,1.0,0.5463050296526709,0.20053449607435725,0.6445225866793592,-0.19866236223889755,2.243889010795615,1.6264435862457798
1,2.6700920458719533,0.39726991629543706,0.39726991629543706,1.6071558539437025,0.0,0.0,0.0,1.0,1.0,1.0,0.3057748072811265,0.19881804911552858,-0.9864693435053207,0.5345179560246373,-0.6704045047065499,-0.942637576759676
0,1.4589585972421864,-0.12348435445978434,0.6803484222002132,-0.12348435445978434,1.0,1.0,1.0,1.0,1.0,0.0,-0.8461717778783249,-0.7257778833772108,0.880871389853849,-0.8750250394044938,0.4868743340431483,1.3995477576967668
1,5.057013991500621,4.273149888289243,4.273149888289243,3.1911334438754864,0.0,1.0,0.0,0.0,0.0,0.0,-0.33185525068888766,1.5266215188975747,-2.0209948631823083,0.0194452797629302,1.7486516764223565,-0.9704259961204627
1,6.509484966718318,1.6917387284034113,1.6917387284034113,2.714835216975072,1.0,1.0,1.0,1.0,1.0,1.0,-1.0439479039947228,0.7788547661282363,0.5698604524095865,0.3654449971854653,1.3369291760274598,0.06775587596200183
1,4.618913174492578,2.474536657141601,2.474536657141601,3.6754788900769544,0.0,1.0,0.0,1.0,0.0,0.0,0.7527928799291972,1.8447197524334256,1.2824652386707476,0.7071027575688896,0.9474538628702422,2.2026868965442223
0,-0.8829524237715503,4.558617672365957,2.4744334779565684,4.558617672365957,1.0,1.0,0.0,0.0,0.0,1.0,0.8646801053663404,-1.1761958026803943,1.981064678604681,1.491357390143083,1.0652077543147611,-0.02763612318061215
1,4.9859063632248395,4.5232147599933015,4.5232147599933015,4.51524981054141,1.0,0.0,1.0,1.0,0.0,1.0,0.4609999744887762,1.6564008694608048,1.5750088337609114,0.4257629236057501,2.766732168114218,-0.02186976993675782
0,2.5463257224705327,4.212388670587346,3.2551097570654877,4.212388670587346,1.0,0.0,1.0,0.0,0.0,0.0,0.03264551359988893,0.2345456757833097,0.7111422685462729,-0.9341486976078919,0.7859289240467938,1.0063205343551276
1,5.152568878730984,5.541017450541568,5.541017450541568,6.585992889700113,1.0,1.0,1.0,0.0,0.0,0.0,0.6842797300583869,1.6503413184362736,1.635222847399768,1.891414904713115,1.1031681517250025,1.9200535497903288
1,2.7274363741798955,1.5629468077408908,1.5629468077408908,2.90702379951522,0.0,1.0,0.0,0.0,0.0,1.0,0.8775285726549491,0.03917395339669033,0.20493443453247362,0.7210801108529789,0.9827699691949304,-0.7590421522240285
0,-2.387006586172472,-2.127743871206032,-2.974402365441569,-2.127743871206032,0.0,0.0,1.0,0.0,1.0,0.0,-2.3980181930549045,-0.4894586052141022,-0.8432691500794058,-0.18091603526169753,1.6559704297027111,-1.1350030693371274
0,1.743819871042255,4.98243408260991,1.7210648769093626,4.98243408260991,0.0,0.0,0.0,0.0,1.0,1.0,1.4397794250736542,0.4436367027294087,-0.8292074045994218,-0.250297344244492,2.1450547997509393,1.9508629404837818
0,1.4545052584054377,4.556885452176416,0.5878561897055208,4.556885452176416,1.0,0.0,0.0,0.0,1.0,0.0,1.2920094475832902,-1.0586771335857474,0.7823156832914036,1.4348235588945435,2.349159161392563,-0.10666325339935434
0,2.7560029356222335,5.155770464769243,3.154785096644523,5.155770464769243,1.0,1.0,1.0,0.0,0.0,0.0,1.013978425954975,-0.2549681317347994,-0.7992056217442483,0.6201188575601354,2.223184091085021,-0.2976240114846771
1,5.683272310857259,1.9957601066903623,1.9957601066903623,3.9275743036090196,0.0,0.0,1.0,0.0,0.0,1.0,2.1284553964087465,1.052664036244694,1.7860764314771729,1.008004337140758,2.891631032575023,2.5685009721161975
1,5.925536704304002,5.563515138668958,5.563515138668958,7.5848441825288395,0.0,1.0,1.0,1.0,1.0,0.0,0.5014448641312244,1.5605857147363582,-1.5147601356904659,0.6975628924487618,1.388072895557357,0.27533514271286463
1,-1.9270122044326974,-0.8697623982521983,-0.8697623982521983,0.2665075645837909,0.0,0.0,0.0,0.0,1.0,1.0,-1.5519735340894676,-0.4382004251962013,-0.4155966552464929,-0.3840968827020109,-0.7596638467628005,0.358519729171083
1,10.319023970351976,5.240984956291943,5.240984956291943,8.080771179674384,1.0,1.0,0.0,0.0,0.0,0.0,2.2588693090676455,2.1128399179438007,1.8684989533464584,0.11975984327879935,0.2812901236797454,-0.08964799644765287
0,3.2421961070325276,5.037823446013153,4.444720057608002,5.037823446013153,1.0,0.0,1.0,1.0,1.0,1.0,0.3430194549018894,1.046335057099208,-1.7737138525813498,-0.8127012968242662,0.572254059490536,-0.734813836054865
1,4.106858831019139,2.0062353583920385,2.0062353583920385,2.818522710758427,0.0,0.0,1.0,1.0,0.0,0.0,1.1912561504824937,0.4982379654502894,-0.3764339372719522,0.8927182472510801,1.3048499026873595,0.2779098749043274
0,1.54208452560665,3.5807058928634135,2.329233224224283,3.5807058928634135,1.0,0.0,1.0,1.0,1.0,1.0,-0.7029207055305087,0.11158334240717299,-0.3002374405723387,-0.0635555650413141,-1.1707352884312612,1.2149403714874545
1,1.6580676067744302,0.6055384218308397,0.6055384218308397,1.7967901629460532,0.0,0.0,0.0,0.0,0.0,0.0,0.5437548849484314,0.5620386634582977,0.10587120608009537,0.44158347131382053,-0.8223006491070586,1.606998867010522
0,1.4158538754946215,4.1425124670379825,-0.08008666839253564,4.1425124670379825,0.0,0.0,1.0,0.0,1.0,1.0,1.3486485520346145,0.7160585499241461,0.6416167757665531,0.5234859286484764,0.4004507556287471,1.7348869179814022
0,1.6032940147940635,3.7038922057853583,3.976866469561541,3.7038922057853583,1.0,1.0,0.0,0.0,0.0,0.0,-0.002525613727234588,1.8882368181558122,2.1596756019667325,1.3485865984346839,0.24465983538458136,1.669595967949978
0,-0.12637269123198536,4.044245527720017,1.1603123468846048,4.044245527720017,1.0,0.0,0.0,0.0,1.0,0.0,0.4631075206974772,0.22220009662699802,1.8293091427089503,0.43368923678625326,0.33547170935035897,2.2589902757667444
1,5.93974964483342,4.717840034704341,4.717840034704341,6.522925355378324,1.0,1.0,0.0,0.0,1.0,1.0,1.2002366218184437,-0.19352447199330292,0.9466243963219387,-0.31816387879402597,1.7500911337124863,2.287128219890469
1,6.139543795662411,3.4894378439857885,3.4894378439857885,6.571367996267163,1.0,0.0,0.0,0.0,1.0,1.0,0.42041604579913244,2.2395719212654814,-0.6131350756165732,1.1348952238587136,2.5087729649304085,-0.47648997699956186
1,-0.963803307882845,-1.3998554686293154,-1.3998554686293154,-0.2625149883042097,1.0,0.0,0.0,0.0,0.0,0.0,-2.6639173414867994,-0.8704651387559637,-0.3759920956184175,-0.5919012555100931,-0.1000625296284754,0.8634900654655061
1,5.318415820953197,2.906596501267138,2.906596501267138,5.245168328255037,0.0,1.0,1.0,0.0,0.0,1.0,1.4121476884588797,1.2103586438108578,0.7821008784876224,-0.5571160809058613,2.327628688263551,1.1080671306311114
0,3.300408572380576,5.0695985627115805,2.964718027732798,5.0695985627115805,0.0,0.0,1.0,1.0,1.0,0.0,0.5650359500641146,2.7372487439198117,1.5524855460553488,0.611425935493033,1.4125104380296571,2.2720826019213245
1,5.3197965086010255,3.173026946701916,3.173026946701916,4.057641207746792,1.0,0.0,0.0,0.0,0.0,0.0,1.8566424683048735,1.1457361388051301,1.071834924141335,1.2949861846281578,0.2672678439773577,1.0955729367249696
1,4.344177330983347,-1.0667900468377842,-1.0667900468377842,0.7880469366506335,0.0,0.0,1.0,0.0,1.0,0.0,-0.07254437397099078,0.45580768948065564,0.5161446193581334,2.0736411618731694,2.0753818321461877,2.3466093019354823
1,0.6745772908406003,-0.5500689094469491,-0.5500689094469491,2.6662916894834634,1.0,0.0,1.0,0.0,0.0,1.0,-0.6718384245720728,-1.0648979889539119,-1.1773946000984465,-1.0234464535183894,-0.2399035961731455,0.805002116847306
1,0.492565847952636,-0.4133540620458682,-0.4133540620458682,1.0972261588931618,0.0,0.0,0.0,0.0,0.0,1.0,0.47874128731699106,0.12477019988899174,1.0753346280593525,1.3121002810241622,0.6429308679025663,2.5754089469011667
0,-0.3896899872962041,1.2087876964025777,-1.1853235359339889,1.2087876964025777,0.0,0.0,0.0,0.0,0.0,0.0,-0.6221006854253865,-1.8953160134748677,-1.3602509264536269,-0.8448326635949333,-0.2495050256314566,-1.4331966691038245
0,-2.4226338967610648,2.47907985812456,0.39128662138608467,2.47907985812456,0.0,1.0,1.0,1.0,0.0,0.0,-0.9856891470763234,-1.0531420274365682,-1.2611208776943865,0.28906536014727,0.3959140431113335,1.0413006641788725
1,5.093486427977387,1.062912617740348,1.062912617740348,4.33024499795297,1.0,1.0,1.0,1.0,0.0,0.0,0.06317224385234504,-0.4413944249404729,0.15463883012631296,-0.10759749153716858,2.2503636016787,-0.6118683954891935
0,0.7118381266296656,1.0666714234712047,0.465442611971483,1.0666714234712047,0.0,0.0,0.0,0.0,1.0,0.0,-0.6954995206956291,0.08324092946114187,-0.009203383144043675,0.7848287581056304,1.294743869278409,0.6190652639796497
0,-2.00003949173039,0.13475176234299135,-0.9616027667412952,0.13475176234299135,0.0,1.0,0.0,0.0,0.0,0.0,-0.5070932922829527,-0.6025228809849614,0.23923801022856162,-1.23215546444865,-0.14074588995421955,0.5521321246808817
1,1.6321835160509879,1.223443663853962,1.223443663853962,1.8928847439645768,0.0,1.0,0.0,0.0,0.0,1.0,0.20538851724393925,-0.5371572290681872,0.24149021000667803,-0.3716087179988332,-0.18227703007765017,-0.5403458120922844
1,-0.07418422820992443,0.5519395990478392,0.5519395990478392,0.6322667606106329,0.0,1.0,0.0,1.0,0.0,1.0,-0.0007535385675527806,-0.6084646226051169,1.5766683241099555,0.665811239097165,0.9228612755495508,1.401346595679688
1,3.2446935748546433,3.743075632571629,3.743075632571629,6.464067871890473,1.0,1.0,0.0,0.0,1.0,0.0,1.0168908060002921,0.6135061666202722,-0.05894016366294119,-0.18269753235843644,-0.788945816982523,-0.1314891644749785
0,4.020546971493944,5.971150998812268,5.0869481949332025,5.971150998812268,1.0,0.0,0.0,0.0,0.0,0.0,1.5547275507240383,1.9387781588493058,1.7423078396967768,0.3847650932637168,0.5922138918393433,3.0047118622935995
0,2.360463755542498,5.0284278018973465,3.5538492885956416,5.0284278018973465,1.0,1.0,0.0,0.0,0.0,0.0,-0.24134443685271623,0.527367773453367,0.1258013632527336,1.3361267583420662,2.617211535362909,-0.03870581666219852
0,-2.1095648765200723,-1.2373282790154552,-1.1767220489358718,-1.2373282790154552,0.0,1.0,1.0,1.0,1.0,1.0,-2.425285489219625,-0.6195587752835161,-0.39337663794937383,0.43943689619192683,0.020824379520541947,0.5317981229193165
0,1.8140943441246553,2.3143366819506754,0.0918187308012266,2.3143366819506754,1.0,0.0,1.0,1.0,0.0,0.0,-0.19939637685434441,-0.32291988716651066,0.7529747782093184,-0.6959280497028197,2.240623507027482,1.0128057396794155
0,2.1737520880667245,2.218185839191582,2.9355067544866493,2.218185839191582,1.0,1.0,0.0,1.0,0.0,0.0,-0.8802948362573226,0.7446505531316194,0.16941406570534012,0.557088694618407,1.1493264315985154,0.39986795335728065
1,6.763398430945598,4.163405633648652,4.163405633648652,4.520959277835502,1.0,0.0,0.0,0.0,0.0,0.0,1.4687673508485755,1.2351864058966493,0.5524321322696928,1.489969669818934,-1.19213524575106,0.04821992832054767
0,1.6872923354642841,2.0145479817016416,1.2643905703440546,2.0145479817016416,0.0,0.0,1.0,1.0,0.0,0.0,0.39535414410338987,-0.0756716314500564,-0.43272686764028123,-1.438335374373606,0.24561450193862333,1.8585796189443573
0,-0.07330391058176694,0.9496227351445066,-0.6451703291470074,0.9496227351445066,1.0,0.0,1.0,0.0,0.0,1.0,-0.6668898182123761,-1.8443723672577241,0.022145521508858013,0.029154426855075022,1.0484953751698165,1.2064650132054524
1,1.4883618013234912,0.514133174687828,0.514133174687828,0.8617916492276949,0.0,1.0,0.0,0.0,0.0,0.0,-0.6993750453314602,0.6838030341173404,0.2815151870013509,-0.8103495132281493,-0.19988283837059373,2.0813350443473917
0,2.2614368662001545,1.3817142167277872,1.5851284027440147,1.3817142167277872,1.0,1.0,0.0,0.0,0.0,0.0,-0.9084467391829847,0.40534287885718745,0.7649107030277247,0.6665529181783211,-0.7998972769289105,2.1679230439746062
0,-1.3459798192102417,-1.4389389160505102,-2.8514060052339,-1.4389389160505102,1.0,0.0,0.0,0.0,0.0,1.0,-1.2207888067688522,-0.6440460203985774,-0.45473359516138856,-2.215264138744133,-1.065581151013113,-0.508641874675339
0,3.6221218891675324,5.239342256182802,2.2961490235609068,5.239342256182802,1.0,0.0,1.0,1.0,0.0,0.0,0.9343567673864641,1.0895756510736696,0.7298221406774005,-0.5659405314861137,0.36135570924929517,2.175480230042011
1,3.171056501642176,2.3915610922679633,2.3915610922679633,3.177119536832434,0.0,0.0,1.0,0.0,1.0,1.0,-0.055038078337707574,1.6979653592115518,1.6094726500769916,2.1105136147289487,0.7847666354129971,2.495804623614643
1,7.604405373142466,5.534354025462148,5.534354025462148,7.131339574951903,0.0,0.0,1.0,0.0,0.0,1.0,1.5065827130064173,2.3837138284978927,2.8730276809198885,3.5638083076428884,4.023514899211673,1.9339228662478616
0,5.742333756741592,7.436570343110508,7.5811507151671425,7.436570343110508,0.0,0.0,1.0,0.0,1.0,1.0,2.4997378248182516,1.9485970066118106,0.07513629405929995,1.2902839079760704,1.5847762812059178,0.39383776344174826
0,2.624951675964243,4.378514254450977,0.3971679527943366,4.378514254450977,1.0,1.0,0.0,1.0,0.0,1.0,0.5386449509227721,-0.2688172548576405,2.232429358441227,1.8458546597795822,0.9439155581954444,1.0383656736432527
1,2.1654130170471158,0.7556894409950838,0.7556894409950838,3.462479666846623,0.0,1.0,1.0,0.0,0.0,1.0,-0.44824774321640415,0.8414367665694588,0.49168792611610035,-0.8624136150544195,2.3483430697290237,1.5980837930405052
1,3.3039613807236474,2.0410565035161787,2.0410565035161787,2.1847208098013358,0.0,1.0,0.0,0.0,1.0,1.0,1.0294365200485045,0.5103580280668647,0.06477957769982617,0.2708471966240107,1.2970774387454185,0.8674915953882537
0,-0.6261770947960222,0.5551870693063484,0.6051522161606724,0.5551870693063484,0.0,0.0,1.0,1.0,1.0,0.0,-0.09711843067414172,0.17853254772188543,0.9860369093543955,-0.07075914675883821,0.2651162771932718,-0.2326583290722941
1,7.290606457481289,4.269016553664327,4.269016553664327,4.131758721666934,1.0,0.0,1.0,0.0,0.0,0.0,0.3185242243889552,1.5184820403620833,0.14821544453483793,0.9965785304702075,-0.5808724383111312,-0.2282760396160306
1,3.319847550474455,1.306675950697091,1.306675950697091,5.821048739751349,0.0,1.0,1.0,1.0,0.0,0.0,1.260741352476678,1.25286755586569,1.7666543001151624,1.3319732760050007,-0.6166160755195258,1.8378053371557395
1,5.259476950183336,2.446461049658595,2.446461049658595,6.149411192033828,1.0,0.0,1.0,1.0,0.0,0.0,1.4603870129173826,-0.10659618288645833,1.2977928993502765,-0.7782966255822086,1.8733777873869282,2.191762061889571
1,1.9294937566718082,1.646906692171361,1.646906692171361,3.1132024422365605,0.0,0.0,0.0,0.0,1.0,0.0,1.2199174321514648,0.36812550427420726,0.9298193973225362,1.2935333647183715,0.814918195877351,1.0375242013805226
1,2.3596479935684447,0.4283507845678044,0.4283507845678044,2.573343221438292,1.0,0.0,0.0,0.0,1.0,0.0,-0.11346655050620313,-0.3722611282566036,0.030295965117250634,1.2068909552818095,0.3817203059769232,1.9062631905352694
0,4.731433831710614,6.620604846791433,3.6534796368504083,6.620604846791433,0.0,0.0,1.0,0.0,1.0,0.0,2.211934286048204,-0.3645546738105996,0.008151930621192183,2.683654381519422,1.5287975637628208,1.6788657476587743
1,0.11187822333211805,1.6338696747111645,1.6338696747111645,1.3968400462138428,0.0,1.0,0.0,0.0,0.0,0.0,0.5748370944482495,0.47855420587080144,1.1665645788460657,-0.12016365173528687,2.219193354963245,0.28405935521322023
0,5.213285407147223,7.7831639839009865,6.1058864849633565,7.7831639839009865,0.0,1.0,0.0,1.0,0.0,0.0,1.787660516076878,2.215313734898872,0.8707071139471374,1.2743839906998558,2.6595700955902926,3.7410088539732653
0,-2.106748877353158,-2.5969856484198717,-3.462569885171305,-2.5969856484198717,0.0,0.0,0.0,1.0,1.0,1.0,-2.4286314011981904,-0.4162805569885334,-1.495405812241271,-1.6163833152444198,0.47750678264532076,-1.3688082033252842
0,5.984649753218069,7.098460122852921,4.891784062804752,7.098460122852921,1.0,0.0,0.0,0.0,0.0,0.0,1.9405459365930589,1.9686024554165908,1.150338749587514,-0.0301962550871524,1.5503914403917047,2.1560515216132736
1,6.076712477998769,4.045807907255889,4.045807907255889,5.033934849631623,0.0,1.0,0.0,1.0,0.0,1.0,1.7732757178963967,1.2385673887253061,1.9156471559908788,3.2920115454893755,-0.22768133225877385,1.4685577292281073
1,6.3760595512206475,5.733053974320499,5.733053974320499,8.315949502595958,1.0,1.0,1.0,0.0,0.0,1.0,1.3237689784970026,1.7017057626422027,1.4222217729630615,1.731960202378486,0.4435924147870376,1.2429046735499674
1,2.017164790326323,1.3974785822091302,1.3974785822091302,1.5735685244078512,0.0,1.0,0.0,0.0,0.0,0.0,0.46201241953655464,0.5757197251043131,-0.4222198232730877,-0.06946419417241079,-0.5674538745267805,1.0375722369640916
1,3.486806968713876,3.4228558197654273,3.4228558197654273,5.023585643907501,1.0,0.0,0.0,1.0,0.0,1.0,2.257321557430747,-0.6092033450562511,1.495268116424715,0.22145227257926908,1.3561831435546838,1.6621910774792288
1,2.661000235901756,2.436817192517905,2.436817192517905,2.8797708759772993,0.0,1.0,1.0,1.0,1.0,0.0,0.4499800818967899,1.2050024088898854,1.2515477808712954,-0.8045326372200641,0.8295954317042964,0.44925100209137425
0,2.8932667146394913,7.1190014591859585,3.645923948612494,7.1190014591859585,1.0,0.0,0.0,1.0,1.0,1.0,0.9042129713333398,1.691831801836006,0.042927223962628436,0.21928884653488634,0.7946826933913897,0.906641334385103
1,6.323601449653811,4.025339369269037,4.025339369269037,6.297222318541009,1.0,0.0,1.0,0.0,0.0,0.0,1.593510861014616,1.882272620115779,1.067206943534385,0.6086675672926339,0.46533066964578107,1.6790249588159951
1,0.30862673580332256,-0.3387457596029731,-0.3387457596029731,1.6608867329521069,0.0,1.0,0.0,0.0,1.0,0.0,-0.29295321474880875,-0.8176023613799845,-0.01004756090599146,0.1975830942691108,-0.041758195682662924,-0.062201699183187964
1,3.2429910817225585,1.3761520287243463,1.3761520287243463,3.07289594054006,0.0,1.0,0.0,0.0,0.0,0.0,0.6411529613443439,0.8079912583443274,0.678091355230779,1.1323622092676666,0.13169033311029765,0.877250449774553
1,2.499886826021391,2.1271627369707145,2.1271627369707145,1.187378490813471,1.0,0.0,1.0,1.0,0.0,0.0,-1.3020592492421947,0.684261640110222,0.6693353644780844,0.5052059130859816,0.7904806090628151,0.40964513797819113
1,2.793590832048074,1.062141754092835,1.062141754092835,3.2123499480527995,0.0,0.0,0.0,0.0,1.0,0.0,0.565986259695646,0.600647660830038,0.25232834127008025,0.0631479019555945,1.2344285081682522,1.6976980984179868
0,5.2466495671695075,4.2291531724511895,3.2405643825577,4.2291531724511895,1.0,1.0,0.0,1.0,0.0,0.0,0.8643255438866055,0.762399743222173,-0.76792427894843,0.7852328219616738,1.1716444796736727,-0.26337639065260143
0,6.356232881057611,6.493412639127756,6.0245900497405085,6.493412639127756,1.0,0.0,1.0,0.0,0.0,1.0,1.5949431855433287,1.3861249699055342,-0.44055416259101876,0.4984302514308785,0.0580042674071799,0.8553300619187623
1,5.759883200463618,3.183834784343655,3.183834784343655,6.746523169696829,1.0,1.0,0.0,1.0,1.0,1.0,0.47413653392664296,1.2868343664987205,-0.5024177056367147,-0.5092120890371234,0.8570347934850533,0.448297204658444
1,4.656793253368309,3.794710655198566,3.794710655198566,4.700344695929793,1.0,0.0,0.0,0.0,1.0,1.0,1.0336157969586117,0.4321901092567767,-0.2039157087142478,-0.24706788312625905,2.0969087706827674,1.7989634965968382
1,7.49992662623849,4.553038970624344,4.553038970624344,6.814346687091414,0.0,0.0,1.0,1.0,0.0,1.0,1.5181309837014514,1.9404579535038413,0.806506098057399,1.503763294795894,2.9771650300966925,1.183720668103037
1,3.134481569363376,0.6967744976909331,0.6967744976909331,4.000689872647595,0.0,1.0,1.0,1.0,1.0,0.0,0.9569441458389594,-0.5757074524131021,1.894580636536062,-0.41319659023960176,1.861578486470185,0.4504627107079333
0,-0.5020135114160191,1.5789943694539423,0.10600683861572979,1.5789943694539423,0.0,0.0,1.0,0.0,1.0,0.0,-0.3991485022171163,-0.29360456834994153,-0.7099070143966171,0.2943085659917206,-0.3584739058043449,0.5890447557755082
0,1.9240408191964873,3.307689126172927,0.8062140311320807,3.307689126172927,0.0,1.0,0.0,0.0,1.0,0.0,1.4140941746849225,-0.176848275731059,0.7564692119825338,0.42009544100156043,0.7727444957611391,1.6264543982985522
1,4.476970928969468,1.8909705917872908,1.8909705917872908,3.4453922865053914,0.0,0.0,1.0,0.0,1.0,1.0,0.38039961492143787,0.29607909232269064,-0.8273120678178811,0.31573882575697937,0.9527604905588825,0.2828871291231949
1,3.4998284011547183,0.46112535340405625,0.46112535340405625,1.7276749054068874,1.0,0.0,0.0,0.0,0.0,0.0,0.17361408406314438,0.4338637840557469,-0.48302111404107095,-0.6227002985574375,0.9958489578903301,-0.24439493629508036
0,-0.06146145675780512,2.4076125402483113,2.9467599828249686,2.4076125402483113,0.0,1.0,1.0,1.0,1.0,1.0,-0.9616904885544342,0.2236123013771555,-0.038739881356622985,0.15080873087996916,-0.32470433045258584,-0.2216141805316849
