1,5.173537686909002,2.7876758983848915,2.7876758983848915,3.510093513861252,1.0,0.0,0.0,0.0,0.0,0.0,0.5555764229707587,0.27970302183753654,0.97105999958581,1.6917939483726259,0.7325412754428339,0.08414387854732042
1,-0.5198184063687098,-0.9891768027998987,-0.9891768027998987,-1.6948271367940233,0.0,0.0,0.0,0.0,0.0,0.0,0.1624588010573452,-0.970296666211855,1.2540195258488498,-0.19389577382539092,0.991008062372319,0.0005496591499006276
1,5.547725809444456,1.0249554078337335,1.0249554078337335,3.7118432888296455,0.0,0.0,0.0,1.0,1.0,1.0,1.5350563737134784,0.35718015730474945,-0.3509804706114743,-0.9619769990683329,-0.16662582462733802,-1.1857410629145555
1,5.731184992365835,4.424493024635854,4.424493024635854,5.887817611403353,1.0,0.0,1.0,0.0,1.0,1.0,1.998544677212814,0.4357560492387558,-0.5243248350693276,-0.6940896604839222,-0.558806577592575,-0.08643340937422586
0,0.012724586763394607,3.34816931560776,0.5733438208976301,3.34816931560776,1.0,1.0,0.0,1.0,1.0,1.0,-1.296104334125356,0.5925967670682519,0.5844527516765816,-0.3793119309256465,1.7558022503118618,-0.026752853400339394
1,2.1771060492726315,2.6684747057256004,2.6684747057256004,2.8109064225902936,0.0,1.0,1.0,0.0,1.0,1.0,-0.03506406370877635,0.9547294247057807,1.6033538847190052,1.0154450605470309,1.9218201859278101,0.8678719172317092
1,-0.648392630818553,0.6091046840956873,0.6091046840956873,-0.13006510405092042,1.0,0.0,0.0,1.0,1.0,1.0,0.17192510812802572,-1.9709103092067206,0.6785826090424294,-0.7170000154859117,-1.235131842739865,-0.2680821010322236
1,0.24198994688471331,-4.828622581421442,-4.828622581421442,-1.7234752506712425,0.0,1.0,0.0,1.0,1.0,1.0,-1.4198840362654745,-1.6881707332290004,-0.40237993472639655,-1.1291855541422948,-1.698003200395746,-2.1907397995646107
1,3.513517980343555,0.6872231386062301,0.6872231386062301,1.7188260681812744,0.0,0.0,1.0,1.0,0.0,0.0,0.590856739649669,0.27932181815679313,2.166347194702274,0.2930568491667584,0.3363563118471731,1.543279783148574
1,3.063489210089706,1.0536402754660918,1.0536402754660918,4.821899954336626,0.0,1.0,0.0,0.0,0.0,0.0,1.7976160485622574,0.4988748497923796,-0.519493712126501,-0.8385061317550537,-1.736779306331361,-0.5232350235754996
0,1.4160708096719625,0.3518293684618219,4.085743683383639,0.3518293684618219,0.0,1.0,0.0,1.0,0.0,1.0,0.10569033268144896,0.48128232030016094,-0.5087824304516668,0.006351779432696991,-1.5505353298274784,1.2749461632424506
1,5.051778353162034,3.103598985978185,3.103598985978185,4.997350325998392,0.0,1.0,1.0,1.0,0.0,1.0,0.9797069204223101,1.2724649426941368,-0.28359379062489876,-0.6559993513789724,1.2562542531452476,0.6677766247934208
1,1.0819708364176064,1.5257550264348,1.5257550264348,2.555999104353026,1.0,1.0,0.0,0.0,1.0,1.0,-1.0957559405215296,0.414685426576275,0.17565561548617203,-1.3757889724147616,1.0384305105641758,0.12638540351292588
1,4.710966607836027,4.0688866917288085,4.0688866917288085,5.804580753825669,1.0,0.0,1.0,0.0,1.0,1.0,1.7955306795423798,1.6764581478974727,1.1532228223823238,-0.6271905336482061,0.3998005310039264,0.7786858956072081
1,3.1750147914118827,1.1586930169055756,1.1586930169055756,3.460000405005642,1.0,0.0,1.0,1.0,1.0,1.0,0.26322221409311775,-0.22819381078476347,-0.07037337455324691,0.2917901809419863,0.9716520584921581,-0.8597314406138382
1,0.4318257517913189,-0.9484314360580147,-0.9484314360580147,0.12586867210072117,0.0,1.0,0.0,0.0,1.0,0.0,-0.4260203336498197,-0.4221632912668886,-0.1409633175882017,-0.25062443031641274,-0.30809440202415117,-1.3389038964252395
1,2.6286158283693366,3.3990245007404876,3.3990245007404876,2.2874541361377214,0.0,1.0,0.0,1.0,1.0,0.0,0.2890394760899053,0.8932780424111716,1.045373917279119,0.6944494759221863,1.1778088348494806,0.3281831249855178
0,5.397101107888373,6.710339663889295,6.1303231054657195,6.710339663889295,1.0,0.0,1.0,0.0,0.0,1.0,2.517165555516435,0.6363699653085229,-0.5747378964669603,0.7635587830780902,-0.10511056424831247,1.152474884901003
0,1.511921328862404,0.29074665393347665,2.025985757713975,0.29074665393347665,0.0,1.0,0.0,1.0,0.0,1.0,0.022224507349711743,-0.9620843756839723,-0.3632844359670831,-1.1802059396687625,0.9557230142285467,-0.5413509246486181
0,0.9118248289702187,3.4492533396247946,1.270370883819644,3.4492533396247946,0.0,1.0,1.0,1.0,0.0,1.0,0.5551776442996503,-0.7222546229011281,0.38262395583451403,-0.399032307338272,0.9877308536775605,-0.002597657072757692
0,2.5639102827771447,3.000330438984241,2.6813869053017823,3.000330438984241,0.0,0.0,1.0,1.0,0.0,1.0,1.2427039282232026,-0.049300471256433206,-0.9665346750294448,0.19020104709643917,-0.11131498247277849,0.13759474301687413
1,4.940125741512575,2.47008464896358,2.47008464896358,3.3103452107197113,1.0,1.0,1.0,1.0,1.0,0.0,-0.5257737479770688,0.3185481309217344,-1.7480666734341326,-0.6217072284954547,-0.11987891216758151,-1.8415227386640236
1,3.2165528398660292,0.7741979638667306,0.7741979638667306,4.430338580192814,1.0,1.0,0.0,1.0,1.0,0.0,-0.3737495288577332,-1.3466163457207019,-2.052676903634521,-0.9325080021840804,-0.5870904649367357,-1.944427903154101
0,0.9810728250224909,4.036305949959381,0.5536094169929646,4.036305949959381,1.0,0.0,0.0,1.0,0.0,0.0,-0.04094570042520856,0.689496778315926,-0.0028943920715263916,0.2678115935044172,-0.514436383341945,-0.5687801063761668
0,-0.9173465093086605,-2.2472175420382507,-0.9297134414983451,-2.2472175420382507,0.0,1.0,0.0,0.0,0.0,1.0,-1.5098689459686838,-0.32033283916183536,0.06458973815465821,-0.10801291079021579,0.012788421619596618,-0.4271064371513772
1,2.553510013695588,-0.9723110241013349,-0.9723110241013349,1.2412019036740012,1.0,1.0,0.0,0.0,1.0,0.0,-0.6679884172659931,-1.9934026021743199,-1.224812995339593,-0.5393473007815452,-0.9363084343474606,-1.9665674276284442
1,-0.3841319082912025,-0.12242448229839004,-0.12242448229839004,0.986682400942286,0.0,0.0,0.0,0.0,0.0,0.0,0.21187949029453296,-0.6065556902000315,0.8064172751687562,0.35963279650842517,0.8469629189238703,-1.0043229482204625
1,3.2490095612906593,0.9002005871053813,0.9002005871053813,2.309225617725645,0.0,0.0,0.0,0.0,0.0,1.0,1.6752400680884885,-0.5127049959965881,1.490454613534887,-0.21074461938281142,1.5637360599026158,0.8398922928247391
0,2.6181401807833624,0.7538532617730955,1.4742333192449735,0.7538532617730955,0.0,0.0,0.0,1.0,1.0,1.0,-0.1868259685673302,0.4908928785892578,-1.0702223601877185,0.4367292866839807,0.3999508689715174,0.556723603362125
1,3.2877304366668523,3.86094798143925,3.86094798143925,5.169076184933668,1.0,1.0,0.0,1.0,0.0,0.0,0.9976083651991233,-0.6579756841715989,0.041309124775425254,-0.1293030839561994,-0.06340971928988443,-1.4952914576157361
0,0.8997005354190768,3.102003498853004,0.668312567305317,3.102003498853004,1.0,0.0,0.0,1.0,0.0,1.0,-0.6690239396260036,-0.8416010340123687,-1.7222487118163325,0.5020661801241592,-1.6570375930687078,0.6536854158532951
1,4.287907941794476,2.954098105595391,2.954098105595391,4.1275313171637835,0.0,1.0,0.0,1.0,0.0,1.0,0.5581106065399899,0.4389179909007683,-1.2992619761245752,-0.8490175388565818,-0.9879225897747985,0.5249079506690675
0,2.278106136937493,5.7044486596983655,4.875229757351827,5.7044486596983655,1.0,0.0,0.0,1.0,1.0,0.0,-0.6578857383485317,1.3700479193006654,-0.9423463615525798,2.2716549919478397,0.3724727038357995,0.19563434287529363
1,5.5999860534476396,4.217198458904983,4.217198458904983,5.570662200330464,1.0,0.0,1.0,1.0,0.0,1.0,1.9433636824401805,-0.4252932353971437,0.7835916592492489,0.6631279304759079,-0.25465346775041886,-1.55281134069545
1,6.6984262344342955,5.409172394818729,5.409172394818729,6.983751487393977,1.0,0.0,1.0,1.0,0.0,1.0,0.7017839763837047,1.9437232843839043,-0.09363238670377638,0.612198397004178,0.5918658090699709,0.7447224889114615
0,-0.09076185745822163,4.21904118954034,1.0704681046600792,4.21904118954034,1.0,1.0,1.0,0.0,0.0,0.0,-1.3175684221527857,-0.40437021054669203,-1.6925356123308237,-0.5135511959171899,0.8305963728881899,-0.7130146738544396
1,4.843661491099747,2.7959508074101045,2.7959508074101045,5.485719755848898,1.0,1.0,1.0,0.0,1.0,1.0,0.9080899123996441,-1.086588832942456,-0.09739787051643212,0.2115774621279048,-0.8020743229492483,0.8190520524370765
1,1.9027266058741068,-0.24706957096550597,-0.24706957096550597,2.161361563233611,1.0,0.0,0.0,0.0,1.0,0.0,-1.0329263783369032,1.6808101132895614,0.3732149428246315,-0.3630585220174253,0.03355168615528947,-0.3543141478537011
0,2.0723169974157,3.37489382731017,1.6320285467180677,3.37489382731017,1.0,1.0,0.0,0.0,1.0,1.0,-0.6758832599135155,-0.9798994984954625,-1.739040125803676,-1.082680147011533,0.8478657976705999,0.4176800737262563
0,-0.1829503411572342,0.9122379656004715,0.7627209115904963,0.9122379656004715,0.0,0.0,0.0,0.0,0.0,0.0,-0.43420760866333147,0.9840422205242854,0.026385799770756495,0.588584724022609,-0.18399974478943956,-0.12184970777378382
1,2.052692439460468,1.1083007038806945,1.1083007038806945,2.718132424071891,1.0,1.0,1.0,1.0,1.0,0.0,-0.32224004932774397,-0.4706978522409691,1.259823968431821,-0.42302978353513815,-0.15219636311459112,0.9469308179118001
1,4.557014843325597,2.793809301200544,2.793809301200544,3.661349436898836,1.0,0.0,1.0,1.0,0.0,0.0,-0.782012726320052,0.22077922997166738,-1.3004905118921277,0.7306603054968928,-1.07067847780974,0.1203544435780528
0,-0.8649485922808419,-1.432952755137868,-2.5691050612340836,-1.432952755137868,0.0,0.0,0.0,0.0,0.0,0.0,-0.6412954589707123,-1.6891339743904563,-2.9289577256310126,-1.9674391130531639,-0.19015316641696578,-2.7994926573058785
0,0.09114217687616888,1.9429658116308273,2.8054789476110615,1.9429658116308273,0.0,1.0,0.0,1.0,1.0,0.0,0.5271666376406466,0.4238657494085961,1.5087330518971818,-0.19293248073792313,0.35227965673110107,1.267189547250604
0,0.8702379466514991,3.8100136136617415,2.7869192053908667,3.8100136136617415,0.0,0.0,1.0,1.0,1.0,0.0,1.1262417910621243,0.34431565157625954,0.5366015086216799,0.2599636379006628,-0.5440513991164648,0.6022125997467307
0,0.6269049509453439,2.0636837665475536,1.1555737599170952,2.0636837665475536,0.0,0.0,1.0,1.0,0.0,0.0,-0.07412179622808134,0.8506265439242959,0.16824899535710672,0.23750622252923684,0.7506222175450894,-0.5295161272126606
1,0.8073854031614225,-0.6643252943621745,-0.6643252943621745,0.7274512621955163,0.0,0.0,0.0,1.0,0.0,1.0,-0.5008882799965998,-0.7422123665250043,-0.9664385702530462,0.3091837149018358,-0.846016367399073,-0.7788787023168021
0,-0.22936983694070784,0.5255108132613937,-0.10705843662488163,0.5255108132613937,0.0,0.0,1.0,0.0,0.0,0.0,-1.3882393987818373,0.32761080093555356,-0.46065593224483575,-0.0734025705105627,-0.6194645951049531,-1.3484953662354413
0,-2.328311253296797,-0.5479813373310379,0.03564228342985132,-0.5479813373310379,0.0,0.0,0.0,1.0,0.0,0.0,-0.5490831701175419,-1.2482203208248501,-0.7964052930355023,-0.6991319050395516,-2.0269679942197936,-0.29144746800515486
0,2.495465238845108,5.75392890932597,3.7642824431494777,5.75392890932597,1.0,0.0,1.0,0.0,0.0,1.0,0.5038821324945202,1.3296171111790802,-0.040520128808958056,1.22701461748271,1.467098420569875,0.12530764144254025
0,-0.5485339742898265,1.3832952341492861,-0.6860864773964346,1.3832952341492861,1.0,0.0,1.0,1.0,1.0,1.0,-1.3442653943124923,-0.6378284513670694,1.6900515253666304,0.23453819397124168,-0.209270182756916,1.125026234976517
0,0.9000362951019572,2.879924702167769,1.1000148385179904,2.879924702167769,0.0,0.0,0.0,1.0,0.0,0.0,0.3818233159153902,1.1927698834488578,1.0796147571716173,0.6778998110208577,-0.1134957946073133,-0.07944808802593673
0,5.667359467440864,5.94499204249308,5.2921676926945995,5.94499204249308,0.0,0.0,1.0,0.0,0.0,0.0,2.5756687452560842,0.8999130553637436,0.47912081957246533,-0.5408449971137883,0.2697305459637314,1.1173155596255464
1,0.25544878439422103,-1.5694691428450838,-1.5694691428450838,-0.7392342518102186,1.0,0.0,0.0,1.0,0.0,0.0,-0.9141826276289563,-0.63807956338252,0.7498126553092588,-1.141231249488314,-0.8774235537651761,-0.8865212961930828
1,6.422810154416254,2.393311927511543,2.393311927511543,5.279583338104828,1.0,0.0,1.0,1.0,0.0,1.0,1.3804890254849027,-0.9525227186622501,0.21849368571165573,0.7512305049986697,-0.11316447708011848,0.6192851829968818
1,-1.6264798467764947,-0.16132516291983912,-0.16132516291983912,-0.12594629928021617,0.0,0.0,1.0,0.0,1.0,1.0,-0.9383887560634105,-1.8497583519662364,-0.7149815451949519,-0.2536677228933826,-0.5035561144993291,-0.8450027977995254
0,-0.7210255049853717,3.0725533062811277,0.9991982681891991,3.0725533062811277,1.0,1.0,1.0,1.0,1.0,1.0,-1.1531412002447943,-0.637412044635113,-0.23041959437412404,-0.34068184084195374,-0.1304209138779848,-0.18381103771821342
0,-0.5580495957745576,1.9793760877110818,1.6990943967964993,1.9793760877110818,1.0,0.0,0.0,1.0,1.0,0.0,-0.2374390690013846,0.03523102407208922,0.9558838775593175,0.41848926002443143,-0.3526561332933065,-0.2631179925456223
1,3.146938570213212,-0.5513686619465694,-0.5513686619465694,0.14154228862575025,1.0,0.0,1.0,0.0,1.0,1.0,-0.27905071144038884,0.42216131601124895,2.6940316210403226,-0.6968291665857724,1.8086169378234174,0.5804490037666253
1,4.124164522942567,1.02763029195567,1.02763029195567,0.667942064420771,0.0,0.0,1.0,0.0,1.0,1.0,-0.1729752798114796,1.4674623036781824,1.6982763038345698,-0.10420657449440365,3.492043341791673,1.664050506744454
0,1.203001507332539,4.121651052550337,3.4696149997254015,4.121651052550337,1.0,1.0,0.0,0.0,0.0,0.0,0.4819364377542256,0.04945220758761948,-0.15970295257411804,-0.29282514311956415,-2.1832900074684214,-1.3749021892936995
1,1.7138941015391285,-0.11100571025156114,-0.11100571025156114,1.6042665336005326,0.0,1.0,1.0,1.0,0.0,1.0,-0.03875903234806226,-1.5237014357860563,0.17459081649218341,1.1644123381231117,0.8412556444557072,0.3362541106559902
1,-0.004142607481811389,0.09605174813183931,0.09605174813183931,1.6016060538411856,0.0,0.0,1.0,0.0,0.0,0.0,-0.44907497636643434,0.1768178738099584,-1.0489547540774244,-0.8828862744096385,-1.7145534231767776,-0.41480858972660745
0,-3.8150598638640094,-0.9193223429275769,-1.7467347858541433,-0.9193223429275769,0.0,0.0,0.0,0.0,1.0,0.0,-0.9786400106693596,-0.4524096004840447,0.26599938518765176,-1.9796853609593679,0.6678281042840979,-1.0341229404475063
0,3.744582527273608,4.238637455676743,2.037016311503992,4.238637455676743,1.0,1.0,1.0,0.0,1.0,1.0,0.3598151254945671,0.5364931291244703,-0.21314232516318699,-0.483684336844679,-0.10933486446365337,-1.7921396797373585
1,5.9582946158614325,3.5472970637427075,3.5472970637427075,5.638913027311046,1.0,1.0,0.0,0.0,1.0,1.0,0.5639326670960354,1.388523963303888,1.2056458034358948,2.6603449770727488,1.2443823108529575,0.4579565267035728
1,3.4068128604328853,1.8180638617476979,1.8180638617476979,2.530935372713783,1.0,1.0,1.0,1.0,1.0,0.0,0.17671501897975186,-1.0878874804464052,0.0012555852183162575,-0.6594489597529757,1.4066932233323046,-0.28980870623437116
1,2.761785123798785,2.382449111460838,2.382449111460838,4.146063972062494,1.0,1.0,0.0,1.0,1.0,0.0,0.17322124096597005,0.6259696758192577,0.553704293002044,-0.14886271472844365,-0.6848471928335891,0.8970759485051789
1,3.0731897088959297,1.8565834232901666,1.8565834232901666,0.8487395942728706,0.0,1.0,1.0,1.0,0.0,0.0,-1.0950789614136212,0.694274421946542,0.9039895059291041,0.2829884099136197,0.5127488817553095,0.39642710155442124
1,1.1380152443918736,2.1377043720057163,2.1377043720057163,1.2691154623156418,0.0,0.0,1.0,0.0,0.0,1.0,0.1400242871922307,-0.8193881859447418,-0.8559679693414671,0.6671765299476392,-1.1450344766195333,0.6012492842994157
1,2.0595709554649515,-0.27028055802300066,-0.27028055802300066,1.2022954859393147,0.0,1.0,0.0,0.0,0.0,0.0,0.31343375155432707,0.20306522912860103,1.8182514835796506,0.16412691856126507,0.8709741163211182,1.0338579213754586
1,3.0909707151237673,3.3048582476987156,3.3048582476987156,4.318838850469772,0.0,1.0,1.0,1.0,1.0,0.0,0.04553693716260234,1.744850818127056,-0.6420507074456643,-1.1185572235919843,1.8382143394506758,1.2861564534584309
0,2.304854266966941,4.557118364128056,3.1696277650117444,4.557118364128056,1.0,1.0,1.0,0.0,1.0,1.0,-0.07116067531851147,0.15949227035339497,1.3026668012140903,1.262748256001156,1.7351979633558483,1.3491930386736037
1,2.789928672250276,3.3130945951691997,3.3130945951691997,2.3687633868069984,1.0,1.0,1.0,1.0,1.0,0.0,-1.3827376965749278,0.2801138684316803,-0.47485383452418295,1.2886704879288438,-0.7582958927797372,-0.9100592895398141
0,-0.8337269670196881,0.2273123161969426,-0.4423118877558663,0.2273123161969426,0.0,1.0,1.0,1.0,1.0,1.0,-2.2267637113297027,-0.8340665010193292,-0.11573719761171308,0.6063143669666666,0.039522782940679346,-0.5062557514719257
1,3.920109199162631,2.84592739164923,2.84592739164923,5.303315607252488,1.0,1.0,0.0,0.0,1.0,0.0,-0.9745072745413799,1.1322584845548544,-0.8289010591111757,0.7925232614196588,0.8339525616178881,0.10139641013899808
1,4.845531346353418,3.6727992875633806,3.6727992875633806,5.205953505360795,0.0,0.0,1.0,0.0,1.0,1.0,0.47215324437057554,1.5664471228813712,-0.4083306132532779,0.8712969423258573,0.9646516191753262,1.1115782707893582
1,3.01141260838342,3.7442412941882415,3.7442412941882415,4.676401599484892,1.0,1.0,1.0,1.0,0.0,1.0,-0.5403476176926229,0.6867623521808709,-0.6646266463624151,0.8731767902271593,-0.3302476534741018,0.6271075112245423
1,2.8720592596023335,0.39762220273987836,0.39762220273987836,3.001518863646194,0.0,1.0,1.0,1.0,1.0,1.0,-0.24374803571757575,-0.8587859320253791,-1.6309437901448172,-0.7338841344886156,0.8921911024345752,0.5198438924105564
0,1.9920486589938824,4.369774342056196,2.0710897680198737,4.369774342056196,0.0,0.0,0.0,0.0,0.0,1.0,0.9946748006033161,1.6792779793480648,1.7113359773660644,0.4380728399523834,1.6701339988991992,0.59283160299043
1,1.7800965489363323,0.6581782394127837,0.6581782394127837,1.637784603337511,1.0,0.0,0.0,1.0,1.0,0.0,0.08956215857972769,-2.0722512053285196,0.9319013842055545,0.9349263879868371,-1.0877228614422376,-1.4812360905233684
1,2.974763216617938,1.0317768237919762,1.0317768237919762,3.886987845255955,1.0,0.0,1.0,1.0,0.0,1.0,0.22967421138110594,-0.9222078885425988,0.02579931221998799,-0.06536250608247895,0.02606797849281864,1.5890912753051207
0,0.3040247076896707,3.372157036373105,1.7066841241505126,3.372157036373105,1.0,0.0,1.0,1.0,0.0,0.0,0.14329172844169516,-0.2741651889290515,-0.6248801146605574,0.05361726800523889,-1.7297335754536407,-1.2784246985233993
1,1.7742328530532596,1.5340253782872746,1.5340253782872746,2.7321921443818455,1.0,0.0,1.0,1.0,1.0,0.0,0.37786309560527265,-0.2920635851415944,-0.2542241429017436,-1.0829596188006014,1.470310621591456,0.03842940439328117
0,-3.7952516080161036,-0.0016509454600890372,-3.894842917738427,-0.0016509454600890372,0.0,1.0,1.0,1.0,1.0,1.0,-1.621947309294345,-0.6939510320444052,0.9209360195754637,-1.0561085801668786,-1.1282805362911255,-0.5468331216846876
1,1.910718350660745,0.28305954095694996,0.28305954095694996,1.1846638467930157,0.0,1.0,0.0,1.0,0.0,0.0,-0.8902526418148319,-0.3632961337316243,-1.9235153251515877,-0.796381369549833,-0.8362105093828784,-1.1982911031269254
0,0.9277650624575484,0.9535616156153088,0.40189948337522235,0.9535616156153088,1.0,0.0,0.0,1.0,0.0,0.0,-1.358314619305885,-0.9312190525629125,-2.241442877621903,0.8038195530676494,-1.614402153681512,-1.2128709410566294
0,2.0836060406336125,2.2071613744352527,0.7275623585305901,2.2071613744352527,0.0,1.0,0.0,1.0,1.0,0.0,-0.021210422404730908,0.8937116546696273,0.5827324412192023,-0.6500279540225085,0.14376896357989805,0.4786819817360654
1,2.3519798072824796,-0.7068399333145098,-0.7068399333145098,2.2112086926956,0.0,0.0,1.0,0.0,1.0,0.0,1.163879932718503,-0.8484414414690569,0.8870213048641287,-0.2539172701613448,-0.7843904664308248,-0.2400610481186108
1,2.8251958057402327,2.6788584328144864,2.6788584328144864,5.954777638871327,1.0,1.0,0.0,0.0,1.0,1.0,0.04803064430526036,1.1353704729547163,-0.6351255072769408,0.8292839168866327,0.22730502165590358,1.050742988213144
0,-0.9222602702315753,3.0516678644287443,0.868637837689255,3.0516678644287443,1.0,0.0,0.0,1.0,1.0,0.0,-0.11780255206999099,-2.1948244495721427,-0.6439735529383708,1.4549827617616296,0.31350903671057057,0.1034978076583099
1,2.8228649351220674,3.267509216840384,3.267509216840384,3.0058433149879122,0.0,0.0,1.0,0.0,0.0,0.0,1.0071311361561952,0.40994565849057174,2.0230601191638624,1.1303864480614672,0.4291168225892864,1.117490296867357
0,-1.0562872563417631,0.7286557274771831,0.19062808177187418,0.7286557274771831,0.0,0.0,0.0,0.0,0.0,0.0,-0.3391111937891303,-0.7993447657639147,0.44042114775543734,0.3147158890125446,0.25205024565272943,-1.4078433765576779
0,0.36030038958159294,3.2230532602694932,-0.7612974020969376,3.2230532602694932,1.0,0.0,0.0,0.0,0.0,0.0,-0.5899913892098925,0.6363425708908965,0.06877842078153651,-0.17373992814045086,-2.0941167579004034,-0.501390001828334
1,1.0758747712001213,0.6522872997751269,0.6522872997751269,0.5569912771210136,0.0,0.0,0.0,1.0,1.0,0.0,0.18090581420192542,0.5099924997193472,1.228023786467149,-0.9258675368877882,-0.3397685440332966,-0.5686352006217311
0,-0.3416737854072144,-0.3372128490586396,-1.01648786890175,-0.3372128490586396,0.0,1.0,1.0,0.0,1.0,0.0,0.20710510989126435,-0.9268624873938206,1.8891060423018207,-0.9574535889850171,0.4295283865682474,-0.12630442348846382
1,3.388825806159152,1.100204099313356,1.100204099313356,4.569185192786363,1.0,1.0,0.0,0.0,1.0,1.0,0.17288922752244415,-0.31745977890055643,0.8764270822290179,0.496726725090322,1.6248500524634846,-0.49674655298502934
1,1.7907595096979523,0.09284527754691624,0.09284527754691624,1.90004659049925,0.0,1.0,0.0,0.0,0.0,0.0,1.2673136852200826,-1.1993718214466556,0.7574472995391716,-0.9183729818067075,0.5079975116517188,0.6305055075233533
1,4.860706001684444,3.1670122221647805,3.1670122221647805,3.188356892218949,0.0,0.0,0.0,0.0,0.0,1.0,1.6906115617832627,0.5449685932838755,-0.16523736132750216,0.32090994147767526,1.205282582260661,-0.18826356792665916
1,3.2959063568555327,2.5057123605908482,2.5057123605908482,1.9304802102013652,0.0,0.0,0.0,1.0,0.0,0.0,-0.1604501979336213,2.4514627170968075,2.028069013029993,1.904000419256765,0.8117130190031303,0.09252609044548876
1,3.430663481328139,2.689953347413476,2.689953347413476,5.3325956175130615,1.0,0.0,0.0,1.0,0.0,1.0,0.7867944065476917,0.8852080728417164,0.20559096348847494,-0.141333562087485,1.3794473772122002,1.8784295815182799
1,4.00620503771518,2.642919438917114,2.642919438917114,3.1557514259816877,1.0,0.0,0.0,1.0,1.0,1.0,1.0433652632283061,0.559074012556873,0.6235287292825848,1.1220419094017926,-0.22628863426624224,0.01432952373391061
1,5.111964930899676,3.469271721987958,3.469271721987958,4.7101723145699195,0.0,0.0,1.0,1.0,0.0,0.0,1.6236426827740125,2.268885297447531,1.9345648172736514,0.1454763589872503,-0.6107843551186425,-0.6128125690919777
1,6.507989793062714,4.31594091539262,4.31594091539262,6.102223799208926,1.0,0.0,0.0,0.0,0.0,1.0,1.207764293895012,0.7043038134220204,-0.10312024679046616,2.565577094050628,0.4848328345867423,0.7127812020831692
0,-1.2053240154298295,0.5090543845582756,0.013169689763492753,0.5090543845582756,0.0,0.0,0.0,0.0,0.0,0.0,-0.028898198417372515,-1.0209370620737945,1.3128115358072612,0.7225552905446408,-0.08631362551705324,1.6357796796664423
1,6.39688632783682,3.0674883935736563,3.0674883935736563,5.931330398584236,1.0,1.0,1.0,1.0,1.0,0.0,0.43149547812675965,1.4705271938587194,0.6454161604645849,1.2394949868806482,1.5942840378809167,0.6921789531140882
0,-3.4330582752539813,-1.4785880596636212,-2.164367510687324,-1.4785880596636212,0.0,0.0,0.0,1.0,0.0,1.0,-1.0862647168091475,-1.0609116560618153,1.0633008332792142,0.7976872199662012,-0.5729497368042671,-0.622019806282258
1,3.567090756339469,0.6973170631191894,0.6973170631191894,1.9090136401037396,0.0,0.0,0.0,1.0,1.0,0.0,0.9732173070891444,-0.03448941992483301,-0.37163940764942405,1.089105668236608,-0.23930535208781334,1.8886849846771971
0,-0.10617166318539717,0.7937647377315639,0.4948382117745855,0.7937647377315639,1.0,1.0,1.0,0.0,1.0,0.0,-1.2864453152923494,-0.4494050674439022,-0.3296995593744686,-0.7498945108875328,-0.5306905107138399,-0.9382814408016342
0,1.937875344689172,3.7258098289093087,1.811727915949747,3.7258098289093087,0.0,0.0,0.0,0.0,0.0,0.0,0.26683111885199795,1.7283919533028174,-0.3250683854883946,0.9729241166041027,-1.1747851223895052,0.642820083122233
0,1.1855768840436178,-0.2607229998470894,-0.3413556467409492,-0.2607229998470894,0.0,1.0,1.0,1.0,1.0,1.0,-1.0877021150807706,-0.8994561940001622,-0.495053852505036,-1.094708001615377,1.7768615506087078,-1.4267475423265263
1,6.012861421723687,2.6410883008174038,2.6410883008174038,5.259883050498713,1.0,1.0,0.0,0.0,1.0,1.0,0.9931073138855113,0.6114826477360567,0.580095711533666,0.4123266500076615,0.7131985324104467,1.5445970547133567
1,-0.4558032064272777,-0.9680189866301245,-0.9680189866301245,-0.2922558403296702,0.0,1.0,0.0,1.0,0.0,1.0,-0.21492234074526156,-0.14984753784387544,-0.40534780775236007,-1.0956808208176056,-0.2413399576033986,0.677943946588845
1,2.053436552752471,0.22213476908692265,0.22213476908692265,4.955902953911081,0.0,1.0,1.0,0.0,0.0,0.0,0.9677009762161487,-0.09919186308686517,0.25296139529946277,0.6248171987848132,0.2327079145623184,0.5498694576653078
1,2.5667049902557015,1.7627106823786691,1.7627106823786691,3.1410820335460135,1.0,1.0,1.0,1.0,1.0,1.0,-1.35114634620335,0.36497968117564744,-0.39614567533550127,0.4535413995338814,0.9806293956026733,-0.11430948977300731
1,2.0916512765910973,1.2876651282846068,1.2876651282846068,4.097297263303104,1.0,1.0,0.0,0.0,1.0,1.0,0.0922690950142364,-0.9109614660485552,-0.9915900917619196,-0.30053173664545973,-0.13677960166561315,0.4151093402674139
1,3.4154400394970903,0.7245914480724831,0.7245914480724831,4.057318616480955,0.0,0.0,1.0,1.0,0.0,0.0,0.26611148872480767,0.018090403573434166,-1.5959788643334178,-0.2776587724283839,-0.6486908042252277,-1.6234677340364487
0,2.8149323492585117,3.4659227784253144,4.095217747125194,3.4659227784253144,1.0,0.0,0.0,1.0,1.0,1.0,1.1171028832873244,0.4485862996316503,1.67271551983557,1.9381217437988778,2.3983835991261704,1.0222529770799045
1,2.765268432081211,0.21379818674292284,0.21379818674292284,2.2414891800293244,1.0,1.0,1.0,1.0,1.0,1.0,0.15159081674522407,-1.3803315174515947,-0.4914972426067773,-1.8002764361309176,-1.9166525859011656,-0.2261207639963918
0,4.075417631454378,5.303261313923809,6.1989948952355345,5.303261313923809,1.0,1.0,0.0,0.0,0.0,0.0,2.5997456356981545,1.345657859863884,1.86185720341303,0.3531952361492869,0.7696250654769571,0.6737051727687817
1,3.680364465494347,2.063708589119124,2.063708589119124,5.0794037203098785,1.0,0.0,0.0,1.0,1.0,1.0,-0.7480425588699365,0.522398729199242,0.3538953965644499,-0.4901636791026178,0.5552659730586724,-2.3942671866555894
0,6.311462667746388,4.597156705861513,1.5179684729465472,4.597156705861513,0.0,1.0,0.0,0.0,1.0,1.0,1.8055590462262323,0.09721424291102487,-0.6537366488010279,0.8604296487810286,-0.546222079196393,1.564543600821164
1,2.901254498287078,1.3364865261489587,1.3364865261489587,4.218567121958705,1.0,0.0,1.0,1.0,0.0,1.0,0.5248699202497684,-0.7283056406316786,0.3618536553030675,-0.45505620991706874,-0.43845478862646636,0.16461036118580208
0,-2.713229332338938,-2.9988647305867877,-3.4659650715899293,-2.9988647305867877,0.0,1.0,0.0,0.0,0.0,0.0,-3.092367377904812,-2.4245101044369046,-3.0615247775568837,-0.5646317894992796,-0.8803173522188226,-1.34542795007972
0,1.370560829440001,3.630148243434851,-1.6386604583415774,3.630148243434851,0.0,0.0,1.0,0.0,1.0,0.0,0.2597375486066644,0.03356450028125468,0.39064557481235773,1.5263681533006062,0.5272971359157201,1.1404620671055603
1,0.17429741726503073,-2.20192141077485,-2.20192141077485,2.291575157355765,1.0,0.0,0.0,1.0,0.0,1.0,-2.0601216760843437,-0.8541086605380616,-1.6588761925885716,-0.42314347000851105,0.5500641520531492,0.9828372038913683
1,1.7091139820834198,1.5486124092343454,1.5486124092343454,2.480903700788235,1.0,0.0,0.0,1.0,0.0,0.0,0.4026687757049234,0.019554688261820607,0.3071995323535637,-1.91843898105229,-0.169275522660425,0.017784857125030508
1,3.5323643237918847,4.802249416106003,4.802249416106003,3.6064508146827605,0.0,0.0,0.0,0.0,0.0,0.0,1.4392219607473686,0.7295851675191252,-1.5516670514211814,0.7065103358466138,-1.4821019239033482,-0.9927045680271198
0,-3.0190374507057314,-1.3131947208193213,-0.9807620424809586,-1.3131947208193213,0.0,1.0,1.0,1.0,0.0,1.0,-2.7591534299869056,-1.1975568910897771,-1.3134925710057506,-0.8170065458886138,-0.1725495615685535,-0.1328825987614426
1,4.478494078469095,2.464080692333922,2.464080692333922,1.8464925279627233,0.0,0.0,0.0,1.0,0.0,1.0,1.3374488034329621,1.1973239450355684,0.6960872597844987,-0.21209885947263446,0.4230063385034957,0.8064114280402235
0,0.30579032159434105,2.3633363263418197,0.8041324181668889,2.3633363263418197,1.0,0.0,1.0,1.0,0.0,1.0,-0.2530858693647196,-0.873818425749735,-1.1070175737080619,-1.0054445674067047,-0.5507207307699578,-0.8649741724067462
0,-3.0256625492453306,1.7147684464377537,1.2352932155433132,1.7147684464377537,0.0,1.0,0.0,0.0,0.0,1.0,-0.6979105047132598,-1.4639812306358093,-1.133188116315761,0.2717214761921274,-0.7858591964014608,0.027515109271675553
1,2.8134388554186045,2.4803557402539482,2.4803557402539482,2.332822990446768,1.0,0.0,0.0,1.0,0.0,1.0,0.6010095883247683,-1.2640705038166693,0.1504636680215058,-0.24636470051584358,-2.1719028322635663,-0.5163139947907854
0,-0.03860694413067315,0.7486128553659719,-0.5871883411907034,0.7486128553659719,0.0,0.0,1.0,0.0,1.0,0.0,-1.6130789044503722,1.4621231910821062,0.9036127631162285,1.3024258439274599,0.05532374720053296,-1.017738205275089
1,5.037851628889444,0.8555005221362217,0.8555005221362217,4.218746743600331,0.0,1.0,1.0,0.0,1.0,1.0,0.27080164718664623,0.5203872716131301,-0.5140084146172264,1.016127624555036,0.6151704119404937,1.4377010262523675
0,0.01336450934507133,1.4512311718460935,-2.4579453510171394,1.4512311718460935,1.0,0.0,1.0,0.0,1.0,1.0,-1.3726579318879717,-1.1404840723637364,-0.044045104884476716,0.8197072361533924,1.259916468250659,-1.2329883510037423
1,5.010356276840772,5.3141399228779225,5.3141399228779225,4.829124310645888,1.0,1.0,0.0,1.0,0.0,0.0,2.789545671667608,-0.1445740308980341,2.3248677687626724,1.604211853326648,0.8388842246619783,0.19567987107604967
0,-2.1446602891659263,1.2987704896809271,0.037957810789668055,1.2987704896809271,0.0,0.0,0.0,0.0,0.0,0.0,-0.5819971753198392,1.2056129009406824,0.9906299008320785,0.15962078942602775,1.1472646733565588,0.4403181547990351
1,0.3046310362553084,0.158128381327775,0.158128381327775,3.460088544822489,0.0,1.0,0.0,1.0,1.0,0.0,-0.7682812570276466,-0.03855435438745347,0.6186347847427268,0.08218675749829726,0.8318588696545695,-0.05641638046145914
1,0.18483667895029154,-2.2302367063577924,-2.2302367063577924,-0.5250721460040797,0.0,1.0,1.0,0.0,0.0,1.0,-0.6906840709150924,-1.0413547831384282,0.29490402747236505,-0.6386644538270143,1.337902536433016,-0.7569589966782363
0,3.997252950405887,4.916320571534783,2.3009048366172538,4.916320571534783,1.0,1.0,0.0,1.0,0.0,1.0,2.2751945291601996,-0.38507467608676493,1.184825301051836,-1.0748507939162364,0.7353845573694868,-0.2713950740153457
1,0.6220837916404749,-0.7074628137625459,-0.7074628137625459,2.572700845981751,0.0,1.0,0.0,0.0,1.0,0.0,-0.9151546562088467,0.4681109757198917,0.6343887611474657,-1.8901405529781488,1.2609512776075336,0.08531618096992233
0,1.615957590701644,3.0777278811076085,0.6901074759672057,3.0777278811076085,0.0,1.0,1.0,1.0,0.0,0.0,0.0948909925708914,-1.3353250284990945,0.11517616237538245,0.2056923994040301,-0.6043781951413185,1.399453796401668
1,4.312651794035392,3.7731183418767955,3.7731183418767955,5.124088168961965,0.0,1.0,1.0,1.0,0.0,1.0,1.87564875208626,0.7760798654775477,-0.2579756876912631,0.5620154583182971,-1.3731641903230063,0.8115209251679566
1,4.03235633542281,0.8931859522798336,0.8931859522798336,3.2732273306649655,1.0,0.0,1.0,1.0,0.0,1.0,-0.3947301684692547,0.8591407595156517,-0.4292774321687176,-1.1290354290951259,1.0460811458308092,0.09241886873759517
0,0.7468207340060297,0.9054418593011108,-0.7587354120274128,0.9054418593011108,0.0,0.0,0.0,1.0,0.0,1.0,-1.2930324585545825,0.44060478184707397,-1.279420052884169,0.5809764662010425,0.2525840886599308,-0.2860145189544621
1,0.7537523399824844,2.7550636582476304,2.7550636582476304,2.0239146470920133,1.0,1.0,1.0,0.0,0.0,1.0,-0.2128638512422809,-0.9331309278686692,-0.39905825507984255,-0.04601121910743847,0.6912227792338042,-1.234238423668199
0,2.77797997783115,2.530746750551315,1.7001467561738774,2.530746750551315,1.0,1.0,1.0,0.0,0.0,0.0,-0.6569729696789905,0.5545986523983514,1.8750203377437178,0.9617648185290902,0.5265005963904956,-0.4376643999403803
0,1.732942801545742,2.4064711282536613,2.251641116734941,2.4064711282536613,1.0,1.0,1.0,0.0,0.0,1.0,-0.5417164531686635,0.5264655874570083,1.3059623444290065,0.0009091660629198806,-1.507300207777686,2.668334201948027
1,2.449901028096462,0.31304355448157717,0.31304355448157717,2.1706054623047057,0.0,0.0,0.0,0.0,0.0,0.0,0.42518623776484243,0.05983665134171945,-0.6097850258979352,0.7751968213744743,1.7108982262410544,0.3790053066909164
0,-1.405398345919666,-0.2936992156525091,-3.4943257188918677,-0.2936992156525091,1.0,0.0,0.0,0.0,0.0,0.0,-0.8916182935290943,-0.5139099003462037,-0.21851810743280592,-0.8031807819956331,-0.3440705247053213,-0.8956723291545856
1,4.353361236910043,1.5752199309874446,1.5752199309874446,1.80149602374341,1.0,1.0,1.0,1.0,0.0,0.0,-0.8600241213882467,0.8057790563042297,1.5734026078672367,2.004104097708675,1.0194111500586962,-0.034324077100618244
0,0.2094206722764136,3.3445009548219415,0.5287024470897869,3.3445009548219415,1.0,1.0,0.0,0.0,0.0,0.0,-0.38812895287011373,1.4800073441518582,2.353690576781873,0.15152684131826047,0.29173636053376273,-1.229879012425091
1,1.9944393027392973,0.15382735006464715,0.15382735006464715,2.8774655025441316,0.0,1.0,1.0,0.0,1.0,1.0,-0.8000029956306158,-1.2198470992219952,-1.506987869013205,-1.5112392328276565,-0.49840114334474517,-1.2448286734881406
1,4.1562668258283,5.167078718971869,5.167078718971869,3.4178622761824253,0.0,0.0,0.0,0.0,0.0,1.0,1.260494701199765,0.3331937221793818,0.9424416494184289,1.3427637340548686,2.665337638466898,1.327040837410252
0,1.6902370323381604,4.175012576651519,3.359570478128638,4.175012576651519,0.0,1.0,0.0,0.0,1.0,1.0,1.176327108737609,1.0091937749665663,0.5989911262927603,0.13336043204003126,0.061803184081375306,0.05036808657192521
1,3.168196435964213,2.887872794229632,2.887872794229632,1.9389086415801375,1.0,1.0,1.0,1.0,1.0,0.0,-1.2613920242145176,-1.212351863550975,-0.39115655168632135,-0.2923890461083212,-0.45286640269555783,-1.99235964799584
0,-0.7723599128847409,-0.8702944069201254,-0.43511869776281153,-0.8702944069201254,0.0,0.0,1.0,1.0,1.0,0.0,-2.243330033463575,0.16032670322821263,-0.9571874611320185,0.6900951088278309,-1.9831642297341476,-0.7015695307774868
1,4.223592271220907,1.8873003157565744,1.8873003157565744,5.437732585908993,1.0,1.0,0.0,1.0,0.0,0.0,-0.8814890531369816,0.9869102726149689,-0.6231158617224684,1.126934670684678,-0.28528045646620775,1.1004637744284864
1,5.241364810123684,4.418617875007994,4.418617875007994,6.76457309616436,1.0,1.0,1.0,0.0,0.0,1.0,2.681149820640506,-1.075895765484177,0.6621093114156511,0.5183406359538197,-0.5285467972697651,1.6084466660325283
1,3.6144124249574117,2.2056780682851964,2.2056780682851964,2.1971794851070103,1.0,1.0,0.0,0.0,0.0,0.0,-0.5718222007116414,-0.57692943284212,-0.26735958364814894,-1.0358715461556294,-0.734034737225452,-1.1388704807751844
0,0.165275129344159,1.8487041518658678,3.219394665890488,1.8487041518658678,0.0,1.0,1.0,0.0,1.0,1.0,-0.44080137055871865,0.4782418294641866,0.4957952550836381,0.5813053028527437,0.07400514393936186,1.0518187356084765
0,-1.022972554855574,-1.0720497724332618,-2.623196355664583,-1.0720497724332618,0.0,0.0,0.0,0.0,1.0,0.0,-0.9890282843351649,-0.41212455731821107,-0.3436701226678404,-2.2440296360392598,-1.7226104411431786,-1.693702297994941
0,-0.9532048541199475,2.824159572698791,0.29475055951104684,2.824159572698791,1.0,1.0,1.0,1.0,1.0,0.0,-1.2186183522732381,-2.4252909568931766,-1.547417550685642,0.18494891320931037,-1.2929104450700146,0.2564447100114351
1,4.527509062968805,1.8074763610023157,1.8074763610023157,5.089991741157279,1.0,0.0,1.0,1.0,0.0,0.0,0.7924216182666814,0.39764813134298427,0.29588155282765727,1.8831459839037294,-0.492984390268812,1.9812317200247884
0,0.17311265847715152,-0.5456085228115896,0.20902723928313416,-0.5456085228115896,0.0,0.0,0.0,1.0,1.0,0.0,-0.8614181095905414,0.4369145703169961,-0.24380388069166392,-1.181506042049243,-0.8490621613061635,0.4212644541025754
0,0.9265554145658943,0.7888481323578448,1.4523573999466315,0.7888481323578448,0.0,0.0,0.0,0.0,0.0,1.0,0.1032872133338628,-1.0110086371511553,-1.57150784027588,-0.8646843269407221,-0.053178426094812825,0.4186452228944557
1,1.7284287040301243,0.96049982550998,0.96049982550998,3.282065617123879,1.0,0.0,1.0,0.0,0.0,1.0,0.7666990799740004,-0.8818824852591539,0.43341112139995563,-0.8896003122616987,-1.558051689122569,-0.6387737135246147
0,1.1854154670591643,1.4317420905898368,-0.5724407563579577,1.4317420905898368,0.0,0.0,1.0,0.0,0.0,1.0,-0.2025832120415375,0.07781066041033591,-0.7176217618130125,-1.3314052484608032,-1.53976598520334,-1.5016840766561503
1,3.8049803145339434,1.7978865956555636,1.7978865956555636,2.632837023106618,0.0,0.0,0.0,0.0,0.0,0.0,1.1851070694147057,0.3053223632508075,-0.05538085436396653,-0.03799998144061004,0.4051734170370707,-0.6052136261357277
1,0.5108154235772795,-1.036845327604476,-1.036845327604476,1.7360367615429644,1.0,0.0,0.0,0.0,0.0,1.0,-0.45374633156813426,-2.7125803583348542,-1.1886595718590103,-0.7250996933259741,-1.4465729002977177,-1.407954107919567
0,1.6782767581202902,0.5180597855454031,0.16077299637880021,0.5180597855454031,0.0,1.0,1.0,0.0,1.0,0.0,-1.2422624631681314,-0.83560564789562,-0.5797933544412718,0.9206042194023817,0.07650438978507024,0.4580970499243733
1,-0.8476026082862946,-0.4804773607582008,-0.4804773607582008,0.7077810448671313,1.0,1.0,0.0,0.0,1.0,0.0,-1.523532594054811,-0.8184065497786299,0.22044398243419588,-1.2026733895119976,-0.032028467427154594,1.4161525449621724
1,5.008381418627129,3.7499630113044997,3.7499630113044997,5.43270901872752,0.0,1.0,1.0,0.0,0.0,0.0,1.8274025749943328,0.8194371747141553,0.971462536061783,0.716937150769509,2.5036324322964645,2.013905332232572
0,0.2091231520681363,0.3126483486389688,0.7260754562025535,0.3126483486389688,0.0,1.0,1.0,1.0,0.0,1.0,-1.4862520364132283,-0.7362642756825206,-0.8940900868670001,-0.45288334225499216,0.2944177307738895,0.18452713876251042
0,0.9612127786584432,6.0267707380239095,2.551006508526177,6.0267707380239095,1.0,1.0,1.0,1.0,1.0,0.0,-0.5154977422198163,-0.347972433080202,-1.3030500445923607,-1.7936810214492742,-0.08609571217745654,0.29804509251719213
0,1.9681658149541368,3.315058192911745,0.7212435821306465,3.315058192911745,0.0,1.0,1.0,0.0,1.0,0.0,1.3477070585320585,-0.08060881786547824,1.1155583026283002,-1.2988960405781023,-0.4247264186983475,0.38809162990668966
1,2.3845717455853013,-0.2890161821911107,-0.2890161821911107,2.7887926252130493,0.0,0.0,0.0,1.0,0.0,0.0,0.1655635504427284,0.6055081380326796,0.4730345118443141,0.29067159906394857,1.165655804298201,0.05443194839705501
0,-2.6158962815725584,0.12245789783912303,-2.6831964286764,0.12245789783912303,1.0,1.0,1.0,0.0,1.0,0.0,-2.0843659345002563,-2.383918218830766,0.7649295343770818,-1.045592680168204,-0.18058025132672173,-1.2890113214161736
0,0.8662588520825967,0.4900717970317716,0.7706954375972163,0.4900717970317716,0.0,0.0,0.0,0.0,0.0,1.0,-0.04570579298197552,0.3810111858652989,-0.5500992143371461,-1.3816041218166575,-1.8377362821075636,0.5995051921119239
0,2.0391686920825824,4.959530554291145,2.415586898631036,4.959530554291145,1.0,0.0,0.0,1.0,0.0,1.0,-0.45733013365839537,0.756363486923725,-1.9779194403210774,-0.27843121672924753,0.7002470641168341,-0.07107790867263913
0,-1.9177720576900743,-1.4365117403808079,-2.7924635366265353,-1.4365117403808079,0.0,0.0,0.0,0.0,0.0,0.0,-0.4533496423858318,-1.427734626286174,1.350968655535854,0.6303150944125369,-0.8293997520536791,0.1944248945053103
1,8.247566806844523,4.759086759551269,4.759086759551269,8.156149478299172,0.0,0.0,1.0,0.0,1.0,0.0,3.013152621562792,1.4201264736014139,0.5505220156311204,-0.17748342141642062,1.440307946340687,-0.5901299751508393
1,4.087864783376142,1.425571572868426,1.425571572868426,2.9629715752838535,0.0,1.0,1.0,0.0,0.0,1.0,0.6448103181089373,-0.5022335019871437,0.5457573207005233,0.9086500938015701,0.9761233090714061,0.8253734646765674
1,-0.8814608583192113,-0.8528829781197675,-0.8528829781197675,-2.6274506682774605,0.0,0.0,0.0,1.0,0.0,0.0,-2.216936105528709,-0.33718260033249137,-0.5747481307622495,1.4442656903168831,-0.2955715146044717,-0.47229841956174445
1,4.912603552923914,4.268589612842339,4.268589612842339,6.427179363376887,1.0,1.0,1.0,1.0,0.0,0.0,1.4426834365331895,0.5922737049930523,0.7327843644111178,-0.5621964972238525,1.354921534585828,0.23234693952239754
0,-1.4092533605250446,-1.980456164529118,-2.24932412347851,-1.980456164529118,0.0,0.0,0.0,0.0,0.0,0.0,-1.4645222823570119,-1.338369592234662,-1.8462122867980644,-0.5767309447879125,-1.1887053326951107,-0.3755538321846559
1,0.44557121822998624,0.6514122165899645,0.6514122165899645,1.8597102342161003,0.0,0.0,1.0,0.0,1.0,0.0,0.3260724417766307,0.27153819630249876,1.2444359708450432,-0.49929394963066565,1.3981783032836688,-0.8902651786471553
0,2.0180780814046875,3.427266649124245,4.614541120706916,3.427266649124245,1.0,1.0,1.0,0.0,0.0,1.0,0.32752864604279436,0.7648629863110613,-0.4327497229137679,-0.3889839323435776,-0.4007584375878319,-0.6191226487994614
1,2.9058733324974653,1.147091621514384,1.147091621514384,2.6585716483095805,0.0,1.0,1.0,1.0,0.0,1.0,-0.15125433827516185,0.7189070076413989,0.7636128088531379,0.9578809207692321,-0.026972649411852623,-0.750127208002641
0,4.894623758597844,7.760251340750453,6.201575926896595,7.760251340750453,1.0,1.0,0.0,0.0,0.0,0.0,2.315714852456661,2.327884630885526,2.2536314078664983,2.0277604825194,2.7693920396239395,0.7805592912423376
1,1.1254569392629887,-1.979411720803817,-1.979411720803817,3.159006229825741,0.0,0.0,1.0,1.0,1.0,0.0,0.1437642909823247,-2.4699318549693285,1.0206530221242875,-0.7959016207583763,0.3453275400353229,-0.527574300731981
0,5.036985924613414,4.291584469825392,4.649434148780189,4.291584469825392,1.0,0.0,1.0,1.0,0.0,1.0,1.4577831630294384,0.8817729817254407,-0.3558169093752718,0.37990065996488626,1.7413399238494398,-0.7095466069218361
1,2.1482167733014172,1.8234194377945063,1.8234194377945063,4.060656750129263,1.0,0.0,0.0,0.0,1.0,0.0,0.9701661864999772,0.1662276763263123,-0.13530653123140413,0.08930241838711975,1.1434062322862375,1.075642968359348
1,2.4624485922004458,2.136179164955479,2.136179164955479,4.434055406107349,0.0,1.0,1.0,0.0,0.0,0.0,1.3080605363683926,0.22663364205303893,1.1518917294521915,-0.9804965443657583,0.651912748568158,0.5172479370535815
0,-0.21816821581357382,3.9254462467955866,2.349441738521226,3.9254462467955866,0.0,0.0,0.0,0.0,0.0,0.0,1.3620770054756381,-0.08240668428318179,0.290717920482199,0.3367379353711141,-0.37408379974233374,0.340159470741637
0,0.6069800548443586,3.6536157404339797,0.13260235019114186,3.6536157404339797,1.0,1.0,1.0,1.0,1.0,1.0,-0.5260943234779908,-1.536270081085838,-1.0196069497708797,-0.4154921567270334,-0.12153112673243682,-0.9785374426271958
0,-1.7732293917046975,-1.8529575650634451,-3.5578101648986036,-1.8529575650634451,1.0,0.0,0.0,1.0,1.0,0.0,-2.048467455212043,-0.8522840815725952,1.2917634323737088,0.4069776997001872,-1.2185446335879482,-0.40584339334761993
1,-0.1885437891061525,-2.4262957939610725,-2.4262957939610725,1.4048332554092378,0.0,0.0,0.0,1.0,1.0,0.0,0.12022589020076731,-1.3201177814264575,1.2266655995795823,0.6593734254505129,0.18546227791602693,0.22503312286656635
1,4.623060521047113,2.023760360058861,2.023760360058861,6.12621085251643,1.0,1.0,1.0,1.0,0.0,1.0,0.8735798809667468,-0.5307742314043511,-1.496202447650115,-1.4149693032099477,-0.10149862133127052,-0.22497720391452763
0,0.696825236251035,0.8786594737076643,-0.008028002669440149,0.8786594737076643,1.0,0.0,0.0,0.0,0.0,0.0,-1.4218967160351523,0.22486559982735044,0.5970379774900585,-0.3720661290043514,0.7148260160193388,-0.2836353568053947
1,3.822163172810823,2.4765242477494374,2.4765242477494374,6.367601103133704,1.0,0.0,0.0,1.0,1.0,0.0,1.626609085278609,0.571552107121384,-1.5767598443788677,-0.010619172274786981,-1.5331176391717465,-0.16686554938296017
1,5.10489216338519,2.0483782474689933,2.0483782474689933,3.564097622251593,1.0,1.0,0.0,1.0,1.0,0.0,0.3816144336554143,0.6190849278378623,1.9257011477238029,1.2966993787887224,0.05480750957523639,0.7218903194322565
1,1.3892650534650324,1.2021862478707006,1.2021862478707006,1.0239013207874796,1.0,1.0,0.0,0.0,0.0,1.0,0.56352082956386,-0.5508931078940588,3.3833995596323776,0.9191823757887643,1.3463616685658586,-1.3450062308205815
0,0.6335636862951846,3.42889353125776,1.1283317569565676,3.42889353125776,0.0,1.0,1.0,1.0,0.0,1.0,0.13047249868354646,-0.8554713155450928,0.5606998064236869,0.3635293152001645,-0.04623876050790751,-0.10634706421141554
1,3.9581021674253116,2.0693162537209884,2.0693162537209884,5.797673498746952,1.0,0.0,0.0,1.0,0.0,1.0,0.1909863463041797,2.0295401100109904,1.3145560456433159,0.5337636571525654,-0.4521701110218218,0.4077842018571531
1,5.31628209980236,2.6122914026137747,2.6122914026137747,2.8892848532333204,1.0,0.0,0.0,0.0,0.0,0.0,0.6915521014876859,0.2685028018557122,-0.6439114188596934,0.5719728815272598,0.6435143702212917,-0.5360710377967566
1,0.8933877908379371,1.0828453787668257,1.0828453787668257,1.970581122497005,0.0,0.0,1.0,1.0,1.0,1.0,0.4612799947600136,0.08779818020128932,0.9907246906181186,0.20508287193529268,1.153122247845658,0.40883461315147696
1,4.842308613057851,2.532790282304313,2.532790282304313,4.687149026876986,1.0,0.0,0.0,1.0,1.0,0.0,2.0447303665125403,-0.024664208733866655,2.0640944668838554,1.3076469123220222,1.453058834007968,0.5809939333947084
0,0.19121147983848646,0.7950447003023632,-0.5470618906760905,0.7950447003023632,0.0,0.0,1.0,0.0,0.0,0.0,-0.9105649965610391,0.9868398557786466,0.700682064861683,-0.173855647079531,-2.078098496800127,-1.3103310481084383
0,-3.3639592811259136,-0.4947258113646964,0.4824709215162146,-0.4947258113646964,0.0,0.0,1.0,0.0,1.0,0.0,-1.3928096698983765,-1.2490635830782668,-1.4869201283215392,-1.6591990961248075,-1.7514651164009476,-0.14312250703735385
1,-1.3126994704425874,-0.33960992445325033,-0.33960992445325033,0.554060161649746,1.0,0.0,0.0,0.0,0.0,1.0,-1.8760517315663836,-0.2430806468634588,-0.1001980387442312,-0.39747271600649897,0.10948927402185127,-0.8776338912468995
1,1.0244910685009263,2.439120364997839,2.439120364997839,0.42545229351241176,1.0,1.0,1.0,0.0,0.0,1.0,-1.3896943193908953,-0.5920200173859571,0.18033044913275292,-1.395557773384208,0.26246188686417116,-0.5704231414927634
1,3.159258547089999,2.2802677881802067,2.2802677881802067,3.1995765902617137,0.0,0.0,1.0,1.0,0.0,1.0,1.5555709225404362,0.32905358750017766,-0.7385343374259706,0.14141149760485788,-1.293186466261358,0.3255644648977855
0,-1.5817596198488955,2.181412208660143,-0.851134445517893,2.181412208660143,1.0,0.0,0.0,1.0,1.0,0.0,-0.14722349177313776,-1.729186844318527,-0.3003341331711953,-1.4936558123763486,-1.204430760457845,0.034723397141317
1,7.019964082481983,3.9410733211445064,3.9410733211445064,6.907182003677121,1.0,1.0,0.0,0.0,0.0,0.0,2.0003241285828404,1.4080619428118206,1.4986411466740095,2.362121107286541,2.6650477384907276,1.5075608861353365
0,1.05961799230441,0.35682175643915404,-0.3995301414313355,0.35682175643915404,0.0,0.0,0.0,1.0,0.0,0.0,0.02741853863495788,-0.15907547070824024,0.22737897446665112,1.228661690406404,0.2711745426526406,1.5981503054501434
1,2.4359747292324085,3.4341609897782526,3.4341609897782526,2.293562564010683,0.0,0.0,1.0,1.0,1.0,1.0,1.075083826205848,0.39241920320906004,1.1159494503929137,0.040470645589658905,1.37367266574995,-2.2288135339097526
1,5.034911265125727,2.078061943620253,2.078061943620253,3.6264323354087793,1.0,0.0,0.0,0.0,0.0,1.0,0.8489194699346895,-0.08391428197622885,-0.5143469496611699,0.7556516584209889,1.9777805459922755,1.0832645269024224
1,4.613636205744123,5.496930745642032,5.496930745642032,7.1663567161292425,0.0,0.0,0.0,1.0,1.0,1.0,0.9930131977987685,1.8191700768258454,-1.079296552712677,0.6697609805344874,0.22791156309077143,1.6991557426545878
0,0.0916907834953058,3.5191291217428704,0.10025078328886794,3.5191291217428704,1.0,1.0,0.0,0.0,1.0,0.0,-0.047595919576862156,-0.5706588406573032,-0.23250973046597617,-0.003492936154280396,-0.9480995534528265,-0.6582624121244782
1,7.292522206425929,2.009400416207318,2.009400416207318,6.5136974173370366,1.0,1.0,0.0,1.0,0.0,1.0,1.4872313523512248,-0.9046960511342481,-1.4333265744244779,-0.18448563114829192,-1.4838259442728248,-2.04425080754626
1,-0.40444475025237503,-0.4305066195234654,-0.4305066195234654,1.0734870197599222,0.0,1.0,1.0,0.0,1.0,0.0,-1.5573068433472999,-0.47953343473192955,-2.7117885067628573,-2.2961306265821824,-1.2440402507012251,-0.8874105962981521
1,4.758088003373747,4.154554454995041,4.154554454995041,7.015243682061222,1.0,1.0,1.0,1.0,0.0,1.0,0.6387639534496593,0.7642537441589712,-1.1572502140644876,-0.12954099168730537,-0.3367762809892182,0.15065308087814722
1,-0.13820463334326494,1.3298471574536603,1.3298471574536603,0.9157671818482473,1.0,0.0,0.0,1.0,1.0,0.0,-0.3964141259954348,-0.3328746887463566,1.115119079573445,1.4724423402393967,0.7065654950370459,-0.8169496224093786
0,4.546324009471492,5.4566872431088616,3.921990972848819,5.4566872431088616,1.0,0.0,1.0,0.0,1.0,0.0,1.5923546266767263,0.48528794638990247,0.6678217814656756,0.8880015643506438,-0.741345809399304,0.6535071780184998
1,1.9977874305876384,0.8745751482996164,0.8745751482996164,1.349176632224149,1.0,1.0,0.0,1.0,1.0,1.0,-0.777818855522038,-0.25447615862977946,-0.14431824006453314,0.9235280063267998,-1.6160915811357597,0.6835228031596898
1,0.9284656722634789,-0.2642053007753442,-0.2642053007753442,0.971687376792844,0.0,0.0,1.0,0.0,1.0,0.0,0.6358075427996678,-1.363431346552428,-0.6874513231142881,-1.6602900318903688,-0.9662719573389419,-0.062042700888782276
0,2.4446319706815496,4.845353841515193,2.284770762483489,4.845353841515193,1.0,0.0,0.0,1.0,1.0,0.0,0.5295284972448985,0.5118463899538587,-0.05743798437755121,0.46257376763779695,1.7323705131936487,1.8012487407590485
0,1.8176150468058319,1.9559691720043157,-0.10998157318967916,1.9559691720043157,0.0,0.0,0.0,1.0,0.0,0.0,0.13351685633268764,1.084829524881246,-0.331023593206869,-1.005514849258048,-1.2123598066594456,-0.4916209407713692
1,-0.149767399323234,-1.3450149281545365,-1.3450149281545365,1.3412432536129815,0.0,0.0,1.0,0.0,0.0,0.0,-0.7915445658803163,-0.2674858706567384,-0.5822848125494765,-0.3573731713530003,-0.3339057869269856,-1.2757325665418435
1,5.843986168572865,3.0007846594778065,3.0007846594778065,2.3585165975130193,0.0,1.0,0.0,0.0,0.0,0.0,1.1837815150437243,0.24331003701859744,0.17913261549329287,-0.34152640861865663,-0.5131724561470742,0.47265874165931754
0,2.2842319028072153,4.426976960242957,0.3223064008258463,4.426976960242957,0.0,0.0,0.0,0.0,0.0,0.0,1.9047761892743962,0.37379187500667166,0.7992718016581318,0.6939633439198387,1.7326522662456152,-0.4394586187274271
1,2.619635164459976,2.278603153573226,2.278603153573226,0.3095475956323368,0.0,0.0,0.0,0.0,0.0,1.0,-0.330072306272167,0.792486260852085,-0.8573617007068678,-0.08180310523819465,-0.839718949192093,-0.16050337680119747
0,2.343563701418631,3.564201929141251,1.195329617911992,3.564201929141251,1.0,0.0,0.0,0.0,1.0,0.0,-0.9336125039428401,2.03128346598039,1.0142620157313686,0.9677560947364547,-0.4583090362415033,0.3693082217706289
0,1.91560614872461,4.43099813933161,1.1795448625904879,4.43099813933161,1.0,0.0,0.0,0.0,0.0,0.0,1.0688933616127638,-0.955904917362091,-2.185127925582057,-1.2365330734476903,-0.6199050591131492,-0.14661866982311833
1,0.3720611223335689,0.5299412818701122,0.5299412818701122,0.744529541529813,1.0,0.0,1.0,0.0,0.0,0.0,-0.8319299810404189,-1.1215617359654702,-0.28334554966666226,-0.2569981458033712,-0.1208239618270221,-0.41411967404974287
1,5.227625816639035,4.887201177355719,4.887201177355719,5.446788492159437,0.0,0.0,1.0,0.0,1.0,1.0,0.48270844934221097,1.5521516178458195,-0.8538311154654532,1.6094387675671835,0.48175012686221974,1.1204081112578934
1,3.0976833326405635,2.16010695512683,2.16010695512683,1.6278522666003563,1.0,0.0,1.0,0.0,1.0,1.0,0.2216644697464072,-1.366213885609097,-0.440063191822038,-0.11979436574362835,1.3020751055894668,-0.38149555603917984
0,1.1072302289127627,1.5663600572511738,2.1816683263991807,1.5663600572511738,1.0,1.0,0.0,0.0,0.0,1.0,-0.8650917573489636,0.7423283946555749,0.5174174084840621,1.1304035199351512,0.14510934039246098,0.07652541107541339
1,-0.7836714123192438,-0.11424118433831931,-0.11424118433831931,-0.3929806557820965,0.0,1.0,0.0,0.0,0.0,0.0,-2.499222284478323,1.2222458888239287,-0.4624583564566909,-1.1568470929504517,-2.4359078238966405,-1.503292107431513
0,1.5778389334130525,3.6536427582212534,-1.3748636219904096,3.6536427582212534,1.0,1.0,1.0,1.0,0.0,1.0,-0.8508758571680258,-0.7932314726977325,0.4582086094053529,-1.1093989750258317,-0.20496111084845342,-0.5060612653132561
0,4.81478149266623,3.522527116787138,2.2230032121084027,3.522527116787138,0.0,1.0,1.0,0.0,0.0,0.0,-0.008394674225335215,1.5898637578822257,0.641795346013202,1.5202504436209354,0.8086404891552428,-0.4338010934887311
0,0.5825693198199496,1.7399661364916774,-1.1829700605543163,1.7399661364916774,0.0,0.0,0.0,0.0,0.0,0.0,-0.5038558494225264,-0.43022436619562776,-0.10400762519854378,1.0258858562737692,1.2194378661684486,1.1815248218913663
0,0.9871145741092258,0.7288194211875135,0.34899361894411873,0.7288194211875135,1.0,1.0,1.0,1.0,0.0,0.0,-1.6846525011782445,-1.9424607879361084,-0.9050201926925472,-0.7897138026952784,-1.2103237885836595,-1.6448444677906182
0,-1.9257119967217329,-1.732689920790129,-1.6798158044391638,-1.732689920790129,0.0,0.0,0.0,1.0,0.0,0.0,-0.684841604041783,-0.8264153823433662,-0.03380500497557426,0.6630961426411283,-2.1490570108158837,-0.641118997466731
1,5.549568302240257,3.486722672994289,3.486722672994289,3.7161807488288003,0.0,1.0,0.0,0.0,1.0,1.0,1.277296017100403,1.6301905345923724,2.4248452455472065,0.16799889431564358,1.8073869270722254,1.3893991651202549
1,4.326215977136734,1.8604694579178165,1.8604694579178165,3.003481241916112,0.0,0.0,0.0,0.0,1.0,0.0,1.29925584333469,-0.060543038526567755,0.36283277361104693,0.5578296594840816,0.373602943528,-0.3687712809594761
1,2.0191219712794073,1.0409172934809467,1.0409172934809467,2.5109930163272995,1.0,1.0,0.0,1.0,1.0,0.0,-0.6220417434236384,0.5353516910119585,-0.3305303470215377,-0.0363323100203649,0.19946202598965573,-0.7165882855615688
0,1.175095231266054,1.536253142805232,1.0737271333347789,1.536253142805232,1.0,1.0,1.0,0.0,0.0,0.0,-1.4348179365684002,0.7330643830355956,0.8788441731554383,1.5254393643628053,-0.05701475460961891,2.456794077260335
1,0.5099228590471123,-0.5735055856605025,-0.5735055856605025,-2.922021184013543,0.0,0.0,0.0,0.0,1.0,0.0,-1.6236148422367436,-0.9208136477459327,-2.045946919464452,-2.0021957281656184,-0.10456413576449197,0.013551953152122098
1,2.928660497024389,1.026791278077933,1.026791278077933,3.057040024884823,1.0,1.0,0.0,0.0,0.0,0.0,1.2000388364640124,-0.9795638944160818,0.833866406376774,0.7781972115634921,-1.0189276654194623,-1.609337348843938
1,3.390674547949171,3.0080768255141432,3.0080768255141432,4.925613588936,1.0,0.0,1.0,1.0,1.0,1.0,1.2215095240912712,-0.7603503930565128,-0.9643981530896076,0.44640525867375597,-0.6693965783945248,-0.11501238293593924
0,6.6512810590555205,7.884645196200604,4.340758199089564,7.884645196200604,1.0,1.0,1.0,0.0,1.0,0.0,1.6704273628547648,2.010096197545972,2.062493307063839,0.7852679679811239,2.280962538762795,0.40456467232211946
1,3.283224101018345,0.9520750414762719,0.9520750414762719,1.5852229185378282,1.0,1.0,1.0,0.0,1.0,0.0,-1.0871391080844437,-0.3177022758781027,-0.36549223807073716,-0.6904940192589988,1.6106281782332468,1.1333428262258107
0,-0.10454405239989523,0.6106182262460167,-0.5828262403536365,0.6106182262460167,0.0,0.0,1.0,0.0,1.0,0.0,-1.217904078104729,-0.2715999584411317,-1.4480486977620515,-1.1219110422769176,-0.1514227204145988,-0.6723626960315114
1,1.8497916636135232,-0.7157428849015591,-0.7157428849015591,2.935529138122038,0.0,0.0,0.0,1.0,0.0,1.0,0.7443070011834924,-1.4011852928470534,0.2504363722195451,1.0872969628601143,0.6790358567249524,0.3111296258665698
0,-0.6514499565514065,0.9906294086838734,-1.173372404930306,0.9906294086838734,0.0,0.0,0.0,0.0,0.0,0.0,-0.5040603927107437,0.49466754859181306,-0.9049104857790926,-1.698520636942211,-0.5113073869401301,0.045407372224983145
0,0.5380987623616129,0.9383970116144481,0.5424232253300041,0.9383970116144481,0.0,1.0,0.0,0.0,1.0,0.0,-1.6428064697317208,1.0124109364435523,-1.0985479063104053,-1.024974992786383,-1.1902020865628469,1.0783295308304677
0,1.0961661140748529,1.0468871618049425,-1.328378252117873,1.0468871618049425,0.0,1.0,1.0,0.0,0.0,1.0,-1.2149573787096422,-0.2216680802757802,-0.04565788539008056,-1.4270009488697695,-0.19229530586612573,-0.21060159804909462
1,4.9003696936389085,1.771245269940288,1.771245269940288,3.7019532652805376,1.0,0.0,0.0,0.0,1.0,1.0,1.2665923511839716,0.08933350291300135,0.5336327279327739,0.12762816159155624,1.44308837761394,2.4757843731514293
1,2.356149975673037,-1.4999991705560922,-1.4999991705560922,-0.03572883112928027,0.0,1.0,0.0,0.0,1.0,1.0,-0.5979049985164767,-0.5195067609006097,1.1361825303249469,-0.1880470267906958,1.1240183388644704,0.4333489962009746
0,0.2585784380938292,2.3991774593432904,1.0786123774027412,2.3991774593432904,0.0,0.0,1.0,1.0,0.0,0.0,-1.2310969333885682,1.8524131690808052,0.1388908356908899,0.9707490693635588,1.2019703064211607,-0.4536188968469411
0,0.5317461605240363,0.8583133812363346,1.4951285492521469,0.8583133812363346,1.0,0.0,1.0,1.0,1.0,0.0,0.3411725677538718,-0.7022596141999203,1.9389936671713524,0.07425848295286647,-0.13265711819473835,0.6568379872207537
0,-0.1277386236110146,0.7728194402087725,1.7518486803651676,0.7728194402087725,0.0,1.0,0.0,1.0,0.0,0.0,-0.12493490710404119,-1.1039801957356161,-0.6685818313517514,0.4237673727327619,-1.0300551388874593,-0.06220632326904141
0,3.368014603556391,4.095472805652442,3.727238060724946,4.095472805652442,1.0,0.0,1.0,1.0,1.0,0.0,1.6515338283840075,0.7803339139173525,-0.4953516263475345,0.6080791986286505,0.42727440780374676,0.3066021707262224
1,2.6211669849768304,3.9031272455446286,3.9031272455446286,4.686428765649439,0.0,1.0,0.0,1.0,0.0,0.0,0.9169284755329443,0.24739234909689056,1.3467211773732635,0.4383237050345758,1.4206967714862426,1.7220987178824485
1,0.11324146840487442,-1.9179584349566583,-1.9179584349566583,-1.2415016216918782,0.0,0.0,1.0,1.0,0.0,1.0,-0.9988971533634564,-0.8115906246719952,-0.2665993363380005,-0.35615511835620506,0.7093417340150469,-0.15589034015566525
1,1.7228625017722514,1.1663605300619446,1.1663605300619446,2.7847464532415334,0.0,0.0,0.0,0.0,1.0,1.0,-0.37452883794553593,0.3291542219807746,0.24167265428199938,0.13344800034863263,2.7441667081349967,-1.6199659585262316
0,0.14129035893256914,-1.3082327881212366,-2.7508582740274297,-1.3082327881212366,0.0,1.0,1.0,1.0,0.0,0.0,-1.974309647352886,-1.5791540601148575,-0.26772252748041037,-0.6047156824911506,-1.5860610056048037,0.18288271250506527
0,3.451539909227554,5.6176438903595844,2.1161491696339843,5.6176438903595844,0.0,0.0,1.0,0.0,0.0,1.0,2.5967589841268364,-0.27554802032381,0.36011508746486476,0.9229648421595806,0.18441990190939572,-0.681525343377189
1,5.49455731902277,2.2468629804495723,2.2468629804495723,3.855620716992223,1.0,1.0,1.0,0.0,1.0,0.0,0.10829479720925796,-0.5068872247053938,-2.143928351901528,-0.015488597276924698,-1.0881617932951604,-0.6208412206144053
1,0.979367045084725,-0.07691882821846165,-0.07691882821846165,1.1212024907474236,1.0,1.0,0.0,1.0,1.0,0.0,-1.4614299192430504,0.0716241192101949,-0.02640021455098146,-1.949809328808319,0.06082438231902945,-0.43350314449182537
0,-0.5482255100483648,0.31509839420420926,-1.6463089394673498,0.31509839420420926,0.0,0.0,0.0,0.0,0.0,0.0,-1.2646902474559494,-2.2273041342876896,-1.3776787989885986,0.9266429867791802,-0.8613431376732337,-0.75556921719486
1,5.167245133812646,2.096148374971188,2.096148374971188,3.433348262618759,1.0,1.0,1.0,1.0,0.0,1.0,-1.3718418098849519,-0.8713720225391679,-1.7645600934477776,0.7425552579645955,-1.4075106402785797,1.0115525612155425
0,-0.14839800815534532,1.4296797897934468,-1.6234681544791834,1.4296797897934468,0.0,0.0,0.0,0.0,0.0,0.0,0.11515205995887583,-1.1656935703723055,-1.0298328145843259,-0.8275998031776737,-0.9689800411673434,-0.39773506268066283
0,-1.6236299227588356,1.6944839469857746,-1.6206301948185229,1.6944839469857746,1.0,1.0,0.0,0.0,0.0,1.0,0.06696472940536548,-2.7890289632070506,-0.3892946911689996,-1.2928959355755718,-0.24457577136286401,-1.2379181740315146
0,2.279972375948005,4.174940841996252,1.9121387053616263,4.174940841996252,1.0,1.0,1.0,1.0,1.0,1.0,-0.3520849694138835,1.0876720771644344,0.5549401103377172,-0.2505542767124351,0.40333941722193034,1.1628387858488205
1,2.348076207597222,0.782209387874881,0.782209387874881,0.47196557912445636,0.0,1.0,0.0,0.0,1.0,0.0,0.2579755107843655,-0.07931619291101147,0.10136442995862571,-0.6206414739762127,1.3702275229011673,-1.0138357664138014
1,3.4806598651937053,1.2503313369893578,1.2503313369893578,3.5473808411199963,1.0,0.0,0.0,0.0,0.0,0.0,0.005631063467388578,0.09274734458974154,0.17939354691867698,0.764146356224812,3.2332209842909525,-1.027640372451872
1,2.9883423306064625,-0.5178461595695736,-0.5178461595695736,3.372295907545533,1.0,0.0,0.0,1.0,0.0,0.0,0.4155384350171826,-1.0986007587443285,0.09870285664862133,-0.01718829221169116,-1.6433795264630318,0.1814667889077849
1,5.774709495210072,4.143118286703788,4.143118286703788,6.93049349389796,1.0,1.0,1.0,0.0,1.0,1.0,0.6355686161736702,0.6664539442193202,-0.292538880422484,0.2038424860956817,0.4773460240005253,0.2453254081427402
1,2.0285322870798326,2.368740715243705,2.368740715243705,2.3267200054044017,1.0,0.0,0.0,0.0,1.0,0.0,-0.17579077439447546,-1.2411475009243573,-1.6662084690642236,-1.8003333714667893,-1.3105928785077472,0.4116968350130956
1,0.8322979042236678,-0.5204470804649801,-0.5204470804649801,0.7020165725172272,1.0,0.0,0.0,0.0,0.0,1.0,-0.7889980166757438,0.4498048261723908,0.6155113566350163,-0.7716625545184294,0.04476910418220175,-1.2724991079647603
1,3.4450934827762802,1.0235809403402572,1.0235809403402572,1.3468590782225955,1.0,0.0,1.0,0.0,1.0,0.0,-0.06336871171752978,0.3784587953934302,0.7988295045174612,-0.6129966041233763,1.2529595405772216,1.1964027048074675
0,2.4750078601024175,3.8101396009362025,1.1796820729461293,3.8101396009362025,1.0,0.0,0.0,0.0,1.0,0.0,0.7774726615505418,-1.410854435515398,0.12765005107421623,0.14028035639450168,-0.658724371090889,-0.2644406848577018
1,4.110327762481557,1.0505877273670376,1.0505877273670376,1.294122590276266,0.0,0.0,1.0,0.0,0.0,0.0,0.32952829309258214,1.369055072247886,0.9922809801045831,0.7591824100820455,0.38880954392891803,-1.0732939894034037
0,1.2938992732454397,1.3303236886630418,1.428159805327424,1.3303236886630418,1.0,1.0,0.0,1.0,0.0,0.0,-1.0885545359238216,0.09908702001232272,-0.1836790064275885,-1.3727666145942556,1.7997715347627377,0.10616964014267039
0,0.6310867412313721,0.5070802209573394,-1.1170228893704195,0.5070802209573394,0.0,1.0,0.0,0.0,0.0,0.0,-0.5492234993673155,-0.05421529638938691,0.4364794299876941,-1.2852229440666405,-0.13958075335174655,0.1485028429557466
1,-1.3357874618953225,-0.2860124049463797,-0.2860124049463797,-1.0341785708454894,0.0,0.0,0.0,1.0,0.0,1.0,0.08441668277645961,-1.3590906942943528,1.7024477788242238,-1.5636776958417125,0.03245268655429889,0.6475723705567255
0,0.4308788595553662,2.604360633712842,1.283918978230981,2.604360633712842,1.0,0.0,0.0,1.0,0.0,0.0,-0.1633312983880288,-0.6220217204615125,-1.2337505307185743,-0.2101466002061555,-0.6137831904584633,0.09549642680414128
1,-0.5596935090471119,-1.3606088633244016,-1.3606088633244016,0.326239151686445,1.0,0.0,0.0,1.0,0.0,0.0,-0.8992656851065778,-0.6998025583522051,-0.48139158218735606,-1.4205467222360182,-1.8209188736369812,-0.17397586898153317
1,-0.13989953625249008,-1.6580815847669315,-1.6580815847669315,-2.429976175561582,1.0,0.0,1.0,1.0,0.0,1.0,-1.2530721144345962,-0.919266343771881,1.152522961214094,0.1781375303167364,-1.2220475645448206,-1.073496473488103
1,0.7678203803741038,-0.5522373864986049,-0.5522373864986049,1.2044821869533107,0.0,0.0,1.0,0.0,0.0,0.0,0.12481043890095786,0.093710714188172,2.21703317652009,0.511434036604058,0.8297438471993734,1.6736918564603103
0,-0.8096472992335582,-2.9158040681011075,-0.645172373636824,-2.9158040681011075,0.0,0.0,1.0,1.0,0.0,0.0,-0.41757697199211513,-1.076123469841947,0.7294781173089567,-2.629715178491388,-0.1255426901815656,-2.1654801349996653
1,1.9745773740873016,-0.08653645236000562,-0.08653645236000562,3.1821188648604855,1.0,1.0,0.0,0.0,1.0,0.0,0.04768276615371466,-0.8528943933895246,-0.426809412254771,-0.3404271026096877,-1.2026157990232607,-0.677096145537132
1,-0.4260179344756302,-1.4572510118343214,-1.4572510118343214,-0.1784213740543259,0.0,1.0,1.0,1.0,1.0,0.0,-0.966252985556448,-1.3748272411197515,0.0835676767611091,-0.06275167821872563,-0.29781040581740714,-1.4100522561831836
0,5.106795726730223,2.5870457772173854,2.6025579909741645,2.5870457772173854,0.0,1.0,1.0,1.0,1.0,1.0,0.011395223203199302,1.8648717388496958,-0.8700467453489541,-0.8342454395344406,-0.33041154468954465,-0.2597831591069497
0,0.7512113795339955,1.183955129498738,1.1868986438584013,1.183955129498738,0.0,1.0,0.0,1.0,0.0,1.0,-0.669211676840561,1.022601663147507,-0.25101311729167364,-0.20059069961169157,0.6305241402346752,-0.3083100730987822
0,2.105728712620611,2.593997613632248,1.6810905627234656,2.593997613632248,0.0,0.0,0.0,0.0,1.0,1.0,0.06253995603912892,0.8234760139625042,-1.9386235484718646,0.2799774425355389,0.4324909199560013,0.05406736461166739
1,2.6094703136256983,-0.48494939214627353,-0.48494939214627353,3.348847106437291,0.0,0.0,0.0,0.0,1.0,0.0,0.41545595054357537,0.05382926798511256,0.02831677661036039,1.135266694447433,0.6842984030956786,0.9113451746738289
0,1.1944777246507359,4.049938822130655,1.9313481599760833,4.049938822130655,1.0,1.0,0.0,1.0,1.0,0.0,0.16449747307340987,0.9250331293467132,-0.10632548029451538,-1.8647793488677595,0.7495681714735671,-1.525486070168955
1,1.3181224119641826,-0.5832274576074826,-0.5832274576074826,0.4270835868116935,0.0,0.0,0.0,0.0,1.0,0.0,-0.5423340517952954,-0.3097637323357083,-0.4183114084061522,-0.19595488814718676,0.3431511873545156,0.5222988343372009
1,4.023148367244758,1.107042292197034,1.107042292197034,4.567250961054132,1.0,0.0,1.0,1.0,1.0,1.0,-0.08781204701594475,0.5404241721182524,0.7397975534794536,-0.040360647101198945,-0.21197712586714335,0.7977190006870113
1,5.016600214364936,2.5856789340052506,2.5856789340052506,3.3620719145596647,1.0,1.0,0.0,0.0,0.0,0.0,-0.47531920677014844,0.22176388937111557,-1.573337960317457,-1.0542564214599914,-0.29259843393400087,-0.5540083762061141
1,1.585079739952228,2.23520846041946,2.23520846041946,3.0184896382027318,0.0,0.0,1.0,0.0,0.0,0.0,0.2912594247599069,0.6489148370172737,-0.2669059319223993,-0.6577814546395233,0.5270722393667094,0.2072872973259157
1,3.015525594678441,1.706464572365342,1.706464572365342,3.600260916134273,1.0,1.0,1.0,0.0,1.0,1.0,-0.502138213346713,-0.5027312624571755,-0.810342737112354,-0.32586067988246215,-0.07777153335451498,-0.5057689481099796
1,0.27166761643945275,-0.5736610928515913,-0.5736610928515913,-1.0541576321241548,0.0,1.0,1.0,0.0,1.0,1.0,-1.105757090910613,-0.5844471068509314,0.4929290883169858,-1.3115884900942318,-0.8868869329239031,0.8467735146023784
1,2.518440208890782,-1.228334389100819,-1.228334389100819,3.7275352921705895,1.0,0.0,0.0,1.0,0.0,0.0,0.6951242234559923,0.12053095348045981,1.5840072758700523,-0.8632940793225378,0.6737686467911581,0.30984523825954224
0,-1.8400017686739232,-1.281169158755228,-0.8064897922585941,-1.281169158755228,0.0,0.0,1.0,0.0,0.0,0.0,-1.530842968915947,0.44135791320986917,1.0588904262901122,2.1894785098696508,1.3824158621729983,0.3341211527268848
1,0.3115242159149289,0.7454036876415971,0.7454036876415971,1.1180544867005546,0.0,1.0,1.0,0.0,1.0,1.0,-1.6764494023426948,-1.1452629149178997,-2.4780155984753467,-0.4967606946908185,-0.6994133269270906,-1.4599565997127464
1,0.6663863100226364,0.7210235442179763,0.7210235442179763,0.5757771845407489,0.0,1.0,0.0,0.0,0.0,0.0,0.6108769282764606,-0.18212689624658163,-0.29784731713204504,0.24073404522513392,-2.280518627478548,-1.422591165845617
1,-1.0595588461854912,-3.8616235847378655,-3.8616235847378655,-0.8166561292307394,1.0,1.0,1.0,0.0,0.0,0.0,-2.30198937411548,-2.4339753068509293,-0.21528364704423042,-3.494832513867096,-1.1158674780335693,-1.5349701288538835
0,1.8286973040720613,7.372747818087202,6.2350353546215125,7.372747818087202,1.0,0.0,1.0,1.0,1.0,0.0,1.3575986257443935,0.4779603368336095,-0.48129710001412496,1.0138159300538612,0.08436597462087513,-0.19812991382510714
1,1.8407755047618877,3.9412127847720093,3.9412127847720093,3.479383682502263,1.0,1.0,0.0,1.0,1.0,0.0,0.355037931521772,0.1749637627019862,0.06148968631096091,-1.1386825307704276,0.9786406587765812,-0.9798476324775758
0,0.7485102419421784,0.2415465686663804,0.39753643798433713,0.2415465686663804,0.0,0.0,0.0,0.0,1.0,0.0,-1.5857733476772755,0.9812715873182318,-0.834671937293832,0.7140902508538015,0.6389373574536009,-0.559239704044332
1,-0.224276210289569,0.8073943872371813,0.8073943872371813,0.9330022442220629,0.0,1.0,1.0,0.0,0.0,1.0,-1.9951635321510945,-0.7217549450771618,-1.8352394991980403,0.10351179172373032,-0.06471664397997534,-0.6393794843523027
1,-0.9359417944889699,-3.595698501274966,-3.595698501274966,-0.277480176819272,0.0,0.0,0.0,0.0,1.0,0.0,-0.1856074923714591,-1.1425026948560535,0.2563159108458171,-0.875087839851239,0.2625718075204805,0.1784211445705774
1,3.929365457527097,0.8042850787106626,0.8042850787106626,4.47679854019437,1.0,1.0,1.0,1.0,0.0,1.0,-0.6608572957267979,0.1195892934040928,-0.15205478514574156,-0.7396713122613642,-1.1142500951687277,-0.4459826129336989
0,2.7725045501152654,4.265389679467807,1.974920459613699,4.265389679467807,1.0,1.0,1.0,1.0,1.0,1.0,-0.3082186629805897,0.3250327251985383,0.48474270731484725,0.6066611716114592,0.37068266385216675,-0.1703056075327597
0,2.590671678220919,2.639042744879914,1.4826013838201888,2.639042744879914,1.0,1.0,1.0,0.0,1.0,1.0,-1.0889900484042336,0.07897950351993133,-1.1867466312834254,-0.021921611261102314,-2.1913408540431942,-0.6659352322954868
0,3.3627563940596623,4.491957274898001,3.0390544454065305,4.491957274898001,1.0,1.0,1.0,1.0,1.0,1.0,1.0495312036042026,0.5982931758025338,1.3929888396097518,0.5121720516246921,0.8566898487646123,-0.8999182303091218
1,3.700857427585545,-2.1896714300470164,-2.1896714300470164,0.08828026351252105,0.0,1.0,1.0,1.0,0.0,1.0,-1.581726036408705,1.4694835510900255,1.5487765179663198,0.806409647652833,-1.2858885344290016,-0.28064656079718975
0,-2.789786433189829,-2.035686840901212,-1.799247953921474,-2.035686840901212,0.0,0.0,0.0,0.0,0.0,0.0,-2.0681304993534253,-0.9577450999752294,-1.2533074465427385,0.7711973619374829,-1.3123494780894407,-0.9715497167511856
1,3.0271966905086383,0.229639812016725,0.229639812016725,0.9320277474901537,0.0,0.0,1.0,0.0,0.0,1.0,0.4796328553060203,-1.119205630545597,0.23557083778214707,-1.018413753952574,-0.5623701636963774,0.39079867891323955
1,7.16467663125294,6.6958461310038935,6.6958461310038935,6.738403597854273,1.0,1.0,1.0,1.0,1.0,1.0,1.9463539790750046,1.4389620337755589,1.6531680489812186,1.1267624790457478,0.48073231902706715,-1.1636777225920207
1,3.2979312163170977,2.068318362365793,2.068318362365793,4.29426633709274,1.0,1.0,1.0,1.0,0.0,1.0,-0.454895045371855,1.7386679958063624,0.7257057968918916,-0.02183405660493306,-0.6888649387614554,-1.1390264353613424
1,5.464164274741219,2.7754964494570653,2.7754964494570653,7.0801567593455506,0.0,1.0,1.0,0.0,0.0,0.0,1.2904469112635137,0.8964326387866061,-0.250096667302721,0.5235652583450146,0.5528892127930423,0.008246906374997365
0,2.0115095411942985,2.187004518352449,-0.9832375062253342,2.187004518352449,0.0,1.0,1.0,1.0,0.0,1.0,-0.23879438274158163,1.209025441762885,0.5155428449126085,-1.0650417294121939,0.1921131631393624,0.9549204254554267
1,3.3191630081593733,2.370782934903198,2.370782934903198,4.5171174100447775,1.0,0.0,1.0,1.0,0.0,0.0,0.013726803404705765,0.1755146095728621,-1.5529686636915383,0.22572638093405306,-0.013509821572753905,0.8420002057797329
1,3.750120358720087,3.8132202430224913,3.8132202430224913,5.2648606456156735,1.0,0.0,1.0,1.0,1.0,1.0,0.7815258058621319,0.18598284298120277,0.1296661209522718,0.542547180792744,-0.13871498575545194,2.0967098315885453
1,1.3886558913464753,-0.3749831471726993,-0.3749831471726993,2.0434615300152004,0.0,0.0,0.0,0.0,0.0,1.0,0.7811485904703576,-0.5906079484531521,-0.13977198414073036,-0.4924762441454022,-0.5498643978357624,0.1370725533626988
0,0.7333452220059529,1.4558364513194373,2.5270422253016194,1.4558364513194373,1.0,0.0,0.0,0.0,0.0,0.0,-0.8081982865983351,-0.42839176785009114,-2.0677787071082947,-0.9492193097084531,-2.354407621380412,0.2603288641601138
0,-3.250215364544978,-0.307816296991575,-1.0361469174551008,-0.307816296991575,0.0,0.0,0.0,1.0,1.0,0.0,-1.1986043350984181,0.5142462929370388,-1.0203111361549508,-1.2653639070289027,-1.4178723050834452,-2.01379932971563
0,1.8820160239060315,2.1864880441376067,0.9758868556707844,2.1864880441376067,1.0,1.0,1.0,1.0,1.0,1.0,-1.0637857269458515,-0.35015273624820076,-0.23134079342341085,-0.7514178535368329,-2.162445931723928,-0.3899745018952704
1,3.530596283410547,1.145850062939431,1.145850062939431,4.291615907203726,1.0,1.0,1.0,1.0,1.0,1.0,-0.10228997697499048,0.566138526472402,0.9110732130681326,0.507339974690067,-0.3502570614261741,-0.41634225515303047
0,-2.4147437778277383,-1.0292233642211386,-0.7957759482542826,-1.0292233642211386,0.0,0.0,1.0,1.0,1.0,1.0,-1.3485589542901324,0.28349476364181625,1.5287823191740952,-0.6143440049797989,0.9161156872046101,2.073120528845547
1,4.359223210161053,0.0611633896485706,0.0611633896485706,1.8562780869846918,0.0,0.0,0.0,0.0,0.0,1.0,0.2974616170568271,0.632636811054397,0.24443207084200608,3.7219648041716287,1.1416987394882405,0.979610485270143
1,5.054900287566748,4.074452958532397,4.074452958532397,4.610594544651957,0.0,0.0,1.0,1.0,0.0,1.0,2.1269528704607166,0.895468489726242,1.1089563450989166,1.2620703477999933,-0.43825759818498744,1.3388771163187667
0,3.467322881446599,3.0311142371331234,2.975585280899757,3.0311142371331234,0.0,1.0,0.0,0.0,0.0,0.0,0.14683788932383893,1.7093490130601448,0.5360213679592054,1.3795001312120105,-0.4230128509305823,-2.0837258174819002
1,5.071879976299211,4.438882215995269,4.438882215995269,3.9667681632531293,1.0,1.0,0.0,1.0,1.0,1.0,0.8586095921160675,-0.1521190586727206,-0.11708002297882747,1.1802228630037082,-1.0526085680006716,0.0666304111301062
0,1.5989964117415802,2.6101095338633016,0.5805421959219377,2.6101095338633016,1.0,0.0,0.0,0.0,1.0,1.0,-0.4190145301294253,0.04234422339813726,-0.5341129730274878,1.372804620952888,0.9378502817139889,1.0370895641191582
0,1.4150463590826132,2.9888329184555973,1.7283384223601888,2.9888329184555973,0.0,1.0,0.0,1.0,1.0,1.0,0.33386493790187943,-0.10463453270565237,-0.04259880041260045,0.67119164428499,0.11560957580428392,0.6675142656648281
0,-1.1432486357586988,0.9195621835281484,-1.0621448369283326,0.9195621835281484,0.0,0.0,1.0,0.0,0.0,0.0,-1.2661053382603866,-0.6305310325531783,0.930059164006412,0.41990902961548593,-0.17016655946993123,0.008028713170577129
0,0.368441145456512,1.6639959379937954,1.2242540425961521,1.6639959379937954,0.0,0.0,0.0,0.0,0.0,1.0,0.5951855688518451,0.6313001639154066,0.8194741587226761,-0.33650998343147015,0.3045263213361734,1.3998018317354184
1,-1.803408817823234,-1.878228656316184,-1.878228656316184,-0.17621059380158388,0.0,1.0,0.0,0.0,0.0,0.0,-2.194403721533708,0.20983666536484746,-0.5888368771045243,0.0402272040301056,-0.09799513302744534,-1.0385259799756499
0,1.2327308495228544,2.186858362695754,-1.7691601626879296,2.186858362695754,0.0,1.0,0.0,0.0,0.0,0.0,-0.4792395620258539,1.0101530801942253,0.7708857061000036,-0.07854956349567846,-1.2408219719404003,0.33785930039286877
0,1.0353243202592763,3.19981528710858,1.526772458588187,3.19981528710858,0.0,0.0,1.0,1.0,1.0,1.0,-1.1744163991222176,1.2264797550924513,-0.26917784272996903,1.4634957164646165,0.2619436299645498,0.5401594681392266
1,3.3657649187704233,1.8946734418679552,1.8946734418679552,3.9084259902970433,1.0,1.0,1.0,0.0,1.0,0.0,-0.3632682918016529,-0.6583002441828354,-0.9000422750885431,0.4648592245277459,-0.6249364861207845,0.376204387940989
1,4.284516258738395,0.8357343002014127,0.8357343002014127,2.186654995297471,0.0,0.0,0.0,1.0,0.0,0.0,0.3056102950895597,1.8795280142891062,-0.005811250590371797,-1.358260227482682,-1.1794523755780766,0.1961233393679319
1,5.598090452213001,4.282434684110145,4.282434684110145,3.988921030657511,1.0,0.0,0.0,1.0,0.0,0.0,0.6626735549411513,1.2153602830173993,0.4775708796459588,1.7949265213315173,3.673928883515667,1.455526676394563
0,2.5655254136372196,3.9092577509668365,2.505571949940996,3.9092577509668365,1.0,1.0,1.0,1.0,1.0,0.0,-0.7110681800612053,0.7846075000691057,-0.66130609898267,-1.133947988211891,0.689681375257602,1.1804609693477717
1,1.6893445236657694,0.10836634547128576,0.10836634547128576,1.7605430372163107,0.0,0.0,1.0,0.0,1.0,0.0,0.35947315292876075,0.33935040549092177,1.3550790678359477,2.21294967712815,1.3632439413705149,1.1742269695008039
1,4.912328736211637,0.7115652204422569,0.7115652204422569,3.501275056279189,1.0,1.0,1.0,1.0,1.0,1.0,0.46972280532616023,0.09386540860321137,0.5527351539220614,-0.7137564739829895,0.9467467673271288,-0.449722253087953
0,2.57789279481758,2.8290975180198066,1.0991016170043268,2.8290975180198066,1.0,1.0,0.0,0.0,0.0,1.0,0.07613702470299819,0.9055551279675442,0.6115587428768818,-0.47993398163091083,0.6490864555375816,-0.47081655706981895
1,3.497273449532555,3.4780813269780575,3.4780813269780575,2.7574738153291527,1.0,0.0,1.0,0.0,0.0,0.0,-0.9925448977193587,0.8477689751176092,0.34572857999001944,0.08033515734660243,-0.6961264636567951,1.4721892374156371
0,2.21018430795305,5.2886289016817525,3.5120899188926993,5.2886289016817525,0.0,1.0,0.0,0.0,1.0,1.0,0.10522841148872794,1.1347499617268615,-0.5411883746212707,1.5523997388716992,0.42883131744496555,0.8385940421633431
1,3.715055530082753,2.2168005180983683,2.2168005180983683,3.764200153966897,1.0,0.0,0.0,1.0,1.0,0.0,1.41310941329722,0.48979983796418625,2.363333054471046,0.4969784759360269,0.4344231616209382,0.4046195093426085
0,1.3475792124732315,2.184498798687104,0.3737808861419575,2.184498798687104,1.0,0.0,0.0,1.0,1.0,1.0,-0.5555126859915082,-0.5113689696057399,-0.6923749140264317,-0.6141627774100467,0.9979591224962479,0.35393923705044544
1,3.4126198015063163,1.4418909168352134,1.4418909168352134,3.0581404479258603,1.0,1.0,1.0,1.0,1.0,1.0,-0.2649361375103308,-0.9533466176503751,-0.9668676244232838,-0.8694930450020372,0.3465151358472188,-0.8792515485309066
1,1.316009775297195,1.9176741546632627,1.9176741546632627,0.9328458123864967,1.0,1.0,1.0,0.0,1.0,1.0,-1.2589597961359114,1.0184639138775493,2.298701814750993,0.23619246466610738,-0.859748272333847,-0.8858146056613854
0,1.0243538898613465,1.2262040734893371,-0.7727959197765857,1.2262040734893371,1.0,0.0,1.0,1.0,1.0,1.0,-1.5419913283885014,-0.5031379583054629,-0.7465188484420615,-0.4047563585893391,-1.7154370823483012,-1.8498411406210165
1,2.4514460653734833,2.5160499641550995,2.5160499641550995,3.0552045897463627,1.0,1.0,0.0,1.0,1.0,0.0,1.0526500296317065,-1.000678369461077,0.4400819134062329,0.36244911406502167,-1.5988898564520517,-0.27228215579028736
0,0.9891859981868919,1.4058165065464887,-0.14352670536845397,1.4058165065464887,0.0,0.0,0.0,0.0,0.0,0.0,-0.4900588343883291,-0.6774298905097837,-1.7143289604511887,1.8465214136932138,-1.1241403953412095,-0.7725359135017655
1,1.7185070378387521,3.031254570918084,3.031254570918084,2.6421986588316435,1.0,1.0,0.0,1.0,1.0,1.0,0.48635426515466545,-1.1315032815349753,0.902284608610454,-0.09286567360929238,-0.5605309384415694,0.18751749235634793
0,2.2638515792339806,2.4798612913831994,1.1203515703267573,2.4798612913831994,0.0,1.0,1.0,1.0,1.0,1.0,-0.3076568471990866,-0.7132029380621387,0.23126480589185616,-0.08341573494055099,-0.7871458218498946,-0.6793254248708269
0,-3.70501488222948,-2.521182240546599,-0.9148583406402309,-2.521182240546599,1.0,0.0,0.0,0.0,0.0,1.0,-3.3457804712029287,1.7251139071612063,1.4366892032000185,-1.512543293671665,-0.44532018175187255,-0.35107752466495973
0,2.3766985851849434,2.6327399066936628,0.6400381586239564,2.6327399066936628,0.0,0.0,0.0,0.0,0.0,1.0,0.8164402186875991,-0.3444899787211479,-0.68402668536184,0.37550739282685797,1.2289563970271535,0.7004812171227721
1,4.786415384076334,3.9742049471283742,3.9742049471283742,4.028252336738877,1.0,1.0,0.0,0.0,1.0,1.0,0.09455686290414832,1.072683875311278,0.43353486201935965,0.12444487867455778,0.8448458551396409,1.6039281662641236
1,4.1389551304920404,2.551825290096757,2.551825290096757,3.9944524880019987,1.0,1.0,1.0,0.0,1.0,1.0,0.15844700617565816,0.5402525846330907,0.14886874012858464,-0.982635174638408,2.2599077329755946,-0.16265261540534703
0,4.838106039569078,3.7413003076226334,4.7627442070341655,3.7413003076226334,1.0,0.0,1.0,1.0,0.0,1.0,1.769963166810127,1.6494331362435348,0.688955296360353,0.2706048328733172,0.7441875167436447,1.27596442425224
0,4.206659218654872,8.14161077616652,5.209806550116518,8.14161077616652,1.0,0.0,0.0,1.0,0.0,0.0,0.28414029836985777,1.9139425409784838,-1.327213800684519,-0.32318927936949754,0.12904904501032302,0.9988690913996452
1,6.078159011427913,3.9559504828172782,3.9559504828172782,7.533116446585014,1.0,1.0,1.0,1.0,1.0,1.0,2.0179403128303646,0.7469026369401823,1.1463472389844616,0.3575132336040075,1.3586956959669403,2.2914149625690134
0,-1.4311070063783808,0.31134412015283186,-0.41207154990440836,0.31134412015283186,1.0,1.0,1.0,0.0,1.0,1.0,-1.1758395311335286,-1.7385415713591938,0.04498608690140338,-0.7203773282954642,-1.3281129526726265,-1.3403619472790163
1,5.0375245542181535,2.401018982945755,2.401018982945755,3.263264000772274,0.0,0.0,0.0,0.0,0.0,0.0,3.034665696564258,-1.070708973797863,0.600323077226244,0.3111990315673931,0.16424192108471636,-0.308839450806336
1,2.3579963074491834,2.7206338959401757,2.7206338959401757,3.569690508219443,1.0,1.0,0.0,1.0,1.0,0.0,0.3520164333912092,-0.5436509713497589,0.5020888843915791,2.036692407726595,0.225639028932446,-0.987416552343374
0,-2.4240792569378824,-0.2426851577002761,-2.2906346568392624,-0.2426851577002761,0.0,0.0,0.0,0.0,0.0,1.0,-1.1201635416405793,-0.47338509146962016,0.1937234319087232,-0.12349984409881087,-1.5695106961166316,-1.2514476266731691
1,7.973239802352122,5.092951841391157,5.092951841391157,3.040467922607756,1.0,0.0,0.0,1.0,0.0,0.0,0.760997050199762,-0.07026266278450456,-1.5481192111716993,1.3448496508435404,0.2382536115712739,0.007011982685974194
0,2.196747538003554,4.022535543981485,1.8698286172525744,4.022535543981485,0.0,1.0,1.0,1.0,1.0,0.0,0.07815628263723648,1.1590848211185887,-0.43003853291694955,1.3704949357370488,-0.26088859223911476,0.9907184388131148
1,3.0933027090070286,1.8249100068539985,1.8249100068539985,3.7161417897099494,0.0,0.0,1.0,1.0,1.0,1.0,0.06535161855605635,1.140386062105955,2.487636645230233,-0.7043602342631052,0.2195341254000982,1.144214129184339
0,1.9157501632117668,2.986420507140543,3.7167665375172176,2.986420507140543,1.0,1.0,1.0,1.0,1.0,1.0,-0.562462719048669,1.386361842060963,0.9968116535659667,-0.27554410143799624,1.5818499976025522,-1.900522065254943
0,0.3027221786584473,1.2329659400886184,1.694565823464988,1.2329659400886184,1.0,0.0,0.0,0.0,0.0,1.0,-0.16539056147511758,-0.8505039063737235,1.1499442636813917,0.9848351718218865,0.27461926448982504,-1.9808703214931607
0,2.9963411344461393,6.103563096727068,0.7537583451421017,6.103563096727068,1.0,0.0,0.0,1.0,0.0,1.0,0.988145232879683,0.8180302205239286,-0.638592127200325,-1.7717419267100802,-1.864532485379018,-0.6488025312267526
0,1.492291337376911,2.2940929569835244,-0.5054968856957466,2.2940929569835244,0.0,0.0,1.0,1.0,0.0,0.0,-0.4302527734686396,1.003846339339239,0.7282170253760691,-0.948375214194585,0.46979737248477527,-0.09810445138569068
0,0.33078783279418034,1.617261164245073,2.0229847187685968,1.617261164245073,0.0,1.0,0.0,0.0,0.0,0.0,-1.026428014321458,0.15844600356949762,-1.3406864313271283,0.3525820828421009,-1.8130688530502264,0.44877394827055106
0,7.236676799142248,9.047289147895093,3.3707530057570856,9.047289147895093,1.0,1.0,1.0,0.0,0.0,1.0,1.242493394328702,2.4699387860429542,0.5021755709672618,-0.07121680923005141,0.17973082782691258,-0.8271564663214415
1,0.39407485694588096,-1.2925360002690054,-1.2925360002690054,0.582546086521359,0.0,0.0,0.0,1.0,0.0,1.0,-1.41415105780865,1.0572954020048668,-0.8575245982995318,0.5853004763742264,0.9696860909582936,0.386457322728772
0,0.8722365911821085,3.2459885823771915,0.1497083908710567,3.2459885823771915,1.0,1.0,0.0,0.0,0.0,0.0,-1.289079576361302,0.08596382393733104,-1.5659341742473971,-1.5433221662784289,-2.3280794682921693,-0.3604724452120923
1,2.302071149207885,0.9804977474112453,0.9804977474112453,1.6574641940900654,0.0,1.0,0.0,1.0,1.0,0.0,0.07819053306258586,-0.15289382867261425,0.2954464391543357,0.25450139070126576,-1.023498109892211,0.32938877525615634
0,-1.527024875761247,-1.2742167799130577,1.1871683178369432,-1.2742167799130577,0.0,0.0,0.0,0.0,0.0,0.0,-0.5521201795089505,-0.3979882337481109,-1.268313009096308,-0.11838563387657906,-0.02849001739138113,-1.629222524380429
0,-1.8811561668836752,-1.7472093309196435,-1.7805498268349127,-1.7472093309196435,0.0,1.0,0.0,1.0,0.0,0.0,-1.5762574931932034,0.2355446459684545,1.5279850146534144,-1.4852032524472527,1.2667052338996454,-0.30723969768995885
1,1.4753311012899561,-0.38044278549811056,-0.38044278549811056,0.34708307217484535,0.0,0.0,1.0,1.0,0.0,1.0,-0.9081830210407298,0.7097357971189275,0.3289784196629001,-0.10279786019950625,-0.04461410789544673,1.4747590574107874
0,-0.4971440505633198,0.5565877734025,0.24636693026252707,0.5565877734025,0.0,0.0,1.0,1.0,0.0,0.0,-0.320137209067208,0.3084725595933213,-0.021433257558157393,-2.1171360724098625,-0.3205777120645861,0.8102264763623679
1,4.337632000410101,1.3110641889391634,1.3110641889391634,1.6376239758729356,0.0,1.0,1.0,1.0,1.0,1.0,-0.6467065249942499,0.1229001662659242,0.6935439958239682,0.13452214038013485,0.7885709730555521,1.0926544514832672
1,0.9762224214214992,1.2924628905987454,1.2924628905987454,3.0122692948259373,0.0,1.0,0.0,1.0,0.0,0.0,0.6757524823208857,-0.5517358988408583,-0.5031598413315338,-1.230606107215955,-1.1210283862154469,-0.6679493087395054
1,4.355406584086992,1.2391441460434849,1.2391441460434849,3.8712748426109505,1.0,0.0,1.0,1.0,0.0,1.0,0.1084235944605579,-0.4079610682367628,0.4312919598772276,0.23402528756115049,2.00858001470781,-0.8792999209603782
0,2.6952819043598635,3.500564341519815,-0.11626402270707259,3.500564341519815,1.0,0.0,0.0,1.0,1.0,0.0,0.9585042727537334,0.1705631775188593,1.558818051081575,0.5347821667319421,0.8944617007369239,1.1674435236221115
1,3.321385504358408,1.2102601609698351,1.2102601609698351,3.3323022275300844,0.0,0.0,1.0,0.0,1.0,0.0,1.1852414751878575,0.6212758616700408,-0.2705852225350444,-0.5543404103481758,0.19252210746127374,-1.532858916961496
1,2.8665455269703783,3.289091249091398,3.289091249091398,2.672896571964631,0.0,1.0,0.0,1.0,1.0,0.0,1.5826361146708086,-0.7980532052929262,0.33537803847849035,0.03014490632785438,0.635351908915244,0.4967121229604139
1,2.8813799839034147,2.000580674709691,2.000580674709691,1.4684600666295071,0.0,0.0,0.0,1.0,1.0,1.0,1.0571032034435555,1.1075642372874552,0.6344007881811424,-0.38293037482771686,0.3137365047638079,0.5132874940259636
1,5.673296518610902,3.9159467277968893,3.9159467277968893,6.3044238292201955,1.0,1.0,1.0,1.0,0.0,1.0,0.8819246820436415,0.5142632835516052,-1.712963780891093,-1.4778240487422352,0.5445662195265943,0.34427800304355777
1,-2.246325539362136,-0.9742706147696414,-0.9742706147696414,0.3340569461577859,0.0,1.0,1.0,1.0,0.0,1.0,-1.4364840869655937,-2.5788552244600744,-0.6500075611947704,-0.34739009580297053,-1.4432472556810423,-1.4916615362294054
0,2.2525954911477646,5.1926673974017525,2.1259442845781065,5.1926673974017525,1.0,0.0,1.0,1.0,1.0,1.0,0.6333599705714484,0.887864745035078,0.45703772169708085,1.0654060052177692,0.3520498240799819,0.7012653402844443
0,0.09958654572928793,2.551963431777876,1.3567149273799228,2.551963431777876,1.0,0.0,1.0,0.0,0.0,0.0,-0.10196843631485072,0.06466672150221248,0.14799276209149842,0.17017339692396052,0.36618301433865025,1.482802259258843
1,2.5503191650819175,0.544378999723403,0.544378999723403,1.6689463271184133,1.0,1.0,1.0,0.0,1.0,1.0,-1.7550557625854029,-0.1484967348362954,-0.08599929881838339,-0.8022391083878093,0.7438118078709137,-0.3279419084516893
1,2.99709694548063,0.5313089086630538,0.5313089086630538,2.295302352468065,0.0,0.0,0.0,0.0,1.0,1.0,0.2746000839889062,0.4797343219729089,0.37604456883309834,1.0271272046546278,-0.03310918369533555,0.8436738972518002
0,0.6323401228932143,2.5002427632131536,-0.05287115307064741,2.5002427632131536,0.0,1.0,0.0,0.0,0.0,1.0,-0.7094443162442527,0.16567669164579488,0.8011257805441512,0.27610505653653916,-0.8740650582327001,-0.2699141738780678
1,3.805037491682405,1.5092434968317168,1.5092434968317168,4.448933882208742,1.0,1.0,1.0,1.0,1.0,1.0,0.6608418688994907,-0.9304208084586544,1.6823180891556382,0.6010332842176199,-0.04526837923848476,-1.0523987080337938
1,3.4163905725824493,1.0408637976090385,1.0408637976090385,4.208931006271616,0.0,1.0,0.0,1.0,1.0,1.0,-0.16874498674232524,0.891749798740845,-0.523193871804124,1.6815926950243851,0.31395453285403885,0.8510224431222684
0,2.524498031169573,3.2869549889258716,1.2452955809194919,3.2869549889258716,0.0,1.0,0.0,0.0,0.0,0.0,0.050660570768442686,1.3908125413975463,2.0677079356889743,0.31709654184266933,0.2056584428611573,0.23332820199408566
0,0.8863682186420575,2.1492058029835017,0.16877908286092724,2.1492058029835017,0.0,1.0,1.0,0.0,0.0,1.0,1.239450092754683,-1.2845416581205753,0.7041281516763921,0.34309653815603036,1.6056899127374216,0.29850289041521094
0,2.667556518691349,4.376705225646273,2.726501988421026,4.376705225646273,1.0,1.0,1.0,1.0,0.0,1.0,-0.4474899574803467,0.670650551042177,-0.23640729749164402,0.5057128039065755,-1.0805057913868763,-1.750131635102469
1,4.572547565692152,3.8169147478621417,3.8169147478621417,4.201814695514604,1.0,0.0,1.0,1.0,0.0,1.0,0.541477784305403,-0.043200325540659223,-0.20497440276309042,-0.12642793367767508,1.5330082092851365,0.8500219704050044
1,2.1386494871093684,0.5603018838470726,0.5603018838470726,4.0662834473566605,1.0,1.0,1.0,0.0,1.0,1.0,0.03149586100062591,-2.73004500966827,-2.3877666074246484,-1.5063102169274372,-0.9725024688072403,-1.0109345487031502
0,4.091844057551493,2.966294899334204,-0.1762279685620417,2.966294899334204,1.0,1.0,1.0,0.0,1.0,0.0,-0.8442591843935697,-0.8010995300696035,-1.7629105569366863,-1.9428528985195554,-0.5833483103437074,-1.7483826002488594
1,-0.495759919591281,-1.8808991850555856,-1.8808991850555856,-0.07156309452080156,1.0,0.0,0.0,1.0,0.0,0.0,-1.5718594441254001,-1.3934559818049812,-0.0938775045734106,-0.2600243980491674,-0.4647663161759507,-1.1217742941947544
0,4.346373286200653,8.813549310027016,3.3724127275465294,8.813549310027016,1.0,0.0,1.0,1.0,0.0,1.0,1.5679310745572699,0.17638961110941687,-1.966305523561396,0.19735793124610718,-1.654169830113673,-0.3950260745363193
0,0.447681770050118,0.20079392382535582,-0.21468725899333418,0.20079392382535582,0.0,0.0,0.0,0.0,0.0,1.0,-0.42273416461019075,-1.5803608332382846,-2.404188081760361,-0.5426196623827304,-1.014173544289065,-1.3758027270055049
1,5.686253300320834,2.6269814905514743,2.6269814905514743,5.70763534813994,1.0,0.0,1.0,1.0,1.0,1.0,0.5691622502397128,0.7953521158716665,0.5251771198983303,0.33259663966529124,-0.2944608516234737,0.39727435436508923
1,3.027878124705632,3.419355590516851,3.419355590516851,2.5188102950451694,0.0,1.0,1.0,1.0,1.0,0.0,-0.20538610133765814,0.549347837103166,0.6124706075082412,1.2017750522920527,-1.0042036617856758,0.520291559405944
0,1.2268383795765554,2.3008672020803447,2.2596985371558516,2.3008672020803447,0.0,1.0,1.0,0.0,0.0,0.0,-1.1817901127195034,0.5684714145770854,-0.45187807717057077,0.5165034564893137,1.3277955971396944,0.1256535911287438
1,0.5737684313590738,1.1299915073564664,1.1299915073564664,3.0172368525395084,0.0,1.0,1.0,0.0,0.0,0.0,-0.4645263946735034,0.5023598566873204,-0.1266845532492774,-0.6847954787807171,1.27778375171229,0.7503564124982948
1,0.4113124586138046,0.4302741941576983,0.4302741941576983,1.3322043135991288,0.0,0.0,0.0,0.0,0.0,1.0,0.17781578143738325,0.6276691593854362,0.8678808955179905,-1.2143215067641306,-1.5791632412870995,-0.7391594855522551
0,1.7591422844189675,3.4426286813026916,0.8486956590971618,3.4426286813026916,0.0,1.0,1.0,1.0,1.0,1.0,-0.73665588668386,0.3736211584284057,-0.370389887804167,-0.008928135131937659,0.5338991157718841,-1.0776923342318527
0,1.353975397194289,1.0461769492471,0.9440394433165705,1.0461769492471,0.0,0.0,0.0,0.0,0.0,1.0,-0.37153252134443604,1.468722696762343,-0.48354198977097457,-0.45128383891842755,-0.896305727723496,0.4985206456044307
1,6.093117509987875,2.793150515571389,2.793150515571389,4.384730818315567,1.0,0.0,1.0,1.0,1.0,1.0,1.5780520078875249,0.1583270690545019,1.1803947566335078,0.5210348821642833,0.8502352020659,0.8591805281431635
1,5.973876133146683,4.541809478843835,4.541809478843835,6.306757277393497,1.0,1.0,1.0,1.0,1.0,1.0,-0.07892068759375413,1.8964317899814307,0.2674061149008501,0.09229012235037826,-1.0941206058085169,0.2819606991112429
1,3.140420030851115,4.078848621137308,4.078848621137308,5.408513397766203,1.0,1.0,0.0,1.0,1.0,1.0,0.3407478525941471,-0.6309663047442302,-1.498881688254918,0.9196127250317117,-1.373149190236712,-1.3515525873041787
0,-0.32372960878660706,0.626047683121655,-0.5818118323711416,0.626047683121655,0.0,0.0,0.0,0.0,0.0,0.0,0.025647648494204596,-1.639293913242743,0.38894851031434996,0.7135787496346908,-0.8511662235554875,-0.36444131049973216
1,1.1642920727117803,-0.24861619063825668,-0.24861619063825668,1.0139617630403304,0.0,0.0,0.0,0.0,0.0,0.0,-1.6293779994444897,0.7417798442356573,0.6240047807646203,0.4357460341176224,0.7783401322626475,-0.3894262618361269
1,2.7801344798761516,1.6873033712546592,1.6873033712546592,1.220200036053603,1.0,0.0,0.0,0.0,0.0,1.0,-0.31538225168524653,-0.5342623204420464,-0.3039096748354712,1.2827191359535342,-0.7739886861276797,-0.028870844165178766
1,3.52498846354764,1.2682813823349148,1.2682813823349148,2.548043644916577,1.0,1.0,1.0,0.0,1.0,1.0,-0.09209630812951959,-3.027966655658335,-2.2856145852339784,-0.859771155742361,-0.35312182172260687,-0.6008583883203453
0,-0.18161556437762227,-0.43477665031182944,-2.365287775464469,-0.43477665031182944,0.0,1.0,1.0,1.0,1.0,0.0,-1.5827943134848212,-1.0812873923831643,-0.6284546729040066,-0.9347442759686304,-1.517964693043695,-1.7523121652486688
1,8.755405216722924,4.914900198298459,4.914900198298459,5.249314462601013,0.0,0.0,0.0,0.0,1.0,0.0,2.6647983455810755,0.55319725286028,0.3172909084838763,0.580587659985082,0.46212868804180474,-0.4396397693138445
0,0.7032955047914864,1.806142240154717,2.3925540170494357,1.806142240154717,0.0,1.0,1.0,1.0,0.0,1.0,-2.3121089045219905,0.8388225118270672,-1.2748718952628337,0.6139159097800602,-1.1571323053134543,0.9162074422157218
0,-0.17477331575858912,2.061812638328843,0.903083773173167,2.061812638328843,0.0,0.0,0.0,0.0,0.0,1.0,0.28714054761809843,0.733458200717279,-0.29780398919301304,-0.1560569472063904,0.7042310383306929,0.5068531753369392
1,4.781823592195061,3.223328728584199,3.223328728584199,5.028088851123756,1.0,1.0,1.0,1.0,0.0,1.0,0.3630738304624183,1.6308079754135751,1.651291674010072,0.6041801040425587,-0.16269824127475863,1.7121007865855877
0,2.099751435894637,2.6221825655762907,2.086687088505961,2.6221825655762907,0.0,1.0,1.0,0.0,0.0,1.0,-0.07618853491308346,1.1258658982390943,1.0082913631150023,-0.5107526043411065,-0.3491655096433973,-0.09925917829291275
0,0.03930356369015442,3.279820253973521,2.194920709771722,3.279820253973521,1.0,0.0,1.0,1.0,0.0,1.0,0.7398413454760119,-1.1612466553814462,-0.39819837036959416,0.630842427386431,-0.9876462300868981,-1.329042962183431
0,0.7740039999133088,1.6168037629286194,0.4026548562482205,1.6168037629286194,0.0,0.0,0.0,0.0,0.0,0.0,1.106985022873288,-0.23366148369441697,1.0274414221436956,-0.15154617838344447,1.9512547530220186,0.6075522296020521
0,-1.5448176579054036,-0.5563108194436275,-3.1751799638088904,-0.5563108194436275,0.0,0.0,0.0,0.0,1.0,0.0,-0.8511810088891221,-1.658854538900131,-1.6255359610981581,-2.123908961058177,-0.11101765099981031,0.10771005820369572
1,6.16815736200591,2.895649800761811,2.895649800761811,4.229442285206347,1.0,0.0,0.0,1.0,0.0,1.0,0.5904711279993698,1.4232186844864754,2.064999133597058,1.5681160972324257,2.108196855460851,0.7768448313275014
0,1.4512138335699252,2.2240390167747486,0.6924555156911699,2.2240390167747486,1.0,1.0,0.0,1.0,0.0,0.0,-0.6351707881962614,-0.412027019402999,1.0180972798473165,-0.502185869725273,-0.12965236953782694,-1.5189872621336502
1,1.868142638757819,0.7646900840744797,0.7646900840744797,1.1975788515118473,0.0,1.0,0.0,0.0,1.0,1.0,0.5641819949107617,-0.07123486261973129,1.7596848239024077,-1.4689913244553547,0.30373643811546625,-1.3519875412878823
0,-0.22480197864425988,5.520399497428976,2.2871698042244772,5.520399497428976,0.0,0.0,1.0,1.0,0.0,1.0,0.5037178467944148,0.7941790751903315,0.05169829003483922,0.8322279581430008,-0.05555055129356472,-0.8681032796566802
0,1.4728968831939584,1.170146458955947,0.28072860678412376,1.170146458955947,0.0,1.0,1.0,0.0,1.0,0.0,-0.9850010500934911,0.5033290004403955,-0.459454601398518,-0.7400044268377813,-2.036268920772568,-0.623968446043249
0,0.4618703172889069,0.1056822675247111,0.7503589707349387,0.1056822675247111,0.0,0.0,1.0,0.0,1.0,1.0,-0.9924956945316759,0.3712938138161221,0.19223069398913528,-0.32065500743537984,0.9223690544082014,-0.9763435188525001
0,3.5814556563260087,8.409445119523886,3.3913597768135806,8.409445119523886,1.0,1.0,1.0,0.0,1.0,0.0,0.23285371636694338,1.8824114447486722,2.2859838800358427,0.7693883579211798,0.48852647904030955,0.875639897741473
1,-1.7174893675182137,-1.7415275809942008,-1.7415275809942008,0.4263591363416072,0.0,1.0,0.0,0.0,0.0,0.0,-0.9099376542477368,-1.2859668256523027,-1.2807042427676258,-1.8030756909450902,-1.4245494310773585,-1.1858490356556408
0,0.5489791071749336,3.538839095332304,1.145099634316273,3.538839095332304,0.0,1.0,1.0,0.0,0.0,1.0,-0.0569769737614415,0.7159457298565897,0.15159963792122977,-1.9994737660251316,1.489679361123406,-0.16690726382528387
0,0.4301296063436386,4.565639835080562,-0.14901665659727703,4.565639835080562,1.0,1.0,1.0,0.0,0.0,0.0,0.30459196665506394,-1.7339183999962198,-1.3952842851792697,-0.04705292823552923,-2.024667656260889,-1.2695546159158766
1,0.08053398358068131,0.45006879593966775,0.45006879593966775,2.7185534523855206,1.0,0.0,0.0,1.0,0.0,0.0,-0.2176210981314382,0.1910614972032495,0.13240041790917106,-1.2673770150519452,0.701361977782849,-0.33300454776338184
1,2.903363336924262,2.4104587155663584,2.4104587155663584,3.441932539691531,0.0,0.0,1.0,1.0,0.0,1.0,1.245954087259147,0.40970021669287277,1.2669162667109948,-0.026569109019669315,0.47835436053872576,1.148767063572128
0,-0.2815679066815533,0.4151282335621085,0.8560372369004565,0.4151282335621085,0.0,1.0,1.0,1.0,0.0,0.0,-0.12584781088419125,-0.9793022505049136,-0.17047014360473128,0.04851879587202618,-0.5134526814901262,-0.28627020457015495
1,2.5460338022671607,0.5378512748560985,0.5378512748560985,0.28825726955966086,0.0,0.0,0.0,0.0,0.0,0.0,0.4048416375291962,-0.2562520901735002,1.2798176686032656,-2.1508449999115227,0.09264142840070944,1.165566598994189
1,1.2209076958099587,0.11804902415555069,0.11804902415555069,0.06481833139762916,0.0,1.0,0.0,0.0,0.0,1.0,-0.9073806022386206,0.43310651935492395,0.30117366276433777,0.22569921373169816,1.9599627748836226,-0.26499856624708196
1,2.5943128573943848,0.8895070807373447,0.8895070807373447,1.1261968651158902,1.0,1.0,1.0,0.0,0.0,0.0,-0.707557512750961,-0.19799364294651822,1.5434667655357273,-0.7049787612851826,0.5094055474381269,-1.2445899849773723
1,0.2846329772235252,1.3265069744870055,1.3265069744870055,1.1281145453534625,0.0,1.0,0.0,0.0,1.0,1.0,-0.16048973855986787,0.5926889127594298,0.46192269913683215,-1.7188924447768883,0.5689340343212603,-0.2519864237135735
1,5.009672286004377,6.06340423212931,6.06340423212931,5.897232057857971,1.0,0.0,1.0,0.0,0.0,0.0,1.7345169400284948,0.9348381442688406,1.3716084153326469,0.5368451371521217,1.1763316731705207,1.8159658450246172
1,3.833624369743115,2.190911309423755,2.190911309423755,4.070852741047035,0.0,0.0,1.0,1.0,1.0,0.0,0.5482578677264712,1.348383132256058,0.8178239275554221,0.7960954641459386,-0.6587346419983875,-0.3107720811429375
1,-0.16677894512315272,-1.7319118449044248,-1.7319118449044248,1.2225208942497043,0.0,0.0,1.0,1.0,0.0,1.0,-0.6761826704525898,-1.58649903978286,-1.14096793423336,0.36332525705856394,-0.70345741516911,-0.01848208098577364
1,-0.33954023344406475,-0.08027485132888756,-0.08027485132888756,0.3699570241097667,0.0,1.0,0.0,0.0,1.0,0.0,-0.9420792073070258,-0.4580043783268769,0.3165362715344845,-0.3606146240320955,-1.7060268168467743,-0.7833211256761741
0,0.19300907944382792,0.864873785067111,2.2766873416558235,0.864873785067111,0.0,0.0,0.0,1.0,1.0,1.0,0.2464559814524924,1.0527285666025332,1.7137820101211911,-0.3362181553407192,1.0024924589258353,-0.6271455409615577
1,2.581890783875615,1.1232953753927801,1.1232953753927801,2.55479527996883,0.0,1.0,1.0,1.0,1.0,0.0,0.15695241507094368,-1.0561238111828848,-1.8920634635747904,-0.6131541285853725,-1.1043391955329172,0.026739322953428957
1,6.646074536889621,3.802458633976922,3.802458633976922,5.71135212510876,0.0,1.0,0.0,1.0,1.0,1.0,1.295942143650569,0.841925739426429,0.4743753672474983,0.05237584309197876,1.17599086653902,0.8221275527630953
1,4.158796016923121,3.273222957656431,3.273222957656431,4.848426408786011,0.0,0.0,0.0,0.0,1.0,0.0,0.4801309892335888,1.2247899047511512,0.5736125341393247,1.21917573492686,2.5094210852579804,2.1830428432350932
0,1.0818906108641395,0.7432196819571499,1.6194455918929898,0.7432196819571499,0.0,0.0,0.0,1.0,0.0,1.0,-0.29131830454432084,1.1282192062212792,0.13150234483746492,-0.8148166553608025,0.2160746793156303,1.621396107319299
0,0.2984155284204308,-1.1926358274378026,-0.11568072345106176,-1.1926358274378026,0.0,0.0,1.0,0.0,1.0,1.0,-0.9826703036643539,0.28710787208653626,-0.15713495929432872,-0.5918334258348631,0.9520725137300164,-1.4309992899902733
1,1.2807110290614787,-0.9629034128017605,-0.9629034128017605,-0.05880473148034604,0.0,0.0,0.0,0.0,0.0,1.0,-0.24968092782433424,0.24673884705181454,-0.005047998488491856,-0.43638146744301737,-0.9170025425781886,-0.5256138644906703
1,0.7856889577683644,-0.0664977373154811,-0.0664977373154811,1.9137835236754803,0.0,0.0,0.0,0.0,0.0,0.0,0.16815886947156103,-0.2267829051982051,-0.24230100475444366,-0.0484167919939468,-0.47928346829811647,-0.3830981570514804
1,3.858329066205371,3.1731887655769424,3.1731887655769424,5.393959467867251,0.0,1.0,1.0,1.0,0.0,1.0,0.4290434342246563,0.6240054721271755,-1.3293236297979227,-1.0862904783068168,0.3277681154762417,-0.44013728977032024
1,3.563999845269423,2.684419061605685,2.684419061605685,2.472471905349974,0.0,0.0,1.0,0.0,1.0,0.0,0.40566765499917,1.0078507515675237,0.5511545960709938,0.21413268348497472,1.7413274011527704,0.26816292669368513
1,3.100566560769928,1.2972310142009313,1.2972310142009313,2.2510719655927938,0.0,0.0,0.0,0.0,0.0,1.0,-0.10283709400903865,1.1036691954516118,-0.281896774868858,-0.5377276061556476,0.8631536207120409,0.8405279523837783
0,0.16358761891980445,1.9230620681405317,-1.3425585360571564,1.9230620681405317,0.0,0.0,0.0,0.0,0.0,0.0,-0.9703596122156946,-0.4629011310817593,-1.4822501376924149,-0.5806902333894317,-1.427796555011618,-0.576354947046166
0,-1.401184185380679,0.33677052769496496,-0.6054060535424991,0.33677052769496496,0.0,0.0,0.0,1.0,1.0,0.0,-0.6623899830792647,-0.759521884425948,0.18611869578669665,0.30570438172383996,-0.4495964402086852,-0.30588177093974567
1,2.3758009877715507,0.9736429912131229,0.9736429912131229,3.0294605783365327,1.0,1.0,0.0,0.0,1.0,1.0,-1.3213991816300181,-1.7479578879538624,-2.131281942774492,-0.012201268355885465,0.17123387308959193,-2.197257034075358
1,4.095988049351912,3.4216668793293437,3.4216668793293437,5.289299282474678,1.0,1.0,1.0,1.0,0.0,0.0,0.09184936926206808,-0.08015091384474206,-0.79473762419658,0.9403117889650904,0.5925433136504514,-1.55485619280342
0,2.2443452680485403,3.253675854163952,1.3742876040749712,3.253675854163952,1.0,1.0,1.0,1.0,1.0,0.0,0.4871769317267963,-1.0076908903586215,0.2382497918439827,0.04663903333858141,0.18993965613752706,1.6948714935007638
1,0.4805370069407239,-0.5398260951540672,-0.5398260951540672,0.7640789649978431,1.0,1.0,0.0,1.0,1.0,0.0,-1.37921044732718,-0.780974038013756,0.7616040414560574,-0.3000129767526225,0.7146020513843343,0.8114415739586236
0,0.0030697912459106413,1.1812889311020385,1.1325357065646109,1.1812889311020385,0.0,0.0,0.0,1.0,1.0,1.0,0.13364298736446104,-0.6348304223889865,-0.8223479128263352,-0.258813649052237,0.6183610960960801,-0.8303711326029026
1,8.114817160462538,3.1581845007655263,3.1581845007655263,6.8776204789341975,1.0,0.0,1.0,1.0,1.0,0.0,2.719387463861949,0.8486743369842726,1.860179042157116,0.5964734722060865,1.3924919061201062,0.9346708108169319
0,1.6776526478754805,3.906319947540824,-0.5079465218549148,3.906319947540824,1.0,1.0,1.0,0.0,1.0,0.0,-0.44952951506502503,-0.2685795051916495,0.137025153139948,0.003824774672130146,-0.2115292900174344,-0.5232163384416559
1,4.340422457364514,3.7008773928471985,3.7008773928471985,4.613824711087604,1.0,0.0,0.0,1.0,0.0,0.0,1.00913254317127,-0.28205997339244604,0.43462036482818167,1.5675035556878698,-0.7625944124994652,1.657856690044255
0,0.987812504781366,1.021457463130004,2.946445539061204,1.021457463130004,0.0,1.0,1.0,1.0,1.0,0.0,-0.06328330270998975,1.2982706665870223,0.7612383774493459,0.8280682687231125,0.5090172939037578,0.7624254024632372
1,2.330737836418488,2.045511561594809,2.045511561594809,1.3271414709584917,0.0,1.0,1.0,1.0,1.0,1.0,0.7049383694953092,-0.38561855511119625,1.0425912760135936,-0.046303597615167724,1.0726665789635437,-0.7467738367082086
1,3.6987466324062126,1.2421601252608825,1.2421601252608825,1.7526806211748984,1.0,1.0,0.0,1.0,0.0,1.0,0.4510626226110153,-0.022721072556315725,0.9078266133301303,0.9856228361748275,0.3756722809417313,0.7093820255052455
0,0.3683164735348564,3.6346550107918083,1.9349880224447995,3.6346550107918083,1.0,1.0,0.0,1.0,0.0,0.0,0.14765427143841786,-1.7750694610192654,-1.7852902737906895,-0.02683684553063001,-2.182847243734142,-1.205601281343573
1,4.9693473990271615,3.5539204413827856,3.5539204413827856,5.1881696367913595,1.0,1.0,1.0,1.0,0.0,1.0,-0.32992634195483334,0.8158392140789792,0.28625937929714845,1.6523969531418383,0.513813210841529,1.2744500890992714
0,1.261091563447075,3.17581024266886,0.10594627582633209,3.17581024266886,0.0,0.0,0.0,0.0,0.0,0.0,0.6653677975266832,0.7397900795272563,-0.11581062179331109,0.682004196408263,0.8546422412210766,1.0637899823124872
1,1.8615212316229228,2.191101570158182,2.191101570158182,0.8225971086647244,0.0,1.0,0.0,0.0,0.0,0.0,-0.04076785413760931,-0.5139161868938679,-0.9725016156605811,0.19069543637462194,-1.8714471328829498,0.7800529260330772
0,-0.35357847137153525,0.9899151258856393,-0.3163981575717408,0.9899151258856393,0.0,0.0,1.0,0.0,1.0,0.0,-1.6681102106202776,0.6156979254327432,-1.2550472510201631,-1.0348495785112024,-1.2749003489569368,-0.863854099717673
0,0.5024875317858974,2.9786908027209336,1.062157923529273,2.9786908027209336,0.0,0.0,1.0,1.0,1.0,1.0,0.3099969027350719,0.23050569769127993,-0.5194654633660203,-0.4131519861514159,0.25034142551671895,0.9127393791398597
1,3.2479542455270414,1.6299929696905944,1.6299929696905944,2.391506960805073,1.0,1.0,0.0,0.0,0.0,0.0,-0.28243141072833833,0.37452575533424326,0.5561239770936315,1.0119429346408242,0.3656066539328763,1.608899561225459
0,-1.0618529745843042,-1.8740548804340373,-3.154449162777514,-1.8740548804340373,0.0,0.0,0.0,0.0,1.0,0.0,-0.41904353357877266,-0.8787970298718182,-0.5408478328128732,-0.9643522060701435,-0.36142047060762744,-0.5265288424192652
0,-0.3888031015839777,0.27643721419370965,-0.9797659331093397,0.27643721419370965,0.0,0.0,0.0,1.0,0.0,0.0,-0.02297243244671409,-1.668326550802975,0.5081997447063915,0.32466280223777183,-1.0380032768817762,-0.6870937535195893
0,4.678642908676027,8.149025779259555,4.683780943126012,8.149025779259555,1.0,1.0,0.0,1.0,1.0,1.0,0.8767561681600046,1.234677943486147,-0.9653493519458102,0.13009542683115244,-0.6669118993251191,0.9051637355203048
0,-1.9081791809824966,1.3962809784145573,-1.4403241333981638,1.3962809784145573,0.0,0.0,0.0,0.0,0.0,0.0,-0.43285615643215025,-0.18960172771258849,0.9299930975042192,-0.30785391830266096,-0.4623303207355924,-0.7265088268297606
0,1.760838473188584,2.6169071397292027,2.640318921396404,2.6169071397292027,0.0,1.0,0.0,0.0,1.0,1.0,-0.45436256754836474,0.7857792283209795,-0.44487157279734774,0.048740008420275316,-0.7624816394380971,1.209540923192076
0,1.8058644862973967,1.003514585651581,-1.2855434220202095,1.003514585651581,1.0,1.0,1.0,0.0,0.0,0.0,-1.1021872733311162,-1.2934158660698958,-1.2801880778404462,-2.351088649770002,-0.4663948954976246,0.5888451090401188
1,2.1620264449260196,-0.14915935826984894,-0.14915935826984894,2.132162631825586,0.0,1.0,1.0,1.0,1.0,1.0,-0.5106976879631187,0.19315639984129504,1.0603579232215,-0.5577183188363785,-0.9948774453583352,0.8845985998168243
1,4.298333451358723,1.5294209547646447,1.5294209547646447,3.2983826561140615,1.0,1.0,1.0,1.0,1.0,1.0,-0.6127708108572631,0.3329447148994665,-1.1462497912125929,-1.246744463429324,1.0034124054260416,-1.2949818582172807
0,2.684875430353816,2.2258697352560115,1.6804902750999415,2.2258697352560115,0.0,0.0,1.0,1.0,0.0,1.0,0.3918003325124853,0.8119457082089669,-0.7452105452259432,-0.5735538975760763,-0.22936612316664334,1.129073309604392
1,7.368069302081888,3.9589933526149865,3.9589933526149865,3.784148429031263,1.0,0.0,1.0,1.0,1.0,0.0,0.3283242290601699,1.9983331296175937,1.3349634704224058,1.8633950658403842,2.6970601837204766,1.541122396131985
0,2.068409467120233,2.223692469160757,1.4227961969139278,2.223692469160757,0.0,1.0,1.0,1.0,0.0,0.0,-0.6654119491618131,0.7820321817564426,0.7593120250734711,0.2013909308589727,-1.1133758664196454,0.7893149597530013
1,5.333385187238934,3.105453305615424,3.105453305615424,4.136757456983902,1.0,1.0,1.0,1.0,1.0,1.0,0.1949504262846691,0.4442152377806622,-0.7901605695660254,-0.035231137522979905,-0.6324952600970916,0.6355340586866597
1,4.850369102331324,1.2032178393636952,1.2032178393636952,3.878157262269743,1.0,1.0,1.0,1.0,1.0,1.0,-0.01465625549764526,-0.16702216598084701,0.49556673176678834,-0.2060458470333179,0.6673285377946093,-0.7286021373144933
0,1.4662553803288636,2.0440726924733816,4.233913426363369,2.0440726924733816,1.0,1.0,0.0,1.0,1.0,1.0,0.14418257879324065,0.953542271806004,0.19230916416565969,-0.7877614548694715,-0.31065994030943056,-0.3195113383813123
1,0.9931467356222741,3.2573188916112263,3.2573188916112263,2.665238660546242,0.0,1.0,1.0,0.0,1.0,1.0,0.7159744251138019,-1.8217867601570688,-0.2761766396763365,0.08418939948917722,0.7461194584383732,-1.010292533678099
1,2.8050983405409218,1.6903554651456405,1.6903554651456405,0.21687852592546353,0.0,1.0,0.0,0.0,1.0,0.0,0.07064618121485872,0.8067336917751128,-0.05375971599174195,-0.3926911140278021,0.8266478009420665,-0.5087705656633895
0,0.42106599406299206,2.6585446377792303,-0.40439508260841345,2.6585446377792303,0.0,0.0,0.0,0.0,0.0,0.0,-0.005981811993509812,0.8359502938938788,2.086198707577194,1.836723476977766,1.069833967198253,0.9338221908287812
1,1.1027845315245721,2.054271129481406,2.054271129481406,2.168585819172914,0.0,0.0,0.0,1.0,1.0,0.0,0.414454872901532,0.024299864092985894,-0.060391689915415186,-0.36254995545439167,0.6560473768553723,-0.27641702179670546
1,4.265642567350609,0.18883802677461192,0.18883802677461192,3.161125126098312,0.0,0.0,0.0,1.0,0.0,0.0,1.2836792373965007,0.8668851358841345,0.6464768480721204,-0.8122155252452159,0.3150027453670732,1.1726324259023313
1,4.650136911968096,3.5611392376109943,3.5611392376109943,7.075720358501411,1.0,1.0,0.0,0.0,0.0,1.0,0.774798353660885,2.1976680635709673,0.9801464009718842,-0.8563669836584151,0.6329175886954594,2.4583911814010513
1,1.2855415531002738,0.0329469094289232,0.0329469094289232,0.8422395464945254,0.0,0.0,1.0,1.0,1.0,0.0,0.5796986012158923,-0.5504555318368565,1.15846900891216,1.1590171126351168,-0.05961081556289882,1.8402529656331574
0,-1.0597749340417537,0.6424292125043736,-1.7343549396146274,0.6424292125043736,1.0,1.0,0.0,1.0,1.0,0.0,-0.9880819613023302,-1.1703136762039525,-0.2824671011305054,-2.325414919023029,-1.4592321831140782,0.8978457069302201
0,1.0591633777796472,5.159397538729443,2.415440929957337,5.159397538729443,1.0,1.0,1.0,1.0,1.0,1.0,0.47901181485276717,-0.8959444850257036,-0.9626845217532753,0.26617223270876617,-1.5514642009405226,-0.03548218185390717
1,2.687227339490328,-0.6243522605061074,-0.6243522605061074,-1.9017929168703658,0.0,0.0,0.0,1.0,0.0,0.0,0.5546616631913681,-0.05281469671796246,1.7467605840263563,1.22407360091948,1.0049141962803911,0.4134588120019287
1,0.4411750661966334,0.7454550189200323,0.7454550189200323,1.3531519751824326,0.0,0.0,0.0,0.0,0.0,0.0,0.10641663072843328,0.4421059647245228,-0.9963491751304862,-0.06798718628978137,-0.9588538899732175,-1.3649236302207575
1,-1.0959607274548078,-1.2990780723381343,-1.2990780723381343,-0.530264800283496,0.0,0.0,0.0,0.0,1.0,1.0,-0.17790349542062253,-0.8366951868681285,-0.6483457724628124,-2.582401772821098,-1.1642475770508898,-0.5252898971932558
0,1.2700910375756473,0.983252948157866,-0.2592204437514659,0.983252948157866,0.0,1.0,0.0,1.0,0.0,1.0,-0.07274584571073729,0.6851707139173336,1.322659821304132,-1.0199209188887295,-0.9166713494468713,-0.053826554865554405
1,4.554564184249177,2.043576968558458,2.043576968558458,5.365620667047851,0.0,0.0,1.0,1.0,0.0,1.0,1.8773848286032764,0.2581195548245725,1.9117501698609383,1.1259526902237575,1.6497981776305832,1.6664914098709591
1,2.021078639281626,1.0837866235076477,1.0837866235076477,2.005352210843488,1.0,1.0,1.0,1.0,1.0,1.0,0.5636670608748854,-1.1644293117286435,1.0272610084488685,-0.40329938708977653,-1.705534837282422,-0.5289277000125355
1,4.291768503637249,3.2820516966030464,3.2820516966030464,2.988120050931383,1.0,1.0,1.0,0.0,1.0,1.0,-0.30503373766571046,0.07690519451336825,-0.19512649608608246,1.0897919050350453,-0.49157581147989005,-1.1203502608366254
1,3.6685240465847313,1.8968312126150786,1.8968312126150786,1.462870541618061,0.0,0.0,1.0,0.0,1.0,0.0,0.5844954386140492,0.9523066513552041,-0.024690871434396355,0.13139238330346203,0.4662608585414433,0.2566327177333816
1,3.618134374646491,0.8130119417819125,0.8130119417819125,2.795385463808169,0.0,1.0,0.0,0.0,1.0,0.0,-0.1171446373474677,-0.9199852046309334,0.8175947326156705,0.9297822776780703,0.759656458821335,0.19175048962887845
0,-0.5789862788290229,-0.6475655909936842,-0.3971137113426717,-0.6475655909936842,0.0,0.0,0.0,0.0,1.0,0.0,-0.6504979847478877,-0.20631606324530868,-0.2809315557237315,-1.2088107076358758,-0.44266416387514484,0.238349890790236
0,1.4435414167365956,2.6224804384571594,2.1563139347058695,2.6224804384571594,1.0,1.0,1.0,1.0,1.0,0.0,-0.6154827254026279,0.31015347142673233,0.2978559835083675,-1.2212728037329332,-0.6961120964947751,0.713302857373887
0,-0.8236512594793299,0.3536628980830633,1.4206966679860662,0.3536628980830633,0.0,1.0,0.0,1.0,1.0,1.0,-1.3909157518996922,0.5576313487554045,-0.6395687147880369,-1.2930471889157324,0.12132039723661354,0.045739126156264256
1,3.312341041640559,1.1460789169101637,1.1460789169101637,4.692820237026455,1.0,0.0,0.0,1.0,1.0,0.0,0.3061213892909881,-0.016307116534397148,-1.4771152656227837,0.20256280296684553,-0.06195117273113632,-0.009215697946608925
1,-0.4092500737946425,-0.9492946562787294,-0.9492946562787294,0.7638824251896403,1.0,1.0,0.0,1.0,1.0,1.0,-1.4973707909802723,-0.8389714359920277,-0.2307635715857777,-1.4529980662035733,0.1858287752536646,-0.4453606706863051
1,3.1537931104320673,2.5295800372575137,2.5295800372575137,4.430578510077233,0.0,1.0,0.0,1.0,0.0,0.0,-0.06932255390091385,-0.2031458125564991,0.030771368360133725,0.2978061216512649,-0.04137746075223024,0.35377543329959915
1,6.636612174587299,4.309183448878711,4.309183448878711,7.072578147974603,1.0,1.0,1.0,1.0,0.0,0.0,0.3856961466207696,1.539941801475847,0.06642349754051224,0.8791352377459927,0.9216421731431064,2.8269665224834943
1,2.1416382013876563,-2.2658798296430462,-2.2658798296430462,1.1111456482438453,0.0,0.0,0.0,0.0,1.0,0.0,0.7752446512886403,-0.37448565146152096,-0.28389080547214296,0.283330665285767,-0.4919722351319005,-2.3019956083153947
1,8.03540176142901,3.9509985420951814,3.9509985420951814,5.959797423924177,1.0,1.0,1.0,1.0,0.0,1.0,1.230935150263566,1.3376859736817663,2.295213179423199,0.5502510039168687,2.3915390541532915,1.8282542394412251
1,0.34167195347180535,1.1204285058706858,1.1204285058706858,2.3073771432624612,1.0,0.0,0.0,1.0,1.0,1.0,0.912392576451399,-0.5899728040833867,1.9695185167478666,0.4456811679633106,1.8920941048275937,-0.28849824968841187
1,4.492229009702729,-1.2575926381376088,-1.2575926381376088,1.7115183203725168,1.0,0.0,1.0,0.0,0.0,0.0,0.4653028016725984,0.33939535792364217,2.4227386501853587,0.5952072060491854,0.5837026424341765,1.2142286289574498
1,3.5436947544703594,3.2412134545018985,3.2412134545018985,3.5281620501786115,1.0,1.0,1.0,1.0,1.0,1.0,-0.5600839718892198,-0.6212211590799933,-1.3610351538039112,-0.28248157655920786,-0.6794358995094246,-1.168635002701072
1,0.46931304142168334,-2.15261153209753,-2.15261153209753,0.8177327759901561,0.0,0.0,0.0,1.0,0.0,0.0,-0.9815174996347208,-1.6757877002814352,-1.2408773237294555,0.6733547369360872,-0.3128736562967787,-0.0988640710991836
0,1.413066697607527,3.2236380257443944,2.5700330345432936,3.2236380257443944,0.0,0.0,0.0,1.0,0.0,0.0,1.1939036332310204,1.1453768899702788,1.026574750654435,1.137725291163084,0.7854334523663502,1.5586402111273927
1,-0.8169079441553055,-1.2774921547215456,-1.2774921547215456,-0.8691636019908987,0.0,1.0,1.0,1.0,0.0,1.0,-1.4000601066056142,-1.6138493478012854,-0.8791785281670301,-0.9992673291888816,1.1555897191221571,-0.8217382721238438
0,1.411089360844101,3.5806219757860687,-0.36610794817292824,3.5806219757860687,1.0,1.0,0.0,0.0,0.0,0.0,-0.7336364246491478,-0.5079113353100295,-0.9040466414745587,-0.5878683651016141,0.5072582399189987,-0.8022458908801293
1,1.0665737177737844,-2.9970846911830296,-2.9970846911830296,-2.74450723917885,0.0,0.0,1.0,1.0,0.0,1.0,-0.8635088447108983,-0.8659859018637803,1.6096330623662958,-0.5353114580844806,0.5763158901691909,-1.406257634426423
1,2.278738503836915,-0.7094130272651593,-0.7094130272651593,-0.7923931854552875,0.0,1.0,0.0,0.0,0.0,0.0,-0.35752559889774455,-0.5754029488671946,0.09787171277514745,0.28570443025132936,1.3985646077632687,0.836072921121699
1,1.7478077963346714,0.02253151075244353,0.02253151075244353,-0.6706170687312516,0.0,1.0,0.0,1.0,0.0,0.0,-1.320264365502515,-2.0685643061295864,-3.0922293248520334,-0.6418705693343145,-2.6831587631326252,-0.9157775417183773
1,5.0785956409079205,3.535784546995496,3.535784546995496,3.730164194045044,0.0,1.0,0.0,0.0,0.0,0.0,1.9673528522267927,0.8333012601639238,-0.15672042264218863,0.28989664990150554,1.4794860188699532,-0.7993616680103203
0,0.5872810038220843,2.260469251817794,0.6656197118559658,2.260469251817794,1.0,0.0,1.0,1.0,0.0,0.0,-1.4629348706867178,0.09081520924284547,-2.628158488045793,-0.7752489518025885,-1.1196420304475694,0.10284470328488138
1,2.114664060541376,0.6827818312480491,0.6827818312480491,2.5347645116707955,0.0,0.0,0.0,0.0,0.0,0.0,1.1474899314834346,0.396958998026017,-0.1055707656327212,0.36863178370075106,0.10012808734637077,-0.2631764090898835
1,5.1663619538925065,4.7256815917004475,4.7256815917004475,5.434948633565354,1.0,1.0,0.0,1.0,1.0,1.0,0.8715066611673357,1.0042661201226553,0.662079495712633,0.2870238425113783,1.7124036166783787,-1.2711994207009238
1,-0.14884779091948208,2.5533506289244743,2.5533506289244743,3.0568688192258167,0.0,1.0,1.0,1.0,0.0,1.0,-1.2097731215113916,0.8936564775374862,0.019102462710121365,0.6086302957073862,-0.39384841687463934,0.004303502657484942
0,-2.1202585786761743,-0.6536466096398815,-0.21059533707789146,-0.6536466096398815,0.0,0.0,1.0,1.0,1.0,1.0,-1.1614068275048626,-2.025034493491847,-2.0411803647024724,-0.7743184419876571,-0.36106297290612877,-1.2011645743819752
1,1.608030860053262,1.33250782271675,1.33250782271675,2.9434734278587458,0.0,0.0,1.0,1.0,0.0,1.0,0.48815784540968066,0.20978860193331372,0.19572988536190952,-0.7700620802737975,0.16865950740648944,-1.9237578421412909
1,2.746096336509683,1.5949058523382287,1.5949058523382287,4.432777310107727,0.0,0.0,1.0,1.0,0.0,0.0,0.9332408312415664,-0.5506788094438045,-1.3711553409360975,-1.240902576370701,-1.1036224417806424,0.11791716752774895
0,-0.9665507523124772,-0.49372064706783336,-2.3142386800356705,-0.49372064706783336,0.0,0.0,0.0,0.0,0.0,0.0,-0.9134384548770843,-0.7169436179570285,-1.2805309427491434,-0.7425479934657636,0.6479734683544227,-1.1700741623418318
0,1.774312355746361,3.05258334519812,1.166042360409693,3.05258334519812,0.0,1.0,0.0,0.0,0.0,0.0,0.3733145363576918,-0.53717025014694,-0.6530017045442178,0.4846425007809827,1.3046158263361285,0.8240995717574242
0,2.2233861832581914,3.732431321794723,1.5544513523547145,3.732431321794723,0.0,0.0,0.0,1.0,0.0,0.0,1.10513054429564,1.169499274604073,0.8563325043946699,1.5066017466451278,-0.15524857537239856,1.1161522182911146
0,-1.2872180008582714,1.5917969892800838,-2.531287023500224,1.5917969892800838,0.0,0.0,1.0,0.0,0.0,0.0,-0.5214505648830526,-1.2201938090979167,-1.2816370093760487,-0.5668861892002698,-1.4524163498814464,-0.4210039411740858
1,-1.0805092319071221,1.1209609669219656,1.1209609669219656,-0.6886397762178746,1.0,1.0,1.0,0.0,1.0,1.0,-1.6119901333973066,-0.9142497778567996,-0.6561030737745175,-0.7232636873441916,-0.7542989198520219,-0.7291879407431543
0,0.010212497008849963,-0.06883663827078168,-0.11030884098163196,-0.06883663827078168,1.0,1.0,0.0,1.0,0.0,1.0,-0.6489009505121442,-0.6191617942180604,-0.5788288573826196,-0.9091935064460203,-1.231069084408493,-1.4224747127427344
0,-2.6567747183929793,-1.3223417129006878,-0.488382173270667,-1.3223417129006878,0.0,0.0,0.0,0.0,0.0,1.0,-1.162519852636895,-0.4877553209817831,0.0580682508625973,-0.3705918055717838,-0.4823227387568514,0.08554962118582737
1,5.8824655467969995,4.467494596565357,4.467494596565357,4.527473989458625,0.0,1.0,1.0,0.0,1.0,1.0,1.0933936424368906,1.8165552270050784,1.824262164122775,0.9657289318723263,0.8931227439826994,1.7776312483226424
1,2.307061129278507,1.1899155818966327,1.1899155818966327,0.8810646231549278,0.0,0.0,0.0,1.0,1.0,1.0,-0.07068585307222774,-0.03088440575018625,-2.253435079428886,-1.6289672736217526,-0.8479110639127518,-0.6830658537631412
1,4.975624165366413,2.825473606239599,2.825473606239599,3.8175265158593334,1.0,1.0,1.0,0.0,1.0,0.0,-0.9415540017322137,1.438013606640013,0.5671302049855269,-0.5010666817461943,0.1259125244437287,0.5628313183608472
0,1.1376571472596944,1.9025845607562897,-0.23460947094183332,1.9025845607562897,0.0,1.0,0.0,0.0,1.0,0.0,-1.1962781549206591,0.9439289632607133,1.0185258144326514,1.4395035730878487,0.64635229874955,-0.5672999892627656
0,1.431638778028519,2.2544318720174084,3.4230146647716717,2.2544318720174084,1.0,0.0,1.0,0.0,0.0,0.0,-0.7035759547417388,0.5679732340512981,-0.17471190709642986,0.22428644919223534,1.448668786917421,0.18566392480099692
1,3.0103203121255317,1.8505537548646802,1.8505537548646802,2.7084145669783415,0.0,0.0,0.0,0.0,0.0,1.0,1.2513027820369538,0.5842463020457551,0.38667693718947294,0.9555158465390026,-1.221699065556047,0.844776517833917
1,4.540554203789681,3.7613894495076163,3.7613894495076163,4.936143580697849,1.0,1.0,1.0,0.0,1.0,1.0,0.20705968852004586,1.1844593896883897,0.09198527616189188,0.05837799888826345,-0.5207282063504078,-0.5577172104042158
1,0.6484278514568365,0.4169866008183728,0.4169866008183728,1.3867814882519691,0.0,1.0,1.0,0.0,0.0,0.0,0.13514856707328096,-0.8759277915704151,-0.8871657230777124,-0.1374465613462208,-0.7292431318565366,0.027900257734084888
1,4.172152829910785,1.210056610507515,1.210056610507515,2.2462936273402128,0.0,1.0,1.0,0.0,0.0,1.0,0.10956998656043485,1.0523754345153855,1.2547784842249003,0.7274483066992975,0.43339136406471157,2.5695893850990172
1,3.747112113773885,3.1805621361702614,3.1805621361702614,2.3088063381268906,0.0,1.0,0.0,0.0,1.0,1.0,0.6780694888576072,1.180608616639092,-0.34163560432695433,-0.14306514420063488,0.6038697073434232,-0.4696935555708955
1,2.9271013341463905,3.0264198871284425,3.0264198871284425,4.242919743988343,1.0,1.0,1.0,1.0,1.0,0.0,0.8726416883379303,0.1057875981602644,1.5184632240944933,-0.3173821408126861,1.0539593337537485,1.5085618154899132
1,3.1844501480963623,1.8804738256384468,1.8804738256384468,3.4422358172095437,1.0,1.0,1.0,1.0,0.0,0.0,0.4749744247995238,-0.11158302550791901,-0.2378280446500212,-0.5728684943489604,-0.4100345018943019,-0.27414795853820895
0,3.2534690348275337,6.634166622078737,2.6820157724846814,6.634166622078737,1.0,1.0,0.0,0.0,0.0,0.0,1.2901965079164612,0.041173536443938896,-0.7049165489453133,1.83015544618217,-0.5336152353720741,1.8645471174796593
0,1.0006054540223073,1.134210360297543,-0.3123421183203665,1.134210360297543,1.0,0.0,1.0,0.0,0.0,0.0,0.2693626021210964,-0.31215115167376717,0.8646800972395293,-0.8132993988048272,1.3815047881264424,-0.2985165290791685
1,3.6588346761608506,2.676652207124627,2.676652207124627,2.0492832700422863,1.0,1.0,1.0,1.0,0.0,1.0,-1.2762231997064644,-0.46305518844792726,-1.054195112690079,0.8757824047344653,-0.49375726084327887,-0.7908838897840582
0,-3.1161626777447955,0.3260911593489353,-3.381426942799284,0.3260911593489353,0.0,0.0,0.0,0.0,1.0,0.0,-1.217232860039381,-2.1691288463479435,-0.43893845757205674,0.16183787724733462,-0.6185631846081248,-1.2725183066361563
1,0.30619070166539686,1.1809885052471754,1.1809885052471754,1.6191146993511967,0.0,0.0,0.0,1.0,0.0,0.0,0.7060751929828282,0.3043701572384668,-0.7795915796184163,0.2073103129703358,-0.019039799422294876,0.2530103548915998
0,-1.1558745317932146,-0.3561522815883228,0.4836460621247677,-0.3561522815883228,0.0,0.0,0.0,0.0,0.0,1.0,-0.2131840824761528,-0.5234083891966214,-0.15907420279946866,-1.309318612435658,-0.29143922938740174,-0.5297624691392673
1,4.2331424887453535,1.8443157203405391,1.8443157203405391,3.173492406017181,0.0,1.0,1.0,1.0,0.0,0.0,1.1570605033041235,0.03687938694223508,-1.0809566664502857,-0.9463294738725354,1.3422399406407102,-0.13626520198014141
1,3.185760090616221,1.2105566686843954,1.2105566686843954,2.0622528087707614,1.0,1.0,1.0,0.0,1.0,1.0,-0.9772492519639637,0.6553585166584133,0.615684139023357,0.3559190622384284,0.06880047256705824,1.933752957776616
0,2.1162144699677015,6.184770611135218,1.9749088078827102,6.184770611135218,0.0,0.0,1.0,1.0,0.0,1.0,1.465001433606657,1.3781015674123562,2.0798289129884795,1.3649841222101202,0.03350986816255741,1.9157647740226165
0,0.20492974508783043,1.2496721574851197,1.6055591455280276,1.2496721574851197,1.0,0.0,1.0,1.0,1.0,1.0,-1.5164769553106736,-0.47465279395857407,0.10932888374913496,1.1702538396412323,-0.9375156876331288,-0.6121285801871065
0,2.1067915827431865,3.1622962191075534,4.034033968176598,3.1622962191075534,0.0,1.0,0.0,0.0,0.0,0.0,0.2645034679381181,0.9670209489177837,-0.37850171884680683,0.17496554915167112,-0.3592164826701244,-0.04110794225065608
1,4.517638995105248,3.4410488437261533,3.4410488437261533,2.846153074115673,1.0,0.0,0.0,0.0,0.0,0.0,1.2285052340600333,0.3831227632794569,0.05877026665573121,0.80514971825661,0.3155791437177988,-1.1154440360064253
1,3.854434562079429,2.8288406428352237,2.8288406428352237,3.8005345887447666,0.0,0.0,1.0,1.0,0.0,0.0,0.09156407191231512,1.1767262241983385,-1.099136922245416,-0.3962648345608906,-0.7965645989195765,0.7684789568439367
1,0.16396751572282786,-0.8532392296831237,-0.8532392296831237,1.7512222848645072,1.0,0.0,1.0,1.0,1.0,1.0,-1.5012384050765797,-0.3898579846691612,-0.8766786691847704,-1.0686948467300665,-2.0906798088329284,-1.2302791713569527
0,2.3123769914445194,5.32014815455475,4.746291148049456,5.32014815455475,0.0,0.0,1.0,0.0,0.0,0.0,1.701947623175134,0.7485825292765733,1.3154039266301332,0.7541733769655932,2.5179482116250105,2.2225517951458507
0,1.5416583446839969,1.450490917410717,0.4292313094572588,1.450490917410717,0.0,1.0,1.0,0.0,1.0,1.0,-0.40641969638302744,-0.4591568736775906,-0.4839026975567611,-1.0419258541046796,-2.143255191609928,-2.622097787028588
0,1.1918878368995727,0.296650025618719,1.4856426916338763,0.296650025618719,0.0,1.0,0.0,1.0,0.0,1.0,-1.5237183762261326,1.1911924564548162,-0.9648410357024637,-0.11014780233090057,-0.6584356283684117,-1.6279472008588052
1,2.269605067574424,0.19855107247708273,0.19855107247708273,1.7557824238246162,1.0,0.0,1.0,1.0,1.0,1.0,-1.2785955165721468,0.005987369815472293,0.13348838881246855,-0.533828461869505,-0.2326361368013417,1.2254747326878226
1,0.7969955143444601,-1.1287621301580324,-1.1287621301580324,0.23847588948699938,0.0,1.0,0.0,0.0,0.0,0.0,-1.5142723599497128,-0.6824496046253954,-0.7572507081396882,0.2521301281518781,-0.8398548368924718,0.36529489991808584
1,3.141609340646086,2.9352349954650894,2.9352349954650894,0.8212215749323846,0.0,1.0,1.0,0.0,0.0,1.0,0.8637121025556153,-0.8567164921775964,-0.0667321091589404,-0.8907838098517081,0.17539589213362472,-0.4977084222735786
1,2.7834394209287128,1.5792294182875484,1.5792294182875484,0.7337711503107567,0.0,1.0,0.0,0.0,1.0,0.0,-0.15777125118804483,0.06986384506205734,-0.8477301183106674,-0.17619084644654293,0.47086418084550485,-1.9588538702285168
1,-1.8137156682012712,0.4968783978266085,0.4968783978266085,0.6537868156124308,0.0,1.0,0.0,0.0,0.0,1.0,-1.4833131474726495,-0.3033959982125837,0.16265118310942733,0.35333941051910744,-1.629221855582201,0.7472354594518081
1,2.6247089005447366,1.467870387034472,1.467870387034472,3.296600805220638,0.0,0.0,1.0,1.0,1.0,0.0,0.8071836016071742,0.03237425608954808,1.036528606628813,0.8417943948162002,0.2290894107985753,-0.7215468424962024
1,4.33024464302219,1.5627880012669548,1.5627880012669548,2.9643800712151247,1.0,0.0,0.0,0.0,0.0,0.0,1.3435467216152273,-0.55541635886542,-1.2900010051242423,-0.03943257509876857,-0.9452838831664568,-0.33376798185863304
1,6.204492327605748,2.6568025009108664,2.6568025009108664,5.321829695975111,1.0,1.0,1.0,1.0,0.0,0.0,0.5520472426827804,-0.23905447859583365,-0.41917573252029733,0.4602789784432046,2.1751821844370482,-1.0731000531696702
1,8.236361516018324,5.665166987118514,5.665166987118514,7.404019383368642,0.0,1.0,1.0,1.0,0.0,1.0,2.1594342503343946,1.379053346163789,-0.6118351622448873,1.1510084155943106,1.279790010406841,0.8790713818382065
1,2.426293910874149,1.0273455729300762,1.0273455729300762,3.83774805627448,0.0,0.0,0.0,0.0,1.0,0.0,1.3006660863561683,1.128542569229543,1.7012187233320806,0.1897625765435783,1.7391618625777623,-0.12362437901511525
0,3.886409882009359,5.193066423806548,2.4061543148524622,5.193066423806548,0.0,0.0,1.0,0.0,0.0,1.0,2.2856777103403294,1.7354269958995716,2.0275441226769653,0.6014252012484471,0.8469649478319334,0.47805528251151486
1,3.7268882516106236,3.460976097555686,3.460976097555686,4.204390414642286,1.0,1.0,0.0,0.0,0.0,0.0,0.36859822807041304,-0.49142524330058684,-0.6678854710278993,0.5452065544509103,-0.0547111667611527,-0.09915691042987207
0,5.3867032067773595,8.828829142648125,4.387501702801619,8.828829142648125,1.0,0.0,1.0,0.0,1.0,1.0,2.0731463323616626,2.2369662359274782,2.031757497727762,1.2182290381339,0.6999817272474641,0.2508039652556273
1,7.500095954457491,6.091138104903493,6.091138104903493,8.16760348837643,1.0,1.0,0.0,1.0,1.0,1.0,1.9063321557496555,2.114058096792232,1.4871323501874556,2.827892248905654,0.9628932393881616,1.5534487551493255
0,3.4725118055700697,4.891398178646064,3.408628930217449,4.891398178646064,1.0,1.0,1.0,1.0,1.0,0.0,1.0977816504672115,-1.2346453310970014,-0.36405693371599473,0.6005263144751376,0.6762916913158775,1.1576803051263493
1,0.02865453631924897,-1.5519497699119702,-1.5519497699119702,-0.39171574389717023,0.0,1.0,0.0,1.0,0.0,0.0,-0.5238295396565918,-1.1756149054826672,0.10967971714191105,-0.6464113357862814,-0.5691486019148111,-1.1724632631294347
1,1.4125728870880139,1.245847020877225,1.245847020877225,2.7817620717182927,0.0,0.0,0.0,0.0,1.0,0.0,0.1327621486314878,0.41509360347902535,2.335422219090514,1.324448158928404,-1.148556576058839,1.693035532829966
1,-0.35053683143657,-1.9145905551281583,-1.9145905551281583,0.2535763943598338,1.0,0.0,0.0,0.0,0.0,1.0,-1.3459402219534944,-1.3562525675537143,-2.222178910880895,-1.334758217208151,-0.342552785103165,-1.1614153711845652
0,1.4157538433941732,2.5073083238734726,2.2624422783715437,2.5073083238734726,1.0,1.0,0.0,1.0,1.0,0.0,-1.2500554244448028,1.4292282005257908,-0.005312189488338337,0.5288496594790527,-0.06130448201586955,-0.3461333196419395
1,3.6570024314701004,1.9317316171156085,1.9317316171156085,1.7673344972286475,0.0,1.0,1.0,1.0,1.0,1.0,0.21261044184263445,-0.19971823961273083,-0.36705973505955375,-0.11381361333159595,-0.10497808705694686,-0.4513739279753546
1,-1.180749020627636,-1.0792210545235374,-1.0792210545235374,-0.002430861145361951,0.0,0.0,0.0,0.0,0.0,0.0,-0.05601280302552238,-0.07189519261475544,1.095280735336438,-0.7568285949547161,-1.1157275881753466,-0.31469736962368056
1,2.347695249771008,1.038981092121073,1.038981092121073,4.078780822591268,0.0,1.0,1.0,1.0,0.0,1.0,0.725301843058244,0.5059456853895323,-0.3808614833297429,-1.111248537017161,0.40627876146122516,-1.7731092835332483
0,1.1670269434339398,1.432463915599561,2.089425752512982,1.432463915599561,1.0,0.0,1.0,0.0,1.0,1.0,-0.418516152265865,0.33448904747232344,0.680864590899973,0.5631296629448463,-0.6136856784109899,-0.3450615081855532
0,0.33979683617409584,3.997523852897524,1.855197881694647,3.997523852897524,0.0,1.0,0.0,0.0,0.0,1.0,0.2162262202947264,-0.2415598018192073,-0.04081451486081128,0.8377866948857895,-0.3248667642964192,-0.00684696182263464
1,2.092981406106053,0.6560249168600545,0.6560249168600545,3.2866853324244683,1.0,1.0,1.0,1.0,1.0,1.0,-0.12080228528772033,-0.378347944428332,2.321449682883526,0.9966892722704752,-0.29855560680432347,1.458096334033872
1,2.1275253508477143,1.5750427081150384,1.5750427081150384,2.488905352608832,0.0,0.0,0.0,1.0,0.0,1.0,0.5711263146667922,-0.33942721718832036,-0.9579819378968819,-0.2085945262598145,0.7367391885997872,-0.9014446242116814
1,2.364455499434346,3.02499602293259,3.02499602293259,3.772331812514614,0.0,0.0,1.0,0.0,0.0,0.0,0.4895127874744245,1.248422777088522,-0.29363840615690756,1.6912446290416472,0.8436908609995808,-0.9590543800541749
0,-0.3426283765606981,2.2622924002750655,-0.6152782870081686,2.2622924002750655,1.0,1.0,1.0,0.0,0.0,0.0,-0.4891607050452788,-0.5034870152002826,0.3658455305094706,-2.1425642270482514,0.5808216548988323,0.31117554297215394
1,5.617243865568389,1.0725044286805634,1.0725044286805634,3.414865144717342,1.0,1.0,1.0,1.0,0.0,1.0,-0.26786354924815975,0.4177897497695785,0.6103124342681793,-0.9085173751839202,0.7152673045776334,-1.0468776010509977
0,1.9340559087370863,4.383851624256464,2.6128622946576563,4.383851624256464,1.0,0.0,1.0,1.0,0.0,1.0,0.810925919071925,-0.6120174279948671,0.19601579513121642,-0.800581278668921,-0.4554140379251975,-1.4125930243643756
1,2.0126839722984835,1.8144075326381663,1.8144075326381663,2.751318737115024,0.0,1.0,0.0,0.0,1.0,1.0,-0.11307988597743006,0.25985910912063925,0.6317304977589331,1.9301783614784886,0.8490049755502287,1.651189863224146
1,3.0480840969111904,0.8562966218938588,0.8562966218938588,3.3969192371377033,1.0,0.0,1.0,0.0,0.0,0.0,0.16081710646648933,-0.4338899837968839,-0.6264780494603497,-0.6734251318254945,0.5364941392617029,-0.724580635414926
0,1.5509940774266804,1.6236249667477851,0.12518770926740896,1.6236249667477851,0.0,1.0,0.0,1.0,0.0,0.0,-0.3637596062630205,0.5021033749694973,0.14563059823905486,0.14878590919993745,0.39805638775486607,0.4264299288941649
0,0.09157765539731155,0.19384106252029726,-1.4182305628083478,0.19384106252029726,0.0,1.0,0.0,0.0,1.0,1.0,-0.9770678239292282,-0.8352974014281868,0.9417285643184072,1.001543734376546,-0.29903655160822706,0.15967246732391832
1,1.7157911408294728,-0.2329227485780429,-0.2329227485780429,1.039026826046782,1.0,1.0,1.0,1.0,1.0,1.0,-0.49988606256582974,-1.815246361958861,-0.37640433518179195,-1.6950106228796025,-0.18037780637306555,-0.350265833214102
1,1.358716822300893,-1.0971089043177296,-1.0971089043177296,1.5987473520775408,1.0,0.0,0.0,1.0,1.0,1.0,-1.7111472817544597,-0.0688650553095716,-0.6781281148855411,0.15597262920788837,0.052958089066955705,-1.3257275099774208
1,0.24348824312148265,-0.8114757218505675,-0.8114757218505675,1.4481875272845397,1.0,1.0,0.0,0.0,1.0,1.0,-0.890471939261411,0.22179804716001145,0.2452590277567952,-0.07761998365323432,-0.17358036395507742,-1.5425570320498485
0,0.7688770768114264,2.8362795262679734,2.965198493687965,2.8362795262679734,0.0,1.0,1.0,0.0,1.0,0.0,-0.03673596475242308,0.4900627923555809,0.5251745944509749,1.3122838823110419,-0.4060386873437569,-0.007788257228897921
0,-0.3184310427280388,-0.39900718258170503,0.4883312281469486,-0.39900718258170503,0.0,1.0,1.0,0.0,0.0,0.0,-1.583439363428339,-0.65345971334216,-0.7500264056771391,-0.27054691286058696,0.45679290550363805,-0.19529662366480954
1,4.600938268626038,1.6220125239987453,1.6220125239987453,3.917353348144478,1.0,1.0,1.0,1.0,0.0,0.0,0.5846926566599093,-0.027075092336656476,-0.23159354920297176,-0.422366938281677,-0.15716706097378008,-0.5141824250572982
1,-0.23824825863459287,-0.4742710688856609,-0.4742710688856609,1.3960297984769858,0.0,0.0,1.0,0.0,1.0,0.0,-1.5421311366873636,-1.5636836107132663,-1.6710147758716098,2.788397970477133,-0.5355206672064117,-0.19973814437069637
1,5.965822762073478,2.69804898037195,2.69804898037195,5.389745006073675,1.0,1.0,0.0,1.0,1.0,1.0,0.8342653551573557,1.2550521286933958,0.1555115069056323,-0.43604073680144506,-0.4175092460928722,-0.2212621990352312
1,1.9279678407837753,1.2119955903348958,1.2119955903348958,3.945732620012109,0.0,1.0,0.0,0.0,1.0,1.0,-0.8865467255117302,1.3336435852971347,-0.012217344488554951,1.1453242086158597,-0.09504979117422191,0.2874214390480016
0,2.6108696910705245,3.8412094823478693,2.5430622054240337,3.8412094823478693,1.0,0.0,0.0,0.0,0.0,1.0,0.5037598040181454,1.0043029238493177,-1.0201762845675517,0.5933742716155251,-0.5588635444470074,-1.2698428390455203
0,0.4105415608872047,0.6867499897645475,-1.0420664554956787,0.6867499897645475,0.0,0.0,0.0,1.0,0.0,0.0,-0.15572720673845733,-0.8240246940123759,0.04526710350047897,0.5563087025717554,-0.8966473769822686,0.5765050105936456
1,4.382344281896735,3.8781202766613543,3.8781202766613543,2.697620795695536,0.0,1.0,0.0,1.0,1.0,1.0,1.8353129685570828,-1.163178229369571,-0.2666881839351347,-0.9078466271958723,0.17654498185275996,0.7719775691195027
1,-1.9194776488158771,-1.9916464255227986,-1.9916464255227986,-0.5014445389211482,0.0,1.0,1.0,1.0,1.0,1.0,-2.1135878740898173,-1.195914303872393,-0.024494156756043065,-0.11919514355115635,-0.4440189622526327,0.7113992156713979
1,2.4935610336814222,1.0821258835385035,1.0821258835385035,3.534862768724756,1.0,1.0,0.0,1.0,1.0,0.0,0.2617570198841514,-0.1413877619761995,0.7979465895244622,0.28717894572441854,-0.17510304149147088,1.1509101687036145
1,2.2574111370629106,1.1212208418042038,1.1212208418042038,2.5135224879177485,0.0,1.0,1.0,1.0,1.0,1.0,0.15167320374400334,-0.11752819955752708,-0.341304905391675,0.718164321523906,-1.0826248285153262,0.22890451127241634
0,1.707375440255013,4.423629058123808,2.777898697829693,4.423629058123808,1.0,1.0,0.0,1.0,0.0,0.0,-0.7686577848550099,0.43480215046665993,0.43527400905598307,0.8686981115756441,1.9843413461310266,0.1691405293976973
0,-1.3461180406813917,-0.6240622752288288,-2.340321883799586,-0.6240622752288288,0.0,0.0,0.0,0.0,1.0,0.0,-0.685059224611153,-0.7564942682954746,-0.7810827608185822,0.49500587444772604,0.3339326086693552,-0.6300164558707818
0,0.9831903374604661,1.5430457623906921,-0.8200750217747219,1.5430457623906921,1.0,1.0,1.0,1.0,1.0,0.0,-2.1607001266126287,-0.45605986576290214,-1.7370340226125427,-2.398110298156472,-1.5089035703536664,-0.12622063675267903
1,4.992186564302855,4.198071271003118,4.198071271003118,3.875836809919508,0.0,0.0,1.0,1.0,0.0,1.0,0.38530291562958574,1.7789704042784429,0.1605865368696892,0.8651118231647361,1.2887715639106032,-0.19185303832990952
0,0.3024517996725646,0.5187107011669196,0.14035287779578234,0.5187107011669196,0.0,0.0,0.0,1.0,0.0,0.0,-0.6614521485094103,0.11217294999100685,-0.561477348988877,0.4240329661488479,-0.5820580709711477,0.22922151340952832
0,-2.5599163989942584,-1.9566167267098327,-1.1014555650131732,-1.9566167267098327,0.0,0.0,0.0,1.0,0.0,0.0,-1.098415290922333,-0.7925850087604409,-0.6580388792304566,0.12886324441982333,-0.4698798402961329,0.23019123712296946
1,5.160327612019825,4.68966577423998,4.68966577423998,3.3305197483293045,0.0,1.0,1.0,1.0,1.0,1.0,0.046676372639593115,1.0973307167261368,-1.2057458763011186,-1.4578309227375028,-0.5960226999875543,-0.03678779068471377
1,0.203054748523253,1.9583411139352738,1.9583411139352738,2.941080525191079,1.0,0.0,1.0,1.0,0.0,1.0,0.2153830448885096,-0.15489265792678036,-0.17678667012980787,-0.41268492524863853,-0.02828861106530941,0.10956557569885232
1,2.639339035902079,-0.1638937032547768,-0.1638937032547768,3.619932751375788,0.0,1.0,0.0,1.0,1.0,1.0,0.20566199793491202,-1.0053534365468626,-0.0030288490585924366,0.3620940282981228,-0.7160107743763441,0.9296456728285651
0,-1.4938210568474473,-0.3824809488129891,-2.710209851394567,-0.3824809488129891,0.0,0.0,0.0,0.0,0.0,1.0,-1.188839067139011,-2.249318610578181,-1.5840066652937366,-0.2506811395685894,-2.048657929808461,-0.02215045890134726
1,5.580541655895602,2.8037759591373304,2.8037759591373304,7.66761115904027,1.0,1.0,1.0,1.0,1.0,0.0,0.6669458151427067,1.1305357213681266,0.7410242721838503,0.2659830890564468,1.567516337107286,0.2724931449369128
0,2.0138821339602266,2.7079647521209376,1.9969089567284999,2.7079647521209376,1.0,1.0,1.0,0.0,1.0,0.0,-0.442612452256768,-0.947326741857245,0.49532815105140393,-0.8159210119910425,-0.18224024093711513,0.9013770709011697
1,5.02871371305426,3.4884842398909806,3.4884842398909806,4.704727021533667,1.0,1.0,1.0,0.0,0.0,0.0,1.3199086851407535,-0.7407423831215726,0.36182571272426567,0.4831406420779084,-0.28799186455410597,-0.607780076188237
0,2.0139105263951853,4.54663013292719,3.0758929730386315,4.54663013292719,0.0,1.0,1.0,0.0,0.0,1.0,0.13790578521504937,-0.4747345997458805,-2.0325791413883065,-0.2898824190961689,-0.4557594019800307,-0.5048523389737716
0,0.5159986598944462,2.0011272231566952,1.3894538010396005,2.0011272231566952,0.0,0.0,0.0,1.0,0.0,0.0,-0.24413435302530057,1.2938364696247908,0.1380605135058806,-1.4282030530052265,-1.949010691308821,-0.27590885498640094
1,7.045899400470871,1.7933388484251003,1.7933388484251003,3.216602894777102,0.0,0.0,0.0,1.0,0.0,1.0,1.4684895266996967,0.8579187459655128,0.06845710602783506,-0.44904381300601226,0.24569222570191496,0.5887197528256933
1,2.148326209455224,-1.1202610302309814,-1.1202610302309814,1.274463760772517,0.0,0.0,1.0,0.0,1.0,0.0,-1.192109680939548,0.45475331584595047,0.5541262370945559,1.2897809232861206,-0.32529482308644664,-0.056785326115217805
1,4.164803229767999,1.8669469621736683,1.8669469621736683,3.1710772791474713,1.0,0.0,1.0,1.0,1.0,0.0,0.49556274639700704,-0.5250382544055217,-0.06278433345170364,0.6519672314495275,-0.23138774153821237,-0.5089453924720528
1,3.040846670384505,1.479013292479607,1.479013292479607,1.964616960814404,1.0,1.0,1.0,0.0,0.0,0.0,0.501179632418979,-0.18684670061662606,0.9525656254311806,0.17095495077154604,1.074688093642628,0.21999511827913715
1,1.136581866183021,0.0726777936895569,0.0726777936895569,1.9289651999691464,0.0,0.0,0.0,1.0,0.0,1.0,-0.634830259714243,0.5275145430988499,0.2621393464540166,0.960501099331599,-0.03131097951934514,-2.2926251888105202
1,-0.7980897283924508,0.4172757239785079,0.4172757239785079,1.1099684210958647,1.0,0.0,1.0,1.0,1.0,1.0,-3.094833442055213,0.42292485701329596,-1.7339842804271495,-1.27652463515922,-0.02040105530231273,-2.129028056839785
0,1.7612247671305608,3.752954901280466,0.7709742737985806,3.752954901280466,0.0,0.0,1.0,0.0,0.0,1.0,-0.5517741914511837,1.2370809403258702,-0.1849185021470401,-0.7740594525201063,0.38586887930223934,0.6549381973815389
1,3.678926868897979,2.1544613527823877,2.1544613527823877,3.9606035853583847,1.0,0.0,1.0,1.0,1.0,1.0,0.33291689355988047,0.2581953501071821,0.02207188394497002,-0.5830715165377648,0.10490395179043085,-1.1192488627025778
1,4.450310627471213,3.666114820310465,3.666114820310465,5.326108883002576,1.0,1.0,1.0,1.0,0.0,0.0,1.904843493450365,-0.13856613701154358,1.1795895590770114,0.2138920933602997,0.6321936045871985,0.3547205470549729
0,1.393761271870851,3.5680106632487343,2.115364260890046,3.5680106632487343,1.0,0.0,1.0,0.0,1.0,0.0,-0.3828816681450279,0.44588205913159956,0.8968915567206215,0.5495525173767133,0.6185565318966175,-0.24328650937835788
1,0.5384779748977055,-0.35830816820424005,-0.35830816820424005,2.2377158099329173,0.0,0.0,0.0,1.0,0.0,1.0,0.7331238528224638,-0.349541971942056,-0.8134169038918824,-2.148496925521524,-0.027181358093166463,-0.6682160958117053
1,4.2044394323711165,-0.09783890728583788,-0.09783890728583788,5.691504394169991,1.0,0.0,1.0,0.0,0.0,1.0,1.0553769532394979,-0.7436851566361605,0.8604038986695096,1.2615175061961994,1.0422567135221428,0.4462444068796577
1,2.041172843865101,2.006876788584679,2.006876788584679,2.8556225371639155,0.0,0.0,1.0,0.0,1.0,1.0,0.020850561528015166,0.6260136811824235,0.381962233057725,1.1003584613914656,2.296275797272712,0.19490526399369557
1,2.1446633290700508,1.6128425627581753,1.6128425627581753,1.9515967231416433,1.0,1.0,0.0,1.0,1.0,1.0,-0.013304593674771914,-0.9645516494466082,-0.09688997113337638,-1.3487317148507798,-0.677859231991643,-2.4510686653756224
1,6.09113446878912,4.301594986585642,4.301594986585642,4.625120187095497,1.0,1.0,1.0,1.0,1.0,1.0,0.7717172194403649,0.865757205646649,1.5521782871853504,1.1196192503615332,1.3339170573033152,2.0963677577913282
1,5.081135726471079,2.5166394699859516,2.5166394699859516,5.671649805121387,1.0,1.0,0.0,1.0,1.0,0.0,1.1499970981424488,0.31535926072284104,0.25044491200254076,-0.7767680275810589,1.1434615205184504,0.231152136962331
0,1.4787022423207157,1.7941967919356507,0.7345784113070355,1.7941967919356507,0.0,1.0,1.0,1.0,1.0,0.0,-0.4578158574322821,1.3607125071444415,0.7050006981346576,-0.1396888437616152,0.40361787545255595,1.4110196982548884
1,1.136937576673365,0.15786994203506205,0.15786994203506205,1.709748728478467,1.0,0.0,0.0,1.0,1.0,0.0,-1.0771799137633118,-0.39096117251563195,0.18267726882264534,0.6726616373517977,-1.5584540148107164,-1.0161649160323356
1,-0.058521000742191354,-1.7667511568283412,-1.7667511568283412,-0.16786849966925477,0.0,0.0,0.0,0.0,0.0,0.0,-0.4125783331242969,-0.6620482651395783,0.21645140472093916,-1.8846358805208785,-1.658498170864871,-1.5818360115479384
1,2.3021691642727986,1.9795795051237897,1.9795795051237897,3.9944226366129314,1.0,0.0,1.0,0.0,1.0,1.0,0.47043112768885614,-0.47521327982009426,-0.39015778456741446,1.1384647655742275,-0.7979861104085385,-0.8963510245722831
1,3.2631120549308834,3.3301613668438357,3.3301613668438357,3.1406811367275216,1.0,0.0,1.0,1.0,1.0,1.0,-0.5580134848187528,-0.6841479544473941,-1.189904081965836,1.1387535488952016,-0.03706956084056312,-0.6230159667588648
0,2.7316391603146055,4.1380439534067905,0.46729824711587375,4.1380439534067905,1.0,0.0,0.0,1.0,1.0,0.0,-0.5972603415235288,1.1262645366547486,-0.605902672971483,-0.7927632803468382,-0.6347780999212096,-0.8912186111579199
0,2.5795107288937507,4.70847671636308,3.780890786744501,4.70847671636308,1.0,0.0,0.0,0.0,0.0,0.0,0.8841147476317108,0.5547190034353825,0.8874804240345348,0.21350584482255458,0.21002201168526402,0.4581259079874179
0,4.388801352850204,5.702197934463516,4.362831111053616,5.702197934463516,1.0,1.0,1.0,1.0,1.0,0.0,0.3002153731604659,1.7890521801912467,1.1690957234437784,1.746653004422789,1.5770622219388362,0.28044783838353216
0,-0.27194182013830703,0.025176545674074124,-2.7472498037080766,0.025176545674074124,0.0,0.0,0.0,0.0,0.0,0.0,0.2504618242677405,-1.1363567525529508,0.7780564114956656,0.15071765847388668,1.2612585781908978,-0.44210873345005636
0,2.7639664236171897,2.8846014082996403,2.1322673131953667,2.8846014082996403,1.0,1.0,0.0,1.0,1.0,1.0,-0.7826921159859925,0.8038641737969137,-1.177024627464939,0.17426236405026002,-1.193073589892469,-1.2551614936916462
0,3.4555339597057975,4.77405792394378,3.6614289271454243,4.77405792394378,1.0,1.0,1.0,1.0,1.0,0.0,0.6152781532322927,-0.5539333929340184,-0.13693034050876746,0.17380407024896777,0.1937512092371615,-1.1272512573985627
1,0.4454482025145037,0.7457464851018507,0.7457464851018507,1.4692408922574913,0.0,1.0,1.0,1.0,1.0,1.0,-0.3182889916661897,-0.8795215901885737,-1.4790965487278958,-0.33626592955699375,0.3672758537498353,-0.9086037393495425
0,-3.709286866741679,0.5720705392954308,-3.630609274316808,0.5720705392954308,0.0,0.0,1.0,0.0,0.0,1.0,-0.7357445181594777,-2.263369456701015,-0.8217716148086196,-1.1963389048704642,-1.9982721377984758,-0.14434464651808598
1,3.0280977074365447,0.46277048137866406,0.46277048137866406,3.3462418662988505,0.0,0.0,1.0,1.0,0.0,0.0,0.28997628927679586,-0.34183242894802746,0.5989514904453903,0.18917654816038743,0.6162758442595557,2.398373292563542
0,2.5241307584968817,4.717074646170616,3.1722375607666167,4.717074646170616,0.0,1.0,1.0,0.0,1.0,1.0,2.1008558940258673,0.7499814701337044,1.800347866688161,1.8068100761759036,0.5851729122445452,2.4772810474043334
0,-0.24331530556668118,-0.11849908789112995,-0.15303954019792365,-0.11849908789112995,0.0,1.0,0.0,1.0,0.0,1.0,-1.3476116737141954,0.14305242894791104,0.8781071560791245,-0.42431076595624495,1.031451297409456,1.2689683419433813
0,1.5312519245287568,3.2003617983884225,2.6567013966286597,3.2003617983884225,1.0,1.0,0.0,1.0,0.0,0.0,0.495269142096976,0.15693089826702777,1.6804577150551636,0.534463783403908,0.2919326791363733,0.16480218054027573
0,1.5207272799463978,5.123948803389932,1.4606461177942884,5.123948803389932,0.0,0.0,1.0,0.0,0.0,1.0,0.23479090673306627,1.8875574443498255,-0.06405390681365403,0.6361439000949112,-0.0512984359362767,0.05424229359743893
1,4.681399169381424,1.846621478070242,1.846621478070242,5.941092787843827,0.0,0.0,1.0,1.0,1.0,1.0,1.6248461360880384,-0.344696139628401,-1.351892426903657,-0.320868874686765,-0.00031776168294694873,-1.3289683259616267
0,-0.21703874995837513,-0.48783268091690957,0.3385702114319919,-0.48783268091690957,0.0,0.0,0.0,1.0,0.0,0.0,-0.09022121379625801,-1.7266119802886957,-1.95039721730936,-0.564725776173862,0.887211198965375,0.7367068581651239
1,4.591792126202986,0.1250902149710461,0.1250902149710461,2.163268756579926,1.0,1.0,1.0,1.0,0.0,1.0,-0.7606290062308217,-0.8369538861415481,0.2123340344705588,-0.04156856904582132,1.004779420688296,-0.22142182132172752
0,3.3936986760306636,5.329253943085873,2.936351744738558,5.329253943085873,1.0,0.0,1.0,0.0,0.0,1.0,1.4567532929113547,0.16792284845846056,-0.653233055758458,1.1892018451095274,2.04202305471483,-0.1270134749392568
1,4.4666040306539365,0.41365512618816935,0.41365512618816935,1.6258240556982149,0.0,1.0,0.0,0.0,1.0,0.0,0.28813021139864486,0.6441916734200153,0.3440555484770689,0.5891353681491721,-0.09856762000803294,-1.0749170794455893
0,2.726382545731301,2.9076355176899082,2.7259982443051074,2.9076355176899082,0.0,0.0,0.0,1.0,0.0,1.0,0.7809140173606368,0.6372045572018445,-0.4527022500244623,1.817044886051273,1.1057595196362238,0.6405178179204873
1,0.2765035639704463,0.05742852871495441,0.05742852871495441,1.3652943898637697,0.0,0.0,1.0,0.0,1.0,1.0,-0.5429705116203354,-0.5912419633024248,0.38990027073124467,0.5495005366468761,0.3578095743560602,1.6069238549464875
1,5.791627289018488,2.651778808391496,2.651778808391496,4.713701928661686,1.0,1.0,1.0,0.0,1.0,0.0,-0.10814746972696308,0.5394044839809853,-1.2794260532526411,0.4265485005739029,-0.6625119551234611,-0.8622207496679161
1,7.58442140044907,4.477102601661398,4.477102601661398,5.4740617273877055,1.0,1.0,1.0,0.0,1.0,1.0,0.811242148047579,2.131247882750962,1.9945349221302757,0.5020243815982512,2.0077445234977764,2.145780569008756
1,1.4504603520329413,1.951325055156963,1.951325055156963,4.288699755184806,1.0,1.0,1.0,1.0,1.0,1.0,-1.6474257827707723,-0.36052999795914464,-1.0626391805687958,-1.6975124234653916,-1.2542247532394453,-0.8325116972614401
1,1.245594332197392,-0.8439119393243388,-0.8439119393243388,1.245476840960949,0.0,1.0,1.0,0.0,0.0,0.0,-1.033773798849612,0.678377211141438,0.9280407830812069,-0.8435735202077151,-0.3752563729708634,0.94797915537936
1,1.4965076896138008,-1.0725142385506228,-1.0725142385506228,2.2051888507660076,1.0,0.0,1.0,0.0,1.0,1.0,-1.450968140278872,0.1826118600029153,-1.30032926706058,-0.1711743327909011,-1.7808164046170942,1.6672041188132023
1,5.6334642419332805,4.923752760948807,4.923752760948807,5.361325004120742,1.0,1.0,1.0,0.0,1.0,1.0,0.672011657134894,1.2687260540668404,-1.071734689001243,-0.13187535213656992,-0.6636525827951292,-0.9781849467508459
1,6.565885887179334,3.7134959864983625,3.7134959864983625,6.067149875328027,1.0,1.0,1.0,1.0,1.0,0.0,1.202361516332533,0.44199163307738737,0.20851841582367658,-0.21657176920149168,-0.779808126672485,0.43942348681302307
1,0.33297398953282825,-1.3477514061542433,-1.3477514061542433,0.39269962980460793,0.0,0.0,0.0,0.0,1.0,1.0,-0.18877740053913777,-0.027993729586883676,0.6842759297939169,-0.3333281507081597,-0.6646657074800219,-0.5993869284136064
0,-2.8203155292262334,-3.4326910244397593,-2.0881522936222328,-3.4326910244397593,0.0,0.0,0.0,1.0,1.0,1.0,-1.2161571669290887,-2.0592964323484075,-0.40678582991921064,-0.576719426746434,-0.3990298092999097,-1.2139040521876292
1,2.8104417212908173,2.2372584666988473,2.2372584666988473,1.460364685332124,0.0,0.0,0.0,0.0,0.0,1.0,0.25259232248316876,-0.6529709445540883,-2.969752083412553,0.24550717370950081,0.8368785986405265,-0.30497873116274665
0,-1.6114751965659528,-0.16719832228369835,-4.085041561229854,-0.16719832228369835,1.0,0.0,0.0,1.0,0.0,1.0,-2.3409053294793987,-0.06154324182324633,0.25609267693094423,-1.3819005249854837,-0.4178394667655556,-0.6527896971761515
1,1.6480136197291184,1.1380285605642078,1.1380285605642078,5.021357740703625,1.0,1.0,1.0,1.0,1.0,1.0,-1.2297454760489315,-0.049394534246518074,-1.6763008914798028,-0.613914541550312,-0.7350059835835474,-0.6323488946826384
1,2.213228349001977,2.3372468134180906,2.3372468134180906,1.294141667590163,1.0,1.0,1.0,1.0,1.0,0.0,-1.754896017512468,-1.2852127252339514,-0.4523141967183251,0.48703319918922305,0.30574323049050345,-1.000557515551442
1,2.580908627406028,1.6050886418560038,1.6050886418560038,3.562809753798717,0.0,0.0,1.0,1.0,0.0,0.0,0.5377289872742078,-1.1455912862523898,-1.984876528363932,-0.05026312540794502,-1.424657896344161,-0.4308221142456168
0,0.4230517652124013,1.1202312267518064,1.3018086663317003,1.1202312267518064,0.0,1.0,1.0,1.0,0.0,1.0,-0.7087698793162299,0.8983255980380984,1.4679999981855818,-0.5903107690395085,0.7006319067021284,0.08555585068415439
1,2.151761240170297,1.6229586553837776,1.6229586553837776,1.6343690743199475,0.0,0.0,1.0,0.0,1.0,0.0,-0.1125020632105139,-0.5918666979486111,-1.2856986211858843,-0.3599998489952501,-0.9606374449295871,0.21592733650367235
1,2.4854203958841774,0.48901914952088055,0.48901914952088055,3.3398572298887794,1.0,1.0,0.0,0.0,1.0,0.0,-0.36447015787477793,-0.9766598781633218,0.555226495868574,-0.19695046897584373,0.5514949380335845,0.2412159943783917
1,3.277143802219242,1.9278903834888381,1.9278903834888381,4.172858401909009,0.0,0.0,1.0,0.0,0.0,0.0,0.5572426756140297,0.5270335903317644,0.17425343775733657,-0.6431885593994519,-0.29319311905130335,-0.47825907348236163
0,2.118832052319053,4.349669333385364,2.2989104240053146,4.349669333385364,1.0,0.0,0.0,1.0,1.0,1.0,-0.00494927114809564,0.2381019879903338,0.061789869949170295,0.38111888442745356,0.18915926605408495,0.7869925495610153
0,1.3000472808157264,0.926429229252401,1.1212425485722184,0.926429229252401,1.0,1.0,0.0,1.0,1.0,1.0,-1.180436022965667,-0.5856720084607107,-1.551251347023239,-0.8571956503838845,-2.062977868824594,-1.3874313745037463
0,3.724711365792414,3.4345745591389556,2.0517054894474933,3.4345745591389556,0.0,1.0,1.0,0.0,0.0,1.0,0.7073327574679433,0.6423963543692931,-0.18781578876463884,-0.6653802854190004,-0.4774946809937056,-0.5509590194466094
0,3.172811238725466,3.5223119090070916,2.4612456121207527,3.5223119090070916,1.0,1.0,1.0,0.0,0.0,1.0,-0.5265094795807744,0.24619799102490897,-0.5310992406877921,-0.13040965660681625,0.23020917292211873,0.24112669826597782
1,2.2990671052916714,0.34836587572080346,0.34836587572080346,2.1998753621127047,0.0,0.0,0.0,0.0,1.0,1.0,0.7233317673167289,-0.4128419675528977,0.36072578256917864,1.4490923912913094,0.976667019566086,0.7704714836719856
1,8.380450273854288,6.295783767200312,6.295783767200312,9.891208973346716,0.0,1.0,1.0,1.0,1.0,1.0,2.9774701300439195,2.407538586491393,0.8109387519385255,-0.015602959578266296,1.2079128540948691,1.7353430228754987
0,-0.240640138376911,0.06901411085082754,-3.076928963480693,0.06901411085082754,0.0,1.0,0.0,1.0,1.0,1.0,-1.2072339751610512,-1.943001412199621,-0.7117958965503087,-1.1304253225434937,-0.40552970018798606,-1.9127543494248178
1,2.5483309495354773,0.6995602402026664,0.6995602402026664,3.7888640748377305,0.0,1.0,1.0,1.0,1.0,1.0,-0.3330586429058064,0.7206513062280824,0.5740438768137998,0.14375992916619512,0.05592302479535077,-0.5622064177941812
0,2.3948562656092904,6.344395127281304,2.5856516370448834,6.344395127281304,1.0,1.0,0.0,0.0,1.0,1.0,1.287275486796344,0.9339561587503291,1.8081346347608545,-0.36849914467874845,0.4227568637451199,-1.5516920052156833
0,-0.9481092707820459,1.1965547533729062,-0.15508788444768273,1.1965547533729062,0.0,0.0,1.0,1.0,0.0,0.0,-0.023448908043490115,0.2578020609869224,-0.6462703565299237,-1.2847709415893411,0.5233184229727754,0.19736335188635756
1,3.3885540460148436,1.4645815386193415,1.4645815386193415,1.686047775863418,1.0,1.0,1.0,0.0,1.0,0.0,-0.6812534644370244,0.40161734713634123,-0.16349168217073437,-0.5292327024142706,-0.41259909417588336,0.8480284393621451
0,-3.126572904070578,-2.203711629845336,-3.439385484779864,-2.203711629845336,0.0,0.0,0.0,1.0,0.0,0.0,-1.8511138278791608,-1.2105263651787748,-0.025734076562009656,-0.8892096644178471,-1.6426985494887472,-1.7219859001117959
1,2.2246827083287664,2.858429335504314,2.858429335504314,5.623608675763049,1.0,1.0,1.0,1.0,0.0,1.0,-0.15679922122044748,-0.40346764108445454,-0.11029937809263368,0.7743575200778101,2.1542189910809446,-0.2142314906225738
1,2.156145771236951,1.5183323392144852,1.5183323392144852,1.2258958691497162,0.0,1.0,1.0,1.0,1.0,0.0,0.19808405075288887,-1.021812043922803,-0.14792110094573838,-1.0533575665942454,-1.0104963600102206,0.6442122156669465
0,-0.33010277717396597,2.0492780727793183,-0.29569522785063485,2.0492780727793183,0.0,1.0,1.0,1.0,1.0,1.0,0.4392115171620364,-1.3383433557640556,1.5542463487495837,0.6887762601053298,-0.4361701703979089,-1.4542546955041884
0,2.918284763529828,2.617060113752081,1.5630743735097585,2.617060113752081,1.0,0.0,1.0,0.0,1.0,0.0,-0.2559131430715173,-1.8260103951135171,-0.5469376406620208,0.14426809356536263,0.2019294978183948,0.34686271526259
1,1.176025723595203,1.2519232492448045,1.2519232492448045,1.9368289630306803,1.0,1.0,0.0,0.0,0.0,0.0,-0.9340607450475429,-0.9329925047359466,0.1523872052283599,0.9942034946681617,-0.4968331793005515,0.2672848949924742
0,3.9255966149411488,6.4963205239206,4.864883779082884,6.4963205239206,0.0,1.0,0.0,1.0,1.0,1.0,1.1364951145300404,2.154157816481283,-0.15505152398187838,0.9316597627401424,0.7506475397139899,0.4860016829936791
1,1.4224042788544908,0.962726899824485,0.962726899824485,1.3737512973874662,1.0,0.0,0.0,0.0,1.0,0.0,-0.2237905590895425,0.3642338796888599,0.14114176400589926,-0.8726348078559418,-0.45043578579613236,0.4860766100708265
1,2.199678528762883,0.35915090445647535,0.35915090445647535,-1.3598600646996666,1.0,1.0,0.0,1.0,1.0,0.0,-1.7723128542934046,-0.7543172041080164,-2.108548381221394,-1.026834499860997,-1.777176487510491,-1.6588688966699638
1,1.1853736797418837,1.3022174049353057,1.3022174049353057,0.446298767542608,1.0,0.0,1.0,1.0,0.0,1.0,-1.1090202418601263,0.8659117798364391,2.728882159210577,0.22812487381344376,0.681371689874708,1.3665440091710426
0,-2.5493404917607663,-1.0932196031610992,-0.600846678235996,-1.0932196031610992,0.0,0.0,1.0,1.0,1.0,0.0,-1.0625165685898954,-0.9003845879981288,0.6223008908326653,-0.7688747451585494,-0.5468935627518613,-1.5637484220973428
1,4.06513371117811,2.3147206836580687,2.3147206836580687,4.455601388680274,1.0,0.0,0.0,0.0,0.0,0.0,1.090670099781579,-1.4068318929881864,0.324141831785203,0.3891051720280376,0.374153874487204,0.28116683398582093
0,1.3299159715491384,4.168617090060093,2.7515957388393266,4.168617090060093,0.0,1.0,0.0,1.0,0.0,1.0,1.1542741699891974,0.8777498293345054,0.06529134253148607,-0.14583703296224435,0.28437088351317824,-0.6030679211422417
1,2.966378924767214,2.178235930237639,2.178235930237639,1.8222426596001182,0.0,1.0,0.0,1.0,1.0,1.0,0.0008475539770994819,0.13069849453927337,-0.5987768762675487,0.6723800911598572,0.20392344195763246,-0.4204049255873338
0,1.30268624685159,-0.5324845853534597,0.8648330368727837,-0.5324845853534597,0.0,0.0,1.0,0.0,1.0,1.0,-0.014595333902261741,-0.8200080774408331,-0.4305600694499363,-1.5410323825049055,-1.0665074030223092,-1.0553906695700621
1,2.5844924474589384,0.6506926726898973,0.6506926726898973,2.6746904431333296,0.0,1.0,0.0,0.0,0.0,0.0,-0.03936975928601464,-0.012461665008840458,-0.6962892449176967,0.5664199160730667,-0.23503366599740136,0.3647571027293608
1,1.2274189097983144,-0.9407714020827209,-0.9407714020827209,1.9478777599689945,0.0,1.0,0.0,1.0,1.0,1.0,-0.47323337521803027,-1.6979909329409466,-0.7335773628270852,-0.2433876444278805,-1.1765659593148912,0.03944726315851488
0,4.935138368379937,7.163782994089156,4.0811148144859315,7.163782994089156,1.0,1.0,1.0,1.0,0.0,0.0,1.072616716980822,-0.2746885802087148,-1.4670420513438132,0.4849067958989334,-0.18733659400196673,-0.6005888297848329
1,6.361116978081094,3.713222863057142,3.713222863057142,5.257558649164045,1.0,1.0,1.0,1.0,1.0,0.0,0.5772173840371397,-0.27420043743921696,0.31277050444064747,0.3320185905486196,0.48746436190606246,-0.20249587678623504
0,2.8422487502423603,1.8636466091874164,2.547526940941879,1.8636466091874164,1.0,1.0,1.0,1.0,1.0,0.0,-0.15131676252570386,-1.355376409163597,-0.9839615923316365,-0.2914452298575561,0.026620791282134126,-0.24045782821158468
0,-0.07574391038181516,0.1508826752376053,-0.7462777438527741,0.1508826752376053,0.0,0.0,1.0,0.0,1.0,0.0,-0.9973213893440959,0.37803402252080875,0.41190955638430005,0.47681572207957723,-1.61747060225717,-2.198279244167452
0,5.185809493075404,8.05558330975767,2.773308638059693,8.05558330975767,1.0,1.0,1.0,1.0,0.0,1.0,-0.24690354861518932,1.6377998249003103,-0.961661805211163,0.7848697021840574,0.8109312946974716,-0.3600395199525267
1,3.5835107348136637,2.662343993448949,2.662343993448949,5.591396152193999,1.0,0.0,1.0,1.0,1.0,1.0,1.1076157076727842,-0.5444107139208246,0.33744678839014425,0.8770530118668205,-1.0554300048337957,0.31529254669078477
0,3.3318649170431107,2.6706554501259414,1.6372551889673874,2.6706554501259414,1.0,1.0,1.0,0.0,0.0,0.0,-0.06099732341402526,-0.32428582556960656,-1.313290979094269,-0.2959439620947256,0.5464350152813502,-0.581356153516905
0,2.847792423411642,6.0872076392235215,2.3634121899551666,6.0872076392235215,1.0,1.0,0.0,1.0,1.0,0.0,1.486643809959798,1.3353203595143648,0.9065214719529264,-1.1167774142500022,0.3861889479132965,0.8515420310529138
1,3.6772353223839556,1.4949129383629793,1.4949129383629793,4.407356173676621,0.0,1.0,1.0,1.0,1.0,1.0,0.6783476603338152,1.358595728762586,1.59336387932736,0.5787940821752154,0.4434445591156019,0.5282439356545813
1,-1.448807605717092,0.8974801156766278,0.8974801156766278,0.8715961063999256,0.0,0.0,0.0,0.0,0.0,0.0,-0.19460407562217635,0.22342197582897116,0.12070308907938304,1.5151617333992036,1.0262517671568827,1.126793132428862
1,5.907816099192912,5.241145868694882,5.241145868694882,3.197182418416601,1.0,1.0,0.0,0.0,1.0,0.0,1.408207155460805,0.07001305836123806,-0.2282657637481805,1.377531376741255,0.0013556870543318042,0.10453802512973945
1,-0.10044862648028774,-0.22563175079537118,-0.22563175079537118,0.6422474296444967,1.0,0.0,0.0,1.0,1.0,1.0,-0.9777335654453739,-8.267867961075925e-05,-0.47070376841709755,-1.6395502282138827,-1.484905182479233,-1.3965357017376654
0,-0.273242541796505,-1.073621338869816,-1.1730071023550028,-1.073621338869816,0.0,0.0,0.0,1.0,0.0,0.0,-0.4820252099353651,-1.0089577435480153,0.957931727224214,0.408989900995984,1.4896467620212506,0.15134831104995777
1,-0.17442547477488723,-0.023768305829148906,-0.023768305829148906,-1.3484598244649741,0.0,0.0,1.0,1.0,1.0,1.0,-0.800382264822279,-0.8229407583314566,1.3199764014480455,0.6334886389986071,-0.5524384068862308,0.5907134561679228
0,4.301677324567498,5.99852853035252,1.633126520782319,5.99852853035252,1.0,0.0,0.0,1.0,0.0,1.0,-0.4379785733910569,2.8805591442676812,0.6911809890181781,1.1744680010351742,0.7809948539181635,0.953291208118814
1,1.2989334971839988,1.9576473270596013,1.9576473270596013,2.248854127201725,0.0,1.0,0.0,0.0,0.0,0.0,0.7159693566640847,-0.3846532198271406,-0.5213839190912538,0.09460882149627292,0.16527076692132142,-0.954719475371044
1,0.6759361836386909,-1.2606135096977844,-1.2606135096977844,-0.3715326476166283,0.0,1.0,1.0,0.0,0.0,1.0,-2.2341189848797276,-1.1406211803647581,-1.5479243075087379,-0.5842941177483166,-0.7126869143554839,0.25233720997806874
0,0.9769601521064606,-0.8350236506231281,-0.5628387334247992,-0.8350236506231281,1.0,0.0,0.0,1.0,0.0,0.0,-1.772969315518763,-1.3725093888667876,-0.9283027084469019,1.0283159825178703,-1.7079733853776897,0.5028977989285478
1,4.145809324977892,0.3242456974705342,0.3242456974705342,3.1614414954119194,1.0,1.0,1.0,1.0,1.0,1.0,0.22601395989208903,-2.2019975926265567,0.8498077692188879,0.7916590294101912,-0.23180933936435766,0.29876037257911514
1,4.290256759552841,1.4575178933406159,1.4575178933406159,1.7424843804577976,1.0,0.0,1.0,0.0,0.0,0.0,-0.7410318506037628,0.9815453537791803,-0.8383047720959722,0.5073381367341487,1.630044047503619,-0.03884350588845398
0,-1.2630686246681364,0.978547370182368,-1.292157396777466,0.978547370182368,1.0,0.0,0.0,1.0,1.0,1.0,-0.7300840830040072,-1.7694081430368716,0.5687052734247136,-0.2748118215751769,-0.6949325581690746,-1.0095783078468707
1,6.251344170835542,6.364403359356491,6.364403359356491,3.919737538059749,1.0,1.0,0.0,0.0,1.0,1.0,2.0396340833847724,0.3893582617792788,-1.019738012309239,-0.49316883423593194,0.4809037939899712,0.3010325991374649
0,-0.6860980947868538,-1.2469220558420626,-0.5863803629468997,-1.2469220558420626,0.0,0.0,1.0,0.0,0.0,0.0,-2.2436484353914725,-0.05861784396621644,-1.181910977229774,-0.44119090607043265,-1.497626817655179,0.4302088505980529
0,0.6905401055385878,4.53988671947163,1.6889302457605646,4.53988671947163,0.0,0.0,0.0,1.0,0.0,0.0,0.6376787439206046,1.1169255695410507,-0.017760952661244722,1.4129737791897268,0.5091030696554464,1.0215112416765757
1,2.1270609461134917,0.2637775274773868,0.2637775274773868,1.4854753837594816,0.0,1.0,1.0,1.0,0.0,1.0,-0.6229508006276415,-0.37747271885276323,-1.8935640509193894,0.19549577438056753,-1.060680868598663,2.2539483531815026
1,2.6922345897685007,0.9442529205921402,0.9442529205921402,5.179721595763083,1.0,1.0,1.0,0.0,1.0,0.0,0.8480942993177002,-0.46567505605998427,0.8464470030495721,0.07078181429510733,0.7906007906168138,1.1711853499348148
1,2.441876374610042,3.028447777787441,3.028447777787441,4.301265464046017,0.0,1.0,1.0,1.0,1.0,1.0,0.4370016452716071,-0.1485959788918131,0.4602834913199384,0.35361112007157935,-0.5043806364913689,0.48399921333044127
1,5.380877154834538,2.2570861836754292,2.2570861836754292,1.4309321104435888,1.0,1.0,1.0,1.0,0.0,0.0,0.5855018758008079,0.15779907422124007,-0.9424257308628735,-1.0015729120419503,-0.5793402024059738,-0.15474543680997116
1,3.394046206196486,1.024824371860243,1.024824371860243,2.73728992640028,0.0,1.0,0.0,0.0,0.0,0.0,0.9053554814533532,-0.4056782064785727,0.7155690173976094,0.5545856164502067,1.8689052095407188,-0.32446035757056046
0,0.139965188315148,-1.025383603883022,1.4102626188572516,-1.025383603883022,0.0,0.0,1.0,0.0,1.0,1.0,0.3239805227333083,-1.446501110417731,-1.3054177254983865,-0.8103509720385734,-1.2419801333280656,0.08582875719671423
1,4.450663930359727,1.1481105501208608,1.1481105501208608,4.16205449072677,0.0,1.0,1.0,1.0,1.0,1.0,0.8613334549496937,-0.09275083975097415,-1.3298077988353265,-1.0013265181502877,0.5845998626230037,0.27391615270076297
1,3.300080808535202,4.860410487506319,4.860410487506319,5.178774215418084,1.0,1.0,0.0,1.0,0.0,1.0,1.186998158322023,0.4240071125379909,0.02734843675469112,-0.3700880585278448,-0.6189206668014653,0.9816854036836216
1,1.365147292837365,-0.13415896698824256,-0.13415896698824256,-0.7448344125025588,1.0,0.0,1.0,1.0,1.0,0.0,0.08886560939924233,-1.5589889705754114,-0.4390713453527434,-1.519236097043067,-1.8740939805613726,0.2681451057253972
1,0.5123281824344069,-1.0120770170758653,-1.0120770170758653,3.118518150949482,0.0,1.0,0.0,0.0,1.0,1.0,-0.3916043291009369,-0.8085773856414792,0.04674217810394116,0.16995718641096635,1.7939994135793595,0.4744565943467297
1,4.092082971990365,2.647624261136395,2.647624261136395,5.037158470139531,1.0,0.0,1.0,1.0,1.0,1.0,1.113860893506612,0.11291579545504762,0.13036408665094426,-0.09274849583136915,0.6146142951987593,-0.09591473787918472
1,3.5523808498486265,0.7587104772155103,0.7587104772155103,2.103778789952838,0.0,1.0,0.0,1.0,1.0,0.0,0.23133708111518245,0.7332413835314764,0.4393191082731057,-1.1486768962520135,1.1995239292247308,1.5960912595788557
1,2.0162306361020463,1.9608008300434996,1.9608008300434996,4.342117390105875,1.0,1.0,0.0,1.0,0.0,1.0,-0.5080000026385896,0.44736016446260696,0.9259848646522779,0.7846717441883332,0.5851365861446826,-1.3853730917317666
1,-0.17916382059685543,-1.6206980569191702,-1.6206980569191702,-1.3700961911117613,0.0,0.0,1.0,0.0,1.0,1.0,0.14692060933467063,-1.8036565224169916,-0.5477636833061555,-1.394977621333045,-0.2799393315966118,-1.6744454565746598
0,-2.5600332787195645,0.8166017532289802,-2.384606243929091,0.8166017532289802,1.0,0.0,1.0,1.0,0.0,1.0,0.03768062410385639,-2.026583604921107,0.40245834424402105,-0.7143062156276168,-0.6840573911024094,-0.6931374657060314
1,0.9118697036718507,0.18648086922729654,0.18648086922729654,-1.0934626396218783,0.0,1.0,1.0,0.0,1.0,1.0,-0.7090643536216779,-0.35876346209308063,-0.014937884918767519,-0.5218124552864644,0.7104854563537453,0.6393096927951145
1,2.540015967047145,0.5584766356113231,0.5584766356113231,5.428898711300098,1.0,0.0,1.0,0.0,0.0,1.0,0.5488887618087691,0.6525619471189412,2.0673439914463208,0.5198000531313269,0.861013686954349,1.0714247435283437
1,2.1061962831900067,1.1245255059526447,1.1245255059526447,2.359339725972367,0.0,0.0,1.0,1.0,0.0,0.0,-0.6672667176548001,0.8496405735969316,0.1823200132543682,0.7180285961789056,0.6097829190894443,1.5316627075768456
0,0.9370707336417081,4.50628908559,0.7010484481008485,4.50628908559,1.0,0.0,0.0,1.0,1.0,1.0,0.6674417252816671,0.9412268875296195,2.206552993366209,0.5113362874319236,1.3081967323756845,0.7101435286846152
0,-1.155824829712374,0.5925753282778536,-1.7483798784336761,0.5925753282778536,0.0,0.0,0.0,0.0,0.0,1.0,0.36269950773748294,-0.966515348066573,0.6739638594754243,-0.9373287288267791,-0.9985120687465743,-2.2727818660676444
1,-0.4737230097100872,-1.8927038177535782,-1.8927038177535782,0.2447305121768406,0.0,0.0,0.0,1.0,1.0,1.0,-0.6583563029509948,-1.831831716717411,0.6370003267673668,0.7579703785080021,-0.8242737319405469,-0.09916903272066879
0,1.1714765280265107,0.2785460498869609,-0.7130239700500796,0.2785460498869609,0.0,0.0,1.0,0.0,0.0,1.0,-0.5191053860317235,-0.880441436018891,-0.5341985640537761,-0.3514569434639856,0.5324383843372538,-0.5251593448798941
1,4.830859757787286,3.5999665337876148,3.5999665337876148,4.604563120041534,1.0,1.0,1.0,1.0,1.0,1.0,-0.9455590115854702,0.8626236532933371,-2.6137402586910525,-0.4183116056652449,0.4203672662299588,-1.8552129316447288
0,-1.5473829098565322,1.1590845248440915,0.9725421284235278,1.1590845248440915,0.0,0.0,0.0,0.0,0.0,0.0,-0.17735420169473506,0.5601279545438902,-0.6858215321732946,-1.5723210641820597,0.7290494083194254,0.9673426637677742
1,0.8141120541707265,0.3162949167534741,0.3162949167534741,1.4704090927041564,0.0,1.0,1.0,1.0,1.0,1.0,-0.3491793530971239,0.10289944228006845,-0.5708867976057643,-0.7007410136515351,1.1273937510821888,0.28909932427761215
0,2.5652023791594094,4.07825752326261,2.4455968295423687,4.07825752326261,0.0,0.0,0.0,1.0,0.0,0.0,1.0832917245894034,0.7286461659520431,0.7902104488664075,2.754265819009772,1.5596606815987069,1.9580640423304956
1,0.37397834825026766,-3.6453004438419088,-3.6453004438419088,1.577420869904596,0.0,1.0,0.0,1.0,0.0,0.0,0.320444857569956,-1.7205963705468594,1.0734375546192705,-0.03533631842853158,2.6791008269490604,1.4955647834630126
1,0.4443688618022148,1.7008242235403768,1.7008242235403768,3.5232864115901976,1.0,0.0,0.0,0.0,0.0,1.0,0.6543527481788469,-0.7763921680510472,-1.299420352309157,-0.34879175159684306,-0.7649630876199742,-1.2290554224210541
0,1.7397018059121254,0.1974758257179987,0.08934136170353985,0.1974758257179987,0.0,0.0,0.0,0.0,1.0,1.0,0.36590185490708776,-0.6368755763317078,0.10166895562397171,1.781480748509504,-0.35948235290986275,-0.5488426651652305
1,5.505281469869993,2.1946244184638677,2.1946244184638677,3.440070784356176,1.0,0.0,0.0,1.0,0.0,0.0,1.3406269603957308,0.6316075377777148,1.369105358047366,2.0649438312416444,1.6531122701170935,1.6489936745427034
0,0.46680328414748334,2.196592371434836,0.2615458329522358,2.196592371434836,1.0,1.0,0.0,1.0,1.0,1.0,-0.5077007997583858,-0.8905323558209123,1.2923103217358267,-0.3811747104197108,-0.8031597698428955,-0.29029192438820306
1,2.854711405421253,3.039756692103887,3.039756692103887,3.155040405008766,1.0,1.0,0.0,1.0,1.0,1.0,-0.39765538285012075,-0.42794864116829745,-1.3763378764382384,1.1996649353582494,-3.446964724385923,-1.5787316960552908
1,4.022464923118627,1.5903100632128961,1.5903100632128961,4.179513499144638,1.0,0.0,1.0,1.0,1.0,0.0,0.7242572052864514,0.07773611550529513,-0.9029850629257972,-1.968575923924326,-2.1594537012345554,-0.5636583880124216
0,1.4908900723283272,2.6099214301848557,1.2504359063074886,2.6099214301848557,0.0,1.0,0.0,1.0,1.0,1.0,0.06279302420577855,0.975203268344324,0.46097993280084426,0.6692791522504754,1.9161795756153246,2.0047877603964728
1,5.494733927516815,3.307411577348115,3.307411577348115,3.816730750652594,1.0,0.0,1.0,1.0,1.0,1.0,1.286041876260945,0.9213506944859992,0.7790719448661455,-0.951996782683153,-0.12422724320971068,0.9602701827331124
1,4.94499296918308,2.9288877383234473,2.9288877383234473,5.021979582487844,1.0,1.0,1.0,1.0,1.0,1.0,1.166283284519988,0.7754987225647989,1.3542171167173516,1.468782601830752,1.2851975272419927,0.6970770935403992
1,2.1259920514792334,-0.7216986977976786,-0.7216986977976786,0.387138530151806,0.0,0.0,1.0,1.0,1.0,0.0,-0.5172345692094524,-0.7654216587668915,-0.5782411222839768,1.063209455720992,-0.9673385505141066,-1.5386871730756138
1,1.4278672536036936,2.952108890647689,2.952108890647689,2.332963608401126,0.0,0.0,0.0,0.0,1.0,0.0,1.0772249481847438,0.607929604336961,-0.14111750846580629,-0.20408482527757998,0.4036071432754874,0.4555509545712022
0,4.0323551188379385,5.753078990109339,2.862250519139395,5.753078990109339,1.0,1.0,1.0,0.0,1.0,1.0,-0.17342836323071287,0.47131742020500267,0.34854049972324586,0.9733982390883424,0.0033857478563920074,0.6044739967912389
1,2.089314336544212,-0.8203770712150127,-0.8203770712150127,2.2299218100643428,0.0,0.0,1.0,0.0,1.0,1.0,0.13798953387806284,0.21083145101856166,-0.06298811374855721,0.3701756232690645,0.06658682581232014,-0.33462785497485786
0,-0.09582135626158955,3.1192565531525096,-1.4033460081989997,3.1192565531525096,0.0,0.0,0.0,1.0,0.0,0.0,-1.1991666935497163,1.5192644600510468,-0.27028457154249486,0.6881778165133379,-0.3228750542382245,-0.3988420089018289
1,5.50757983497169,3.675614560719062,3.675614560719062,5.744985067347368,1.0,1.0,1.0,0.0,1.0,1.0,0.2976875065280042,0.5960604262118723,0.34856255794957375,0.9984094225477858,0.8731282429991071,1.2054831060665603
0,1.7115521789330526,0.5346822779264655,1.8405947476725593,0.5346822779264655,1.0,0.0,0.0,1.0,0.0,0.0,0.32981924015036496,-0.9652231958979499,-1.605240882861939,-0.8866121764142904,-1.0685003774902604,-1.3652907804348737
1,2.8976425191622894,-0.81436840629929,-0.81436840629929,2.586937388926447,0.0,0.0,1.0,1.0,1.0,0.0,-0.5324210409247488,0.12779140365838038,-0.1262552047319031,0.9297115278556108,1.4870746939457216,0.7836555025962217
0,3.8750789627126925,4.173682759597286,4.011648547075668,4.173682759597286,1.0,0.0,1.0,1.0,1.0,0.0,1.5053697522599392,0.7840060634617124,0.8372956081418699,0.7518258987411969,-0.21071815394811494,-0.4558351700845191
1,2.5052478916597094,3.523129754633238,3.523129754633238,3.6264776441333257,1.0,1.0,0.0,0.0,1.0,1.0,0.025763135566879487,-0.2587146088078873,-0.2588664353876845,0.8578815906395949,-0.046550910383588426,0.7731524346948477
1,5.076580648093564,4.854340881924508,4.854340881924508,4.24626646666393,1.0,1.0,0.0,0.0,0.0,0.0,1.285061740788624,-0.20271607930223712,0.33530411888971967,0.18881542587943478,1.550645844398691,-0.005801701747558674
0,1.3370318461178345,2.6499786361115776,-0.14853863068466172,2.6499786361115776,0.0,0.0,1.0,0.0,1.0,1.0,0.058339897495456115,-0.896263166088958,1.2198668800803496,0.6532118443572112,-0.03357167873943952,-0.42204625702340554
1,3.425840773188159,1.3970227026978872,1.3970227026978872,3.5177606151056704,0.0,0.0,1.0,0.0,0.0,1.0,0.8771897897515789,-0.9077507536155365,-0.2951966693441907,0.3871239440948372,-0.7268782991705998,-0.02270958371529075
1,2.9280701600278887,-1.4346790445346551,-1.4346790445346551,1.2774860402017718,0.0,1.0,1.0,1.0,1.0,1.0,0.06503471741495358,-0.09019561017577377,0.5150703026859088,-1.4559530517080637,0.3027284265201924,-2.0040577747186417
1,5.823037354223066,5.462414412608813,5.462414412608813,4.899992665979568,1.0,1.0,1.0,1.0,0.0,0.0,0.49622496159553375,0.2749525509044686,0.8910370778767971,1.7444411274235876,1.3202575453088232,0.4579413559269358
0,2.344885116171612,3.358886939169104,1.069944812468949,3.358886939169104,1.0,0.0,0.0,0.0,0.0,0.0,0.44618494595754593,0.04939782586317765,-0.929949229932961,-0.2503977252278003,-0.834256628597516,-1.8337226952675834
1,4.168979963730512,0.692644438700245,0.692644438700245,3.873639200782252,1.0,0.0,1.0,1.0,1.0,1.0,-0.31016420463934,0.35205874412317406,0.055852154358872114,-0.01691843097049503,-0.5112296914986434,0.10946727608169916
1,4.253692156056531,2.6336062016318507,2.6336062016318507,4.739472854103449,1.0,0.0,1.0,1.0,1.0,1.0,0.26741709572539135,0.6018898827588749,0.6463904191870481,1.6120604485789873,1.5827730559000144,1.1397887946101308
0,2.60642189201758,4.747749931480147,5.473181371978018,4.747749931480147,1.0,1.0,1.0,1.0,1.0,0.0,0.3399381975728165,1.5156822871973563,1.1670381981354034,1.1263284886603058,1.8669710611173131,-0.1506577897529573
0,0.25321721848891743,0.6482890926596173,2.392259765295404,0.6482890926596173,1.0,0.0,0.0,0.0,0.0,1.0,-0.7465131506734097,0.04838238863519673,0.9945674722755049,0.8608054880525786,0.2696613352046443,0.676211421482785
0,1.989328525143799,4.509768703297876,2.9323187913973343,4.509768703297876,1.0,1.0,1.0,1.0,0.0,1.0,-0.2652459534627041,0.6595376380756094,0.4924759677109214,0.6446650829434637,1.0958614288873922,0.4722283875923684
0,-3.04806639627345,0.9726418326668389,-0.9949614682926101,0.9726418326668389,1.0,0.0,0.0,0.0,0.0,0.0,-1.0221308371479734,-2.0735335636212566,-0.7347646629880603,-2.1940143461917923,0.018436212352234027,-0.28887002153753194
0,1.3748770578660447,3.7368682085021314,2.1383596831394804,3.7368682085021314,1.0,1.0,0.0,0.0,1.0,1.0,0.1869887454960846,0.18368185075805077,1.3116020514241868,1.7481657008854683,-0.09806484077357158,-0.34525990155922803
1,6.1554884059095265,0.8442360120424974,0.8442360120424974,2.896759554760825,0.0,0.0,0.0,0.0,0.0,0.0,1.277206265089625,0.7245650137405075,0.4965349307035419,0.37715312084516883,1.4533798123661896,0.18695946050314483
1,7.655869243059382,6.319804271537633,6.319804271537633,8.168117386693329,0.0,0.0,1.0,0.0,1.0,0.0,2.1342244964021875,1.99753805834594,0.7076718668974915,2.0905939217113736,1.9813496523511454,0.741605617132783
0,-0.0933360072199298,0.1100883436686868,-1.077371323937307,0.1100883436686868,0.0,1.0,0.0,0.0,0.0,0.0,-1.1694120936089678,0.4285845497714132,0.3479140839881022,0.18660910557830657,-2.1434063717149594,-1.20480552871282
1,3.857021582441222,4.608639104786106,4.608639104786106,5.969792394632317,1.0,1.0,1.0,0.0,1.0,0.0,-0.06483397595662808,1.317582513417554,0.6211803287745394,-0.26039487573071324,0.3481383964349449,0.7221385512474752
0,0.9795367137476634,7.119703899028946,4.121831002309377,7.119703899028946,1.0,1.0,0.0,0.0,1.0,0.0,-0.8807649497004948,2.0122557480156074,1.1998239919398226,1.308985508129911,2.2712759774033766,2.429234620236281
1,2.952821604220491,3.162714743172715,3.162714743172715,3.4130478763957477,0.0,1.0,0.0,1.0,0.0,0.0,0.96806744573188,0.6041128548148659,-0.154803124304146,-0.07281873499497155,0.8770984918149142,0.6756869849582647
1,5.757168488653897,4.67590104081254,4.67590104081254,5.12057806317152,1.0,1.0,1.0,0.0,1.0,0.0,1.0043486901727658,-0.3182912802223227,-0.31265087549321696,-0.9283498153379841,-0.7965467953171798,-1.0119399381276972
1,5.486447571992776,5.420224343000754,5.420224343000754,4.406778773878525,1.0,0.0,1.0,0.0,1.0,1.0,1.457003532648801,0.6444838313463154,0.9530158963799196,-0.03709057878251025,0.7143977343982592,0.01853825592562941
1,8.982440387937757,5.848677391297859,5.848677391297859,8.271581529302066,1.0,1.0,1.0,1.0,0.0,1.0,2.2332192613973496,1.5920860393695548,1.2573738150657825,1.6333453497702473,0.8603776984433359,1.495977426583249
0,-0.7399894650884835,-0.3539272481610074,-2.287349622706976,-0.3539272481610074,1.0,0.0,0.0,1.0,0.0,0.0,-1.149264906725378,-1.1937778394542968,-0.30450371367062223,-1.308669904825897,-1.7228493509583616,-0.7704284536679448
1,4.031598259308603,0.8745745931905096,0.8745745931905096,4.429263979062499,1.0,1.0,0.0,1.0,0.0,1.0,0.6322748333720447,0.017955499179664436,0.5618401426929471,1.5608749105745667,-0.3777129643316412,-0.09207384576908598
1,2.433523209294118,2.2859723920030603,2.2859723920030603,3.5085713140957746,0.0,0.0,0.0,1.0,1.0,0.0,0.3376730716022718,-0.8934705062482673,-0.6731631253169915,0.3433023689042073,-1.3452846867105044,-0.8331291836195148
0,-1.2261463321285127,-0.07670237774398103,-1.03302074182478,-0.07670237774398103,0.0,0.0,1.0,1.0,0.0,0.0,-0.7427188637409813,-0.8500525117911006,-0.8935436654585608,-0.34201178645378677,-0.2499615636243101,-1.1218750020397732
1,2.71870219703328,1.4648567342907943,1.4648567342907943,1.8993213765555952,0.0,0.0,0.0,0.0,0.0,0.0,0.5857635653406191,-0.3740018727828507,-0.2636869703220985,-0.14479812786237875,0.1576305945747548,-0.7613662023136857
0,4.087856191699748,3.6002016484052355,2.904298668054924,3.6002016484052355,1.0,1.0,1.0,1.0,1.0,1.0,0.5362153859500539,-0.5314442240254148,-1.3501901583224472,0.7761029539082668,-0.15133480424426857,1.3962692990676087
1,0.2845111422934803,2.4048849591892987,2.4048849591892987,2.505552859909413,0.0,0.0,1.0,1.0,1.0,0.0,-0.3270838761371771,0.16461098789296946,-1.484464971397433,-1.0644096091154298,-1.067600132489741,0.8233101798118988
0,-1.1193445847847774,1.9725267481552573,-1.071452689999656,1.9725267481552573,1.0,0.0,0.0,0.0,0.0,1.0,-1.5094159626299415,0.20228886019460723,0.3068584701170105,0.5891794546829904,-0.8409241249148722,-0.16228015706113944
1,1.72440524132776,0.8976644586879801,0.8976644586879801,2.9817464316208135,0.0,1.0,1.0,0.0,0.0,0.0,0.6920241939414749,-0.19528088091055762,0.23907244909860775,0.6589580235479254,0.7469382355420362,1.2592387127877154
1,2.215375816931049,-0.3510736008002556,-0.3510736008002556,-1.4581284569035728,0.0,0.0,0.0,1.0,0.0,1.0,0.32342336034069347,-0.5205608464906324,0.9537492042168512,0.8654325743032774,-0.46697557530216394,0.8050066794120736
1,3.8249244473166244,1.464978320192385,1.464978320192385,3.8110080992917004,1.0,1.0,1.0,1.0,1.0,1.0,0.1636779786412248,-1.60011739140346,-2.1175334844330256,-1.2497970670090415,-1.70098260848282,0.8680074296255884
1,-2.614203053516185,-0.3676030304587461,-0.3676030304587461,-0.3686767631808767,0.0,0.0,0.0,0.0,1.0,1.0,-0.8911646499351934,-0.12123180624131678,-0.17599431934919732,-0.8312954755165982,0.7008690177287654,-0.1806017473025956
0,1.6128407164891603,3.663464607616345,1.1856989075769784,3.663464607616345,1.0,0.0,0.0,0.0,1.0,0.0,-0.9972024940065999,1.2525871840020013,0.5916082981574478,1.5120807450299305,0.2963413513547979,-0.4403453498904289
1,1.4453415166173205,0.9068473643438526,0.9068473643438526,3.9934088144190745,1.0,0.0,0.0,0.0,0.0,0.0,0.30570783367268756,-1.2904365919813665,-0.8673911957823308,-0.6961730166764155,-1.4553224117642483,-0.9190630250934888
1,1.200006625648306,1.0204755110982489,1.0204755110982489,2.3037588300813225,0.0,1.0,1.0,1.0,1.0,1.0,-0.050253275594712966,-0.6610515664534907,0.5020719582563581,1.6691510826835798,0.5775078528254539,0.6641422747701021
1,5.883274543299976,1.7178033219071014,1.7178033219071014,3.349020582670998,1.0,1.0,0.0,1.0,0.0,0.0,1.0358865265205857,-0.5707284861721508,0.9504774354717016,1.5809857055356429,-1.3518792300711113,0.496723555316385
0,0.4634066045598369,0.8302375868126846,-0.22743980943281528,0.8302375868126846,1.0,0.0,1.0,1.0,0.0,0.0,-0.1798661195717697,-0.7040470514230963,0.2264310624849475,-1.2329273763956339,-0.08084238731194048,-0.11996897417671355
1,7.335717055495544,6.260512837288742,6.260512837288742,7.827227074840456,0.0,0.0,0.0,1.0,0.0,1.0,1.8550362471107014,3.1125286659224924,1.913523402425457,1.3013287682088288,1.4203209860035138,1.810572894484359
0,2.2731772333633984,4.2127626710498935,2.8977729465763513,4.2127626710498935,0.0,0.0,1.0,1.0,1.0,0.0,0.8144507181240245,0.7611658683083546,-0.4799240160822147,1.0565613943369905,-0.029580865718279142,0.19057827260412863
1,0.43147547193041036,-1.6158988135330152,-1.6158988135330152,1.3990995467255982,0.0,0.0,0.0,0.0,0.0,0.0,0.2788567285336872,-1.0848910327770025,-1.6708024258471341,0.1460794298758146,0.3071525207630453,0.5872399955666034
0,-1.0360854137017423,2.507024080683759,-0.25174552757171387,2.507024080683759,1.0,1.0,0.0,1.0,0.0,1.0,-0.9873962820742659,-0.6133709700952321,0.38565838407198566,0.21969761181469316,0.2792865057313706,-1.305652475609168
1,4.414674199977894,1.805567149371405,1.805567149371405,3.5951414919219857,1.0,0.0,1.0,0.0,1.0,1.0,0.31522001195906296,-0.37494498926774156,-0.11000572682922649,0.04953351879063794,-0.29296267594411685,0.2858805611658323
0,1.0487796690448765,2.6302833360187443,3.3680622200809744,2.6302833360187443,1.0,1.0,0.0,1.0,1.0,1.0,-0.20346479338531773,-0.0796817894466395,-0.6286174224483031,-1.2137019689695332,-1.0860819966486628,-1.021464463690004
0,-0.9939482958732979,-1.5696100500047159,0.012682719079738058,-1.5696100500047159,0.0,0.0,0.0,0.0,0.0,0.0,-1.2203316883408404,0.09554422934204021,-0.5943931192989824,0.15652237095204452,-0.630436926245587,-1.9153658781687404
1,4.581746076178033,3.40039157247093,3.40039157247093,6.144212236894385,1.0,1.0,0.0,1.0,0.0,0.0,1.1552390322780741,1.2853652723266793,0.27311281118829434,0.3984479895770483,0.808594826315588,2.184258561286268
0,-1.0178404002657058,-1.4705572319037588,2.718607389102251,-1.4705572319037588,0.0,1.0,0.0,1.0,0.0,0.0,-0.27085970437686696,-0.08723935711483977,1.6634334722898778,1.6834981784399834,0.4715726247601406,0.2551605716933555
1,3.999544457911794,1.7732361894877673,1.7732361894877673,3.625519002235075,0.0,0.0,1.0,0.0,0.0,0.0,0.32559244818735755,1.9687716107360211,1.4079930948877724,-0.04917606442076333,0.20836284127795135,1.2712487519423794
1,4.176833737243737,3.7700083438525898,3.7700083438525898,3.825463265877339,0.0,0.0,1.0,0.0,0.0,0.0,-0.11011104399114108,1.6931300414914299,-0.6556079083174624,0.40406716145532195,2.05003654289777,1.565722333631713
0,5.2245017492788275,5.584757348060199,2.316118053154609,5.584757348060199,1.0,0.0,1.0,0.0,1.0,0.0,1.1710631521117494,1.402979576029491,1.2617829798798628,0.9989970728355327,-0.30610936577321946,-0.5064619714279586
1,3.7638023963095586,-2.215704438741573,-2.215704438741573,2.925165080242892,0.0,0.0,0.0,1.0,0.0,1.0,0.8776841415662543,-1.9295099106531453,-1.7211187200240161,0.37158237364098434,-2.7611460448084895,0.030787198026650975
1,5.866933774647871,2.579110439354452,2.579110439354452,6.483466233564918,0.0,1.0,1.0,0.0,1.0,1.0,1.5032508618737592,1.404278526099566,0.6559085583726748,0.6444902245150069,0.4231663567431227,0.28948528908654125
1,4.291100055751578,-0.8877539743144971,-0.8877539743144971,3.707763310392272,1.0,0.0,1.0,0.0,1.0,0.0,0.9655586978960088,0.4824019287909141,1.614970774263616,0.5092768271440525,0.20834730125016165,0.8120858727005574
0,3.6018591045830446,5.519499513200938,6.030551874739027,5.519499513200938,0.0,1.0,1.0,1.0,0.0,1.0,0.8169277953335662,0.2505034317529381,-1.5596933705032803,2.359896416483047,0.03266144052118197,-0.49937184373087695
1,3.87802529667598,0.8849205379295634,0.8849205379295634,0.41889906134116184,0.0,0.0,0.0,1.0,0.0,0.0,0.9313692996519857,-0.6044877011943331,-0.23180155364514798,-0.6702750981144622,0.8659677400474263,1.5149182369206275
1,3.5170739259847137,0.20410242713229731,0.20410242713229731,1.7843385842428883,0.0,1.0,1.0,1.0,1.0,0.0,-0.16077144638557134,-0.05317752588257449,0.5941273958685123,0.5720138163993275,0.19906086245541432,-0.5298327569890484
0,5.279613499924303,8.415056333202621,5.562552439046673,8.415056333202621,1.0,0.0,0.0,0.0,0.0,0.0,1.92734625896851,2.426224654718755,0.10720587622200073,0.14006985050428278,1.4288412846460217,1.3787535102268882
1,5.056332777456041,3.115187432040866,3.115187432040866,4.1200844166673285,1.0,1.0,1.0,0.0,0.0,0.0,0.7727975222388777,0.26971104553180586,0.6054219920620914,-0.6853912837242726,0.8334258782337927,0.7784103815165766
0,3.2931161317291915,3.934584206317536,2.469199240083375,3.934584206317536,0.0,1.0,1.0,1.0,1.0,1.0,0.2016594522499355,0.8376930469696812,0.026901400949652668,-1.311430875382206,-0.7719871128151472,-0.8683671373161717
1,2.9436519094140072,2.7761277364202437,2.7761277364202437,1.7054419813451296,0.0,1.0,1.0,0.0,1.0,0.0,0.16324229505859178,0.4070601190950659,-0.39768284681648386,-1.4786846322763103,-0.2527422350473194,-0.4031983158910828
1,5.491880786392679,2.11389848804027,2.11389848804027,4.149558180570909,0.0,0.0,0.0,0.0,0.0,1.0,1.2529305157727029,0.2627520401564055,-1.1542408732345448,0.02229883310437697,2.578656321043389,0.6126471814316734
0,-1.579117341564347,1.4679288585480332,-0.2653087214064602,1.4679288585480332,1.0,1.0,1.0,0.0,0.0,1.0,-1.521008208412666,-0.6747830862417992,-2.5374021440787278,-2.0138667319309165,-1.889267022100054,-1.8781136018681446
1,2.8723056436904546,2.095742274470127,2.095742274470127,3.157354975802066,1.0,1.0,1.0,1.0,0.0,0.0,-1.127558552358457,-0.03145015573382372,0.0872221467788928,0.1767812559140984,-0.0328565355905477,0.1818510902249648
1,0.8560742056118053,1.3156578739981866,1.3156578739981866,2.2723002443214924,0.0,1.0,0.0,0.0,0.0,1.0,-0.3756116671806419,0.04493848081708101,-0.03138996619715961,0.11972077446085305,-0.8685097497078847,0.4778217271831336
1,2.3992097638230616,-0.5939360808326317,-0.5939360808326317,1.3368643871630086,0.0,0.0,0.0,0.0,0.0,1.0,0.10765483294791399,-1.0858129795116214,-1.0743188846673664,-1.211914737506755,-0.8229880677854825,-0.9370319074462768
0,1.4820863138227576,-1.5497626519216172,2.113241815313701,-1.5497626519216172,0.0,1.0,1.0,1.0,1.0,1.0,-1.0610957191866324,-0.8593811194232391,-0.7549280316835258,-0.04088942662058925,-1.5289808920625294,-0.7251357161397607
1,6.551584136118856,3.8445337765487313,3.8445337765487313,7.712896475030676,1.0,0.0,0.0,0.0,1.0,1.0,1.339278159898506,1.8502271749191856,1.313684050192495,2.0526667970273706,2.6365730948780532,1.3785084509595043
0,1.9087622161429936,3.32057923207593,-0.5267267343033063,3.32057923207593,0.0,1.0,1.0,0.0,0.0,1.0,0.2455373810740685,-1.0351512701523142,0.8547764486210915,0.18288886572108476,-0.8393651874893264,0.7771619465362227
0,2.2366915798819584,1.3064857800761607,0.8716684873960541,1.3064857800761607,1.0,1.0,1.0,1.0,0.0,0.0,-1.2552882342862475,0.3285172386231081,0.41772688184983653,-1.9775031881483296,-0.581005543102438,-1.1716693130390703
0,0.5911440542240383,1.417276723860615,-0.15820047461560727,1.417276723860615,0.0,1.0,0.0,1.0,1.0,1.0,-0.1317014301556314,0.05818187425727461,-0.4570578866462957,-2.177970356771484,-0.024004265806973984,-0.010551208291282282
0,2.0997385995015145,0.23806088125784075,0.12332135121455245,0.23806088125784075,1.0,1.0,1.0,0.0,0.0,1.0,-1.8708912065941676,-1.531681547158588,-1.7773493506425313,-1.1458262366160838,-0.7670174034776203,-1.1772974074747922
1,4.612027571445002,1.771078844675415,1.771078844675415,2.694990217382573,1.0,1.0,1.0,0.0,0.0,1.0,0.8999155578481353,-0.7963916029794191,0.7004437448750491,1.211321028813461,-1.1465175074585174,1.1595267448699191
0,2.4053210036661143,2.977943999291373,2.219599671070138,2.977943999291373,1.0,1.0,1.0,1.0,1.0,1.0,-1.3737390904252753,0.7354264405668969,-1.9991844594042831,0.16218405595657914,-0.3143898242920995,-1.769607151076555
0,1.1086303090507679,0.424639241859328,2.13359814050559,0.424639241859328,0.0,0.0,0.0,0.0,0.0,1.0,-0.35805748662264125,-0.03005582628796788,-0.8072751238714655,-0.1938764495328804,1.2558015304532308,1.2975635999781057
0,1.9782120373017853,3.118899260462814,1.9264154116964203,3.118899260462814,0.0,1.0,1.0,0.0,1.0,0.0,0.266034362768094,0.3048533467730703,0.046157156366456786,0.7678532488378984,1.8985532048436051,0.5619126413130902
0,2.080367998098679,2.228577597626422,1.1961766782864889,2.228577597626422,1.0,1.0,0.0,1.0,1.0,0.0,-0.03602205058326612,-0.698364358338093,-0.5622990441299519,0.7264253546302742,1.303006148779987,-0.24544979718163984
1,4.283542003630915,2.9729928127981884,2.9729928127981884,2.140682412762766,1.0,1.0,1.0,1.0,1.0,1.0,-0.29469954347619637,-0.33974163433299703,-0.3399767725864633,-0.5344698559121143,-0.5297374957494624,-1.4733350613796086
0,0.5080392843365442,1.8776889092167404,-0.5622215181674198,1.8776889092167404,0.0,0.0,0.0,0.0,0.0,0.0,0.00990729712802624,1.0875931504818395,0.1794759936346388,-0.5997565548189072,-1.1554221842444594,-0.0744275463348315
1,-0.039184076799004375,-0.05632999475359368,-0.05632999475359368,0.8856067330661612,0.0,0.0,0.0,1.0,0.0,1.0,0.9020150078317143,0.09374716301327662,1.3196900427743086,0.49595787330705293,-0.0651336037790588,0.33964396155103815
1,6.967607080769827,5.093818980758703,5.093818980758703,7.143812025470659,0.0,1.0,1.0,1.0,1.0,1.0,3.4996280438321863,-0.32536119987843626,0.98729666058662,0.5277950971083585,0.8433048115815204,-0.013773795963493318
0,1.5143253400749144,4.094510177736192,3.149030343000601,4.094510177736192,1.0,1.0,0.0,1.0,1.0,1.0,0.13608995935085766,-0.35228505984785713,-0.34116085851204825,0.37460716474257005,0.22522997812803547,0.26089288953923023
0,1.6412538975648756,4.660935565201717,1.9964591313514042,4.660935565201717,1.0,0.0,0.0,1.0,1.0,1.0,-0.8480850208179084,1.3871702866842859,1.0274699521779298,-0.729398502081473,-0.038726620440742376,0.2594840062286296
1,1.9739666665507998,-0.2923472423324675,-0.2923472423324675,2.4034568828480163,1.0,1.0,0.0,0.0,1.0,0.0,-0.96251209035114,0.013610731421984434,-0.5888790582799126,-1.655892548381176,-2.254535291914255,-0.5715017541576035
1,5.1983972779051815,2.9831424197303047,2.9831424197303047,3.9700999880670738,1.0,1.0,1.0,1.0,1.0,1.0,-0.21849954859334964,0.7897378364799141,1.130207847791508,-0.3913998494085418,1.012000665144727,0.3145854794680867
1,2.2313150490555143,-0.2237627335490494,-0.2237627335490494,0.7035184515951386,0.0,0.0,1.0,1.0,0.0,1.0,-0.8386965667740162,0.8290887745324695,0.7739741218293084,0.785126623028656,-1.3524595930238164,0.6808255806451216
0,1.8285859512457265,2.514931277963476,0.1326860340770294,2.514931277963476,1.0,0.0,0.0,1.0,1.0,1.0,-0.3537700994418105,-0.6807867284672176,0.10399562150304265,0.5017787644626909,1.8461434986373302,1.5448872669028413
0,0.014712818021170082,2.1890812424573376,1.887022360451169,2.1890812424573376,0.0,0.0,0.0,0.0,0.0,0.0,0.3711227400799524,0.6625011527228726,-0.021707171048893914,-0.6635167125530844,-0.19155751554518685,-0.12446130379212526
1,6.01362934297633,3.0645966186938525,3.0645966186938525,4.696329758080167,1.0,1.0,1.0,0.0,1.0,1.0,1.5728317870465256,-0.27040641595097115,1.4217539303248863,1.3497130989311854,0.8267466572428868,0.6366591253311175
1,5.653638501075941,2.7554410107137235,2.7554410107137235,4.4689186084685275,1.0,0.0,1.0,1.0,1.0,1.0,0.010493006402863443,-0.6805769964895636,-2.4090390358324933,0.073192452303184,0.08734566835114699,0.5749148129901822
1,4.175542562501295,3.1810783293625677,3.1810783293625677,3.4660944564561875,1.0,1.0,1.0,1.0,1.0,0.0,0.5094372255843552,0.027250392063370876,0.5986278618032373,0.5496387855374687,1.2484862598582858,0.29793737689282984
1,6.192236429394611,1.5439008935403664,1.5439008935403664,4.148098302130002,1.0,1.0,1.0,1.0,1.0,1.0,0.3930118447401745,-0.49142611855698815,0.24926162702332844,0.7368333824047713,0.5034458698777248,-0.7747433526656793
0,4.09725116561828,7.223917136408833,5.612694112175931,7.223917136408833,1.0,1.0,1.0,1.0,1.0,1.0,0.006999017875424438,1.733461143427064,-1.019514227528789,0.13073143382516772,0.16118653642928232,1.971726583095784
0,0.8447051452209476,2.4358471976932514,2.2569572839498755,2.4358471976932514,1.0,1.0,0.0,0.0,1.0,0.0,-0.286022552999705,-0.06834245925034252,-0.5889123337937965,-0.42563676921197136,0.28555417692196106,-0.474345539432528
1,2.8612475971542364,-0.5257964414084573,-0.5257964414084573,2.358292750370127,0.0,0.0,1.0,1.0,1.0,1.0,0.01807330870780886,0.8604042146317408,-0.05214726647607232,-0.12275672900598027,-0.1271414534876238,0.5945627607660311
1,6.737746369096501,4.846605134206679,4.846605134206679,5.8840500917754115,1.0,1.0,1.0,0.0,1.0,0.0,0.6820373363056087,0.48016621423493727,-0.22954429463851378,3.2529982076111343,0.4900606086200724,-0.2082994398603415
0,3.2068132311596966,2.841765307357587,1.5220896730208107,2.841765307357587,1.0,0.0,1.0,0.0,1.0,1.0,-1.1093106222111497,0.6901541689773054,-1.261777670127167,1.6464397156321107,0.5711648116663627,0.5039145412110515
0,1.462881175489,4.583527541277947,3.52171890267483,4.583527541277947,0.0,1.0,1.0,0.0,1.0,0.0,0.10589826029592607,1.0788666734530494,-0.3818705874571403,-0.5145100370416105,0.20746676694628285,0.22903797366401207
0,3.7503627315704,4.025728264507301,1.8704227975353511,4.025728264507301,1.0,1.0,1.0,1.0,0.0,0.0,0.05441260958467286,0.7303041656973677,0.2393987493134099,1.4592290054460726,-0.5391084224345,0.16260259299844473
1,-2.478471114041769,-2.9506866271435466,-2.9506866271435466,-1.4747572151483785,0.0,0.0,0.0,0.0,1.0,1.0,-2.0048770113866183,-1.5955058193415272,-0.8846266432928614,0.1713904751490017,0.8017970282823677,-0.2104769834191285
1,-3.6910642144481365,-2.400271680683018,-2.400271680683018,-1.7884940600951862,0.0,1.0,0.0,0.0,0.0,0.0,-2.142415945275137,-1.006390016358787,-1.0003341022252892,-2.988585781913958,-1.649109945304689,-0.668107441466308
0,2.546375886886668,4.463810428278202,3.5294524965613276,4.463810428278202,0.0,1.0,1.0,1.0,1.0,0.0,2.1312351636283613,-0.5546480744041336,-1.2889224192849371,-0.5892002561800151,-0.09540996315973227,-1.8820579769761594
1,2.700507020049357,3.0173988742369513,3.0173988742369513,3.5245116403859185,0.0,1.0,0.0,0.0,0.0,1.0,1.1931857770924674,0.09849085309263857,-0.1827483586748322,0.13714930146913604,-0.06485553320337453,0.08035926873228764
1,6.060659076262795,1.787751719074769,1.787751719074769,4.629431743165586,1.0,0.0,0.0,1.0,1.0,0.0,1.644983321657289,0.4506718297367148,0.47121519889017927,0.9468686424842682,-0.3476803839775746,1.3370995591870505
0,4.079279611306962,6.029395955131356,4.578980285105671,6.029395955131356,1.0,1.0,1.0,0.0,0.0,0.0,0.5392975405489789,-0.03472874270495918,0.8342428252778465,1.0067535586655452,1.10450739212357,1.5024500960023022
0,1.8981449496088107,3.822818033582309,3.896496238272349,3.822818033582309,1.0,1.0,1.0,1.0,1.0,1.0,-0.0962677343505187,0.4609274215886574,0.20039798524022312,2.3822349862078025,0.3258580698350043,-0.9772491707757429
1,6.164684625662488,5.010619707215119,5.010619707215119,5.158826457222468,1.0,1.0,0.0,0.0,1.0,0.0,1.4896238700435718,0.4675025536047353,0.35944048150164354,0.1294009395719916,-0.4148983412364907,1.120817178621696
1,2.4611748110608316,2.578170723217494,2.578170723217494,2.413647988476157,1.0,0.0,0.0,1.0,1.0,1.0,0.729763999031476,-0.27441110956036613,0.49436255896678183,0.5975074141820949,0.4039384059617105,-0.10961678457924198
1,3.251680890889414,1.229923757370591,1.229923757370591,1.2648967550078618,1.0,0.0,0.0,0.0,1.0,0.0,0.4577232997853075,0.39240974871671597,-0.21429320765827353,-2.153714065438337,-0.4608328246309895,-0.3133291083447812
1,1.0481617151116773,-0.8557726024706618,-0.8557726024706618,3.2621075869977187,1.0,0.0,1.0,0.0,0.0,1.0,-1.2753856983977436,0.13153539298328365,-1.2645789855219096,-1.8395046618675326,-0.22644164844355746,-0.11513671130904418
1,1.9116507775161518,1.2297932606806263,1.2297932606806263,3.5057544694519924,0.0,0.0,0.0,0.0,1.0,0.0,0.6704224356166437,1.0441297410129957,-0.6873206380034176,-0.2297868257163878,-0.7856777894174096,0.14329651446544273
1,0.015466736545459714,-1.135285854386239,-1.135285854386239,-0.643904353101571,0.0,0.0,1.0,1.0,1.0,0.0,-1.4757646290269129,-2.901125792951432,-0.49290009849540073,0.7385110458883533,0.058244292227030425,-1.0251464512208415
0,-1.7631621712651504,-0.8630322582616547,0.2091982158363268,-0.8630322582616547,0.0,0.0,0.0,0.0,0.0,1.0,-1.1176159361544116,0.2936964179707947,0.40897664948211476,-0.412290686005775,0.41405043018977905,-0.7101284564808504
1,3.110306944485912,0.706233300819384,0.706233300819384,4.333882706885379,1.0,0.0,0.0,0.0,0.0,0.0,1.5961143286245518,-1.0062831114782673,0.9797395045521456,-0.1775972486387935,-0.30090099223280364,1.3498058446515908
1,1.487693789460697,-0.22675658610296123,-0.22675658610296123,2.8834604376496205,1.0,1.0,1.0,0.0,0.0,1.0,-0.1937000824154531,0.5790106111409379,-0.43014815062084605,-0.07499161702077352,-1.809283451539041,-0.4951118931045778
1,6.0945509824197,3.111457787378048,3.111457787378048,5.94163891532633,1.0,0.0,1.0,1.0,0.0,0.0,0.9888047542344335,0.6281217136503074,-1.0514754571492184,-0.9271154892458493,0.698398505132037,-1.0574691973196373
0,1.4017636626103074,1.0810509212022812,0.2931522533120836,1.0810509212022812,1.0,1.0,1.0,0.0,1.0,1.0,-0.4803184734415863,-0.9420826101213019,-0.06485388193452596,-1.5773180921480965,-1.5655884273197418,-0.2229120951378974
0,0.6353568582171482,1.6986038087796307,0.3801264018954509,1.6986038087796307,1.0,1.0,0.0,1.0,0.0,0.0,-0.14205925863328184,-1.8059633224783045,-0.5488756008751092,-0.23009586685917083,1.2053526972842619,-0.11519224445587165
1,5.568882670521345,4.981737485414069,4.981737485414069,7.854745997995025,1.0,1.0,1.0,0.0,0.0,1.0,0.9060025767076185,1.937682318298592,0.7371164011365607,-0.35812270650950806,0.6857610586995246,0.6808594860919477
0,0.16223617913383737,0.9542466416552875,-0.17092041987926254,0.9542466416552875,0.0,0.0,1.0,1.0,1.0,0.0,-0.6885170587103573,-0.8096336938626969,0.25131423207019854,-0.8658131708411306,0.10249218323834208,-0.19696420546008345
0,3.151865739723969,5.948115735132001,4.8084286731842845,5.948115735132001,1.0,0.0,1.0,1.0,1.0,1.0,1.3103239729313836,0.4417989190859085,-0.516006614141803,0.3671507494274183,0.06593509862699357,0.6202997015352957
1,2.117504595251606,1.5643138471340523,1.5643138471340523,1.5211839295953995,0.0,0.0,1.0,0.0,0.0,0.0,0.5084789818927408,0.34467581196191,0.37167454078026396,0.430649569389398,-0.8495769145267593,-0.30018541796993764
0,5.024063706400575,3.68364762005648,0.9112489481184078,3.68364762005648,1.0,0.0,1.0,1.0,1.0,1.0,0.8223075176947685,-0.4005720205832746,-0.3346567266174688,0.46666110793166643,1.4691547441185135,0.3240947339101231
1,-2.7308599899026977,-2.557722203598714,-2.557722203598714,-1.8703248045949545,0.0,1.0,1.0,1.0,1.0,1.0,-2.756083695861696,-0.2861463964951715,-0.00026729351676002544,-1.0095280152271167,-3.0050116690099222,-1.978696664210469
0,2.2273847368505684,1.4080713186461866,3.789264557973258,1.4080713186461866,0.0,1.0,0.0,1.0,0.0,0.0,-0.46400241345619986,0.45980674767865365,-0.14373047968906025,1.8865562049945832,-0.014060797129167135,0.5613221013419547
1,1.9023985324872168,0.9182596982626527,0.9182596982626527,2.7112690305338925,0.0,1.0,0.0,0.0,0.0,1.0,-0.6274272618484608,-0.25943109577025036,-0.030785473507529,1.1618526529221793,0.7983004939717255,1.0654564987155575
0,2.1525180376054407,0.37298998195057287,2.1301654131692205,0.37298998195057287,0.0,1.0,1.0,0.0,1.0,0.0,-0.7085292054445437,1.5754540987157075,-0.6404648679362469,-1.185696372566872,-0.26214590048424463,-1.3474645119038056
0,1.100766837605902,1.2349401681118537,1.178252234825249,1.2349401681118537,0.0,0.0,1.0,0.0,1.0,0.0,-0.014607576047710596,0.9493717701733865,0.9797903953822131,0.21440423179755985,-0.9249136174124086,0.14927181066840214
0,1.3147257548253535,1.7975113830849565,1.353716815442144,1.7975113830849565,1.0,1.0,1.0,1.0,0.0,1.0,-0.4567550386998301,-0.506461762762863,0.9418869583147494,-1.2397124922095968,2.032590510672124,-0.12675228000854577
0,1.3754869466685176,0.11074121061413011,-1.279565825357946,0.11074121061413011,1.0,1.0,0.0,1.0,1.0,1.0,0.23391932155102169,-0.6375801707123525,-1.4848669289449603,-3.2966935322103916,-2.0690832534503505,-2.4603238589686263
0,0.03356994454994115,-0.7437395429170796,-0.1540360135850665,-0.7437395429170796,0.0,1.0,1.0,1.0,0.0,0.0,-0.7909359827626465,-0.46432604503893565,-0.2931205199052324,-0.4779305921327061,-0.7303515368383527,-1.0282600813646494
1,3.4325156528390965,0.2006330993759292,0.2006330993759292,2.5465220412704226,1.0,0.0,0.0,0.0,1.0,1.0,0.15240636735063298,-0.33846403150658705,0.7470738767859895,-1.2199505983952237,1.3735426253312761,-2.13676694495388
1,2.3609389668108802,3.1848317799780443,3.1848317799780443,3.7038831641631225,1.0,1.0,1.0,0.0,0.0,0.0,0.39853580565308033,-1.0166861199463242,-1.0468247253481187,-1.1602362797400214,-1.3917733138153863,-0.2251834542737915
1,5.415496396344265,3.054298779854216,3.054298779854216,5.967174314371791,0.0,1.0,0.0,0.0,0.0,1.0,0.947218594407337,0.8598874633301773,-0.9524648807716037,0.9860837861348204,-1.02914190331252,-1.8455758216819347
1,3.194417525112471,-0.8920759088930692,-0.8920759088930692,3.9173016723097387,0.0,0.0,0.0,0.0,1.0,0.0,0.8450738745151106,-0.9093982559384901,-1.2304571581449417,0.0011136994108112697,-0.015109003288445999,-0.7146447577789514
0,1.8577557425722513,2.7300768339756676,1.5894457774146022,2.7300768339756676,1.0,0.0,1.0,1.0,0.0,0.0,-0.14000680673683236,-0.6145836843102591,-0.5528993693541587,-0.8291182922322836,1.1906141161833779,0.5531845850269709
1,5.256759044584525,1.4679906341435855,1.4679906341435855,4.4530178659451085,1.0,0.0,0.0,0.0,0.0,0.0,-0.533089566338925,1.3620696673864494,0.32714895121752974,2.121017039214463,0.2403150584571272,2.73108716018512
1,1.3454953110679995,-0.26080072137006427,-0.26080072137006427,1.504025814915293,0.0,1.0,1.0,0.0,0.0,0.0,-0.7674049130752253,-0.132695924315457,-0.422669361596,0.9221410226372869,0.7346912502681012,-0.39874425471314867
0,-1.5265289461604232,-1.3424657116483822,-0.49171391705012746,-1.3424657116483822,0.0,1.0,1.0,0.0,1.0,1.0,-0.40923835069337283,-1.371787168922639,-2.6063292772440767,-2.8215892034299577,-0.47535367920072813,0.12450882281199016
1,5.295666533489969,4.514579580696345,4.514579580696345,3.97339967987838,0.0,1.0,1.0,1.0,1.0,1.0,1.3298666330277975,0.9480294248088619,-0.7913995319248176,0.03142612927194943,-1.2120740907227878,0.873312281065354
1,0.9530131499316182,2.2127961102733584,2.2127961102733584,2.0448828706551065,0.0,0.0,0.0,0.0,0.0,0.0,0.6523006038105453,-0.49922449228954185,-0.6758699310812613,0.6007443194038878,1.6646062392609533,0.20618719058107432
1,1.1219952045819679,1.4829530684884538,1.4829530684884538,2.4698801231877034,0.0,0.0,1.0,0.0,1.0,0.0,0.0025675920050519364,0.0018479572933627342,-0.8370701966895541,0.7203960117300665,-2.029879693236685,-0.19610958836254289
0,1.8393502283951861,5.755278899733298,3.7137931258446195,5.755278899733298,1.0,0.0,0.0,0.0,0.0,0.0,2.0187098159766688,0.6496634601908758,0.5647542800306218,-0.709169544396281,0.26550735513972085,0.14883232398064253
1,-0.39131290569189076,-0.4063673896934803,-0.4063673896934803,-0.806433014963714,0.0,0.0,0.0,0.0,0.0,0.0,-0.4529770940790169,-0.5737857489188286,-1.0377462940909412,-1.401044819870694,0.5124282790481868,-1.4651187288310354
0,2.7710307807196037,6.223882887599165,3.4689816515635212,6.223882887599165,1.0,0.0,0.0,0.0,1.0,0.0,0.2720564453789181,1.906373332121864,-0.5838690502746468,0.16750613216355403,1.351571209430829,0.16444847371463656
1,-2.704447160923552,-0.8499220072924681,-0.8499220072924681,1.155566697758187,1.0,0.0,0.0,1.0,1.0,1.0,-1.3075663644018745,-1.369768659310958,-0.18284814653785075,-0.9831394192898779,-1.6573275896510695,-0.052760486517998806
0,4.0080784492173755,6.901460367601291,0.8890810708656653,6.901460367601291,0.0,1.0,1.0,1.0,1.0,0.0,0.07465617739859153,2.61321634660558,0.6496830469277016,-0.34993187733156017,0.614888726947282,0.3869937152577584
0,5.172046166636656,5.341961174063094,3.062812659936608,5.341961174063094,0.0,1.0,0.0,0.0,1.0,0.0,0.20545261936682005,1.683709618342883,-0.7252415627883351,0.6882069017671955,-0.3474377385257847,-0.1879385435137395
1,4.548171866053723,1.0928322556851306,1.0928322556851306,3.3827088746022236,1.0,0.0,0.0,1.0,1.0,1.0,0.3900607773847792,-0.08073749715279283,-1.401865769774741,-1.1791901989041675,0.9859215348603392,1.7064816492835404
1,-0.36331873536831516,-0.33705984819409784,-0.33705984819409784,0.9155393438667119,0.0,0.0,1.0,0.0,1.0,1.0,-0.9009435666630066,-1.290998446012669,0.3732139229545225,-0.24453869422665436,-0.4212412921339888,1.3234075211695162
1,3.9134846538997796,2.0700362854958314,2.0700362854958314,4.1139896889036525,0.0,0.0,1.0,1.0,0.0,1.0,0.7028924363728642,1.2481929314734954,0.27574080178302185,0.0741091169608476,-1.0123137619233409,1.0326731394577722
0,1.3373924146408775,3.008051385710399,1.7893263709218836,3.008051385710399,0.0,1.0,0.0,0.0,1.0,1.0,-0.09752614394417308,0.5788017182667871,-0.484122551463581,1.1682385123370207,-0.7652677991440785,-0.6642874691711502
1,-0.6436606854780569,-2.8199677344696754,-2.8199677344696754,-0.36827042652030617,0.0,0.0,1.0,0.0,0.0,1.0,-1.3492824380356299,-0.36206814736780835,1.0428254139445272,0.7478444186098121,0.9644400693437064,-0.31679412288807407
0,-1.1964193464118595,-0.4940121593727625,-0.1425803633257745,-0.4940121593727625,0.0,0.0,1.0,0.0,1.0,1.0,-1.4668141191410413,0.19436251451093597,0.26106283364842975,-1.1647945540018783,0.36018192088856743,-0.4266944233801472
0,-1.0083406060607158,-0.10298208149857047,0.46003594461138786,-0.10298208149857047,0.0,1.0,0.0,1.0,0.0,1.0,-1.1779617189597409,-0.1255514795955922,0.36793707047371577,0.6310149637201299,1.1870425030323453,0.46338153489221956
0,6.097807441129203,6.700162851462404,4.9718669345218744,6.700162851462404,1.0,1.0,0.0,1.0,0.0,0.0,1.9584999589189742,0.6618819710087376,0.5726834529105689,1.036569236833759,-0.5718863110344726,0.7434137870501472
0,3.3343429370257,8.68917860771981,4.008474320566648,8.68917860771981,1.0,0.0,1.0,1.0,1.0,1.0,2.0115846401546555,1.925488331989351,0.8503021438586016,-0.6899039991656222,0.9436971113517404,0.9659303441643431
1,3.2577942071248565,0.23946516930015282,0.23946516930015282,2.0979868586177006,0.0,0.0,0.0,0.0,0.0,0.0,1.204290943969047,0.6357849191625873,2.0905841445628655,0.14800173346190185,2.456773621328029,0.6925040631153175
0,1.6964299637852323,4.058640949416868,2.0212270455486694,4.058640949416868,1.0,1.0,1.0,1.0,1.0,0.0,-0.7549916670010854,0.2164453001394845,0.7887603620159727,0.6233533365685782,0.8891664126928599,0.2240069595048652
1,1.3924840296929055,-1.736228263806784,-1.736228263806784,0.22872288524483253,0.0,0.0,0.0,0.0,0.0,0.0,-0.9099072299580684,0.0012837539056632652,-0.22334553882737151,0.06160688100072778,-0.8031479647313743,-2.2836207995745235
1,3.550762804148224,2.1662829502589256,2.1662829502589256,2.9109608078801723,1.0,1.0,1.0,1.0,1.0,1.0,-0.3246154682093186,0.09164389860211469,0.19722515495618648,-1.0566691956647574,-0.9529163543110757,-0.4550586435269698
0,0.022917046238939864,2.7871050194090183,-1.778090019344534,2.7871050194090183,1.0,1.0,0.0,0.0,1.0,0.0,-0.501515046786151,-0.5351257404223566,1.5766898770719884,0.44598282670180145,-0.1676255837524544,1.2968858930865466
0,-1.0251817570915933,0.25486374486674984,-1.2650191150636887,0.25486374486674984,1.0,0.0,0.0,0.0,0.0,0.0,-1.5054068664588354,-1.0025150535533531,-1.7074712425138416,-0.5517099673831021,-0.9440160721994134,-0.7984584147203393
0,1.4235850531599106,4.362270420155689,3.1804318240666407,4.362270420155689,1.0,1.0,1.0,1.0,0.0,0.0,-0.2966575410991936,-1.4763326747837175,-0.3769702921666441,1.0983001027997572,-0.32443977530548684,-0.3016144978297916
0,-1.3211518867370537,1.668548446688536,0.26112463625511184,1.668548446688536,0.0,1.0,1.0,1.0,1.0,0.0,-0.6239307046515731,-1.2495460560450533,-1.4084936567446493,-1.868171269300082,-0.4791544388063139,-1.6334205744338224
0,-2.211350715614706,-0.7118053087850561,-1.2776875259658018,-0.7118053087850561,0.0,0.0,1.0,0.0,0.0,0.0,-1.7899542613216461,0.22121366082651778,0.6288878653007373,-0.43926414480256265,1.326245173386299,-0.22373998854818672
0,-1.7893484244852877,-0.01280403795695384,1.9808220803779266,-0.01280403795695384,0.0,0.0,1.0,0.0,1.0,0.0,-0.7330819027322604,-0.10235840353386462,-1.1050624633530153,-1.5624857592386365,0.5854342233038465,1.102940550382757
1,4.805746732849455,1.8237501182530318,1.8237501182530318,5.640463401088507,1.0,1.0,1.0,1.0,1.0,1.0,0.47500359851594803,0.8580746252944134,-0.8681533962781529,-0.03036907266399197,0.22552079407096148,0.2590297819501758
0,1.3167147087287907,1.9412050516514807,0.40749711228023344,1.9412050516514807,0.0,0.0,0.0,1.0,1.0,1.0,-0.45316441602179675,0.8329862012378941,-2.086657405683409,-1.0165671172567037,0.8227737646235282,-0.5131532753402991
1,3.261051996937982,1.2858471469047825,1.2858471469047825,1.7025805624025558,1.0,1.0,0.0,0.0,1.0,1.0,0.09451570861191277,0.05858386534022503,-0.1730560361139249,-1.7026099688776788,0.3236417172205569,0.09410398315455407
1,-0.5847525575142816,0.9140179554755352,0.9140179554755352,1.176961714764453,0.0,0.0,0.0,1.0,0.0,0.0,0.45859031299095665,-0.9569750732695634,0.019294031042536297,0.4825408770937232,0.8691164081089641,0.5078697459636765
1,3.680090849995019,3.030425162476466,3.030425162476466,3.0134993729421335,1.0,1.0,1.0,1.0,1.0,1.0,-0.022849284293385983,-0.30946796393689735,0.3140210138600018,0.3836129736173588,-0.3915989409739844,-0.2965129545834357
0,1.7439464705516046,2.8552941283244238,0.31452981074684605,2.8552941283244238,1.0,1.0,0.0,1.0,1.0,1.0,-0.1970118946171371,-0.1289781488864288,1.3243221453468856,0.7249214945072573,-0.2052015738299231,-1.0508035604998707
0,2.3037480177176684,5.556435367086921,3.4646145332364533,5.556435367086921,1.0,0.0,1.0,1.0,1.0,1.0,0.33614340575536905,0.4312019409652166,0.6949636075729209,1.0170915267991347,0.6739232775753603,0.3814658819443145
1,3.8660763612318636,2.2403052438062927,2.2403052438062927,3.272949330714423,0.0,1.0,1.0,1.0,0.0,1.0,-0.6291231123698917,2.2266686201418944,0.9430682386793797,0.6227550341289849,2.4653481994340214,0.9947627067746083
1,4.057847934825343,3.8544152276603922,3.8544152276603922,6.182316808240479,0.0,1.0,1.0,0.0,1.0,1.0,-0.3700925651435389,2.192900794340633,-0.024961474830999975,-0.6100027225749911,0.9453840239658675,-1.1933848919666423
0,-0.8540432630076036,1.1142444238557332,-1.3459226061524392,1.1142444238557332,1.0,0.0,1.0,0.0,0.0,0.0,-1.0067615571806672,-0.9790180817511364,0.3479252563432132,0.39612725615696187,0.5541685120720738,-0.29495356664367867
1,0.42604557815888233,0.18971663724690574,0.18971663724690574,0.08775475232842533,0.0,0.0,1.0,0.0,0.0,1.0,0.04621082749417246,0.02069281485538843,-0.34290714057108107,-1.1055546544881198,-0.5135798420481588,-1.1020754099963197
1,3.600377336196022,1.5120679889226787,1.5120679889226787,4.184308591159357,0.0,1.0,0.0,0.0,0.0,1.0,1.7770257915197134,-0.9169053121613739,-0.3743595326626973,0.06111735609962107,-0.5765285933182015,-0.48910439150987217
1,3.306577636213428,0.9681019005098318,0.9681019005098318,0.552434930222929,0.0,0.0,0.0,0.0,1.0,0.0,0.08958318147454292,-0.16739528126166192,0.9420248575718911,1.1329389181167966,-1.1031185673384076,1.4730897820456503
0,-0.832594830287886,0.528711842020229,-0.6116761299488737,0.528711842020229,0.0,0.0,1.0,0.0,0.0,1.0,-0.24699647499897975,0.5360446754537205,1.604340265602763,0.06684440551135376,0.0862077700210942,-0.5904768075104156
1,2.604488157630819,1.8047388450111606,1.8047388450111606,2.518352546080167,0.0,1.0,1.0,1.0,1.0,1.0,0.9055497524333725,-0.35208734308241985,-0.7363757696676295,-1.6319369098624963,-1.2711193327937214,-0.7273422817526757
0,1.3861390460809089,2.2106791300168416,1.9446483831191896,2.2106791300168416,0.0,1.0,0.0,1.0,1.0,1.0,0.6004608795146689,-1.6530014981831398,-2.151005662831735,-0.2239880769930748,1.3063175127745237,-0.1145106888426729
1,4.531132227019364,2.7074663437593007,2.7074663437593007,5.942483693779561,1.0,1.0,1.0,1.0,0.0,0.0,1.317402772200186,-2.192137435549121,0.4951142472890248,1.2660225487014352,0.626318258350317,0.04541962714178016
1,5.794197593007866,3.8882100601043956,3.8882100601043956,4.409660386590253,1.0,1.0,0.0,0.0,1.0,0.0,-0.3807649959408098,1.5191958533590775,-0.056162147640184124,0.3144118141500251,0.8928065071481737,0.9372562138106808
1,2.4335342593376867,3.219398532886388,3.219398532886388,3.3677678404648788,1.0,0.0,0.0,0.0,0.0,0.0,0.8266887592497967,0.5085483016672437,-1.1041477687804555,-0.1231546238669825,0.6303291777193547,2.457324255700763
0,-0.8214245899167009,1.3376004389226785,-0.7086143348178564,1.3376004389226785,0.0,0.0,1.0,0.0,0.0,0.0,-0.6761676873170158,-1.153300953544427,-1.0145788324525586,0.6053730812357101,1.0912191127312958,0.130247234305129
1,-0.0002808366168647325,-2.2694941468618066,-2.2694941468618066,-2.024176923960582,0.0,0.0,0.0,1.0,0.0,0.0,-1.1466618206607062,-0.9840318762502136,0.3165390204860945,0.030872024797744396,-0.8258098159365619,1.821010056940014
1,4.631440085307881,2.7588394190962418,2.7588394190962418,3.7722742210212568,0.0,0.0,1.0,0.0,0.0,0.0,1.6879722483243849,1.3918678659336439,2.468330268298245,1.4006190437277282,0.9859235380415237,1.8385953755497584
0,-1.8625582439296595,0.3297978179887031,-0.7921268090049848,0.3297978179887031,0.0,0.0,1.0,1.0,0.0,0.0,-1.9536744043842136,-0.30005898593990565,-2.680602103273034,-1.7242105640795615,-0.7426556835316702,-2.4596250750338964
1,0.9248413751273428,-0.5523916343275629,-0.5523916343275629,-0.7122552785216333,0.0,0.0,1.0,0.0,1.0,0.0,-0.3682513325976062,-1.1598863471299419,-0.6452915808401828,-0.19082355131403742,-0.18768016277431443,0.8038714384248067
