1,5.308149944242401,1.4198294875703374,1.4198294875703374,3.5789294293250107,1.0,1.0,1.0,1.0,1.0,0.0,0.5560089041805616,-2.146740403957918,0.17906605228561223,-1.3579708704336297,0.6602592297709602,0.9928377991008783
0,0.8169937872303481,1.3502314156739144,0.4528890073038567,1.3502314156739144,0.0,0.0,0.0,0.0,1.0,0.0,-0.43416344008350455,0.563445373387761,-0.22511447089435388,0.795609251369646,1.1349987120996785,1.55063456663504
1,2.1443964819376813,4.026126963923287,4.026126963923287,3.567916746034626,1.0,1.0,0.0,0.0,0.0,0.0,0.2563280512159304,-0.342848810927649,0.7848751824008897,-0.10840904071112728,1.2113633084897755,0.05207064707034598
1,1.4277002905484162,0.36828418443494,0.36828418443494,1.8561881168250505,0.0,1.0,0.0,1.0,1.0,1.0,0.6352793218920885,-0.3759763949189706,1.087668943353886,-0.11106839882495434,-0.6482121193999513,1.512002849740006
1,-1.5664416649729391,-0.15793299012954853,-0.15793299012954853,0.32452547564486567,0.0,0.0,0.0,0.0,0.0,0.0,-0.9694659398280837,-0.4574053194386487,-0.21486106419955847,-0.4198838900400513,-0.8493954649808533,0.3752898736594045
1,4.865310180989734,2.9568567704086792,2.9568567704086792,4.08092400700249,0.0,1.0,0.0,1.0,1.0,1.0,1.6434199105533667,0.9162984306967008,2.6501211498462816,1.0683651258243672,1.0253730395919307,1.9030373951028963
1,4.210714200848812,2.9643106966700445,2.9643106966700445,2.989243743229078,1.0,1.0,1.0,1.0,0.0,1.0,-0.1327582064272906,-0.43415999649062836,-1.593605886703988,-0.9220287965170821,-0.7032372796021467,0.3545458708878694
1,2.1965177528809323,-0.4393540782040314,-0.4393540782040314,1.1884722623883888,1.0,0.0,1.0,1.0,1.0,0.0,-0.2851791204136208,-1.2935865401620277,0.6998000737330431,-0.6545572773878029,-0.36034461569780946,1.3315423028925049
0,1.4889412145364618,1.205805567482305,-0.3157088440768514,1.205805567482305,1.0,1.0,0.0,1.0,1.0,1.0,-0.25887812498184803,-0.9832936491302057,-1.348462027268107,0.19885079223322916,-0.6583719467518944,-1.7340219024176473
0,-2.1198126721609545,-1.141300105288658,-2.343523153956558,-1.141300105288658,0.0,0.0,0.0,1.0,1.0,1.0,-0.7826024722277816,-0.7940996642055523,0.0027157945701586916,-1.1659529932188568,-0.928343461621747,-1.1025588593809479
1,3.2549998283229162,1.2253293387500688,1.2253293387500688,3.1061603054546905,1.0,0.0,1.0,1.0,1.0,0.0,0.6352814177213147,-0.3381420816244226,1.1319433985339873,0.9741403181713715,0.2842429922799226,-0.25439090272628645
1,-0.06525378899122636,-0.8056771564843916,-0.8056771564843916,-0.5728277711703799,0.0,0.0,0.0,0.0,0.0,0.0,-0.19770502084926467,-0.544833134685054,-0.721199083944992,0.6605215714804028,-0.06462084849409766,0.5540808576680095
1,2.7889553168626207,1.8337137688932854,1.8337137688932854,1.3803682877612122,1.0,1.0,1.0,1.0,1.0,1.0,0.2959877272717214,-1.7116439399096652,-0.5200210675087023,-0.8432155403532934,-0.6409183118293338,-1.0144043046249809
1,0.07057504585805513,-1.838301135493308,-1.838301135493308,-0.027530711020516303,0.0,0.0,1.0,0.0,0.0,1.0,-1.455309159068915,0.16349315307076118,0.1524343300127819,-0.043749334639403115,1.7620105722007557,-0.3193952087592915
1,1.0016141637802232,0.4262283417017926,0.4262283417017926,0.0547572784902588,0.0,0.0,0.0,0.0,0.0,1.0,0.3994532844436724,-0.3588679514535992,1.6082776860986305,0.4781249157669626,-0.546744111825025,0.30697506004122477
1,0.6385369311307143,-1.366705312640234,-1.366705312640234,0.9755425414149377,0.0,1.0,0.0,1.0,0.0,0.0,0.22912377180915602,-0.9753947044702893,0.4333260865057662,-1.1565659780065252,-2.2082669633465564,-2.250322837842102
0,-0.7923997478847762,0.519495229796227,-1.5286099357237304,0.519495229796227,1.0,0.0,1.0,1.0,1.0,1.0,-1.5197199513799395,-1.6840343103758875,0.0016235087461339281,-1.7051706348100502,-1.5892627609148806,-1.0261010531107142
1,3.197411112732271,2.293773048583472,2.293773048583472,3.457884356670383,0.0,1.0,1.0,1.0,0.0,0.0,0.2776068020975678,0.0009822972244086792,-0.40365623134428896,0.032017880548743466,0.5402147497186787,1.1245401060527918
0,-1.619976290419129,-1.1862848663608978,-1.3414631388367582,-1.1862848663608978,0.0,0.0,0.0,0.0,0.0,1.0,-0.6422880109559806,-0.9565645588474644,-1.079009695864381,-1.0233328093096024,-0.9319255799852094,-0.5658787250324314
0,-0.8192421464268091,1.1398653706381157,-0.2437303339539567,1.1398653706381157,0.0,1.0,0.0,0.0,1.0,1.0,-0.4596993037606708,-0.3615538239534517,-2.632046104233913,-1.2440749141698124,-0.8058760930261328,-1.8720755078699403
1,3.4100143133064402,1.7033655234393024,1.7033655234393024,3.9288609730832915,0.0,1.0,1.0,1.0,0.0,1.0,0.29289075324639646,0.33182072969533377,0.1717683420945777,-0.8871559307637902,1.666350888602219,1.8192365100287757
0,-3.59078005708662,-0.6528312422549205,-3.3400574588925247,-0.6528312422549205,0.0,0.0,0.0,0.0,0.0,0.0,-1.8929957832947282,-1.4597487897889616,-0.7825131998533663,-2.268241360740159,-0.4992929578332429,-1.2816048958708846
1,3.8940154111597978,3.312147108073546,3.312147108073546,4.601950880493258,1.0,1.0,1.0,1.0,1.0,1.0,-0.23006419479683554,-0.2760231674653987,0.10003905622394257,-0.45413973090665777,-0.6058219901633974,1.025991400812588
1,4.5833164032277685,2.4012236352817857,2.4012236352817857,5.542950023176457,1.0,1.0,1.0,0.0,1.0,1.0,0.30974830455987246,0.16197729355484472,0.6250935754585324,0.6946453736887355,-0.2966559345841758,0.3953332837457334
0,-0.566150133606447,1.2615584064182237,1.3454829612056647,1.2615584064182237,1.0,0.0,0.0,0.0,0.0,0.0,-1.9118187531081678,0.4774702578786807,-0.42717196848902284,-0.6377623021780017,0.9319620399082696,1.5445926585769116
1,0.36467448606560515,-0.36104324025448864,-0.36104324025448864,-0.21656959126300834,0.0,0.0,0.0,0.0,0.0,1.0,-0.03262768274931185,-0.317304311944394,1.186918359357083,2.010825080553565,-0.6146801533881296,0.5325426600564729
1,3.565482609941989,2.7883574402731073,2.7883574402731073,5.853964247911522,0.0,1.0,1.0,1.0,1.0,0.0,0.25085283871862984,0.8259652174817217,0.24474382538746345,-0.8084567832812242,-0.818092252537272,0.7129616740203593
1,4.848835927099264,2.2370562809271037,2.2370562809271037,4.407995897175691,0.0,1.0,1.0,1.0,1.0,1.0,0.620035719786542,0.3943514685485978,-0.8318555947883703,0.2749228869464891,2.1180884664090565,0.7205111202537413
1,-1.2033009455711983,-1.2627876940635798,-1.2627876940635798,0.9612448052060427,1.0,0.0,0.0,1.0,0.0,1.0,-1.4370166181752748,-0.46963882956551384,0.06172380155500057,-1.5783078049304575,-1.3056248091193308,-1.5677729609450912
0,-1.7402157971569268,0.39692293630278364,-2.558303485897941,0.39692293630278364,1.0,1.0,0.0,0.0,0.0,0.0,-1.2655551754765084,-2.07994272070889,-0.14920494507584675,-1.9426043487860314,0.1612927347546398,-1.4697019799002748
0,-0.39886836301981243,0.5134466393187069,-0.6249281856924511,0.5134466393187069,1.0,0.0,1.0,1.0,1.0,0.0,-1.5557895154647752,-0.42737979715149854,0.05621602705671069,-0.3264757309125496,-2.550324863767396,-1.780449306582571
1,4.414075438542702,2.696248679679174,2.696248679679174,3.297406062448322,1.0,0.0,0.0,1.0,1.0,1.0,0.417942683480751,0.6569632054746899,1.2201683728617436,1.4799842298477794,0.8989458545982636,1.4415855496897265
1,-0.5577571988671355,-3.7173345305950405,-3.7173345305950405,-0.8976556513637797,0.0,0.0,1.0,0.0,0.0,1.0,-1.6017126153097079,-2.694282421786904,-0.6003808940772863,-0.9413550534553575,-2.374220366190236,-1.4296015211256088
1,1.8858969425129168,0.8635627559201315,0.8635627559201315,-0.34683427397595334,0.0,0.0,1.0,0.0,0.0,0.0,0.15933632091522523,0.14933749726436293,-0.22182219673373071,-1.3829559589229783,0.9177130428765745,1.0885201369148125
1,2.537664835748277,1.4283819797810626,1.4283819797810626,3.7190242735135848,1.0,0.0,0.0,0.0,0.0,0.0,-0.2806415680380892,0.21494944937435448,-1.4286797113009584,1.2131883010840412,0.0073494528819200156,-0.17726784521943606
0,-1.3281487221858241,0.759151157040133,-2.4836099310723276,0.759151157040133,0.0,1.0,0.0,0.0,1.0,1.0,-0.9881181800799684,-2.2531425875229547,1.1307052784163152,0.461263732032541,0.752262607571708,1.6009538914170252
1,3.8279887172148817,3.0283631503599926,3.0283631503599926,5.726879333866972,0.0,0.0,1.0,0.0,0.0,1.0,1.2599313434645996,1.5147124431630563,0.35378986012576025,-1.2075386208444294,-0.8896133763850682,1.267837715259771
0,0.7973108834663285,-1.7269456444040205,-2.3225510427757126,-1.7269456444040205,0.0,0.0,0.0,0.0,0.0,0.0,-1.1552546917028486,-0.6782664579935123,-0.054643629564684104,0.1205619996478813,-0.3795541519538899,-0.8325764247252991
1,3.7724226658324547,2.9136851436933258,2.9136851436933258,2.393580014064488,1.0,1.0,0.0,0.0,0.0,1.0,-1.2240128830025174,1.400411237262041,-0.017945214651799712,-0.44202786665455074,-0.12519259015760992,0.2742090576202476
1,5.322155608272263,5.478431613351638,5.478431613351638,7.794054808378583,1.0,0.0,1.0,0.0,1.0,1.0,0.7679273666545422,2.4266284105112623,1.3757818278580456,2.10665698776353,0.6617837897361034,0.7077011680447154
0,2.1806545371723303,2.645550877167958,1.2807009356457129,2.645550877167958,0.0,0.0,0.0,0.0,0.0,0.0,0.7948611745629269,0.8052049520728326,0.5823373916197574,0.5753186813843405,-0.18803116386686647,1.0012645774871158
0,-0.9095892092179827,0.7309228931915798,-0.8238049821252994,0.7309228931915798,0.0,0.0,1.0,0.0,0.0,0.0,-0.735677822342506,-0.3303091684533853,-1.6774714456371589,0.0013925094830332385,-1.015833945187169,-0.8177348323970479
1,10.498635894432638,4.064373653485237,4.064373653485237,9.517239773818323,0.0,1.0,0.0,1.0,0.0,1.0,1.6549099857707612,2.3401109414682724,-2.2990603189412147,0.07611897454626937,0.4791564548066165,1.1616207069257076
1,2.2290346246581114,-1.6021997300223267,-1.6021997300223267,1.4107520511496419,0.0,1.0,0.0,0.0,0.0,1.0,-0.3914580770797578,-0.7620962852739669,-0.6887005645402247,-0.9455588740240731,0.11642722823006901,-0.566749725261184
1,0.20648006672973251,1.7319146397907148,1.7319146397907148,1.6723072847785463,0.0,1.0,0.0,1.0,1.0,0.0,0.08954522108258099,-1.1374153698518865,0.03970457566195151,-1.056882289032447,-1.453547000832242,-0.024350901643857892
1,5.221262779501653,3.1736654619329507,3.1736654619329507,4.924383869781767,1.0,1.0,1.0,1.0,0.0,0.0,0.8549495282778232,0.6125625038996779,1.4341790447601808,0.6128898941530774,0.7528496858329345,0.28540067947035264
1,6.575569405418887,5.391545626180119,5.391545626180119,5.963294788628237,1.0,1.0,1.0,1.0,1.0,1.0,0.3286924032904075,1.4879722401226514,-0.10841008969491903,0.4468787287018113,0.423330972625537,-0.532699794116428
1,3.388845629623084,1.7882633568557977,1.7882633568557977,0.9562045153790746,0.0,1.0,1.0,1.0,0.0,1.0,0.2612807262659047,-0.16523026004482536,0.6486745255962381,-1.0952050511914957,0.4422495358025697,0.7359385686212883
1,-0.3697960028981324,-1.7558841635929636,-1.7558841635929636,0.8809670667659268,0.0,0.0,0.0,0.0,0.0,0.0,0.3664366984116475,-0.48525776653081876,-0.42463530234449615,-2.6344751177805863,-0.1499149972063345,-0.8017569930147103
1,1.9640084067954646,2.874800473988671,2.874800473988671,1.8198085513932654,0.0,1.0,1.0,1.0,1.0,1.0,0.1342272881951183,-0.3649273000496174,-1.056180541026234,1.2793861321824709,-1.3767604806609692,-0.3270659929234287
1,-0.26520583800426123,-0.3854287096884735,-0.3854287096884735,-0.19712947565247374,1.0,0.0,1.0,0.0,0.0,0.0,-0.6238697018671552,-1.409148840283796,-0.18741976849309705,-0.9983400610831119,-2.061040720771915,0.2926185008469041
0,3.399532177675555,2.1620966592518975,0.40261788938452536,2.1620966592518975,1.0,1.0,0.0,1.0,0.0,0.0,-0.0354157246913385,0.23453358368291397,0.20421390658356514,-0.9948595296265945,0.6400622090583653,-1.290195715153618
1,5.0693583502356905,4.216443626551318,4.216443626551318,5.4813104112944435,1.0,0.0,1.0,1.0,1.0,0.0,0.4226835402368079,2.691655005773809,1.2017841325238932,0.5641723024708044,-0.34935513952993213,-0.2415137978346309
1,1.6904417043007756,0.7395413837007258,0.7395413837007258,2.7130421715808586,1.0,1.0,1.0,1.0,1.0,1.0,-1.346788447572736,0.21039825728926803,0.2061719351123273,-0.9937021199060478,-1.8327302229039633,-0.022354779606594766
0,0.1801606395126043,3.650287345849553,0.9899547061040378,3.650287345849553,0.0,1.0,0.0,0.0,0.0,0.0,-0.4019114843007024,0.8574445107711663,-0.7890795350780689,0.1912623145146447,-0.9600669533350933,1.184365581716463
1,-0.12480616532558408,-1.233539512001481,-1.233539512001481,-0.15508472850019317,1.0,1.0,1.0,1.0,1.0,1.0,-2.911861606961761,-0.2246478457828603,-0.36445297700363766,-1.2550706274491972,-0.8828922634558607,-0.008477276221539043
1,5.185601136194788,3.7596159969894036,3.7596159969894036,7.180116501419335,1.0,1.0,0.0,0.0,1.0,1.0,2.289223770683259,0.3750863897813739,0.9955327649647585,1.661798152446606,1.3694920738522893,-0.2486370366356926
0,-0.8359043077887369,1.2134019983427469,-2.0792802776445853,1.2134019983427469,1.0,0.0,1.0,1.0,0.0,0.0,-0.8576163136469594,-2.6117588648548944,-1.3610349449781183,-0.09017562858671474,-1.2029794064739645,-2.026209803231804
0,-0.32672931656326715,-0.0916738824146115,-1.7250452524694662,-0.0916738824146115,1.0,1.0,1.0,0.0,1.0,1.0,-0.8412370362306844,-1.218546915221229,-0.6192081605828728,-1.1606399357647625,-0.8536581451854856,-1.0893196794490456
1,2.8343875387563515,2.7854093197783802,2.7854093197783802,4.090129113862104,1.0,0.0,0.0,0.0,0.0,0.0,0.003396233865911001,0.3062306611377834,-0.9996871448277833,-0.008683778872943804,-0.7431811136144231,0.2975372288372494
1,5.744999150025304,2.158225345088725,2.158225345088725,5.386161669425131,1.0,1.0,0.0,0.0,0.0,1.0,1.5683344673325699,0.11432492023010773,-0.8921754190268673,0.6346585419368174,0.13456357337525143,0.518280219205122
0,1.2301266720385864,2.300056977029312,1.7312793626350937,2.300056977029312,1.0,0.0,0.0,0.0,0.0,1.0,0.5849058602124692,-0.22999907083865476,0.1251270172729146,-0.014471592764909405,1.897226677454517,-0.5762499871243449
0,2.178767834044791,3.081120222841512,2.4496257500324807,3.081120222841512,0.0,0.0,0.0,0.0,0.0,0.0,0.2521948727336003,1.798043825455325,-0.03144546413189864,-0.09517293111760916,0.43467135108131494,-0.6869362842017017
1,5.551123134180209,3.778454393816192,3.778454393816192,4.1004937781246475,1.0,1.0,0.0,1.0,1.0,0.0,0.04068908052526653,1.5140012319500713,-0.48160724503911295,0.5765576459580486,-0.7465848037214449,0.21041108901900502
0,1.1303601004967394,0.8077017429118345,0.24716523845104799,0.8077017429118345,0.0,0.0,0.0,1.0,0.0,0.0,0.43916910636218964,-0.9287934636668356,-1.255446795442189,-0.38845020642712186,1.6225912901310904,-0.49751444196313344
1,-1.132276251753249,-1.124008854592616,-1.124008854592616,1.6109602754227694,0.0,0.0,1.0,1.0,0.0,0.0,0.6691064159796828,-1.17420861949202,1.7076386606331997,-0.8071543252320073,0.4503598159868514,0.2921147219784988
1,2.004717025439776,1.716522110572833,1.716522110572833,2.1152960710825113,1.0,0.0,1.0,0.0,0.0,1.0,0.4566251078066928,-0.9185445787361777,0.7275789202685862,-1.9714944352694115,-0.22472639714190135,0.08938793132268746
1,3.3014333674245417,1.357446489038123,1.357446489038123,4.662470702609708,0.0,1.0,0.0,1.0,0.0,1.0,0.764033341578001,0.05118551468974075,0.46336035678233656,0.3557355994640118,0.25507248334387017,1.1872399408902983
0,1.0109429034298951,2.092024439615394,2.3155602389417314,2.092024439615394,1.0,1.0,1.0,1.0,1.0,1.0,-1.6131065238466882,0.589972364575833,-0.24392386203563582,-2.2657486014432133,-1.3799704866401625,0.23496607733830932
1,-1.3200277775455311,-2.340425331882476,-2.340425331882476,-0.9895624508790879,0.0,0.0,1.0,0.0,1.0,0.0,-1.8322526729901067,1.1145385812654522,-0.21664149592775717,-0.41916907992602126,0.04424256050329678,0.6063426016593008
1,3.0000686609067504,1.251464319146649,1.251464319146649,3.6346601437352652,0.0,1.0,1.0,1.0,0.0,1.0,0.705824520495049,-0.6639964110822475,-0.3933465366448564,-1.0508799523912498,-0.048656759231619384,1.2946508758436301
0,0.7840642212512294,0.979454817445995,1.1138936822708814,0.979454817445995,0.0,0.0,0.0,1.0,1.0,1.0,-0.15425199933592706,-0.3112086111178063,0.6137882403744853,1.1908488369905292,0.8194861733390869,-0.636808077765376
1,0.8631014704865811,2.3940452243517063,2.3940452243517063,1.8435180051752136,0.0,1.0,0.0,0.0,0.0,1.0,0.7040390538969379,0.4079285924611653,-0.7939374573716536,1.4393456533086804,0.6588619899118081,0.41145050822539053
1,2.82360177935466,1.4895795137449763,1.4895795137449763,3.059267356186255,1.0,0.0,1.0,0.0,0.0,1.0,0.22187209240552824,0.8632518469708681,0.19193703791321204,-0.5370448179438156,0.3950550137663845,0.8857470749188407
0,3.228812261411159,2.2541150329759225,1.2872440701024621,2.2541150329759225,0.0,1.0,1.0,0.0,1.0,0.0,0.5417088802787022,-0.1867975388560848,1.459190726545765,-0.45525083200292216,-0.8998565000951206,0.0036811080152067688
1,9.516611641659107,4.086126813707991,4.086126813707991,7.318899640200872,1.0,1.0,1.0,0.0,1.0,1.0,0.615305054676289,1.4676506651935108,0.22327100051941914,1.4838406889998776,0.3032299938020998,0.18172320256746322
1,5.035683693215144,3.8869091864647505,3.8869091864647505,2.2366588039040947,0.0,0.0,1.0,0.0,1.0,1.0,0.7695499845818712,-0.28796712468441404,-1.454540049960792,1.185375951411034,0.4962322126647905,1.2260111477676534
1,4.127343076872169,1.2152829723055256,1.2152829723055256,3.4679191208904188,0.0,1.0,0.0,0.0,1.0,0.0,0.5241984615869059,-0.3434881645095754,-0.6232284052886797,1.5718646329549604,0.12546194488785287,1.7951317429501479
1,0.6006297115156349,0.1378624669434661,0.1378624669434661,1.071628309911149,0.0,0.0,0.0,0.0,1.0,1.0,-0.04396579346736684,-0.33811170692337655,-0.6913374872090019,0.5393078873396321,-0.25227467895460476,-0.8546171937673486
1,3.0085602418745236,4.515911644648122,4.515911644648122,3.536939044651759,1.0,0.0,1.0,0.0,1.0,0.0,0.728979044554097,-0.7552077104155032,-0.42885451055047674,2.2428251577949334,0.14232701727956,-1.0055446445977092
1,3.6299854722485803,2.9698484767541453,2.9698484767541453,1.2321010771980414,1.0,1.0,1.0,1.0,0.0,1.0,0.30731738560000704,-0.275338589301047,0.5231007068297987,-0.4365073830127564,-1.2142677546521847,0.29235832276937335
0,3.06664320494565,5.869417781612505,3.7290624759907356,5.869417781612505,0.0,0.0,0.0,0.0,1.0,1.0,2.5950718402553155,1.6198795905861831,0.2373189488152765,-0.9055924527393624,1.4093509135986335,-0.7528682902128337
1,0.6402067790466124,4.03391100930096,4.03391100930096,2.02220645783861,0.0,1.0,1.0,1.0,0.0,1.0,-0.25712215004021466,0.23873346134801926,0.3443642744448678,-0.6368090717706776,-0.7896691896959479,-0.7134177912766314
1,2.043224244356145,0.9080504716466749,0.9080504716466749,1.7407045242168222,0.0,0.0,0.0,1.0,0.0,0.0,0.18382587639175524,-0.2486192746997905,-0.01597844271602067,0.5384992640520196,-0.2032884545139121,2.5130429262656557
1,1.9878548402712424,1.6974494105378017,1.6974494105378017,1.4814935753686655,0.0,1.0,1.0,0.0,1.0,0.0,0.3933840824679756,-0.5914097439524648,-0.021588296537586066,-0.6253880753255304,-0.45138898945044464,-0.5104064716310838
0,-0.9722716119333361,0.6762038602150141,2.0885388239784004,0.6762038602150141,0.0,1.0,1.0,1.0,1.0,1.0,-1.4725351371793798,-0.8456009595420412,-0.9098937484953251,0.1968409802927062,1.5039048969015603,-0.9307739786983356
0,0.326839988091881,0.7536143290071702,1.3372615681536844,0.7536143290071702,0.0,1.0,1.0,0.0,0.0,1.0,-0.00086596233356332,-1.6308613943223629,0.32995524942623405,0.8008460487831061,0.6923593254302167,-0.69966871970604
1,5.046032966333608,3.1545535670063947,3.1545535670063947,3.611916547107694,0.0,0.0,1.0,0.0,1.0,1.0,1.2102431151225705,1.6222258101178293,0.7277567133648641,0.8126730281996721,0.9187605700924065,1.8585053321894436
1,5.119091844598947,4.269583729127228,4.269583729127228,5.5642029061665905,1.0,1.0,1.0,0.0,1.0,0.0,1.0566255067511445,-1.0994016076474524,-1.2055090139848912,-0.9896907121894362,1.0276430070565292,-0.037289497648680225
1,6.895116140837052,1.5885799388250323,1.5885799388250323,5.335168892018348,1.0,1.0,1.0,0.0,0.0,1.0,0.016417797130177946,0.31554975034018423,-1.5018353158667803,-0.7087988311080993,0.6263292753458581,0.49139156716604715
1,-0.5916154728055523,-1.6398284003520018,-1.6398284003520018,0.9737946515880388,0.0,1.0,0.0,0.0,0.0,1.0,-0.42436118317324506,-0.5808206363494993,1.527257965696052,-0.3956040779228685,-0.14246379968133369,-0.1252994130373298
1,4.525525668395021,3.444462245936122,3.444462245936122,8.016548885469842,1.0,1.0,0.0,0.0,1.0,1.0,1.0625997734034363,0.208896267737478,-0.8618879923224549,-0.34796211098862573,0.7463148990738044,-1.00548514194634
1,4.265801513661294,4.769401005951034,4.769401005951034,5.986081395538279,1.0,0.0,1.0,0.0,0.0,1.0,0.8896557198984462,0.390321260455974,0.873041672194646,1.0131970364811662,0.5276476695219646,0.08170263994867016
0,3.835179084305538,5.981973142664868,3.650614162780106,5.981973142664868,1.0,1.0,1.0,0.0,1.0,0.0,1.9094001081468583,0.12353050314422764,0.6078445893592189,1.2552153127603964,0.754737982899904,1.010865503648747
0,2.0048603715893676,2.6212913379680938,3.3169157830354763,2.6212913379680938,0.0,0.0,1.0,1.0,1.0,0.0,0.8967341415409488,1.770694124951835,1.3885276864371348,0.9877135948513535,0.23637326325621533,-0.13572836860610615
1,1.2826063250669453,-0.49217513349979347,-0.49217513349979347,-1.1046000671247431,0.0,1.0,0.0,1.0,1.0,1.0,-0.11606583711584212,-0.9688697670406524,2.393402703497685,0.9648605713006496,0.24381251177790353,1.0095617623540891
0,0.016705911343831113,3.1891298622800477,3.569094895827866,3.1891298622800477,1.0,1.0,0.0,1.0,1.0,1.0,-0.8586518267310582,-1.037619686015466,0.5762417545546561,-0.5627249118311641,0.9524860162866513,-0.02108853328768845
1,5.175899007919274,3.330934617522183,3.330934617522183,3.565946526713045,0.0,1.0,1.0,1.0,0.0,1.0,0.5444724616394796,0.9491279173219579,0.16915389451835655,0.10333754277543711,0.1454766651472676,0.7510517789586593
1,5.197634697729519,2.569349010199138,2.569349010199138,2.6947666083459656,0.0,0.0,0.0,0.0,0.0,0.0,1.346465011131037,1.178547095848379,1.6124046480043082,1.7359759132633918,1.8190928371311506,1.3993725984111307
0,-2.943548144486715,-0.3785633230167672,1.3913501278694562,-0.3785633230167672,1.0,0.0,0.0,0.0,0.0,0.0,-1.8697027245872142,-1.1094807797178936,-1.3372310095574376,-0.07344870352404667,-1.146325015464538,-0.9642147238592631
0,1.2834582219714181,3.0193786828625537,2.9565206418751186,3.0193786828625537,0.0,1.0,0.0,0.0,1.0,0.0,0.5656546771882549,0.6385702964615919,0.39480681865179756,-0.021057822771431485,0.29085928382946236,0.32104314477665746
1,2.0793003077496275,3.2369390818628805,3.2369390818628805,3.3394641175961954,1.0,1.0,0.0,0.0,0.0,0.0,1.0479184795994947,-0.5997956956750268,0.19546414854802163,0.24159341518915886,-0.11714264980403792,0.06927569830361444
0,5.295263597070452,7.6409228542841445,5.367093006453676,7.6409228542841445,1.0,1.0,1.0,1.0,1.0,1.0,1.2562896798773195,0.7004361413488092,-0.588201687232135,1.6987283641908386,0.2610719763333942,0.8764631686034547
0,-2.4883133931397845,0.8416853321533583,-0.8575650648972913,0.8416853321533583,0.0,0.0,1.0,0.0,0.0,1.0,-0.28217006092658586,-0.9761410309818999,0.7765247375955535,-0.6200494202798399,-0.8904765759547115,-1.7005892491440426
0,-2.270325900279681,-0.6035011870163469,-2.904045462669938,-0.6035011870163469,0.0,0.0,0.0,1.0,0.0,0.0,-0.2762239304241029,-1.3807046543616244,-0.15670459531617037,-1.6165962685229789,-0.6438681612690755,-0.7635215744311606
1,1.1192099507426356,0.6097552987180695,0.6097552987180695,-0.5945259186966875,1.0,1.0,0.0,1.0,0.0,0.0,-1.0451788412795922,-2.0415142712210756,-0.3471548306364661,0.11779743461543368,-0.03748608092975003,-1.7595918911732862
1,3.6130427404965477,-1.168340714394728,-1.168340714394728,3.115541188123537,1.0,0.0,0.0,1.0,0.0,1.0,0.3902684587852033,-0.4026029802846989,0.1914446637968778,0.2265796798801496,-0.5578713570675786,1.224714082557771
1,1.941496858624622,-1.0026540434518074,-1.0026540434518074,0.436019088218767,1.0,1.0,0.0,1.0,0.0,1.0,-1.541605725024295,-1.6864430786883156,-0.185569456752265,-0.5617209764308251,-0.5378600894811816,-0.8277401490341072
1,2.5281835302712095,1.2184900635637228,1.2184900635637228,3.19221312762358,1.0,1.0,0.0,0.0,0.0,0.0,0.014856600289082119,0.003453792474837125,0.20413888451691387,-0.1954533578376611,-2.1813092086775536,-0.5834406234909199
1,1.8858184079982336,-0.4307178279956073,-0.4307178279956073,1.6845634739316,1.0,0.0,1.0,0.0,0.0,1.0,-0.38660755407893244,-2.336292143640086,-0.05272475784146935,-2.103224796236959,-0.3959029149573879,0.9792334230958677
1,-1.7122288536505121,-1.345228104991545,-1.345228104991545,-0.5776220656765256,0.0,0.0,0.0,0.0,0.0,0.0,-0.16866859354527236,0.41655181572923883,1.5584503573080681,-0.4135310569313668,-0.5992719010057813,-1.7924363157084513
0,-2.239050428222759,-3.161032013487348,-3.1954410361948553,-3.161032013487348,0.0,0.0,0.0,0.0,0.0,0.0,-1.3158386484983176,-0.7152274168618715,0.33952042655997594,-1.682806044998172,-0.4914135025818488,1.1720045870890539
1,2.3153858749186007,-0.12118955554607236,-0.12118955554607236,0.39110201149691126,0.0,0.0,0.0,0.0,1.0,0.0,0.535141101996449,-0.9204608853636134,0.16926530211426394,-0.714293086323052,-0.38933977616298665,0.4667629987671669
1,5.287084863275509,3.269850135443692,3.269850135443692,3.6141153779633894,1.0,1.0,0.0,1.0,1.0,0.0,-0.05245937998081203,0.9416985396416795,-0.5562726617115152,1.0354130032528637,0.9022112386106289,0.5161327851772309
1,2.7127725680472348,0.9779440981800911,0.9779440981800911,0.6992854369657309,0.0,1.0,0.0,1.0,1.0,1.0,-0.177890008953368,0.11790357187065699,-0.12114842387285754,0.15878637485860445,0.39938974794049936,-0.4142152834162034
0,1.210177652597593,3.0703273657497165,3.5129549943512606,3.0703273657497165,0.0,0.0,0.0,0.0,0.0,0.0,0.002542002092523406,1.3980560852412012,0.9430014959891633,1.8235944720870483,1.100739398508714,1.2519711561944917
0,0.4535481520676953,3.1402359196709098,0.9061752758272005,3.1402359196709098,1.0,0.0,0.0,1.0,0.0,0.0,0.791243130817604,-1.019825707705083,0.15847507962607393,-0.8596599429007119,-1.2008877545145622,-0.09860816205222572
1,6.6939474260648195,3.89538426928094,3.89538426928094,5.872196570114429,1.0,1.0,1.0,1.0,1.0,1.0,2.2215159791846215,-0.6040933566495104,1.0060210086643746,0.24738166360148775,-0.025806577462562874,1.0173185777639937
1,4.769602903484321,2.927985052877637,2.927985052877637,4.937417118224729,1.0,1.0,0.0,0.0,1.0,0.0,0.2845736263675207,1.457154241933314,0.4964952937958593,0.4599942414281787,-0.08347838493947468,-0.7593270018627366
0,1.0439375665253234,2.6511658461449605,0.924446828489444,2.6511658461449605,0.0,1.0,0.0,0.0,1.0,0.0,-0.35084916602429184,-0.3079423380269316,-1.1885524994908667,0.053176068709041346,0.6490728770130344,0.06418515918370146
0,2.506049509562304,3.563267244465928,-0.14879372226754128,3.563267244465928,1.0,1.0,1.0,1.0,0.0,1.0,-0.5848405387855409,-0.49675491088233126,-1.5407181490073838,-0.4305742116517135,-0.09282487957850144,0.22284968398561933
1,1.3641611946924703,0.33351843601047443,0.33351843601047443,0.7216914394661011,0.0,1.0,1.0,0.0,0.0,1.0,-0.4800379362671328,0.29313353979101975,0.67387287487333,-0.6378901094147229,-0.059899375529488486,0.45648704207027324
1,6.003717216807617,4.837937543342727,4.837937543342727,6.574314004021428,1.0,1.0,1.0,0.0,1.0,1.0,1.0115424318221364,1.0568042044900188,0.7606689049113297,0.5818756024881409,0.3745879209745285,-0.029988777030211855
1,1.8470054693554125,0.8311966489847965,0.8311966489847965,1.250375567592163,1.0,1.0,0.0,1.0,0.0,1.0,-1.5958868618875444,0.4660798715725041,0.05765887752017701,-2.1763722445501794,-1.1928507257418839,-0.8197577394990198
1,6.111390645546616,3.7508287575395007,3.7508287575395007,5.409348323538942,0.0,1.0,0.0,0.0,1.0,1.0,1.0974783096193872,2.488089130321199,0.5411400696775237,-0.6186028501262001,-0.6009098064101532,1.1823026484323904
1,2.5793253899739135,0.17571482919135661,0.17571482919135661,3.211181339784762,0.0,0.0,1.0,0.0,0.0,1.0,0.9105900332134438,0.18138973968220407,0.9844982053660911,0.4100865548445208,1.600235945309934,1.5095795833623755
0,1.6394421195980393,2.903652321400189,2.1984543988080327,2.903652321400189,1.0,0.0,1.0,1.0,0.0,0.0,-0.4372346256934547,1.3800030248646211,1.609562145002717,1.6323226951184133,0.6036994498306094,0.4416519814077512
1,4.774611726722723,4.520234383265487,4.520234383265487,5.654721354741694,1.0,1.0,1.0,1.0,1.0,0.0,0.4989873826896862,0.3058941414384149,-0.6599616008259512,-0.24707018091465294,-1.797840978252112,0.1553036896245964
1,4.537043304092388,0.5279475990355008,0.5279475990355008,5.481204024988163,1.0,1.0,1.0,0.0,0.0,0.0,0.6457152409772767,-0.14426702486367152,2.436035428835302,-1.1850448962933748,-0.23951375311626255,0.24347380993567097
1,2.7651885553779243,0.49158250290644634,0.49158250290644634,3.2215303958266124,0.0,1.0,0.0,0.0,0.0,0.0,0.9278425814902599,0.5620516088065483,2.116085171502964,0.35551271957004016,0.8119830149565419,1.0688636316364781
1,3.0268338944784654,1.8338676395958264,1.8338676395958264,0.47724792925458726,0.0,0.0,1.0,1.0,1.0,0.0,0.0798598848528575,0.4169861979220333,-0.8656896990941237,0.12595690612879548,-0.8429520119056422,0.09848897407761731
1,3.179077518364151,2.0923880439431786,2.0923880439431786,3.086151330601344,0.0,1.0,0.0,0.0,0.0,0.0,0.5447656994152239,0.19705561593927862,0.5823173511089195,0.3955560932783533,-0.14588459160249528,-1.3177981898684723
1,3.7783832841819622,2.570197059449643,2.570197059449643,2.597192541354908,1.0,0.0,1.0,1.0,1.0,0.0,0.29634117102923885,-0.38996142738761663,0.12574056054733523,-0.4267384699848704,0.28130561257905257,-0.013893013040945121
1,5.67486944155139,6.565557456406109,6.565557456406109,6.563242819939426,1.0,1.0,1.0,0.0,1.0,1.0,-0.045115626713965025,1.3096768283813782,-0.810798208815469,2.2678561317183887,-0.10605401133797993,0.35800932481104775
0,0.6617064716208192,0.7929316791218253,-0.1300017824062788,0.7929316791218253,1.0,0.0,0.0,1.0,0.0,1.0,-1.0948339486443364,-0.02247566660561351,0.6375012825303994,0.6074343932896821,1.655598466212608,1.642272953998499
0,0.6333247459703241,1.131251412926455,1.8915067159145509,1.131251412926455,1.0,1.0,1.0,0.0,1.0,1.0,-1.6120951441198923,-0.39160924184064555,-1.4886245088666485,-1.8854077181428854,-0.020334859692927698,-0.43358694471908205
1,-0.37736978543308997,-0.6661536790122496,-0.6661536790122496,0.4083766724678467,0.0,0.0,0.0,0.0,0.0,1.0,-0.6163844194840072,-0.27771197366561695,0.40790891881546304,-0.4028399858828202,-0.9708660345767405,-0.9707402311178036
1,2.7795199359425182,0.8523557217323001,0.8523557217323001,2.5908579670636365,1.0,0.0,1.0,0.0,1.0,1.0,-0.12530040799196723,-1.4669018077931804,-0.5619670881022675,1.590158430714692,-2.0176414931379236,-0.12217685430707759
1,2.6240075342501923,1.2954167562426868,1.2954167562426868,3.3918828860480823,1.0,0.0,0.0,1.0,1.0,0.0,0.08945260915882013,0.2614267030236031,-0.7521595689575498,-0.08168331830228825,-1.0459984352844214,-0.5071777813258107
1,0.34717054743018194,0.09836179574417353,0.09836179574417353,-0.24672473691131536,0.0,0.0,0.0,1.0,0.0,1.0,-0.9859701852662855,1.046950930962324,1.3814584572831503,1.037632326152095,1.100214856388383,0.41449421179605983
1,3.797169030533176,2.7662755757770556,2.7662755757770556,3.817007106108105,1.0,1.0,1.0,1.0,0.0,1.0,-0.5072222215270528,1.4812010722188584,1.5284987589109171,0.551800529666565,0.0020828909897681047,-0.1795579863341581
0,-3.03529405262105,-0.622546418046316,-2.456346919766517,-0.622546418046316,1.0,0.0,0.0,0.0,0.0,0.0,-1.6066305311940614,-1.1857540901669321,0.11805094964019641,-1.7579850010513807,-1.9429167042223061,-0.45640766146401507
0,4.388738659398458,7.296612911708998,2.519658585425039,7.296612911708998,0.0,1.0,0.0,1.0,0.0,0.0,2.1831102767395714,0.5992052643976866,0.7584761686111628,2.127756435445021,-0.09894731880149465,-0.1677898155957137
0,3.104561640746961,3.33813873183452,1.9607739896636014,3.33813873183452,1.0,1.0,1.0,0.0,1.0,0.0,0.049466423931973126,-1.601866057606594,0.42512935743022695,0.7505516289096151,-0.20488801402168152,1.8337808666655984
1,5.693219780255829,4.855348183356318,4.855348183356318,7.698256457096359,1.0,1.0,1.0,0.0,0.0,1.0,1.4584538637908981,0.6839280153346295,-0.4823240555366569,0.8132670919007461,0.9100782115144141,0.6853261846775371
1,3.779171681570487,0.8470935141130929,0.8470935141130929,3.65715279347752,1.0,0.0,1.0,0.0,0.0,0.0,-1.0149108781535423,1.337321678883785,0.8174603773575444,1.0823438334080713,-0.4971407284389272,1.5548798942996775
1,0.7484293273287208,-0.22958453846434437,-0.22958453846434437,2.7920714644046347,1.0,0.0,0.0,0.0,0.0,0.0,-1.0505311573615361,-0.005514688446404015,-0.9450186622146463,-0.058836320296031905,-0.5972745956770844,-1.1753253112186877
1,3.859351954308227,4.193481729507873,4.193481729507873,4.094321211089472,1.0,1.0,0.0,1.0,0.0,0.0,0.41293484196757363,0.8357066472493817,1.733157201598158,1.4636282629822932,0.9843731785216587,0.21264438770835992
1,-0.778790759479816,0.5596592082517644,0.5596592082517644,1.2533046238512422,0.0,0.0,1.0,0.0,0.0,0.0,-0.1586093004807721,-0.2076800877403435,-0.3812566406956821,0.6197271734577697,-0.8805324556865497,-1.0732027095814054
0,-1.184895438813731,1.953979027309419,1.1677385945804173,1.953979027309419,1.0,0.0,0.0,1.0,1.0,0.0,-0.21134995121033884,-0.9804627799942819,0.8022037047151506,0.11537310972533865,-0.11401624770338617,0.12381448376213297
1,1.2876195371492398,0.7620840264281395,0.7620840264281395,1.0974369004889617,0.0,0.0,0.0,0.0,1.0,1.0,0.6488180177406437,-1.023515565878162,-0.28747424904562385,0.318471188084186,0.8281461793075071,-0.398034895145084
1,1.8472455427466161,-0.0432146477041042,-0.0432146477041042,-0.38667890611826894,0.0,0.0,0.0,1.0,0.0,0.0,-0.10928833466040229,-0.7727035305860183,0.14772883261641068,1.7061678121777606,0.9051558126294941,-0.567928322719115
1,3.121413480943904,-1.039437311125708,-1.039437311125708,3.4102487278564277,0.0,1.0,0.0,1.0,0.0,1.0,0.14847666016807096,-0.3802016590331111,-0.4949718462536654,-0.5333440286647612,-0.14543143289341073,-0.3625464310252434
1,2.904709548913431,-0.729788890683899,-0.729788890683899,1.5693690719680664,0.0,0.0,1.0,1.0,1.0,1.0,0.4281794027971794,-0.22533062646381374,-1.4887339842050114,-1.176279889317112,-0.29011485279325777,-1.1706950098851425
1,8.74270339278049,5.277478924902665,5.277478924902665,6.700575621969086,1.0,0.0,1.0,0.0,1.0,1.0,1.3145410071552377,1.4202329380389305,0.5628523490837519,1.3930894951671102,-1.4564436638125304,0.19226556704450623
0,1.413768915124177,2.2273851459017884,0.13059722978220567,2.2273851459017884,1.0,1.0,1.0,0.0,0.0,1.0,-1.0699566416240913,-1.3745262471922741,-2.1006651353559946,-1.0025725249778044,-0.7415887127844278,-1.9445486746826754
0,1.1587126592777146,3.20065044519212,3.245379778840313,3.20065044519212,1.0,1.0,1.0,1.0,1.0,1.0,-1.051428729088577,0.4440452915671236,-0.7076902351766724,-0.08203681991436691,-0.03790315956972967,-0.8243125766726316
1,6.460166303338683,4.113223243400821,4.113223243400821,6.119280617773513,1.0,1.0,0.0,0.0,1.0,0.0,1.788624755119578,0.23749233331525493,0.7852603368837411,0.7183601697654685,0.47141965661546137,1.063793192460242
1,4.215777554435428,-0.5363618478083878,-0.5363618478083878,2.653145835855699,1.0,0.0,0.0,1.0,0.0,0.0,0.8323224070740801,-1.345185833337818,-0.3133186174434386,1.1358551128889987,-0.9414224349726639,0.7715326676795047
1,1.1722948546757,0.2338413269023839,0.2338413269023839,-1.5134024916707964,0.0,0.0,0.0,0.0,0.0,0.0,0.030570449147571534,-0.5295765150239129,1.0801706997747875,1.774794047067877,0.3856993135421597,0.5073516209149445
0,3.071209445534761,4.3251156189262465,2.4329706340029906,4.3251156189262465,0.0,1.0,0.0,1.0,0.0,1.0,1.0955415632803627,0.3132147739529735,-1.2219309684848645,-1.2908427942043907,-0.4478605842507283,-1.521218079318195
1,1.1075569537372985,1.458154678089444,1.458154678089444,0.6224186867776695,0.0,0.0,1.0,0.0,0.0,1.0,-0.47812390867185045,0.47978793950760884,-0.6459572459121734,-0.4325384980273686,-0.49369621054864027,0.25270424689634674
0,6.8550230999565,7.170108619636311,6.574007404557285,7.170108619636311,1.0,1.0,1.0,1.0,1.0,1.0,1.9226985217050256,0.8998965245786905,-0.5285812380728669,1.870080820505099,0.32841707737446024,-0.4071254481317351
0,-3.396437863363238,-2.0372171726447736,-1.8366716548041717,-2.0372171726447736,0.0,0.0,0.0,1.0,1.0,0.0,-1.3417428581454827,-2.1083060775528515,-1.0538293988892249,-1.75925400982615,-1.5512472066785474,-0.6724437266686962
1,7.709718972888419,5.897878333150417,5.897878333150417,6.517978094974622,1.0,1.0,0.0,1.0,0.0,1.0,0.6237320089511414,2.4156056543603026,-0.43818643226690923,0.032552782034344196,0.19831701278908814,-0.7716229997731306
1,6.411448629793492,3.266019815551321,3.266019815551321,4.406446398635017,1.0,0.0,0.0,0.0,1.0,1.0,1.3628372257953696,0.5549906405041319,0.16113189323171034,-0.043791880296932206,0.09626027534895615,0.476920577603171
1,-0.0598165580299681,-0.0834539070278914,-0.0834539070278914,3.1315381824279207,1.0,0.0,0.0,0.0,0.0,0.0,-0.9229734977745753,0.05747442587525339,-0.9061930784849335,-1.2923886549958663,0.7172444747482811,0.3435750993825993
1,4.49975695018252,1.5836810635100604,1.5836810635100604,4.447005578652315,1.0,0.0,0.0,1.0,0.0,0.0,0.7737488079407351,0.7355130603782902,-0.5782182643715186,-0.7159081387800694,0.6783341228939708,0.4357775152790787
1,5.557794038406498,3.631219501221353,3.631219501221353,5.165582420246052,1.0,1.0,0.0,0.0,1.0,1.0,1.270259584076562,1.8053384606609613,0.9063073326794125,0.2766104412341509,-0.1286774498636547,2.765584063378883
1,4.460339912789327,1.3616271002776663,1.3616271002776663,2.896477360962296,1.0,1.0,1.0,1.0,1.0,1.0,0.1836128459180524,0.11028959129534893,1.688005941435608,-0.18029492181174084,0.201900760053993,0.1224758986347752
1,2.7000217116303773,1.6632292373772095,1.6632292373772095,4.180866080376261,1.0,0.0,0.0,1.0,1.0,1.0,-0.1943839683663229,0.11115329525559281,-1.4966442089049867,-1.0920307114709322,-1.0738818240732104,-0.2193398072413978
1,2.4330799639352403,1.780467032642557,1.780467032642557,1.8408241279575202,0.0,0.0,1.0,0.0,0.0,1.0,-0.11473338710004174,-0.8054944444137567,-1.7427424057787775,-0.9538030579664298,-1.2780041412357133,-0.31195058454905455
1,2.644082830902844,1.2776850559901978,1.2776850559901978,3.114261845729898,1.0,0.0,1.0,0.0,0.0,0.0,0.02490550141774345,1.3038629505730825,2.4802635174752377,-1.2576750799339114,-0.3365658901127554,0.550309563327553
1,4.761925962407742,2.3233288764145197,2.3233288764145197,5.175091567762402,0.0,0.0,1.0,1.0,1.0,1.0,1.7619172790607973,-0.23971006383463644,0.7628197311451057,1.9224154268684819,1.2699288889984934,0.24982855442524765
0,1.6808193369860411,5.395028547622863,2.470732981590923,5.395028547622863,0.0,1.0,0.0,0.0,1.0,1.0,2.1714244931212114,-0.4792742625741084,1.0386450100743752,-0.008789443657262808,-0.22322140096058052,0.26341032633616895
1,-0.4429896735685188,0.11015823362965171,0.11015823362965171,0.6808450736530653,1.0,0.0,0.0,0.0,1.0,0.0,-0.951650410945292,-0.8407169340359556,-0.35273303152537605,-1.04631172793153,-0.04761697551422035,1.572581522734251
0,2.4495388812723635,6.110456336402154,3.315557476491745,6.110456336402154,0.0,1.0,0.0,0.0,1.0,1.0,-0.8786507854728848,2.868691307372953,1.3659516674506271,1.0024390965207668,0.6229129928296839,0.5838228706154758
1,6.127155198544148,3.691368385459455,3.691368385459455,5.281733928828498,1.0,1.0,0.0,1.0,1.0,0.0,-0.4505641750508923,1.7096388416070423,0.7676188590511792,1.473761267869678,0.394589983607588,1.3469108804129983
1,4.577892102986776,3.1734457054349736,3.1734457054349736,5.040737050791279,1.0,1.0,1.0,1.0,0.0,1.0,-0.5404231240255686,1.9891059400967013,0.6670989345772571,1.6498824256409932,0.3485511333557916,1.0172577754469172
0,0.2280039338936941,3.964253604097438,1.1714796462332617,3.964253604097438,1.0,1.0,1.0,1.0,0.0,1.0,0.5209002423316066,-0.7707218458585543,0.7882970090557512,-0.21338868262958643,0.45069048621357183,0.2840767616876686
0,3.160720462450724,7.249959311133588,4.160114034369545,7.249959311133588,0.0,1.0,0.0,0.0,1.0,0.0,1.5683665507016677,1.435037673787074,0.7532273196836141,2.884144369004916,-0.3018154615527626,0.9698562062554141
1,-0.29850991468727883,-0.06649973468153547,-0.06649973468153547,-1.1500308673422301,0.0,1.0,1.0,0.0,0.0,0.0,-1.6032177794975468,-1.0527160956308614,-0.3999115125519066,-0.878975613024412,-0.3191947789801571,-0.6207155587690738
1,1.6251988548876923,-0.35432664919202045,-0.35432664919202045,2.2021486630842197,0.0,0.0,0.0,0.0,0.0,0.0,0.651618957726939,0.3864493423462525,0.6456379705338788,-0.383119103363742,0.02656753581261896,-0.8708257566936538
1,2.5217675039882246,1.8082863308517203,1.8082863308517203,4.6103420227973615,0.0,0.0,0.0,0.0,1.0,0.0,1.3560703527174032,0.4460804492956352,-0.24296810281029413,-0.9808150307032755,1.0623635096953474,0.6556189264007299
1,2.9539825685705794,0.5071404445930258,0.5071404445930258,1.3133887517383875,0.0,0.0,0.0,1.0,0.0,0.0,-0.2671772212916191,0.7552691755486334,-1.034919696291095,-0.975612128199024,-0.2511079042137919,-0.6669815000922104
0,4.035641910078831,4.235478319530553,2.3951271162580268,4.235478319530553,1.0,1.0,1.0,0.0,1.0,1.0,-0.7073994103998318,1.8561267420053071,1.2336805983583048,1.242045503612387,0.21872137513355033,-0.9840123058866452
1,3.441998818997132,1.1181832236489622,1.1181832236489622,3.4134641342592307,1.0,1.0,0.0,1.0,0.0,1.0,-0.4670843899194068,-0.6307511484994055,-2.3757798323815287,-0.4926461492677383,-1.3477882917075,-0.1595400778588365
0,-0.21993801799401302,1.2502340482515728,0.19702994915411198,1.2502340482515728,1.0,0.0,1.0,0.0,0.0,1.0,-0.7034655793898756,-1.6237934465000436,-0.4852376510654828,1.4625860273009827e-05,-0.19939560684929591,-1.0594375465726684
1,3.331666219839142,0.290398932959833,0.290398932959833,3.6123549412666636,1.0,1.0,1.0,1.0,1.0,1.0,-0.7869671376814383,-0.4145557354663331,-0.12519912934573466,-1.0347969662530063,-0.8721707577393263,-0.6315534002007592
0,1.0680515832702635,2.7979311146300847,2.593020996068457,2.7979311146300847,1.0,0.0,0.0,1.0,1.0,1.0,0.24118337034978116,-0.2417287061996805,-1.0919104015499395,0.38549793771694385,-0.4044364553212777,0.012333007364913995
1,3.9859172732713772,2.459720287468178,2.459720287468178,5.871319581108671,1.0,1.0,1.0,1.0,0.0,1.0,1.062375229745009,0.776852160413694,1.441705292402231,1.69465919003667,0.18962167705039001,1.6105346380705128
1,5.857955196395805,3.6839313534002667,3.6839313534002667,6.183702673383342,1.0,0.0,0.0,0.0,0.0,1.0,0.5873300851600985,2.684445452724403,2.121732992691351,0.9222306438262773,0.9592486427257737,1.192428248454034
1,3.8693294465950148,3.135873205453171,3.135873205453171,5.570281228877358,1.0,1.0,1.0,1.0,1.0,1.0,-0.42048241992384,1.1652106471354513,-0.17201572289582148,-0.12264162367640949,-0.531540944597225,-1.1140097173682533
1,0.9693409035478628,2.6227647736528974,2.6227647736528974,1.919899647365519,1.0,1.0,1.0,1.0,0.0,1.0,-0.7851687290688233,-0.03128369897339306,-0.48438493717343206,0.339149775599995,-0.9228527285748334,-1.1258811589387951
1,2.207778045458627,2.5064342430580764,2.5064342430580764,4.415152730534709,1.0,0.0,0.0,0.0,1.0,0.0,0.43604816048882505,0.4079912456939023,0.12424194343083972,1.8107651426888383,0.8952744313386238,1.8436662480941866
0,-0.6413192186919634,0.34399147934920477,0.05582189929462589,0.34399147934920477,0.0,0.0,0.0,1.0,0.0,1.0,-1.1304309875246465,0.35825878875668193,-0.30233180155838835,-0.4505632666213566,0.11616485602084492,1.178509731870966
0,2.6163272939097966,5.8509257337699285,2.15969302177033,5.8509257337699285,0.0,0.0,0.0,1.0,0.0,0.0,1.3088926227107998,0.3999176292475632,0.4167007614362432,0.7024772794871069,1.0503021116964035,1.0710381058203102
1,1.2506658832073543,0.8955539797356497,0.8955539797356497,1.909940960613718,0.0,1.0,0.0,1.0,0.0,1.0,-0.009185336362308786,0.22968268782436524,0.5124887836716272,-0.6599837275755521,1.0504535306635407,0.3090886455564358
1,3.762801069958941,3.4373117066236545,3.4373117066236545,4.911240730275702,1.0,0.0,0.0,0.0,0.0,0.0,2.4536746843941497,-1.3313117574338666,1.1737909559040711,0.7851114475051564,0.4244023920963603,1.2906022982562781
0,0.6640864433005964,1.48149588114733,1.2854490122063176,1.48149588114733,0.0,0.0,0.0,0.0,0.0,1.0,0.23020875354807152,-0.2801748488139528,-0.9848524827422618,-0.6059716101193109,0.591918884929765,0.22100350924426992
0,-0.9922022002403142,0.954256483770066,-0.18583386663875734,0.954256483770066,0.0,0.0,1.0,0.0,0.0,0.0,-0.8831716998723829,0.21428270996945464,0.20912636218927133,1.0090240264625052,0.8220066557997512,1.312040049083838
1,4.5821529045861,2.8304466246024003,2.8304466246024003,4.4807507559003135,1.0,1.0,1.0,1.0,1.0,1.0,0.39495512247309966,0.038775610005811145,0.1232964622412061,0.9375254832121586,0.9353072249472245,-0.5877768116721269
1,3.989626797388796,1.5339396060466528,1.5339396060466528,4.002273234748962,0.0,0.0,1.0,1.0,0.0,0.0,1.0674731084495832,0.45497520113459905,0.4190992338694506,-0.9840587369762799,-0.9086136144222259,0.9567056417630047
0,1.108021436746057,1.9191436138274738,0.9553321563581443,1.9191436138274738,1.0,1.0,1.0,1.0,1.0,1.0,-0.8730218478563925,-0.026609817125468727,-0.4997237991515705,-1.6004215746606094,-1.528090698984132,1.3881720073070436
1,6.576100145373996,1.785245794100578,1.785245794100578,5.708844317022352,1.0,1.0,0.0,1.0,0.0,1.0,0.5107734535780445,-0.04195946802603778,0.36948744090589847,2.006748578184215,2.501081834309825,0.8393942152002728
1,2.820605186619761,-0.9178224278208851,-0.9178224278208851,0.06471863260618593,0.0,0.0,1.0,1.0,0.0,0.0,0.398737326815737,-0.47472816484750335,1.808982470917396,0.09503333594171948,-0.18466460937648022,0.7788151037922089
0,0.09575097601304439,3.975430134492578,0.30618475516888244,3.975430134492578,1.0,0.0,0.0,0.0,0.0,0.0,0.35619029702482174,-0.586941211498153,0.10267487089344574,-0.6416663726125049,1.067952651151389,-0.33012900834459513
1,2.3385060966958924,-0.13247252346639266,-0.13247252346639266,2.112661445900496,0.0,0.0,1.0,1.0,0.0,1.0,0.43751356203465686,-1.5690601448393067,0.9115171077043028,0.027756452491433103,-0.2477918523434233,0.5533467787498488
0,1.1012305424695592,0.7088980775038523,-0.5372911764455082,0.7088980775038523,0.0,0.0,0.0,0.0,0.0,1.0,0.3418766963244723,0.546658450401218,0.6591118076219948,-0.6563823781962418,0.9691113228352115,2.515551981483802
1,-2.639064713711387,-3.8937514734049534,-3.8937514734049534,-2.393293996960283,0.0,0.0,0.0,0.0,0.0,0.0,-2.0611184516096337,-1.8594751574630486,-1.8206226987163014,-1.543672485753912,-1.7144176266456237,-1.9786959512549354
0,2.3345366835666526,4.5344818158746545,2.0318735090696514,4.5344818158746545,0.0,1.0,1.0,0.0,1.0,1.0,0.6179490680753007,1.625090553905806,0.44217342677555094,-0.28316308593335937,-0.6703841506702318,-1.0688960448568718
1,0.6763966985959022,0.07877204598346105,0.07877204598346105,0.07711577365883693,0.0,1.0,1.0,1.0,1.0,0.0,-0.538323715865947,-1.0441348541958724,0.03798202081444846,-0.018485801189603968,-0.798795204488603,-0.359421098488635
1,-0.7747613791823474,-0.8064088776397055,-0.8064088776397055,-0.5566855271409875,0.0,0.0,1.0,1.0,0.0,1.0,-1.2051742269118815,-1.58671043692319,-0.9769323141892514,-0.29820768368130796,-1.3715150548214843,-1.8540308458095525
1,4.1353607918997,3.4343878504909577,3.4343878504909577,3.127103728340113,1.0,1.0,1.0,1.0,1.0,0.0,0.39084616731903854,0.5217422146492035,0.6341042039984965,0.5246006184728416,0.5487342699738872,0.5648295066323351
1,1.5604986336834192,0.22000442962573452,0.22000442962573452,1.1322923272106924,1.0,0.0,0.0,0.0,1.0,1.0,-1.813673550292676,0.7856855849154845,-0.9407992505934939,-0.049606443497101776,-1.7125969890510286,-0.9434566411345146
0,1.366326308159024,1.9738064136157898,0.35763641000485824,1.9738064136157898,0.0,1.0,0.0,1.0,1.0,1.0,0.3571910500807798,-0.8879585333875567,-0.10920640216186853,-0.7016233563787448,-0.5228072572856561,0.23092463009412745
1,4.528090412382845,2.134444540049099,2.134444540049099,2.924697787204872,0.0,1.0,0.0,1.0,1.0,1.0,0.32071971544379957,0.3490213466313902,-0.7124605453352738,1.3732491681521453,0.09721564128522568,-0.35716465156193294
1,3.15549188799509,0.3099397776661823,0.3099397776661823,4.392180752553347,1.0,0.0,0.0,0.0,1.0,0.0,0.21527628479911462,0.5521722389338308,0.9997866491741869,1.1674579991466547,1.6480069371601371,-0.6538921727657979
0,-1.9286877747382842,3.244607120561764,1.4446694294804283,3.244607120561764,0.0,0.0,0.0,0.0,0.0,1.0,1.2415235885716782,-0.37409886885089033,0.07036531955056635,-0.6983222495670374,0.13491798555074458,0.5547861184815053
1,5.530913070614226,3.571591694208973,3.571591694208973,5.13810975870881,0.0,1.0,1.0,1.0,1.0,1.0,1.9744491908517658,0.7497260582245391,1.544800892292162,0.06917089341436344,0.5266482685556211,-0.7478859007362505
1,6.8512382527205835,2.439923341706127,2.439923341706127,5.102358748419729,0.0,0.0,0.0,1.0,1.0,1.0,1.8502886785749013,1.9282007854803083,0.8426801564499229,0.46155331034520686,1.095377899223587,0.7335297290174053
0,2.188328489336703,4.700560116598036,1.2204730032053617,4.700560116598036,1.0,1.0,0.0,1.0,0.0,1.0,-0.016140107075897615,0.05668514251286072,0.1736612054356917,1.0271889924350146,1.3466369943316705,-0.6485141671290822
0,-0.1583865901826619,0.9702800414234125,0.6556263395448864,0.9702800414234125,1.0,0.0,0.0,0.0,0.0,1.0,-1.386239462194278,0.4362784407009939,-0.07106216615562082,-0.4287710699704592,0.06397141497082083,-0.18383185257662293
0,-0.09471514109549017,0.2571765935768138,-1.5503670167570844,0.2571765935768138,0.0,0.0,0.0,0.0,0.0,0.0,0.058583392969482416,-1.6806393954016048,0.46643289960905154,1.722553888445019,0.00533137163514362,0.7452309263204183
1,2.5442710721905173,2.1830772402655985,2.1830772402655985,1.6022526153193424,1.0,0.0,0.0,1.0,1.0,1.0,-0.31519085882727277,-0.760200614478625,-0.16598322577884184,1.0185667945163261,0.4169789426611225,0.2897182524680484
1,4.163333079981204,1.7732692799504144,1.7732692799504144,2.7821542645135957,0.0,1.0,1.0,0.0,0.0,0.0,0.8388753641631398,0.2326641597583122,0.026196990549634924,-0.3464662335084584,1.333624699118344,-0.2600298694153883
1,4.685218653684309,2.0706159139903813,2.0706159139903813,5.565895033321456,0.0,0.0,0.0,0.0,1.0,1.0,2.708943389127499,-0.6859684144879394,0.283050046065878,0.15035316699326778,1.0734296664558243,1.2534807698865316
1,0.20589714751015276,-0.8919765609242023,-0.8919765609242023,0.3502584508934852,0.0,0.0,0.0,0.0,1.0,0.0,1.166816537126664,-1.1061074045519577,0.7863529234489237,-0.3630497017577914,0.3194646092511163,1.1456538043391988
1,3.4751468741269433,1.5559937965111674,1.5559937965111674,4.865328886896287,1.0,1.0,1.0,1.0,1.0,1.0,0.4774441973015006,-1.575851235255652,0.3736600896409888,0.3064259153986162,-1.161923058182811,0.2741443502279017
0,0.7244097455281745,2.3669047768579747,1.1115008106994975,2.3669047768579747,0.0,0.0,0.0,1.0,0.0,0.0,0.7350804978377335,0.22962188200832317,0.40943252881512054,-0.5391387323314745,0.46038626729968024,0.7959884574098125
1,2.5766898370781632,2.6543746377353132,2.6543746377353132,4.678656344434657,1.0,1.0,0.0,0.0,0.0,0.0,1.1643962763083768,-1.168022583206713,0.8397367700794636,-0.3061042823369812,-0.25699088281744153,0.6462531214180054
1,0.9654713019070835,0.7912091578550772,0.7912091578550772,3.3290786568430075,0.0,1.0,0.0,1.0,1.0,1.0,-0.10965427208243395,1.0800758966177844,0.9009484723195822,0.08127824998055344,-0.4258456228249964,-0.23759962871403206
1,-0.7865637190395444,-0.17865031705041223,-0.17865031705041223,-2.585395207324492,0.0,0.0,0.0,0.0,0.0,0.0,0.2151278157593988,-0.5862064682879057,1.149960558303506,0.5191232297754286,0.338049562383802,1.4033692944919713
1,1.0977088501253218,-0.34867144199641875,-0.34867144199641875,-2.4604973853224568,0.0,0.0,0.0,1.0,1.0,1.0,-0.6028178645797043,-0.7584843969496327,0.8294676589635855,0.329623567121924,0.43799690783464307,-1.4450576434287195
0,0.3920665697024805,-0.1328474248273167,1.5994537307185344,-0.1328474248273167,0.0,0.0,1.0,0.0,0.0,0.0,-0.43210409804099725,-0.5974565921555267,-1.3520086847078296,-1.4518185500659673,-1.8688320278103396,-1.3869952228486948
1,3.2474190444979434,3.157829168811282,3.157829168811282,4.526880595582947,0.0,1.0,0.0,1.0,0.0,1.0,0.3278245029199441,0.8520488837679375,-0.519626493470516,1.4543754425354134,0.2817931125742976,0.8076043947332703
1,2.0035243507379117,1.2954460398749008,1.2954460398749008,1.5210908441997801,0.0,1.0,0.0,1.0,0.0,1.0,0.28704015394835025,-1.8781913285573504,-0.4011421691877738,-0.6720714705478117,0.1871981344580973,0.17563406855487818
0,4.726217458130465,5.328252501381372,4.363741592163266,5.328252501381372,1.0,1.0,1.0,1.0,1.0,0.0,0.18047952482692106,0.6481688215717452,-0.2763459793643147,1.412068008768995,0.7695515702410733,-2.056928577117227
0,0.257961674100828,1.7945753478739632,0.32874539242775874,1.7945753478739632,1.0,1.0,1.0,1.0,1.0,0.0,-1.4082682397403083,-0.4966574669277232,-0.2689568675682353,-0.7568667745376075,-0.41773940827352607,0.1512979731973837
1,3.628772898150314,2.268016238861046,2.268016238861046,5.584901367069487,1.0,0.0,1.0,0.0,1.0,1.0,1.6200639984670795,-1.1387131249760938,0.8315571872942737,0.37122527262821403,0.7814598854622565,0.03475426524099284
1,2.4530979700861146,2.280582732786362,2.280582732786362,1.371780487140466,1.0,0.0,1.0,0.0,1.0,0.0,0.5354197621966533,-1.011583177847192,1.482860107514886,0.13784132715759229,-0.2808019465548176,0.20433683113503628
0,4.461908532455339,4.5980919805276415,2.213278323346921,4.5980919805276415,1.0,1.0,1.0,1.0,0.0,0.0,-0.23312381317808753,-0.25924902682164386,1.7981069761088928,2.0670383642803083,1.754369614933979,0.5643424311148479
0,-0.4786887307635961,-0.058750098007412155,-0.6525904908136656,-0.058750098007412155,0.0,0.0,0.0,0.0,0.0,1.0,-0.5554140623532182,-0.03799312607447372,-0.8957502420270593,-0.5363328949460532,0.40889586936743566,-0.16462894753346055
0,1.8002248610920626,3.318025125625829,1.517717740811258,3.318025125625829,0.0,0.0,1.0,0.0,0.0,0.0,0.4023742512364708,0.745081985488459,-0.12538265769769802,0.5050096724306408,1.490081173664369,0.2771346554752831
1,6.5984081509774954,3.202171071389067,3.202171071389067,6.6664279651233835,1.0,0.0,1.0,0.0,1.0,0.0,2.1383150723383944,0.4491594303321945,0.1536101925374514,1.5062193508875972,-0.19281582853829404,0.9750053842513114
0,1.0612648885745957,3.2284234816204336,1.4629923734325805,3.2284234816204336,1.0,0.0,1.0,0.0,0.0,1.0,0.5075859509632774,-0.06594058294539518,1.4446673764572215,2.5748592024099053,1.126521080820909,1.3961642027965566
1,7.199216086851291,3.8492087007748292,3.8492087007748292,6.343433194152301,1.0,1.0,0.0,0.0,0.0,1.0,1.7985478769054961,1.1080040776659774,0.9609789783265776,1.1957865488329087,0.35285871543278546,1.6012364087010131
0,-1.9403947747672363,-1.1090844818900407,-2.5184777120014603,-1.1090844818900407,0.0,0.0,0.0,0.0,0.0,0.0,-0.8323701028866859,0.4120646545799126,-0.8988335302310464,0.06368737630238674,-0.6124500162762077,-0.12042548627075714
0,1.6829988915951555,1.0087939523939733,-0.21277773529473104,1.0087939523939733,0.0,1.0,1.0,1.0,1.0,0.0,-0.25072069989275286,-0.9958431524617206,0.26105970338999396,-0.7327644876686183,-1.1893118621314998,-0.9905489234189979
0,1.378162922546417,0.9294497480399982,-0.6777871497663013,0.9294497480399982,0.0,1.0,1.0,1.0,1.0,1.0,-0.8381118363663701,-1.0675088292499748,-0.645814454593073,-1.3954264550312945,-2.0987502025120714,-1.8904536959115936
1,-0.5900803948789761,1.7712878233278142,1.7712878233278142,0.2842637826335181,1.0,0.0,0.0,1.0,1.0,1.0,-1.8220158066683059,-0.16091059482779357,-1.6235012554163162,-1.209752478711314,-0.17160198199418286,-2.1396683883627494
1,1.720109139684863,-0.08437216729517516,-0.08437216729517516,1.839288177028202,1.0,1.0,1.0,1.0,0.0,0.0,-0.48450251139635486,-0.8111297684947645,0.3292343018206235,-1.900196507562654,0.4295442354695165,1.1137809310510993
0,2.145810779958753,2.889980419211865,0.699919455144493,2.889980419211865,1.0,0.0,1.0,0.0,0.0,0.0,-0.6269225985312478,-0.003994670630771635,1.0499556704845519,0.8622029718352389,-0.2341773637092838,-1.133795042169627
1,3.7554341031913254,3.0134558772064013,3.0134558772064013,2.906355318693702,1.0,1.0,1.0,1.0,1.0,0.0,-0.3959372534742107,-1.1180433587910665,-0.4398953465567329,0.1794229152922491,1.7852696132097567,0.5734797620674961
1,2.6965782192022614,2.12495282367145,2.12495282367145,3.061819219901697,0.0,0.0,1.0,1.0,0.0,1.0,0.7032114354468529,0.8802319149834221,0.796598206508142,-0.3687803901422777,0.14668419573992963,0.5709070911709155
1,2.2384992111007103,1.1132073718412614,1.1132073718412614,1.688873129608504,1.0,1.0,0.0,1.0,1.0,1.0,-0.9821105398171984,0.3276819938791651,0.3557417258555038,-0.3097307858609667,-0.9008385226193627,-2.024794785514779
0,1.4613008092848578,1.1004231903114359,2.749703682439627,1.1004231903114359,1.0,1.0,0.0,0.0,1.0,0.0,-0.7197003557358467,-0.23802301369011308,0.9921515612631153,1.3277500029819467,-0.5653577291963611,-0.6856727182125635
0,1.4942273288164638,5.948104785192564,3.7674262865880355,5.948104785192564,1.0,1.0,1.0,0.0,1.0,1.0,0.11766492581480463,0.9611878270138715,0.6784524674513799,-0.034189147237733065,0.4387877874735135,-0.5936491353653681
1,4.667162081433531,2.8305568163212405,2.8305568163212405,4.573873826125379,1.0,1.0,1.0,1.0,1.0,1.0,-1.6888665330085149,1.5781725359792442,-0.7983236011632805,0.13215099385243756,-0.17299448457620312,0.5710745641184394
1,-0.8699070217646949,-1.8124429039179513,-1.8124429039179513,1.1718996083811206,0.0,0.0,0.0,0.0,0.0,0.0,-0.8078175471870769,0.32313134300615054,-0.43914531871044443,-1.630512792061736,0.8088231742796739,-0.2582693879295031
0,4.1361087903415354,5.715676766469288,2.7705417256701836,5.715676766469288,1.0,1.0,1.0,1.0,0.0,1.0,1.1968012684765617,0.4000490214220423,1.6248965554547607,0.862179804888798,1.3174375470130686,-1.051660197172168
0,0.9544801137062943,4.687767399103496,2.611260872983708,4.687767399103496,1.0,1.0,0.0,1.0,1.0,0.0,0.6155984687391768,-1.7532659994677224,-0.5613393327854695,0.227311054266766,0.4421009399478464,1.7167762044812698
1,7.584216856537388,4.43586802825482,4.43586802825482,6.135204612940583,1.0,1.0,0.0,0.0,1.0,1.0,1.4133679086485131,1.109289589965962,1.492181063119115,1.7440157260315856,0.8077366351601002,1.0880799950643116
1,0.35981389690078824,1.2781661432500178,1.2781661432500178,2.2667615803639314,1.0,1.0,1.0,1.0,0.0,0.0,-0.3590966684449062,-0.3705695190421522,-0.12647830218511144,-0.5105002098276942,-0.5889844140044447,-0.238667921863298
1,2.6370372278731806,1.279043379332907,1.279043379332907,0.8469219367515455,0.0,0.0,0.0,0.0,0.0,0.0,-0.152832913041011,-0.7567934316795041,-2.2039727510704803,-0.09669426290413277,-0.1756000010744425,-1.7705321469980326
1,0.3614670015488479,0.10704666706917854,0.10704666706917854,1.8281017247353188,0.0,1.0,0.0,1.0,0.0,0.0,0.18431836629594822,-0.9613511928224477,-0.42445685756144536,0.62687239827134,-0.9752962680953972,-2.3439893972752923
0,4.4119333753920635,5.697318267167672,4.164935346803093,5.697318267167672,1.0,1.0,1.0,1.0,1.0,1.0,1.1372731709121011,1.1737762762367798,1.122769665746675,0.8469132335663134,0.24607402898542097,-1.6590655915463137
0,0.8518599298755216,2.7748662296989997,1.4789093905513822,2.7748662296989997,1.0,1.0,0.0,0.0,0.0,0.0,0.33509387909426896,-0.4623523182773394,0.4875623830325426,-0.6870181475459927,-2.237631310781987,-0.7425074955149734
0,-2.6096256187495976,-1.3363776508056335,-0.5006047675754373,-1.3363776508056335,1.0,0.0,0.0,1.0,0.0,1.0,-1.7260339642086904,-0.7751906279351393,-0.35938462045382763,-0.9450961825992545,-0.31917152161081075,-0.5793712485413663
1,3.744197366845259,2.058818283493659,2.058818283493659,2.171468709860968,1.0,0.0,0.0,1.0,1.0,1.0,1.5784304904346798,-0.3296213236081446,1.373198503891896,-0.6399068574787141,-0.29033411911518486,0.04583731538987734
0,-1.2862104578444111,-1.8119292761526369,-1.5999066534755881,-1.8119292761526369,0.0,0.0,0.0,0.0,0.0,0.0,-1.8188279398672813,-0.45889471605134535,-0.35188035313588784,1.3500450238202095,-1.4910280213651053,-1.391728142195119
1,-2.69921294174096,-1.1011664019324776,-1.1011664019324776,-2.6182602176184435,0.0,0.0,0.0,0.0,0.0,0.0,-1.467140339230183,-1.839573003343919,-0.8295205961610134,-0.5554348084015102,-1.801726899839967,-2.377832732020128
1,3.305901197675075,2.0429663538326874,2.0429663538326874,4.108472399283704,0.0,1.0,1.0,1.0,0.0,0.0,1.117564420678391,-0.4102181979266523,0.8280581923242519,0.21020611256199023,-1.0584498660808501,-1.9669762387526197
1,-3.00134681869023,-4.119141910247734,-4.119141910247734,-1.5829875627448482,0.0,0.0,1.0,0.0,1.0,1.0,-2.2543974068886548,-2.0152530528603125,-1.0032362150459686,-1.616053015465532,-2.337936376519074,-1.4537221934199016
1,-0.23301055684971747,-2.5982161810658955,-2.5982161810658955,-0.47488590934340186,0.0,0.0,1.0,1.0,1.0,1.0,-0.7820295615668588,-1.9337261411733078,0.17405247178265248,-1.5214138981811627,-0.6714028843876809,1.526253194588932
1,4.771867261310311,2.1050429310410417,2.1050429310410417,4.175826827032684,1.0,1.0,1.0,1.0,1.0,0.0,0.6005306888299801,1.108693780464767,-0.3233003058016452,-1.3627985789983625,0.16006682310752393,-0.9177257623357348
0,-0.5158872830652577,1.494315373207538,0.8431545162463864,1.494315373207538,0.0,0.0,1.0,1.0,1.0,1.0,-0.3090619889979629,-1.0657027005684347,-2.700254544530045,-0.13206705264955812,-0.9513150251576319,0.08486172518646984
1,4.5816139152766535,4.070447609703717,4.070447609703717,3.3764991204700614,1.0,1.0,1.0,0.0,0.0,1.0,0.4956338954137193,-0.12212635899283714,1.1320722780966674,1.3962243160961991,1.1677374542521137,-1.7366964447889401
1,3.458186705577303,-0.06865629100101778,-0.06865629100101778,1.5439230340797052,0.0,0.0,1.0,0.0,0.0,1.0,0.5780034198576575,-0.08885277944906861,-0.3702160902310908,0.08799211290944545,-0.4238904885268034,-1.2663294915472978
0,2.6262690783241767,1.5647503479635834,2.865037357902933,1.5647503479635834,1.0,0.0,1.0,1.0,1.0,0.0,-0.33717129348024644,-0.09756956987269716,-0.14236433124537873,0.48784903405770774,-0.7841438139855755,-0.1864257781818751
1,1.718037724720165,-0.04951584415735222,-0.04951584415735222,0.8149454851233437,1.0,0.0,0.0,0.0,1.0,0.0,0.4111769856936995,-0.7801934282997169,-0.1618075226308498,-0.2244635821824936,1.0665715514259615,0.6760714318961643
0,2.7034456644662592,3.541105127956442,2.1278998247122707,3.541105127956442,1.0,0.0,1.0,1.0,0.0,1.0,0.024607075074593997,0.21461101479122618,1.0754319605085882,-0.011382901969113762,-0.4357222378815669,0.3321096206008676
1,2.249750425686735,-0.027957905723176246,-0.027957905723176246,1.3029932312732262,1.0,0.0,0.0,1.0,1.0,1.0,-0.28719327988509147,-0.5768482038074078,-0.9258276838089283,-0.2225535094429659,-0.627569651503376,1.4004099455606445
0,2.1761261858903183,2.993345787205058,1.7803844651742493,2.993345787205058,1.0,1.0,0.0,1.0,0.0,1.0,0.3457398332951476,0.26977958476978003,0.6519860037695755,-2.4544532799104823,0.08518929442857699,0.01460084305304793
1,4.817274715465998,3.6274692565872506,3.6274692565872506,3.0412584277809955,1.0,0.0,1.0,1.0,0.0,0.0,-0.2108105830356018,1.0289367750026102,-0.23344466065449593,2.289451584830175,0.13410489658247823,-1.052227918593297
1,5.498490731242367,3.756858756765572,3.756858756765572,4.815157838274996,1.0,1.0,1.0,1.0,1.0,1.0,0.024628573372350544,0.566158988447106,0.7848551503122959,0.37234658060186077,2.1468320442576494,-1.2132777363094789
0,4.92314375546929,5.419914951608678,5.038676414788021,5.419914951608678,1.0,1.0,1.0,0.0,1.0,0.0,1.4470736806614,0.45291948614368605,-0.3385370496256961,-0.3098226923535059,-0.41139038322036847,-0.3780676736347477
1,3.720745272482994,3.3926059416317433,3.3926059416317433,4.408476782359207,1.0,1.0,1.0,1.0,1.0,1.0,0.5941931408225987,-0.8514671568829322,1.1546893838305448,-0.9698956590428234,1.7918605090028699,1.564935306262334
1,-0.6379400197466902,-3.2876857524962775,-3.2876857524962775,-1.2304768564051503,0.0,0.0,0.0,0.0,0.0,0.0,-0.6501488867826959,-0.4939968477856612,1.481906258004938,-0.5144248485628514,-1.9978685678103845,-1.871884217619348
1,4.914011329692016,4.102756813122301,4.102756813122301,6.3365561131234465,1.0,0.0,1.0,1.0,1.0,1.0,1.8782541002209514,1.2141863752205238,1.5185639984097845,1.0834069099900072,0.61269679056624,1.1510582674975076
1,5.827470151547452,3.9522187034398364,3.9522187034398364,5.9670335545202295,1.0,1.0,1.0,0.0,1.0,1.0,0.49832125214491974,0.7746415327926651,-0.16851132285459117,0.35591856567409585,0.06877538864264619,-0.057096430024771855
0,1.339366763231412,2.7851289565074424,0.4100605090280862,2.7851289565074424,0.0,1.0,1.0,1.0,0.0,1.0,-0.4820163902687189,0.7073113648619977,-0.3344065644106482,0.4452643254619298,-0.6870442987554306,-1.8219230451694433
0,1.965585726939455,3.701612646628812,1.334046805303515,3.701612646628812,1.0,0.0,0.0,1.0,0.0,0.0,0.37627987033971605,-0.4434027059635462,-0.4616334999396472,2.026606680146041,0.6552611589859757,0.03858703584085266
0,0.6550207131009927,1.8300096733930684,1.1602406396845293,1.8300096733930684,0.0,1.0,0.0,0.0,1.0,1.0,-0.4919461591463255,-0.32862675660155954,-0.5394412411683884,2.1913041852080606,1.4961191930394708,-0.5512596310466001
1,4.551363812597613,2.110290957078628,2.110290957078628,3.6832778840211025,1.0,1.0,1.0,1.0,0.0,1.0,0.4706985249915838,-1.0556549305162448,-0.769834185202487,-0.4910176576069712,-1.182539822623271,1.4148734534663703
1,5.550414591676674,2.7675685432877812,2.7675685432877812,6.2500436741438845,0.0,1.0,1.0,1.0,1.0,1.0,0.5272320817606805,2.1768650934156213,0.09134167119394743,0.13599135382450772,0.56940795913223,0.6609930474007304
0,-2.304016396496809,2.195763241583523,1.102468558440456,2.195763241583523,1.0,1.0,0.0,0.0,1.0,0.0,-0.9003841012998689,0.08608809875862442,0.6370653536542396,-1.04879672815165,0.07877738690747736,-0.5386951345635647
0,1.427299744063597,1.3665899683057166,-1.2281949728017731,1.3665899683057166,0.0,0.0,0.0,0.0,0.0,0.0,-1.2219822723656295,1.1822354350692277,-0.3904900495850445,-0.09750220297774273,-0.09028711371204101,-0.9806712152589834
1,4.707879804709135,3.921558326818882,3.921558326818882,4.7797746785471835,1.0,1.0,1.0,1.0,1.0,1.0,0.6628806338361101,0.2676935700993036,0.2101704583030973,0.3004572247480852,-0.04143166225399454,-0.21859103918804393
1,6.528903785680003,5.233509276118437,5.233509276118437,6.017866218944991,1.0,0.0,0.0,0.0,0.0,0.0,1.5397856588704004,1.243191142315528,0.29664299881148004,1.2600881012363636,1.4905756126513034,-0.3284866724734239
0,3.582309298127912,3.4261842609050186,3.3217166393903534,3.4261842609050186,1.0,1.0,1.0,1.0,0.0,1.0,0.5010523420025084,-0.5155572927052757,-0.9583496563785391,0.640987504665176,-0.5915039950607095,-0.8200760844460288
1,3.23866486946317,2.615428668713854,2.615428668713854,4.445483272487458,1.0,0.0,1.0,1.0,0.0,0.0,-0.014659023866213386,1.1526513772989988,0.22453908607279527,-2.294698373834957,0.00021988602183697914,0.1964046377365277
1,2.906024186636979,0.12767314274579933,0.12767314274579933,3.708145610242766,1.0,0.0,1.0,0.0,0.0,0.0,0.35758754880632043,0.14373667356667788,0.5833169846350927,0.9191893060116627,-0.6381406819773163,-0.36234391151249484
0,1.6843676243146377,5.4261312650692,1.1578434400362507,5.4261312650692,0.0,0.0,0.0,1.0,0.0,1.0,1.081599251057372,1.1373677898067762,0.7237885481572307,1.4560197831049448,2.269118043109141,-0.3141387254712338
1,6.3772261093515334,5.129544638646436,5.129544638646436,4.753490814112357,1.0,1.0,1.0,1.0,1.0,1.0,0.04275184617795077,1.0070355080302498,-0.8333588867605802,0.7086865203424557,0.4580244776609146,1.6090854409380118
0,0.4713463065768105,3.257677363714608,0.4849970699303438,3.257677363714608,0.0,0.0,1.0,1.0,1.0,1.0,0.2686797244762971,-0.5085698696445382,-0.8281842974575633,-0.24054009947102453,-0.33401521275852064,-1.465225075122986
1,5.48254444811184,5.01551946554344,5.01551946554344,4.516953019852909,1.0,1.0,1.0,1.0,1.0,0.0,1.5035029007294345,0.2641449696770965,0.16180385485737744,-1.2830525572171843,-1.2504293643941353,0.11599731886952266
1,5.303082569700601,5.059644632751189,5.059644632751189,6.746492848682488,1.0,1.0,1.0,1.0,1.0,1.0,0.8071483609732661,0.11830430756658639,0.626588255320533,1.6652134670291259,1.296132693939649,0.24515280157590325
0,-0.3023306720720804,3.1672686852812575,2.4639962093494816,3.1672686852812575,0.0,1.0,0.0,0.0,0.0,1.0,0.13687564161376936,0.6333192965026428,1.1583972612211852,1.8606914448144685,0.2708663268873326,0.9930540724660667
1,1.4134673799147017,1.2697796362106444,1.2697796362106444,1.7697648578885161,1.0,1.0,1.0,0.0,1.0,0.0,-1.5768947161869866,-0.20015133501221907,-0.38348993695345374,1.233155579345504,0.12406194232280973,-0.5351712080480457
0,1.1701483852790786,3.5914664798188616,0.9570561460911904,3.5914664798188616,1.0,1.0,1.0,1.0,0.0,0.0,-0.023937975505491902,-0.7374609051325438,0.6740680619095998,0.19963668100915846,-1.4096163175418779,0.4156349736666743
0,2.1478586775343613,3.532874896379339,2.3879548349910826,3.532874896379339,0.0,1.0,1.0,1.0,1.0,1.0,0.3942884413083807,1.099062688063512,1.4620944629060832,0.8389426163949797,-0.5781972507008759,1.336679022306658
1,6.669656081043095,3.4882463557965644,3.4882463557965644,4.835866794217125,0.0,1.0,0.0,1.0,1.0,1.0,1.2256640639606502,2.2834656653552607,1.7767168948847107,1.3356056919235508,-0.04634527555809087,1.345370246738115
0,-1.5105100647261511,-0.32579983588319583,-1.2664713954588867,-0.32579983588319583,0.0,1.0,0.0,0.0,0.0,0.0,-1.1254542673400034,-1.0114941697613407,-0.2534532366909986,-0.229842694932369,2.010349323930934,0.8557243435358594
1,2.1723071378613654,0.1506553705228012,0.1506553705228012,2.1075424151382527,0.0,1.0,0.0,0.0,0.0,0.0,-0.4017496335491914,0.4194533675848672,1.2815729557728859,1.4956653496023244,0.41375258288908734,1.7419080611451738
1,2.309324712861756,-1.81305731933477,-1.81305731933477,0.7250013966538051,0.0,0.0,0.0,0.0,0.0,0.0,-0.03839989638220812,-0.21679557032985863,-1.3076593863354105,-1.5286961775614956,-1.73679711546795,-1.084641833774401
1,2.5205523709208504,0.5439695293990363,0.5439695293990363,1.885530148550568,1.0,1.0,0.0,1.0,1.0,0.0,-0.9490899944127822,-0.27892060201615687,-0.6235915876837907,-0.17677368062784554,-0.6688968152234707,-1.2167685429529116
1,5.469202673869437,2.6145744650867035,2.6145744650867035,7.243982280811283,1.0,1.0,1.0,1.0,0.0,1.0,2.4307008226435722,-0.3695508260894299,1.3372550371458674,1.4543140442103284,0.7840554571234394,-0.698679015335107
1,2.1871843740253247,0.8811540517908387,0.8811540517908387,0.0356062762595748,0.0,0.0,1.0,0.0,1.0,0.0,1.0826737355660578,-1.5047855658215985,0.9772642488795211,1.0451877172472375,0.06286498013314973,0.541038062647367
1,1.2205528531685217,2.695786997408615,2.695786997408615,1.4104725752860667,1.0,0.0,1.0,0.0,0.0,0.0,-0.5400124522294937,-0.2920926561899627,-0.4964216968796181,-0.1653359371589681,-0.41881116429360055,-1.2986585334091667
1,4.4256179336358406,2.845852996410798,2.845852996410798,6.674612694998842,1.0,0.0,1.0,1.0,1.0,1.0,0.4606919699827256,0.8069420826653444,-1.2687129172479104,0.461405440833628,-0.27980837844765694,-0.5105319431217064
0,0.6749324815029178,3.0364732065729605,0.5431723855458099,3.0364732065729605,1.0,1.0,1.0,1.0,1.0,1.0,-0.07846974697057053,-0.4985002189615424,0.2556891852371397,-0.03003396353919624,-1.663060843956433,-0.30714832578769813
0,3.737599663466816,3.1346837530829568,1.786772740168031,3.1346837530829568,0.0,1.0,0.0,0.0,1.0,0.0,0.3547880942712689,1.2698930447861854,0.2550782976099895,1.4422514585249704,0.1941406557999268,2.026338388890129
0,2.6648451512708817,4.048481678196896,3.5324606737207938,4.048481678196896,1.0,0.0,0.0,0.0,1.0,0.0,0.12470666903199515,-0.03507233567347051,-0.22459751311052673,1.7388149596408309,0.8708081832476331,-0.15953860510882942
1,3.241238219679781,0.8375199810068605,0.8375199810068605,1.2917259082646595,1.0,0.0,0.0,1.0,1.0,1.0,-0.9962483244039454,0.07959195866088803,0.28225657605160304,1.3896595897293036,-0.49271389031059437,0.21298424900707835
1,3.987234734553022,3.0546005166350407,3.0546005166350407,5.836219747142435,0.0,0.0,1.0,0.0,0.0,0.0,1.4345737998933723,1.4466675486447196,1.1439000423109482,2.354900096289092,2.755164205859672,1.401804069423129
1,1.2453072602214816,1.7520957428821844,1.7520957428821844,0.25185357599825764,1.0,1.0,0.0,1.0,0.0,0.0,-0.7966280714937136,-0.24728181700140134,0.41095958060243,0.1557073988511491,-1.2880400928249913,-1.6540344059193648
0,3.0182883029154652,7.2028936805021875,4.760245722762114,7.2028936805021875,1.0,0.0,0.0,0.0,1.0,1.0,0.44607922011254375,2.6832890715779745,-0.13637130666021077,0.9061464829315637,0.264811255448402,-0.850528649331138
1,0.9849173110229623,0.9060177330859214,0.9060177330859214,4.125052686352558,0.0,0.0,1.0,0.0,1.0,1.0,0.5955613620837901,-1.3695988010985554,0.7098153018779428,0.7000426777392703,1.7010898920301658,0.7262068732635452
1,1.6390296854590662,1.0200728979375897,1.0200728979375897,1.9526490766874998,0.0,1.0,0.0,0.0,0.0,0.0,-0.0951057290944118,0.2231194372264026,0.7744918929594221,-0.014377066803882049,1.0623765753005405,0.6221052139917921
1,0.4683658937078665,-1.6617903614162894,-1.6617903614162894,3.1170364851580916,1.0,0.0,0.0,0.0,0.0,0.0,-0.18997093832299877,-0.3495495996239184,1.5697521135231671,0.9257749356597167,-0.18479531658307197,0.2002499634897046
1,2.2093692210920914,1.3198231680012054,1.3198231680012054,3.2092171313026623,0.0,1.0,1.0,1.0,0.0,1.0,-0.62266056371812,0.4787297457805747,-0.36577448950664043,0.24360631409058964,-0.13506467679122497,0.809586352595848
1,4.163728913586083,0.8395995157351904,0.8395995157351904,2.7266430229700904,0.0,0.0,0.0,0.0,1.0,0.0,0.5739281052779374,0.3922076699222333,0.5294461868059748,2.1300778801538276,1.0968840996209064,0.731200692752836
1,3.0368512685911244,1.1822991054875893,1.1822991054875893,0.6590420380382668,1.0,1.0,1.0,1.0,0.0,0.0,-0.5611350260146956,-0.12987357202692315,1.2608092122759689,-1.6283657319176266,-1.1634224972089122,0.658227773955578
1,5.08671307185519,4.120214489578447,4.120214489578447,6.083623620440222,1.0,1.0,1.0,1.0,0.0,0.0,1.5494903099636808,0.037552973636956255,0.1908695440998629,-0.5342680727399781,1.1644621611936918,0.8535053633667036
1,3.2285963341439965,3.9577937413153252,3.9577937413153252,5.482257197376067,0.0,0.0,0.0,1.0,0.0,1.0,0.6851470866005025,0.8825415280072003,-0.3405801864809478,1.6169165562170547,1.4499434399297428,0.014804966181633017
0,4.928143827512656,5.689095333669578,4.831456899411103,5.689095333669578,1.0,1.0,0.0,0.0,0.0,0.0,1.2000280577070994,0.3267680209049086,-0.9864033216754228,-0.736929332935979,1.019175274958436,0.3578585631793081
1,3.406082254916659,1.4718920346666768,1.4718920346666768,3.71150409888152,0.0,0.0,1.0,0.0,0.0,1.0,1.98707171200112,-1.6372365118791739,-0.7764108901239765,-0.33218522194122324,-0.40981066900096946,-0.7155344223356372
1,3.0190129789513063,-0.17270654646391792,-0.17270654646391792,2.9766006474711473,1.0,1.0,1.0,1.0,1.0,1.0,0.5468063643024368,-2.413405285302936,0.16352622532824135,-0.8514183074418772,-1.4899398760795597,-0.9637413129000933
1,2.7807355821578397,2.509109960624836,2.509109960624836,6.609175325561349,1.0,0.0,1.0,1.0,1.0,0.0,1.064823840996326,-0.29666105116031694,-0.49368247443507074,-0.3883303526769516,-0.869964034155747,1.0153002732878311
0,2.1682949534284734,0.6226631859859797,1.1400269277344228,0.6226631859859797,0.0,0.0,1.0,1.0,1.0,0.0,1.1258425572296276,0.19590663487281756,1.9201202693148,1.0704584876000078,1.490572195970807,-0.13118782842743204
0,2.836028809338057,3.397843424068281,1.878730225515631,3.397843424068281,1.0,1.0,1.0,1.0,1.0,1.0,-0.9620122104436609,0.05220704427380654,-1.5485016522154254,0.9431737741165287,0.258563336647195,-0.38723048422333434
1,0.8425205382196062,0.28128175169262415,0.28128175169262415,0.7959065086671002,0.0,1.0,0.0,0.0,0.0,1.0,0.6357106095045955,-0.7496131630661882,-1.1533558448380683,-0.5559951735432451,0.0018088565624628794,-0.3798708265610145
1,6.769522837785877,4.75083312849564,4.75083312849564,8.473074820794531,1.0,1.0,1.0,1.0,1.0,1.0,0.6734519966941245,0.4676196994804671,0.8094654689571994,2.5733615327436556,2.6210395788315317,0.9870508661317063
1,6.529281996035391,4.554559260553552,4.554559260553552,4.217555908621322,1.0,0.0,1.0,1.0,0.0,1.0,1.4678439382619166,0.43780493461283826,1.0129844534400048,0.3813504135824999,1.3176275423136532,0.10630589165670246
0,5.129425036611912,7.631976045274095,5.810131982115628,7.631976045274095,1.0,1.0,1.0,0.0,0.0,1.0,1.620658797054719,1.1901072107498352,0.9754318215450241,0.8197365966982408,-0.3587943528214408,-0.004544592305776085
1,1.0183854943372064,-0.3460877433068276,-0.3460877433068276,0.12337898811926884,0.0,1.0,1.0,0.0,1.0,1.0,-0.12189610052885488,-2.174336135390001,-0.01166176380991274,-0.5433691748728351,0.31658380513137085,-0.47218796218558245
1,0.5194540212067269,1.0885776844409292,1.0885776844409292,-0.6804331696879439,1.0,0.0,0.0,0.0,0.0,0.0,-0.5254624077042648,-0.7043259637062143,0.9613405616629664,-0.2843391718952788,-0.16986057042174252,1.284657849098257
1,0.11357461044339232,-0.970470582098047,-0.970470582098047,1.8076124840958347,1.0,0.0,0.0,1.0,1.0,1.0,-1.595715784420618,-0.33989720616448316,0.6688795129054788,0.10521740278793913,0.10830314939931707,0.3845009185314362
0,2.344810373147995,5.30748252023129,1.8427486569880522,5.30748252023129,1.0,0.0,1.0,1.0,0.0,0.0,1.5055946408586491,-0.3461526090967508,0.3399724247731513,0.515863122146302,1.0052297523470115,-1.5531684807329502
1,3.7222612253594765,4.609109088757184,4.609109088757184,4.46647063052026,1.0,1.0,1.0,1.0,1.0,1.0,0.42535896458544736,0.02402834747793886,-0.44516348809094386,-0.058194346885544146,1.3510477628213806,0.1981791957557829
1,1.5265200284351086,1.4132792176204416,1.4132792176204416,2.8514025685885636,1.0,0.0,0.0,0.0,1.0,1.0,0.3970388415691248,-0.6380109283608493,1.3021367524418743,1.0193552062142603,0.5322866155422746,0.8427204551364366
1,1.6526648989501305,2.6154634450358865,2.6154634450358865,2.6639080822841947,1.0,0.0,0.0,1.0,1.0,1.0,0.7852139958630625,-0.09876247944085037,2.1045646372923454,1.3986591221296463,1.0625171653461565,1.2557881872790189
1,4.1532831471323295,1.0367239204073688,1.0367239204073688,3.9593053715298536,1.0,1.0,1.0,1.0,1.0,0.0,0.6581893773220543,0.7151138084594928,1.607183452071487,0.033544464380709516,1.2882969819448005,1.548913952715485
1,7.41603523202513,4.43895563862409,4.43895563862409,6.594233917915917,1.0,1.0,1.0,0.0,1.0,1.0,0.8135284652773184,1.3908541190192283,0.7192584258780678,1.132699703470227,0.5556037551037982,-0.19017043021626068
1,6.868640083778333,4.590261277690617,4.590261277690617,5.712046293149303,1.0,1.0,1.0,1.0,1.0,1.0,1.5524556928797528,-0.16487049321159858,-0.43798384167625665,0.027823515907414775,0.15957371704450635,2.011769740061076
1,2.384641968023712,-0.7424498865527328,-0.7424498865527328,-0.7616587270944244,0.0,1.0,1.0,1.0,1.0,1.0,-1.1960597957152457,-0.9700171387628627,-0.3612830392195845,-1.4752710618423168,-1.0726024927054931,-1.2950781132946685
1,1.9522392599660634,-0.1250553294265524,-0.1250553294265524,1.4736301316072256,0.0,1.0,0.0,0.0,0.0,0.0,0.22525216576881749,-0.7861930315759096,0.07612518050856337,0.05079877614591359,0.6484347188739061,0.8473470192497693
1,6.296963642664179,2.772973799205534,2.772973799205534,6.022150226097654,1.0,1.0,0.0,1.0,1.0,1.0,0.9900641483704044,0.41489789266241667,-0.6760305171248145,2.065377136601279,-2.046585562862336,0.7481851569895318
1,-0.598283933314631,0.7283216470319274,0.7283216470319274,1.7637832092628356,1.0,0.0,0.0,1.0,0.0,1.0,-0.4459033013321531,0.18775969983176855,0.16584836374401132,-2.1728404247573616,-0.4806676516017993,-0.8329253370970242
0,0.5991713021712382,0.9138623071812872,-1.9781877257411262,0.9138623071812872,0.0,1.0,0.0,0.0,0.0,1.0,-0.9887883110174379,-1.2178162834166502,-2.0660464978544417,-2.190992237334925,-0.858806553136816,-1.223794514273226
1,4.942386278663429,2.9488668999558585,2.9488668999558585,3.448500533731777,0.0,1.0,1.0,1.0,0.0,1.0,1.0343677937167222,-0.9285260143517695,0.3086850368579292,-1.5095034719625136,0.7171097467593388,-0.2614725670489371
1,-2.140947986361189,-1.3648541969295183,-1.3648541969295183,-0.8549566100143129,0.0,0.0,0.0,1.0,0.0,0.0,-0.7427133494556586,-0.8866765022767893,0.520419323632111,0.23484199776550674,-1.293681039778027,-0.7425349777272608
1,4.508821934231591,2.766731464255192,2.766731464255192,4.91269138810644,1.0,1.0,1.0,0.0,1.0,0.0,0.43976760955144545,-0.36166256800461194,-0.09582147794100021,1.859641050923417,-0.5824708058163786,0.4151475783749025
1,2.6573791153645065,0.8224134015434992,0.8224134015434992,2.2946678362975406,0.0,0.0,1.0,0.0,0.0,0.0,0.033737851489902784,0.475557796688727,0.8410594245775908,1.7737299683950198,0.21519722589554197,-0.9650371709343506
0,0.379425138294996,-0.3541367867358691,-0.25862210970153604,-0.3541367867358691,0.0,1.0,0.0,1.0,1.0,1.0,-0.5625716528111961,-1.0231344125137434,0.28406061213472616,0.835894204590574,-0.8482759859020393,0.12379621311712039
1,1.84718396275689,1.3204061032492347,1.3204061032492347,1.6106334316416164,0.0,1.0,1.0,0.0,0.0,1.0,0.4025065373921899,-0.7068410179497246,-0.980266313718646,0.20317296254688072,-0.6185317389747023,0.17542516531151953
0,1.111090442374832,2.8368121096524943,-0.09360680578805414,2.8368121096524943,0.0,0.0,0.0,0.0,0.0,0.0,0.7971788966219482,-0.09498843719931549,-0.3496462276144283,1.9652322201624588,0.49972970861192756,0.6342625498837475
0,-1.9450528802506613,0.9172781694935366,-1.936110423623403,0.9172781694935366,0.0,0.0,0.0,0.0,0.0,0.0,-1.3506735590282313,-0.9277719425084514,-1.8847693214775347,-0.12158907049359377,0.47940271289955183,0.05754005368497095
0,5.167592259659394,4.681361084588248,4.845642957980709,4.681361084588248,1.0,1.0,1.0,0.0,1.0,0.0,0.022028350363673208,-0.5231670109621211,-1.9648615970124559,1.3679475488156128,-0.6011236685642153,0.0005449404820837556
1,4.949337872729931,3.7366839199061177,3.7366839199061177,4.434241504155051,1.0,0.0,1.0,0.0,0.0,0.0,0.8936394037685641,0.6057827094923574,2.3394833554803567,0.7695169346427799,0.2701234436482409,0.4302894416153399
1,1.516831626225277,1.5826367234174523,1.5826367234174523,1.6141019874608173,0.0,0.0,0.0,0.0,0.0,1.0,-0.10592337234587235,1.126446585951314,-0.13703324934290922,-1.3432034789900913,0.4024138768747499,-1.247048323573021
0,5.225388231439172,5.952734412731945,3.5191327762555806,5.952734412731945,1.0,0.0,0.0,0.0,1.0,1.0,2.1428622086311524,0.7325944651786281,0.8408670100271619,2.3753829161073146,2.1138419626744462,1.5710125855501837
1,2.0892239867635594,1.194610651731219,1.194610651731219,3.2716829720863663,0.0,1.0,1.0,0.0,1.0,1.0,-0.048476106837223795,-0.00682340065433884,-1.1267075171843262,-0.45642316501409896,-1.1812642144396885,-2.042665997404411
0,0.5191298443866077,-1.2246466621549603,0.08351920062387042,-1.2246466621549603,0.0,0.0,1.0,1.0,1.0,0.0,-0.37527628445439937,-1.212939288656718,-0.8171985222207452,-0.3590759854938568,0.9833745474477331,0.5853721010443594
0,2.4153907408261044,2.5744042564976977,0.475758802026204,2.5744042564976977,1.0,1.0,1.0,1.0,0.0,1.0,-0.027919209277710275,-0.3985562309109191,-0.20910836535408872,-0.2486557628422137,-0.47425080276595355,-1.1446851223657883
0,3.376324941562432,7.4743392292815525,3.7108939364359226,7.4743392292815525,1.0,1.0,1.0,1.0,1.0,1.0,-0.0045243443255177165,0.884413347509427,0.10181398572080269,0.6797730910398829,0.2759354158741587,0.8357789206648855
1,3.831731756296691,2.7330010112819254,2.7330010112819254,4.575507967151183,1.0,0.0,1.0,0.0,1.0,0.0,1.4929791518049969,-0.32850144858915775,-0.01925775492126819,-0.015346923873419377,-0.5861759369844401,-0.5400937399275237
0,-0.8601466072781914,1.829686354829521,1.7164537642378197,1.829686354829521,1.0,1.0,0.0,0.0,0.0,0.0,-0.6715172436431975,-0.5027481651689795,-1.1462255625170568,-0.3077921549944936,-1.005460330224254,0.6507981136059466
1,2.8612929435839223,-0.05588715171971814,-0.05588715171971814,2.6177418430605854,0.0,0.0,0.0,0.0,0.0,0.0,1.5971563100430828,-0.4320790976149471,2.274098606222857,1.5577982092157145,0.139180295094814,0.538878287081166
0,1.7959338488473482,1.91512872177664,1.280501941011245,1.91512872177664,1.0,0.0,0.0,0.0,0.0,0.0,-0.8636253972860823,0.8515881756054833,0.4735291887622197,1.0692731426536946,-0.45011298104055325,0.7943586992050169
0,1.6998703060894478,4.372408196618593,5.041942687199902,4.372408196618593,0.0,1.0,1.0,1.0,0.0,0.0,0.15913474853064924,0.9016296609028698,-0.09514446359150724,0.606631633987433,0.5772019125190126,0.3686880675782071
1,1.8046130692975,2.4886328890332763,2.4886328890332763,2.4996362137910353,1.0,1.0,1.0,1.0,1.0,1.0,-0.21111283174525158,0.23485650902955318,1.0991862801688377,1.6693609228380926,0.6812874191728912,-1.0051282465831068
1,5.752947778368143,4.291911143381684,4.291911143381684,6.180416732942482,1.0,1.0,1.0,1.0,1.0,0.0,0.3380873500818903,0.401373192619601,-1.8456838590332147,-0.3416841513270732,-1.124515964527272,-0.3880719671996743
0,1.14272149427594,4.269270767942835,1.37737391974798,4.269270767942835,1.0,1.0,1.0,0.0,0.0,1.0,-0.7380981810281158,0.30815922185705136,0.9697474861143056,1.1122207200905008,1.544732664656918,-1.8229975789915764
1,-1.4678040255174087,-2.313709848055008,-2.313709848055008,0.269747487922618,0.0,0.0,0.0,0.0,0.0,1.0,-0.6033712972238277,-1.4493906218405324,-1.3889551197922718,-0.649253777154451,-1.3102404074556602,-0.38597579212012134
1,4.643361587112661,2.1727888856429556,2.1727888856429556,4.95672698598347,0.0,0.0,1.0,0.0,1.0,0.0,0.8284584928648303,0.45625981273751126,-0.4401290550248451,2.6600425941116015,2.273957580166831,0.4246641427607448
0,-2.566276169082358,-0.6005674992388541,-1.7325528425418328,-0.6005674992388541,0.0,0.0,0.0,0.0,0.0,1.0,0.08548097015559662,-1.3484557012056706,1.8395799985023524,-1.456345835171715,0.0014570237458562396,0.33428825247933236
1,3.029457800383004,2.555003453671736,2.555003453671736,2.692928265345838,1.0,0.0,0.0,1.0,1.0,0.0,-1.0545736950457534,1.0144055127816904,0.061212576447036204,0.9209525770513306,-0.010113030981326758,-1.4239057326474738
1,2.604945987566865,1.2414904082756044,1.2414904082756044,1.6783940509425601,1.0,1.0,1.0,1.0,1.0,1.0,-1.1037260734242584,0.15012310006435334,0.05929270683720256,-0.13170915640250047,-0.4689961589723085,-0.6688494812507904
1,3.4689645387556625,-1.9629786804465295,-1.9629786804465295,2.991453098141046,0.0,0.0,0.0,1.0,0.0,0.0,0.7332995258182202,-1.9561466413908906,-1.460842167720871,0.3159947423760037,-0.9662527725239543,-1.988250833163696
1,5.082523934162361,3.0560688421297657,3.0560688421297657,4.325784408135083,1.0,1.0,1.0,1.0,0.0,1.0,0.5126546711585702,-1.302624392186186,-0.3339007937166917,-0.13301928641176328,0.6795710459592236,0.5005985878775501
1,5.338005678588127,5.0005072887121145,5.0005072887121145,6.4796626963834685,0.0,0.0,0.0,1.0,1.0,1.0,1.4423955648929516,1.5632223005356238,0.6956956996125322,2.362557703231751,1.1284400118911857,2.7978729232549764
0,-2.6147685923053348,-0.6428072831517903,-1.0913861275947538,-0.6428072831517903,0.0,0.0,0.0,0.0,0.0,0.0,-1.0716794034452444,-1.0244371644767192,-0.636693974236509,-1.029289287514359,-1.4471927945139575,0.38155026596798425
0,0.20903416526155816,2.3134557524474264,0.2999020598417702,2.3134557524474264,1.0,1.0,1.0,1.0,1.0,1.0,-0.9413130209804774,-0.4591768251811146,-0.08725829730412166,-1.625517913779067,-0.4913016870516925,0.24971701267104723
1,0.8301987544072965,-2.1554781912648764,-2.1554781912648764,-0.2360881178532358,1.0,0.0,0.0,1.0,1.0,1.0,-1.0048619899764364,-2.034035060310493,-1.1688694845867913,-2.2122090413313806,-0.3592051153023381,0.2539858008637059
0,-1.8594654037486484,1.8092158026999128,-2.0776116782666145,1.8092158026999128,0.0,0.0,0.0,0.0,0.0,0.0,-0.7400535168896308,-0.7838892376818272,0.4927437479487168,-0.0356165364265803,-0.1627836564504553,-0.4374363872355129
1,3.494831634933209,0.365012699858436,0.365012699858436,0.5206615463876958,0.0,0.0,0.0,1.0,1.0,1.0,-0.11671849656105023,0.6220862911920121,0.3513809967432652,1.0889044684686424,0.20764787965442844,1.2424249414451551
1,2.271508042556328,-0.6999916908847059,-0.6999916908847059,2.32736741036036,0.0,0.0,1.0,1.0,0.0,1.0,0.2932211057518725,-0.04853012532217599,0.08773920252537801,-1.2747672721918495,-0.6449185516893443,0.5443924562279667
1,1.170228473223815,-1.9201337551685045,-1.9201337551685045,1.5962291719268031,1.0,1.0,1.0,1.0,1.0,0.0,-1.794359619949831,-1.133707401535307,-1.72669204921286,-3.493902066497675,-0.3892569431159104,-0.7079491692948314
0,4.2291526454953114,3.907834467303996,3.832234141687003,3.907834467303996,1.0,1.0,1.0,1.0,1.0,1.0,0.528928448058912,1.645938441588688,1.116271334851525,1.0791755302589954,-0.1091331975566685,-0.24239664691362683
1,3.1878032987103317,-0.09330743577310918,-0.09330743577310918,3.0637889389384076,0.0,0.0,1.0,0.0,0.0,0.0,0.4537939518000263,-0.11017308007141119,0.20925068280732537,0.4549323532081593,0.9981185676311892,0.58768510502941
1,8.514024599162628,4.3277494883044225,4.3277494883044225,6.442565849454104,1.0,1.0,0.0,0.0,1.0,0.0,1.434560180405601,1.7968948383764127,2.1145064765125587,0.47687981073245117,0.8465481140549292,0.4628913631160989
1,1.7950424667262193,2.222440580143192,2.222440580143192,2.1575764572368574,1.0,1.0,0.0,0.0,1.0,1.0,0.45514221125158205,-0.07874525971581658,1.1727027870242126,1.0956639050148445,0.6956969925592288,0.361075457458173
1,6.701092619617908,5.19361638506833,5.19361638506833,4.143301189916265,0.0,0.0,0.0,0.0,0.0,1.0,1.5464945038595357,1.7183454553608029,0.03404376280761434,1.852575074199299,1.6875939006386311,1.8247926681528734
1,4.121458118514554,2.9733710525308608,2.9733710525308608,6.235597101040546,1.0,1.0,0.0,0.0,0.0,1.0,-0.12090437920194533,0.5636262530271966,-0.9895236524455244,0.5294473222179995,0.3978965471587465,-1.3831975582548643
1,5.01187250981181,2.0320445160767724,2.0320445160767724,2.4542123022975013,0.0,1.0,0.0,0.0,0.0,0.0,0.6002645561116413,0.9450206033200588,-0.697092149382353,-2.316759888909502,0.22131672077917228,0.46313542300200355
1,0.0025949233586941567,-1.6770631581452933,-1.6770631581452933,-1.012801260858407,0.0,0.0,0.0,1.0,1.0,0.0,-0.9542553585308027,-1.9461140120925509,0.0535078698101607,0.07097638864843075,0.5445509744813595,-0.8883641472406337
0,3.4366173172552488,7.690512391753739,3.8217613097582044,7.690512391753739,1.0,1.0,1.0,1.0,0.0,1.0,0.4713518986325158,1.0855621193865157,0.267809581192877,0.017296601593768376,0.6526933468222832,-1.8022932793218627
1,4.0959296725816206,4.045435808385349,4.045435808385349,3.5399726808089915,1.0,1.0,1.0,1.0,0.0,1.0,-0.7150815847415223,1.051137138326649,0.17133994181167045,1.0377572914681088,0.7063179278821768,-0.009532306790262457
1,4.0269169492100705,2.868839013749319,2.868839013749319,2.5616721332509496,1.0,1.0,1.0,1.0,1.0,1.0,0.10680594459018712,0.5030617949958808,1.9822322137077253,0.8091547089950544,0.29612266221512185,0.1934934093931885
0,0.0575597667750144,0.23157153374122585,2.209950682298511,0.23157153374122585,1.0,1.0,0.0,0.0,0.0,0.0,-0.051478610710657374,-0.7979511334732851,-0.572849570501526,-1.7012820119799357,-1.2206558465974964,-0.4275567300595169
0,2.1078829999219897,6.552165295951752,1.22444597481668,6.552165295951752,1.0,0.0,0.0,0.0,0.0,0.0,1.4527616112754247,1.7448419886506417,1.733907872459718,0.7891052325244837,0.5052205035084559,1.5162801248993356
0,2.2177370253589475,4.280284432271587,2.463055719270386,4.280284432271587,0.0,1.0,0.0,1.0,0.0,1.0,0.044239868318844106,1.408180710565941,-0.8841953702300971,-0.03865287044916765,1.3768525117148236,0.7996672408081666
0,-0.5331132505954834,-1.1278188233986457,-1.3392492088326922,-1.1278188233986457,0.0,0.0,0.0,1.0,0.0,0.0,-0.6312082230201199,-0.8806596474924454,1.4267794882263476,0.5120335684297743,0.17230987742801895,1.0666273464071538
1,0.5353913397287953,0.6655640764709327,0.6655640764709327,3.4661750882033444,0.0,0.0,1.0,0.0,1.0,0.0,-0.2303107378774613,0.11676150377840046,0.3870383853150067,1.1671484243845685,-0.14641543280327887,-0.626746232455183
0,4.291095271291149,3.838852527732805,1.867063834347818,3.838852527732805,0.0,1.0,1.0,0.0,0.0,1.0,0.8739092068331792,1.2799980437862657,0.14824218010753343,0.21585475804103194,0.5160228655644228,1.2031758417123433
1,4.156433236341281,0.1983632265501517,0.1983632265501517,-0.19022845450925785,0.0,1.0,0.0,0.0,0.0,0.0,0.1463455369607671,-0.40941500419170074,-0.2444501732198887,-0.38334152129871235,0.657498036888379,-0.45291924043013554
1,4.34348260257478,2.6206007998852323,2.6206007998852323,3.476533861429334,1.0,1.0,1.0,1.0,1.0,0.0,-0.29502219886284997,0.24473796947998117,-0.8268235788934271,-0.13468480464647525,-0.4619718463130063,0.1621086872227075
1,2.1176828795981666,1.1219775769024238,1.1219775769024238,1.8972896638836056,1.0,1.0,1.0,0.0,0.0,0.0,-1.1535263943426441,-0.6912086176265488,-0.6737507465209672,0.1734762632877171,-0.13920078883416775,-1.3398542545389862
1,2.319533130400039,4.549763187578721,4.549763187578721,3.965198366734426,1.0,1.0,1.0,0.0,1.0,0.0,1.157418684155819,-1.075535734226598,1.8557746574698002,0.17572593739203973,0.686606016528714,0.2730454724584105
1,5.520956663425202,3.6359213025586063,3.6359213025586063,4.345597685345176,0.0,1.0,0.0,1.0,0.0,1.0,0.8960003413377753,0.04800492822145275,0.048101915850575716,1.5881079809038967,1.6721827281641166,1.366341213621987
0,-1.964544005653228,0.030205516605080862,0.24696671125795644,0.030205516605080862,1.0,1.0,0.0,0.0,0.0,1.0,-1.2263084183946,-0.19062606462579562,0.2736001863945748,-2.0333701407986084,-0.5248677105941072,-0.8255370082373237
1,4.548866755618014,2.1715231097784593,2.1715231097784593,3.837928361628157,1.0,1.0,1.0,0.0,0.0,0.0,0.28097795190711883,-0.9645332831190262,-1.7741447190126778,-0.2443490593966564,-0.912511047592,-0.6631141611253097
1,-1.1669081186919112,0.1819198016396384,0.1819198016396384,-2.1217208070920535,0.0,0.0,0.0,1.0,1.0,0.0,-1.7940214793733367,-0.24509735960016682,0.36326469479870444,-0.2025216856565038,0.3750914380398431,1.4028216193446692
1,2.540065919071004,0.1649713857212466,0.1649713857212466,3.2623945325335586,1.0,0.0,0.0,1.0,0.0,0.0,0.15211257076934936,-0.6960927643115856,-0.9533739012967865,-0.009336505639941657,-1.2484288106306947,-0.8632336805741342
0,-2.08391928050698,-0.786867296878701,-3.1719126424749833,-0.786867296878701,0.0,0.0,0.0,1.0,1.0,0.0,-1.2430830795459331,-2.3549408820366398,-1.7121455419179394,-1.0746731576346367,-3.4076740679615503,-0.6052274448414141
0,4.005848497183939,5.369734353215826,3.724350282150774,5.369734353215826,1.0,1.0,0.0,1.0,1.0,1.0,0.7735053495170293,1.2347041049437093,0.7532486209462599,1.048148807921664,0.7018730113542161,0.16629540670646037
1,4.885520925018076,2.0272839766583286,2.0272839766583286,2.569457341278105,1.0,1.0,0.0,1.0,0.0,1.0,0.8676581500310152,-0.5782056572119656,0.8029667143924963,-0.3496242453862289,-1.272007815656921,-0.5624619012051921
1,-1.7528359476625375,-1.5597338991351337,-1.5597338991351337,-1.4137119966592597,0.0,0.0,1.0,0.0,0.0,0.0,-1.1925602474836388,-0.5843645681852562,-0.15348893554326398,-1.4384343537924253,-0.5673449371994607,-0.31802065354649217
0,1.0125074501956932,0.3838537329687093,3.1734549031783676,0.3838537329687093,1.0,1.0,1.0,1.0,1.0,1.0,-0.7492081812032373,-1.5449707424832675,-0.963776694992256,-0.40285106741872656,-1.983107500650965,-1.1528648765083147
0,2.7499862343609305,3.929172093268842,3.935568647820942,3.929172093268842,0.0,1.0,0.0,0.0,0.0,1.0,0.0064898402057735295,1.4858356564364392,0.31374801720747936,0.7275692517236627,0.4409649846595102,2.1371128887134785
1,2.1066019605905404,0.13199837659647762,0.13199837659647762,2.935118062813744,1.0,1.0,0.0,1.0,0.0,0.0,0.720818242739055,-1.1414552210570499,1.688765054413969,0.15319356219965707,0.04933596083395419,-0.9499684478900778
0,-1.3211649295505425,2.7226266651655524,0.7075309315560072,2.7226266651655524,1.0,1.0,0.0,0.0,1.0,1.0,-0.45140038684779815,-1.94215223285553,-1.3422737973099053,-0.8286170514230626,-0.176453658876502,-0.7853925207280547
1,5.395717821973033,2.6810801850200394,2.6810801850200394,3.4566719673396262,1.0,1.0,1.0,1.0,1.0,1.0,0.6861835472532896,-0.7250170629408699,-0.3054997303080734,0.446125555051635,-0.30925772965171155,-1.019012102849793
0,3.4131651316940643,3.719438940854178,0.8313538956139759,3.719438940854178,1.0,1.0,1.0,1.0,0.0,1.0,-0.7227503352189603,1.5680673106574459,0.3763492902840335,-0.40274511024744497,-0.3449160409854516,-0.35547717499025655
1,1.8725211077133332,2.2811080031687783,2.2811080031687783,1.4995659426570283,0.0,1.0,0.0,0.0,1.0,1.0,-0.06969278557113694,0.851565319866373,0.8757526612722961,0.35082996361327046,1.288252497014987,0.7877817727966532
1,4.597908857714778,2.371265599787489,2.371265599787489,3.2785088759394094,0.0,1.0,1.0,0.0,0.0,1.0,0.3571257651729995,0.38184840161588596,-0.2788711267158748,-0.6217404671822393,-0.4654185474989464,-0.7007907282811715
1,6.912777636686206,4.617554362703513,4.617554362703513,6.999248046775029,1.0,1.0,0.0,1.0,1.0,0.0,1.4232682434447053,1.2673674788168967,1.374946823913644,1.4733852548993795,-0.1686265391194175,1.1106326859081528
1,-1.1009575627359844,-0.7762807830632151,-0.7762807830632151,-0.3705134745481736,0.0,0.0,0.0,0.0,0.0,0.0,-1.1331858055992317,-0.900103968935013,-0.4595897596062139,0.0352529163277797,-0.8314033918846261,0.25333566253065215
0,-1.6566810718740046,-0.34364756622038267,-0.4736352162370602,-0.34364756622038267,0.0,1.0,1.0,1.0,1.0,1.0,-1.6294742388399734,0.42195518628644063,0.956149726198802,-0.1668184752957668,-0.999772354905561,0.002561163682740883
0,1.3239540352045291,2.1581021166756087,0.10076792015520347,2.1581021166756087,0.0,1.0,0.0,0.0,0.0,1.0,-0.5353335355522382,-0.5368058601393769,-0.9850446605774184,-1.1759284792359903,-0.21965971480864716,-0.7796439019872808
1,3.106813140373262,-0.3561147526633577,-0.3561147526633577,3.115325753892619,1.0,1.0,1.0,1.0,0.0,0.0,0.21590409430613702,-0.48923510008302856,0.7840058876346655,-0.5241631719867508,-1.8039941792818945,-2.0037065788779587
1,5.318892252009328,2.2558671140614024,2.2558671140614024,5.237878398015953,0.0,0.0,1.0,0.0,0.0,0.0,1.160088774443028,1.7903479656192212,0.6975251618001983,0.20714654790840098,-0.21566457237090342,2.151881271998613
1,4.762765541338812,3.6809301668977463,3.6809301668977463,4.009586176745292,1.0,1.0,1.0,1.0,1.0,1.0,0.003938665140742943,-0.23379749303133884,-0.9405667488068793,-0.011600904990159679,-0.5109470739421593,-1.4712938629463934
0,2.639021043931218,1.89826853920911,1.4688487440006264,1.89826853920911,1.0,0.0,0.0,1.0,0.0,1.0,-0.5669954608913967,1.6142045475161115,1.9849316978460185,1.9891955973758275,0.18248130809111363,-1.268511465510348
1,0.191270886575021,-2.74214053258267,-2.74214053258267,0.3515963874803991,1.0,1.0,1.0,0.0,0.0,0.0,-1.771560155851038,0.35189829641771553,-0.2678688288350659,-0.017412106268292423,-0.5613460472276919,-2.006256220147862
0,-0.4002951852108877,0.6878986244949514,-0.6354206338017662,0.6878986244949514,1.0,0.0,1.0,1.0,1.0,0.0,-1.5419237965013206,0.44141383831697023,-0.003229891196876389,-1.6307866611202995,-0.26582452048505767,-0.17291244228784047
1,4.412545034065782,4.810384914497524,4.810384914497524,5.181643263642103,1.0,0.0,1.0,1.0,1.0,1.0,0.807447201367298,0.3826983351848794,0.8685043929948323,1.2472293641056091,1.938990823747174,0.9302579599436794
0,-1.4881483785359535,1.2556816525654582,-2.4427956158393154,1.2556816525654582,1.0,0.0,0.0,0.0,1.0,0.0,-0.8392672269034339,-3.450389226566492,-3.2367647288556283,-2.351723292367509,-1.62789318801316,-2.0539696478226426
1,5.218705358835026,2.5191819645970632,2.5191819645970632,3.136096915560055,0.0,0.0,1.0,0.0,0.0,1.0,1.086203352157798,0.6969965954035543,1.3948629103114683,0.05015653203155862,1.1207341576143193,0.2477344017049371
0,2.829720953354827,4.364847607357011,0.8279675548846146,4.364847607357011,1.0,0.0,0.0,0.0,1.0,0.0,-0.23643815739489416,2.108451086546089,0.4158749836608736,0.2197022561997966,0.4998765333311018,1.0860047384284073
1,3.8758534568374428,2.832361906884386,2.832361906884386,3.3157351336766827,1.0,0.0,0.0,1.0,1.0,1.0,0.8818386037278745,0.6618297858130573,0.7012440576565439,0.39317132782716074,0.4527956431678196,-0.24769919213887504
0,0.9173946234503659,-0.18218978367386662,0.8843234777212979,-0.18218978367386662,1.0,0.0,0.0,1.0,0.0,0.0,-1.0235613509796038,-0.703660234683889,-0.09591329947261373,1.5604930732376676,-0.5857279269333056,0.005116842835593355
0,4.500164639306971,5.304142053563266,5.133097738474621,5.304142053563266,1.0,0.0,1.0,0.0,1.0,1.0,1.7883531441124108,0.7431709893613769,0.24197723336567276,1.0004666189768272,0.07644940504458864,0.6574193607103423
1,2.7095554143383085,-1.5564198928443034,-1.5564198928443034,3.4133538994368564,0.0,1.0,1.0,0.0,0.0,1.0,0.22064942759281958,-2.1861728122556245,1.0063558519484697,0.8316590218944384,-0.2530360778567309,-0.5018271253414492
0,2.8140760113345773,4.304519465320629,3.8266426625083594,4.304519465320629,1.0,1.0,1.0,0.0,1.0,1.0,-0.015405755733517192,-0.07530571407250627,-0.7616462103323487,-0.5346098428737877,0.07026781190037212,-0.04848953594653224
0,4.599942176445629,7.5751620446150625,5.041844060971947,7.5751620446150625,1.0,1.0,0.0,1.0,1.0,1.0,2.6079467171297224,1.351796480779196,3.041069154176484,1.1045313462339488,2.0614336785629153,1.2236637167979054
1,1.4937773319703074,-0.6207778886651819,-0.6207778886651819,1.9258618746366882,0.0,0.0,0.0,1.0,0.0,0.0,0.6136733615366425,-1.0650475920278986,0.06229248229615078,-1.4840884139196653,0.3244926693252531,0.20365059633662738
0,-0.033211219927164026,1.1391796246807169,-0.7840689392288098,1.1391796246807169,1.0,1.0,1.0,1.0,1.0,1.0,-0.8366873232466989,-1.182754161703242,0.04098696624470177,-1.4798033090931235,0.20624469728682115,-1.5816956662083883
1,0.8951915734887106,-2.4571347667172327,-2.4571347667172327,2.807615704242669,1.0,0.0,0.0,1.0,1.0,0.0,-1.529854017160056,0.3546642067847543,-1.4291805478336224,-1.1492898278817192,-0.16270098869674934,0.29645580362239043
0,1.7982663346632017,3.118627836880319,1.504617152598477,3.118627836880319,0.0,1.0,1.0,0.0,1.0,1.0,-0.3439532846652063,0.9645267512565944,1.0494428264835944,0.07827837026680992,0.8118251192087835,0.03143453058301615
1,3.5945840330616243,2.5772613400856845,2.5772613400856845,4.943879920602406,1.0,0.0,1.0,1.0,1.0,1.0,-0.16850939020792022,1.2412203012144598,1.0872046294751083,0.20158598494045255,0.14246695369630719,0.139870823183811
0,0.3788509231635653,1.216122369154432,0.20158049297618608,1.216122369154432,0.0,1.0,0.0,0.0,0.0,0.0,-1.56755070497354,-0.5778325739213864,-1.1744075281002,1.440146965659722,0.01664284594422666,-0.3963856082859441
1,0.6595242211380868,-1.9782138719741702,-1.9782138719741702,3.00711732638768,0.0,0.0,1.0,1.0,0.0,1.0,-0.14327715488196213,-0.22794756300228797,0.16136207841393932,-0.28524959263464145,-0.3831189740741975,-0.17384401307360384
1,2.772843739882698,2.9425913031414734,2.9425913031414734,3.323114216521175,0.0,1.0,0.0,0.0,1.0,1.0,-0.30459781804147923,1.3753417157416037,-1.1488216525288266,0.5648668663268371,0.18218342565973977,-0.7985951945974938
1,2.127944156496227,1.2841198991768759,1.2841198991768759,1.3220063199761658,0.0,1.0,0.0,0.0,0.0,1.0,0.5695096596135786,-0.44798560299871637,-0.8713702155184972,-0.04386695771723441,-0.25727435091027534,0.7569916564542605
0,0.5471457344478824,0.9785850564606147,2.7860647171079025,0.9785850564606147,0.0,1.0,1.0,1.0,1.0,0.0,-0.7654846494990164,-0.5679319456731928,-1.5090064509570706,-0.4308778731814462,0.1033680900144226,0.15382200918552935
1,3.962587719004208,1.1000524678178305,1.1000524678178305,3.234387830679722,0.0,0.0,1.0,1.0,1.0,1.0,1.0470280518393908,0.3619016281426303,0.3658815999308048,0.7745030705146578,0.722403262738063,2.077449094540544
0,-0.7915990593227936,-1.1493947101541362,-3.1306157760552096,-1.1493947101541362,0.0,0.0,0.0,0.0,0.0,0.0,-1.574421799130697,0.1278404262147651,-0.8098174862527227,-0.31741006166779223,-1.4138384430112008,-0.8257628642012439
1,4.4788653668036185,3.5488114296718396,3.5488114296718396,3.814114690837255,1.0,1.0,1.0,1.0,1.0,1.0,-0.31640925770259754,0.4955980757773948,-0.46928321814241425,-0.184777491689073,0.3832223295550338,-0.1647865910203783
1,1.8086894047687525,2.405626426063132,2.405626426063132,2.7055046581726767,0.0,0.0,0.0,0.0,0.0,0.0,0.9263794309395467,0.7829390457089644,0.13304268814388687,0.2087165217562474,1.140695246967928,-1.2617031797100366
1,2.200603167860209,2.499811172452333,2.499811172452333,2.157467517644307,0.0,0.0,0.0,1.0,0.0,1.0,0.6053418965793621,0.6770222248200781,0.6587970425435336,-0.6414891410068826,0.3653346606127349,-0.8856712881076888
1,3.963390076054687,3.2199226159942276,3.2199226159942276,4.69618909045127,0.0,1.0,0.0,0.0,0.0,0.0,0.9102761905823098,-0.20746940338537562,-1.6493433434568225,-0.07744294031391957,0.8374704287241241,-0.19424737385168306
1,4.289176171382673,1.7696123505747423,1.7696123505747423,4.734055105235552,1.0,1.0,1.0,1.0,1.0,1.0,0.20765020803437692,-1.5820071719662026,-1.4330754595818946,-0.7271497058435059,-0.9122251074037994,-0.2667261541001896
0,-1.4344274471912555,1.3680512595466734,2.72951105114377,1.3680512595466734,1.0,1.0,0.0,0.0,1.0,1.0,-1.1300882871660372,0.6555857528896777,1.1885966022242687,-2.190731487307292,0.16771472099167134,0.4824555668340063
1,6.3406703087248255,4.2504100595602194,4.2504100595602194,5.455406938032715,1.0,1.0,0.0,1.0,1.0,1.0,1.437007752905462,0.8617163665172175,-0.571170484063654,1.332387810695113,-0.3720512878952362,-0.8235052130791433
1,3.575509609423659,2.6786783644633605,2.6786783644633605,3.9206969306745534,0.0,0.0,1.0,1.0,0.0,0.0,0.9680006636225137,0.756607212401906,0.08370611095438962,0.8488307385740559,0.7461085600651058,2.0787493637969403
1,2.4680466447005185,1.7441908934072592,1.7441908934072592,1.2461053063973422,0.0,0.0,1.0,0.0,0.0,0.0,0.2398368307951828,0.2708521812020983,-0.6497027468952803,-0.20545168403372802,-1.940923502815978,-1.3437153434935771
1,3.4752859153807467,2.7587052834077843,2.7587052834077843,5.225800138740216,0.0,1.0,0.0,1.0,1.0,1.0,1.2071470487906417,1.4950120463172274,1.2471261640517148,1.0877946974158363,-0.21857692255072647,0.2912265037528985
0,0.06309983335293964,0.6861832228327175,-1.4616066968301658,0.6861832228327175,1.0,0.0,1.0,0.0,0.0,1.0,-1.3757670139248073,-0.16727836631906134,0.011195849107052389,-0.3854255674953679,0.6684591288561721,-1.1790013172012281
1,-2.622682575258239,-2.5880743912688824,-2.5880743912688824,-2.8943666937406687,0.0,0.0,0.0,0.0,0.0,1.0,-2.2297806609512407,-0.5899395561871497,-0.21186396715836103,-1.0022905082068503,-1.361830714986818,-0.9812076586395806
1,5.456151088316767,3.3060842665183463,3.3060842665183463,4.102886679794892,0.0,1.0,1.0,0.0,0.0,1.0,0.4810212389736783,1.0932566125151126,1.7643278768275752,2.1019633392781345,1.318721987009477,1.756764455645487
0,0.7622332381013062,2.5865578545528365,1.4798720271644386,2.5865578545528365,1.0,1.0,0.0,0.0,0.0,1.0,-0.005702510109432108,-1.1643320319026458,-0.9361240296365037,0.26275011046881663,0.04805505771965968,0.30605168926188847
1,4.300660814226362,2.728992155061941,2.728992155061941,5.7518524382761305,1.0,1.0,0.0,1.0,1.0,1.0,0.5934164049435405,0.7349959414183895,0.39381184482585363,-0.07360253156432132,0.015743244532722606,-0.20636614554121804
0,2.117268897364181,6.058497745169927,3.5326365416003735,6.058497745169927,0.0,0.0,0.0,1.0,1.0,0.0,0.1867547006775781,2.220731018517606,1.1264214950948204,0.26502834585015456,-0.5310495628370716,-0.39894606731018867
1,3.2782864018131055,-0.7609762356105937,-0.7609762356105937,3.568576659409259,1.0,0.0,1.0,0.0,1.0,1.0,0.18850004955177369,-0.8435371602546444,0.025801639659947945,-0.9496225754043383,0.09891466089463234,0.371592848647708
0,2.018528084088067,-0.802255806795384,0.21954227688812483,-0.802255806795384,0.0,0.0,1.0,1.0,0.0,1.0,-0.6594149078428324,0.08768241132257953,0.12878069308473863,-0.9722019370154306,-0.3949941503147453,-0.17488368781689853
1,1.8536218429179898,1.00434053486341,1.00434053486341,2.1428797728481075,1.0,0.0,1.0,1.0,0.0,1.0,-0.9794783586205085,-0.7188285473698401,-1.6403363756574754,-2.3441222414321246,-0.4546197720438382,-0.26957126749236193
0,0.5152547500707655,4.278995348512505,1.3825829172344508,4.278995348512505,0.0,0.0,0.0,1.0,0.0,0.0,0.07447982632653122,-0.5366958988947371,0.35860748348041904,1.0376412065928784,0.8268135158545087,0.5605959615344582
1,3.4504289420197694,2.424766584899977,2.424766584899977,1.777632177546797,0.0,0.0,1.0,0.0,1.0,1.0,0.5680675876278622,0.90218543099163,0.16278779469313218,0.2161377905729062,0.4197113961937048,0.17916942582184991
1,7.129198991244568,4.876574830615668,4.876574830615668,5.949425361369314,1.0,1.0,1.0,1.0,0.0,0.0,1.0454196395093311,0.4527615462716682,-1.365605686476285,-0.4271614605223304,-0.459274668361685,-1.1535216946093172
1,6.394839624615106,2.0607367567476222,2.0607367567476222,4.544090413193294,1.0,0.0,0.0,0.0,0.0,1.0,1.3203247341611175,1.360495352146341,1.3221471617344298,0.262757199029661,1.7961548818115234,0.0944739940171967
1,1.9807177418135649,3.0214956117375737,3.0214956117375737,3.173946383236713,1.0,0.0,1.0,1.0,0.0,1.0,0.824049159233997,0.3820277336461723,1.4727341417003503,1.5071692077620935,-0.3453324975075508,0.01446818816900075
1,2.36563251265348,2.770659815534949,2.770659815534949,4.500914863753058,1.0,0.0,0.0,0.0,0.0,0.0,0.8306192289601216,0.38564912210402436,0.31603174491680264,-0.21990771073018678,2.4236259119122443,1.7433458939034727
1,3.084903339461321,2.493103597190166,2.493103597190166,5.147986752127753,0.0,1.0,1.0,0.0,1.0,1.0,1.4567748130905729,-0.5911423291525337,1.0163715477167352,0.16676818795376602,-0.9465425309899427,-0.13105850046091058
0,4.107118474208586,1.6347565989178232,3.690341614269429,1.6347565989178232,1.0,1.0,1.0,1.0,0.0,1.0,0.12065374528632268,-0.3721615159037759,-0.3668904626561305,-0.07925467996227492,0.8292794321783911,-1.4355610648123602
0,0.24394990170948516,-0.5644167231453965,0.47207879497908045,-0.5644167231453965,0.0,0.0,0.0,1.0,0.0,1.0,-0.39484791353936355,-0.3071986705569874,-0.4532869730956913,-1.993945744064928,0.44706160843186055,-1.0858224591329682
0,2.5735864243928246,2.2764433737072256,4.345900798633421,2.2764433737072256,1.0,0.0,0.0,0.0,1.0,0.0,0.24230725626360486,0.20934525054285436,-1.2003794822286855,-0.8012451264434756,-0.20929559926467173,-0.6623789661989783
1,1.6511181585869148,1.58773287668973,1.58773287668973,2.8044203868961173,0.0,0.0,0.0,0.0,0.0,1.0,0.593250550927938,0.3154560911637826,-0.20522904022521382,-0.8529113864779307,1.5119025349595479,0.23261664813439506
0,3.16252408345105,4.757353589358479,1.850234010032072,4.757353589358479,1.0,1.0,0.0,1.0,0.0,1.0,-0.37462126592913164,-0.05206077938168127,-0.5071609978700846,-0.32833730427805785,0.17568751019836007,-0.1785596821710675
1,3.6099976928368918,1.4461418728471087,1.4461418728471087,4.549961841108991,1.0,0.0,1.0,1.0,0.0,0.0,0.1536514829689503,-0.0012661144166644933,-0.36665581010842374,0.11053418496077344,1.119418841069209,-0.06290694899597069
1,3.9471343123190827,3.360647435202602,3.360647435202602,1.8742578734313387,1.0,1.0,0.0,1.0,1.0,1.0,0.445058967855662,-0.3914396016379086,0.3394251392290841,-0.35423479266511687,-0.9835980341608341,0.39735588006650374
1,1.102196270580232,-0.8522921443966788,-0.8522921443966788,0.6991973704448553,0.0,1.0,0.0,0.0,1.0,0.0,0.41567224296667304,-1.1809741619860972,-0.1341854870105073,-1.5560639509674807,0.6681331579441053,0.007138204015239735
0,-0.6309561903243505,1.1030735611894698,-0.16084134716891135,1.1030735611894698,0.0,0.0,0.0,0.0,0.0,0.0,-0.5769357760019531,1.175763915763405,0.18686693467579785,-0.4914377938285206,-0.01555505119777223,-0.1770464157862262
1,4.03563299770429,3.2653482571672807,3.2653482571672807,2.9128417215466382,1.0,1.0,1.0,1.0,1.0,1.0,0.25108760016701276,-0.12254689108396964,0.5088186156322089,0.43751979023653137,-0.6211640831133195,-0.1876235628047814
0,-1.444164765600031,1.6841296415829925,0.4616161134428497,1.6841296415829925,1.0,0.0,0.0,0.0,1.0,0.0,-0.807356182056688,-0.6297446518666423,0.48607853670602086,-1.0965085747370653,-1.724296137253699,0.4309836246127144
0,-3.116274616965341,-0.2504392169492896,-4.150804830039858,-0.2504392169492896,0.0,1.0,0.0,0.0,1.0,1.0,-1.4012174935077384,-3.040461251594926,-0.43124404211663014,-0.8422034692913514,-0.4514902285435869,-2.032821931384486
1,0.16252143013779796,-3.8690858779914588,-3.8690858779914588,-1.3693003553814476,0.0,1.0,0.0,1.0,1.0,0.0,-0.5305675488206103,-2.4098701026005624,0.014177829024428323,-1.2001681420008528,-2.787981959537313,-1.994489243865754
1,0.8067135196271333,-0.4170003501299703,-0.4170003501299703,1.4255720289692615,0.0,1.0,0.0,0.0,1.0,1.0,-0.3745411980372335,-0.6236439115652769,0.41397481435620614,-0.4146257030755867,-1.677213368814739,-0.505318119960048
1,3.994033490194405,1.2654222800482264,1.2654222800482264,1.82695838630578,1.0,0.0,1.0,1.0,1.0,1.0,-0.9261893916749282,0.30241347795815077,0.38302241753784394,0.9678429869317614,0.6421899405831597,0.40340499285415654
1,0.012044030758741942,-0.8229389855047684,-0.8229389855047684,1.3434265752074075,1.0,0.0,0.0,0.0,0.0,0.0,0.14137973680058327,-0.3874257359349852,2.089514994047187,0.7984923781607315,1.0337099073598932,0.6742040430108862
0,1.067415630326047,2.0128007736110383,1.6403705781780484,2.0128007736110383,0.0,1.0,1.0,0.0,0.0,1.0,-0.3089694451728917,-0.6665847842618073,-1.2485765206686452,-0.033479928622108523,-0.33145314531373415,-1.9975618541232727
0,3.188219809877629,2.915920413690637,2.494941737147962,2.915920413690637,0.0,1.0,1.0,0.0,0.0,1.0,0.28457610582973086,1.2779642968026677,1.1516329518681272,0.7338689145950543,-0.5311864860872426,0.17256473959538665
0,1.8658020534729636,1.6164953288150983,1.0612666919975986,1.6164953288150983,1.0,1.0,1.0,1.0,1.0,1.0,-1.7418474398960333,0.6405962806691194,-0.4796269637350547,-0.19214561381179143,-0.02338957666421069,-0.2143443162479872
1,2.2161869411129134,1.519846167546208,1.519846167546208,2.1285372018914797,0.0,1.0,0.0,0.0,1.0,0.0,0.49618060260658825,-0.1769304631938628,0.362028986197433,-0.1877231172612407,1.885667441013208,-0.22956612267589505
1,0.3104882764202703,1.8039394839928176,1.8039394839928176,0.8421428105438379,0.0,0.0,0.0,0.0,1.0,0.0,0.8795189841541362,0.05254530488017606,1.3206111733130066,0.8997585631626106,0.32980528902139655,0.7461652594169185
0,2.262219339650728,4.422553472703639,2.5964191604934403,4.422553472703639,0.0,1.0,0.0,0.0,0.0,1.0,1.4760171581002723,-0.4523688831968029,0.13897354247676402,1.1968174248797998,0.06141595481845713,0.007856805954308214
0,-1.5606460658964323,2.039532841398949,-1.522850795738241,2.039532841398949,0.0,0.0,0.0,0.0,1.0,0.0,-0.5798381904384726,-1.4997622011403533,-1.7504907545908472,-0.47123686994684727,-0.7142315057460523,-2.135222816508481
1,5.973371116460697,5.0565569747435655,5.0565569747435655,5.822369560940251,1.0,0.0,1.0,1.0,1.0,0.0,1.2200454085401176,0.6416709050694975,0.8290821091744751,1.1615631596307399,1.8560925563815904,0.21544846098177117
1,-0.1100651908156215,-1.8523245114986029,-1.8523245114986029,1.3005042252076615,0.0,0.0,0.0,0.0,1.0,0.0,-0.5910371748694404,0.5160361447449316,0.696115158061428,0.1711452468892571,-1.553669813096307,-0.6690155420653948
0,-1.7590020045298824,-2.7985424925334588,-2.4404166814817723,-2.7985424925334588,0.0,0.0,1.0,0.0,0.0,0.0,-2.2996920241364047,-0.2555999226579828,-0.17266218397344207,-0.7211347585578812,0.6712295144327727,-1.0517127137032913
0,-1.049421253382206,2.3629205586345376,-0.4765427308631666,2.3629205586345376,1.0,1.0,1.0,1.0,0.0,0.0,-0.2698908198783837,-1.7552545539292799,-0.230351012115376,-0.7533351417166897,-0.23435015479708787,-2.201655189363545
1,2.695340792777726,0.6345171934498814,0.6345171934498814,2.082816832891717,1.0,1.0,1.0,1.0,1.0,0.0,-0.1656302562495971,-0.8742266293432382,0.844455107365168,-1.2444021428993768,0.45855578090765436,-0.8957583166693213
1,-1.8620214702399243,-2.3667147234063757,-2.3667147234063757,-1.9932575906858374,0.0,0.0,0.0,1.0,1.0,0.0,-1.159386488090999,0.2326905493062844,0.011451357012645214,-1.0203861319473881,-2.215588069609844,-0.6946385609065828
0,-0.43402976155241224,0.9422305117448653,0.8699604751821124,0.9422305117448653,0.0,1.0,1.0,1.0,0.0,1.0,-1.1137590753261508,-0.6113429290009573,-0.8132432059080075,-0.22934026288976597,-0.6307520350120359,-0.4811390009389077
0,0.3111291866413345,-0.4738940432839158,-0.2992472498329567,-0.4738940432839158,0.0,1.0,0.0,1.0,1.0,1.0,-1.075884248512907,-0.17445745188946601,-0.17578514146554858,0.5033051173557106,-0.32875667578766327,-1.2944794625751017
0,1.8431635839840013,0.6275577507028045,-0.3225012187499068,0.6275577507028045,0.0,0.0,1.0,0.0,0.0,0.0,0.21402387830611402,-0.19171784247180634,0.7571137258012269,0.528334255828921,-0.05579260825401777,1.6290867383755079
1,5.958415844272826,4.11333954368943,4.11333954368943,4.870530499258765,1.0,1.0,1.0,1.0,1.0,1.0,0.49089898420620853,0.3765710677548476,1.3417864336372889,1.7098827837423458,1.6944685624426066,1.1021543501678384
0,1.6445360132783189,3.7951718417139153,2.1266471508071567,3.7951718417139153,0.0,1.0,0.0,1.0,1.0,1.0,0.2138755369676682,1.3446503717033749,-0.48459967461984665,-0.5991104415785975,-0.6579159184788214,1.7530940081123751
0,-0.6756534290866065,2.666982759867489,1.0244476453778621,2.666982759867489,1.0,0.0,1.0,0.0,1.0,0.0,-0.3449335213902268,0.1009959488879188,0.1217471731779201,-0.5200696903687625,-0.6152910881107154,0.784424453421043
1,1.6260511568146072,1.0278426795241333,1.0278426795241333,1.241246089130761,0.0,1.0,0.0,1.0,0.0,1.0,-0.5103664981724649,-0.5061034574647769,-1.4660304480805961,-1.3361221423765544,-0.22483786831512004,-0.17274008619998815
0,-0.8726406376153004,-0.5814536617240056,-0.8800900321765001,-0.5814536617240056,0.0,0.0,1.0,0.0,0.0,1.0,-0.7213759424622674,-1.2542960816043947,-0.05530241249894194,0.8569751572852662,0.5425591071667097,0.1259879401541616
1,0.6483144387865242,-0.3437125062960197,-0.3437125062960197,0.6033030373405798,0.0,0.0,0.0,0.0,1.0,1.0,0.000915722813705245,-0.06933808786270357,2.0871669015601477,0.46722656990569944,1.1224495701567285,0.7858567139190914
0,-0.4105405880117827,3.7719535001010205,2.3313009613817757,3.7719535001010205,0.0,0.0,1.0,0.0,0.0,0.0,0.2998496325064564,0.4826240127406415,0.4033834889155396,2.1535638553833567,1.3410210911894007,1.3587964640515873
0,-0.480364641501733,0.6693691078426266,-1.6680194274054885,0.6693691078426266,0.0,1.0,0.0,1.0,0.0,0.0,-1.0800220631572157,-1.3095884443855086,-0.6215629512050318,0.1219288596967475,1.137834959216131,-0.12759180999875988
0,0.427239762221475,2.7684703398744235,0.34715395776269453,2.7684703398744235,1.0,0.0,1.0,1.0,0.0,0.0,-0.6475403444345926,1.1876594625729853,0.9454832912910573,0.889721690949639,-1.3499359678746754,-0.819079297833111
1,2.470899175752858,1.7048558534893252,1.7048558534893252,1.4048333153063184,1.0,0.0,0.0,0.0,0.0,0.0,-0.20106154301116586,-0.026684813329700185,0.8604665312144348,0.7955200928375307,1.960065873746117,1.7454164514674622
1,3.544497337062129,3.5088175790081015,3.5088175790081015,0.4204191988757304,0.0,1.0,1.0,0.0,0.0,0.0,-0.8662755171127726,1.962832201692595,0.13044850119551185,-0.5164578549339902,-0.5485020795593101,-0.4657336922969191
1,1.6718402085486588,0.6306639599717916,0.6306639599717916,3.020515283811875,1.0,1.0,0.0,0.0,0.0,0.0,0.33689514970047646,0.3018312862211231,1.2273590132337329,0.15804135106188613,-1.14802199385349,-0.33144534233446843
1,2.926875333933686,1.9365684774670227,1.9365684774670227,3.1272525602870003,0.0,1.0,0.0,0.0,0.0,0.0,0.27788469990704195,0.5396309347256089,-0.27987044915765097,0.5780796894853852,0.19469202930774804,0.3904963355903317
0,5.149327238284048,5.729697395708205,4.15639784515955,5.729697395708205,1.0,1.0,1.0,0.0,1.0,0.0,0.5783701695308417,1.2932738981028762,0.6783237930902504,0.4076034547718559,-0.07617174580789088,1.3339810542239796
0,-1.9573272629448766,0.04022548660005043,0.9472812509056923,0.04022548660005043,0.0,1.0,1.0,0.0,1.0,1.0,-1.8783072360596091,-0.12699969599943672,-0.19985008841925522,-0.3495287982829615,-2.503609823951475,-0.033930562849150414
1,2.3862433847389233,0.34547356822101316,0.34547356822101316,1.6013219595505825,0.0,1.0,0.0,1.0,0.0,0.0,-1.1247115042872506,1.5034275447946124,-0.3640443061090407,-0.4215105589146226,0.5546077428741735,-0.2640929242524218
1,3.374456579586049,2.2715084549765114,2.2715084549765114,3.114126032513636,1.0,0.0,0.0,0.0,0.0,0.0,-0.05228526476059139,0.0956217945517625,-0.08988006476155647,2.313368636894186,-0.18060513692841293,0.49454567844626673
0,1.3986812018826704,2.6335865983323687,1.1648610824783439,2.6335865983323687,0.0,1.0,1.0,0.0,1.0,1.0,-0.44749921061914033,0.4406865880089511,-0.09400241065632982,0.8307250551055225,0.816249429368168,-0.2852055076065457
0,3.331158508505791,5.405932302413838,0.7118948219727734,5.405932302413838,0.0,1.0,1.0,1.0,0.0,1.0,1.3941705477108866,-0.04052791335171185,-1.1928347312145116,-0.21974983836137807,0.38631570011797,-1.2681096748280551
0,3.9963594263714284,3.994343400563712,3.9013630355194833,3.994343400563712,1.0,1.0,1.0,1.0,0.0,1.0,-0.33616759065434565,0.3813163558369953,-0.6036987810467241,0.804875694062564,0.5119594676788528,1.0925095401898162
1,4.452279965459143,2.305321674419617,2.305321674419617,3.3848564138222716,1.0,1.0,1.0,0.0,1.0,0.0,-0.6701207404103227,-0.3811354786167135,-1.9448496857110227,0.0012636462398311898,-1.4601357599295142,-0.2706762692741199
0,-0.43619342628020674,-0.1620820527192275,1.0257001258514853,-0.1620820527192275,1.0,0.0,1.0,1.0,0.0,1.0,-1.3501644362941578,-0.21926768179147227,-0.9990855259641562,-1.0299615346774895,-0.2726546255946198,-0.47234728004143645
1,-0.2973005154719026,-0.8504424755063666,-0.8504424755063666,3.074000643723835,1.0,0.0,0.0,1.0,1.0,0.0,-1.2826473979086928,0.35318655145279054,-0.4404040960508394,1.473575192770335,-0.44518999675539067,-1.8487098720505992
1,1.0395726434305284,0.2146066702307708,0.2146066702307708,2.6515105293617465,0.0,0.0,0.0,0.0,0.0,0.0,0.8785728953686448,-0.4070388609841623,-0.5432261585156327,-0.8767699048850082,-0.40007362131199453,1.2364940162613407
1,6.114081712775786,2.722212791424336,2.722212791424336,5.832797280668508,1.0,1.0,0.0,0.0,0.0,0.0,1.0994156472632715,0.22494493038983035,0.7605857251436893,1.1884736479638731,-1.4250206111748978,-0.17898374539541373
0,-1.6725039548961176,0.9093130758104859,-1.4197789229018536,0.9093130758104859,0.0,0.0,0.0,1.0,0.0,0.0,-1.0679100245132547,-0.12233358621508328,-1.840883104921275,-1.0605099566895761,-0.7612459313251658,-1.2241769881580509
1,2.19951780214148,0.9234289442728559,0.9234289442728559,1.7943803229598332,0.0,1.0,1.0,0.0,0.0,1.0,-0.22692353398636766,0.09520697881856177,-0.880141020244228,-0.6689021567338231,-0.5676792713686369,-0.7726317794757405
1,-0.061847332067107574,-0.40508642547986595,-0.40508642547986595,0.15259338637999753,0.0,0.0,0.0,0.0,1.0,1.0,-1.3688996677421414,0.27781144248681067,-1.0836113489169859,-1.4117175695578055,-1.6096240554936707,0.4386849979870925
1,4.0824807214873235,2.872688512904122,2.872688512904122,1.5691334825363805,0.0,1.0,1.0,1.0,1.0,1.0,-0.05675802311642506,1.187454634278274,0.02762683474469252,0.8961955661765039,1.2695083079741414,0.3889095618574038
0,0.5805752751020427,1.712627221757367,0.4180352605036841,1.712627221757367,0.0,1.0,0.0,0.0,0.0,1.0,0.6444524611907346,-0.15794154732299345,-0.048820635502670684,0.667339263625874,0.9103889531053209,-1.8651884258494253
1,4.946560762833557,2.935487518690696,2.935487518690696,5.829889817315723,1.0,0.0,1.0,1.0,0.0,1.0,0.7199233403977053,1.077234963780537,0.6264887000421557,1.5103551243906863,3.18045796101363,-0.8120467993252045
1,5.581741376255506,2.766268205137868,2.766268205137868,2.481432314186919,0.0,0.0,1.0,0.0,1.0,1.0,1.466543970127689,0.46858295905031316,-0.1387401057552101,0.16246682822701825,-0.361266469758493,-0.09466053032246487
0,-1.151471888755055,1.1130904869387153,-2.3198206130444348,1.1130904869387153,0.0,0.0,0.0,0.0,0.0,0.0,-0.6664207848969639,-1.0590125116436633,-0.31704502597073164,0.9782649971431189,1.162804910627341,0.6989036283831843
0,1.0300728836568414,6.0013593589173535,4.399532510606182,6.0013593589173535,1.0,0.0,1.0,1.0,1.0,1.0,1.0777990289375914,-0.6760920641253747,0.3891374393506204,-0.09539694305497753,2.0042293176009465,0.877752536707899
1,3.8965993975697675,2.00319861347946,2.00319861347946,3.051427234085431,0.0,1.0,0.0,0.0,0.0,0.0,0.49772783220939487,-0.49432404749049424,-2.989818461435572,0.1692827500840136,0.9797019549701859,-0.3505289630239897
1,1.8888537482985628,-0.038201785013858514,-0.038201785013858514,2.4512031381644004,1.0,0.0,1.0,1.0,0.0,0.0,0.5292815140481745,-0.182371728007544,2.2206406374169965,-0.4364253928799656,-0.6072415544882834,-0.003980285805675499
1,8.952954372390334,4.556063726845778,4.556063726845778,7.478013936867951,1.0,0.0,1.0,0.0,0.0,0.0,0.7761109699553688,2.354402726597315,-0.3444312863321497,0.15972738739499182,0.7717948857005106,2.2573805311035438
0,2.96603324865243,3.9906109612565075,0.6983005523879524,3.9906109612565075,0.0,1.0,1.0,1.0,0.0,1.0,0.4090205066078243,0.775531351359805,0.4245441990945771,-0.06299681216191995,-1.6265757626015307,-0.04403838591886641
0,-0.576308807877554,3.382642953262378,1.6418410364904112,3.382642953262378,1.0,1.0,1.0,0.0,1.0,1.0,-0.6696891216464838,-1.0180170295634616,-1.2957200177386186,-1.8854000556762907,-0.9326397811465753,0.2456538302786907
1,4.960099223648741,3.571680627349529,3.571680627349529,4.399595962209262,0.0,1.0,1.0,1.0,0.0,0.0,0.949766571092176,0.4808619147930029,0.4232846657939972,0.3687461625195109,1.361062100342435,-0.5893916608173317
0,-0.4335256199282414,-0.4540157866851955,2.1521471814775412,-0.4540157866851955,0.0,1.0,1.0,1.0,1.0,0.0,-0.39909389402982876,-0.5881415253956216,0.06792839706630716,0.26285563108908416,-1.747496803038458,0.09938915769889273
1,3.3123220527852943,2.6195711725506783,2.6195711725506783,5.37830799271838,1.0,0.0,0.0,0.0,1.0,0.0,0.05777936461737981,0.8075199978597097,-1.2778435051458925,0.7440863184219495,1.3289788994329035,1.1837446936084883
1,1.9511780018828628,2.0733177989510763,2.0733177989510763,0.15019512154059234,1.0,1.0,0.0,0.0,1.0,1.0,-0.5832246182171428,-1.7294102306336636,-1.177815868238179,0.4668402625330378,0.38860159517611775,0.7431888056434484
1,1.4250038849069062,1.1045489024637978,1.1045489024637978,1.556479207214615,1.0,1.0,1.0,1.0,1.0,1.0,-1.0131795849999554,-0.16712668814237897,-0.5962372944868721,-2.1903772407216002,-0.5307632866660607,-0.6975931610377625
0,1.7854721639616749,0.7072015258954544,1.8411427749108915,0.7072015258954544,0.0,1.0,1.0,1.0,1.0,1.0,-0.6488255141014586,-0.402863269617055,-0.4558462647023479,0.12829344242050136,-1.009431611591765,1.0159625467550883
1,2.2937283601549603,1.221663445729813,1.221663445729813,1.5598701790318799,0.0,1.0,0.0,0.0,0.0,0.0,0.6695304898262311,0.010464460568404721,0.097969032117332,-1.0143751383510669,0.3403485528576271,-0.7768648363829768
1,0.06501635912739034,0.821766333613944,0.821766333613944,1.0523826182850902,0.0,0.0,0.0,1.0,1.0,1.0,-1.1695123861831136,0.5949653152580485,0.31810434158516876,0.15417367656892692,0.16376291307342117,1.85472949688881
0,-2.7578687555526793,-2.5766703772067014,-1.8178488450588781,-2.5766703772067014,0.0,0.0,0.0,0.0,0.0,0.0,-0.8375343476309849,-1.8150128092585596,-0.7336069167581902,0.11956624721135573,-2.0389214671992812,-1.3923418747397964
1,7.714798710789318,2.919616039471002,2.919616039471002,6.653687482937273,1.0,0.0,0.0,1.0,0.0,0.0,1.8447984952914007,1.2872914359898493,-0.15670635975331174,2.179789314390592,-0.5243858871480565,0.4978527558183543
1,1.558807051227655,2.4898683127439853,2.4898683127439853,2.3049476728036637,1.0,1.0,0.0,0.0,0.0,1.0,0.10463486827669771,0.6290712315974951,1.6804005277779426,-0.04374250840052568,-0.7934736597001872,0.03064050186145545
1,1.628529295389837,1.731115146748603,1.731115146748603,3.065528359250695,0.0,0.0,1.0,1.0,1.0,1.0,-0.714881842914306,1.2725819651209163,-0.3421794971009575,-0.634920026876663,-0.22113134332553372,0.3462221747064739
1,1.9116528485636686,1.3093035157648356,1.3093035157648356,2.127174827028256,0.0,0.0,1.0,0.0,1.0,0.0,-0.6575556070339345,0.9109812231898262,0.7690650364429943,0.5181311831305999,-0.49675333449972303,0.05032951288923898
0,5.41017098292223,4.580702809325046,2.7278532375722504,4.580702809325046,1.0,1.0,1.0,1.0,1.0,1.0,0.3577214045447033,-0.1408303520648715,-0.7832085548744812,0.49857803240778575,-1.5036920985719229,0.32674977813612577
0,0.35003364807164156,0.1526040334461778,1.5882795755124082,0.1526040334461778,0.0,0.0,0.0,0.0,0.0,0.0,-0.5883572648311547,0.3522407818305635,-0.8757427687279357,0.29674799927762363,-0.036010159948749565,1.756628169099599
0,2.4209976962142488,1.7589534961011617,-0.14102968772968083,1.7589534961011617,0.0,1.0,1.0,1.0,1.0,1.0,-0.3114522085472328,-0.02628567211361136,0.883215161209647,-0.5781898420403431,-0.02202070193490599,-0.31027064754309375
1,2.902274053984784,0.49101971761649676,0.49101971761649676,4.184306122938401,1.0,0.0,0.0,0.0,1.0,1.0,-0.02101653881262523,-0.030961652430134656,-0.4704613355541664,-1.1178814330301585,-0.4363166958967097,-0.3155419419360541
1,-1.0612455891433958,-0.2649803110104619,-0.2649803110104619,1.0763909188880674,0.0,0.0,0.0,0.0,0.0,0.0,-0.5925999822316689,-0.24957956936087045,-1.1955538849289467,-0.9168700596198927,-1.2848390294199379,-0.14993366541414443
1,5.691366091460573,4.043781835606361,4.043781835606361,4.392750204873517,0.0,1.0,1.0,1.0,0.0,1.0,1.7022725614315644,0.9895091233929628,-0.30717231514582366,0.6492238021971378,-0.6641620570433397,1.288401917125225
1,7.543588464043567,3.6237692754397663,3.6237692754397663,5.733214688248125,1.0,1.0,1.0,1.0,1.0,1.0,-0.20510540826672252,2.035864670983882,0.7677007968969698,0.41035193642487583,1.758846222070759,0.8610927219578101
0,2.4466712027489597,3.291337282001569,1.761480697025204,3.291337282001569,0.0,1.0,0.0,0.0,1.0,0.0,0.036766956960030926,0.36928337814363027,-0.2964284583994251,0.11672692511994509,0.13041225561106556,1.8339994947116578
1,2.086236273933147,3.4157675579456805,3.4157675579456805,4.03171856704329,1.0,1.0,0.0,1.0,1.0,0.0,0.3505798768706727,0.9142040957368365,0.6643522227978865,-0.1665378531925792,-0.13835502775369912,0.9809596981344231
1,3.318820553259526,2.2014670376520358,2.2014670376520358,2.2915268874787538,1.0,1.0,1.0,1.0,1.0,1.0,-0.46744372291546404,-0.4016314233362008,-0.7221610560256337,-0.2888622743029947,0.23221982484804338,-0.4849456394263023
0,0.45213046751984676,2.44455341204547,1.4462528904031895,2.44455341204547,1.0,1.0,0.0,1.0,1.0,1.0,-0.46226185962317956,0.028737790032591193,0.5180534469909577,0.13392272079701995,-0.5532010398857007,-0.4125290504460208
0,2.042562511942708,2.791333061491488,2.465791354752424,2.791333061491488,0.0,0.0,0.0,0.0,0.0,0.0,2.02671531246077,-0.6617875789969009,0.4564542163366935,0.8266123173609924,-0.46689131999633077,-0.3058326826282445
1,2.544796148036066,2.383605015775655,2.383605015775655,1.8988255740845794,0.0,1.0,0.0,1.0,1.0,0.0,0.5872033995919758,-1.197542153272465,-2.138594752703108,-1.9153494067695915,-0.8525860169762348,-1.6298132989771474
0,1.1008089325857688,1.2795416114303921,-0.5177193712142238,1.2795416114303921,0.0,0.0,1.0,1.0,0.0,0.0,0.3928960833579765,0.2632649467119475,0.1728923035186168,-0.5854561396410659,0.13086327462224723,-1.7960180430486314
1,2.059735205553943,2.1657977664297734,2.1657977664297734,1.6122852397700336,1.0,0.0,1.0,1.0,0.0,1.0,0.3952284911993388,0.2764846808961224,2.124512115872153,0.4745038997281717,0.5259662049799066,0.009443562349433665
0,-1.2799237572702036,-1.1919566562443364,-2.0241404263910407,-1.1919566562443364,0.0,0.0,0.0,1.0,1.0,1.0,-1.6944203273641556,0.2572485707555985,-1.2736389514296054,-2.110825348404669,-0.46338814451538446,-0.7383774034159342
1,2.2243699990015156,-0.1538672794282976,-0.1538672794282976,1.2947911835917185,1.0,1.0,1.0,0.0,1.0,1.0,-1.0300035185127396,0.08871156461132718,0.2857492023242011,-0.20561405887964637,-0.810729354022232,-1.2881950143960805
1,3.6234667732064483,0.9484974430065359,0.9484974430065359,1.3213650466389555,1.0,1.0,1.0,1.0,0.0,1.0,-0.8543800010845769,-0.7846715969251858,-1.0525251312109332,-1.377797267396929,-1.3034983525579533,-0.45839246257562527
1,3.2899679350334567,4.255801502246552,4.255801502246552,6.5156128841052725,1.0,1.0,1.0,0.0,1.0,1.0,0.05275446455540211,-0.13906893318092722,-1.5046364295952055,0.9490268132199174,0.867500516712661,1.1125350922014932
1,-0.15562423022854044,-0.6470882171188901,-0.6470882171188901,0.5267086572798412,0.0,0.0,0.0,0.0,0.0,0.0,-1.982301152638606,-0.1979742643658119,-1.658656396237093,-0.5707853082864236,0.5490630732533409,-0.6895082248144485
1,2.3993349497194636,-1.0439070364627692,-1.0439070364627692,2.059040852988328,0.0,0.0,1.0,1.0,0.0,0.0,0.22483905023806855,-0.1678813513986615,-0.16295910110164813,0.5357880429646311,-0.1358461431616299,-1.7713787081936083
0,5.419358774595208,6.157077911655447,3.468897740049637,6.157077911655447,1.0,1.0,1.0,1.0,1.0,1.0,1.8260391187180254,0.6014494815819824,2.369026593826873,0.34616328124832574,-0.6509639314426517,1.0705311638220887
1,0.17058085560204506,-1.0873987656136173,-1.0873987656136173,1.971501031715915,0.0,1.0,0.0,0.0,1.0,1.0,-0.2185889494843295,-0.7611368724743854,0.10485159658659698,-1.6197129113904025,0.002952060455812866,-2.2839805817285947
0,-2.5603880615992947,0.021112737014952976,-1.670434167339721,0.021112737014952976,0.0,0.0,0.0,0.0,1.0,0.0,-0.8615872093410615,-1.9066672745220092,0.6047453337399391,0.4269874739829873,0.804126078967218,0.4564196811932786
0,0.32775350353137944,4.072375110393773,2.8965173791402563,4.072375110393773,0.0,0.0,0.0,0.0,1.0,1.0,1.060853506329715,0.9275698277523658,0.3251280063809665,-0.5225524253120616,-1.5093133743516745,0.5839688208406821
1,1.9929544767299987,0.40671561582439464,0.40671561582439464,2.2581590252177115,0.0,1.0,0.0,1.0,1.0,1.0,-0.28767543125568423,-0.6062637335772878,-0.6342786505372641,-2.0243806146113634,-1.1566483460022743,-1.0827052888748245
0,-0.7526598923144194,-1.3264042821344815,-1.4373006120978828,-1.3264042821344815,0.0,1.0,0.0,0.0,1.0,0.0,-2.1989209434886523,-1.1960989720845574,-0.6717400656080664,1.3209316366964168,-0.23931258993019025,2.611948431231351
1,0.48274822923787486,0.06662983830181665,0.06662983830181665,2.595697446504914,1.0,0.0,0.0,1.0,0.0,1.0,0.30204242751742144,0.10962015469131159,1.9103952790016463,-1.4954658752383603,0.43191749214995717,1.2777721226211654
1,2.9166002271972626,-0.6008810773574782,-0.6008810773574782,4.254754165869639,1.0,0.0,1.0,0.0,0.0,1.0,-0.25233392030280427,-1.6808751782923959,-1.2853943489747215,-0.10452345631488738,-0.47212365076037066,0.04506374245548417
1,1.6578812688681652,-0.2924555610266741,-0.2924555610266741,1.2620203153599667,1.0,1.0,1.0,0.0,0.0,1.0,-0.9453520555426402,-1.7942977149543,-0.48875651444799595,-1.2561251868104955,-0.6857130880636465,-2.8173839318335667
0,-1.8471786797981256,-0.4184264616837016,-1.6204760369869233,-0.4184264616837016,0.0,0.0,0.0,0.0,1.0,0.0,-0.8866570897829217,-1.4927077983647277,-1.173002024051772,-1.455474316362361,-2.331208976648284,-0.6341761479856683
1,3.1726107256543785,2.0902939961147062,2.0902939961147062,2.4402165765824426,1.0,1.0,0.0,1.0,1.0,1.0,0.42769145813547604,-0.2678884243981925,0.30017434343577787,0.2101530569437246,-1.0899361545179205,0.06907316448086301
1,3.462130447979004,1.0296215301496818,1.0296215301496818,2.4779050959924174,0.0,0.0,0.0,0.0,0.0,0.0,0.8638724012318508,0.05428277102186796,0.530372947652242,1.2175132577469598,0.7913030845355272,0.47686872120496454
0,0.19509886180922087,2.8233537404147584,1.4309189266540108,2.8233537404147584,0.0,0.0,0.0,0.0,1.0,0.0,0.1401249933425532,1.6315748771034424,0.531618700648288,0.3048712741385767,-0.232754178161381,-0.7520715325625802
1,3.7732615301730688,2.6191883742366233,2.6191883742366233,4.364742517617232,0.0,0.0,1.0,0.0,0.0,1.0,2.8755565568488994,-0.29086226052624387,2.2216018981480286,-0.06105813445265279,0.7697164653577444,1.4639109038137632
1,0.0658906938642681,-1.0044893125817196,-1.0044893125817196,0.5492468196545887,0.0,1.0,0.0,1.0,0.0,1.0,-1.9987955479474406,-0.2946044231138738,-1.362685328433106,-0.4588470700816155,-1.784599759610597,-2.157130604444259
0,0.036512871844426975,1.129453742383153,0.819471801275502,1.129453742383153,0.0,0.0,1.0,0.0,1.0,1.0,-0.13370847436588293,-0.8348151285792571,0.021720929470153583,0.9973177971378401,1.6398610352458332,1.8500960847700387
1,4.918806899896142,6.100664134180985,6.100664134180985,3.7735742047611587,1.0,1.0,1.0,0.0,1.0,1.0,-0.6301056757890199,0.8023527005602054,-1.0980288494326051,0.12348808821182461,-0.5421938375583338,1.2746811740282478
0,0.39030180687864596,1.9373181224859353,1.0909433235707457,1.9373181224859353,1.0,1.0,1.0,1.0,1.0,1.0,-0.9538739402161573,-0.9718059822202022,-1.0686712936962217,-1.972423992401323,-2.129712360846728,-0.20716563779729302
1,1.7775131740232075,0.5502700829893232,0.5502700829893232,1.8824129956178206,0.0,0.0,0.0,0.0,1.0,0.0,0.8399570973861269,-0.4771726851309076,-0.8815626811768664,0.0030435364554394218,0.49609447714351407,0.29358519972046015
0,3.4717992024094038,6.872527908864286,4.467799252886489,6.872527908864286,1.0,1.0,1.0,1.0,0.0,1.0,0.3104916182602268,0.1183185738780721,0.4810772021235152,1.6500703637599359,2.266602523698943,-0.6548739128846511
1,2.8844891733881175,1.1878203142378365,1.1878203142378365,2.3927887184165746,1.0,0.0,1.0,0.0,0.0,0.0,-0.26110003604959753,0.3297733406024679,1.791610810135159,0.9329818407055586,-0.04548804284661734,1.3630976198655467
0,-0.2091052828856194,-0.21130256934789993,-0.49536172509112425,-0.21130256934789993,0.0,0.0,0.0,0.0,0.0,0.0,-0.6266156582819454,0.37954835064330505,0.1811505139782441,0.22777421939065323,-0.42255342729971945,-0.8553740159821612
1,6.443313102864786,4.362625122856129,4.362625122856129,8.230282288709773,1.0,1.0,1.0,1.0,0.0,0.0,0.4258682329304046,1.0212995764935533,-1.6832033535760371,0.3810345177273855,0.9129894800847153,0.7075444665375111
1,2.7320431289438334,3.5264515714839346,3.5264515714839346,2.8582013710622416,1.0,1.0,1.0,1.0,1.0,1.0,-0.5950333831147324,1.3161410921437509,-0.28905627782808874,0.07851143289555185,0.09621010774093187,-0.9171363855608349
0,1.2812356665546283,2.8661242758432066,1.8585127805889226,2.8661242758432066,1.0,0.0,1.0,1.0,1.0,0.0,-0.7624030319597416,-0.269114071707892,-0.033572340253634786,1.5710974927038048,-0.12286174230144842,0.9533022020416975
1,1.5203706261756147,-0.02836706609440004,-0.02836706609440004,2.46135713685082,1.0,0.0,0.0,1.0,1.0,1.0,-1.2419247077636217,-0.12633423445044634,-1.105289806800668,-2.070529442050022,-0.6035428759697522,0.526396790097997
0,3.8402690163579063,6.436747682886799,3.729019240265224,6.436747682886799,0.0,0.0,0.0,0.0,0.0,0.0,2.809708162042388,2.1637121736555445,1.4038953136099106,0.008921215798144463,0.7992682090043791,-1.0339963817677533
1,2.533725150819085,-0.26697507423466693,-0.26697507423466693,-0.44290737660508617,0.0,1.0,1.0,0.0,0.0,1.0,0.1154129976069685,-0.6680191611995772,0.648001486651242,-0.5201306539916993,-1.0345554131785135,-0.8766722436425216
1,3.963605556832835,1.815523826637618,1.815523826637618,2.761005074707888,0.0,1.0,1.0,1.0,0.0,1.0,0.392483628279237,0.44354700084369303,-0.4779796391859793,-0.7737193356059687,-0.1657076896145287,-0.7525099168907589
1,0.7783391017719401,-2.2975368792746576,-2.2975368792746576,1.4249613765732425,0.0,0.0,1.0,1.0,1.0,1.0,-0.8512248600880068,-0.8986549578614615,-0.9476914780322251,-1.0137464308984656,-0.8046034571034256,-1.850826621923701
0,-0.6760262204553806,-0.23729279987932395,-1.4286389926002925,-0.23729279987932395,0.0,0.0,1.0,1.0,1.0,0.0,-0.6189286260247455,-1.641467882622804,0.9302607726615735,0.5001891328563789,-0.3386604507181029,-1.739963590716478
1,1.07822446148259,0.3497158621641572,0.3497158621641572,1.1795556559108586,0.0,0.0,1.0,0.0,0.0,0.0,0.8070868939774583,-1.3838534665081006,0.023096039606651186,-0.3721729494384559,0.8517068581408292,0.2606584875266018
1,5.589463066078832,0.9736021859479969,0.9736021859479969,4.0111994809143106,1.0,1.0,1.0,0.0,0.0,1.0,1.3444186773508242,-1.3730414039770875,-0.6814253259062363,-0.5928430384402424,-0.8615398892676828,-1.3092230537966694
0,1.4919978939196308,1.7904628541979677,2.0752014770710288,1.7904628541979677,1.0,0.0,0.0,1.0,1.0,1.0,-0.46241444036057594,0.849411599906164,-0.6250800823240377,-0.8096793233299562,0.17491513727507527,0.9794157173747502
0,2.376328842721946,4.8576961629047135,2.557869232745852,4.8576961629047135,0.0,0.0,0.0,1.0,0.0,1.0,1.0045143445087854,1.2072667910634167,0.3484366675354459,0.8432622277106555,0.7935287962699636,-0.13094359611387185
1,4.506524987948124,1.3019116463760612,1.3019116463760612,3.92660398754741,1.0,1.0,0.0,1.0,0.0,1.0,0.35078113949518347,-0.9122402726871404,1.6253671295345011,0.6281255109345969,1.7003704781163038,1.6184067860685993
1,0.804181729500753,0.3651177452152766,0.3651177452152766,2.0987046131383766,0.0,1.0,1.0,1.0,0.0,0.0,-0.33463910962010046,-1.700794740539678,0.7349030059031212,0.3746116838770267,-0.3034378098659703,0.19935224399771218
1,6.013520356536796,4.208434604649045,4.208434604649045,5.510805001461655,1.0,1.0,1.0,1.0,1.0,1.0,1.9213038950654184,-1.074462475624254,-2.220147917763399,-1.8424159963725004,1.1424128374074625,1.1806356512320415
1,5.510972141702608,2.9484532931956484,2.9484532931956484,6.803008824263382,1.0,1.0,0.0,0.0,0.0,0.0,1.8263437908652236,0.42536788687325666,0.3062294274387482,0.42473905329083633,-0.4543796980243697,0.2693509797100985
1,6.321914569195719,4.518973469893049,4.518973469893049,4.24485617545773,0.0,1.0,1.0,1.0,0.0,1.0,1.5034528804963943,-0.2868670941673526,-1.6648310477866533,0.37401390816031543,-0.1732679261493117,1.1016772281757174
1,3.400617247194,2.674452008625752,2.674452008625752,2.739124013135413,1.0,1.0,0.0,0.0,0.0,1.0,-0.34517039095762486,0.09372829451196929,-1.8833609635919886,0.17841004456610815,-0.48302021279388246,-1.0863930497626697
1,0.17998745890299064,-1.083266236111433,-1.083266236111433,-0.0782171044189985,1.0,1.0,1.0,0.0,0.0,1.0,-2.856063472611099,-1.0846196671009993,-1.9581206426965503,-0.6516169878423035,-1.3924843950798662,-0.8598550390604621
1,8.868819348651803,4.099545220102516,4.099545220102516,8.192199774234812,1.0,1.0,1.0,1.0,0.0,1.0,0.8490722589882538,1.5363394676084914,0.5910867751937614,0.5426308906072966,0.8861247681703537,1.2170358974781168
1,5.485211429773163,2.875731090967749,2.875731090967749,4.1690961897249155,1.0,1.0,1.0,0.0,0.0,1.0,-0.26013992119045765,0.27047291283821395,0.3852149609460597,0.13737966228716386,0.33560463545970076,0.5403531649970081
1,5.830246960376821,1.981004514534217,1.981004514534217,5.782405491217872,1.0,1.0,1.0,1.0,0.0,0.0,0.3716898004964558,0.9144544394867258,-1.2397068368393847,-1.4248229480538757,1.1916746353804402,0.9189051923516118
1,0.5233400649106994,-0.6636053387160198,-0.6636053387160198,0.668218937966877,0.0,0.0,1.0,0.0,0.0,0.0,-1.6285301439114548,0.0012521521315165263,-1.4538035507976046,-0.6853047555077201,0.170446479105423,-1.2568802280565863
1,2.9719639368751807,1.5533015085700663,1.5533015085700663,4.28089010858416,1.0,1.0,0.0,1.0,0.0,1.0,0.08444553126554116,-0.2665212177589401,-0.5313723429855498,0.9142516854803928,-1.3741430890584112,0.5281595120966276
1,6.2250682137169955,2.447360717213708,2.447360717213708,4.104240009481561,1.0,1.0,1.0,1.0,1.0,1.0,-0.46700247820458324,0.07552259557434729,0.6097872505200811,0.4010128945250473,-0.1348283777986768,0.33381867936596793
1,3.7849172280864716,3.2285301673133686,3.2285301673133686,2.7324322212866994,0.0,1.0,1.0,0.0,1.0,0.0,-0.47952064016451745,0.7877235740537671,0.9067013217099269,1.0044869901745344,-0.36630669532096205,0.8327434218166798
0,1.1998212353902415,1.4661270403824596,-0.09383680585303966,1.4661270403824596,0.0,1.0,0.0,0.0,1.0,0.0,-0.5195941181456325,0.441316095637204,0.539738023059863,0.48291186372662526,1.6826638445662079,0.2687274053578216
0,-0.23963941752841555,4.18875483858216,1.1042760993174725,4.18875483858216,0.0,0.0,0.0,1.0,0.0,0.0,1.455532349644917,0.3463329988173193,0.4915963576972421,0.11267323053344,0.3187471567947699,0.8621836445524682
1,3.519559323046763,-0.5268628390135603,-0.5268628390135603,1.2798730168390577,1.0,0.0,0.0,0.0,0.0,0.0,-0.7767706654814276,-0.8404065057716676,-0.00838006532645208,-0.21333392353549674,0.8708388920767355,1.1036003799906409
0,2.1511083789137238,4.645981063125477,1.9875488655458597,4.645981063125477,1.0,1.0,1.0,1.0,1.0,1.0,-0.5323297390080571,-0.42850048157412285,-1.0604946616560862,0.03496090447972372,0.1617587384872321,0.3871351146020645
1,1.7292929173783593,2.045221080502758,2.045221080502758,4.1637689943882705,0.0,0.0,1.0,0.0,1.0,1.0,0.8506880517054575,1.0679438097714087,2.0220441644563385,0.6231163416153296,0.17346086852352938,0.032691190345418564
1,2.0640737800778117,0.18038450312804866,0.18038450312804866,1.9170621301513804,0.0,0.0,1.0,0.0,0.0,1.0,-0.2948862205185468,1.0575017920411227,-0.1307600091008,0.42112181385180214,0.23366608718294296,0.7209767663312558
1,6.335087695382338,1.6684738529029925,1.6684738529029925,5.555503787453191,1.0,0.0,1.0,1.0,1.0,0.0,0.28830856667763305,1.8024035484899792,0.7310204473204323,0.6214013078376246,0.469062389732658,0.3501900721464758
0,2.2903637178860627,4.506466968404191,4.4594012656816,4.506466968404191,1.0,1.0,0.0,1.0,1.0,1.0,1.3445021759812543,0.35700980374373953,1.368088922370486,1.0105959195087462,1.1676149867980845,-0.7783793820854891
1,2.5427724547924218,-0.6619584231921365,-0.6619584231921365,2.089029345802773,0.0,1.0,0.0,1.0,1.0,1.0,-0.6463332750589741,0.8105584758807135,-0.6035527216691643,-0.5942892256717198,-0.10895104474913475,0.5905202589312601
1,2.144846453735094,-0.18621744522380124,-0.18621744522380124,3.6257466439050647,1.0,0.0,0.0,0.0,0.0,0.0,0.801200382306361,-0.4080587960066101,-0.3123681905723553,0.06596861590052713,0.49294583626518507,-2.0235872849403354
1,4.429859846230924,-0.6483055306117396,-0.6483055306117396,3.824410238904276,1.0,1.0,1.0,0.0,0.0,1.0,-0.5047194030643687,-0.7670763719731665,-0.47365948809809344,-0.04255223080735798,-0.08809730358355528,-0.8942081355570763
1,3.8446194203586046,-0.43348886826245336,-0.43348886826245336,4.801040510557259,1.0,0.0,1.0,0.0,1.0,1.0,-0.30970219417714373,0.4250712710696515,0.4789379014573092,0.6140438362435212,1.0877694920895191,1.8366470136703554
1,1.0689123804074976,0.5702271050443697,0.5702271050443697,1.199617874516417,0.0,0.0,0.0,0.0,0.0,0.0,0.4888528099389836,-0.5747984546368706,-1.4671046488665969,-2.1149303453154755,-0.8285961448145529,-1.2868760994418216
0,2.5186016852642807,2.829649194839221,2.1057879522894853,2.829649194839221,1.0,0.0,0.0,1.0,0.0,0.0,-0.13460003732175563,1.1731689181184854,0.26643981223803326,-0.3010578153186552,-0.3558047068591975,0.8998980900879813
0,2.333005810427492,5.079471900127736,0.9336450754308239,5.079471900127736,1.0,0.0,1.0,1.0,0.0,1.0,0.20418257196904332,0.035407398187752515,-1.383112907014911,-1.4454024223684043,-1.2336815182767515,0.10426584368753145
0,-0.036875718495191334,2.0616797151377457,0.35591901375346124,2.0616797151377457,1.0,0.0,0.0,0.0,0.0,1.0,-0.618703278506798,-0.8410056386252499,-3.240423865001111,-1.0755624822230092,-0.9824596303558909,-0.9841683831505593
1,6.206164023836972,2.2664258291886794,2.2664258291886794,4.285678791149599,0.0,1.0,0.0,1.0,0.0,1.0,1.7324348796707423,0.7879532651330848,0.522929671552714,0.9375023873432312,-0.01608351072544012,-0.6004318919104589
1,7.2408667119199075,4.132421845534449,4.132421845534449,6.028020496720831,1.0,1.0,1.0,1.0,1.0,1.0,1.1025509015380348,0.4865089074193947,-0.28388128916211014,0.9141037367031083,-0.2778018174763858,-0.01541256969916437
1,5.042500533136102,3.2319774044766127,3.2319774044766127,4.15688762245032,1.0,1.0,1.0,1.0,0.0,1.0,0.51879377441064,-0.5653237871580746,1.205051241013615,0.966696317316017,1.1820546141190313,-0.5998891731363369
0,4.565838371349507,4.457580749541885,4.746283220278655,4.457580749541885,1.0,1.0,1.0,1.0,1.0,1.0,1.6171515469604256,0.9925710016558318,0.7019282005988462,0.5652088870028367,0.5737215991148253,1.365611538280369
1,1.7554612723858283,-0.8103570587455586,-0.8103570587455586,1.9672186420506035,1.0,0.0,1.0,0.0,0.0,1.0,-0.5037775354929225,-1.0478129904298763,-1.223097043084909,-1.9360668096521585,-1.2784024052529492,-1.9257409902709257
0,-1.5706581487872298,-0.42807831288702425,-2.679562857743756,-0.42807831288702425,0.0,1.0,0.0,0.0,0.0,0.0,-1.2865948615961686,-0.3101066040453062,1.7111976512971405,0.009218568552512962,-0.037784532397279635,0.2795726652792621
1,3.3582994019688055,2.0155130130147936,2.0155130130147936,4.507590442282744,1.0,1.0,0.0,0.0,0.0,0.0,0.8102765945384113,-1.3453607772407081,-0.42936145746778703,1.1296948102313358,-0.21172509755731306,-0.3947331236829949
0,1.3408260428379397,2.434483603757992,0.992067368633526,2.434483603757992,1.0,0.0,1.0,0.0,0.0,1.0,0.09257757342600657,0.031122277423626776,0.7665965973948453,-0.07135110932135119,-0.8300122301882213,-1.322133401168267
1,5.1913284281002,2.8514021629512705,2.8514021629512705,5.3864630033128975,1.0,1.0,1.0,1.0,1.0,0.0,1.2842553915081152,0.9363079836124835,-0.3348496996940491,1.5125854600029456,-0.39050462200374564,-0.4500983898839791
0,0.14917653085709787,0.15317381305321986,-0.02238834766876413,0.15317381305321986,0.0,0.0,0.0,1.0,1.0,1.0,0.38802469748098356,-0.5059783061118164,-0.4326168960302951,0.201776181947906,-0.690032373817075,-0.37030714673765125
1,7.220720962591987,5.114361195465801,5.114361195465801,7.14108926056421,1.0,0.0,0.0,1.0,0.0,0.0,1.7862914534813676,0.9931059389552541,0.3274956089193206,0.1263178488950072,1.7957912813284127,1.4184834023190371
1,2.204781137162958,0.28867166913861475,0.28867166913861475,3.931202882784759,0.0,0.0,0.0,0.0,0.0,1.0,0.6707712307343291,0.7440407223702048,0.02981483807849844,-0.5284694231344167,-0.39074875510670504,0.761987811373646
1,1.7378362652944808,1.5826954188684925,1.5826954188684925,3.5904165053483856,0.0,0.0,0.0,0.0,0.0,0.0,1.1640885258280016,0.43965972251347485,0.8660129921703391,0.07850015069909186,0.9177197856318502,-0.01382163534772518
1,5.1883311404945935,2.155399855689046,2.155399855689046,4.168454454356192,1.0,1.0,0.0,1.0,0.0,0.0,0.34337434461213623,0.8746878070315922,-1.0291870969492423,-2.2335717941727955,0.46069152947065195,-0.31240056889229817
1,3.1587007037259953,2.1437177576186004,2.1437177576186004,2.3668189857716118,1.0,1.0,1.0,1.0,0.0,1.0,-0.046229924616648356,-1.2364487199917704,-2.343989535234256,-2.268977308652858,-1.6969610224134783,-0.4229682177971159
1,5.356420776943722,0.5737100324387407,0.5737100324387407,2.660274044597647,1.0,0.0,1.0,0.0,0.0,0.0,0.6361318524988562,-0.18708029202190354,-0.20537442393368024,0.6384699032414356,0.4837824057015515,0.19527183532406578
1,2.110317405604703,0.6148413121705947,0.6148413121705947,2.816097003816745,1.0,1.0,1.0,0.0,1.0,1.0,-0.008764328403639852,-0.24717712837172065,0.6553074632109909,-0.9275631041247748,0.4047457996287539,0.01707257689673186
0,-0.04651409530496187,1.928721272111535,1.6482296357187296,1.928721272111535,1.0,1.0,1.0,0.0,0.0,1.0,-1.7871522577319974,0.5154483136909276,-2.285238868479551,-0.4482686901990082,0.19400456421270462,0.879903923488433
1,3.582274826331613,3.912107710656261,3.912107710656261,4.9948680421548035,1.0,0.0,1.0,1.0,1.0,0.0,1.048847499377352,0.03184148741230644,1.0758849642478614,0.245417073061094,-0.3683070669674134,0.26528701429951346
1,2.771847330422132,2.8106849629478265,2.8106849629478265,2.579931848422671,0.0,1.0,0.0,1.0,1.0,0.0,0.7652463497128719,-0.6577036103481031,-1.1227944059677075,-0.8910181260726421,-0.38717286715917865,-0.4839233022860253
0,0.8826540149925162,0.8008597511411479,1.8550940515572851,0.8008597511411479,1.0,1.0,0.0,1.0,0.0,0.0,-0.5029092963499947,-0.2795055527256916,-2.015593221911307,-0.5566699973236182,-0.19081011013122573,-0.2077942121698212
1,0.9655345445189436,-0.5958150616370377,-0.5958150616370377,1.7040880478123075,0.0,1.0,0.0,1.0,1.0,0.0,-1.0126803243073468,0.6338619607894047,0.2863987115867229,-1.1105868945827337,-0.19576754652324607,0.340048370600459
0,2.888030264401584,2.228747415379394,2.6193947817765872,2.228747415379394,1.0,1.0,1.0,1.0,0.0,1.0,-0.2523583109158224,-0.20482896038197396,-0.5060472203705113,-0.4162029192321095,-0.3996342176081704,-1.2945871223251864
1,4.8905655790591736,1.5362935270344373,1.5362935270344373,5.929057793834785,1.0,1.0,1.0,1.0,1.0,0.0,0.42922137522095233,0.37046643548894986,1.3379667328483746,0.5656664893136351,0.7027865180692955,0.1851091343236012
1,5.389306542657497,3.1660248004292826,3.1660248004292826,2.7866008191878096,0.0,1.0,0.0,1.0,0.0,0.0,0.17891221025730888,1.0755602898885719,-0.2075155950803627,-0.9994591462667732,-0.4761407340986418,-0.3208039985318599
1,1.7153028388954032,-1.5076168357050035,-1.5076168357050035,1.052240079891183,0.0,0.0,1.0,0.0,0.0,0.0,0.45489030982895273,-0.5740076856334481,1.1359749555504521,0.2740458794208168,0.08174640497774266,1.21499276090147
0,-2.0727762901487328,2.65063934061327,0.42796502419314925,2.65063934061327,1.0,1.0,1.0,1.0,0.0,0.0,-2.726032912907535,0.2133856711497495,0.26415441374854803,1.0855775770822853,0.5286994291569204,0.5405246196135168
0,0.43798837867595775,4.4276087771121695,3.5510040106446668,4.4276087771121695,1.0,0.0,0.0,0.0,0.0,0.0,0.840089638085461,0.016202623034017205,1.0400979571308293,1.2953037164122783,0.8340482828963885,1.306240951057774
0,0.909694776589346,1.3394152479890034,-0.6940931215470256,1.3394152479890034,0.0,0.0,0.0,1.0,1.0,1.0,1.5741416227301768,-1.4256505218994504,1.9666786691844824,-0.5327367164646463,-2.1476859236369,0.5628110758888563
1,3.795498260998899,0.6681768136730999,0.6681768136730999,2.4548434875577896,1.0,1.0,0.0,0.0,1.0,0.0,0.9278779721068707,-0.3407317040408191,2.003670023876212,0.3307343956321594,1.2517915931915828,-0.6895800862580925
0,-1.2470316805635115,-2.542883941595357,-1.8718258450444427,-2.542883941595357,0.0,0.0,1.0,0.0,1.0,1.0,-1.0047521054434856,-1.4690906534212713,1.1485472724626442,-1.0935492607543649,0.29530413044760745,-1.2174254758586052
0,-0.7764187192033175,0.20802183214912218,-2.12966785983309,0.20802183214912218,0.0,0.0,1.0,1.0,1.0,1.0,-0.78557955482251,-1.7231670126112222,-0.5382462031292226,-0.6015022873733782,0.14668475535154302,0.44423162757493007
0,0.7570555936148109,0.7577903668622619,-0.8114367282722159,0.7577903668622619,0.0,1.0,1.0,1.0,0.0,0.0,-0.9991556852921704,-0.7145769162679972,-0.24065509136348062,0.49137399928718567,-0.8200323215557337,-0.46645775499535336
1,-1.6110435776331147,-4.739000873658333,-4.739000873658333,-0.5994401787732864,0.0,0.0,0.0,0.0,0.0,0.0,-1.6120890649785997,-0.11333753485760478,-0.1387618739904503,-0.4066493945927094,0.01705002763192426,-0.7058059826622437
0,-1.329516066194511,0.0419792494693465,-2.577567574489224,0.0419792494693465,0.0,1.0,1.0,1.0,1.0,1.0,-1.0633401441399941,-0.8193213541258264,-0.6989823671228725,-0.18363212959352937,-0.7783382143491315,-0.6622138681837675
1,1.8892465546607824,1.8946565505620308,1.8946565505620308,3.0122505892189793,0.0,0.0,1.0,0.0,1.0,1.0,0.9103527786427492,-1.0121765544960624,-0.3310472654482367,-0.06792598406180168,0.7011799189060903,0.29001821336558015
0,2.1252362860968654,7.818194763498583,2.1066733544783465,7.818194763498583,1.0,1.0,1.0,1.0,1.0,0.0,2.3288195385013504,-0.3918162766353009,0.745449533183761,0.6064114704895605,1.02986964243559,-0.2775907550953527
1,0.5718333012680065,-1.116745800534216,-1.116745800534216,1.0860694763857723,0.0,1.0,0.0,1.0,0.0,0.0,-0.39904838545687066,-1.728572456590927,-0.9377327230426302,0.6695971949358559,-0.55253918444255,-1.3948461599540807
0,-0.6564592266416946,0.8833840514812483,-2.7266806761765277,0.8833840514812483,0.0,0.0,1.0,0.0,1.0,0.0,-0.9387929807408487,-1.5320072065233776,0.3999581511684822,0.7506841425462745,0.11500697020256553,0.09462328889514723
1,3.134407122710912,1.9146451118993584,1.9146451118993584,2.8913978335454935,1.0,1.0,1.0,1.0,1.0,0.0,-0.829928466421962,-0.3876672121312357,-1.343853925435983,-1.091260297829616,-0.22921519997891915,-1.1483617182737325
1,2.517563058707732,1.565344587246332,1.565344587246332,2.458493938715221,0.0,0.0,0.0,0.0,0.0,1.0,0.5938061960404226,0.8824813546355086,0.041970727219374254,0.28651924644398596,-1.7099278446512716,0.39797679569240535
0,0.845396601470759,-0.831910960642281,-0.21998315025731813,-0.831910960642281,1.0,1.0,0.0,0.0,1.0,0.0,-1.6219235407330814,-1.482301345199867,0.3423467251172303,2.0899822157383907,0.05516220776738057,-0.12274549630905635
0,-0.00758267247143829,-0.9030656346038268,-0.9946986748890294,-0.9030656346038268,0.0,0.0,0.0,0.0,0.0,1.0,-1.2443103272250433,1.0150098306991027,1.3508691876760601,1.0972658621510394,0.7439768494804139,-0.7314349076882969
0,0.12004373088435893,3.376069711022553,1.7538885755543279,3.376069711022553,0.0,0.0,1.0,0.0,0.0,0.0,1.296733617768463,-1.2887581941523403,0.4943663439624456,2.0507377263446034,0.7339401593051694,-0.5004507526518196
1,3.134894267630936,0.4565979473969406,0.4565979473969406,5.383428928844817,1.0,0.0,0.0,1.0,0.0,1.0,1.3838147699452608,-0.3851469985430781,0.12406624955662825,-0.5409631336986775,-0.1846295348188127,0.6900409200305895
1,4.504578977903883,4.588998071814759,4.588998071814759,3.252557190087571,0.0,0.0,0.0,0.0,0.0,1.0,1.5130360061747434,0.39987557510899907,-2.247644678088572,-1.030457338174263,0.7042138326946646,1.4057691290530379
0,-4.9689083577306965,-3.0682818233027276,-4.082824011894313,-3.0682818233027276,0.0,0.0,0.0,0.0,0.0,0.0,-2.009558693778258,-1.9250883356269712,0.05903863881217847,-1.7271512499146504,-0.32765120867899333,-1.469913534752998
1,-0.9103850852641661,-3.4937104144767943,-3.4937104144767943,-2.593557119886613,0.0,1.0,0.0,1.0,1.0,1.0,-2.6252160976966525,0.20248980813232142,-1.2816165621359032,-0.33920045274948146,-2.2719445903247912,-0.7962834747780022
1,2.789732592869538,0.5676604168938473,0.5676604168938473,2.4564826779809295,1.0,1.0,0.0,0.0,0.0,0.0,-0.13346426537598874,-0.21813409362456265,0.11542067999065739,-0.6799727958472122,-0.1610542659204176,0.26977121050570485
1,0.18787980058072606,0.7680325411125267,0.7680325411125267,-0.07981118991722513,0.0,0.0,0.0,0.0,1.0,1.0,0.3319284305829252,-0.9181058556045156,0.333066713472003,1.0870597926248877,0.15221500448454994,-0.03188970106426514
0,3.709198906606621,7.032249620334108,4.639307697303474,7.032249620334108,0.0,1.0,1.0,1.0,0.0,0.0,1.9154471059121194,0.7536772640072168,0.7756712083212569,1.5147351839918726,1.0637172354114557,2.030208570769115
0,1.4527092648079767,1.2471104457822726,0.05624638256466952,1.2471104457822726,1.0,1.0,1.0,1.0,1.0,1.0,-0.6310943492169431,-0.40607838500568333,1.3465405170505402,-0.5369903452623406,0.5587952740730245,0.6212993073268749
0,1.3722263544704618,0.450208569522042,0.4171360552544945,0.450208569522042,1.0,1.0,1.0,1.0,1.0,0.0,-1.0990965795883203,-0.9394715661833226,-0.17314844032465992,-1.3484530840870947,-2.8395791226502904,-0.9251803957870093
1,0.5608142854314516,0.4214254666069196,0.4214254666069196,2.062149496077967,0.0,1.0,1.0,1.0,0.0,0.0,-0.47907302735653984,-0.5028696555800771,0.5748325130928438,-0.6808891560074715,1.109124174734284,-0.15573257967388304
0,-1.2894598135329263,1.9766779137933779,-1.3665933282664762,1.9766779137933779,0.0,1.0,1.0,1.0,1.0,0.0,0.11275692521474412,-1.3710954386810432,-0.666388342800821,-2.146328163708011,-1.0722102962506634,0.39176223893573414
0,0.23659164035243851,-0.12138898810481158,-0.9629688605454902,-0.12138898810481158,0.0,1.0,0.0,1.0,1.0,0.0,-0.581457284490031,-1.1455814315508686,1.4142259408466407,1.512375398724249,0.16792116106778,0.4237509551985274
0,0.508869145434308,1.8368556791026749,0.19423050273095716,1.8368556791026749,1.0,0.0,1.0,1.0,1.0,1.0,-0.9692957110161925,-0.6950650699776659,-0.8415185241723311,-1.0943472968482633,-0.5073739331584683,-1.3383637610849635
0,0.5006015767030105,0.9990062873456282,1.3303239315628717,0.9990062873456282,1.0,1.0,0.0,1.0,0.0,0.0,-0.9860532964860005,-0.7935544633028844,-1.0416448458118495,0.02159851552244689,-0.7922161328415651,-0.7363882733063378
0,-0.643283627974336,-2.296423280361854,-0.12049045847506118,-2.296423280361854,0.0,1.0,0.0,1.0,0.0,1.0,-2.7766345306741673,0.32577929357824686,-2.5857949879685713,-0.5142805899788965,-0.880428496937818,-1.0230914116360559
1,1.9636465533081129,1.107523715728219,1.107523715728219,0.41110939774676747,0.0,0.0,1.0,1.0,0.0,0.0,-0.5447213365187182,-0.10430615846249142,0.5557740189925733,1.4657965549093974,0.7981740077843895,-0.405976236625172
0,0.7895353983464437,2.7122093477164153,0.358064877376465,2.7122093477164153,1.0,1.0,1.0,0.0,0.0,0.0,-0.5599177425587483,-0.7060683665751368,-0.3157757245521315,-0.677217198311259,-1.1613143834429656,0.8296035853889148
1,1.891358860313893,0.6778852214018525,0.6778852214018525,2.826897106114192,0.0,0.0,0.0,0.0,1.0,0.0,0.2870320060313948,0.7573397276777982,-0.7926337108307004,0.8079956687585149,-0.027996060337898906,-0.3933663462589033
1,3.7632880331947294,2.3737432842825545,2.3737432842825545,4.525739433314709,1.0,1.0,0.0,0.0,0.0,0.0,0.13958766042649565,-0.007993149007494676,0.27180183331900626,-0.9186378802963937,-0.3986032160629609,0.6725171537587801
1,2.7289481450286845,0.36936643684513126,0.36936643684513126,1.1549774416667713,1.0,1.0,1.0,0.0,1.0,0.0,-0.10127999278138229,-1.1682557741384465,-0.371515421023729,-0.09578139042896544,-0.4823218217379035,0.061260812611491466
1,1.706166022099095,0.36957457754432405,0.36957457754432405,3.271078049300008,0.0,0.0,1.0,1.0,0.0,0.0,-0.052728759888509356,0.3960123646372108,0.049771792866455,-1.824083982901043,-0.12488978714862506,-0.138078526070165
1,1.065390161323319,-1.2844705915779198,-1.2844705915779198,2.038802431929943,0.0,0.0,1.0,1.0,0.0,1.0,-0.6378531111194847,0.6492755941496375,0.690946936584597,-1.5694465616615423,-0.44887852270950546,-0.044413632380993565
0,0.698005503657405,3.1683389708587804,-0.2873132724374133,3.1683389708587804,1.0,1.0,0.0,1.0,1.0,1.0,-1.6990186860539795,-0.8760835281578525,-1.2994528426505505,-0.633023765698682,-1.5148684146492994,-0.029789755701069787
0,0.08575985120616281,1.7968892773371852,-0.5994708839149736,1.7968892773371852,0.0,1.0,1.0,1.0,1.0,1.0,-0.6675532526429854,0.6932861064825,0.6897164738773498,-0.9282895410749386,-0.2167607476842334,-0.9757566702039473
0,0.7284573227034778,1.5928284285955798,-1.2398101008287936,1.5928284285955798,0.0,0.0,0.0,1.0,0.0,0.0,0.04872096904877715,-0.7668414033916406,-1.1958537547610546,-0.7900903271521195,-0.4991040540400746,0.08073671999928866
1,-0.4723217302020133,-2.665658821751518,-2.665658821751518,0.48294205520328215,0.0,0.0,0.0,0.0,0.0,0.0,-1.300017646916892,-1.5155097184347985,0.7485229139710903,0.3552747991066313,0.029370311189610754,1.522505244779763
1,-0.5391599536713174,-1.779569249383412,-1.779569249383412,-0.17951714901417282,0.0,0.0,1.0,0.0,0.0,0.0,-0.3722331712190113,-0.4642076996156618,1.1197776064191525,-0.829078528900452,0.29666250616559764,-1.3324196388424587
0,-0.46972304716724655,2.0296586912203227,0.5748073196377745,2.0296586912203227,0.0,0.0,0.0,0.0,0.0,0.0,0.13515068904950017,0.8500104280451858,1.0079626701777262,-0.6827897712197303,-0.776636919161227,-1.9585385027294506
0,-0.13950220249602788,0.7129311379796608,0.31158350084749403,0.7129311379796608,0.0,0.0,0.0,0.0,1.0,1.0,-0.16750542855094555,-0.15651626911333621,-0.6486283131810482,-0.9567021308642494,-0.6212930870591971,-0.10236260233944872
0,5.7224178533780705,5.932623293509293,4.4578208502735155,5.932623293509293,1.0,1.0,1.0,1.0,1.0,0.0,1.5120059938148638,0.4071718295870611,1.197555815333219,-0.314284699435949,0.11608016873810623,1.9082012891117472
1,3.938158883696885,1.6657482073855772,1.6657482073855772,5.402939615188935,1.0,1.0,1.0,0.0,0.0,1.0,0.28100514610126204,0.005477115032086505,-0.29412562119941943,-0.3399995444043318,-0.504711210319778,1.2621403795419495
1,2.1175652621116607,0.7915164479875098,0.7915164479875098,2.2756467046085285,1.0,0.0,0.0,1.0,0.0,1.0,0.47731729608349766,-0.8566429260900996,-0.33373979357474615,-0.37654830942015344,-1.7690703246750823,-0.1606053269769614
1,1.7230392719289473,2.2073873368166264,2.2073873368166264,0.7973099924514842,0.0,1.0,1.0,0.0,0.0,0.0,-0.12276704991135973,0.3732509250375571,0.7363402546664558,0.1843214475311311,1.99266696184789,1.1774229613233593
0,2.5867144319254187,4.403180398460841,2.4594690418988696,4.403180398460841,1.0,1.0,1.0,1.0,1.0,0.0,-0.3345570281451209,1.1524947593525945,0.5423256315754305,-1.3477054562707949,-0.0733538149981865,1.3591476906481723
1,-0.4031670869037767,-1.2026396749256336,-1.2026396749256336,-0.020650097671583434,1.0,0.0,0.0,0.0,0.0,1.0,-0.4287626424685519,-1.1612868255944302,-0.44232534496631387,-1.5040630892150362,-0.6649035229775246,-1.9827084332510134
1,0.7987860222868014,-0.7107739006274592,-0.7107739006274592,-0.2618176370512034,1.0,1.0,0.0,0.0,1.0,1.0,-1.9809277292206493,-0.010335359036808642,0.3948311386253155,-0.4771875950733011,0.6022367809218117,-0.15314492332062368
0,0.9939775621967861,4.339584238910218,3.4102606426942277,4.339584238910218,1.0,0.0,1.0,1.0,0.0,0.0,0.27378980276914816,0.3528586008134601,-0.7276264116779596,-0.17018707462867225,1.4011712799087082,-0.20456638837032057
0,0.8881811469257029,0.5009369903303034,0.02692758002169473,0.5009369903303034,0.0,0.0,0.0,0.0,0.0,1.0,0.24536659676371173,-0.7255058104793343,0.17390096499026553,0.5721309442119707,2.4855241001143393,0.48565959611550924
1,0.7478347022975673,1.5604711099316035,1.5604711099316035,1.1502014625163126,0.0,0.0,0.0,0.0,0.0,1.0,0.07357620852308913,-0.6254717118996117,-1.337036041128681,1.0216128294520244,-0.5507418507654962,-1.5342113624225546
1,3.82733776899226,2.62901800940989,2.62901800940989,4.8460554677057495,0.0,0.0,0.0,1.0,0.0,0.0,1.4476441621421374,0.6108316473358054,-0.04745931525973013,-0.5482175022817183,0.32407356939049053,-0.7312889784312541
1,5.452053675297166,4.663770689083025,4.663770689083025,3.7386086244672745,1.0,1.0,1.0,1.0,0.0,1.0,0.7735530345676344,0.3458321195497963,0.04357327316323531,-0.14603827027811978,-0.24046972034975458,0.4707628392124462
1,1.9569636560009496,0.2870922308675441,0.2870922308675441,0.49402631527869034,0.0,1.0,0.0,0.0,1.0,1.0,0.0091117064474902,-0.02870450271119701,0.036736987554476186,0.9049378005078674,-0.8582222883733531,0.5767080490844821
0,3.5303960019689464,1.8001955010586013,2.873806748997277,1.8001955010586013,0.0,0.0,0.0,1.0,0.0,0.0,0.14374790676440274,1.0092850939186082,-1.0288435638529687,-0.5682931848562233,-0.3585569022362218,0.7639080304779133
0,2.9024856921279656,3.8049590458127405,3.4338672845331404,3.8049590458127405,0.0,0.0,0.0,0.0,0.0,0.0,1.1443552734541707,1.8690048873105567,-0.16018750102339296,-0.30920882989352205,1.7845529970099019,-0.175000567393106
0,1.7888052222999191,1.3235529805877282,0.928208143575691,1.3235529805877282,0.0,0.0,0.0,0.0,0.0,1.0,-0.8750494713101413,0.7819428565016822,-1.3982752184247313,-0.18403984168449772,1.0397343887389765,1.332571390212209
1,3.58103951964031,-0.9414774282199099,-0.9414774282199099,3.3504195814395077,1.0,1.0,0.0,1.0,1.0,0.0,0.5312474621567528,-2.2314679360702594,-0.5270292838868832,-0.840136565404165,0.2611569993852057,0.5330838732868515
0,3.049902551935772,-0.49778079837144773,-0.3285618655925102,-0.49778079837144773,0.0,0.0,0.0,0.0,0.0,0.0,0.1417723092804501,-0.08221567283198117,-2.5205414593670517,-1.1889727647462993,-1.384160137594037,-1.8228780219718972
1,3.5275144321883487,2.8559043000219795,2.8559043000219795,2.5616081341162915,1.0,0.0,0.0,0.0,0.0,0.0,0.3620084090077575,0.15905358338962006,0.1568161488393207,1.3627498616998177,-0.517449875807011,1.478157280054255
0,5.515308363393106,4.203479360554689,3.724282573259433,4.203479360554689,1.0,0.0,1.0,1.0,1.0,1.0,-0.4960926214786498,1.3221205537613678,-0.18006373216319688,2.3965386604711236,-0.041248743910203556,0.2740731918287927
1,4.9675157827007705,2.4746363587135507,2.4746363587135507,3.5945641720380896,1.0,1.0,1.0,1.0,1.0,0.0,0.5065926908562624,-1.8514061608353578,-0.3271853346001853,1.2125893131122776,-1.6929377824306735,0.25243782379683843
0,5.759856082959178,5.789298847441476,3.8995215590202235,5.789298847441476,1.0,0.0,0.0,0.0,1.0,0.0,2.082970679520803,0.8500042201143685,-0.1523951368375709,-0.3048972252995076,-0.5587399163499507,1.3605981896225123
1,-0.43531139826625076,-1.90887811400763,-1.90887811400763,-0.3282983683500682,0.0,0.0,0.0,0.0,0.0,0.0,-0.29464266088186614,-1.1046972915555417,0.34746816247153856,-0.8342248888894872,1.0133248291582744,-0.3091395007198954
1,5.509543873935249,2.451322668344531,2.451322668344531,7.46291703214755,1.0,0.0,1.0,0.0,1.0,1.0,2.0507925951989865,0.8764515323017014,0.8897506500005177,-0.009128161957453168,-0.488282540068126,-0.5162679464978213
0,4.6118401882230895,4.996730525511722,3.471016053758436,4.996730525511722,0.0,1.0,1.0,0.0,1.0,0.0,0.985378710209632,0.9202399420892704,-0.9865010354322805,0.9794178030827988,0.4056913996446511,0.1476797052188638
0,3.1536193276431534,2.1708952832360717,2.609213938633032,2.1708952832360717,1.0,1.0,1.0,0.0,1.0,0.0,0.6088408294490208,-0.25508823591019236,-0.029193286907355842,0.7315985568547173,0.03136514704098037,2.2070827280486935
0,1.1138236167662912,3.0173872777058754,0.4767405913361035,3.0173872777058754,1.0,0.0,1.0,1.0,0.0,1.0,0.32851933054190013,-0.8649131991939795,0.29558958709260363,-1.1549809820145944,-0.29830327819247543,0.09900795476821259
0,-3.8110269155039145,-2.5775293066516385,-2.1008453127096764,-2.5775293066516385,0.0,0.0,0.0,0.0,1.0,0.0,-1.1314687542754256,-1.3398358221030986,-0.14669334654310973,-1.4737120538458914,-1.5967054358861748,-0.9102218767228792
1,2.7839732369974723,4.472033804699293,4.472033804699293,4.320989319966193,0.0,1.0,1.0,1.0,1.0,0.0,0.616316513654296,1.1391889619979754,-0.20966171124958372,1.0305200837777182,-0.22489243269099013,0.7954900899546922
1,5.226418585713094,3.9055135340406544,3.9055135340406544,6.516078296166256,0.0,1.0,0.0,0.0,1.0,1.0,1.925379239029861,-0.3421310544452291,-0.7357541231794963,0.7844994393770756,1.1843505880962684,1.1051581700353386
1,2.2909646625492686,2.7992813897970708,2.7992813897970708,3.59864694980169,0.0,1.0,1.0,1.0,1.0,0.0,0.2828370850273666,0.7652978828709517,1.0135733832616904,-0.18795436645717056,0.7254387194507997,1.552985360661749
0,1.8443635800945013,0.1392498630483736,-0.021253095695040525,0.1392498630483736,0.0,1.0,1.0,1.0,1.0,1.0,-0.08506741612817985,-0.0006483049762070481,1.356180580771572,0.3446075694613101,1.5178678871288507,0.528207292619288
1,0.7563838255182129,-0.9038894326113553,-0.9038894326113553,-0.206733139684808,1.0,1.0,0.0,1.0,0.0,1.0,-2.506599863373547,0.040843541915599774,-0.8899500289782061,-0.7495378661327258,0.09593793394134803,1.0969370833310776
1,3.473042625312288,1.1543871100696388,1.1543871100696388,4.3512631352978,0.0,0.0,1.0,1.0,0.0,0.0,1.0001468272970644,-0.03697993975626654,0.002258046938300229,0.8816786865350805,0.038587458829671045,-0.8871238066485991
1,4.257154726471884,0.4588397118638312,0.4588397118638312,3.7708919785807815,0.0,0.0,0.0,1.0,0.0,0.0,1.278727482861333,0.5198092193852466,2.2699945313190892,0.7240951755560558,1.5327574473049799,0.441897805857444
1,4.930130701842142,0.6691304303823635,0.6691304303823635,2.1601893086136785,0.0,0.0,1.0,1.0,1.0,1.0,-0.09594518989569746,1.6941222528013276,0.2461342363283104,0.513569416835989,-1.385633085864776,0.016287863576308112
0,0.3308301699387961,0.4322342397500677,-1.3384180060881,0.4322342397500677,0.0,0.0,0.0,1.0,0.0,1.0,-0.7115254144639461,-1.241809183335559,-1.3649700020482272,-0.2790086896392339,-0.1539877529851968,0.36966467021674543
1,0.24898568299939805,0.014534308823499362,0.014534308823499362,1.2769235111099622,0.0,0.0,0.0,1.0,1.0,0.0,0.010401066785663564,-0.5248099306633762,-0.0044914074563567885,1.6332628807478882,-1.090866321271509,-0.728856311393596
0,1.856579377348792,5.305339679865082,1.4122241011450714,5.305339679865082,0.0,0.0,1.0,1.0,1.0,0.0,-0.09063005379664277,1.6214693353852894,0.6285595396952011,0.49081524160594026,-0.7098248844748082,-0.4691385572832887
0,1.4221015588440273,3.1774406283743275,2.1668437298692917,3.1774406283743275,1.0,1.0,0.0,1.0,1.0,0.0,-0.5838747991038198,0.3140869999017828,0.2403374842004704,1.5315510186073142,-1.3671801060856625,0.886776505403875
0,-3.128384543239121,-2.2436799215053913,-3.0410957823164306,-2.2436799215053913,0.0,0.0,0.0,0.0,0.0,0.0,-1.3716165128515607,-1.2566875116339105,-0.583651992671366,-0.4307231378745017,-1.1709608305926453,-1.5404606791697444
1,5.2422812079450285,3.1918276559467618,3.1918276559467618,6.585541391274035,1.0,1.0,1.0,1.0,0.0,1.0,-0.4062034244043186,2.105574709215641,-0.6798018274821994,0.9707388966098222,-0.6594473649262171,0.5584860418381306
0,-1.0360952241045003,-0.6297750216335185,0.49419047334167276,-0.6297750216335185,1.0,1.0,0.0,1.0,1.0,1.0,-1.6131448039916874,-1.203891208879146,-0.8984652871311041,0.18882078137651945,-1.202839632999756,-0.8966995055568178
1,3.3902361840107256,4.74772661124484,4.74772661124484,5.198964865671508,0.0,1.0,1.0,1.0,1.0,0.0,1.0631346259405021,1.124660011403083,0.5839618982065307,1.235940205983719,-0.995528321066375,-0.3356253306304834
0,-4.040601021709325,-1.842095748875649,-2.4656330102760395,-1.842095748875649,0.0,0.0,0.0,0.0,0.0,0.0,-1.4556907465322233,-1.7354572774511348,-1.3308123576692223,-0.5525980312807298,-0.38383879309756475,-1.292851890600459
0,4.300301488247471,6.138823630373882,3.9468014851471134,6.138823630373882,0.0,1.0,0.0,0.0,0.0,0.0,1.6584810124109297,1.0586785707590503,-0.024638919091961753,1.6656042578575896,0.43083123890617503,-0.5641027968742773
1,5.047175699543681,1.4720126552746127,1.4720126552746127,3.6480484005418106,1.0,1.0,1.0,0.0,1.0,1.0,0.4883411603298643,-0.09452133239612015,0.4186370468318581,-1.0679320999468742,-1.0223099856365656,0.02268698649410808
1,3.4844444910631687,2.1118652174308483,2.1118652174308483,4.7499393048642276,0.0,1.0,0.0,1.0,0.0,1.0,1.439204258850302,0.2778891782959757,-0.9792427596367378,-0.6255822751568291,-0.3557863010991597,-2.0299682213108374
0,2.65056390231425,2.3307893508162376,1.395051594087079,2.3307893508162376,0.0,1.0,0.0,0.0,1.0,0.0,-0.7943865237288917,1.0190617655975316,-0.3604433947805123,0.903221243112242,-0.26905397238139583,0.1464104070889173
1,1.2773644981823975,0.23193106799860258,0.23193106799860258,2.947123743773792,0.0,1.0,1.0,0.0,0.0,0.0,-1.0053467092778563,0.662835695616931,0.40816449882250533,-0.532086606023167,1.1935398458068331,-0.0706246266765394
1,-3.9941836253099305,-3.518307759592656,-3.518307759592656,-1.7411344892004288,0.0,0.0,0.0,0.0,1.0,0.0,-2.3513344221923766,-0.6849993083532981,-0.8886518667179303,-2.9212539982435173,-1.3604370162370243,-1.3628721510495014
1,2.7763182170903864,1.4065136686810344,1.4065136686810344,3.6812631955544974,1.0,1.0,0.0,1.0,0.0,1.0,0.6861775364387928,-0.42492823827758774,1.0044209900021726,0.8502621194706246,0.3272247713816021,1.0406173614348222
1,-0.05831344350246109,-1.0499951677524277,-1.0499951677524277,-1.0239632622507209,1.0,0.0,1.0,1.0,0.0,0.0,-1.1669768771013849,-1.141300507772398,-0.28805778690581507,-1.7325807884211988,-1.0649938592736732,-0.41638736148363786
0,1.1772223168991982,3.1135378668645433,0.12306639084958526,3.1135378668645433,1.0,0.0,0.0,1.0,1.0,0.0,-0.9062465136283971,0.11455767039556725,-0.8215459910044982,-0.17022489663052592,-0.22397780403229486,-0.17813438730547146
1,3.811806560651182,2.420798552617913,2.420798552617913,4.884140905122046,0.0,1.0,0.0,1.0,1.0,0.0,0.46157589294635337,0.5716128430349616,0.11714512345998157,-0.2692550489853455,1.4677329024757533,-1.2002250347198382
0,0.04483455692101801,4.630992493157179,3.7811344651338494,4.630992493157179,1.0,1.0,1.0,1.0,0.0,0.0,-0.3483781313601268,0.4659901115300942,-1.0877254128343044,-0.7639386033261258,-0.47112734705440246,-0.9126912214031042
0,1.6396403255013818,3.304069114539756,1.5571466023734575,3.304069114539756,1.0,1.0,1.0,1.0,1.0,0.0,0.19138277098587653,-0.6657958187553331,-0.17016407000116796,-0.3171167139833603,-0.7061828976951021,-0.2778783650904949
1,0.3124732343330683,-0.9993014372949923,-0.9993014372949923,2.2931120625189116,1.0,1.0,0.0,0.0,0.0,0.0,-0.8450827269141833,-1.524633731536263,-0.07740943184108218,0.6247158002985314,0.4876278897969313,-0.06321162212279907
0,-1.8341064915319056,0.7431104934250807,0.07695106051441503,0.7431104934250807,0.0,1.0,1.0,0.0,1.0,0.0,-0.07938048896267254,-2.063877531630856,1.0915423066636238,0.6140098267649138,0.16817983661277963,-0.31504001517290003
1,3.686063703216475,1.1617453898968133,1.1617453898968133,3.3259870924291057,0.0,0.0,0.0,1.0,0.0,0.0,0.18507453415206798,1.261205049229511,0.6597179419691013,1.4140052734314474,1.0722492178408032,0.4687841646735452
1,5.978839706700126,3.501753893350763,3.501753893350763,6.199042818151843,1.0,0.0,0.0,0.0,1.0,1.0,1.5253239457576941,1.6804267684463625,0.6814983727575458,0.8060135287126967,1.4515682771685858,-0.4030311329937347
1,0.5777444326789353,-3.04387335398527,-3.04387335398527,0.8931984788118821,1.0,1.0,1.0,1.0,0.0,0.0,-1.0045333221909427,-3.000617240925129,-0.018626983964914023,-0.6770061676186341,-1.4075822059234655,-1.5621136162936837
1,1.227427602261779,1.049344247420125,1.049344247420125,-2.4872808066980334,0.0,1.0,0.0,0.0,1.0,0.0,-1.2403514441266539,-1.6308866385629965,-0.9487345626311908,-0.6659595082129405,-0.008557092971442137,-1.2354918058182278
1,0.3660972538832685,-1.4216175264890096,-1.4216175264890096,2.799624743434947,0.0,1.0,0.0,1.0,0.0,1.0,-1.0336593710576982,0.941545308486659,0.22271943556860085,-0.014982563893179812,-0.3465712427993349,0.757559195782878
0,1.854860315057668,4.402603823461538,0.43052134547741217,4.402603823461538,1.0,1.0,0.0,0.0,0.0,0.0,-1.4560363616930536,0.8802711782104993,-0.6633570969077964,-0.2952220574501019,1.2856852651350392,0.38422495123981215
0,-0.27119745599069045,3.528592891080921,0.04143401658787994,3.528592891080921,1.0,1.0,0.0,1.0,1.0,0.0,0.022656424299579127,-1.4554758608790823,0.3710097759641948,-1.5037239132722648,-0.41137175516929975,-0.5784436355582189
1,3.6962560484124842,-0.12879232719202305,-0.12879232719202305,6.277508034337721,1.0,0.0,1.0,1.0,1.0,1.0,0.13947552365943253,1.7103999358240323,1.4491868720546424,0.2582807795085286,-0.24602629201389759,0.22656822777152696
0,2.5826698693214594,0.8681986833324804,2.7487205157466446,0.8681986833324804,0.0,1.0,1.0,0.0,1.0,0.0,0.4620628138949971,-0.07462178386907872,-0.08610832297255977,-0.9824646161658342,0.4486199623545774,0.03566492316666425
1,2.9705398452629455,0.809271651286053,0.809271651286053,1.404518297735611,0.0,1.0,1.0,0.0,0.0,0.0,0.7433917701205452,-0.6691029199698874,0.9047363235283108,-0.9593632753533774,-0.05697480400832397,0.5389005763757879
1,4.788343644465022,0.5496719861923052,0.5496719861923052,2.197826403054415,1.0,0.0,1.0,1.0,1.0,1.0,1.0115014908983635,-1.0321073689135296,0.6263617506545496,-0.3107388510310394,0.14887203701799853,-0.9325038148781722
0,1.2695407781513923,3.3306503006849346,3.3164183965496816,3.3306503006849346,1.0,1.0,0.0,1.0,0.0,1.0,1.4924955739803567,-0.998832072391965,0.831410749874016,-1.3964407952525635,-0.15078847680507718,0.2216599076158632
0,5.087524534039416,6.886470110017927,4.415167968672698,6.886470110017927,1.0,1.0,1.0,0.0,1.0,1.0,1.8816970937003052,1.7616415313055374,1.1065891949287576,-0.35067226309985533,-0.020302409427619517,-0.712511762638862
1,6.596763879156583,3.9100964440970722,3.9100964440970722,7.393186165554946,0.0,1.0,0.0,0.0,0.0,1.0,0.5097125146994165,2.4040623215850014,0.6062436227149314,0.15058951876693,1.1349879736259176,0.28402871491078796
0,2.994414175794071,4.995523994387644,4.947322866264831,4.995523994387644,1.0,1.0,0.0,1.0,1.0,1.0,1.8747656352863769,-0.08675638439760427,0.25734915971004546,-1.135853492223901,-0.2500979450822532,0.0022163001777947694
0,2.5354195270509656,3.1285443815581404,3.303815412683613,3.1285443815581404,0.0,1.0,1.0,1.0,1.0,0.0,1.307277596459958,-0.164771320719715,2.046791319757802,1.806063107591209,1.6279016637196086,1.0447025114736754
0,2.919615692542414,2.4833343982227554,2.6685440388998822,2.4833343982227554,0.0,0.0,0.0,1.0,0.0,0.0,0.6373703565069105,0.5224800180515834,-0.0036389971101177254,1.5995486814453233,0.7380737069086255,2.274296260795879
1,4.694596011576842,2.786734818518104,2.786734818518104,4.346746454959721,0.0,1.0,1.0,0.0,0.0,0.0,0.7091684649986991,0.9524081797096969,0.11805718614919514,0.8965231606970893,0.6679061715397135,0.7721695667277538
0,1.1097097984076947,2.4395190843344987,0.8247573195280654,2.4395190843344987,0.0,1.0,0.0,0.0,0.0,0.0,0.10187572499799437,-0.4888397365750329,-0.4025082283792468,0.040786752815753835,1.07391300559681,1.626691532482524
1,4.4917121240526505,0.41395422370551804,0.41395422370551804,2.6535933124198703,1.0,1.0,1.0,1.0,0.0,1.0,-0.3878951953312044,-1.1805733046466442,-0.04593744271138955,0.9654836686358217,-0.7028940963048863,0.9992654042452827
0,3.273909046537443,4.168426328459078,2.007497667043239,4.168426328459078,0.0,1.0,0.0,0.0,0.0,0.0,1.100244788045468,0.40075492392001305,0.27882268308305047,-0.8678080504037622,1.8087375959681664,-0.364478417586015
1,4.345102657130127,1.5960041952219717,1.5960041952219717,2.325006206632734,1.0,0.0,0.0,1.0,0.0,0.0,-0.007297616198621254,1.0775560632254477,0.48456341775757195,0.17502905230355095,0.3129017968151567,1.592786125314468
0,2.9690205577377182,4.081378220482735,2.193325071823249,4.081378220482735,1.0,1.0,0.0,1.0,1.0,1.0,0.2583320142993967,-0.08796253824013009,-0.8527790066348555,-0.09874583546728702,0.9222506747167615,0.4788624232094104
0,2.4781248169452694,2.8890666369197957,2.4831507956091974,2.8890666369197957,1.0,1.0,1.0,0.0,0.0,0.0,-0.41663104758339314,1.3918718695524608,0.8224293237176363,-0.2734024409786838,-1.126198872754544,-1.0899870355474102
0,0.5861680200436356,2.3985840634891384,-0.33591499284441706,2.3985840634891384,1.0,0.0,0.0,0.0,0.0,0.0,0.6079262696543352,-1.2113821729384056,0.9987120018702866,-0.41683358567363515,-0.06812772241245207,0.7070540992942238
1,2.631609373105773,2.146511850990028,2.146511850990028,3.696088844336628,1.0,0.0,0.0,0.0,1.0,0.0,0.7782461872085665,-0.12343894943080314,0.6871130665751964,1.4656043528039149,-0.3741039926820938,0.36730529317961824
1,4.9155736348411825,3.455180627971681,3.455180627971681,2.8276719627614497,1.0,0.0,0.0,1.0,1.0,0.0,-0.8185006982604182,0.9072217870546982,-1.106978024395099,-1.1621041827982803,-0.011164043654433575,1.6371272509209762
1,0.3067341067128111,0.8674295004919119,0.8674295004919119,2.6736787578161527,0.0,0.0,1.0,0.0,1.0,0.0,-0.21306589547837515,0.7059338906229142,2.099545416382731,0.4537817445927971,0.309989895818651,2.0558497304342014
1,3.992540567024909,0.18934058929500552,0.18934058929500552,1.8647242386214342,1.0,1.0,1.0,1.0,1.0,0.0,-0.9345714743826279,0.0537499384336486,0.7650878844705116,-1.0591694224363704,0.5303475869249564,-0.4590700422913835
0,1.7159971384255517,0.720166385680031,0.5042983450917667,0.720166385680031,0.0,0.0,0.0,1.0,1.0,0.0,-0.13120557481268819,0.9606674486115102,1.8017791481729832,0.6038250125176596,0.5198103478659527,0.9254085911675939
0,-0.14227280708173595,-1.1516980079818497,0.10686348376574595,-1.1516980079818497,0.0,0.0,0.0,0.0,1.0,0.0,-1.4392904837271858,0.5109316112755318,-0.3284793573013794,0.5663533324856211,-0.15821011448736177,-0.4856002376229004
1,3.491076380034598,0.6909046274513783,0.6909046274513783,2.59985850797286,1.0,1.0,0.0,1.0,1.0,1.0,0.03639951015511136,-0.838460014675792,-0.002984645520569859,-0.8253169934179011,-0.17358775581846578,-0.18593475616503052
1,5.1849199199185865,1.7338840250999237,1.7338840250999237,3.294889860443942,1.0,1.0,1.0,1.0,0.0,1.0,0.10244825326383314,0.24997060652006686,-1.5771148951822689,-1.2668959034085134,-0.30673506788357285,-1.403946462246465
1,0.6032466341319599,1.2742977534336541,1.2742977534336541,0.32184206697157663,0.0,0.0,1.0,0.0,1.0,0.0,-0.6334605352429207,-0.19110743282419457,0.055093508560220994,-0.12600677839766636,0.429946568761535,1.5423904850971841
0,1.8096196500561594,2.3690117627005822,2.9523821806145993,2.3690117627005822,0.0,1.0,1.0,1.0,1.0,1.0,-0.8726186127239094,0.5681067762839047,-1.49301882098813,0.6839851050314849,0.4528709559776514,-0.16646883494820963
0,0.385853981543641,0.22296309850375007,0.4899370560375935,0.22296309850375007,1.0,0.0,0.0,0.0,1.0,0.0,-0.8777801733258785,-0.2005981348123972,-0.9319762280592558,0.0315164151247662,-1.0739555911797556,-1.068527642553762
0,0.20666186429815858,2.2683523456723393,-0.5083013290388472,2.2683523456723393,0.0,1.0,0.0,0.0,0.0,0.0,0.0031687503465958745,-0.12747436671709145,2.2505715773679618,0.23059480508187968,-0.34114467373366164,0.26184802809515
0,1.4877883307376942,2.335107022932971,1.3027966792455175,2.335107022932971,1.0,1.0,1.0,1.0,1.0,0.0,-1.9814911057041447,0.3796989927578079,-1.2089099348740173,-0.7693753721309144,-0.5080750758578234,1.5287636583969364
0,1.6695824725980326,2.73062154330554,1.3116710937495806,2.73062154330554,1.0,1.0,0.0,1.0,0.0,1.0,0.1134759543751138,-1.4644223991536842,0.9810910916783679,-0.4674192573825203,-0.8826635269490906,0.9181301326853419
0,1.546886339528739,3.340924162147958,1.7525122175684493,3.340924162147958,1.0,1.0,0.0,0.0,0.0,0.0,-0.8509608353658069,-0.18874304271753184,0.009425604255417386,0.9575033977849572,-0.01702861218853635,2.7486406379191237
1,4.82179186784476,4.477685205643762,4.477685205643762,4.374268174143133,0.0,1.0,0.0,0.0,1.0,0.0,1.9185309893653941,1.0572055751113008,0.4566122018880677,0.3033735602682856,-0.15561114930670117,0.7695661894787122
1,0.2948506734445424,0.24522151947177445,0.24522151947177445,1.4830425065736748,1.0,0.0,0.0,1.0,1.0,0.0,-1.650883266606803,0.7271147712420801,-2.092555498356996,-1.043422048135555,-1.009846484543995,-0.7557807774569536
0,1.9085894165074624,1.247408206577008,-0.08499207218489421,1.247408206577008,0.0,1.0,1.0,1.0,1.0,0.0,-0.8258062785473066,-0.6615553501594669,-0.34435504318424753,-1.1385922506891593,-0.06757411855870246,0.13023189831596288
1,4.589574367711421,2.948873568539063,2.948873568539063,2.8074803427829567,0.0,1.0,0.0,1.0,1.0,0.0,0.6999619733241252,1.009891190153207,0.24727961682468147,1.0735116169237047,1.827745610598224,2.1416822914642997
1,-1.2991152536220913,-0.9905159219407768,-0.9905159219407768,-0.5893949692886775,0.0,0.0,0.0,1.0,1.0,0.0,-0.6758504931460784,0.13188066973307522,-0.24805563375450518,-1.046754686132117,-0.7458998064404332,-1.5499909774565162
1,5.684954483475335,2.820712763326683,2.820712763326683,6.3337592415200366,1.0,0.0,0.0,0.0,1.0,1.0,1.522085998585805,1.0172895052879023,0.3413912465257074,0.4354293989529501,0.7144361429454181,1.7903318597390288
1,7.686560928415253,3.520785792496785,3.520785792496785,7.855433651757184,0.0,0.0,0.0,1.0,0.0,1.0,2.7837199475106553,2.203759296475541,2.173521134865645,2.757637690319669,0.8552211061169108,1.8594676794779446
1,1.991958721446315,0.7729496092286572,0.7729496092286572,3.3218353000663248,1.0,0.0,0.0,0.0,1.0,0.0,0.817622073044552,-0.11507172080654127,1.1453438448821984,1.4626335976843192,0.6849912853390092,2.87027434243338
1,4.819546102941031,2.280191677549252,2.280191677549252,4.062787634052259,1.0,0.0,1.0,0.0,1.0,1.0,0.9093152787096123,0.6846515368293168,0.0037735513512057173,-0.3605783165358707,1.0589908193426383,-0.33983222555465986
1,0.3727123393235904,-0.18691005665317045,-0.18691005665317045,-0.15783910642469423,0.0,0.0,0.0,0.0,0.0,0.0,-1.6629410180467312,1.8328876303550716,0.5525386870889641,0.7375051737505991,-0.6767674840041729,-1.013752362991174
1,4.763916417263409,2.1827274206572653,2.1827274206572653,6.202949166144185,1.0,0.0,1.0,1.0,0.0,0.0,1.0871859630812506,0.9578849794019737,0.4511718531648873,-0.5606082658741104,-1.0925888349347248,0.10913901281159405
1,2.153491821649487,1.7529885218796937,1.7529885218796937,3.9654335868789,1.0,0.0,0.0,1.0,0.0,0.0,0.13218859155371998,0.1918366265629448,-0.9012762532705116,0.2821911033796849,-0.542803322521865,-0.7986075116699306
0,-0.5259808341354095,1.7697617675555006,-0.15904576344933546,1.7697617675555006,0.0,0.0,0.0,0.0,0.0,0.0,1.036150650566495,-1.019281864679781,-0.8224575859494841,-0.41748671726296804,-1.511969468059141,-0.6403830121493845
1,3.6894881919631337,0.9120972219852246,0.9120972219852246,2.9480851018896486,0.0,1.0,1.0,1.0,1.0,1.0,0.07503034365694979,-0.7633158341741844,-0.9894143003966527,-0.41489495679000676,-1.162635253203377,-1.6210347774075295
1,1.1486244600731856,1.627061112466748,1.627061112466748,2.536290607395717,1.0,1.0,0.0,1.0,1.0,0.0,0.7486534554575013,-0.4967398112573417,-0.3521581386588751,-1.3705875685788933,-1.7561908009634393,-1.3123653183437456
0,1.3340728104569666,1.7828746126734396,0.3687805829534214,1.7828746126734396,0.0,0.0,1.0,0.0,0.0,1.0,0.016077261922434083,1.0642414636513586,0.9637923243578289,1.1277638052679073,1.8342813182991282,0.5445182904719832
1,1.6034988045638365,-0.9519978670632553,-0.9519978670632553,0.9963535603430658,0.0,1.0,0.0,0.0,0.0,1.0,-0.7332690726844672,-0.5646780578735922,-0.7251639234246068,0.6354915984357283,0.7227130245155313,-0.8009136919824003
1,1.6074799853768316,0.5943903451316142,0.5943903451316142,1.844303913013811,0.0,0.0,0.0,1.0,0.0,0.0,0.6944432657424249,0.24244823849899055,2.021976151546053,0.42610674924611647,0.19735863602330683,1.4159380192808038
1,2.7510382967524656,2.2011860805801406,2.2011860805801406,2.5467045900356062,1.0,1.0,0.0,0.0,1.0,1.0,-0.2748261241707129,-0.7447061026893781,-1.514203230456709,-0.7231971937212202,0.5242819271375277,-0.4072640600020593
1,2.438528919363345,0.7260044534635344,0.7260044534635344,2.735118664393622,1.0,0.0,1.0,1.0,0.0,1.0,0.5646418435185745,-0.7655465965845033,-0.11232153919494117,0.5444041687540295,-0.2346833040260053,0.13503602041120918
1,1.6921149004757452,0.04965180403370961,0.04965180403370961,0.6807517602857092,1.0,0.0,1.0,0.0,1.0,1.0,-0.8648682536639557,-1.4315060177579952,0.31160650046091665,-0.21409691973354816,-1.053784275676176,-0.6287375927432459
0,5.05007391035236,5.982558272399017,4.77245510493043,5.982558272399017,1.0,1.0,1.0,0.0,1.0,1.0,0.9667865196017307,0.14304277374495955,1.4307657686258792,0.9963340407050721,1.3391441944697322,0.0029974600449884647
0,-1.0704358053985126,-0.23902175410539075,-1.421311794606987,-0.23902175410539075,0.0,0.0,0.0,0.0,1.0,0.0,-0.13446668372664042,-0.9207671034841299,0.7310065609789296,-0.44752401277767945,-0.22849764730409666,-1.2769561742769335
0,-2.3994614936620478,0.993183667475438,0.3552408495959795,0.993183667475438,0.0,0.0,1.0,1.0,0.0,1.0,-0.5357936171035043,-1.0084701231539064,0.7267798671401419,2.5152282498429197,1.2547058530725979,0.9262490241540029
1,2.2429459709325386,-0.6443313719624704,-0.6443313719624704,0.8851227579090436,1.0,0.0,0.0,1.0,1.0,1.0,-1.1395505135334836,-1.055885047228758,0.39268925492292556,-0.0921215977575559,-0.27228818475536404,-0.8918167709901978
1,2.8146593756905114,0.6931861826832918,0.6931861826832918,1.764890557863159,1.0,1.0,1.0,0.0,0.0,0.0,-0.5661282261665789,-0.8198914513864572,-0.8786515380329899,-0.37117427855976964,-0.5602402626237897,-1.452261142404288
1,2.5200298027614934,0.3778786458647287,0.3778786458647287,2.9163190471803704,0.0,1.0,1.0,1.0,0.0,1.0,0.9830876300167863,-2.234445765707867,0.07096300904347469,-0.007069382756461351,0.28287239011140497,-0.34408356211323854
0,0.4294664372090381,2.8268283247857564,0.4819806528442937,2.8268283247857564,1.0,0.0,1.0,0.0,0.0,0.0,-0.41358967507915906,-0.46955111595506027,-1.1793909490265986,-1.4927888966973826,-0.037980037069146544,-0.4927365175927143
1,9.502867612651244,3.073325266598028,3.073325266598028,6.944635938313224,1.0,1.0,1.0,1.0,1.0,1.0,1.8070704054191824,-0.0539898817214758,-1.2941966148253847,1.4356430813919723,-0.0042301716531069344,0.5362855080646489
1,4.876125814226034,3.9642233393091173,3.9642233393091173,6.386899548844629,1.0,1.0,1.0,1.0,1.0,1.0,0.5948948439881124,1.128221613489169,0.7808166905590805,1.6101594370319405,0.3023079908043955,1.2850810062541065
1,3.730466527628531,0.47200061589007775,0.47200061589007775,3.869381324236925,1.0,1.0,0.0,0.0,0.0,1.0,-1.214091233410886,-0.13480111407930806,-1.089507366207194,-0.31978134788823864,-0.9581544054218628,-1.2771391784751231
1,3.68680133834276,2.2282333352320682,2.2282333352320682,2.717069634371536,1.0,1.0,1.0,0.0,1.0,0.0,-0.13337655387387637,0.4197694632174688,0.28212944128765177,-0.17718439045009143,-0.2776337121530853,-0.6250689718468547
1,0.8377496551706558,-1.10746195784261,-1.10746195784261,0.8262482342109129,0.0,0.0,0.0,0.0,0.0,0.0,0.021110098254744792,-0.9144432579055151,1.202188206700371,1.370238228771489,0.7545871875674408,-0.022689915406797323
1,2.758205550406612,0.9263234536319386,0.9263234536319386,2.7294755403744624,0.0,0.0,0.0,0.0,0.0,1.0,-0.3576180659619349,0.14467996476088438,-0.4899040106315146,1.8928068442194146,-0.16898266673072326,-0.914955841150302
0,-2.682264754864041,-2.2068343134237267,-3.1237420665680706,-2.2068343134237267,0.0,0.0,0.0,0.0,1.0,0.0,-0.7248324854603349,-0.57095991729139,1.3981474930453053,-0.3612119389712455,-2.853596003479086,-1.0879147013730064
1,3.568122965102388,3.1174466957205285,3.1174466957205285,4.942965221836271,1.0,0.0,0.0,1.0,0.0,0.0,1.6378839845853126,0.9164224774020626,1.4945733232719267,0.4424041201915199,0.6552475349013398,1.5833010666933018
0,5.0378240794240945,5.399053816402685,2.520684592393323,5.399053816402685,1.0,1.0,1.0,1.0,0.0,1.0,-0.650335459309029,1.1524472944557531,0.2624602982247959,0.5124964063486732,2.1473276748494223,-0.1751942919276901
1,5.359538980315133,2.8596761477828245,2.8596761477828245,7.576125831482869,1.0,1.0,0.0,0.0,1.0,1.0,1.0536012892307571,0.7365954379905618,0.9001539847460522,2.3908212011308656,1.2657431382839368,1.3373469687201665
1,4.697757243624941,3.3854503633546003,3.3854503633546003,5.115201389193313,0.0,1.0,1.0,0.0,0.0,0.0,0.9906396523462832,-0.14349594066090343,-1.392601453046101,0.1020303841056304,0.01996032056093533,-0.8754180172654492
1,4.413326711991633,2.9655566865146272,2.9655566865146272,4.628569376340709,1.0,0.0,0.0,1.0,1.0,1.0,0.08364727613013513,0.45043758382233845,0.40617563801008577,1.5518615515657002,2.0713963941173237,0.905786399978066
0,-1.3851042933226225,-1.3851137268816887,-0.9849123154831816,-1.3851137268816887,0.0,1.0,0.0,0.0,0.0,0.0,-1.2856971220589617,-0.49631775756899377,-0.3963700244019772,-1.580777244208701,-1.5412493580496538,-0.4849412922630897
1,2.6671358952837214,1.8107884899639937,1.8107884899639937,2.59123530691272,1.0,0.0,0.0,1.0,0.0,0.0,0.3161980889261028,-0.21898817976838755,0.3908253124662323,-0.6696818510820116,1.246501461556406,0.29991269524269637
1,3.8351867780225484,3.9870327308277975,3.9870327308277975,3.1156836056334116,0.0,0.0,1.0,1.0,1.0,1.0,1.7016336305078132,0.7208004502238158,0.1746316979340674,-1.9930767005415042,2.7326454714014994,0.9264280984571068
1,4.548237166977155,2.146679073596154,2.146679073596154,5.1331898047337585,0.0,1.0,0.0,1.0,0.0,0.0,0.8986536334361301,0.7054382154833332,0.735913131967317,0.6752151148143357,0.35399178781298307,0.9898354320238172
1,5.037754975648637,3.314320732042124,3.314320732042124,5.961502207642452,1.0,0.0,1.0,1.0,0.0,1.0,0.6120099795656992,1.1311072329354326,0.1012372979234106,1.6006199165141242,0.6601683370323679,-0.06719775220193341
0,1.5837160825909211,2.750457780072196,0.19641803580979533,2.750457780072196,1.0,1.0,1.0,1.0,1.0,1.0,-0.27056537635439054,-0.11619507983737454,0.3576440015477763,-0.16574652137236784,0.5014384487569978,0.9032312196814994
0,2.4090364810168916,4.656129888338864,2.232525349129074,4.656129888338864,0.0,0.0,1.0,1.0,1.0,0.0,1.0879943152623683,0.7895912801185487,0.15507240597052085,-0.593537026269894,0.987953806211294,-0.5816067955767898
1,3.931617415515094,4.0531046602717495,4.0531046602717495,3.0407087171523215,0.0,1.0,1.0,1.0,0.0,0.0,0.8961802407249059,0.04541005457608016,-1.1412582477079543,1.1099224173916262,-1.0631629649970744,-0.21879883429183566
1,3.818003536979191,2.604401788426821,2.604401788426821,5.731465684710948,1.0,0.0,1.0,1.0,1.0,0.0,0.8245336311209739,0.9031549411931679,1.047747296365148,0.5100835716827377,0.10763426116581681,-0.5424461728863086
1,3.4887606746917355,0.14219657325178592,0.14219657325178592,2.8130890781962377,0.0,0.0,1.0,0.0,0.0,0.0,0.6438104207468075,-0.21230804420954197,-0.5096963350833277,-0.9223883539670196,-1.2239859006534057,-1.4401317964966434
1,2.8322368640720463,4.416369723448094,4.416369723448094,6.761749506451505,1.0,1.0,1.0,0.0,1.0,1.0,0.32091805108693827,0.20380289263613838,0.7405844050762423,1.2747112662049527,0.3953828426100373,-1.3050372665267869
1,-0.8440243105529638,-2.6065793789169236,-2.6065793789169236,-1.7515659195544666,0.0,0.0,0.0,0.0,0.0,0.0,-0.5604174954276968,-2.360008515804168,-0.27385863059747917,-1.0123726020796169,0.3989182775472483,-0.3483495857867323
1,2.08322584086487,-1.1927069898097125,-1.1927069898097125,0.43286576981484637,0.0,0.0,0.0,1.0,0.0,1.0,1.0524082366934895,-0.4586440817949236,0.4318424371340135,-0.5022782212920481,0.3930594788246454,0.7278309973529571
0,5.169014225187756,6.658161468351948,6.62309187739246,6.658161468351948,1.0,1.0,1.0,1.0,0.0,1.0,1.5640215391395673,0.9776876166506718,0.13647134212697626,-0.5171937832320876,-0.021190013756053616,0.5319033286596072
0,-1.2955954980385187,2.8971666420796924,-1.71808043008563,2.8971666420796924,1.0,1.0,0.0,0.0,1.0,0.0,-0.8331529098780031,-1.79817498483614,-0.9649782797830093,0.759669206528494,-0.6775592249078746,-0.11258683129419811
1,4.174526859549947,3.0127207790892663,3.0127207790892663,4.854484041664334,1.0,0.0,1.0,1.0,1.0,1.0,1.2269500150093198,0.46631674978425913,0.6337668862014996,-0.05433090636498088,-0.36136715617055215,-0.5227657543949026
1,3.4874824368200477,1.8852887819397262,1.8852887819397262,2.8460223380494805,0.0,0.0,0.0,0.0,0.0,0.0,0.006949272172753349,1.591157815484513,1.7085818508068942,3.2411604455188088,2.0073871992713928,0.27963678486725096
0,0.916693611511753,1.5651118572449636,1.3032998690260915,1.5651118572449636,0.0,0.0,1.0,0.0,0.0,1.0,-0.2854872880645419,1.4458530695134837,-0.28639382915116196,0.6610547288739685,-0.9185067907013449,-0.7166861476120465
1,2.224225225363117,-0.9502649023761617,-0.9502649023761617,0.5739570672090077,0.0,1.0,0.0,0.0,1.0,1.0,-0.6717388742437124,-0.2371308987532604,-0.48599956245319603,0.4061258893747865,-0.07524479311460625,0.9379030209032004
0,-0.789919535647497,1.2493772378644754,-0.0751184233128448,1.2493772378644754,1.0,0.0,0.0,0.0,1.0,1.0,-0.42355629247166365,-1.2899039281683362,-0.2183692374685832,-1.0013895322649804,-0.10081293004825781,0.113740413053249
0,-0.8046463363728956,-0.5401120105399173,-0.09390699224197663,-0.5401120105399173,0.0,0.0,0.0,0.0,1.0,0.0,-0.8198747208178435,-0.9131235022152857,-0.9020781325124175,-0.8033819571930371,-0.4557191174199271,-1.760638573795874
0,4.0246377135815,3.8984974496239477,2.5604769610081757,3.8984974496239477,1.0,1.0,1.0,1.0,0.0,1.0,-0.14377074334463433,1.229575317016924,0.3478754622526623,0.42014385943723315,2.525371013480511,-0.020488871466075698
1,5.572008702942236,3.6133099844766483,3.6133099844766483,4.968273082394541,1.0,0.0,1.0,1.0,1.0,0.0,0.28279708048265667,1.0269732905772835,-0.39012467886191204,-0.41959691434010093,1.326638498306107,0.4273078436474099
0,3.109097059336152,2.8404381750384156,3.4015440450140857,2.8404381750384156,1.0,1.0,1.0,0.0,0.0,0.0,0.4168223761504777,0.15758428825149545,1.2643045386228502,0.917796507421724,1.082538441743194,-0.7268263951190294
1,4.93715147928691,2.994651417499936,2.994651417499936,2.1883845727258695,0.0,0.0,0.0,1.0,1.0,1.0,0.6562542593801164,1.2099586254984231,-0.009965390662258655,0.5070218916738256,2.325473708110509,-0.7458791124225678
1,0.17017964545876474,0.902092250087368,0.902092250087368,1.527244198255901,0.0,0.0,0.0,0.0,0.0,1.0,0.14360948451537794,0.4643713310788732,1.1349146158798167,0.08030586639306578,0.50580786002413,0.06629293712207379
0,-0.46557535460856453,1.2823205209733342,-0.4549645033083945,1.2823205209733342,1.0,1.0,1.0,1.0,0.0,1.0,-1.5731988271881374,-1.0545513086481693,-1.1178499294823228,-1.6505588844030263,-0.6244176796195859,-2.3360123391301038
0,-0.6154525572030418,1.3680718791120037,0.18001361428900892,1.3680718791120037,1.0,1.0,1.0,1.0,1.0,1.0,-1.486457480773185,-1.0748840401123623,0.6143143893193503,0.5659108131959204,-0.5419121281381407,-0.04628902677433276
0,-0.320116075091049,1.1984754940675293,-2.6370840130783453,1.1984754940675293,0.0,0.0,0.0,0.0,0.0,1.0,-0.4445947244284219,0.019507532052068094,0.6951779246689804,-0.7415138309632519,-0.40855283119083885,-0.44927297542399514
1,0.9723097123233859,-0.287935321306919,-0.287935321306919,1.8412517410942986,0.0,1.0,1.0,1.0,1.0,0.0,-0.9081539447373084,-0.02068124892270526,-0.7794737765975679,-1.629764981381456,1.7125381529937274,-0.06627617653477413
1,7.033693225215685,2.9911442807334265,2.9911442807334265,4.978883492744077,1.0,0.0,1.0,0.0,1.0,0.0,1.1499811439208159,1.13205799802035,0.9470532557533122,-0.4489522555176434,0.04914680213051392,1.705152534917197
1,0.9945659771072103,2.263357486752513,2.263357486752513,0.45659313214243424,0.0,0.0,1.0,0.0,1.0,0.0,-0.3926717672774064,0.7366214187139388,0.7092813544521321,-1.4292854370289931,-0.7220013132218086,-1.2145415321475053
1,3.431052126490872,2.1542686112178075,2.1542686112178075,4.17842783628266,0.0,1.0,0.0,1.0,1.0,1.0,0.9472335913698146,1.0637918949554195,1.1320935380720312,0.4394627514743704,1.9360922688487832,0.8371419279194399
1,2.161853724275156,0.7891082520241782,0.7891082520241782,1.1143375964994289,0.0,0.0,1.0,0.0,0.0,0.0,-0.25227806813420944,-0.7697666895849138,-2.26922163838292,-0.2956571907773062,-1.3497369455827781,-0.03978914392112198
1,5.78425054410873,3.4468303886034315,3.4468303886034315,4.461902108109626,1.0,0.0,1.0,1.0,1.0,0.0,1.2567134075820914,0.5439213204206758,1.7142023367669788,0.9344946992828109,1.8814188523186006,2.5902390736862393
0,-1.6028772367511246,1.0283845942878458,0.3310238974699404,1.0283845942878458,0.0,0.0,0.0,1.0,0.0,0.0,-0.5172121234390978,-0.1272595678665192,-0.37684984489483186,0.42499349486351695,0.5473981048750263,0.1404518158372107
1,2.34208857319832,1.5451038684270189,1.5451038684270189,1.0386748035877258,1.0,0.0,1.0,1.0,1.0,1.0,-0.5280166168885118,0.17596017869949443,0.5645876803606457,-1.3966770139616,-0.9264523256733284,-0.01777690930796999
1,1.3904015492652237,1.3788610023231835,1.3788610023231835,2.5775298652261975,0.0,0.0,0.0,1.0,1.0,0.0,0.013361632703352304,-0.30145612375309827,-1.7594513335563295,-1.1436711909429995,-0.04897898363867259,0.4915919076554165
0,2.838273125800437,3.244556187027798,1.5163240724169322,3.244556187027798,0.0,1.0,1.0,0.0,0.0,0.0,-0.15673136054924086,0.8751622343374246,1.671080467172648,0.8734568424421199,0.4928745176718858,-0.8390221367666967
0,1.3294255024709114,3.091451076369233,0.4690653959731128,3.091451076369233,1.0,1.0,0.0,1.0,1.0,0.0,-0.501393430219906,-0.33675092664200534,0.48564908506618965,-0.021910645883125128,0.4722506177069413,1.816726938779484
1,0.05356681655485618,1.638973426829787,1.638973426829787,2.0700196505077217,1.0,1.0,0.0,0.0,1.0,1.0,-1.445360877175471,0.6315610227800015,-0.3321507283929147,-0.7270586975870961,-0.5875654993779607,0.05626676383040105
0,1.5865749776838671,-0.05492830700198903,0.772891522335456,-0.05492830700198903,1.0,1.0,0.0,0.0,0.0,1.0,-1.5423512928419223,-0.8382203713458317,-3.0398681345723038,-0.06520273143616317,-0.20347045563220756,-1.3270668180962346
0,0.8123534465439246,-0.5804272287184077,0.6717130776267426,-0.5804272287184077,0.0,0.0,0.0,1.0,0.0,1.0,-0.6377242750827458,-0.22236142576623352,-1.052705328860414,-1.681231461351717,-1.2429866909886247,-1.308412199292486
0,-0.5862780764567281,1.7649484320729756,-1.877330941280952,1.7649484320729756,1.0,1.0,1.0,1.0,0.0,1.0,-1.006106138129273,-2.8536971880337507,-2.4277070834975625,-0.46826715110720973,-1.7733090187377143,-1.198625740396734
0,1.4678682759408006,1.9604400998431328,-0.2502244081464502,1.9604400998431328,0.0,0.0,1.0,0.0,1.0,1.0,0.21386774576646372,-0.1274586021190423,0.08626069814378523,0.25330389057815245,-1.8737953582083968,-1.0856165113069611
0,0.0817709535142882,2.4589513254213946,0.7303361866294013,2.4589513254213946,0.0,0.0,1.0,1.0,0.0,0.0,-0.14850383392753716,-0.7252343263425376,-2.1068844693492705,-0.5777745114305954,-1.0829724393608655,-0.8721368047117997
1,1.6234204262402625,2.2401696970568308,2.2401696970568308,3.325131780817712,0.0,0.0,0.0,0.0,0.0,1.0,0.214843744396907,1.6192513892595306,-0.0438687158881349,-0.7316633771068715,0.8227426821728754,-0.40560461255981806
0,1.6280427262021377,1.1921044874530662,0.0483614635236671,1.1921044874530662,1.0,0.0,1.0,1.0,1.0,0.0,-0.0699939710580714,-0.37018580667645723,-0.15308625685242572,-0.11002652064120429,-0.133735030315638,-1.1942657264624041
1,2.930495455980966,0.9921452947565403,0.9921452947565403,2.728926522485207,0.0,1.0,0.0,0.0,0.0,1.0,0.882607595563214,-0.436761776792388,0.9832085264476336,-0.2510009278186714,0.356565055006709,0.7714474135591317
0,0.9704982936486656,1.702716894580043,0.3617508596451673,1.702716894580043,0.0,1.0,0.0,1.0,1.0,1.0,-0.45567362699975317,1.0809159166611826,1.0159054262134413,0.4960031759970918,1.5229497491293706,-0.059957567418323365
1,2.1967366306399176,-1.0858029106560139,-1.0858029106560139,1.6717397651982362,1.0,1.0,0.0,1.0,1.0,1.0,-1.765738219082248,0.2932977728087947,-0.9061635614638909,-0.23142098676079761,-0.33846534679329143,-0.9537060051443336
1,2.0355949411521586,0.13597995613499858,0.13597995613499858,1.1276655621847094,0.0,1.0,1.0,1.0,0.0,0.0,-0.2825936628686577,0.22533902691908364,-0.42166654873007803,0.5374575472682392,2.1379131516136036,-1.1696294536280747
0,-0.35996592395561394,1.6505390544474876,-0.900591386942577,1.6505390544474876,0.0,0.0,0.0,0.0,0.0,0.0,-0.2397426915053556,0.2105118405604447,-1.6901297704008957,-0.914023680492376,-1.7935600902061686,-1.4647344456203069
1,4.8720174629875554,2.2129555089809516,2.2129555089809516,4.248294417486322,0.0,0.0,1.0,1.0,1.0,1.0,1.3715405228888962,0.57756922903217,0.7863080893334622,1.0703529673153163,0.8895340081143306,-0.2626249794089456
1,5.082433726168995,3.2021172765400023,3.2021172765400023,3.545013031756237,1.0,1.0,1.0,1.0,1.0,1.0,-0.6954337351485965,-0.024301456471608307,-1.7634790542532153,-0.05175932177922174,-2.702264614902174,0.07310435339833155
0,-0.0993822765208432,0.14817691479789386,-2.396659126604489,0.14817691479789386,1.0,1.0,1.0,0.0,1.0,1.0,-2.4325683107975165,-1.3208369893684788,-0.7783915433910034,-1.195313407168246,-1.5726435596154906,-1.1165705010267353
1,0.9726430660504314,1.7424147968876231,1.7424147968876231,2.247629864511302,0.0,1.0,0.0,1.0,1.0,0.0,-0.2521438275023121,0.41389342531388407,-0.6274812670558729,-1.2688241169966978,-0.7395831898140878,-0.9896299544432012
0,0.4434317896913331,0.9881154913259264,1.221449497929345,0.9881154913259264,1.0,0.0,0.0,0.0,0.0,0.0,-0.6373872692194776,-0.32788664891256875,-1.0033570220515236,-0.19275258263104367,-1.6571353462545682,0.3850736851048253
1,3.9921231766621905,1.7693402469185195,1.7693402469185195,2.7782229785096346,0.0,0.0,0.0,0.0,0.0,0.0,0.6055073909726117,0.5213970281312184,-1.031213902236956,0.24250888755638622,-0.522570798236611,0.46912700499703497
1,3.0550596479536534,0.98421114907759,0.98421114907759,1.7862333654133662,1.0,1.0,0.0,0.0,1.0,0.0,0.43445094910442855,-0.564593583905483,-0.6312189250634057,-0.9215132918942225,0.17366002351431678,0.9940600963475552
1,0.5214778675471086,-1.2151966186596088,-1.2151966186596088,1.077558672331731,1.0,0.0,1.0,0.0,1.0,1.0,-1.118428257326698,-1.914730669395234,-2.109304166676567,-2.4980218131457788,-3.152880793640446,-1.4178817884642454
1,2.524779932307724,0.7956948260445054,0.7956948260445054,4.249733459320906,1.0,0.0,0.0,0.0,1.0,1.0,0.8071094304213443,-0.12867591057651884,1.7571159369373741,0.6196463577780058,0.44753056527000035,-0.15927405882696766
1,2.7625388021247677,2.1822541874870964,2.1822541874870964,5.28450119741394,0.0,1.0,1.0,0.0,1.0,0.0,-0.1257001136328388,1.157446949272608,-0.06697969278981364,2.2440224467622727,0.15555265332173013,1.0668030050228512
1,2.3319343733385955,0.5139466629548612,0.5139466629548612,3.653080807203324,0.0,0.0,1.0,0.0,1.0,0.0,0.39520406121623075,-0.11408396322154779,0.12346650359097816,1.546623835866375,0.824275623702856,1.8487666746719804
0,0.19404527008216743,2.98316275693135,1.4418602259452409,2.98316275693135,0.0,0.0,0.0,0.0,1.0,0.0,0.8667659383898505,0.5514629062362106,0.5436200355194,-0.7806585800107673,-0.23163184143819085,0.005082579635290241
0,2.049447096558965,4.317816487897708,1.8019330468421062,4.317816487897708,1.0,0.0,0.0,1.0,1.0,1.0,0.6764494829769704,0.18421772818638937,1.3687400519701765,1.6490024657909936,1.962078832356425,0.3477224894624069
1,2.194400135062109,-0.20857236175740956,-0.20857236175740956,0.9084164533624991,1.0,0.0,1.0,0.0,0.0,0.0,-0.6194008517964688,-0.9076645910777674,0.9539199683381123,-0.009389494850409685,-0.16943597322725862,0.7241423444129944
0,3.8064323477047406,4.02164025414698,3.095423344539634,4.02164025414698,1.0,1.0,1.0,1.0,1.0,1.0,1.0743465519080504,-0.42528588863514727,-0.0024527518065812215,0.02297410115011024,0.6902918194918328,-0.9983944224965859
0,-0.7100756141204916,-0.5903841142040809,-1.1759008761957759,-0.5903841142040809,0.0,0.0,0.0,0.0,0.0,0.0,0.15301142646814733,-1.7719336815447608,-1.2388419151941252,-0.6758415454257776,0.8641000960965425,1.151859101551334
0,-2.841583058070949,-1.0229850644707927,-2.406379237795031,-1.0229850644707927,0.0,0.0,1.0,0.0,1.0,1.0,-1.1539534595024497,-0.23277817767434483,-0.7214841482697862,-0.6622243827213908,-0.7273813048744338,-1.3839675394140571
1,2.812576146863674,2.5502200051691912,2.5502200051691912,3.5630245338063915,1.0,1.0,0.0,1.0,1.0,0.0,-0.4216198773489747,0.7750642681643946,-0.39329694170267226,0.45839847341885354,-1.1574798761585712,2.756979673536625
0,0.5825782702958839,2.701671564400628,0.556460018565234,2.701671564400628,0.0,1.0,1.0,0.0,0.0,1.0,-0.08684585519401414,0.4266218565523429,0.9359737136215687,-1.1370559009093055,0.3641931380408551,1.1689457370387317
1,-0.19248153444646365,-0.8631106947853591,-0.8631106947853591,1.4984380205178391,0.0,0.0,0.0,1.0,0.0,0.0,0.4462432013416073,-0.6949218382284172,-0.10296035911857539,-1.3233906928433758,0.14420217761610848,-0.7937377259026603
1,2.358792702356111,0.4564576666913576,0.4564576666913576,1.8533997476980297,0.0,0.0,1.0,0.0,0.0,0.0,-0.33139951025568737,0.5306361556112381,0.19725011101940232,0.4875557971485498,0.07255688410602779,1.8712055334502677
1,3.9440377063471153,4.131145360549699,4.131145360549699,4.935815231817998,1.0,1.0,1.0,1.0,0.0,1.0,-0.4087259409244611,0.539536836576062,0.18699007751933683,0.7128715517142777,-0.1832199787494344,1.7156699071957602
0,0.7507427355518124,4.859643729156385,1.7719895963716534,4.859643729156385,1.0,1.0,0.0,1.0,1.0,1.0,-0.05141876351291081,0.47959568858505475,-1.3342615164520788,-0.8914708528813009,-1.366396489336199,-0.23921085454274882
0,1.0006681675541529,0.48832208133540345,0.8270765166495688,0.48832208133540345,0.0,1.0,0.0,1.0,0.0,0.0,-0.06146544222579874,-1.3768594957615201,-0.5770937586694445,1.2462011579646926,1.503591942639878,0.3091699348844346
0,4.074667139329881,4.3082252157269645,4.480282998727717,4.3082252157269645,0.0,0.0,1.0,1.0,1.0,1.0,2.2677092520327133,0.3604522428777354,-0.4129762679452393,0.15612210976094215,-0.48634029930043843,0.5528229220650045
1,2.984712410298845,4.146306788709142,4.146306788709142,5.51568078839618,0.0,1.0,1.0,1.0,1.0,0.0,0.5303275553811548,0.5951226088297026,0.8647226215276123,0.46789753294026676,0.2536761659272182,1.5166682828474665
0,4.074906677074232,7.413276601103137,2.891578663370537,7.413276601103137,1.0,1.0,0.0,1.0,0.0,0.0,1.2284570672583695,0.7399427982025051,0.35630304906647015,0.4496295363516121,1.8352710565876056,-0.3114797483119084
0,1.0036470972555116,2.392463892763171,3.90846046362944,2.392463892763171,1.0,0.0,1.0,1.0,1.0,0.0,-0.6180140346064166,1.3017082520977081,-0.11513423412080837,-0.42222157006943944,0.8083153706952437,0.8654671240304751
1,5.039860122383113,0.7392278197954345,0.7392278197954345,4.650494990468287,1.0,0.0,0.0,1.0,1.0,1.0,0.13982082304927804,0.7620781729112804,0.42919475093622517,0.5926118527473565,-1.4175302542612038,0.1916141709134757
0,-1.7422343674642669,0.9638202595339361,-0.6846354532423701,0.9638202595339361,0.0,0.0,0.0,1.0,1.0,0.0,0.36595254437091673,-1.5634098980274107,-0.4444674594517202,0.7049671890423443,-0.8150556133371352,0.3314907738813787
1,1.204548409184712,-1.8828195767128146,-1.8828195767128146,-0.22930067758759942,1.0,0.0,1.0,1.0,0.0,1.0,-1.20789930352359,-0.1267526653559432,-0.761896459886233,-0.4352743459386812,-1.1384758990424113,-0.9948178946676914
1,2.354514454821507,2.376393485520115,2.376393485520115,3.7888753168062888,0.0,1.0,1.0,1.0,1.0,1.0,1.3191387197204714,-1.3012974311159322,-0.5065500228903842,-0.9793378136898079,0.7625333395247833,0.5051307381225494
1,2.7315097404988014,0.41341023837888574,0.41341023837888574,3.115561387497299,1.0,0.0,0.0,1.0,0.0,1.0,0.8794173658597613,-1.5656222179257053,-1.016667172040119,-0.9214604525231654,-0.8495405564584984,-2.1554867021737874
1,-0.6477523724442288,-0.5913062022011626,-0.5913062022011626,0.8001702962260937,0.0,0.0,1.0,0.0,0.0,0.0,-0.3735809696718518,0.44698789982427,2.2328170014122537,-1.0844628391430848,-0.014266085610349255,-0.617465633579017
0,0.6707748912985458,3.805605607647143,1.345828386232012,3.805605607647143,1.0,0.0,0.0,1.0,1.0,1.0,-0.10709889737265342,0.46017142539423866,0.16026288614497752,0.41050930800635205,1.1735503995563694,0.32542717667074983
1,5.006709619984376,1.5625317837321544,1.5625317837321544,2.6076536419071497,0.0,1.0,0.0,1.0,0.0,0.0,1.2383015494020335,0.7499822997460683,-0.966191076488915,-0.44383480392499186,-1.2399902357206842,-0.3103204969878659
0,-0.7084230075313928,-2.2980957367877686,-1.6304425341279707,-2.2980957367877686,1.0,0.0,0.0,0.0,1.0,0.0,-1.2169413646463163,-1.3906343215738133,-0.18824567281385662,0.12379253545142924,-0.9343745637444252,-0.7782691644515842
1,4.614945772473698,1.4585359175456942,1.4585359175456942,3.3874144754716164,1.0,0.0,1.0,1.0,1.0,1.0,-0.6384532138560648,1.1278117072111424,-0.22005694831642086,0.8059634517115972,0.41442163831698053,-0.28025862174909205
1,3.006027248226717,0.6135255691489305,0.6135255691489305,1.0563171928040345,0.0,1.0,0.0,0.0,1.0,1.0,-0.060387011471413204,-0.7731288065432467,-0.5418428422775828,1.574307151568826,0.638096348469693,-0.09153456816576072
0,2.2015388816717776,5.2218718041770495,0.24752791404565944,5.2218718041770495,0.0,1.0,1.0,0.0,1.0,1.0,0.025909762358949304,1.9610303768865318,2.606282453834084,-0.2937980623255753,0.07914523848914534,0.359137298141353
0,2.7692974466525815,3.374714047519594,1.7779782448907153,3.374714047519594,1.0,1.0,1.0,1.0,1.0,1.0,0.06920209814466667,0.40883464494142885,1.1216255211007948,-0.45746684390677533,1.5194170912084508,0.13549664190194932
1,1.7048735714557672,0.3861404988038643,0.3861404988038643,1.9267345920716183,1.0,0.0,0.0,1.0,0.0,1.0,0.6445815141587332,-0.7866857774005749,0.32465315092525476,-0.5459536063564998,-0.9055343456472126,-0.3413990196876092
0,3.5999055681870447,3.4180778702871186,1.6701359620793013,3.4180778702871186,0.0,0.0,1.0,1.0,1.0,1.0,-0.040742685955209336,0.12207780211756303,-1.174273984710838,0.6881173815314949,1.2704808833543657,0.46444529000895673
0,1.0891327501061534,2.114983299811871,1.5743225620011243,2.114983299811871,0.0,0.0,1.0,0.0,0.0,0.0,0.8912144542963552,0.6693086318992599,-0.05441070228843631,-0.25649096854934994,-1.3658370451266397,0.35306932002213776
1,3.9874497359073073,4.354910628694445,4.354910628694445,4.317834055779883,1.0,1.0,1.0,1.0,1.0,0.0,0.5320710780619134,-0.820230831314017,-0.06821668731798333,1.07681689216198,-0.6071363800076142,1.821918285743858
0,2.0038268943583586,3.470930049804941,2.7048151533904927,3.470930049804941,1.0,0.0,1.0,0.0,0.0,0.0,0.40881271636204425,-0.583691684296133,0.5577490311045743,0.6933490753865318,-1.5587742052645401,-0.5083427932557589
0,0.00343410352519391,-2.082624400882834,-1.7651992826595788,-2.082624400882834,0.0,0.0,1.0,0.0,0.0,1.0,-2.334242368424743,0.3376878902053697,-0.35010308386047206,-0.3510318565110799,-0.9288541465777861,0.22740371029375664
1,4.168509697112388,4.002397629195884,4.002397629195884,4.479917119136113,0.0,0.0,0.0,1.0,1.0,1.0,2.0049247309314415,0.7260310482408658,-0.47718989615426466,1.075743765838276,0.6087959691585213,0.13851584540083922
1,1.2721430690102422,1.28638087339108,1.28638087339108,3.3553595956510036,0.0,0.0,1.0,0.0,0.0,1.0,0.6503763008389465,-0.5631025687957047,-0.5605257678344655,0.3964203831264172,0.5160640457530637,-1.0435097833708493
0,-0.0051383828455486835,0.6518679550410342,-1.1412495754402585,0.6518679550410342,0.0,0.0,0.0,0.0,0.0,0.0,-0.47145633003639353,-1.6519249049817408,-1.5552654497380898,-1.1836677310580852,-1.0144392284498362,-0.7556439112577789
0,-1.1593923000263944,1.7974227275281542,0.18621383538858816,1.7974227275281542,1.0,0.0,1.0,1.0,0.0,1.0,-1.7499933112456751,0.6017254429623377,0.08599615133983841,1.2972238247477699,0.0870189191313564,0.6050240437828106
1,1.380194343742192,-0.399637878980841,-0.399637878980841,1.3370836886377062,1.0,1.0,0.0,1.0,0.0,0.0,-1.4344674416486163,0.521069778375626,0.0704361271241386,0.29268188846928544,-1.4792216286459403,-0.5892335441935431
0,-0.29542904508388956,1.3496550002752197,0.32186434551686094,1.3496550002752197,1.0,1.0,0.0,0.0,1.0,0.0,-0.44233428956337323,-1.173067397232191,0.6948039678266623,-1.2411348993585165,-0.0933379050904583,0.6162182533612648
1,5.170478932488375,3.445902220213884,3.445902220213884,3.537761548803272,1.0,1.0,0.0,1.0,0.0,1.0,1.1812194138811836,0.7298879646638602,1.542058357931837,0.5594690860974478,0.4104427823308107,-0.46639416305768355
1,5.003600809727015,1.739063952221727,1.739063952221727,2.5040598074941993,1.0,0.0,0.0,1.0,1.0,0.0,-0.22980899246233633,1.1923146342804132,0.19800546918020548,0.6800363763640845,1.0183611761378621,-0.42361186051684185
1,1.8138345134238598,3.2055584031284603,3.2055584031284603,1.1584959388744775,1.0,1.0,0.0,1.0,1.0,1.0,-0.6126108973568594,-0.07245814797935501,0.04071365302020571,-1.3522618805209352,0.1640457282168678,-1.136452969124695
0,3.5107206008552683,5.5598914060137545,4.425828759972301,5.5598914060137545,1.0,0.0,1.0,0.0,1.0,1.0,1.6722127371123658,0.46541808966929593,0.41255804533733637,0.49900535166581,-0.4333574122524049,1.1973467071375228
1,2.258284497476142,2.816546087857212,2.816546087857212,2.799500484913411,1.0,1.0,0.0,0.0,1.0,0.0,0.7679107772546356,-0.23145905416028,-0.7615651084775996,-0.1831493149482778,0.38263379532080055,0.20991915306435102
0,2.439275216488044,7.3661083467878,3.7267572084550897,7.3661083467878,1.0,1.0,1.0,1.0,1.0,1.0,0.38118688164467046,1.182665753037977,0.6883062660876595,1.3419211093669094,1.3888595380718605,-0.17499526435439783
1,3.1203504750554605,2.614191833493523,2.614191833493523,3.4742911871000977,1.0,0.0,0.0,1.0,0.0,0.0,0.10808536402454831,-0.2382470335825445,-0.09401079031700049,0.07976834846301992,1.5861422867324682,0.288846796293015
1,3.4274858932525065,2.376724686405162,2.376724686405162,5.25524207256079,0.0,1.0,1.0,1.0,0.0,0.0,0.6897632875642116,0.6785864705365218,0.24710079238777188,0.11155889768979313,0.0496405036416186,-0.9337015591372029
0,3.281594150367975,2.9893863326271126,5.478796548473655,2.9893863326271126,1.0,0.0,1.0,0.0,0.0,0.0,0.9556123648154213,0.36066836622786486,-0.7195614441166674,0.07058191965331467,0.9697846237832408,-1.3076067457943599
0,1.7375602875257323,2.053683326784276,1.0685407937738463,2.053683326784276,1.0,0.0,0.0,1.0,0.0,0.0,-1.1316419630117986,1.6617758243669942,0.7680520892758862,-0.10472451442800608,-0.20284123230819684,-0.5979893064675417
0,2.3319818773685483,2.97236651513787,2.415717739786527,2.97236651513787,0.0,1.0,0.0,1.0,0.0,0.0,0.034636470691493594,1.1840108303104708,-0.09427204937974105,0.41521326366718325,0.6696485602922484,-1.5669957836618038
1,4.447037812726024,3.0047580643978513,3.0047580643978513,4.0512623019493565,1.0,1.0,1.0,1.0,0.0,1.0,0.20509105441081743,0.3882754287453458,0.6580461983308609,-0.12223973640465545,-1.1535556218880738,0.542101466866861
1,3.992841468833579,3.2334844576504893,3.2334844576504893,4.170997585296851,1.0,0.0,1.0,1.0,0.0,1.0,-0.4155286067245972,1.882995816218238,-0.316689220588178,-1.112202708136595,0.012751659970874702,-1.059538775665528
1,1.2627533107264797,-0.892196893352097,-0.892196893352097,1.2866775135039277,0.0,1.0,1.0,0.0,1.0,0.0,-0.7797665026049918,-0.3518836309760847,0.28400406658898514,-0.5623425656590745,-0.25325398128275545,0.12585040258463007
1,3.0851735461792655,0.9287897337294108,0.9287897337294108,2.552425552362301,0.0,1.0,0.0,1.0,0.0,1.0,0.7216038028860434,-0.866724928200321,-2.586934477819008,-1.7066901116608717,-0.7623483602642297,-1.0792232493892944
1,3.3554049627004643,2.7941652171617353,2.7941652171617353,4.478985904791367,1.0,0.0,1.0,0.0,1.0,0.0,-0.2594985831682995,0.6524134944164356,-0.95805357732327,0.5097841270856442,1.3101432741971835,0.16651991423790696
