0,0.2699407999494412,2.021123749410215,-0.648832834953847,2.021123749410215,0.0,1.0,1.0,1.0,1.0,1.0,-1.0831773021517552,-0.8355204430927137,0.73958657294208,0.9897593533016948,1.3079165687650878,-3.2106563452215715
1,4.620186572033945,3.2586740379744823,3.2586740379744823,4.665003380275198,1.0,1.0,1.0,0.0,1.0,1.0,0.6228929523656633,0.10565685643303901,-0.6675552950722776,-0.5880466504687497,0.12344916870434275,-0.9807809308641465
1,0.7957202001053814,1.1775474070205392,1.1775474070205392,1.7059007803015716,0.0,0.0,1.0,0.0,1.0,1.0,0.28428930374954914,-0.368292862730637,-0.19311755000287234,-0.8251842181339508,-0.9758086433855061,-0.3340034910516839
0,-0.01640669611485937,-2.2403553685640256,0.004836925033141926,-2.2403553685640256,0.0,0.0,1.0,1.0,0.0,0.0,-0.7699810165274155,0.7224475789999693,-0.06526373446549039,-1.8971015489670573,0.24209387747850997,1.1524568374197144
0,1.2901572928616667,1.5776264692800694,0.5163625058970207,1.5776264692800694,0.0,0.0,0.0,0.0,0.0,0.0,0.6460883726844951,-0.6788651428532639,0.7821997464491928,0.4800773082615116,0.5097191233651638,1.5691262337558558
1,5.102589569288609,2.416642943007168,2.416642943007168,4.6377818336537615,0.0,1.0,1.0,0.0,0.0,1.0,1.246682046297621,1.2565089172970718,2.3771022382485105,1.2441173926146232,2.284232326225582,2.0898373301794684
0,-1.6113387780115684,-0.6515420275275337,-1.531762911804158,-0.6515420275275337,0.0,0.0,0.0,0.0,0.0,0.0,-1.2578340669280446,-0.06671765255223439,0.17822082773659095,-1.9988847895676747,-0.19384700312390324,-0.4025168243513285
0,0.7198418279619635,2.9555618875282432,-0.07583318005954102,2.9555618875282432,0.0,0.0,1.0,1.0,0.0,0.0,0.4145840502696034,-2.0705194074199973,-2.2029656296836877,-1.0571911967847787,-1.4149363812718128,-0.47753507034979426
1,6.327260908646404,4.987437314905992,4.987437314905992,4.5107831175604325,1.0,1.0,0.0,1.0,0.0,1.0,0.9991831200618023,0.24704294763711823,-0.9114681817203276,0.536713808678244,-0.14814147053490676,0.8549078042360075
1,6.006189813222751,4.0967641717953205,4.0967641717953205,6.3559357671896475,0.0,1.0,1.0,1.0,0.0,1.0,0.9215298843301444,1.4525459278105308,-0.7867717002311275,2.3832995876182412,2.2133665473324218,1.4187002679920746
0,-2.810423218357074,-0.39855240837310935,0.07041886928471985,-0.39855240837310935,0.0,0.0,1.0,1.0,1.0,0.0,-0.5562987265043934,-1.3439265686805846,-0.6259398903968804,-1.2774845476615517,-1.0832757703511346,-0.5097075787913734
1,6.537878165563962,2.665691543545701,2.665691543545701,5.668668092749441,0.0,0.0,0.0,0.0,0.0,0.0,1.055782221832206,1.7687744932374783,0.29056135185405974,1.6658342886616078,1.3990610081258938,0.5107647275839757
0,-0.5671869085626466,-1.1646264881791555,0.07899254314054424,-1.1646264881791555,1.0,1.0,1.0,1.0,1.0,1.0,-1.5810887070174797,-0.8162506131848143,-0.1652102642944861,-1.0681083075166757,-0.9661799549464956,-0.8286806598171224
0,1.6428233363273703,1.9940973182290875,2.9268594901930776,1.9940973182290875,1.0,0.0,1.0,0.0,1.0,1.0,0.4649127117806087,-0.08971398072109635,-0.9587809070606014,-0.18322171682838057,-0.2380676134046529,1.673122847660368
0,-0.5815355319774482,1.2307613320594504,-0.07328976657498115,1.2307613320594504,1.0,1.0,0.0,0.0,1.0,1.0,-0.5001801135614045,-1.7361675398979783,0.7688958042942818,-0.5210345432119295,0.15996787235596188,0.07548071512445675
0,1.376695930688174,2.974400478969406,1.4891862685721136,2.974400478969406,1.0,0.0,1.0,0.0,0.0,0.0,0.28440123996815236,0.2593789898454435,0.705320875010991,-0.5109574569266488,0.39655633201157486,-0.20729590921877733
0,0.6171562765698247,2.550077570112602,1.5454260776789706,2.550077570112602,1.0,1.0,1.0,1.0,0.0,0.0,-0.47022757789489517,-1.849385326422874,-1.170536832034933,-0.7404810272671608,-0.5419948330076654,1.3073095123370038
1,1.9550708011931555,-0.1396583082204138,-0.1396583082204138,1.6178719965810267,1.0,1.0,0.0,1.0,0.0,1.0,-1.8695439987263665,-0.36089168960311346,-1.3955107428441043,-0.6748611002189144,-0.3297123095136387,1.1973874698823685
1,0.36531135733476217,-1.4987128464355912,-1.4987128464355912,1.1525348118278378,0.0,1.0,0.0,0.0,1.0,1.0,-0.20841772455247026,-2.2191383065348393,-1.1051956096851838,-0.23548703788189973,-0.25542436526660806,-1.2765159771981174
0,2.5871781587912133,4.346604272537802,1.2029006481016362,4.346604272537802,0.0,1.0,0.0,1.0,0.0,1.0,0.4700925645853739,0.16526876341111096,-0.38075198604599836,-0.08246002854260906,-0.17371236191154724,0.8797182858920017
0,-0.6428766917058385,-0.9507657862004322,0.1482540757179014,-0.9507657862004322,0.0,0.0,0.0,0.0,0.0,1.0,-1.6594608433023998,-0.8175651585130399,-0.7394321566643314,1.492315409428206,-0.4616116355799113,-0.22480391291114055
1,3.006271028512459,1.5932860937799522,1.5932860937799522,0.8265314629057179,0.0,1.0,0.0,0.0,0.0,1.0,0.8955590764866992,-0.43879005858463255,1.5439570173055421,0.31393351883882004,0.21650661920366,0.08931736199290247
0,-1.3725957483591995,1.7903954181338662,-0.5117997444110088,1.7903954181338662,0.0,0.0,1.0,0.0,0.0,0.0,-1.468862008563116,0.9556487800132563,-0.749714958199929,-1.3908462659661704,-1.1884733006298918,-1.0728647939025011
1,-1.3174548996743263,-2.60554622069298,-2.60554622069298,-0.7502502289782546,0.0,0.0,1.0,0.0,0.0,0.0,-1.5392870917331918,-0.28440328356471434,-0.2936435184944055,-2.216031337424405,-1.1761562614795968,-1.7242832754122026
1,0.8281405371860979,-1.5209548092009886,-1.5209548092009886,0.3906470416460439,0.0,0.0,0.0,0.0,1.0,0.0,-0.845838897088967,-0.33905775771463015,-1.0701692372323799,-0.884790742578363,-0.09947732430050443,0.33994948241545564
0,-2.3289995587872356,-0.022926576854268927,-1.1297881097555011,-0.022926576854268927,0.0,1.0,0.0,1.0,1.0,0.0,-1.0040842048924061,-0.939460692755128,0.39229299974278514,-0.2397733390874161,-0.33353607369789245,-1.0280649040721261
1,2.997553885791336,2.039216882718742,2.039216882718742,-0.15261638936723143,0.0,0.0,1.0,1.0,0.0,1.0,0.5794128083715528,0.5961913839782925,-0.2309727955034327,1.0184738437961458,-0.25440633575096666,0.6343628272733983
1,4.317717776643225,0.22382024849489146,0.22382024849489146,4.15543054371952,0.0,0.0,0.0,0.0,0.0,0.0,1.2305909433375783,0.37811964354991123,-0.6116579416941939,0.42808693250043683,-0.790130427081596,0.4895155673490491
1,2.5523736896327027,2.2596991652656553,2.2596991652656553,3.6872334375043083,0.0,0.0,1.0,0.0,0.0,0.0,0.07815900254814839,0.4223626124517571,-0.12877054124858617,1.1267191934415188,1.087679453740019,1.398482643164292
1,6.606603576580455,1.9259247390640182,1.9259247390640182,5.724166070793241,1.0,1.0,1.0,1.0,1.0,1.0,0.519273012025311,-0.16283826135570395,0.7639335076544034,-0.17815887813262138,1.0246373605201877,0.5475675708584093
0,-0.39296471075837813,2.8702957275637666,-0.07112170437236225,2.8702957275637666,1.0,1.0,0.0,1.0,1.0,0.0,-0.5320163142569939,-2.0673951063521905,-0.6825663676714514,-0.9769261505287402,0.2911442481262104,-0.585612013544762
1,7.084583972008442,4.691917057116553,4.691917057116553,4.815030504896912,0.0,0.0,1.0,1.0,0.0,0.0,3.292620837570098,0.1681698679943633,1.2715194484642782,1.0461114672519418,1.0231743019978299,1.0648118071742563
1,2.651502822673767,1.3974353691763617,1.3974353691763617,5.190239699235891,1.0,1.0,0.0,1.0,0.0,0.0,0.2533301576297789,0.4756496356850925,0.4440961774433921,-0.1750540749352717,-0.10697154263418564,-0.31554951913125234
0,-0.7241981619914594,3.9628460775414727,-0.0344094586027216,3.9628460775414727,1.0,0.0,0.0,0.0,1.0,1.0,0.28682245857165256,-1.5670095375360376,-0.6762159172006172,-0.3280565891003745,-0.10633588966935964,0.8171331556008056
1,1.4914890287936393,0.5024249594462731,0.5024249594462731,1.1370636544518227,1.0,1.0,1.0,1.0,1.0,1.0,-0.9351240250108935,-0.4163804848500341,0.9533247488989276,-0.3096226082778211,0.25625262458185155,-0.9813792504312152
1,3.9706328768656447,2.3357120219879635,2.3357120219879635,5.685510224256024,1.0,0.0,1.0,1.0,1.0,1.0,1.4333092177740239,-0.3820662661081517,0.2621456209150373,0.31528276560431545,0.4327242060450244,-0.19106904775774713
1,-0.9159262172468657,0.04917147074237277,0.04917147074237277,0.37074692390875974,0.0,0.0,1.0,0.0,1.0,1.0,0.39727420570443944,-1.0645301052355007,-0.17817696484114204,-1.2205690251770784,-0.3471919054291421,-1.257532364556325
1,-0.07357411735733144,0.8397529019466502,0.8397529019466502,1.5703660258299916,0.0,0.0,0.0,0.0,0.0,0.0,0.9818857999265038,-1.0714021920970833,-0.3699294758239098,0.5926065639690244,-0.769634771992824,-1.1916169523024924
0,0.9916870538963134,0.09728858941917573,0.9226784335413295,0.09728858941917573,0.0,1.0,1.0,0.0,1.0,0.0,-0.7255640134707836,-0.28271472888059374,-0.4308219929861585,0.010264535110773576,-0.6697758281010731,-1.4522080932218113
1,4.026035907707898,6.470646405014813,6.470646405014813,5.652672772375116,1.0,1.0,1.0,1.0,0.0,0.0,0.9585956020399781,0.9901970024772188,-0.14294765766276132,1.8108808460120263,0.20334983292535352,0.36169045094243135
0,-0.6936143069096163,2.3599210811448468,0.9593165072855621,2.3599210811448468,1.0,0.0,0.0,0.0,0.0,0.0,0.05713950798102049,-1.503696079293963,-1.4176345487081066,-0.00859007093414741,-0.34429596452011224,1.2571521901264517
0,0.4204964471198167,-1.1048235994382023,-1.0086227370490173,-1.1048235994382023,0.0,0.0,0.0,1.0,0.0,1.0,0.17804714099512212,-1.1479312821398262,-0.5326996528031408,-1.3122132976878873,-1.5408595940731695,0.04292229976207351
1,3.856415671764932,1.514023605483162,1.514023605483162,2.6515026831838657,1.0,1.0,1.0,1.0,1.0,1.0,0.1295796631426683,-0.09465427046295694,0.7479416465453149,-1.234223937041925,-0.8593495793990544,-1.4639257350878117
1,3.5836428263087763,3.5275259078219876,3.5275259078219876,5.314996717434798,1.0,0.0,0.0,0.0,0.0,0.0,1.323997598069992,0.8633164192550978,-0.4102010260614889,0.8077348830752871,0.2895121998808287,0.944415969764324
1,2.0576762711196817,0.3378401926811484,0.3378401926811484,0.47829690172839845,0.0,0.0,0.0,0.0,0.0,0.0,-0.1241049549010767,-0.12542313426812868,-0.796810370301431,0.8171512535939899,0.7858962602712517,1.0175848632625208
0,3.065808325481461,2.7869189844362268,2.5545436763727696,2.7869189844362268,1.0,0.0,1.0,1.0,1.0,0.0,0.16663676821219234,-0.1804381928576725,-0.7200597313747008,-0.12600226187824365,0.3537929148990595,0.7733625696228744
0,-2.1694894678293437,-0.5753494793331119,-0.12876010183237363,-0.5753494793331119,1.0,0.0,0.0,1.0,1.0,1.0,-1.6226063682908467,-2.224183441063141,-1.5372148878110607,-1.165891829806006,-0.8302660403561681,-1.1688034922747164
0,2.0856419060021456,1.6423943413820579,-0.6026648917775393,1.6423943413820579,1.0,1.0,1.0,1.0,1.0,0.0,-1.7259892261818086,-0.9234153712131824,-0.2744136369576705,-1.3827422775466696,-1.7402092564306764,0.9171853039900566
1,0.32024380000288766,-0.23788587381139076,-0.23788587381139076,2.2428543916131938,0.0,1.0,1.0,0.0,0.0,1.0,-0.009550731933372057,-1.145930984805616,0.762959274897436,-0.6220962893111899,0.4179448604083295,-0.7514857931933834
1,5.2215988709159795,2.6356028935528375,2.6356028935528375,6.089075014090852,0.0,1.0,1.0,1.0,0.0,1.0,0.9990218408687739,1.1337778565880907,-1.0130625656243444,0.7247906305513772,-1.1956534699953243,-0.02254376577297057
1,3.5668654101888175,2.237022029063704,2.237022029063704,3.0291520958675786,1.0,1.0,1.0,1.0,1.0,1.0,-0.41685910383017205,0.14185910263147772,-1.099245812215932,-0.5010330051204598,-0.8791265928851275,-1.1475387394434509
0,0.2810903925593536,0.574797989395323,-0.20950440584786825,0.574797989395323,0.0,0.0,0.0,1.0,0.0,0.0,-0.9556830068393214,0.745441296513916,-0.5207361303551902,-0.3902462881230265,0.5047852620911097,2.477240716607541
1,1.4189141734484987,1.8811509465539156,1.8811509465539156,2.3405179893044497,0.0,0.0,1.0,1.0,1.0,1.0,0.3707191770899622,-1.0990181267268408,-0.11985616442340338,-0.10870515276767456,0.8645926358905602,0.16621254571658656
1,0.8367306417060599,-0.24747891034569974,-0.24747891034569974,0.2546839168363204,0.0,0.0,0.0,0.0,0.0,0.0,-0.3337101588701108,0.5313020423103278,0.17110063073763815,-0.9563845049697537,0.9316942498708367,0.045702567325461685
1,3.5129274482619013,2.608159470488943,2.608159470488943,1.5950945931489058,0.0,1.0,1.0,1.0,0.0,0.0,0.5081058650118517,0.013106653552851177,0.11175996431159435,1.142340735354354,-0.37807194936023214,0.6663616908840013
1,0.11450696430516302,-1.7924024913614334,-1.7924024913614334,-2.9066974457396264,1.0,0.0,1.0,0.0,1.0,1.0,-1.0050223260164617,-0.6460576280086736,1.8808928005375405,0.0957295254823729,-0.4290575009272001,-1.1712158982467618
1,3.562007527666556,1.0041390491655946,1.0041390491655946,2.031443187735288,0.0,1.0,1.0,0.0,1.0,0.0,0.2816928725441029,0.0030132710404654484,0.9628682471180151,1.5793007059647552,0.35986640189868074,1.017335126392033
1,2.092924380301849,2.2984695413608276,2.2984695413608276,3.3365717043580942,1.0,0.0,1.0,0.0,1.0,1.0,-1.396899682616605,0.2632932852344442,-2.3080869918204847,-0.007852329579807749,0.6469366991770175,1.0541835846660939
1,4.424123252349133,3.3439424796704973,3.3439424796704973,1.7563884663578917,0.0,0.0,0.0,0.0,1.0,0.0,2.1423683242019194,1.1568889202539259,1.2901400841020425,-0.07362013573290235,0.2232506382215218,1.2230818644335861
0,-2.3355211137768093,-0.3195546196146412,-1.3373155788842515,-0.3195546196146412,0.0,0.0,0.0,0.0,1.0,0.0,-1.8011018724598187,0.8404768935100677,1.0131647689539653,1.598196200756064,-0.3635152889306749,-0.4993719659823655
0,0.4361363184313504,1.2581986739061648,1.1005629500113536,1.2581986739061648,0.0,0.0,1.0,0.0,1.0,0.0,0.2587935213921293,-0.7979729538718989,0.329416127720096,1.8177291621277964,1.1726206443708271,-0.547383857962169
0,1.8290897921163827,5.20231209784237,1.691927130019741,5.20231209784237,1.0,1.0,1.0,0.0,1.0,0.0,-0.3711628585139824,0.22643499818964238,-1.3815282621631806,0.6993527646097977,0.7773266241549583,0.7858945823889705
0,1.5015290461277604,2.129359959010676,0.8899596700948278,2.129359959010676,1.0,1.0,1.0,0.0,0.0,0.0,-0.3366728114459637,1.2040799651927436,-0.4074749617825003,-1.516329855594,-0.3899659744406695,-0.8947939198728272
1,1.860385565266884,1.4097337754692516,1.4097337754692516,2.440954957731636,0.0,1.0,0.0,1.0,1.0,1.0,-0.03996912954515583,-0.7115878523602592,-0.13705824312487858,0.1937319735009417,-1.9843660618880505,-1.2151906592248791
1,5.091373662847823,3.379971700503383,3.379971700503383,6.132007161032362,1.0,0.0,0.0,0.0,0.0,0.0,1.8516425387073379,-0.20954395760038702,-0.5496025649409935,0.5265831916440359,-0.4026334381195245,0.00811681156938121
1,2.243794332435598,2.037859952052856,2.037859952052856,3.4998749941914307,0.0,0.0,0.0,0.0,0.0,0.0,-0.5800811637311704,0.8889752142383756,-0.06866200881633194,1.575355073150592,0.13202884458757697,-0.2546821388688104
1,4.297696051869464,0.4542905906764283,0.4542905906764283,3.030180941602007,0.0,1.0,0.0,0.0,0.0,1.0,0.31080424435295684,0.18197351797744193,-0.7440133353097694,1.4908211463111416,-0.05759986925198324,-1.101159021595805
0,-1.16010075523881,-0.24758560961107323,-0.22556797969767173,-0.24758560961107323,1.0,0.0,0.0,1.0,0.0,1.0,-1.0245338225869411,-0.28419933852271395,1.5025914769942552,-0.4566039767119694,0.5914873289150735,0.8969733509903531
0,1.796896120437376,4.818266202301384,2.8786391099821045,4.818266202301384,1.0,1.0,0.0,0.0,1.0,1.0,-0.31752760110717604,0.23584461942648854,0.35887155509214097,2.0429854803835927,0.3895287702047052,-0.15586077279736993
1,-1.6663341394363975,-1.3102823647944597,-1.3102823647944597,0.7485952849111237,0.0,1.0,0.0,0.0,0.0,1.0,-0.8801723464673391,-0.2910814667955054,1.1113363331892072,0.19457569335580563,-0.7670392587887059,0.40811143728765087
1,3.5283481786239355,2.215666597740621,2.215666597740621,4.679943231585865,1.0,1.0,1.0,0.0,0.0,1.0,0.37020851771018903,-0.5796479983359926,-0.04970270323129336,-1.0155815862689084,-0.31884769133048085,-0.2661971392523829
1,3.593293834695726,0.4901020494860837,0.4901020494860837,3.6970905556160543,1.0,0.0,0.0,0.0,0.0,1.0,0.5855595496845539,0.5510875167982281,1.0331935061685464,-0.31368043966408865,0.8776928360956343,0.7015940042076214
1,2.82918091290841,2.493912544123521,2.493912544123521,3.2549407254305116,1.0,0.0,0.0,0.0,0.0,1.0,0.5387128999680016,1.1997388253909373,1.2016465512584378,0.3649853075587933,0.3932341622792833,2.17989327309099
1,2.6114748924086406,0.7531043876112405,0.7531043876112405,2.209746447407057,0.0,0.0,0.0,1.0,0.0,0.0,0.2560206540942032,0.7930635902405347,0.7097007935107637,0.10622092421504342,1.004513454554317,0.8154924359783845
1,1.7619647986285978,-2.337346950208903,-2.337346950208903,1.2495617052817192,0.0,0.0,0.0,0.0,0.0,0.0,-0.5646314789468011,-0.8176253391198093,-1.3615245853033664,-2.1008705335509767,0.7795215833635795,-0.7600353440924541
0,-0.9334920375695125,2.3331609541723504,-1.023166773389069,2.3331609541723504,0.0,1.0,0.0,1.0,1.0,1.0,-0.14813792226641145,-0.6594590355000334,-0.2892395237381447,0.5717785251394298,-1.5531725814852755,0.8496224450395866
1,6.244443011814141,1.7222193627981164,1.7222193627981164,4.177997169625215,0.0,0.0,0.0,0.0,1.0,1.0,2.0973925661079043,0.9112720244085921,1.40128496475344,0.6613008438507398,1.648692181224488,2.146872432114633
0,1.197133587393718,2.607548128176635,0.6696023779721098,2.607548128176635,1.0,1.0,1.0,1.0,1.0,0.0,-0.1493926315085405,-1.2473295919815655,0.12663650217922134,-1.5536625252266278,0.012240437566059553,0.2583843302044435
0,-0.5668085629136652,0.09768126586054446,0.5317906527132426,0.09768126586054446,0.0,0.0,1.0,0.0,1.0,0.0,-0.014592107044274761,-0.30976780089536693,1.749598234581685,-1.2020313099507858,0.7146402255227148,-0.16215960898213494
0,-0.46909091213776394,-0.6207961920722964,-1.129974604199222,-0.6207961920722964,1.0,1.0,0.0,1.0,0.0,1.0,-2.893936829563509,-0.7177670430179367,-2.16093665347818,-1.2237010871891194,-0.20979213731560065,0.5609519596103711
0,0.4561818297462471,3.058220308523464,0.9249407772963256,3.058220308523464,0.0,1.0,0.0,1.0,0.0,0.0,-0.4845399390886495,-0.5400438217994397,0.46392677667157173,0.6092641301413053,-0.0920851125120764,1.679210606764475
0,5.164703846471168,8.134836005610111,5.6862813085505834,8.134836005610111,1.0,1.0,1.0,0.0,1.0,0.0,0.35288522929798116,0.9774038281848868,-1.6205691681864214,0.8291128500793097,1.4242436580094868,1.4053828593095947
1,2.380395584000275,3.1898695316853516,3.1898695316853516,3.189951982609561,0.0,1.0,0.0,0.0,0.0,1.0,1.1016444576140276,-0.5286307638310134,0.013076436021930288,-1.4673985714712119,0.0813698169615708,-1.0147338675613318
0,1.7855543227963326,3.1327140645867964,1.9759532658894472,3.1327140645867964,0.0,0.0,0.0,0.0,1.0,0.0,0.9004708036420399,0.29870373985024157,-0.5724837182405956,1.2389660178768003,-0.8883093085134325,0.7169496349128613
1,5.441837213930997,3.6994749485124068,3.6994749485124068,2.719114445156754,1.0,0.0,0.0,1.0,0.0,1.0,0.9007560776454706,1.1836369311214183,1.5928358183520657,0.5471760225485973,0.5174944206076875,2.046104988529486
0,-2.1330691301855462,1.1125545672630555,-1.0800016698953572,1.1125545672630555,0.0,1.0,0.0,0.0,1.0,1.0,-0.9699050929062957,-1.1783536668712784,-0.8589339685823588,-1.524285846027872,-0.21060272476161135,-0.5632342815282505
0,2.0881938699369025,5.123295865309393,2.49223962167279,5.123295865309393,0.0,0.0,0.0,1.0,0.0,1.0,1.9504079520829067,0.9550117585305591,0.18373903558991714,0.5632848521780437,0.5954475674729007,-0.4765104187011312
1,1.1170420530543486,-3.7853397691015855,-3.7853397691015855,-2.4318346978435907,0.0,1.0,1.0,1.0,0.0,0.0,-2.9070918343553425,-1.5690440680209439,-1.4461983752566798,-2.0085987716559854,1.2552134013229455,-1.2409727442960805
0,1.3688325404910069,4.694767647478548,1.5054714587052338,4.694767647478548,0.0,0.0,1.0,0.0,0.0,1.0,-0.285421090828558,1.024514469924168,-1.8350735470685242,0.3163750162864293,0.09093707245585708,0.1694674921887443
1,6.777068201964242,4.508200993114654,4.508200993114654,5.722814022502838,1.0,1.0,1.0,1.0,0.0,0.0,1.7659254951207848,0.22662386161816284,0.7637235796120314,0.538890559753212,1.0195352628223349,0.06299545278403651
0,-1.4088897680847965,-0.8483121091484153,-2.8708397868067843,-0.8483121091484153,0.0,0.0,0.0,0.0,0.0,0.0,-1.1749240189963641,-0.25337783326014984,-1.4493216827544,-1.305333079177217,-2.200808784441172,-0.25746898964508735
0,1.177407596429449,-0.024891427109284825,-1.6562271402094917,-0.024891427109284825,0.0,1.0,0.0,0.0,0.0,1.0,-0.25818182259658434,-1.553004998538698,0.19054105431576362,-0.28009733982737395,-0.8432311068195728,-0.4202457396020354
1,2.0709844448724075,1.116933671535254,1.116933671535254,3.8511356072256104,0.0,1.0,0.0,0.0,1.0,0.0,-0.0045692533661712,1.1153834345985458,0.8434003919036177,0.9798293460158978,0.6182703242517056,0.2566715195572907
1,4.882720587141231,2.2426298910083347,2.2426298910083347,4.095898679526612,1.0,0.0,1.0,1.0,1.0,0.0,0.5245266523645459,-1.230165943287994,-0.12451665425775316,0.9636960434512711,1.5509757030820623,0.4130579483604605
0,2.0433658151391727,2.8184539062820724,1.0681761770077611,2.8184539062820724,0.0,0.0,0.0,1.0,1.0,0.0,1.0817088200131943,0.6890917181257734,1.1878376640520139,-0.10550372146013579,0.08804409060697904,-0.12543817481287833
0,0.5066970860964662,1.2699907057035462,0.8142897833589389,1.2699907057035462,1.0,0.0,1.0,0.0,1.0,1.0,-0.48952152833942936,0.9191221003485295,0.42026315643689516,-2.366698078263724,-0.9922222921450264,-1.4296164337054096
0,2.4481683397470606,4.127198582075864,2.2083329720002993,4.127198582075864,0.0,1.0,0.0,0.0,1.0,0.0,0.788506123782294,1.107151456298342,1.7585633281465283,2.2483788678826513,-0.6195711548343715,0.7731846354193413
0,3.669466934831064,4.4451905282700865,3.5974982344861384,4.4451905282700865,0.0,0.0,0.0,1.0,1.0,1.0,0.6688216511874443,1.8401059811031226,0.07518365676120128,1.0962235908494398,0.2899070008941726,-0.3760297553107826
0,-0.9659998671312076,-1.6370081065974968,-2.2131734503985143,-1.6370081065974968,0.0,0.0,1.0,1.0,0.0,0.0,-0.5804037193696827,-1.358974657827658,0.18385375860641306,-0.844393892358986,-1.690783722770584,-0.5940264118293845
1,-0.8327856817488486,-1.1567915365145682,-1.1567915365145682,0.445498243220647,0.0,0.0,0.0,1.0,0.0,1.0,-0.758543497322275,-0.4281748092640649,-1.7675583255739684,0.48815670630212626,-0.02126199393822592,0.026171089970290162
0,0.20321664133768913,1.8974278265003606,-0.863832693722388,1.8974278265003606,0.0,0.0,0.0,1.0,1.0,0.0,-0.38415604802443837,-0.012807446381516027,0.18434696607512832,0.3752050370426067,-0.5710552940508683,0.12831623040689108
1,1.058363573268507,-0.3035960205670567,-0.3035960205670567,2.377273999495233,0.0,1.0,0.0,1.0,0.0,0.0,-0.09996126216629761,0.039652482018289636,-0.3691460571786478,-0.1548548478793575,-1.2741599615214851,-1.711501914682112
1,6.07923627454515,2.0092980143768644,2.0092980143768644,7.098065382570324,1.0,0.0,1.0,0.0,0.0,0.0,0.6191763058747745,1.8661552184096442,0.8098329885927372,2.075461674543896,1.116406835798868,0.15356186739630517
1,3.5859374896047704,2.7035965109133953,2.7035965109133953,3.95671152724175,1.0,1.0,0.0,1.0,1.0,0.0,1.1684528087477533,-0.47856277373349393,0.9692939238417657,1.2993790750076502,1.0263256217348544,-1.8598728318290405
1,3.7937691289602755,1.5407535761940472,1.5407535761940472,3.5024201001733135,1.0,1.0,0.0,0.0,1.0,0.0,0.5926848831720047,0.009370163701943157,1.7888415233143895,0.4261901642964921,0.5204391756233928,-1.2944889197252998
1,0.29212569601487126,-1.2827432868260378,-1.2827432868260378,3.6578809589160497,1.0,1.0,1.0,1.0,1.0,0.0,-0.9839284717095124,-1.4574247037454249,0.11256264033517904,-1.0733575576428915,0.013516030313093674,-0.5294566503416
1,2.0544941987232574,1.9044795174703337,1.9044795174703337,3.699115297597479,0.0,1.0,1.0,0.0,1.0,1.0,-0.30697326877590564,0.019062560238866988,1.06577471065475,0.3327129153387115,-0.6028745949188776,-0.008298675077225037
0,0.3824581931246475,4.884787018827989,2.0654342173410596,4.884787018827989,0.0,0.0,0.0,1.0,0.0,0.0,0.6498589867550659,0.981519780722595,2.392574929920861,0.9994100353783207,0.04829193956055278,1.8240100911346113
0,0.9260724887834414,2.8311229130242443,0.18838932490215105,2.8311229130242443,0.0,1.0,0.0,0.0,0.0,1.0,-0.4492162411158783,0.6726351480347473,0.3538147223963227,0.3917163007137921,-1.3521749129131757,-1.2703039051127218
1,5.8908028902485405,3.8640704940732493,3.8640704940732493,6.819323047655529,1.0,1.0,0.0,0.0,0.0,0.0,1.3555411413715348,1.0830947611856927,0.5433070529815747,1.0335059126596688,0.7695448726439178,-1.0111553148490662
1,-0.33982176083247195,0.39896719554835214,0.39896719554835214,0.6148232800058728,0.0,0.0,1.0,0.0,1.0,1.0,-0.06644305661900751,0.5584745899348625,1.6787834252090053,-0.1522959717967,0.191367991410685,-0.527139347203745
0,2.3160849193691972,4.412181879798245,0.9664603077370639,4.412181879798245,0.0,1.0,0.0,1.0,0.0,1.0,-0.011030895096206923,0.8179864052803755,-0.6095162559035376,1.201934727877739,-0.6083826396628894,-0.6273473612394332
0,3.971509135625946,1.2882969261408639,1.7473404813374507,1.2882969261408639,1.0,1.0,1.0,1.0,0.0,1.0,-0.8306184362215505,-0.5581625543458056,-0.42115245257570866,-1.3873431762492285,-0.6303242792104168,0.06804734571870763
1,4.846156094787605,3.391907088432268,3.391907088432268,5.897986943028174,1.0,1.0,1.0,0.0,0.0,0.0,0.6881249527116302,1.125795549297722,0.892889766905409,0.5961247816491627,0.6791434732398799,-0.6327917140482131
0,-0.4137602935260012,3.082161915054587,-0.08062262110399487,3.082161915054587,1.0,1.0,1.0,0.0,0.0,0.0,0.13257246525875696,-1.7059053912328697,-0.60438026052146,0.15074804617247867,1.2486793827574902,-1.0466654115015723
0,-1.1671153718693628,-0.6031893872732409,-2.015306065504541,-0.6031893872732409,0.0,0.0,1.0,1.0,0.0,1.0,-1.3732939996484874,-1.0664119780987515,-0.9014960311853842,-0.7059873434800988,-0.312495678662641,-0.07723823003909902
1,0.7712927327588239,-2.893513910319748,-2.893513910319748,0.5565450983523561,0.0,0.0,1.0,0.0,1.0,0.0,-1.104624421835294,-1.937560498327088,-0.8705550466658152,-1.3293070357735077,-1.6220051680727707,-0.7841149181817857
1,1.226517113063183,0.09114125594817074,0.09114125594817074,1.5606830332219659,0.0,0.0,0.0,1.0,0.0,0.0,-0.3503668703910824,0.5444167887009794,0.19981086472292653,0.76319323568377,0.0654077882490082,-1.1101073154088932
1,7.212270301224638,3.4168012085330863,3.4168012085330863,4.83520754304711,1.0,1.0,0.0,0.0,0.0,0.0,0.24434629657007276,0.3951140158116805,-1.949800285926769,0.3263173356773894,0.2565924388387647,0.8190183433820672
1,3.316793057405514,1.9298846906307676,1.9298846906307676,5.332886239756128,1.0,1.0,1.0,1.0,0.0,1.0,-0.6319625256021052,-0.1297970459919461,-0.47906061340367784,-0.04577499578270956,-0.34292749646365805,1.2486589318185226
1,3.1352091768756143,0.4072192707347042,0.4072192707347042,2.3053457645122104,0.0,0.0,0.0,0.0,1.0,1.0,0.6814082081004003,0.025798038857473837,-0.42323720426848144,0.7928680575082707,0.16139152834953344,0.2194563987672355
1,0.7165073765580814,-1.0480512945574143,-1.0480512945574143,1.3336345612803884,1.0,0.0,1.0,1.0,1.0,1.0,-0.29855855477780796,-0.6941116185023537,1.0416769932872678,-1.1514416416766746,0.7015162738399254,-0.11252057560719009
1,2.741598491750386,-0.43211775935538,-0.43211775935538,1.8034332160997537,0.0,1.0,1.0,1.0,0.0,0.0,-0.16172626347257196,0.2739962337507914,-0.4998122960901433,-0.7845477356767089,-1.246990289596741,-1.2556294897379066
1,1.684388828935326,-0.5664472325762614,-0.5664472325762614,-1.1498828608024692,0.0,1.0,0.0,0.0,1.0,0.0,-0.09674921233638485,-1.2678467929579653,-0.2498669587912114,-1.824258379061101,0.23313422214678725,1.0457304431238068
0,4.88811248187521,7.080243900348804,6.881083526352813,7.080243900348804,1.0,1.0,1.0,1.0,1.0,1.0,1.7074739516710709,1.6524110740466935,1.2192889660086712,-0.7172263092385435,0.9939927742427285,0.561514371444922
1,5.978551561008317,1.9181993109623228,1.9181993109623228,5.800254624137243,0.0,1.0,1.0,0.0,0.0,1.0,1.866458761456342,0.5828282916608354,0.6188345180769449,1.038390051798333,-0.40672594562384534,1.9130314708080576
1,-0.9933698873773527,-1.024404471455998,-1.024404471455998,0.9245177978516599,0.0,0.0,0.0,0.0,0.0,0.0,0.9277095114792557,-0.9542381873533115,-0.07827371373056097,-1.5680975907939099,-0.01247222242625623,-2.2698608638109308
0,-0.28318797172267535,0.6600616000294834,0.07278105188142392,0.6600616000294834,1.0,0.0,1.0,1.0,1.0,0.0,-1.2574503478730306,-1.3650855390411083,-0.4700748310014602,-0.5840196459970086,-0.29399666115328826,-0.32412482272375576
1,0.8228507191034351,-0.2945800890699128,-0.2945800890699128,-0.7975475530751904,1.0,0.0,0.0,1.0,0.0,1.0,-1.0516650297451473,-1.1605071465453312,-0.7034213513916122,0.02217866689007718,1.3504936063237212,-1.3253455810076582
0,-0.19256066389379622,3.1423727678696682,0.946403707676023,3.1423727678696682,0.0,0.0,0.0,0.0,0.0,0.0,2.2506412665490974,-0.790452176071776,1.1977329109551451,1.2566049629473244,0.5203962794464202,-0.6306007935802381
1,2.5601133762487134,1.859815589031781,1.859815589031781,3.19427698506003,0.0,1.0,0.0,0.0,0.0,0.0,0.5126546900275608,0.6128133896397879,-0.7505733965404001,-1.145243260200337,1.1446344354604678,1.2806228548172782
0,3.537939000476333,5.746275365908788,2.2692430752661474,5.746275365908788,0.0,1.0,1.0,0.0,0.0,0.0,1.3528643197088264,1.5325700074607789,2.529159013894917,0.6062158152127426,1.9325457636706282,1.394189527186683
0,2.3156965178821034,2.2662792065713298,2.05707436293963,2.2662792065713298,0.0,1.0,0.0,1.0,0.0,1.0,-0.09267577875825225,0.08914813064993254,0.06771808716589271,-1.3569247271192566,-1.031016550645785,-0.20372898169245923
1,3.7798476341586866,0.3609573780032541,0.3609573780032541,2.908051059370743,1.0,1.0,1.0,1.0,0.0,0.0,-0.5520955423425365,-2.3100378957873318,-3.2234015126903897,-0.6544088294119814,-1.232718448647526,-2.839487554361857
1,3.571575186489231,-0.25228687725290566,-0.25228687725290566,1.7862510300889292,1.0,0.0,1.0,1.0,0.0,0.0,0.2502844819377877,-1.1399461000296414,0.13083553234173623,-0.5616092347504937,0.8168737450137141,-0.37067247545016074
0,2.9412070688474863,4.357619482174792,2.4558814591729914,4.357619482174792,1.0,1.0,0.0,0.0,0.0,1.0,1.549197187974679,0.26343453466069955,1.8742953645744957,-0.4350475515274613,-1.2721950446540289,1.910457918155875
1,1.480734850908263,-0.5878014333365793,-0.5878014333365793,2.139390672946597,0.0,1.0,0.0,0.0,0.0,1.0,0.18421898895027128,-1.9797415416680042,0.416775073503778,0.6338822373745084,0.2080410893178593,2.391673998542701
0,0.24608061320297367,1.1594214393454714,0.10243120823719215,1.1594214393454714,0.0,0.0,1.0,0.0,0.0,0.0,0.023877674990437067,-0.5773828358506828,-0.7173937394188712,-0.05969325459225178,-0.046729273901068846,-0.7718845955394096
0,-0.7711832174619462,2.9567920286745117,-1.4773675586206492,2.9567920286745117,1.0,1.0,1.0,0.0,0.0,1.0,-1.8635718843308284,-1.3220921403261048,-0.6783334401241227,0.512278434285445,-1.6310119574823205,-0.9239948633292744
1,3.182275253471266,0.9500423194390488,0.9500423194390488,3.7308403159575443,1.0,1.0,0.0,1.0,0.0,1.0,0.2974526098288396,-0.5808860786613077,0.3630848209591835,-0.7631883881161009,-1.9570483092877744,0.7494543081281001
0,2.0228286519529934,4.777838066061374,2.042045154497531,4.777838066061374,1.0,0.0,1.0,0.0,1.0,1.0,1.1356327797937176,-0.2022707092855851,1.0510456002227286,2.1025025727476225,0.5277855690324411,1.7361773390993809
0,0.41457993783418307,0.3314717909320356,0.5872164163272253,0.3314717909320356,0.0,0.0,1.0,0.0,1.0,1.0,-1.3847343093808373,-0.39609937062771733,-1.659503619799322,-0.3761616571722906,-0.5180014335270053,0.8292520585920775
1,4.343159785050338,4.074212933892328,4.074212933892328,5.435920043139134,0.0,1.0,1.0,1.0,0.0,0.0,1.23562090561951,0.33156279109157744,-0.9130038094357725,-0.007020449241706639,1.3692427332008072,1.4140880799536772
1,-2.667854204477062,-1.5586163283153414,-1.5586163283153414,-3.5979456279743247,0.0,0.0,1.0,0.0,0.0,0.0,-1.6940309236022617,-0.6442091109659799,0.5478277110702696,-1.5105457298474687,-0.9622872148386987,-0.45919410228473345
1,3.9735761029267165,2.304252631680354,2.304252631680354,2.435246748014026,0.0,0.0,0.0,1.0,0.0,1.0,1.7988812436035957,-0.776501018919787,0.2575968433299235,1.5130988605330145,0.21385010120581974,0.9030041261415787
1,4.955609398285558,2.252019517752199,2.252019517752199,3.009548059853672,1.0,0.0,0.0,0.0,0.0,0.0,0.8225067636206269,-0.22503669302453586,-0.0666623161228122,1.1473917006583092,0.8877070547127025,-0.7830109619564668
1,5.9592540816377895,4.256788167736045,4.256788167736045,5.006177051849688,0.0,1.0,1.0,1.0,0.0,1.0,2.3027505359938374,-0.3281707564965834,0.42593946488844814,-0.6272326483774575,0.366184308842717,-0.04584073717348612
1,1.3737072254871168,-0.9728107337132768,-0.9728107337132768,0.8389091492458092,0.0,0.0,0.0,1.0,1.0,0.0,-1.4617847835055857,-0.05239709830380834,-1.5584740463112112,1.0538917408157595,-0.8753344425846128,-0.27531843955343904
0,2.8604283209226935,3.8153991621849745,1.9661098886616313,3.8153991621849745,0.0,1.0,1.0,0.0,0.0,0.0,0.930085581943774,0.14326943317261098,-0.9729603718206237,-1.0237587628384262,0.7503672672677786,-0.6135170870852837
1,2.2760068133622458,2.3832857908463065,2.3832857908463065,3.745995555007238,1.0,1.0,1.0,1.0,1.0,0.0,-0.28172446642618365,-0.5900087870241914,-1.1222345560384774,-0.795634943837592,-0.48678535273555884,-1.676376782277405
1,-0.46971594827988467,0.1013508223521129,0.1013508223521129,0.8008373885458416,1.0,0.0,0.0,1.0,1.0,0.0,-1.9425146083329514,-0.1353249104995648,-0.6391125733557697,-0.5662165733323167,0.27528029948143795,0.48437144217832995
1,3.1614831389364575,1.5491450861345821,1.5491450861345821,2.9819344787599795,0.0,1.0,1.0,1.0,1.0,1.0,-0.3234198927664657,0.25246161058072847,-0.41079867584538504,0.40981089856824665,0.6836057450837334,-0.2689069258933357
0,0.5726429016277841,3.5832573858556627,1.9340268474170936,3.5832573858556627,0.0,1.0,1.0,0.0,1.0,0.0,-0.7644942042846289,0.9282210850921576,0.08205623941388057,0.15281413488507906,0.2262403552991833,1.0388844395970775
0,0.8420590625363039,1.7257516857831494,2.6696257367009233,1.7257516857831494,1.0,1.0,0.0,1.0,0.0,1.0,-0.7157938721275803,0.40503332849511664,-1.080595885126064,-0.5146077555128727,-0.4332254015820835,-1.583448020519758
1,-0.3170091144393785,0.2943023399268981,0.2943023399268981,0.6279359191642273,1.0,1.0,0.0,0.0,1.0,1.0,-1.4812130260437952,-0.32304113660512745,-0.13625938390878206,-1.430379199362962,0.5744397031852346,0.33475175286398245
1,2.103380826697385,3.446501066231516,3.446501066231516,2.67694957567353,0.0,1.0,1.0,0.0,1.0,0.0,0.9177617113468872,0.20750940202530463,0.6974241686537097,-0.34382723602236975,0.5911992024354723,-0.7770177816396587
0,0.3614844289312322,1.8423103475469154,1.3753108801738008,1.8423103475469154,0.0,1.0,0.0,1.0,0.0,0.0,-0.4174737169234294,0.7722173169420931,1.191364046051464,-0.23692157219656684,-0.7547474353163859,0.0966324123833383
0,-1.1739134729303666,1.811482350190171,-0.324304800382198,1.811482350190171,1.0,0.0,0.0,0.0,0.0,1.0,-1.482605436899051,0.6502516954819154,0.15284413930478014,-1.0006550911242402,-0.9942108531831277,0.15780177852002772
1,4.1322917732455196,2.0587486333620366,2.0587486333620366,4.557339697594018,1.0,1.0,1.0,1.0,1.0,1.0,0.1907520719383103,0.06331252731466985,-1.6391585538380662,-0.0322666303003325,0.3090362843563622,-1.4050132008585945
1,3.4704647652505454,3.940016013256194,3.940016013256194,5.156453596423064,0.0,0.0,0.0,1.0,1.0,1.0,1.8313463504513194,0.4789362262016029,-0.334333674009419,0.6943191905848544,0.03802128064215626,1.3290697006960317
0,2.722673669826241,4.894290925212813,3.0105510755992517,4.894290925212813,1.0,1.0,1.0,1.0,1.0,0.0,0.28126281165267164,0.4769144262516402,-0.8559006843806094,0.5452206942687863,0.1292548564034438,0.7665009745158315
0,3.160306749124205,3.445875363982045,2.0350364504814875,3.445875363982045,1.0,1.0,0.0,1.0,1.0,0.0,1.2711497023053118,-0.05074646066741301,1.431500689528327,0.22865367955873714,0.36087968589578323,-0.618257580126763
1,3.5171885510715857,2.284986014914283,2.284986014914283,4.586749689565686,1.0,1.0,1.0,1.0,1.0,1.0,-0.5105524961296634,1.044167920467045,0.29570461936452697,-0.38564096222477423,-0.13884884441523415,-0.6055599254801362
0,3.768582478442639,4.441986520078958,3.1102721208197144,4.441986520078958,0.0,0.0,0.0,1.0,0.0,1.0,1.9411155061472312,1.124351329750739,0.5423826755570743,0.1475253323735839,-0.7242730887733135,1.577704678955882
1,0.7425683891405599,-1.4367998850723098,-1.4367998850723098,1.0024356603226698,1.0,1.0,1.0,0.0,0.0,1.0,-0.42947875553325804,-2.09686206388347,0.02327288936186178,-1.4454543415678054,-0.01849915570811078,-0.6510197333489334
0,-2.1774404932106455,-1.2298981135570153,-3.737929316180768,-1.2298981135570153,1.0,0.0,0.0,1.0,0.0,0.0,-1.5845228791996733,-0.8866225636439935,2.177883785659567,-0.07197989795098636,0.09588927965634853,1.4814880451789842
1,4.306055503466622,1.9424430004206845,1.9424430004206845,3.0596926611574338,0.0,1.0,1.0,1.0,1.0,1.0,-0.3817523458589552,-0.5114725370626025,0.8143140137396058,0.7972977445642688,-0.22903685563535714,1.0782992077337874
0,2.899144795184854,4.632186575921585,2.511261566398974,4.632186575921585,0.0,1.0,1.0,1.0,1.0,1.0,0.6053058909560965,0.9948658957104957,-0.6165939740368473,-0.6197536305824451,1.6481635310348677,-0.2816562116986387
1,3.267429109026739,-0.03887461289681049,-0.03887461289681049,2.768809400175667,0.0,0.0,1.0,0.0,1.0,0.0,1.00534723599338,-0.3829086707931524,-0.6475904689310692,0.7569012692288648,0.6973428741732074,-0.09329556191142105
0,2.4973405679103995,3.132411077127089,3.037661258738776,3.132411077127089,0.0,1.0,0.0,1.0,0.0,1.0,-0.24329143202160813,0.06493661743127838,-1.5253840688746567,1.0445757200363492,0.576009636580632,-1.439452134754068
1,0.5611517881517716,1.9891281544775432,1.9891281544775432,4.3848622406572595,1.0,1.0,1.0,0.0,0.0,1.0,0.38839125334503416,-1.0295584816538792,-0.3745856182070816,-0.43304395530074613,-0.6750707064685775,0.06406637479079491
1,4.735446621532252,2.1536356372985703,2.1536356372985703,2.245278152761725,1.0,1.0,0.0,0.0,0.0,0.0,-1.4360062796560498,1.0803601213045728,-0.9761400477022537,-0.06173786873897591,1.3798538236916682,1.0674939115424702
0,1.8611482448145908,4.285909967660817,2.065029217035667,4.285909967660817,1.0,0.0,1.0,1.0,1.0,0.0,0.04171186201730874,1.1613131773109435,1.5907036122590847,1.4725511403227813,1.3650675241313164,-0.25859377417365104
0,2.323519959505993,4.4444099443323575,4.499086346312564,4.4444099443323575,0.0,1.0,1.0,1.0,0.0,1.0,-0.705736880861339,2.8512671246574985,0.3590025694083735,0.37499940040501034,0.4946617825554306,1.0906993188437382
1,3.438915510281952,1.9031209477204911,1.9031209477204911,3.62574791476299,0.0,1.0,1.0,0.0,1.0,1.0,0.6326060698968782,-1.1583000783300375,-0.41936528980278354,0.6594169371158247,0.6505957778589221,0.21391518448714658
0,-0.1605789861697649,2.194157272900538,-0.8411325823850891,2.194157272900538,0.0,0.0,1.0,0.0,0.0,0.0,-0.2366220806837837,-0.6561717895924629,0.20069350999114122,0.30072126135232546,-0.4637583962849915,0.3567350626513539
0,3.658076383867291,4.106283530803205,4.091545794448187,4.106283530803205,1.0,1.0,1.0,0.0,1.0,1.0,1.1973197870408718,-0.15791347206998102,-0.9648913434117856,-0.29217713981182847,1.031564249560846,0.45415388439065263
1,7.829021254348778,3.5235915279145367,3.5235915279145367,5.19876509804051,1.0,1.0,1.0,1.0,0.0,0.0,1.5824867953103225,-0.45504660567669175,0.22599823802082175,0.9134322018438554,0.9391237371521459,1.0550148361711207
1,5.492374100400163,3.2322131889278123,3.2322131889278123,3.852391767768363,1.0,0.0,0.0,0.0,0.0,0.0,1.556039383673322,1.1465414413583515,0.2818046312337072,0.9736945217929078,0.3533206361257499,1.4891329549363082
0,0.6247935856796034,2.3768940397306837,0.05716516735458188,2.3768940397306837,0.0,0.0,0.0,1.0,1.0,1.0,0.7024690686751056,0.7819286378624009,-1.2646344996322845,-1.7283221484647573,-0.6875290461867422,-0.08395665471127473
0,-1.693410292108116,0.3594144282133809,0.32743361628105205,0.3594144282133809,1.0,1.0,0.0,0.0,0.0,0.0,-0.0007342218970063558,0.26892667207467436,-0.15110664655497577,-1.5970420934800584,-1.3561833387795899,-0.8733412415901891
0,-2.0009400793868157,1.003924835250474,1.2829653729220902,1.003924835250474,1.0,0.0,0.0,0.0,1.0,0.0,-1.7208635397540823,-0.4046421634628557,-0.5072733609864086,-0.4827378204966874,0.6277857897949071,-0.688326688374447
1,5.425589658102199,0.638272495567933,0.638272495567933,1.3317548709907758,1.0,0.0,0.0,0.0,0.0,1.0,-0.12783139989509562,0.20691226390949344,0.5215996343491417,-0.8504201405480595,-0.28379586849444427,-0.36790133351470633
1,-0.29655539328520364,-0.5743178779609139,-0.5743178779609139,0.2421088788295288,0.0,1.0,0.0,1.0,1.0,1.0,0.2805689887419572,-0.33141751116466395,1.5498701310397798,-0.4938527849288942,0.6418548551571454,-0.28338014861094707
1,3.1544004288967473,2.723217804354473,2.723217804354473,3.628374141707462,1.0,0.0,1.0,1.0,1.0,1.0,0.049117543624173296,0.5091899035908732,-0.2707384127192162,-0.8560223888073508,0.6034318114507269,0.13602302115120724
0,2.4290148620896534,3.6160288992185974,3.0716231128200016,3.6160288992185974,1.0,1.0,0.0,0.0,1.0,0.0,-0.7270538507140196,1.4724101652460686,-0.1829717738139735,1.7940009164170527,0.3686573077820158,0.46056461242273095
1,3.4494251245192475,1.885797746078811,1.885797746078811,3.2766836753828636,1.0,0.0,0.0,0.0,0.0,1.0,-0.12264644911668138,0.62299105928323,-0.7863480611439166,-0.3543074746308156,-2.0844905059184304,-0.4178295841997655
1,0.7270792795703711,-1.5878128897119195,-1.5878128897119195,1.3880509151343015,0.0,0.0,0.0,1.0,0.0,1.0,0.04816589125905298,-1.349196878087899,-0.5507799539605736,0.07375753814947678,-1.8968503986198675,-0.11052166392500662
0,0.4417499352192785,2.504933903912213,1.0940081317880856,2.504933903912213,0.0,1.0,1.0,1.0,1.0,1.0,-0.2391651557341435,-0.286235751764824,0.12455828820263745,1.3812810512088172,0.11052076086119725,0.08246877836968827
1,1.7092571111844663,-0.6046648677074669,-0.6046648677074669,2.7608314155851446,0.0,1.0,0.0,1.0,0.0,1.0,0.19486167471977459,0.415815893474594,0.9484221809202548,-0.14381928347308873,-0.4127866646784472,-0.703319934790249
1,5.434914070344755,3.6163408175639162,3.6163408175639162,6.02992114620302,1.0,0.0,0.0,1.0,1.0,1.0,1.019427881442531,0.788768141681543,-0.8944881440774575,1.7177833917899872,-0.46797841968523,1.2111233169967484
0,1.5509015314384844,3.3498481763973422,1.4941557090756672,3.3498481763973422,1.0,0.0,1.0,0.0,0.0,0.0,0.22246188636171466,0.5265871966044509,-0.2517253228288381,-0.0982795523091923,0.7206220539551835,0.17039410942786104
0,3.799481486222544,5.792525030117018,2.695578124306807,5.792525030117018,1.0,0.0,0.0,1.0,1.0,0.0,0.39403830593481043,2.7124762440445713,1.4937864779556678,0.8944253983014601,2.2389872399540307,0.8735910180190767
1,2.767532880302058,2.9420009065991763,2.9420009065991763,4.648758012634737,0.0,0.0,0.0,0.0,1.0,0.0,1.0218234977346927,1.057068242010823,-0.5114372163719966,0.4821270884945245,0.4167700786868311,0.7778729264443118
1,2.00266633025614,0.40408479890543314,0.40408479890543314,1.9589468058158688,1.0,0.0,0.0,0.0,0.0,0.0,0.5359291817419647,-0.3425218067356185,-0.38344758467581497,-0.5433564377793122,0.32669731305698224,0.6207379757268242
1,3.87951681337269,0.6975520837797778,0.6975520837797778,2.7712767861795484,1.0,1.0,1.0,1.0,1.0,1.0,0.12836833283552535,-1.845943495807636,-0.12571015031457833,-0.17251082906374332,-0.058116716280648184,-1.0255878196303203
1,0.5263682298886891,0.8345720625228172,0.8345720625228172,3.0606372381417035,0.0,0.0,0.0,1.0,0.0,0.0,0.28971624412321323,-0.37396116994921413,0.23917038813523772,1.0270066364061108,1.768444256069265,-0.14846447191386564
1,5.15614933604724,2.998679847174515,2.998679847174515,5.625395121343034,0.0,0.0,0.0,0.0,0.0,1.0,0.6321623966612818,1.6575466823205982,0.3928346507190964,1.1373735487193657,-0.2213790513813152,1.0696381004635436
1,5.2145587896540935,2.3981432435423935,2.3981432435423935,4.910171376565844,0.0,1.0,1.0,1.0,0.0,1.0,1.4338405490451112,0.9219669377600488,0.6700568085505414,0.9709822562699713,0.8522566716863781,-0.09688778751543559
1,1.2913678777675182,-2.6780448407552098,-2.6780448407552098,0.04987154872119626,0.0,1.0,0.0,0.0,0.0,0.0,-0.18420954593581473,-0.5071957409843054,0.7278459466620459,-0.9427250003338166,-1.57200311476769,0.14764223913604918
0,-1.6931153013268996,-1.5588821884215505,-3.4379238962352563,-1.5588821884215505,0.0,1.0,0.0,0.0,0.0,0.0,-1.2593925901280396,-0.42007675247996856,-0.5927557790699605,-1.313423070838328,0.06231386209316159,-0.8827295447614467
0,0.5604595563792826,-0.25888689115928765,1.2029332143711193,-0.25888689115928765,1.0,0.0,1.0,0.0,0.0,0.0,-1.1188173754514084,-0.016301868378783224,-1.7259821060303344,0.6445519087587672,-2.0297783113060985,-0.592485509036768
1,1.3220312040652404,-0.7861435103277288,-0.7861435103277288,0.6819828609862812,1.0,0.0,0.0,1.0,1.0,0.0,-1.8175342130280967,0.5755436360769761,-1.6635604126628807,-0.8474236631943548,-1.4816952496050293,-2.003373844922518
1,4.608045122933737,2.5377153187796275,2.5377153187796275,5.137688132932356,0.0,1.0,0.0,1.0,0.0,0.0,0.9743850168474713,0.07647211268401226,-1.1777017314093927,1.1522095629550635,0.8901528391771727,-0.32530440287389095
1,6.526356259312205,3.5713501693100547,3.5713501693100547,5.238543242698946,1.0,1.0,0.0,1.0,1.0,0.0,1.5489871441405785,0.829816345289968,1.8832301614930644,1.3494557346272833,1.0364086407821067,-0.5950184968542688
0,-1.0233675767723087,-1.3625543456573284,-2.8867364234808126,-1.3625543456573284,1.0,0.0,0.0,0.0,1.0,1.0,-1.1676889991179478,0.2017745074916775,1.5195842614122863,0.635092915220871,-0.8545859341220015,-0.6191063779907695
1,5.948874698503232,4.83506292376376,4.83506292376376,7.156997812547512,1.0,1.0,1.0,1.0,0.0,1.0,2.0772114312125374,1.5113213511032972,1.5650470479163148,0.6957101149898495,1.2122079496542733,0.8832422906810702
1,2.7834045164734045,2.8034384745749126,2.8034384745749126,2.1064104495462663,0.0,0.0,1.0,0.0,0.0,1.0,0.03450230242431434,0.22926568588676027,-1.3040587255113607,0.33644588897729033,1.5041055613274819,0.14060111422297455
1,2.747552865328033,2.476575884143984,2.476575884143984,2.688506341389651,0.0,0.0,1.0,0.0,0.0,0.0,0.35485866474080036,0.4468909356906736,-0.4404612181079438,1.0450493388445263,1.4803791432042996,-0.3120685182169368
1,4.252439680961386,-0.36426083962560796,-0.36426083962560796,2.8321549501114593,1.0,1.0,1.0,1.0,1.0,1.0,0.2714609674208801,-0.6863306412537817,-0.13739731895426288,-0.5768538559407832,-0.2115359355928806,-1.4164420966429392
0,0.6466677880703586,3.133722397052196,-0.5283943180189985,3.133722397052196,0.0,0.0,0.0,1.0,1.0,1.0,-2.2793004319097934,1.4939956813452748,-1.2820321120138778,0.5051431409403768,-1.1992648437408806,-0.07211026679166482
1,-1.683505066344971,-0.7025214476622693,-0.7025214476622693,1.464202220311277,1.0,0.0,1.0,1.0,0.0,1.0,-1.3948061447381181,-1.5127622711471935,0.23533581992721436,-2.1989029319842843,0.868647065968306,-0.6358409337033588
1,3.992879766777704,1.9925269580233196,1.9925269580233196,4.494688124361219,1.0,0.0,1.0,0.0,0.0,1.0,0.675444055764252,0.9390343778943258,1.5719408491642082,0.5211756750666443,1.1794721759030218,0.6677522954083526
0,3.337807228438569,3.7545148342614225,1.2994326744298428,3.7545148342614225,0.0,1.0,1.0,1.0,0.0,0.0,1.9399435908781733,-0.12031504938581039,1.0394109785076313,0.3722410893468095,1.0696970019264995,0.635531138791259
1,3.702909882126396,1.0620595250310574,1.0620595250310574,2.9710325265528787,1.0,0.0,1.0,1.0,1.0,0.0,0.12166502137078646,-0.13506879084932022,-0.7938184644144728,-0.5658656382534568,-0.2186369031196415,-1.5517118677334318
1,2.1215361800934245,1.0774133861127835,1.0774133861127835,1.138337424274466,0.0,0.0,1.0,0.0,0.0,1.0,-0.6426342541455458,0.8278461148969591,0.38252651904077184,1.1383411130276504,0.9091235420553407,0.2791727004986801
0,-1.414804453833977,-0.9878475351157455,-0.10633327294761408,-0.9878475351157455,0.0,1.0,1.0,0.0,1.0,1.0,-2.217488866229684,1.04179494792991,0.15425823741945854,-1.9029920765422665,-0.8657875512018335,-0.05372338911667699
1,3.583858186073466,1.37106854643264,1.37106854643264,0.9669270276625592,1.0,1.0,0.0,0.0,0.0,1.0,-1.075092917009686,0.48685680488668437,0.27960030986784756,-0.11128408632581317,-0.47859207759537536,0.663487634606395
1,-0.8112442541423489,-0.26277877229183044,-0.26277877229183044,-0.5236737216184498,0.0,1.0,0.0,0.0,0.0,0.0,-1.9751620798788303,-0.13046399042412277,-1.8012501941354375,-0.2725327868108944,-0.7991624422890677,-0.06150238310373024
1,-1.1598605871287138,-2.0299665753232445,-2.0299665753232445,0.888221487148863,0.0,1.0,0.0,1.0,0.0,1.0,-1.5125980624174147,-0.6294367295671377,-0.6922108273354339,-1.496649519745258,-1.2843698462407043,-2.0509870726062718
0,2.219786313847757,2.8497238605084334,0.8665671845068503,2.8497238605084334,0.0,1.0,1.0,1.0,1.0,1.0,0.829297383057508,-0.9230244299415526,-0.9765003591431602,0.26588518385631144,0.5186216001930232,-0.514377917221863
1,2.4085982772171795,-1.2776070464153109,-1.2776070464153109,1.4086537304745703,1.0,0.0,0.0,0.0,1.0,0.0,-0.042388004730445315,-0.9236833413127052,-0.2020956018082743,-1.7853192726028402,-0.7304836748580537,1.2334162660062773
1,4.273624150393824,2.7519246909236212,2.7519246909236212,3.1149274818305632,1.0,0.0,0.0,1.0,0.0,0.0,1.725409305201312,-0.19566376111058464,1.347590092601111,-0.4788091973224922,0.44705957259029583,0.4824763986418815
0,4.098960540764702,3.4716472292557023,2.856259817749099,3.4716472292557023,1.0,1.0,1.0,1.0,1.0,1.0,0.4669349943653977,0.6007575845822942,1.2230457553986545,0.6140180219577781,1.5781921001751609,0.20504811678016077
0,1.2865295453432868,2.443171954843257,0.06437487640979289,2.443171954843257,0.0,1.0,1.0,0.0,0.0,0.0,-0.3130990633604692,-1.5182686191818915,-1.703881721282291,-0.6303069204408864,-1.5552168088601734,-0.042542433475152075
1,4.758009731960232,1.9339738039127508,1.9339738039127508,4.16531487499785,1.0,0.0,0.0,0.0,1.0,0.0,0.8585855873510663,1.025536345875109,0.32455026003801657,-1.3778781824226558,0.4220674126484882,-0.8309882582088179
1,3.1021122682443187,1.9185355015095524,1.9185355015095524,0.8685133950808259,1.0,1.0,1.0,1.0,0.0,1.0,-0.10304327070595692,-1.377827430934721,0.6661473956602795,-0.7707168776485307,0.491408285595888,-0.053373500316467676
1,2.646499609178003,0.3823191211241421,0.3823191211241421,2.6918552303613787,1.0,0.0,1.0,1.0,1.0,1.0,-0.02832361017153869,-0.5730642364371856,-0.17704121543102747,0.6906113613578055,-0.5362959851800136,-1.2412065806199064
1,3.5569399193445834,3.3287012919524273,3.3287012919524273,4.237624372983668,0.0,1.0,0.0,1.0,0.0,1.0,1.323566677537254,0.7914200506710933,1.5608400776399747,0.23861444776574375,1.2046610612653716,1.2869017607852937
1,1.4034775291866008,1.1919762267820406,1.1919762267820406,1.4242512178901887,0.0,0.0,0.0,0.0,0.0,0.0,0.8531990965395706,-0.25521213297059286,0.47572242440102097,-0.2650053916771067,0.8241290976232563,-0.05087976330458316
0,0.08067935638172287,1.3806857831743602,0.593350830722112,1.3806857831743602,0.0,0.0,1.0,0.0,0.0,1.0,-0.9704622566233826,0.15470564015378657,-0.07216262967665071,0.3030253398098724,0.9407242502352288,0.23215007860364906
1,1.884592273406424,1.51550054833388,1.51550054833388,2.109774649488305,0.0,0.0,0.0,0.0,0.0,0.0,0.7791339678155561,0.35897092493122085,0.6043195479524159,-0.32367674547013825,-0.9194511784280058,-0.24605829920217187
0,1.4032261057220432,3.315255156359692,2.9329713533370243,3.315255156359692,1.0,0.0,1.0,1.0,1.0,1.0,1.0153828572698735,-1.3445849736080693,-0.854696880324232,0.2497946845134224,-1.0732261708637247,0.3330971613615027
1,1.7772073314151446,1.3442478213703373,1.3442478213703373,0.9313812985528329,0.0,0.0,0.0,1.0,0.0,0.0,0.5559559023269074,0.11774613328684744,-0.7272945972511491,0.925315758401079,-0.4558285411065728,-0.8901893071587452
1,-0.672650132609365,0.312518173931285,0.312518173931285,-0.08082114146591057,0.0,1.0,0.0,0.0,0.0,1.0,-0.8992945501002944,-1.1840340009168029,-0.43540635568304376,-1.0503637815661246,-1.378667306095179,0.4618612034536129
1,4.013730406312922,3.451169562109951,3.451169562109951,4.547537283977581,1.0,1.0,0.0,1.0,0.0,0.0,0.14011082240865289,1.340822830649709,-0.46541706481428435,-0.3768573653879759,0.3177970370689736,0.5469643305215743
1,1.5207462909087728,-0.5843665597193832,-0.5843665597193832,0.5304201249308388,0.0,1.0,0.0,0.0,0.0,1.0,-0.7590232296785464,-1.2267870809814867,0.23646193041618332,-0.9457000538737026,-0.8404422915682348,1.0087856642921733
0,0.7560390045604919,2.6606471356056764,3.992517772529786,2.6606471356056764,0.0,0.0,0.0,0.0,1.0,0.0,0.1067336579530335,1.50750988024853,0.007122112848672313,1.0306922971042543,0.4421811739784467,0.8084921309474496
1,2.0486118141798366,1.5819699553866267,1.5819699553866267,2.5080892611568575,0.0,1.0,1.0,0.0,0.0,1.0,0.2662253972777392,-0.6860010488936454,0.4756672696224024,-0.014236820714437298,0.7674211200207006,0.3675151475868072
0,-0.054340063990087284,0.78066489352134,-0.6416746409946719,0.78066489352134,0.0,0.0,1.0,0.0,0.0,0.0,0.6081798637584553,1.0998047081062947,1.5895239778357584,0.07262755362900905,0.7942819968323653,-0.9040455120773091
0,-1.5684725867066396,-1.4489701066493719,-0.5307696352303044,-1.4489701066493719,0.0,1.0,0.0,0.0,0.0,0.0,-1.11197219683573,-1.2059039139437637,1.4956906828512961,1.2884337040344878,1.1382901158658763,0.7406444982807872
1,-1.6468987335709828,-0.8096976707681193,-0.8096976707681193,-0.24986772133047375,1.0,0.0,0.0,0.0,0.0,1.0,-2.0219417320104807,0.33519920858420515,1.7550042989668615,-0.11783612805765836,-1.3126502828945998,0.4617714966628073
0,1.310858413306335,1.673621441903948,1.3309174856566863,1.673621441903948,0.0,1.0,0.0,0.0,0.0,1.0,-0.10047894243648839,1.0400441135389051,-0.5082866317043295,-1.212472841072558,-1.844782296813772,-0.7595759159319652
1,2.7563065480987246,2.2008059391642174,2.2008059391642174,1.9739567837695409,0.0,0.0,1.0,0.0,0.0,0.0,0.00672602246651779,-0.11642086154283313,-1.2571104121888603,0.6657733784140271,0.17853591221770265,-0.5533758480821169
0,2.55615693411935,2.686434404034788,-0.07468558755317334,2.686434404034788,1.0,0.0,0.0,1.0,1.0,0.0,-0.5236224696700922,0.15526775686889205,-0.41059195264330084,1.5398194183268474,0.9264313964055352,-0.5129963485945334
1,2.7332550117882644,1.2130187970379531,1.2130187970379531,1.2211183898690732,1.0,1.0,1.0,1.0,1.0,1.0,-0.7354159550644398,-0.16229921739585623,-0.7406908271657304,-0.8602816517598965,-1.0352980365527007,-0.04149297754980236
0,1.7387207806865486,3.7326151181702,3.3591007430306226,3.7326151181702,0.0,0.0,0.0,1.0,0.0,0.0,0.4873894501689252,0.8245072968049533,-0.13018258344112954,0.12099227210145702,0.22909992802349566,1.4682155456956472
0,2.4722391275056146,4.564609363289525,2.965994463041774,4.564609363289525,1.0,1.0,0.0,0.0,1.0,1.0,-0.40209488535527993,0.8620745076800193,0.3075618987531143,1.2390336017589625,0.797657191308882,0.3012163620284532
1,2.992173646572631,3.330491511372137,3.330491511372137,4.138402298540275,0.0,0.0,0.0,0.0,1.0,0.0,0.1895004585263945,1.197023288800013,-0.7196997435570031,0.17400413617135607,0.9527699895182917,0.7767123401218365
0,-1.9349369168769872,-2.897430140385251,-1.930374499715814,-2.897430140385251,0.0,0.0,0.0,0.0,0.0,0.0,-2.203498700003928,-1.6755228636457336,-0.9168839182420921,-0.4624057339635197,-1.2139445014480137,-1.664590769112833
0,-1.4234852091036558,2.526955424828911,-0.5431713557228381,2.526955424828911,1.0,0.0,0.0,0.0,0.0,1.0,-0.8625074481962611,-0.8182667702774382,0.09129221039818591,1.0198602039618045,-1.19335169470624,-0.30851541102594815
1,3.744408380399195,0.7617136286800458,0.7617136286800458,3.166787226701572,1.0,1.0,1.0,1.0,1.0,1.0,-0.4644512554917141,-0.0918538587349611,0.6323304514722772,-0.1566281144587272,0.27497212358692663,0.005003087286716668
1,4.331057077183013,3.158737404753861,3.158737404753861,4.359667874731387,1.0,1.0,1.0,1.0,0.0,0.0,0.508202182599881,-0.29381605681507383,0.3185609438418099,0.46746825557106503,-0.08100966445953806,-0.7722581284554394
1,2.615386068716254,0.818349391861066,0.818349391861066,1.3176460211539323,1.0,1.0,1.0,1.0,1.0,1.0,-1.7831960524893138,-0.34967120555878173,-0.9546026253979325,-1.9174944813670989,-0.7045242874891128,-1.2828729508803145
1,-0.3863662332271054,0.06400327204603373,0.06400327204603373,2.4828484127671353,0.0,0.0,1.0,1.0,1.0,0.0,0.5099749404629068,0.0982060944122683,0.2593564558572997,-0.5780473830618872,1.3450078551092972,0.8971563379363787
0,2.603190339396594,1.5762686723399448,0.2425253867352002,1.5762686723399448,0.0,1.0,1.0,1.0,0.0,0.0,-0.4212900551937437,-0.17104689548416624,-0.09513246673431405,0.210391847916334,-0.8423148249361913,1.0890484501218969
0,-0.26162409866111225,2.513266576209678,-0.021850800647092133,2.513266576209678,1.0,1.0,0.0,1.0,1.0,1.0,-0.7386222066917426,-1.9804147985188483,-1.080126267758132,0.5844094202015985,-0.9859853069773187,-1.0485723544108347
0,1.4514395200191272,2.58507364636005,-0.378448911522296,2.58507364636005,1.0,1.0,0.0,1.0,1.0,0.0,-0.8242099207426425,-1.410625820788472,-2.0843242736737517,0.5621800799320854,0.7656016641485424,-1.833622854797436
1,0.9791818353599845,-0.9190235092065178,-0.9190235092065178,0.8626879178229803,1.0,0.0,0.0,1.0,1.0,1.0,-0.5139886952709294,-2.045688258660626,-0.38467245430134556,-0.19400752920185982,0.3675806040727108,-0.1292765862650344
1,3.85053368002692,1.4168423358452138,1.4168423358452138,3.999561501458065,0.0,1.0,1.0,1.0,1.0,1.0,0.28836867141236894,0.23439511840308036,-1.060600536849601,0.5134233811079741,0.1952016246550095,-1.3609719013054373
1,3.210565505893163,1.5784957184279125,1.5784957184279125,3.9746180507703963,1.0,1.0,1.0,1.0,1.0,1.0,0.04673519253167949,-0.8586326398141992,-0.2396296239708039,0.7216626111242853,0.3935568738003136,0.5572923758013469
1,5.0551552134847935,2.0754441046720316,2.0754441046720316,3.1265646471067763,1.0,1.0,1.0,1.0,1.0,1.0,-0.1800790997790158,-0.7564600555056628,-0.7657189078408598,-1.0769099994062852,-0.6845457436020604,-1.4764523318888392
1,4.225925204252276,4.430577743512078,4.430577743512078,4.116732579403287,1.0,0.0,0.0,1.0,0.0,1.0,0.6322130609309285,0.8638664965899955,0.8814347833337868,1.0474693748525379,0.30802010368703603,0.8462853532772334
1,2.8830751026701757,0.21530307298339668,0.21530307298339668,2.843840134537645,1.0,0.0,1.0,1.0,0.0,1.0,0.09885009007826386,0.358187611947737,1.3152900767282873,0.15304668319413584,-1.0390224606054752,0.4190425126610956
1,1.6780096624433525,1.7262517627860663,1.7262517627860663,2.8962019073590493,1.0,1.0,0.0,1.0,1.0,0.0,-0.4924566726975935,0.14267336982196077,-0.04289697262197739,-1.5343330739005832,-1.7325256312974395,0.36074843690916325
1,2.6983301788598157,1.7885409843511397,1.7885409843511397,2.4692872533324026,0.0,0.0,1.0,1.0,1.0,0.0,1.199071344297107,-1.2442796034397943,-1.6853318717956771,-0.0806568051348491,0.8478095974595556,-1.7082092081463565
1,1.8798963550575922,0.48773119647183977,0.48773119647183977,0.7895010531153865,1.0,0.0,0.0,1.0,0.0,1.0,-1.6929315792950879,0.3946062582433064,-1.60301979805653,-0.20859841161380527,-0.2249139154083577,-0.1607346349816588
1,3.278841554299447,2.0344969112956215,2.0344969112956215,2.274360992566459,1.0,1.0,1.0,1.0,0.0,1.0,0.1469181166117325,-0.9075495662557077,1.2252996347363676,-0.5676196116543543,-1.547912297211122,-0.7434588144496977
0,0.4268299699194307,0.9148993666917271,1.7667559071454575,0.9148993666917271,0.0,1.0,0.0,0.0,0.0,0.0,-0.023357521469242127,0.5365769687983101,0.1547511108297286,0.5655158696049054,1.4107368533594586,1.0296737699990297
0,0.5313811871076151,0.8122606978458864,1.0307114021489263,0.8122606978458864,0.0,1.0,0.0,0.0,0.0,0.0,-0.7598742112900994,-0.5793294164179715,-1.1340348212327855,-1.3688632395154983,-0.876318610547101,-0.11599468889434406
1,1.130096282528355,1.3590838236101588,1.3590838236101588,2.8066238813684787,0.0,1.0,1.0,0.0,1.0,0.0,0.22643540151154376,-0.25801479871326,0.8730152622806575,0.4665541175469048,1.3634134257582295,-0.48208211445798604
0,1.0675156605400535,4.681144622249994,1.3802944689787218,4.681144622249994,1.0,1.0,0.0,1.0,1.0,0.0,-0.017656625086512185,-2.035187574898613,-1.396233734229229,1.0697441103569687,-0.32618599884186056,1.6090454951738167
1,2.318612486445735,1.242153188266964,1.242153188266964,1.531430292970741,0.0,0.0,1.0,0.0,0.0,0.0,-0.790038128954269,0.25511754860181,-1.5267127678603838,0.4101860160802699,0.2970694802929454,-0.8863174517504508
0,1.2540895079372567,1.0899732522554184,-1.0856327688772924,1.0899732522554184,1.0,1.0,1.0,1.0,0.0,1.0,-0.5850944126200318,-0.8878258135505328,-0.27216852962255744,-1.3481907749179454,-0.5424288279256052,-1.354814775442683
0,-0.8463484168935766,0.13057271609417342,0.23854458986052204,0.13057271609417342,0.0,0.0,1.0,1.0,0.0,1.0,-1.2087403074527683,-0.11370746083917854,-1.5552131219869691,-0.21558476466852128,-0.06488709749449073,-0.5088255697548507
0,-0.6478587464535028,0.8543402597513587,0.5707632427301852,0.8543402597513587,0.0,0.0,1.0,1.0,0.0,1.0,-1.0897325147848265,-1.087702239936748,-0.15917539830533478,1.1272064335145797,1.0287077155724298,1.7561024324746886
0,2.4992928697972268,2.725568100962256,1.6601976061605748,2.725568100962256,1.0,1.0,1.0,1.0,1.0,1.0,-1.118379589951351,-0.49730253839374894,-2.1065160468815667,-0.16863380215233145,-1.683707093919014,-1.6102248864888387
0,-1.8079596828261915,-0.1201870821243125,-1.7329359213337032,-0.1201870821243125,1.0,0.0,0.0,1.0,1.0,0.0,-1.9580763089942024,-0.6801377257602519,0.12942253777310064,-1.0765485610256378,-0.8546042342868657,-2.200805302947205
1,1.81764562516494,0.5959843502006705,0.5959843502006705,1.538532788732866,0.0,1.0,0.0,0.0,1.0,0.0,-0.6993088884210962,0.33200891774471386,-0.664622184505168,-0.1586895746389589,-1.1240245734946945,0.13189233400188433
1,0.7103248182889699,-0.47356066691096793,-0.47356066691096793,-0.5026686107706451,0.0,1.0,0.0,0.0,0.0,0.0,-0.838131751329376,-0.7336546879839346,-0.3780675750457719,-1.3396879866781022,-0.2290185788541638,0.6188802329878779
0,-1.820872108163953,1.7973552467144367,0.7046098624120387,1.7973552467144367,1.0,1.0,0.0,0.0,0.0,1.0,-0.6517951129869821,0.06357015658126453,0.563359042763951,-1.1141234056000382,-1.2116343660555122,-2.596751869431559
0,0.02291070137594875,3.7285568806340335,-1.434014587921193,3.7285568806340335,1.0,1.0,0.0,0.0,1.0,1.0,-1.2103786519188686,-0.23535378547316432,-0.9969199675316726,0.036950016879409214,-1.4368966861436663,-2.264943973538734
1,6.162003054340444,5.469196144641389,5.469196144641389,6.687805390774336,1.0,1.0,0.0,1.0,1.0,1.0,1.4406022386610826,1.746757112366085,1.7703264452749012,0.6904213870560796,0.5278299792711504,2.0938333657044708
1,2.682441659354759,2.463313547678852,2.463313547678852,2.9957973460911758,0.0,1.0,0.0,1.0,0.0,0.0,-0.20968088700586107,-0.08996659612764021,-0.9567445213554181,0.677368195790795,-0.2708882947466914,-1.0270905421766556
0,-0.391297325909728,0.8703825438239032,-0.6010045332917411,0.8703825438239032,1.0,0.0,0.0,0.0,1.0,0.0,-0.9200739373138752,-0.731570242523572,0.597354587321393,-1.4038591307554131,1.008908878474188,-0.5862344332136878
1,1.6955781538730068,1.013807721906861,1.013807721906861,0.2648957409908397,0.0,1.0,0.0,1.0,0.0,0.0,0.07169815555299805,0.11922969856468008,0.7191354548555045,0.5286388648824139,-1.3752256602136594,-0.9378246874604028
0,-1.0755014437603356,2.189531385867691,2.4562332263768676,2.189531385867691,0.0,0.0,0.0,0.0,0.0,1.0,1.2376979313314194,-0.281337103881876,0.3630608218867416,0.33229359792467356,-0.050588036048029306,1.9767588140730208
0,0.5431181359733854,2.1012554229789098,4.317014789321967,2.1012554229789098,1.0,0.0,0.0,1.0,1.0,0.0,0.06481547915963665,0.5954698022051704,0.0426978810789066,-0.0833773905024601,1.1498138171120846,0.758544381774059
1,-1.38052523239843,-1.6380451939193374,-1.6380451939193374,-0.007006425106349856,0.0,0.0,0.0,0.0,0.0,1.0,-0.3555339935647073,-1.0895210444899321,-0.6719506149012001,-0.5401951094482601,-0.9784773130188158,-0.557157394301877
1,0.8505694509862186,0.4994381764045719,0.4994381764045719,3.1631934625069325,0.0,0.0,0.0,0.0,1.0,0.0,0.7480869353406913,0.1445867854872288,0.33835636136382713,-1.4371126886452343,-1.3345918965649206,0.014442606564621097
1,4.582748079336169,4.683870445632263,4.683870445632263,4.393375268425144,1.0,1.0,1.0,0.0,1.0,1.0,0.09581844687780604,0.4525199920917452,0.2999072118571278,0.03453611975060111,1.295505778842025,0.7161263953839906
1,7.341114058783359,4.228354363527884,4.228354363527884,6.172974510177126,1.0,1.0,0.0,0.0,0.0,0.0,2.135845368908446,0.8139970080169627,1.0165477739006483,0.15954693348535376,0.046450459266157984,1.0518186985164404
1,2.431485755262213,2.036548952441074,2.036548952441074,0.6283270020118992,0.0,1.0,1.0,1.0,1.0,0.0,-0.2255316596204558,-0.10422312308186454,-0.6121449385369373,0.27948967170030725,-1.0993693906191413,1.2726372743670835
0,2.691003223447224,4.683710739808866,2.136963562811249,4.683710739808866,1.0,0.0,1.0,1.0,1.0,0.0,-0.309632222264982,1.8760500440797758,0.3519394863829589,-1.7800487065258654,1.3249525244465903,-0.5057481969919961
0,0.9239512956721716,1.7178436583432306,-2.0092841036525835,1.7178436583432306,0.0,1.0,0.0,0.0,1.0,0.0,-0.282921653091673,-0.5269970805439101,0.0664130561159667,-1.1244047690866785,-0.3661829032416377,-0.12303702104344108
0,0.7315063272599478,0.1883244726123472,1.447183685155002,0.1883244726123472,0.0,0.0,1.0,1.0,1.0,1.0,-0.7176875965343932,1.1440540888791426,1.1805167939778238,-0.9872635769449145,-0.18649466746470145,-0.25508878620358144
1,2.135903685609521,3.2025186660158247,3.2025186660158247,0.5984141854055527,1.0,0.0,0.0,0.0,0.0,0.0,0.7936163331405921,0.2699649855905101,0.7159298118217982,-0.43993307302300766,0.5076622254383584,0.3563165122800725
1,3.6263928380086012,1.6052076427477973,1.6052076427477973,5.548031637046351,0.0,0.0,0.0,0.0,0.0,0.0,1.685774101615799,1.1186963074149667,1.287716377503402,0.7406390551596517,2.225915098848524,2.335886205423913
1,3.378895380258366,2.087834252225811,2.087834252225811,3.7254869358102694,1.0,1.0,1.0,1.0,0.0,1.0,0.1432550170958479,0.06439671402933578,0.5830350532958035,-2.1198371390192805,-1.144267495151646,-0.8076428494633021
1,4.190448182093226,2.3071956207230895,2.3071956207230895,3.3841549271862172,0.0,1.0,1.0,1.0,1.0,1.0,2.2600496978405715,-0.5012174557120495,2.10846073457506,1.6150708313887026,0.9310906161389818,1.2189072840253485
0,-0.76182560883047,-0.15442014619364353,1.2648823668157574,-0.15442014619364353,0.0,0.0,0.0,0.0,1.0,0.0,-0.5815942686179585,0.31727963782777757,-0.34694439928642407,1.1119685013367966,0.8369769754067254,0.00783385417122709
0,-0.8087658367278492,0.1444875438165344,-1.6122482053999878,0.1444875438165344,0.0,1.0,0.0,1.0,1.0,0.0,-0.9290257954673773,0.42701359733626665,0.36428196433991805,-1.0855574463425817,0.48677583183892975,0.45928916326736663
1,3.241377022785565,3.821556146946082,3.821556146946082,3.5817665338796574,0.0,0.0,0.0,0.0,1.0,0.0,0.8507122507116986,0.9430273693565867,0.07734048017381481,0.9237514671970364,0.243628526710043,0.561317790364122
1,1.4738845919048065,-0.5455519556311691,-0.5455519556311691,1.794828265846308,1.0,0.0,1.0,0.0,0.0,0.0,-1.900613837324359,0.5925678459116358,-0.37055708359942624,0.48975331233527186,-0.6081321362220634,0.20764650330917997
0,1.1845286210915789,2.944207007685873,1.762615377274847,2.944207007685873,0.0,1.0,0.0,0.0,0.0,0.0,1.1338214192797365,-0.033907032956325356,-0.5154443993947972,-0.7571163054816976,0.519682391007505,-1.6149401113227784
1,3.112304289239522,1.98102454282165,1.98102454282165,2.8124952326611314,0.0,1.0,0.0,0.0,1.0,1.0,0.6826211236681292,0.5618545968917958,-0.3688742020157,-0.5265311254246644,-0.8028223004350649,1.3450665532592307
1,4.713862914972936,1.6747726742044065,1.6747726742044065,2.8412965857724215,0.0,0.0,1.0,1.0,0.0,1.0,1.6219121503665213,0.5268438743789335,0.09049216177735653,-0.15189141670889472,1.1732058481305,-0.09616908643746658
1,1.322179534791728,-0.025750961303374176,-0.025750961303374176,2.7287861729212457,0.0,0.0,1.0,0.0,0.0,1.0,0.319073774410984,-0.38990878802601664,-0.7669160317950094,0.9472773912108713,0.502658776156558,1.2890880069079473
0,2.33659650562135,4.009584924823647,2.0034596336230095,4.009584924823647,1.0,1.0,1.0,0.0,1.0,0.0,-0.5884358564407388,0.7478489862234617,0.596255402528078,-0.4842273709641223,-0.19025746503713414,0.8000052941319444
0,0.20144602260561228,1.6681405217242964,0.9080153462735934,1.6681405217242964,0.0,1.0,0.0,0.0,0.0,0.0,0.16717385889595016,0.1079193448186291,-0.5711098240423369,1.3595565599844464,-1.373585116155787,0.01571757367281512
1,4.186676991276254,3.568129050116194,3.568129050116194,3.4478877506112084,0.0,0.0,0.0,1.0,0.0,0.0,0.6039834432334258,0.916859559605252,0.24769425413315005,1.4224533597377165,1.4456814991442422,1.3489476190592733
1,4.255394335407323,2.124859039028152,2.124859039028152,3.759990204904106,0.0,1.0,0.0,0.0,1.0,0.0,0.9180629232661965,0.769375400524489,-0.37077967040964377,-0.043120225194240414,0.3945490015898271,0.15378253070273923
0,-3.0805407804644513,-1.3831931873847019,-1.5071364710375619,-1.3831931873847019,0.0,0.0,0.0,0.0,1.0,1.0,-0.7966117972173592,-0.6516998006480907,1.3391859033892075,-0.16578452595122134,-0.16344977096496605,0.4528052572755634
1,3.3656053157383856,1.5668043246534875,1.5668043246534875,4.261624212161428,1.0,1.0,1.0,1.0,0.0,1.0,0.03462753673874931,-0.37244735272229973,-0.05668144572188333,0.039352216172009236,1.0241674318782001,-0.14874086551574633
0,1.747481076935937,3.457893993343892,1.6529032935709165,3.457893993343892,0.0,0.0,0.0,1.0,0.0,1.0,0.32784756470409165,2.002487140185878,0.08228115689568183,-0.02798314993577583,1.0757990323493296,-0.4044378557040408
1,5.9570212988357225,4.4972642353461065,4.4972642353461065,5.538298577387859,1.0,1.0,0.0,1.0,0.0,1.0,2.849267245006432,-0.857014959448044,-0.9366560978986984,-0.9117256054956979,0.20995090805497352,-0.7479607256045557
0,-1.3053467238462741,-0.9500151322125137,-0.8915423169563671,-0.9500151322125137,0.0,1.0,1.0,0.0,1.0,0.0,-1.6859674413532242,-1.0566223827518808,-0.2761515337342896,-2.4338730496492573,-0.19781914447606375,-1.0810513049536241
1,3.0812681206678083,0.8229626016486651,0.8229626016486651,3.279892011202133,1.0,1.0,1.0,1.0,1.0,1.0,-1.3293811577901122,0.8903904747084594,1.1404872442639595,1.4177019133512525,2.102630901788539,-1.397354538407886
0,-1.3594963506222073,-0.3946724480313565,0.48197252010410585,-0.3946724480313565,0.0,0.0,0.0,0.0,1.0,0.0,-0.07587345519767041,-0.7778602915775645,-0.24071970473185433,-0.3491244822337489,0.5905404456409458,-0.12089177983187689
0,0.7770869387254301,0.7933125409265458,-0.9582944225260223,0.7933125409265458,1.0,1.0,1.0,0.0,0.0,0.0,-1.3477199689094834,-1.5789239899839074,-1.0519219661851473,-1.553368234027383,-0.3741816845287086,-1.2707212986800995
0,2.3918187874468835,2.3894631724243065,2.3782998616297117,2.3894631724243065,1.0,0.0,1.0,0.0,1.0,0.0,-0.16468341772763676,0.11753721614317525,0.6226116154831907,1.2728814431621385,1.1745167949896342,0.5703146385622617
0,-2.4873229353945874,-1.3132248677490603,-2.2412402000495852,-1.3132248677490603,0.0,0.0,0.0,1.0,0.0,1.0,-1.149613340604164,-2.0199534067620375,-0.9374934612119765,-0.13157942353587404,-1.0533740995246395,0.040378909271003516
0,4.149343572839651,3.7320035454590745,1.3687291669703543,3.7320035454590745,1.0,1.0,0.0,1.0,1.0,1.0,0.34436104158385716,0.745777931752209,1.0466294909180398,0.43074007256498514,0.8096804387875107,0.09436179778685139
1,0.2191138430347839,-0.3002940839012983,-0.3002940839012983,1.678669284760028,0.0,0.0,1.0,0.0,1.0,1.0,0.10827620146657732,-1.4592897948407608,1.1871229694915804,0.39498179047898146,-0.7959830908850432,0.17791299822757545
0,2.404266163859195,3.5569201781617172,3.231905229904742,3.5569201781617172,0.0,1.0,1.0,1.0,0.0,1.0,0.6534528803228202,-0.3537676412720176,-1.0837555879018703,1.3898388842073792,-0.5551625838618974,-0.32505662491473564
1,0.3004660975184219,-0.2159409944491839,-0.2159409944491839,-0.8303850629381246,0.0,0.0,0.0,0.0,0.0,1.0,-0.008473124252319655,-0.806080646881285,0.31139194099183226,-0.46141467137528935,-0.5463692301482489,0.45317503062734554
1,5.8763606036997365,3.222514599443228,3.222514599443228,2.9898507645885077,1.0,1.0,1.0,1.0,1.0,1.0,0.6723506564039342,0.3502144416642974,-0.020594659742382088,0.29265251320641905,-1.3034564363803895,1.3981350391513163
1,3.4192405647547797,3.0546709628080384,3.0546709628080384,3.800277201039461,1.0,1.0,0.0,1.0,0.0,1.0,0.5014520510809333,-0.10073842618965656,0.8117760304887675,0.48214592902297926,-0.2757066267482413,-0.1551991981850943
0,3.098163848901293,2.781403523249285,0.6290889391610919,2.781403523249285,1.0,1.0,0.0,1.0,1.0,1.0,-0.5194026073519045,0.6603381677702223,-1.178498609730943,-0.1020176869856044,-1.2404503077725566,-0.7019544802752948
1,4.057575922504935,2.4087063065889662,2.4087063065889662,5.388008490228042,0.0,0.0,0.0,1.0,1.0,0.0,1.6705299768731887,1.1079584527172117,0.9365710167766188,1.5144163199392422,2.0457838470866228,0.8449610099110316
1,0.8936444238526146,-0.08238632571238097,-0.08238632571238097,-0.8835999333676139,1.0,0.0,0.0,0.0,1.0,1.0,-0.10709874646058781,-1.1661865472114168,-0.533435344095689,0.5052957352985497,-1.008348636371756,-0.7593304553516157
0,-0.03676370050999456,4.558823517996553,0.1490616045322748,4.558823517996553,0.0,0.0,0.0,0.0,1.0,1.0,0.2106833683413722,0.4577565686554562,-0.01446692224157975,-0.0480140948988286,0.9951206087972897,1.6901395555440688
1,4.043997193099852,0.45641281741525375,0.45641281741525375,1.338328457343666,0.0,1.0,1.0,0.0,0.0,0.0,-0.20680280223586192,0.10289137803484305,-0.20162705075232296,-0.13262298115016072,-0.6824403302718113,-0.5765722937381142
0,-2.5951850803097383,-0.6623043467267402,-3.216582713021046,-0.6623043467267402,1.0,0.0,0.0,0.0,0.0,1.0,-1.7815276449762372,-1.3165277789454097,0.20678588401417813,-0.22062987031988707,-1.4079145179952866,0.9697480435112956
0,1.7195213142230241,3.044945665352572,3.7411917997854554,3.044945665352572,0.0,1.0,0.0,0.0,1.0,1.0,0.6267563691411456,0.16670036108714975,-0.8109362160024003,0.14502304043785513,0.8030018045004734,1.4761503753075083
0,2.463282017610318,4.219205213369907,0.9606804406434375,4.219205213369907,1.0,1.0,1.0,1.0,1.0,0.0,0.09555312643033764,-0.05313130245453496,-0.3504965218138273,-0.9712026526525537,-0.1739438010420052,-0.9083534827427042
1,4.434536691515584,0.8159588555992519,0.8159588555992519,2.2691261941984595,1.0,1.0,0.0,1.0,1.0,0.0,-0.691637951927635,0.23059291027597356,-0.6181441834273845,-0.1244801077665094,-0.11292271328529208,-1.0458032860368294
1,5.9782152907405255,4.2674593912317675,4.2674593912317675,5.236389484046414,1.0,1.0,0.0,1.0,0.0,0.0,0.7534895002060003,0.6181841356202635,-0.6843309310192296,1.9327413456817717,0.17382794946967595,-0.5158050428734892
1,3.3496953148224025,1.4134115077263836,1.4134115077263836,0.7578053111368241,0.0,0.0,0.0,0.0,0.0,0.0,0.42625109987566173,-0.824085579506415,-0.9408672732365708,0.7695253639646135,0.5250023269292295,-1.1953404937493974
0,2.22253791425281,2.3304663395778387,0.2966671967764021,2.3304663395778387,1.0,1.0,1.0,1.0,0.0,0.0,0.08929180722742001,-0.2514859418346683,1.7208123326532263,-0.13132893180501504,-0.571490313534405,0.7291267762495481
0,2.2559695896452983,3.010699804846894,2.246415741503907,3.010699804846894,1.0,1.0,0.0,0.0,0.0,0.0,0.16383750476265668,-0.8093839676453539,-0.07872200568043264,0.43969520285916996,1.1996535145627722,-0.012047105998496246
1,-0.4745837594776048,-0.9555808772984475,-0.9555808772984475,1.759262494200295,0.0,1.0,0.0,0.0,0.0,0.0,-0.5569414661067403,-1.1835257693617565,0.20261014309540137,-0.80207248226082,-1.074859601066373,-0.6676601362478501
0,0.30013049758275856,-0.39563654212474186,0.897175703584855,-0.39563654212474186,1.0,1.0,1.0,1.0,1.0,1.0,-1.2923422382922618,-0.42331598246612123,-1.035533347347469,-2.739695328993207,-0.9569865830573308,-2.060452591408092
1,4.015070478502141,3.007191788573328,3.007191788573328,3.0868202390759203,1.0,1.0,1.0,0.0,1.0,1.0,0.7558512533159697,-0.3417743554666256,-0.5941817030608917,-1.2590780664145087,-0.8680285194344067,2.126414616602598
1,5.115084793192985,4.633743541937136,4.633743541937136,3.752828323461819,1.0,0.0,1.0,1.0,1.0,1.0,0.895347265129316,1.5350196247311416,1.3181363865147158,1.189765494530216,-0.2731924488918467,0.9371198952954908
1,0.573480031831601,1.1325446099808993,1.1325446099808993,2.0208201320643835,0.0,0.0,0.0,1.0,0.0,0.0,0.04599259949608456,-0.13179051161979627,0.49810512541114615,0.11625218964687292,1.6272784528703386,0.4760914853807646
1,3.63900138694013,0.37403708131729063,0.37403708131729063,1.0933625866508225,1.0,0.0,0.0,1.0,0.0,1.0,0.9662070654026806,-1.5060252268453727,0.18343972455238866,-0.19050257592887646,0.019337169210781283,1.6125157598911328
1,1.5852658481027109,2.7443722154845385,2.7443722154845385,3.821361042138063,0.0,0.0,1.0,0.0,0.0,0.0,0.23212647802140363,1.7399647494721746,-0.82709289703383,-0.46929711909503136,0.7778620049541659,1.6008230252269895
0,-1.112576184891025,1.3921769800750834,-0.9302751809921113,1.3921769800750834,1.0,1.0,0.0,1.0,1.0,1.0,-0.43242161159685194,-0.6406458145778986,1.5657767272076573,-0.28669871829887794,-0.10096599926457034,0.6275534308115425
1,0.24124768208674985,-1.4141868184435327,-1.4141868184435327,1.7403567424978228,0.0,0.0,0.0,0.0,0.0,1.0,-0.6212052049576842,-0.9985965059865604,0.12145681239053208,-0.6491368050553488,-0.7725223038193225,0.8947452343316584
1,1.0598942288417756,1.0483811957951374,1.0483811957951374,2.8692524349240163,1.0,0.0,0.0,1.0,0.0,0.0,-0.12854625392869584,-0.03641805941353016,-0.8890173452598201,-0.47155801148060306,-1.4884520550394493,-1.2153395623630057
1,3.4282745694215224,2.762769081567706,2.762769081567706,2.655627885236048,0.0,1.0,1.0,1.0,1.0,1.0,0.36839666668902715,1.408217307913565,1.241604911832009,1.0637465995677744,-0.24943665561288864,2.385155305443587
0,1.2526303939390058,1.2866297939136229,-0.5181872168937298,1.2866297939136229,1.0,0.0,0.0,0.0,0.0,0.0,-1.0274917723837684,0.8115360025845086,-0.6630059080189655,-0.5077595933556174,2.5498832012511046,-0.0439413572149695
1,1.759845199629357,-0.34824610099459613,-0.34824610099459613,1.3472650156460895,1.0,1.0,0.0,1.0,0.0,1.0,-0.712077725726605,-1.908812424472463,-0.052315785471374054,-0.5858741158647613,-0.5922034374835178,-1.8132253601828479
0,-0.8912809602912772,-0.3344925085678656,-1.4340693576347805,-0.3344925085678656,0.0,0.0,0.0,1.0,0.0,0.0,0.012309397306808618,-2.5516581459253556,-0.9344312221365862,-0.8403369337868103,0.1331635465879043,-0.7070485049043548
0,0.25643650016015995,2.706688151477971,-0.9066211663300844,2.706688151477971,0.0,1.0,0.0,0.0,1.0,1.0,-0.13663660607664582,0.8512441534044795,1.0430062087166112,-0.16616384556551173,0.5693539522898161,0.21603452087063707
1,-3.0831937605937765,-2.004490513447645,-2.004490513447645,-0.9193868945141936,0.0,0.0,0.0,0.0,0.0,0.0,-2.163091684512084,0.30562711195305203,-1.020073256048467,-0.18997454776853184,-0.9892766314591348,-0.8326509829482294
1,4.055534557840214,1.1547095732120292,1.1547095732120292,3.51323900710376,0.0,0.0,1.0,0.0,1.0,0.0,0.21232210265061746,1.0486424996153663,-0.2360793317632649,-1.7128031187252046,-0.2158957099391579,0.4156245170603082
1,2.5164515881916962,1.1963237699010136,1.1963237699010136,1.2328454809228258,1.0,1.0,0.0,0.0,1.0,0.0,-0.23961124662211622,-0.3518901359128742,-0.008526922449089635,-0.8481097257263764,0.4091556740661573,-0.7948511643917191
0,-0.47484539107102897,2.5845906441980047,-0.2754105936236976,2.5845906441980047,1.0,0.0,0.0,0.0,1.0,1.0,-0.13044157872564385,-1.6945312762318205,-0.6480913538170078,0.6042945780597548,-0.7334793384610563,0.7088117167195191
0,-1.313914466752792,-1.3855911318411547,-0.8341633914251873,-1.3855911318411547,1.0,0.0,1.0,0.0,0.0,0.0,-1.4222364821142535,-1.754816178328901,-0.6781553165777362,-0.6836416829027052,-1.531913334460799,-0.8013621973724657
1,0.935586998898756,0.2870113964206154,0.2870113964206154,1.6688711456625074,0.0,0.0,1.0,0.0,1.0,0.0,0.08020294948816947,-0.35016869684642177,-0.5512832883400252,-0.1562404493235677,0.4140024481033542,-0.7949837346042606
1,5.347446983438224,2.1353511037285884,2.1353511037285884,6.086032558878659,1.0,0.0,1.0,1.0,1.0,0.0,0.9718209869169863,1.2494941213098443,0.77697421654496,0.15652421270237726,0.33644258611010575,-0.8195372130358765
1,3.8919735221842355,1.8728916601595618,1.8728916601595618,4.263206254993704,0.0,1.0,1.0,1.0,1.0,0.0,1.10027264377063,1.0100923731259774,1.1994869402917905,0.8422630806935786,-0.00815469936405322,0.2881439257032369
1,3.4309412533629104,5.810477258840025,5.810477258840025,3.5678333686215065,0.0,1.0,1.0,0.0,0.0,1.0,-0.12868990155397733,1.565069944182024,-0.7084568099245379,0.400965442914826,0.3844084662280321,0.11270620763022451
1,6.2853270153723875,3.6154770636488363,3.6154770636488363,5.309155122028434,1.0,0.0,1.0,1.0,0.0,0.0,1.070197492298641,0.3457398755714084,0.2199534375905896,-0.1384883384241704,2.6177729908782568,1.5673806378758839
0,-0.10167495597841697,0.3662762621687441,2.0923011034507435,0.3662762621687441,1.0,0.0,0.0,0.0,1.0,0.0,-0.7240422357442852,0.42892651779751945,-0.4936699484962157,-1.1436426540243625,-0.18780518911377359,-1.4463753290376389
0,-0.15242673267134244,1.670693279098166,-0.7268257811854922,1.670693279098166,0.0,0.0,0.0,0.0,0.0,0.0,-1.2564624990942153,0.8921718303146398,-1.5316710943841896,-0.5785405844472913,0.13753282570149106,-1.1729337633880184
1,2.968264120870968,1.120238697472519,1.120238697472519,3.00279223559195,1.0,0.0,1.0,1.0,0.0,1.0,-2.1528344981574614,0.5784227618542335,0.33405248145291755,1.7198288280938938,1.8638506632757186,0.14995655084763193
1,1.3823992943675496,-2.0238722030239864,-2.0238722030239864,0.4272167794214571,0.0,0.0,0.0,1.0,1.0,0.0,-0.1398826747133837,0.3072878362553382,2.0968712973944985,0.9570390740947861,0.6206697746448142,0.16154834889137726
1,4.778163882977134,1.9487828885866652,1.9487828885866652,3.1407224820930204,0.0,0.0,1.0,1.0,0.0,0.0,1.5385909193277434,-0.04905586525164174,0.5596280978960559,2.4629372044694717,0.7889679671505276,0.2627734543660172
1,2.25025758082523,2.6613949346848798,2.6613949346848798,1.3724845267068617,1.0,1.0,1.0,0.0,1.0,1.0,-0.5292479658291838,-1.3336460390273066,-2.422194183224393,-1.744424222444966,0.061477298642495404,0.2995105281316752
1,0.6107694187499281,-0.12374954806155741,-0.12374954806155741,0.4039524320329642,1.0,1.0,0.0,1.0,0.0,1.0,-1.4499485877054663,-0.7647869401528822,0.9392530068793532,-0.17622975764929677,0.875632016888968,-0.25115163494788634
1,2.7676755034990865,1.804814827675201,1.804814827675201,2.9934206515514745,0.0,0.0,1.0,0.0,0.0,1.0,0.6774273370885465,0.8634455564681912,1.156647531002529,0.6948267872199326,0.8181356436123245,0.8121322815829067
1,5.173023131769676,4.250191427014725,4.250191427014725,6.217680711046979,0.0,1.0,1.0,1.0,0.0,1.0,1.7387794438634876,1.342841571789845,1.212364921796796,0.9499362925956969,0.46259550669682004,1.6619976563024552
1,1.917088779134212,-1.1542829524407585,-1.1542829524407585,2.9138237877173343,0.0,1.0,0.0,0.0,0.0,0.0,-0.2717604473301991,-0.0903878360056538,0.31183041818804746,-0.7960013699879209,0.4315861477889284,-0.31622056422710854
1,2.2440897067097527,-0.9826710344855207,-0.9826710344855207,1.672840848708773,0.0,0.0,1.0,1.0,0.0,0.0,0.5685482922645769,-0.4111471538909326,-0.5964854545316383,0.34616405877201195,0.6975843658663369,-0.46903998437128136
0,0.25998056817282267,0.6613276167199249,-1.3497010876128128,0.6613276167199249,0.0,0.0,0.0,0.0,1.0,1.0,-1.2692393374078987,-0.22433275689489549,0.07922092699154581,-0.9954592363863175,0.7038726251305426,1.0725851590952538
0,0.28696244806998245,2.821612981627192,-0.9070472066181186,2.821612981627192,1.0,1.0,1.0,0.0,0.0,0.0,-1.539695369595809,-1.0283902885211789,-1.3481576843048764,-1.1961745698568775,-1.3138189927545043,-1.8476900439570783
0,4.79578676244288,5.180395071386446,1.9160908952784055,5.180395071386446,0.0,1.0,0.0,1.0,1.0,0.0,1.4259023796348655,0.09081333670140351,-0.793194317620797,0.6055551684083507,-1.1072453131803786,1.4651558076159288
0,2.4319099313802868,2.9210057278586214,2.9193765904820226,2.9210057278586214,0.0,1.0,0.0,1.0,0.0,0.0,0.8589060609364111,0.9275469615253837,1.1298573939669436,-0.2346391918889412,-0.41590396428442855,0.36485050476998926
1,6.193047092054696,5.471001260509928,5.471001260509928,6.5922693618194605,0.0,0.0,0.0,0.0,1.0,0.0,1.5874962405436535,1.7851097260848734,-1.3799455663906102,1.4825569483832461,0.7904928666994538,1.6455559821745709
1,4.322257290290864,0.6373386534618108,0.6373386534618108,1.8209516081374881,1.0,1.0,0.0,1.0,0.0,0.0,0.5356547842643399,-1.6554126850087445,0.2817143806866206,0.07378947505083283,0.3174893291781398,0.5295408636472562
1,3.3540578228401654,-1.432646865226849,-1.432646865226849,0.2414844979661932,0.0,0.0,0.0,0.0,0.0,0.0,-0.15380353258089702,0.9303151387160786,0.7915539284674558,0.40602293945547596,-0.3017260472488875,0.005798353717238025
0,-1.1620588810162134,0.6827193404364628,-0.7282420339821182,0.6827193404364628,0.0,0.0,0.0,0.0,1.0,0.0,-0.37147758286826155,-0.4299252743435537,-2.2320138417287003,0.33869472893091185,0.01567590439492006,-0.7249734574613937
1,0.705552655233182,0.2819979997976474,0.2819979997976474,1.9091626370883952,0.0,0.0,1.0,0.0,0.0,0.0,-1.0239992299046046,0.29110253483799614,0.902742250194424,0.6786880304334426,-0.9708194301021292,0.9480001639379111
1,2.6763655517603597,0.7173390930349843,0.7173390930349843,3.5689444655157843,0.0,1.0,1.0,0.0,0.0,0.0,0.9211588842271435,-1.8396614641626117,0.48398468323038457,0.8652496960953836,0.09607193225477184,0.475698006571645
1,4.854539362252283,2.7372877099537063,2.7372877099537063,3.8033283017893886,1.0,1.0,1.0,0.0,1.0,1.0,0.8786420268282529,-1.9902609495935764,-0.2682653044045869,-1.0106243174523375,0.23885056193371557,-1.4443664073300984
1,1.7378486088813219,2.720875405845816,2.720875405845816,1.424800576001287,0.0,1.0,1.0,1.0,0.0,0.0,1.1884294387642191,0.10431483675448855,1.0917107111129896,0.41797137388930167,1.009538676939078,-0.4605502113585744
1,1.9842069946036938,-1.0689768765756282,-1.0689768765756282,0.4615382878021402,0.0,1.0,0.0,1.0,0.0,1.0,-1.0046543918435862,0.11035096301519819,-0.25554331041281303,-0.7225368590035164,0.28789340408548414,0.48628391671674076
1,3.82595133105624,0.593030985222524,0.593030985222524,3.1990343141816453,0.0,0.0,1.0,0.0,0.0,0.0,1.4997086584407309,1.2120379971798385,2.252001139169187,-1.4990682966777604,-0.19006201887926644,-0.1467018718609947
1,2.752643885358119,2.205554589726516,2.205554589726516,6.859044997072813,0.0,0.0,0.0,0.0,0.0,1.0,1.0319805418896273,1.2039570547643668,0.3781158507679864,0.1306605930884281,0.3241872435037932,0.04349028958196388
1,6.944104405500726,5.8709299388123934,5.8709299388123934,9.164869283545755,1.0,1.0,1.0,1.0,1.0,1.0,1.7693172892192526,0.7066724822638761,0.021637920786561016,-0.9707940012352825,0.43374487926600813,-0.9033846453751481
0,-2.0257932372039584,-1.7664579918935197,-3.7096842665384724,-1.7664579918935197,0.0,0.0,0.0,1.0,1.0,0.0,-1.7215293907679525,-0.9465035263847789,0.5967310251435524,-0.8874673705784797,-0.022278042313613612,0.47596324740065893
0,-2.306869661756384,0.25061199614102053,-0.9805502950719938,0.25061199614102053,0.0,1.0,1.0,0.0,1.0,1.0,-1.475146331232621,-0.7077025444494519,-0.6448941457115,-0.8135027747351639,-0.5534100879334999,-0.8067951377910264
0,2.456962281381148,2.60535356507822,1.2600495721212388,2.60535356507822,0.0,0.0,1.0,1.0,1.0,1.0,0.012687743322468236,0.48030902856074753,0.5106885144681428,-0.19640296937424545,-2.45981571847166,1.4145689440215794
1,2.79505973406506,1.4697387098628014,1.4697387098628014,3.445865948674493,0.0,0.0,0.0,0.0,0.0,0.0,0.18926012631822345,1.2230529235833365,0.5865748696649453,0.35458722259806463,0.4798617148642378,0.29208898251278614
1,4.746740413818044,2.3779652554021817,2.3779652554021817,6.645044177091242,1.0,1.0,0.0,0.0,1.0,1.0,0.0629778045753458,1.1418966994156827,-0.4969148968051284,0.4293849498698734,0.05036469793508255,-0.4689743746519077
1,3.1689798796347057,1.6707089275205125,1.6707089275205125,2.7968876117278234,1.0,1.0,1.0,1.0,0.0,1.0,-0.10760109292253763,-1.7119857399735992,0.8994227623714992,0.8004158134903488,-0.49276805255014144,0.17066344989742316
1,1.513852875978278,1.9560027884507543,1.9560027884507543,2.1949177700289164,1.0,1.0,0.0,1.0,1.0,0.0,-0.5544754513834859,-0.048753752500430514,0.4047559406438673,-1.495354858290546,-0.4327143477140835,0.2136289895530655
1,1.1108087583618989,-0.2601599959944785,-0.2601599959944785,1.9026631404355698,0.0,0.0,0.0,0.0,0.0,0.0,-0.7207119355364896,1.3525651628618736,-0.33279751421196035,-0.6008241680249676,1.1065578519810466,0.6336292200520756
1,3.3111971093189787,0.6369624193413441,0.6369624193413441,2.673032678463636,0.0,1.0,1.0,0.0,0.0,0.0,-0.21001710714809962,0.8358527892901115,-0.12030636662006752,-0.7793269952466104,0.17093736147193614,-0.3327394272861188
1,1.9974233010488516,2.389431232380826,2.389431232380826,0.798974775392153,0.0,0.0,1.0,0.0,0.0,0.0,0.14838863585955697,0.26800697933859574,0.36723898077037637,-0.6340385645090986,0.4419855076993274,0.7214790234277111
1,0.6678612494702152,1.4148370376587869,1.4148370376587869,-0.02936947295134895,1.0,1.0,1.0,1.0,1.0,0.0,-1.9573243692648032,0.36537985561317027,0.7181611259964203,0.7593902099196345,0.2118670383240706,2.0233800666111192
0,0.6429134659552116,0.1441853272908008,-2.3643604712964637,0.1441853272908008,0.0,1.0,0.0,0.0,0.0,0.0,-0.2979255937851516,-0.6139105857827994,-0.5136045090197039,-0.6085691381574738,0.19644211843776582,1.435696788540593
1,4.33277913741957,4.2913043902125185,4.2913043902125185,4.8084310399585455,0.0,1.0,1.0,1.0,0.0,0.0,0.36355004663986695,1.3293436334487825,-1.2147529992056816,0.3826141069511532,-0.618322852124293,-0.5187872933423299
1,1.8964244288746157,-0.46865891694388434,-0.46865891694388434,-0.09169631757766483,0.0,0.0,0.0,1.0,0.0,1.0,-0.14486619700972164,-0.6140384062859646,-0.006884953144998235,0.03419542741242115,0.1954331853790253,-0.3347589167234555
1,4.779093003244324,2.5182519538720554,2.5182519538720554,5.598510016263778,0.0,0.0,1.0,0.0,1.0,0.0,2.0608974925330625,1.608548045036997,2.308149949501008,2.015008124104551,1.599725818898432,1.3678613287380819
1,6.765238749018083,3.5153103531450185,3.5153103531450185,4.083092976022855,1.0,0.0,0.0,1.0,1.0,1.0,0.6910257692123215,1.7141915809591595,1.0807656465846587,-0.836159329559933,0.07488610780395943,0.26615264480962175
0,-0.7410582059197955,1.3552940985860034,1.7476055473819225,1.3552940985860034,1.0,0.0,1.0,1.0,1.0,0.0,-1.7947280232616851,-0.7421548555848503,-0.7078906816504019,0.03322531695042086,-1.3877986819521688,-1.6863302074653639
1,3.3455830964088253,2.159003402103639,2.159003402103639,3.5239832254120795,1.0,1.0,0.0,0.0,0.0,0.0,0.11473239266526626,-0.709411618797108,0.24953451180537234,1.091355777973178,1.3845586974822446,1.0335023452067542
1,1.5715721283063682,0.8405776870415913,0.8405776870415913,3.2890656572511334,1.0,1.0,1.0,1.0,1.0,1.0,-1.2060062023317848,-1.4455393665116898,-1.3940154783327239,-0.6720844411346327,-0.17709111668165123,-1.5607845916986995
1,5.201512872116082,2.8182844558406224,2.8182844558406224,1.6694436734324967,1.0,1.0,1.0,1.0,0.0,1.0,0.5998737052165125,-0.4834873337099378,1.11866112637222,1.1726657505998284,0.7346829668773381,2.0516035693412356
1,4.400790578673767,3.028546558182864,3.028546558182864,6.431915279909717,1.0,1.0,1.0,1.0,0.0,0.0,0.6366203974817235,0.9843113496423128,0.4348911446113342,-0.5174446252269391,0.6223780976935916,0.3474405074750796
1,1.5331561094399153,-1.7361236939269353,-1.7361236939269353,-0.3967311257655967,0.0,1.0,0.0,0.0,1.0,1.0,-1.1140877336636477,-0.45910363234441737,-0.5473037706936291,0.48637440512747177,-0.9375127005835169,-2.154893734207646
0,-0.20252248903200665,0.7767577709392923,0.08729571517265278,0.7767577709392923,0.0,0.0,0.0,0.0,0.0,0.0,0.6610179018855536,0.22650828338066553,0.6167430500216927,-0.6573194933817902,2.671753221230852,-0.27086173066651664
1,3.854781143307555,4.894230048985522,4.894230048985522,4.51187829010103,1.0,1.0,1.0,1.0,1.0,1.0,0.8226665385840464,-0.0728447886446183,1.4350092325297341,0.6755570965364941,0.7398179375666892,0.3707108263121533
1,1.2281488812488928,0.7086553181790267,0.7086553181790267,2.1640562269319368,0.0,1.0,1.0,1.0,1.0,0.0,-0.27727408500400996,-0.17440733548543846,-0.353153788337348,-0.803783460573525,-0.35943613754776166,-0.07546708970908067
1,4.4847801537316645,4.082626346215104,4.082626346215104,6.123118379839795,1.0,1.0,1.0,1.0,1.0,1.0,0.31797269695356395,0.6700638195719306,-0.009007221725215175,1.5517933631115115,0.16985834311758488,-0.25231456683679976
0,0.8022998537711976,3.006392370222012,-0.35268394151797877,3.006392370222012,0.0,1.0,1.0,0.0,1.0,0.0,-0.039246306850663465,-1.654165552686043,-0.9322502196142675,0.20881479901090738,0.43025061892049576,-2.7507521141473217
1,2.9968918988505564,-1.87742099072132,-1.87742099072132,-1.7549234526730533,1.0,1.0,0.0,1.0,0.0,0.0,-1.7238404075516307,-2.23386204767772,-1.7687836919413893,-2.055143992117995,-1.1368400269723231,-1.249790192307322
1,5.1066976010680065,4.515192258365801,4.515192258365801,6.578813921365521,0.0,1.0,0.0,0.0,0.0,0.0,2.451304715136091,1.6479337935762517,1.1415594985153383,0.6346762770265795,1.2328043214179896,2.255580434422909
0,-0.6851830803000254,-1.1677924052805926,0.14676970865751204,-1.1677924052805926,0.0,0.0,0.0,0.0,0.0,0.0,-0.7391045232884972,-0.2262143384541484,-2.2993392344750228,-2.5371574168630144,-0.5124568026184503,-0.7794788480515105
1,3.0894701851383677,0.2144976487311699,0.2144976487311699,1.9462881967185233,0.0,0.0,0.0,0.0,0.0,1.0,0.34608537991911537,-0.6572078540234687,-0.8977873363553828,0.6438853135738382,1.269520489071028,0.4999414654368216
0,-0.7930885989726215,0.6229837138328472,-1.4209448819039106,0.6229837138328472,1.0,0.0,0.0,0.0,1.0,0.0,0.2327197902407616,-1.5361416145237807,1.3415257140896393,-0.08151033564277338,2.1040176904403327,0.0745212704709311
0,-0.8456366093584085,2.0156467771608515,0.09664593281902728,2.0156467771608515,1.0,0.0,0.0,0.0,1.0,1.0,-0.3510183958657769,-1.0130876283190031,0.36806996753849863,-0.43481287507171573,0.16054348570698335,-0.9729968625937553
1,-0.5053358729920385,-1.0005768723564796,-1.0005768723564796,3.4338011931244043,0.0,0.0,0.0,1.0,1.0,0.0,0.22660019360043787,-0.012809362590024437,0.37659034688653936,-0.7250702871424484,1.088776603897211,0.43894051954164365
1,5.2223415562740145,3.1379752744306666,3.1379752744306666,4.178038078644648,1.0,1.0,0.0,0.0,0.0,1.0,1.187106703276858,-0.22276772763704555,1.0772142524486412,1.0609688161123016,1.1051678929068571,0.5926550419526978
1,3.6888738922059945,1.2518787634881192,1.2518787634881192,3.6526068675172034,0.0,0.0,1.0,0.0,1.0,0.0,0.68749238262082,0.6679194999677042,1.36254942508612,2.8364786852133697,0.08240540339888458,2.9510677956743327
1,0.7668951467091805,2.2817587248688023,2.2817587248688023,2.0993751627081463,0.0,1.0,1.0,0.0,0.0,0.0,-0.7226826818145841,0.30038077779387934,-0.5284149057808609,0.36464765088331025,-0.7314474248165241,0.23512360110085911
1,4.502678937293264,3.2981748294456605,3.2981748294456605,3.2410337977001937,1.0,0.0,0.0,0.0,0.0,0.0,1.0042116805615529,1.597191264344377,1.3500759895869185,0.7964931590762526,0.42892735948047256,0.6319546728256082
0,3.256623773844255,0.8474832823112828,-0.30919706264369157,0.8474832823112828,0.0,0.0,0.0,1.0,0.0,0.0,-0.28533959700713646,-0.03498833438483506,-1.2977839273485332,-0.283872258114699,-1.1011388584757573,-0.7209420667543405
1,6.0002691972209705,3.0677655027331716,3.0677655027331716,6.275133335674338,1.0,1.0,0.0,0.0,1.0,0.0,0.9573586739189661,0.44038991984861864,-1.5596564454521022,-1.2904541483868304,-0.29677509053334306,-0.2514974800917419
1,3.455869457365952,2.3854016465892762,2.3854016465892762,3.754811546451532,1.0,0.0,0.0,1.0,0.0,0.0,0.4030769491978107,0.35387696523794193,0.7612707957237225,0.25507898650211563,1.5252190887326895,0.24356763458666075
1,0.9864191079756093,-0.10474094996117922,-0.10474094996117922,1.4197542998732238,0.0,1.0,0.0,0.0,1.0,0.0,0.2223786866044249,-0.23605329216021287,1.730373578861935,-0.3551522862204476,0.9967439378356363,1.4417666740888078
0,1.6118868278930667,2.9324502857982244,0.7325599011249171,2.9324502857982244,1.0,1.0,0.0,1.0,1.0,0.0,0.4480017020350618,-0.25903498113290935,-0.5279621739533172,-0.636604129604163,-0.38683740597319893,0.11977983166896422
1,5.288190302306829,3.1670169905401986,3.1670169905401986,4.318846775910354,1.0,1.0,1.0,0.0,1.0,1.0,0.46944250660578696,-0.6423049180717798,-0.12319746214923069,0.7869797431040397,-0.26984450311880903,0.5441290569076213
1,1.896530618482752,1.9801252226336814,1.9801252226336814,2.037701732663085,1.0,1.0,0.0,1.0,1.0,1.0,-0.9608851751707503,-0.5238417560009316,-0.4207525127931766,0.6933695860775793,-0.8678537437525207,-0.1405572349895033
1,3.4591020044159975,3.023441696819724,3.023441696819724,3.956891482017074,1.0,0.0,1.0,1.0,0.0,1.0,-0.017093353921889622,0.7059229390076422,-1.0286271473128372,0.20442069205767405,-0.8623013052917343,-0.182291070735045
0,1.4675429442517736,4.583547883541108,1.156321129560438,4.583547883541108,0.0,0.0,0.0,1.0,1.0,0.0,1.0475617577234615,1.0791047276274612,0.23702091879665826,0.08882203858825713,0.35482402413033826,-0.12306231956608071
1,7.723150242988345,5.914610615011587,5.914610615011587,9.728154918068842,0.0,1.0,0.0,1.0,1.0,1.0,2.6566397143774223,2.345109772309557,2.0523936895479897,1.9218838153197058,0.1251508394705576,2.1635711896471617
1,5.061144444511678,2.019882591527992,2.019882591527992,3.832180323187497,1.0,1.0,1.0,0.0,1.0,1.0,0.4403371767655969,-0.24592038165391278,0.001005336350792918,-0.20162223594415657,0.027237347546382296,0.9306363835438658
0,1.8527259002913001,0.13492480421511654,1.114078779785556,0.13492480421511654,0.0,1.0,1.0,0.0,1.0,0.0,-0.383144412258418,-0.4587359875080802,0.30089689108523376,-1.8310749076640835,0.3163060772488603,-0.31117965790537777
1,2.2500200540476065,2.7047614277347645,2.7047614277347645,4.698331723450909,1.0,1.0,1.0,0.0,0.0,0.0,-0.3407467196429694,0.6077407843461198,0.4670326435121349,0.08900933405459698,0.2376995511507246,0.7656118520313979
0,0.948171430411207,-0.46067651133154564,0.09079693845168113,-0.46067651133154564,0.0,0.0,0.0,0.0,0.0,0.0,-0.6061892239048832,0.07277513793596474,0.3930210596035834,0.10648692772051635,0.990248216615462,-0.3842299901004303
1,4.555812248574032,3.919585420418818,3.919585420418818,5.464831835650983,1.0,1.0,0.0,1.0,1.0,0.0,0.5204868075706469,0.5892233650781155,-0.37819106812959713,-0.2646125002285507,1.6719868109999847,0.6423974762651825
0,-0.9571338611020118,-0.8704937185128203,-0.7511305794062657,-0.8704937185128203,0.0,0.0,0.0,0.0,0.0,0.0,-1.4524841888918676,1.1515593549256788,0.8677711443022882,1.2737252297485562,0.341068383861253,0.3290278919751303
1,4.583436267042139,1.816602138459605,1.816602138459605,3.0937511198864445,1.0,1.0,0.0,0.0,0.0,0.0,0.7183798080344528,1.0965588953382477,1.7378519195661413,0.5872425970420629,0.02049164586683827,1.6159625137281894
0,-1.8369462032105914,0.32572486262501665,-2.7646721791936106,0.32572486262501665,0.0,0.0,1.0,0.0,1.0,0.0,-1.3743358620908905,-1.57341126175052,1.4707735399519104,0.3559067450543726,0.16096099267186764,0.5853666805677363
1,0.5608470863438784,-0.024679785364251194,-0.024679785364251194,0.3695170606074927,0.0,1.0,0.0,0.0,1.0,0.0,0.23795572977251014,-1.4060164132467945,1.2056891176623816,-0.7155062309056103,-1.237398410434356,0.23455740274729373
1,2.811798295490683,3.081298462471941,3.081298462471941,3.006425609115463,1.0,0.0,1.0,1.0,0.0,1.0,0.5406814253735335,-0.5678424369469726,-0.05149691490103275,-0.627721348280337,-1.4419622238892016,0.028362806030743704
0,4.868348713779095,2.473717743310251,3.9806361759817808,2.473717743310251,0.0,1.0,1.0,0.0,1.0,1.0,1.410464519278624,-0.1740026237098078,-1.0618539044282405,1.3296353987399825,-0.32575714132898503,1.4186905961906124
0,1.9739251465827092,4.788548903492511,2.2740006495152008,4.788548903492511,0.0,0.0,1.0,0.0,0.0,1.0,1.5008407533287678,0.991759506963489,0.08737458669877712,0.40282678239030995,-1.716245750468701,0.937428337996787
1,4.670407466792566,2.47079772795517,2.47079772795517,5.5099876821267415,0.0,1.0,0.0,0.0,1.0,1.0,0.8993407196636807,0.7867376931182974,-1.5340305769486102,1.2720364244104778,0.25074183326880917,-0.19587392331759723
1,6.161072511713968,3.317260073292848,3.317260073292848,5.603422946755992,0.0,1.0,0.0,0.0,0.0,0.0,1.2313393120365848,1.6152221009324754,-0.18880025337259293,1.2547489369657288,0.7290246259968209,-0.2904953004564072
1,6.175080542060628,2.647048123674152,2.647048123674152,6.742086329027758,0.0,0.0,1.0,1.0,1.0,1.0,0.9798211723916964,1.9598044466832178,0.9259663030807284,0.46331043348871825,1.2565136009316669,0.7084479557799237
1,5.446565502906593,1.4868714249013326,1.4868714249013326,7.248402654189658,1.0,1.0,0.0,0.0,1.0,0.0,0.5550774261666195,1.3023540807089793,0.1602160213587362,0.057647854001313226,0.7924649704643384,-1.0810077863082632
1,0.5858656113949192,1.7990399554558796,1.7990399554558796,3.6853989168698345,0.0,0.0,1.0,1.0,0.0,1.0,0.6700494692593421,0.6811597411671437,-0.6169535745911289,-0.9550344284960146,-0.7494366726089853,0.09205778468238995
1,3.9864252301534586,3.6872655527946976,3.6872655527946976,3.400259057024399,1.0,0.0,0.0,1.0,1.0,1.0,0.6303745543383591,-0.6278841953212168,-0.328263052303278,0.5371894415879247,1.5999473414991912,0.4201741897749991
1,7.554536151664245,6.268482581864686,6.268482581864686,6.555538167448622,1.0,1.0,1.0,1.0,1.0,1.0,0.921470996850332,2.1734787290675563,0.45245446429461866,1.3895589695887078,0.4175485925520064,0.043102653331416274
1,5.455434397228207,5.293688309751961,5.293688309751961,7.232043350015293,1.0,1.0,0.0,1.0,1.0,0.0,2.199784389377262,0.24366017258712844,-0.5228028927865505,-0.0038987054124582643,-0.5013455925312228,0.8195483728796013
1,2.7154367147912852,1.5442976859983284,1.5442976859983284,3.918061348175894,0.0,0.0,1.0,0.0,0.0,0.0,1.0741918648571407,0.8020256047657522,-1.032683620198899,-1.1853715161425018,-0.9737278900523546,-0.9779321936242475
0,-0.4683298179856217,0.5337192976287422,0.8489524081759421,0.5337192976287422,0.0,0.0,0.0,0.0,0.0,0.0,-1.0104256760234924,0.21965491978956841,-1.0076892251238483,-0.36294393217462084,-0.040008884461550376,-0.23856305825336338
0,2.8240081188401005,4.719063817561249,1.7458367802598918,4.719063817561249,1.0,1.0,0.0,0.0,0.0,1.0,-1.2030611259870576,0.6960441100233812,-1.8777041938193397,0.12507026826628903,0.2958512797495656,-2.394430355798387
0,-0.058300899909713426,2.821041941974636,0.9357900672851519,2.821041941974636,0.0,1.0,0.0,0.0,1.0,0.0,-0.1750266938643603,-1.8694765368849486,-1.2056637578830496,0.8679275875099725,0.25727365863395857,-0.8575516141230093
1,3.1853815730011057,2.560710229870212,2.560710229870212,2.546157766283428,1.0,1.0,1.0,1.0,0.0,1.0,0.6580023394483678,-0.6739677622436065,1.6890761338757145,-0.2940956690630967,-0.1789444355011902,0.5775070159780109
0,-2.023289789754756,-0.910233004886823,-2.422067492918205,-0.910233004886823,0.0,1.0,0.0,1.0,0.0,1.0,-1.9569172585784724,-2.439031455724015,-0.5948069033049761,0.3160130215455839,-0.511041966560811,-0.10344526298791334
1,3.274905516958507,2.406780890911953,2.406780890911953,3.267925738840392,1.0,1.0,1.0,1.0,0.0,1.0,-1.0644604804869335,0.22524691479194303,-0.11635772479062023,1.027628461124336,2.915517359212596,-0.34941942774218715
0,0.7288380281166644,1.768331353690832,0.38540542153834356,1.768331353690832,0.0,0.0,1.0,0.0,0.0,0.0,0.0348267613759745,-0.1364315429245172,-0.45120255426504535,0.8450660703606724,0.4224657057854297,-0.33666946688632976
1,3.2442085030619565,1.7970136204443938,1.7970136204443938,3.405554659465853,0.0,1.0,1.0,0.0,0.0,1.0,0.9499319928470159,-0.3089803429516807,0.7727570634344552,-0.010707047007980447,-0.33323066670967955,1.422965083415247
1,4.5241523151884815,1.4421672126504672,1.4421672126504672,3.27016899754874,0.0,0.0,0.0,0.0,0.0,0.0,1.7130443098990036,0.9229785859902434,1.7012253024559678,0.709717976958942,1.231206001016115,1.427094610669617
1,-0.49761011172268743,0.735734175218586,0.735734175218586,2.305912934304899,0.0,0.0,0.0,0.0,0.0,0.0,1.3134103557513113,-0.7950491929144023,0.8561153248743714,-0.08356033904927113,0.5904793248819583,1.025003697952638
0,-0.4597154084439543,0.7278513701946561,0.6810785907419219,0.7278513701946561,1.0,0.0,0.0,0.0,0.0,0.0,-0.9603527914757203,-1.2317513687963741,-1.5759873209366984,-0.6131145713629483,-1.0920152102604683,-1.288987816011672
1,3.1934423417240363,0.95255286567046,0.95255286567046,4.187698920361955,1.0,1.0,0.0,1.0,1.0,0.0,0.21261399569062386,-0.6951731435575532,2.4878722275549214,1.9479476716611828,1.8062508085569,0.8517287421318612
1,6.1152537155101285,5.66167212494321,5.66167212494321,5.926931147798945,1.0,0.0,1.0,0.0,0.0,1.0,2.0594298453981597,1.24513508517026,0.9303359327545089,-0.8531234263691452,0.8580002455566129,1.780166912454848
1,5.304042500125853,3.7125899436739065,3.7125899436739065,5.915289741794572,1.0,0.0,0.0,0.0,0.0,0.0,0.8141018103149276,-0.154228474307827,-2.0256347946518076,1.6854887582549574,0.06249839736275503,0.8698953471377757
1,1.0589704963241944,2.999742215036468,2.999742215036468,3.847374299348436,1.0,1.0,0.0,1.0,1.0,0.0,-0.3255564328137219,-0.19470244010279786,0.11291184434701616,-1.4598970162021774,-1.0316693299670059,-0.22301709568466238
0,2.3070191794406374,1.9237910096511621,2.313848612613382,1.9237910096511621,1.0,1.0,1.0,0.0,1.0,0.0,-0.3709809038347892,-0.012649172466757619,0.7124944080148528,0.8778536832119257,0.0833186821907802,0.5944420977371404
0,2.487114193323502,3.069196728263991,0.4597046736031325,3.069196728263991,0.0,1.0,0.0,0.0,1.0,0.0,-0.3527808993346288,1.5835746326953593,0.9264546809728665,0.617028114679003,0.7032743995380599,0.4900846718201497
1,5.928145149552635,6.091332185383349,6.091332185383349,5.372490187582297,1.0,1.0,1.0,0.0,1.0,0.0,1.2943801095383896,-0.3040029685950223,-0.7224560782566367,0.9147933336733782,1.1767024289099886,-0.9909207185293485
0,-1.89144492352136,0.31397368627950006,-0.6219675493583071,0.31397368627950006,0.0,1.0,1.0,1.0,0.0,1.0,-0.5722493060587628,-1.2402045162899595,-0.5472021892270067,-2.6106580527488776,-0.07889015123725351,-0.8265504400203154
1,7.188115079916114,4.896157839511385,4.896157839511385,7.978801734998797,1.0,1.0,1.0,1.0,1.0,1.0,1.0744861176346354,1.8027460026477593,0.01388757746461311,0.6563380860538655,0.6634665267181122,0.49144902532732465
1,0.6235038239598681,-0.13659725645669885,-0.13659725645669885,1.23921335581193,0.0,1.0,0.0,0.0,0.0,1.0,-1.3641707212194616,-0.1547027083235439,-0.4479903818886689,-0.34580992588664555,-0.37466204560645444,-0.12677508199541032
1,4.661809094695182,1.0875758747309987,1.0875758747309987,3.1788423360963396,1.0,0.0,0.0,0.0,0.0,1.0,0.5514244268346431,0.08186650486411162,1.1640622442918094,2.7928371694035965,0.9301020774244793,1.7417591589041959
1,5.183367661219601,1.30853574535089,1.30853574535089,5.14384586998056,1.0,1.0,1.0,1.0,1.0,1.0,0.6333967873080684,-2.47203610770688,-2.170489216816399,-0.3882288316010966,-1.4731856471667033,0.45667677772673576
1,4.754947791308291,2.1346042490619537,2.1346042490619537,2.274902268176308,0.0,1.0,1.0,0.0,0.0,0.0,1.1780465170333994,0.22214929229180802,-1.375418825711399,-0.3055355067554093,0.4421723831463945,-0.6818769636744964
1,-0.40708957815086283,-2.1524413249542667,-2.1524413249542667,0.14716781056725003,1.0,1.0,1.0,1.0,0.0,1.0,-2.12549499086103,-1.6612126783727463,-0.4834711276080079,-1.740551704165386,-2.0763978048857403,-3.251526252063737
1,2.6904738726754216,3.680035427474248,3.680035427474248,2.047555236425821,0.0,1.0,0.0,0.0,1.0,0.0,0.8343497595872281,0.8414620156432518,1.3092480694193465,0.37908192712622163,0.9739875519258026,1.947291092908285
1,1.6126049491183263,-1.1006654578659987,-1.1006654578659987,1.9290835991841724,1.0,0.0,0.0,0.0,1.0,0.0,-1.4353526299393908,-0.8822155078630127,1.2790143053027674,0.7118557185159986,1.1580809695966425,0.058972175923800885
1,5.18425029361134,1.637994853718981,1.637994853718981,6.0560152872399495,0.0,0.0,0.0,1.0,0.0,1.0,2.611354368865388,0.48002767499966004,0.23297471796143046,1.0800770582978898,-0.577948297396641,0.11096620473708863
0,0.5682082615563289,0.9337935032987018,1.2383941889554255,0.9337935032987018,1.0,0.0,0.0,1.0,0.0,0.0,-0.23852670825188102,-0.7072952025867861,-1.0668886872551762,-0.8075655269561787,-1.2632354932847476,-0.45438138741678374
0,3.486367368061921,5.283693274485909,3.3078302364794587,5.283693274485909,1.0,1.0,1.0,0.0,0.0,1.0,0.29776135028969924,1.3149634656282272,0.9644273281034387,1.796675224664815,0.30605308686780286,1.459980236331421
1,5.674351391120617,3.8177442955571226,3.8177442955571226,6.845425896087866,1.0,0.0,0.0,1.0,0.0,1.0,2.110829267681193,-0.39755592358377373,-0.8665590230791045,0.5147466193185634,0.3239029361433994,0.4451874703958685
1,3.958835871991756,0.616156995084427,0.616156995084427,2.740175566952449,1.0,1.0,1.0,0.0,1.0,1.0,-0.2605396264968602,-2.03132742487709,-1.9533558056231537,-0.31861052530292094,-0.261720204489988,-1.1280631428555443
1,1.6679510456251254,-1.5933734953747398,-1.5933734953747398,0.12433194051460078,1.0,0.0,0.0,0.0,0.0,0.0,-0.8605199305135248,-0.534375813299207,-0.4571383058317135,-0.7203972078462604,0.2263128697704898,-1.621971534421792
0,-3.868863000657335,-0.23773417708727285,-3.4407236084297854,-0.23773417708727285,0.0,1.0,0.0,0.0,0.0,0.0,-0.9916808842584839,-2.9961241012257407,0.8481300662582495,-1.3808169470082958,0.48555090031843673,-0.42064411149894565
1,-0.776060913828158,0.6219959011008436,0.6219959011008436,1.80356661717694,1.0,0.0,1.0,0.0,0.0,1.0,-1.2729101265431677,-1.2612898602683258,-1.282161828248432,0.24116732953412845,0.49504617038667675,-0.02736623172648922
1,1.2623817014521015,1.0752696329534928,1.0752696329534928,1.9958620920418753,0.0,0.0,0.0,0.0,0.0,1.0,-0.032841074030448655,0.1881346867310621,0.1050692457729161,-0.2533789010544065,0.21930484910636067,0.9493109768755749
1,2.193967828875129,2.1323814912449848,2.1323814912449848,6.13899758101179,1.0,1.0,1.0,0.0,1.0,0.0,0.5728083448783522,-0.8520348415946408,0.8862414901226597,0.08219192893198907,0.5903753188691621,-1.4200703310535303
1,3.1457355722952247,-1.4028184934467602,-1.4028184934467602,0.9899392193686309,1.0,0.0,0.0,1.0,0.0,1.0,-0.1357316892764923,-1.4871271478129526,-1.4466125701302976,-1.015680819701013,0.819914757313117,-0.9436090272577773
0,3.689539201093228,6.060443991982112,6.242820687276918,6.060443991982112,1.0,1.0,0.0,1.0,1.0,1.0,-0.042718804437274584,1.2625959709889623,-0.32937606816118836,1.03053626122875,-0.09077547558847365,0.6616646649658418
0,1.697402748584682,3.1649582176183024,1.284229823888477,3.1649582176183024,1.0,1.0,1.0,1.0,1.0,1.0,-0.9890474341069899,-0.5181793295992851,-1.47098347524882,-0.40044031236174954,-0.9985732757051161,-1.55984045680741
0,-1.7737422065629849,1.6422720013438825,2.2897453099681897,1.6422720013438825,0.0,0.0,1.0,1.0,1.0,1.0,-0.35617809054842153,-1.6532517286572586,-1.4250669988871234,0.0036795237967957306,-2.2034152494154196,-1.0640212783513459
0,2.9248876907800394,4.098098171870494,4.328698132809814,4.098098171870494,1.0,1.0,1.0,0.0,0.0,1.0,-0.20249961708379258,-0.574099194884798,-1.5667499405839913,-0.574622498509018,-0.03348286129174294,-0.6886739884315738
1,1.1006869987991756,-0.9382044788224119,-0.9382044788224119,-0.525636818447849,0.0,0.0,1.0,1.0,1.0,0.0,-1.2049536780590175,-1.3889621638329783,-1.334241204433735,-2.2941176401505277,-2.216030477697414,0.032788970015651175
0,2.241983637709909,5.264728687403395,2.843792143944679,5.264728687403395,0.0,1.0,1.0,0.0,1.0,1.0,1.8621972342198738,0.3515191860173749,0.31742035242047595,-1.5571775615764796,2.3330480715873088,-0.2699857326979458
0,1.0871789089553396,2.0358188796073082,2.104704086164716,2.0358188796073082,0.0,0.0,1.0,1.0,1.0,0.0,0.9243045933561328,-1.0059945925054943,1.199316983864989,1.6720130506415236,0.3474812036949373,0.7207800453952606
1,1.7315504183603825,-1.5560037629431402,-1.5560037629431402,0.867848740006071,1.0,0.0,0.0,0.0,0.0,1.0,-1.1272629866812534,-1.5799089154284003,-1.4118156375040467,-0.32935418337158817,1.8581862748728004,0.4958613221922257
1,2.492858144407508,2.0129690874987256,2.0129690874987256,1.6686740405834306,1.0,1.0,1.0,1.0,1.0,0.0,-0.6429829020979315,-0.3058162116127461,-0.19532413423453812,-0.3411086043036421,0.5784327718787383,-0.9414555344826185
0,2.5931595571887565,0.8956465900240178,1.5241507596183066,0.8956465900240178,0.0,1.0,1.0,0.0,0.0,0.0,0.31074966874193205,-0.35053970090277825,-0.860496291521531,0.6093127339674498,-0.5989502527650252,-0.1451583050448445
1,1.2437084215041296,-0.29837477893225095,-0.29837477893225095,0.03136935961778489,0.0,0.0,0.0,0.0,0.0,0.0,-0.5580536075705246,-0.95566577202296,-1.7253516893080951,-1.7015829305768515,-0.7259969855979188,0.657692801519111
0,3.352679310101861,7.360460243546842,3.4597361120223407,7.360460243546842,1.0,0.0,1.0,1.0,1.0,1.0,-0.26391093101328333,1.0915540710704421,-1.760303099923203,-0.3208029707905655,0.7564198625974663,-1.0695719059819773
1,5.6167142350907575,4.256525424784741,4.256525424784741,6.537981901007276,1.0,0.0,1.0,0.0,1.0,0.0,0.6083055873727178,0.9560571164915652,0.6547908435040645,1.65572300892848,1.422446481522171,1.5297513701061047
1,4.154381764060787,3.2165421250539064,3.2165421250539064,3.3164089709744133,1.0,0.0,0.0,1.0,0.0,0.0,0.2723022715656344,-0.30769309651217447,-0.8939879947936031,1.0015182928197788,-0.9687748117312766,0.2424392218308069
0,1.2578259405625076,3.062509682893928,0.43259777233633145,3.062509682893928,1.0,1.0,1.0,1.0,1.0,1.0,0.5933877100748038,-0.860560660683451,0.7636011766223406,-0.013228764641218693,0.2447921539152704,0.6716080384168599
1,3.308324850653485,1.4855999776986453,1.4855999776986453,2.3866575686695963,0.0,0.0,0.0,0.0,1.0,1.0,1.6445369142649873,-0.32387736982236837,-0.08310428584900287,-0.18631674782655544,-0.8593596477628808,-1.4356547295511402
0,-0.9862972169632263,-0.4658104227349731,0.012056547140600476,-0.4658104227349731,0.0,1.0,0.0,1.0,0.0,0.0,-0.5783013141464987,-0.8638934076336189,-0.7747256323681538,-0.36120614056632283,-0.26301515849363544,0.3888365866956705
1,-1.0045539908422996,-1.9766836767634655,-1.9766836767634655,-0.44259322137593754,0.0,0.0,0.0,0.0,0.0,0.0,-0.6384585807915385,-1.603697974609062,0.1440551176731994,-0.2965449259092813,-0.29593387458991094,-0.7048100529098352
0,2.968512715799969,3.377901268582817,4.414075313531542,3.377901268582817,1.0,0.0,1.0,0.0,0.0,1.0,-0.21747193900961895,0.853756762919089,-0.41175694832466514,0.7861187567355892,0.615369647137326,0.8466273141560325
1,6.244130183905368,3.5579291908273434,3.5579291908273434,5.851111043832511,1.0,1.0,1.0,1.0,1.0,1.0,1.1186583920886761,-0.3000619849227482,-0.562908956033686,0.19966850720274198,-0.7853129231920196,0.7440710724270801
0,-1.1347651201340918,1.5723354763747959,-0.8208680660697781,1.5723354763747959,1.0,0.0,0.0,0.0,0.0,1.0,-0.9838699270187018,-0.1313688551171307,-0.489877571302485,-0.14286906101004554,1.5399018585426172,-0.13572073032911203
1,2.760086407625208,2.2763400512853913,2.2763400512853913,3.7126134505360433,0.0,1.0,1.0,1.0,0.0,1.0,-0.28976868274675804,-0.0003937745898725531,-0.7999178173563946,0.001987825382813807,0.06200123612757641,-0.1876480993096644
0,3.8760247723243006,4.275804352367449,5.881813930338122,4.275804352367449,0.0,1.0,0.0,1.0,1.0,1.0,1.045883240331848,2.319043629722176,-0.6485761074348926,0.15808540155260797,0.44773645177859833,-0.5418941402157209
1,3.963992037411815,0.427275600914244,0.427275600914244,5.293157599506486,1.0,1.0,1.0,1.0,1.0,1.0,0.6822712987781878,-1.7328123124703607,-1.5940160756224173,-0.0013090888346669336,0.12137462328529436,-0.18821230659041088
0,0.9125780758608683,3.7561314849591243,0.12791546045028257,3.7561314849591243,0.0,0.0,0.0,0.0,0.0,0.0,-0.012531965586111422,-0.4163130703393839,-1.4463964706478256,1.1918325411743445,-0.0785103198320688,-0.62803187779628
1,6.440270224815366,3.9130474664264097,3.9130474664264097,6.58588456487125,1.0,0.0,1.0,1.0,1.0,0.0,1.3286460637912973,1.1967993164127328,1.003971818411143,0.4809377866375318,1.8989723757779113,0.3618086624561271
0,-1.5802144243991165,0.08981875713908449,-0.9607562926336535,0.08981875713908449,0.0,0.0,0.0,0.0,1.0,0.0,-1.1896236843051455,0.5599305004328634,1.098779906409802,0.9001727848533152,-0.9100656088211136,1.0035858536891382
0,4.661662524803484,3.9029467479385263,5.657425122869471,3.9029467479385263,0.0,1.0,1.0,0.0,0.0,0.0,2.3162027632722535,0.5131544634257729,0.6966533758972429,1.9705083782886503,1.7410629467148233,0.574934958038299
1,1.4606393347898359,1.75483466499653,1.75483466499653,2.14905073936251,0.0,0.0,1.0,0.0,1.0,0.0,-0.4438190095876982,-0.1488540095351345,0.38148948271525074,-1.6987590729039,-1.523270486136743,2.5529643800651343
0,2.9593533875576687,3.6800798868411553,0.7581211863214226,3.6800798868411553,1.0,0.0,0.0,1.0,0.0,0.0,1.239145856293783,0.40050220145669874,1.769017022243911,1.8264620061650367,0.8521435667066017,-1.0395210114400517
1,2.4575097771953933,-0.4795138569789157,-0.4795138569789157,3.6235656037825197,0.0,0.0,0.0,0.0,0.0,1.0,0.9091052268357446,0.6971064379576688,0.6110023191039736,1.263252459577515,0.5756644027293896,1.658277272217354
0,0.4618267961281054,0.6365548493205437,1.37234807474176,0.6365548493205437,0.0,0.0,1.0,1.0,0.0,1.0,-0.34909533176637075,1.2697241796567948,1.0992727290050708,0.13093141043497855,0.3716360732865955,0.2729216752054172
0,-2.8796498428602875,-1.017060372727665,-1.9181830895600573,-1.017060372727665,0.0,0.0,1.0,1.0,0.0,0.0,-1.8786015100390405,-0.6162592993221212,-1.1429091463339494,-1.8212557845119124,-1.3004020908782734,-0.5139741186792363
1,3.4615533666466187,1.3760053972685493,1.3760053972685493,2.005473860940886,0.0,1.0,1.0,1.0,1.0,1.0,0.2643504098460947,-0.14211991126768952,-0.7724448074535057,-0.01466227450518287,0.9064788581987486,0.610144069422312
0,0.481197677703608,3.405865492825715,0.6328475161378421,3.405865492825715,1.0,1.0,1.0,1.0,0.0,1.0,-0.5584554380553716,-1.0660889711576467,-1.1608274837907646,-0.08851191132818803,-0.7314770171546008,0.5483794639060222
1,2.3441819496996414,0.627145786242373,0.627145786242373,2.21527596915206,0.0,1.0,1.0,1.0,0.0,1.0,-0.04569856273081213,-0.7851581441646549,-0.30948398147697415,-0.47681244411819435,-0.44390152664541505,0.7788307129419851
1,-0.26898594253641206,-1.8500046507763008,-1.8500046507763008,1.9019136580124996,0.0,1.0,0.0,1.0,1.0,1.0,-0.8322416974041514,-0.7109837314578298,0.6471896780236944,0.4474585910092024,0.4671695506511531,1.454194978210603
1,3.4640935875510137,3.3949422161069003,3.3949422161069003,2.490461813223405,1.0,1.0,1.0,0.0,0.0,0.0,0.4419771668519061,-0.13311431591148287,-0.7752963915784458,-0.17923857476497826,0.6607200210353423,-0.1955789353271284
1,3.556741666982628,1.3528196932822185,1.3528196932822185,2.074997700007203,1.0,1.0,0.0,1.0,0.0,0.0,-0.5274443535436035,0.4215065977164581,0.028745494198424607,-0.1434351121181731,-1.471386738303308,0.6962129483141504
1,5.50903006455456,-0.41386394549091765,-0.41386394549091765,4.585293838822343,1.0,1.0,1.0,1.0,1.0,1.0,0.5566980722255479,-1.0422299866886235,0.8540386569914549,0.2941128167325285,1.4263308567057817,0.87660998588143
1,1.9019780950549294,-1.3737977885910937,-1.3737977885910937,1.1810581314890214,0.0,0.0,0.0,1.0,0.0,0.0,-0.07859750104408791,-0.6319779325563121,-1.809495671288016,-1.5035072497146065,0.9614763432501187,-1.2938892909540392
1,2.9964648679502437,1.7499219271273383,1.7499219271273383,3.427061756002391,1.0,1.0,0.0,1.0,1.0,1.0,0.6132177630405634,-1.0084054185590847,-1.1407050875860154,-1.4741643973469118,-1.835371663917057,-1.4587197125237799
1,3.29922852633051,0.2688408920994909,0.2688408920994909,1.6503007102690126,0.0,0.0,0.0,0.0,0.0,0.0,0.30129883317135703,0.7526586341179871,-0.3940670969179415,-1.2903885684597056,0.8159033715432489,0.4831971616350297
1,5.166680890555735,2.818606732093009,2.818606732093009,4.310313659873895,1.0,0.0,0.0,1.0,0.0,0.0,0.34748374352322137,1.448705854847939,-0.47586308204240196,-0.5079587073280878,1.0114946886679324,0.062371952446811096
0,2.1359306250181693,4.219599256223914,2.3027853378103966,4.219599256223914,1.0,0.0,1.0,0.0,1.0,0.0,0.048524220175469625,0.6271857033942441,-0.9026720817965787,-0.9982694572265955,-0.47451494053279336,-1.6884790531868004
1,-0.0011475769621989151,2.0869549045435245,2.0869549045435245,2.850762021582557,0.0,0.0,1.0,0.0,1.0,0.0,-0.19919316832740747,0.31683906057012373,-0.011878697160393303,-0.10209070525028305,0.3708700209394356,0.6302531107430631
1,0.8755909081423157,1.2798868360747044,1.2798868360747044,3.594922828165597,0.0,0.0,1.0,0.0,0.0,0.0,1.3331078360518782,0.2594285421412956,2.4909591532975357,0.44531662787743104,-0.13547493642722214,-1.236722448928316
1,4.364994527229789,4.117963493345527,4.117963493345527,2.7174349186418367,0.0,1.0,0.0,0.0,0.0,1.0,0.46888759091271515,0.6221544405022335,0.2141389548269955,0.6648280393430983,-0.029743687952890792,-0.7964757043523596
0,0.6457808676382697,0.28691172229105266,-0.9309524898309836,0.28691172229105266,0.0,0.0,0.0,0.0,1.0,0.0,-0.9297327564105335,0.4881367360224729,0.7307294130807214,0.5033454098097865,2.1074214953415957,0.9165310663353597
0,-0.9429584242005116,2.1371155678726246,0.2791158966646661,2.1371155678726246,1.0,1.0,1.0,0.0,0.0,1.0,-0.7527708434251098,-2.311932087871547,-1.761737820879066,-1.7793540310359934,-1.273873897850645,-2.249840695683665
1,0.8759397470289634,-1.6749891893099367,-1.6749891893099367,0.035423062606701694,0.0,1.0,0.0,0.0,1.0,1.0,-1.664760656743287,-0.6259543371143617,-1.8912142562680956,0.44929145459238995,-0.5642407542967927,-1.164320125900849
0,-1.4121241681816508,-0.25080682988823955,-1.6153698005935735,-0.25080682988823955,0.0,0.0,0.0,1.0,1.0,0.0,-1.0942236902085685,-0.5803970803083434,-0.4971283274552042,-1.1193174666066403,-0.33036337588864934,-0.9907367595536203
1,4.531212212650233,2.0725804599932087,2.0725804599932087,2.848248608675759,0.0,0.0,0.0,0.0,0.0,0.0,0.5529080589733856,0.030576907469940927,-1.6283613923665055,1.2461612808960487,0.4417504272589816,0.12019810531253228
1,3.3462257846525922,0.9871773365195273,0.9871773365195273,2.8140503537311665,0.0,1.0,1.0,0.0,1.0,0.0,0.3478784106650777,-1.7508251651518998,-0.920921219943563,-0.6579092140376223,-0.35069328822283086,0.2351290266984617
1,2.234535925486107,1.5718764548572122,1.5718764548572122,1.2693584726887577,1.0,1.0,1.0,1.0,0.0,1.0,-1.596124572188556,0.010257817556740281,0.2641548817576918,-0.4260116740170877,0.8589215913349237,-0.4302217420587487
1,0.3292242773840866,-2.193928978233717,-2.193928978233717,-0.49851781064223255,0.0,0.0,1.0,0.0,1.0,1.0,-0.5661980878818196,-2.5517135454898137,-0.525071327299715,1.150478005239335,-0.6893344539421224,-0.7423824547694176
1,5.624394933265797,2.413015901590067,2.413015901590067,4.788774183683214,0.0,0.0,1.0,1.0,0.0,1.0,1.0644360631076417,1.4909997422022865,1.5420943741588786,2.6656906162561893,1.9488970848985578,2.3375926976508317
1,6.682459970408431,2.743062579131342,2.743062579131342,5.796656465117557,0.0,1.0,1.0,1.0,0.0,1.0,1.1118348546679848,0.7855701889433205,0.14450854532961205,2.1754476734020707,0.8008291581461793,-0.09692404615264011
1,1.9349470307732917,-0.7003415013767167,-0.7003415013767167,1.779995470531891,1.0,0.0,1.0,1.0,0.0,0.0,-1.313650324090331,-1.5878237759899934,-0.7124490368046651,1.4338452370775965,0.9574618227402543,1.6933651516290325
1,3.4035953864385755,2.858471503907581,2.858471503907581,3.5049125433381145,1.0,0.0,1.0,1.0,0.0,1.0,-0.23871583341055588,1.1627246991431819,0.8099503241555872,1.1201444562123335,-0.5254533860679713,-0.9906568443313721
1,2.6203547727870307,-0.4971283031859126,-0.4971283031859126,0.3113045712566531,1.0,1.0,1.0,1.0,1.0,1.0,-2.038396299211683,0.7681488197374522,-0.650506141617687,-2.2878226429036648,0.42662737593273214,-0.3219843191689505
1,0.7291588020554891,-1.3642161180682433,-1.3642161180682433,0.8833613660380231,1.0,1.0,0.0,0.0,0.0,0.0,-2.3104611290621233,-0.9378356263398194,0.3150082543545102,0.19541266970981389,-0.5599098169455166,-1.8212872828855948
0,2.8763930466030674,5.550103108147853,1.2117104589820762,5.550103108147853,1.0,0.0,0.0,1.0,1.0,0.0,0.8842664839721666,1.7154984857252569,2.3618386279156707,1.231537327764881,0.16222093261203518,2.2213089900391934
1,7.563967176222015,4.886321218967974,4.886321218967974,6.992954455906866,1.0,1.0,1.0,1.0,1.0,1.0,2.295141655920459,0.457427822249037,0.7338095119844941,-0.9994528646601912,1.1101997490665265,1.9372156803209946
1,5.575806627314685,1.9920612256075247,1.9920612256075247,4.064077246552553,1.0,1.0,1.0,0.0,1.0,1.0,0.23616538368482606,-0.13436651974199976,0.07506500212907308,1.7991560847701775,-0.06480071050983251,-0.06882130474440924
1,3.325536854296984,3.064122403674728,3.064122403674728,2.9884458058535905,1.0,1.0,1.0,1.0,0.0,0.0,-0.041728908679322024,-0.13675296002451137,0.2611752223534084,0.11484505226766771,0.06934404755187666,-0.36799762281337145
1,-0.06240690840267754,-3.1549748771798893,-3.1549748771798893,1.544361114664078,0.0,0.0,1.0,1.0,1.0,0.0,-0.7447882818493063,-1.2208326212355256,0.5922352086368283,-1.4541906684733634,0.12791793452597444,0.0013298101438649623
0,2.969750487782533,4.982049994357362,2.682466647769227,4.982049994357362,0.0,1.0,1.0,0.0,1.0,1.0,1.0537008733791047,0.23173268764813137,0.21699147678884628,1.4025349660605988,0.567859403331979,1.4410901173700499
1,4.523547682913945,1.936293929346861,1.936293929346861,0.9114513760805947,1.0,1.0,1.0,1.0,1.0,0.0,0.024319627099917748,-0.052583627397635946,1.6343574973515378,-0.10595858459907304,0.08149199103297844,-0.14120293084843832
1,4.215884823351138,1.9596700603644692,1.9596700603644692,5.093951347070291,1.0,0.0,1.0,0.0,0.0,1.0,1.0389793883345788,0.7642542252968301,1.4073363846242561,0.8673091882112363,1.7992659627757188,1.0973081676829894
1,4.2010699275964605,0.5480701483635761,0.5480701483635761,3.386858180827597,1.0,0.0,0.0,1.0,1.0,0.0,0.34808954860323216,-0.609592148545048,-1.4283624272892284,0.28154007881794935,-1.1453621254804998,-0.5719438094107627
1,2.8182279314652465,0.12136312737483934,0.12136312737483934,3.085856730612284,1.0,1.0,0.0,0.0,1.0,0.0,-1.1042572743671026,0.35921534685734235,-1.4830274664416867,-1.9922245552358442,-0.8725076977829086,-0.25503724692531543
0,3.827525794560728,1.1959158104271186,3.2812192365459536,1.1959158104271186,1.0,1.0,1.0,1.0,1.0,1.0,-0.10738495192714956,-0.42050003135336617,-0.48730528570661114,0.3660040348142378,-0.45349428789025503,-0.9269108907076189
1,2.898201432032615,-0.3835534927316404,-0.3835534927316404,1.4860293029245757,1.0,0.0,0.0,0.0,0.0,1.0,0.22078865749736537,-0.6145595515874405,0.8636096355050498,-0.5072968225086512,-2.0507211685367626,-0.4180238820176492
0,1.4032464672298288,1.08307835023807,0.2632670215094354,1.08307835023807,0.0,0.0,0.0,0.0,0.0,0.0,-0.07675771813168542,0.3851717331749619,-0.37449748663263877,0.9275210420587289,1.0399840883148697,1.0753295609530835
0,-0.21586272194120548,3.6941929346665776,3.787164539240564,3.6941929346665776,1.0,1.0,0.0,1.0,1.0,1.0,-0.6234570809685106,0.5147552279442082,-0.3637550931958448,0.8105005380722384,-0.8954500465319633,0.3623477275060371
0,1.2519287587748908,4.717584319814855,2.1826744226409778,4.717584319814855,0.0,1.0,0.0,1.0,1.0,1.0,-0.16455935757958218,1.3908786687796595,-0.032521636232611034,-1.250708454477154,0.10277203765057424,-1.3142182440145713
1,1.1087742555686957,-1.9122278495034077,-1.9122278495034077,1.2926680517546996,0.0,1.0,1.0,1.0,1.0,0.0,-1.2279862870974394,-0.376061357198092,-0.32357093597981224,-1.5185253301133206,0.843020647785092,-1.8426846558189314
1,6.945356662676973,5.2903291084968185,5.2903291084968185,5.580467448007066,1.0,0.0,0.0,1.0,1.0,0.0,2.5139691012520666,0.846346781368662,1.3600791157903895,0.4201831713340277,0.5938773590639556,2.7594514644713195
1,5.807529571068637,4.3198294915019275,4.3198294915019275,6.179086724359423,1.0,1.0,1.0,1.0,1.0,1.0,1.2432027325311212,0.3874436717372941,0.171901901105163,-0.010780560630905295,0.40837288842470554,1.4662785037516186
0,0.7378641310355283,2.177099352311264,-1.76665658043228,2.177099352311264,1.0,0.0,1.0,1.0,1.0,1.0,-0.9156097844373935,-1.6039948443981282,-0.18446273719566197,-1.0113256013627079,-0.8267304303168399,0.7257315952877035
1,2.8588551236276314,0.5097028061345903,0.5097028061345903,2.2377291479669497,1.0,0.0,0.0,0.0,1.0,0.0,0.43436294653102614,0.6029361372877489,1.028671375244252,-0.1670365104485732,0.2961519128043129,0.33068581136222835
0,-2.143238811130745,0.9280869746571889,-0.02408455710877422,0.9280869746571889,0.0,0.0,0.0,1.0,1.0,0.0,-0.023318901077898798,-0.7433914942456316,1.6283460861224315,-0.2271466630018792,0.49904189906041724,-0.6456491567802776
0,0.19718735928559705,3.5783857739597362,1.495976070686828,3.5783857739597362,0.0,0.0,1.0,0.0,1.0,0.0,-0.2579916330269477,0.8612519348450305,0.23384231718153886,0.8627433572476896,0.6244189354128745,1.0629431485227383
0,1.731804053638077,5.8657898018231585,2.6342197212860468,5.8657898018231585,1.0,1.0,1.0,0.0,1.0,1.0,-0.5018575185644767,0.17206438406062996,-0.08854911367742896,0.21743042143873625,1.0772952787278074,0.24732174188242992
1,1.0790755837537946,0.8966102824790444,0.8966102824790444,1.6619030707370963,0.0,0.0,1.0,0.0,0.0,0.0,0.0006759551039595767,-1.1767832392416295,-1.1962083509378991,-0.11992589734611533,0.07958773051227147,0.6229239606461092
1,3.3336760777080627,1.7830155401377321,1.7830155401377321,2.588367511995062,0.0,0.0,1.0,0.0,1.0,0.0,1.0253302710975776,0.389142469956428,-0.4546789153400361,0.687057225224627,-0.5148350080003055,-0.498995950442392
0,4.439207818530632,6.209375737398271,4.157103513393933,6.209375737398271,0.0,1.0,1.0,1.0,1.0,1.0,0.6977543672842939,1.0197067864252136,-0.41468883979473126,1.2987676936366497,-0.10037073192283646,0.5393134954400165
0,-0.9760918868964945,-0.12060530214820661,-2.791819579725529,-0.12060530214820661,0.0,0.0,0.0,0.0,0.0,0.0,-1.8669498704152219,0.7476149006299321,0.7918948447940743,0.7838083590630015,2.528519390400227,1.6137853391974255
1,5.665164460791404,0.3270549693113918,0.3270549693113918,6.422903766488483,1.0,0.0,1.0,1.0,0.0,0.0,1.560839676840652,-0.8553781462496994,0.8819609103122099,0.381759937221003,0.2907893801758805,0.46381268391687774
1,2.799632433850765,1.7189802786635306,1.7189802786635306,5.342781792190102,0.0,1.0,1.0,1.0,1.0,0.0,0.6300213863929427,1.3299553589132516,0.9827134471121813,-0.5979424065933987,0.26027138186825166,-0.448352802073778
1,3.1955142187406005,1.1816350326993814,1.1816350326993814,2.519731444360739,1.0,1.0,1.0,1.0,0.0,1.0,-0.6299845239412981,0.02434034888039127,2.128591386212362,2.704683930390495,1.1831744865795546,1.8815442419140096
1,2.996728705815669,2.1068699551033627,2.1068699551033627,3.12355384034961,0.0,0.0,1.0,1.0,1.0,0.0,0.3899979550021961,0.6301635360355013,0.263972430722354,-0.7052477748603394,1.5214764219355636,0.4228183272000894
0,3.7053022823842285,5.677285385174338,2.5757749862529074,5.677285385174338,1.0,1.0,0.0,0.0,1.0,1.0,0.6755972926892937,-0.5660106241536456,-0.7447872105148453,0.4597926582463632,0.0024048711134746215,0.4158725283970467
0,1.17613952960475,1.9741096475387334,1.3083694581417749,1.9741096475387334,0.0,1.0,0.0,0.0,1.0,0.0,-0.19024867025542472,-0.12916626158152766,-0.8670991480740634,0.2789789840353902,-0.32543497651887077,0.7389458176628585
1,0.5781783863051162,0.3874939567901502,0.3874939567901502,3.137262205308418,1.0,0.0,0.0,0.0,1.0,0.0,-0.6468365473251366,0.5172929227060248,-0.9950506639956402,-1.4244976689340718,-1.0191200775237692,-1.2635797326027638
0,-3.169154216734486,-2.73671837434369,-1.507202050366678,-2.73671837434369,0.0,1.0,0.0,0.0,0.0,1.0,-1.9277733965486836,0.29098099844902625,-0.15982887581531396,-2.691285124991965,-0.10498169535191981,-1.9238929354159866
1,5.454012101856094,3.3324396577918916,3.3324396577918916,4.9563248205465475,1.0,0.0,0.0,1.0,1.0,1.0,0.6426831280432288,0.5219616035524879,-1.1939867693091888,1.2050593268532144,0.6894145608157458,-0.9127789758483337
0,1.9181507561322855,4.42504172823924,1.4565272425107758,4.42504172823924,1.0,0.0,1.0,1.0,1.0,1.0,0.05534113179841427,-0.888988287999141,0.8409420962709903,1.8958611221940402,0.19587901395152071,-2.015983352916015
0,-1.9232725896306544,0.9530758651486759,-1.5594961554493982,0.9530758651486759,1.0,1.0,1.0,1.0,1.0,1.0,-2.1654557579540783,-2.2208036869510335,-1.0950144023016093,-1.4175662724103937,-2.302682731914459,-1.6513545003437515
0,5.837404527160189,8.103433332770411,4.106936502828828,8.103433332770411,0.0,0.0,0.0,1.0,0.0,1.0,1.5602660523025593,3.3259709625076264,-0.22020945851122908,-0.0025268893318753927,1.8637700299211604,0.10640028924897549
0,1.3999076063250209,2.3806903467315266,0.6624722015922566,2.3806903467315266,1.0,1.0,1.0,0.0,0.0,0.0,-0.29213908829608415,0.8126115727312981,-0.08597437483226819,-0.6843979815173173,-0.45244587531482816,0.09848327194083793
1,3.885842976999471,1.8686974488078323,1.8686974488078323,5.268242599164233,1.0,0.0,0.0,0.0,0.0,0.0,0.7821137121459988,0.6085783428304293,-0.6001104929685093,1.4704699385962658,0.7630567897910275,-0.054043461955647354
1,1.0492791656619715,-0.5758792801047655,-0.5758792801047655,0.5895600883937469,0.0,1.0,0.0,1.0,0.0,1.0,-0.4257542374154137,-0.01046330190910183,-0.3513363072749349,-1.3968258656952042,-1.058418711950527,-0.4784617835624672
1,5.764810144063831,3.324868568187844,3.324868568187844,6.227683134641811,1.0,1.0,1.0,1.0,0.0,1.0,1.353884047910981,0.06357543977835398,-0.45265582449551583,-0.5897656098278781,1.4933468972911055,0.07461920807937861
0,1.4502100051908984,3.3969539567461027,1.3043760028434228,3.3969539567461027,1.0,0.0,0.0,1.0,1.0,1.0,0.3653281773787632,-1.3184971182749756,-0.9596017511878079,-0.7456839170995283,-2.2939512396368857,-1.2840978605109528
1,3.074253035079976,2.8403832981736765,2.8403832981736765,2.128750341917884,1.0,1.0,0.0,1.0,1.0,1.0,-0.7114101135375773,-0.005821042103301921,-0.042076249036234914,1.9448923266787743,0.37284452475336516,-0.022423080708965537
1,3.73210747166495,2.0496665443641695,2.0496665443641695,4.555751517858816,0.0,0.0,0.0,1.0,0.0,1.0,0.5454079801336146,1.2551232128300032,-0.7544692091713907,-0.26269225304536414,0.8320934259314703,1.2026153822386743
1,3.774487925006379,3.500836060519151,3.500836060519151,3.185390758832997,1.0,1.0,0.0,1.0,1.0,1.0,0.5758691117499593,-0.053157849589790085,1.254973960256502,1.0045860442636245,0.45707815389201845,0.5031560530704609
1,-0.13439436921650483,-0.13603907629617584,-0.13603907629617584,1.380885795376619,0.0,0.0,0.0,0.0,0.0,0.0,0.44484474091178505,-0.04150390027631676,-0.5296663525408672,0.741859095786005,0.01548527740733855,0.8053169601391372
1,5.752308698402865,5.238084625308788,5.238084625308788,9.043894370552298,0.0,1.0,1.0,1.0,1.0,0.0,2.207045140941956,1.123704158745472,-0.0704661049616147,1.54079595727988,2.1631050367463756,-0.259261182458692
0,3.861902142511665,7.1076248694886655,3.538523838955427,7.1076248694886655,0.0,1.0,1.0,0.0,0.0,0.0,0.6711943916663766,1.0096576137620852,-1.1139143822985822,-0.44025132282155344,-0.01031957023383856,0.5064372380731103
1,-3.5423115512323564,-4.246407991320493,-4.246407991320493,-0.027060011142022278,0.0,1.0,0.0,1.0,1.0,1.0,-0.9566003397198374,-1.8778627109050192,1.243064358762837,-1.3400199274757214,-0.4144588922826502,0.4091608826043542
1,0.8839860445100649,-2.0917791782017527,-2.0917791782017527,2.1424913052126837,0.0,1.0,0.0,0.0,0.0,0.0,-0.18404214578417283,-1.5779707752723637,-0.569851971120217,-1.7526147972653783,-0.7067514784437015,-1.3871300728541753
0,-0.5043199598498711,1.8070384665352819,1.4157978003033311,1.8070384665352819,1.0,0.0,0.0,0.0,1.0,1.0,-1.4718912892670075,-0.3675687208890984,-1.1655176418668691,-0.7233016973030968,-0.07992571752751149,1.146307519395029
1,0.21304082362013893,-0.9500693061888372,-0.9500693061888372,-0.3840073520561764,1.0,0.0,0.0,1.0,0.0,0.0,-0.6204217159228189,-1.8484710009362337,-0.6943013117964738,-2.360692488061106,0.5447865484459169,-0.9323312334758491
1,-0.11973999058650919,1.1470296343731057,1.1470296343731057,1.0387175856897295,1.0,0.0,1.0,1.0,1.0,0.0,-1.0347617181307034,-1.2133392715381026,-0.6473637538213851,-0.7279728597274743,-0.7083620489838099,0.6259380667172765
1,-0.661623661169483,-1.1372488893661448,-1.1372488893661448,1.4841801971944077,0.0,0.0,0.0,0.0,1.0,0.0,-1.082398557661667,0.7774847395260008,0.843130036791833,0.07584267342024639,0.4672055022528255,0.4729033813634394
1,8.852597888026489,4.605428572565284,4.605428572565284,7.983704707205166,1.0,1.0,0.0,1.0,1.0,0.0,1.2156154445987364,1.758509057133323,0.845430951234456,0.29925834799902395,0.12625676122315937,-0.24066688943326886
0,3.365847348919146,3.768801268156394,2.900008043716616,3.768801268156394,0.0,1.0,1.0,1.0,1.0,0.0,-0.1515122347454869,0.9378226666001649,0.5757224002119834,1.5687641616381034,0.8205570201367012,0.9402429452734081
1,6.166747633002602,5.006735458777129,5.006735458777129,7.247708504715874,1.0,0.0,1.0,1.0,0.0,0.0,1.6842798362284013,1.302436604164264,0.22966811323946856,1.1225550046292874,0.8356446889677805,2.1215771609666545
1,0.3026557468107962,0.7514867427770611,0.7514867427770611,1.9778085898960462,1.0,1.0,0.0,0.0,0.0,1.0,-0.9544453263136582,-0.8306535789301865,0.6432918703917476,-0.001335391897580418,-0.02725238765131184,0.08488554179787457
1,4.051029001472376,0.8706962668320206,0.8706962668320206,1.5924818383376753,0.0,1.0,0.0,1.0,0.0,0.0,0.9857901552077579,-0.30690262009741176,-0.2580342677970529,0.34144637495960867,0.2405073338294743,-1.0868678543959518
1,-1.6183716715488838,-1.9051988188908542,-1.9051988188908542,-1.612440997168165,0.0,0.0,1.0,1.0,1.0,0.0,-0.6492688142654336,-1.131532316400179,-0.3792593555353734,-1.5301064825557391,-0.456962892460521,-0.7995149864137296
1,2.4778266448265587,1.0492684881788144,1.0492684881788144,2.5312223899722994,1.0,1.0,1.0,0.0,1.0,1.0,-1.079512725145911,-0.012926835366908529,0.6415350694589598,-0.22312120143223485,-0.9950843251650465,-0.14423238955812737
0,2.062117963772263,4.128065561507406,-0.05661003377435314,4.128065561507406,0.0,1.0,1.0,1.0,0.0,0.0,0.2929463321890415,-0.3429974983644856,0.5330631479867145,0.7697014106923299,0.20440774002801607,0.6630297249642816
1,6.064874644122246,2.8928053521578314,2.8928053521578314,5.812813477402258,1.0,1.0,0.0,1.0,1.0,0.0,0.6161028928589604,0.82326029916444,0.8309681626937588,1.4157108219194336,0.9226131382523106,-0.8232494392461445
1,1.7065205505046142,-1.5894438922598548,-1.5894438922598548,0.8567002911131147,1.0,1.0,1.0,1.0,1.0,1.0,-1.0568668255562939,0.17903941899019393,1.2108045007192345,-1.045680127658064,-0.7636269257201317,-0.8924298574372821
0,-2.0562118774537126,-0.3709979471881458,-1.2748599862114696,-0.3709979471881458,0.0,0.0,1.0,1.0,0.0,1.0,0.47915299777666853,-1.10633494705847,0.996085554403638,-1.4530086637719752,-1.4548671321850737,-1.9326814530933827
0,-0.09989053720797436,0.33806531482629426,-2.3675597111931252,0.33806531482629426,0.0,0.0,1.0,0.0,0.0,1.0,-0.7608108199494988,-0.3531502487615695,0.7191558091140238,-0.8549615633453684,0.6069589537183862,1.2997221660527032
1,1.505183143083767,1.5647696605066401,1.5647696605066401,1.5172403497041453,0.0,1.0,1.0,0.0,0.0,0.0,0.060807706905763995,-1.4252027262207845,0.15774135730924532,1.0466031006801226,0.01405123046082335,-1.0850393250357575
0,0.6234056249621128,0.3190551621807918,-0.2004471318414168,0.3190551621807918,0.0,0.0,1.0,1.0,0.0,1.0,-1.0249183528741201,0.5370105775589457,0.13193567217617352,0.6031561101427924,0.7237775128742128,-0.5118662595017887
1,2.940613000545543,3.8016688803291543,3.8016688803291543,4.242900692796039,0.0,1.0,1.0,0.0,1.0,1.0,1.3322880584009666,-0.6397150389626539,0.22363881585360043,0.5054903647349738,0.4469463711800546,0.12102820572215706
1,-1.0638210972494826,-1.5100859307468764,-1.5100859307468764,-1.4281469305724364,0.0,0.0,0.0,0.0,1.0,0.0,-0.8613012295376733,-0.32785268999941347,1.3434876520290815,-2.090878213834327,1.1067140908456254,1.7014854138528726
1,2.9205232583655683,2.272621346554215,2.272621346554215,4.0058480774301755,1.0,0.0,0.0,0.0,1.0,0.0,0.6308398003213722,-0.10259233563368306,0.9300056888941564,0.18246951389422827,-0.10325972720953333,-0.8753190438372977
1,3.7892475598660993,0.8009003825640628,0.8009003825640628,2.6115431420214152,1.0,1.0,0.0,0.0,0.0,1.0,0.2383522555259382,0.05383832672772507,0.04060197100672114,1.3103542260395005,-1.3172851569441684,-0.991397955254895
1,1.8713621156579574,0.2515140572338113,0.2515140572338113,1.7466873860976615,0.0,0.0,0.0,0.0,0.0,1.0,1.0508786072834706,-1.2674245153118042,0.006551864683492004,0.2636659347041537,-0.76288908172262,-0.40314892533858215
1,1.9360129002429158,1.768798864178021,1.768798864178021,-1.8943366211794443,1.0,1.0,1.0,1.0,0.0,1.0,-0.8928329542227836,-1.0678863571781902,-0.9805095927699572,-1.5118482282181451,-0.4217945522957528,-1.6582901061343338
0,1.534643964340259,3.8783806074486162,3.460717976420317,3.8783806074486162,1.0,1.0,1.0,0.0,0.0,0.0,-0.42764606403405253,0.6759357908496288,-0.854710869424985,-0.07601755068718691,0.8998013115021986,-0.6283633127212652
1,0.5512678488318099,3.837875047056357,3.837875047056357,5.540946053720864,0.0,0.0,0.0,0.0,0.0,0.0,1.8321490199311763,-0.4430158815868205,0.407077011555824,2.083221984900102,0.6466227435302725,1.0788530670071794
1,2.573573942828533,0.7632945089235239,0.7632945089235239,2.6590880458047548,0.0,1.0,0.0,1.0,0.0,0.0,0.7345422578853225,-1.8387018410816425,-0.8857193182135803,-1.0015429934405653,0.6782139239798579,1.0565660539030672
1,4.9699068718360735,2.1529323056818157,2.1529323056818157,2.581045083725334,0.0,1.0,0.0,0.0,0.0,0.0,0.6271189775646401,0.46372288599667366,0.733245067078765,0.8556420298884376,-0.31247117560272875,-1.042659480972373
1,3.553893049979873,4.612963438798986,4.612963438798986,4.368997702642424,1.0,1.0,0.0,0.0,0.0,0.0,0.76915346331784,0.3612801308625043,-0.08716653350621711,0.7986428601889923,1.7777833517969306,0.2368303568514341
1,0.40141661699378567,-1.2594584150932246,-1.2594584150932246,0.49599279682711656,0.0,1.0,0.0,0.0,0.0,0.0,-0.1027569945880905,-0.9102047134699964,0.6772661492802854,-0.5211728423441362,0.07063686631273497,-1.2952125934731065
0,-2.0221048130689403,-1.4201373357475942,-4.160181835059932,-1.4201373357475942,0.0,0.0,0.0,1.0,0.0,0.0,-2.004920285642417,-1.173434403867683,0.8532171542855155,-1.1605666957865133,-1.7739879001638466,-0.6582041840080104
0,0.07133232532696324,-0.5340989818434703,0.21010760916173543,-0.5340989818434703,0.0,1.0,0.0,1.0,0.0,1.0,-1.4155947109169766,0.8117287125495207,0.4339268599965291,0.05911945850924673,0.8992764813957732,-0.8875687877411096
0,2.2799385779218007,1.3035880291385755,1.2088609047572172,1.3035880291385755,1.0,0.0,0.0,1.0,1.0,0.0,-0.6713059489046613,0.6134798542535138,-0.2554687340128625,1.0091898493464107,-1.535971791257366,1.1551480778156833
0,-0.8876332886822308,1.209632175947912,0.4154377078156618,1.209632175947912,0.0,0.0,0.0,1.0,0.0,0.0,-0.06653193101107475,-1.1943458391519117,-1.1555668118387523,-1.0061947225205563,-0.7903861333910495,-0.9774894175350959
1,3.656678822644704,0.06426156897991242,0.06426156897991242,2.0157058168813538,0.0,0.0,0.0,1.0,1.0,0.0,-0.29815432305481576,0.8275413555179626,-1.6583222000018372,-1.7919923432989924,2.1148799581938844,-1.639256556341723
0,2.733686952265825,2.4734284409754,1.703253173480435,2.4734284409754,1.0,0.0,0.0,0.0,1.0,1.0,0.20478952702587275,0.38163583494125214,0.3027647755688288,-1.670058943627797,-0.3385240763340931,-1.1322923150056186
0,0.18683907223363205,2.004824338839007,-0.4278063873964206,2.004824338839007,1.0,1.0,0.0,0.0,1.0,0.0,-0.9996232743720921,-2.261985102914,-3.117772657732827,-0.7379813386216693,-1.6847035954123435,-1.1898823581119014
1,5.005166772498799,4.594631787853554,4.594631787853554,5.36531519540123,1.0,1.0,1.0,1.0,1.0,1.0,1.3908634257203292,-0.3623869762958438,-0.3810532679822274,0.012075088636532533,-0.8538805722355267,-1.8160689111429746
0,2.7072545813416653,3.9490788916155255,4.241963853388332,3.9490788916155255,0.0,1.0,1.0,0.0,0.0,1.0,1.3830734144338477,0.08646049264742883,1.4435279368107545,0.5889534536951616,1.7770409348634661,0.9548905959757288
1,3.6807925574712312,0.8403114819793178,0.8403114819793178,3.714474992779879,0.0,1.0,1.0,1.0,1.0,0.0,0.8201161514770752,-0.8167421838854871,-0.26690538398253694,0.7457546273298448,0.2612295077420118,-0.3035829233452956
1,1.5658656623395553,-0.7569038365423205,-0.7569038365423205,0.5844171350146066,0.0,1.0,1.0,0.0,1.0,1.0,-0.7502919073065829,0.008573814829710369,-0.1382229235365146,0.08424998129419456,0.17273154182491457,1.7601148132732278
0,1.1819271020930322,2.180666366087231,1.1488965702846081,2.180666366087231,0.0,1.0,0.0,0.0,0.0,0.0,0.687095047206572,-1.1492590168140042,1.1730704843909814,0.9335444358876293,1.984177553120515,1.3351102027201276
1,2.845695572744491,0.1437988637861335,0.1437988637861335,2.9199212384548185,1.0,1.0,1.0,0.0,0.0,0.0,-1.2275346112090364,-0.13743524533826412,-0.5551628627823308,-0.12475321629162049,-0.4548876924344175,-1.0124260139889818
1,6.963000283288672,4.9707152764592015,4.9707152764592015,6.905559266824024,1.0,1.0,1.0,1.0,0.0,1.0,1.1237189456864238,0.6681054750209234,0.38863776590097787,0.0617005770258115,-0.4896381741429393,0.02355376424940607
1,2.0584925758649626,0.24951947546905862,0.24951947546905862,0.5671421136161561,0.0,0.0,1.0,0.0,0.0,0.0,0.20538062969359017,-0.07938734261753144,0.8773602455483186,0.8313797669220789,0.11834577940146407,1.1791563426405032
1,3.6227291811822178,1.882999301668844,1.882999301668844,1.9258264276006807,0.0,1.0,0.0,1.0,0.0,0.0,-0.013360496812672108,0.040273084829514916,-1.170666273530669,1.8805783591075569,0.005074402532142225,0.14011618867177644
0,-5.043551518167243,-5.318883080808414,-1.3869763559121946,-5.318883080808414,0.0,1.0,0.0,0.0,0.0,0.0,-3.195112156260642,-1.1372916224718586,-0.24741899775736176,-1.6207582010328494,-1.1671760527572348,-0.6416876287405224
1,0.34807175557989023,-0.0429095652851674,-0.0429095652851674,1.6393030509613145,0.0,0.0,0.0,1.0,1.0,1.0,0.20573338683316092,-1.4421838888824188,-1.0985645311308703,1.2339538972818995,-0.5740975201002191,-0.3225780512048183
0,4.477104271144824,5.313854459732177,5.157924557019672,5.313854459732177,1.0,1.0,1.0,1.0,1.0,1.0,1.0704345556119483,-0.21286950277555727,-1.391905879676725,-0.9934671112953146,-0.8633752033249469,-1.6231203648844126
1,5.333019496235284,0.888001301246998,0.888001301246998,3.5181096997327974,1.0,0.0,0.0,1.0,1.0,0.0,-0.3650475740736362,0.2911649644971164,-1.915357096507104,1.0913191008160645,-2.277609183896419,-0.3536071504963114
1,3.238223794287471,1.816927771735148,1.816927771735148,4.828922027422086,0.0,1.0,0.0,0.0,0.0,0.0,0.24226871304560008,0.6101621802131867,-0.16940025454339402,2.4493845440927853,0.016174308718329033,0.2501914143752793
1,0.3798844828623976,-0.6360397642385124,-0.6360397642385124,0.6987195804742301,0.0,0.0,1.0,1.0,1.0,1.0,-0.5032803283248133,0.5285404419337926,0.6343570802067058,-1.5942829508683656,0.27315697825344604,0.6893385500943774
1,4.737315989704841,3.8913909557915276,3.8913909557915276,5.617723510415452,1.0,1.0,1.0,1.0,1.0,0.0,0.6795270439559884,0.424892197281544,-0.23413966523869967,-1.3921272067842603,0.10465543896229086,1.0645683880990187
1,2.1229576342925256,1.617663615965904,1.617663615965904,4.715003587272617,0.0,0.0,0.0,1.0,0.0,0.0,1.3124340483389438,0.07385524589366935,-0.12447585478542078,0.9050142943795285,-0.5724813075623814,-0.4741845181353441
0,0.23631662972526446,1.8754347371780726,0.6365849504101899,1.8754347371780726,1.0,1.0,1.0,0.0,0.0,1.0,-0.8025220097734188,-1.2631248701487765,0.5240289417637745,-1.0290930787052366,0.2736339059175815,-0.0769060177835631
0,2.286633404297759,2.3620499567788404,1.1155085207597222,2.3620499567788404,0.0,0.0,1.0,0.0,0.0,0.0,1.0031651353496696,0.3247413832192008,-0.07122011976878662,0.2874419922336915,1.1712333864153126,2.0464345737274403
0,3.3743542257444146,1.790058170493805,-0.1001686177387291,1.790058170493805,1.0,0.0,0.0,0.0,1.0,0.0,-0.3914653049729704,-0.028195962690157172,-1.0062637914898354,-0.26795024682084045,-1.3281687611544184,1.2344872765058508
1,-0.16100185950586196,-1.3442778776922548,-1.3442778776922548,0.876672516025481,0.0,0.0,0.0,1.0,1.0,1.0,-0.8051690159485347,-1.4087678392698033,-1.190970412385713,-0.49734339753358126,0.17673655099560337,-0.08924463296313023
1,7.906468691960417,3.871742293756231,3.871742293756231,6.7751575657844585,1.0,1.0,1.0,1.0,0.0,0.0,0.13645145414806087,1.7755308302603732,1.1927746305456293,1.6686775925500825,1.372792414526637,1.6187938547649532
0,4.15531966303772,5.7912194869053915,2.2497546284811043,5.7912194869053915,0.0,0.0,1.0,0.0,0.0,0.0,1.6317400646983098,1.0976130467327323,0.37230635350478225,0.41815898675174723,0.5372337092939404,0.8244586439251685
1,5.132240726973649,4.814271858693864,4.814271858693864,7.227407536254763,0.0,0.0,0.0,0.0,0.0,0.0,2.406199137582738,1.7825463104638517,0.28411152060879497,-0.041521874848222284,1.1840677286493044,0.7866132068253157
0,0.7511726718241138,1.4437039038521167,-0.324776607547747,1.4437039038521167,1.0,0.0,1.0,0.0,1.0,0.0,-1.4573644091116302,-1.5571255245585185,-1.595920325662986,0.7056113706252649,-1.2172391619894827,-0.9595675699936261
1,6.429129941288672,5.230938648153694,5.230938648153694,9.265069705074062,1.0,1.0,1.0,0.0,0.0,0.0,1.126454720159306,2.0907616433175535,1.2751540822855054,1.5996545131029007,0.7182734617736732,0.3326768210391138
1,4.460930733745118,4.800507996968927,4.800507996968927,4.854539493639763,1.0,1.0,0.0,1.0,1.0,1.0,1.0069443534779776,-0.308060372631766,0.6276239657949055,-0.7212486149563835,0.9843605401422572,0.663807107329691
0,1.6124775257587873,1.8036475688404892,1.0672671067975725,1.8036475688404892,0.0,0.0,0.0,0.0,0.0,0.0,0.43876493751675116,0.7020511526873863,-0.39264019266264893,-0.9697186795502476,-0.6410501035306411,-0.22524069387282356
1,2.599839766083523,3.0401024589497854,3.0401024589497854,3.921749114994506,1.0,0.0,1.0,1.0,1.0,1.0,0.7233381618149437,1.1329927480751019,2.0800873322153826,-0.08633589694457021,1.7838255689945033,0.0841331648785757
1,2.910609048822764,0.9742941109532031,0.9742941109532031,1.1742984921207233,0.0,1.0,0.0,0.0,1.0,0.0,-0.4442096924662827,0.31501047826411255,-1.7502738761207959,-0.9995597250729515,0.8760074392436064,-1.9374211316838748
0,1.1618702725396088,2.048345524555537,2.8723344278149066,2.048345524555537,1.0,1.0,0.0,1.0,1.0,0.0,0.12182725046652101,-0.49352589100723654,1.0863074513566255,-0.026787510048235486,-0.7124809916835354,0.1307474072787958
1,3.001383445635663,1.5057135293702766,1.5057135293702766,2.855727946385114,0.0,1.0,0.0,1.0,1.0,0.0,-0.4327239882368215,0.9183323175680254,0.08150311740467411,-0.93250071759925,-1.0505003239632318,-0.9224946837326901
1,1.3630379172799572,0.49670666534372165,0.49670666534372165,1.2470938058706347,0.0,0.0,1.0,1.0,0.0,1.0,-0.3809180729343068,1.1610539245877247,-0.09173181407733252,-0.4188326114239662,-0.2049976476326716,-0.26737128046129216
0,2.6039751594801914,4.009669536652335,1.054361231046266,4.009669536652335,1.0,1.0,1.0,1.0,0.0,0.0,0.11764262984741804,-0.36351795969684014,-1.012461694634092,0.08867220650175861,0.5276823150877119,-0.5476688815149551
1,4.148466448698391,4.514053623842031,4.514053623842031,3.8187100837759864,0.0,0.0,0.0,0.0,1.0,1.0,0.999882220243956,1.256965283772354,0.2389269438581869,1.6472893648231877,-0.000196120535208677,1.1715990751535585
1,-0.11821615031278676,-1.9170405008192772,-1.9170405008192772,1.802930511255254,1.0,0.0,1.0,0.0,1.0,1.0,-2.100393360486868,-1.094210947831495,-1.3129798363640188,-1.427000429150217,1.0490902934042499,-0.24395676061521132
1,3.901738719757129,2.0455370190945312,2.0455370190945312,6.685676670920435,0.0,1.0,1.0,0.0,0.0,1.0,0.8610624144768524,-0.04489914810917367,-0.3869039666024382,0.31294276176114527,-0.5716307969977341,1.318189245529155
1,1.9890877815845436,1.9498455643015395,1.9498455643015395,1.3803377753614328,0.0,1.0,1.0,1.0,1.0,1.0,-0.5169063696012082,0.5455970244355254,-0.4083668870423346,-1.3683798042033735,0.6239501627846592,-0.9500871343400625
0,0.9144211988647173,1.735632185330421,1.569771162332595,1.735632185330421,0.0,1.0,1.0,1.0,1.0,0.0,-0.13965484020285598,0.8145052617794036,0.8113400714138682,-0.3211697391279682,0.34711479562493736,0.5107893702086166
1,1.4431071115117977,0.6476825365582061,0.6476825365582061,-0.4969667703598555,0.0,0.0,1.0,0.0,0.0,1.0,0.6385278183221738,-1.412452377234285,1.164339099505676,1.1767863097008762,0.3045463578994239,-0.898040439993705
1,1.1876333021576249,-0.9504506712066693,-0.9504506712066693,1.4080364646632029,0.0,1.0,1.0,0.0,0.0,1.0,-1.6807892625778487,-1.815682263622368,-1.930003496096289,-0.6166335530706084,-0.6790334027435652,-0.23530683046403034
0,-0.4533236362302506,1.314062288427749,0.40455430358265443,1.314062288427749,1.0,1.0,0.0,0.0,1.0,1.0,-0.814558512664133,0.7554665698387089,0.7426114691116052,-0.714695575875058,0.33872928993043766,-0.29434700414484916
0,1.594575321670848,1.5312365369186507,1.0061091900008234,1.5312365369186507,1.0,1.0,1.0,0.0,0.0,0.0,-0.42461604501604183,-0.7865764521631124,1.2133899599968503,0.05825579170510842,-0.650605699633187,-1.2456728562864203
1,5.993934953899897,5.085110577696071,5.085110577696071,6.085258415887329,1.0,0.0,1.0,0.0,1.0,1.0,0.7476219221758564,2.165884808388397,0.8891226085547809,0.12024631303271666,1.1766322944972896,0.42349109538180296
0,3.7543267103643,5.030639839227764,2.648165639507347,5.030639839227764,1.0,1.0,1.0,1.0,1.0,1.0,-0.4216732518222254,-0.13145873219698867,-2.4413233559070004,-0.2401943263575718,-1.873616647910627,-0.1276195985668811
1,2.6598652390272686,2.1776273432843984,2.1776273432843984,2.914537748875239,1.0,1.0,1.0,1.0,1.0,1.0,0.3423608357562,0.2051308326871903,-0.20898763648158208,0.2587862864146192,0.5191754644449691,-0.41707839268520325
0,6.173735642758774,6.3099276981444286,5.418011728921986,6.3099276981444286,1.0,1.0,1.0,1.0,1.0,1.0,-0.3253277404422042,0.9602875955906619,-1.275676126126431,0.7841312524855932,0.8091188748816536,0.8399267242230943
1,1.3746750788222502,-0.9630466008023182,-0.9630466008023182,1.1663621379445086,1.0,0.0,0.0,0.0,0.0,0.0,0.02558478301432244,-0.2298990997773589,-0.06545442091672134,-1.347647315106113,0.02324277635722105,-0.4898079629669977
1,2.224718994832473,-0.7193962213409795,-0.7193962213409795,1.3628311373410462,1.0,0.0,1.0,0.0,0.0,1.0,-0.2908501101990823,0.2891532494890794,-0.13565929881265038,-0.9616314545858642,-0.569152247920005,-0.28761372022208354
0,-3.6961495455768842,-0.6057486988384007,-2.844442254595096,-0.6057486988384007,0.0,0.0,0.0,0.0,0.0,0.0,-1.471951547224118,-1.0967785313596006,0.3647914706160513,-0.11286728183379224,-1.8400690202492445,-2.7176494394321873
0,-0.5338444785703004,1.9008034021531954,1.0287063442539686,1.9008034021531954,0.0,1.0,0.0,1.0,0.0,0.0,-0.8430427069533618,1.341168717247045,0.08155715990817947,-0.5124464613578933,0.591899724869376,-0.39963607806655027
1,3.8767579038909803,1.3320419803743182,1.3320419803743182,4.969752688402471,1.0,1.0,1.0,0.0,0.0,0.0,0.9408387724612177,-1.335463520634387,1.975354864114473,1.3124283077579308,-0.29982879078683194,0.17846742495671447
0,-0.0058341370680472515,3.2732688251817725,1.8055504954409043,3.2732688251817725,0.0,1.0,1.0,0.0,1.0,0.0,0.3097547908086482,-0.3243778565912532,-0.594696794003178,0.04010086105307051,-0.21484920233862922,0.39887292670213603
1,0.09459463840290017,-0.6482481437738188,-0.6482481437738188,0.6677647592004231,0.0,0.0,0.0,0.0,1.0,0.0,0.8462049407181873,-0.4651889358555927,0.8088519669345298,-0.7570672073961581,0.16703128434459516,0.7342082572099978
1,-0.8109577325435033,-0.21568394503205224,-0.21568394503205224,1.4590107746567087,1.0,0.0,0.0,1.0,0.0,1.0,0.16467655908886966,-1.2908351346837406,0.123953460857401,0.5668907608817697,-0.1814168531272705,0.09628570619412216
0,0.9406092806970349,1.0932285147878509,-0.31023086290532786,1.0932285147878509,0.0,1.0,0.0,1.0,0.0,0.0,-0.6058137005524574,-0.07813302347411208,0.31270338100885153,-0.24577023615702154,-0.32319665521308905,-0.060261405469493864
1,3.551432856267202,3.3088687178214164,3.3088687178214164,3.9288893098080684,0.0,0.0,1.0,0.0,1.0,1.0,1.4130685393900766,0.012510592962477002,0.19008112726488524,0.8476072791529284,-1.4912334075163178,1.7305383595036408
1,2.053073139248069,1.625977613245867,1.625977613245867,2.468444030980661,1.0,0.0,1.0,0.0,1.0,1.0,0.0642835055838199,-0.6050597926759512,0.8527270992649454,-0.20577019293278406,0.9074232581798471,0.5654978942978618
1,4.01575598306633,-0.4788667675179661,-0.4788667675179661,4.949844667121418,1.0,0.0,0.0,0.0,0.0,0.0,0.14871815770443245,2.342312174011693,1.1231330993491746,-0.5025998174683175,0.5516207802894959,0.6997935189735973
0,1.9288973344402018,1.9793359342311831,0.6773459984435926,1.9793359342311831,0.0,1.0,1.0,0.0,1.0,1.0,-1.1805249243845894,1.3900384185063226,1.7369326230249018,0.49916017860479867,1.4451174453915916,-0.7321548914664004
0,-0.10292385638925494,2.7272029797369415,3.144133573129811,2.7272029797369415,0.0,0.0,0.0,0.0,0.0,0.0,-0.07792422221217059,0.5970391787959194,0.019822135555087605,0.4618476595297061,1.668831251540094,0.40231975689130284
0,1.0858055592422828,2.89259576499429,1.9242115907191828,2.89259576499429,0.0,1.0,1.0,0.0,1.0,1.0,-0.5372226562126069,-0.010543729923143674,1.0174806181712537,0.2489054940113533,1.9910019432831665,0.609309806435901
1,1.7689439826934001,-0.26175718976256174,-0.26175718976256174,1.0046984718404828,0.0,1.0,0.0,1.0,1.0,1.0,-0.7984831994690087,-1.5004675528104245,-1.2774080648979622,0.4081253016289508,-0.0450117751801834,-0.50319453985902
0,-0.2912324601054739,3.321889383079335,1.7078346834995413,3.321889383079335,1.0,1.0,1.0,1.0,1.0,0.0,-0.7805818695403108,0.37846282215413407,-0.2745065611056934,-3.2116462903794254,-0.5486223713585026,0.08111589441572603
0,2.3302919688768116,6.074164713043176,2.122744859512959,6.074164713043176,1.0,0.0,1.0,1.0,0.0,1.0,-0.9425395103711958,1.5539040256280354,-0.6684767203683978,0.34444694172330625,1.2520091081934648,0.2747627758718775
0,-0.1811948844654181,0.6664850542313789,-0.17404127204137249,0.6664850542313789,0.0,0.0,1.0,0.0,1.0,1.0,0.787445840063936,-1.3101376757802516,0.6200256497745886,-0.4832607751655598,0.0905005550064822,0.869159038061847
1,3.3104609037999677,1.769827629289874,1.769827629289874,3.669043089517452,0.0,0.0,0.0,1.0,1.0,0.0,1.2565148772275447,-0.027098375417670517,-0.2310250273257866,1.397310945623669,0.6843211664199904,0.18810578260448285
1,-1.4327848343549556,-1.3405580876279917,-1.3405580876279917,-0.7532889376096389,0.0,0.0,0.0,0.0,0.0,0.0,-1.315510197064067,-1.9980613978693293,-1.0672986843491217,0.47370357431322074,-1.5893888961251919,-0.22731666928032102
1,2.6031238009344695,-0.9211321540673888,-0.9211321540673888,0.35537764149425755,1.0,0.0,0.0,0.0,0.0,0.0,-0.3443703380822099,-1.182318821818901,-0.5705767127367182,-1.310978999597685,-0.3015266835796012,-1.6916111821701176
1,8.632431974884133,5.159587386174283,5.159587386174283,5.110522482899336,0.0,0.0,1.0,0.0,0.0,1.0,1.8310658672443743,2.5866392733259786,1.9350471270944436,2.1791469148060556,1.1098099673161235,1.850521901218764
0,2.9197505118220244,2.9075266243166378,1.1076954540536788,2.9075266243166378,1.0,0.0,1.0,0.0,0.0,0.0,-0.38000410024131903,0.8263192212785221,1.1993081712673979,0.983487201117375,-0.12812674831437254,0.5871091412420549
0,-2.4713293798241427,-1.4009151586982598,-0.972541041559245,-1.4009151586982598,0.0,0.0,0.0,0.0,1.0,1.0,-2.3987866989521893,0.707686356436312,-1.175436837626588,0.14623218271587596,-0.6108581985828644,0.14970916106352855
0,-2.1361539973724657,0.23622081816801432,-2.622530240433634,0.23622081816801432,0.0,1.0,0.0,1.0,0.0,0.0,-1.711121459343906,-1.3851333211243073,-0.42358001157117187,-0.08208564845292377,-3.2389866102209917,-1.2827706023233172
1,0.46342340781741465,3.136844650850054,3.136844650850054,2.6694148925941628,1.0,0.0,0.0,1.0,0.0,0.0,-0.6611969051763282,0.4898265366719549,-0.9149358202306863,0.31944295612033874,-0.33567597987188247,0.43756831147099057
0,2.4323017498477633,1.6052650422560701,1.6195634570345065,1.6052650422560701,1.0,1.0,0.0,1.0,0.0,0.0,-0.7046017311679822,-0.6121335082277982,-1.3165531581633125,-2.3190654628056206,-0.1472921141812587,0.1039619368359821
1,0.8253260527899804,-1.7276676914836169,-1.7276676914836169,-0.5637727105271687,1.0,1.0,0.0,0.0,1.0,1.0,-1.0911614457112104,-1.6997262910749598,1.462181924349692,0.3885178164938888,-0.4650553175652497,0.6531348484432964
0,-1.2909091005734428,0.580231256009273,-1.5753142644761293,0.580231256009273,1.0,0.0,1.0,1.0,1.0,1.0,-1.4919165695583572,-1.9111395263710593,-0.8487485758046229,-1.0384975276388215,-0.6006806119009035,-2.3775373559660538
1,3.757854539441857,2.9602869750178558,2.9602869750178558,3.103480964025008,1.0,1.0,1.0,0.0,0.0,0.0,0.9508430791696407,-0.54069970836551,-0.07092808859318378,-0.9660575293573112,-2.041115933087779,0.6347037694263002
1,5.945364621002749,4.367473298123074,4.367473298123074,6.007657797595259,0.0,0.0,0.0,1.0,0.0,0.0,1.5266741000936361,1.5976476910554611,0.6782171886086504,1.1996058940839742,-0.3810728806079276,-0.3410338021177865
0,-0.8275949614200686,-0.3835168305933253,-1.4406807787589258,-0.3835168305933253,0.0,1.0,1.0,1.0,1.0,0.0,-0.6665315017550903,-0.9618274460093359,0.34206547709322155,-0.2983769304785042,-0.016659412484151814,-1.8527583491504125
1,3.916409471850499,1.656759588370238,1.656759588370238,1.358374613388667,1.0,1.0,0.0,0.0,0.0,1.0,0.23044974219321318,-0.1681325605213646,-1.1227932817171458,-0.030156765400942184,-0.9529191116325407,-1.8490711654052712
0,3.084267780971479,5.237920084857626,1.7741529355668,5.237920084857626,1.0,1.0,1.0,1.0,1.0,1.0,1.122683175528175,0.5004520985148233,2.3812800949260904,0.27943676306021925,0.7182354013185346,-0.929172981682712
0,0.9699071058707949,1.5138882718419124,0.9047319387790582,1.5138882718419124,1.0,0.0,1.0,1.0,1.0,0.0,-0.6168030692138634,-1.3301080858302896,-2.2535224173168693,-1.249233165614439,-0.9417848252250274,-0.6951442917037793
0,3.554081820730845,7.618866666138027,6.17120989586634,7.618866666138027,1.0,1.0,0.0,0.0,1.0,0.0,1.013742274215181,1.4928296706592759,-0.29480760675696543,0.8067019152413869,0.12223049306530609,-0.16839370228481704
0,3.1681683583560543,4.870180162166299,4.258885064790796,4.870180162166299,0.0,0.0,0.0,0.0,0.0,0.0,1.153828341756278,0.9673280499174909,-1.3973544840517351,0.49400280504002503,0.5280076095667796,2.562136673772683
1,4.281896189975523,1.252772569254276,1.252772569254276,2.806705727439406,1.0,0.0,0.0,1.0,0.0,1.0,1.03878069446877,-0.25992572054850993,-0.37759163569401494,-0.3168185887690519,0.2607575026696005,0.9774960353652171
1,2.22414385927529,-0.25849010529686667,-0.25849010529686667,3.298270250570517,1.0,0.0,1.0,1.0,0.0,0.0,-1.090506530417571,0.6806711863939449,0.5182919444243574,0.06363125079926191,0.1422805580167506,-0.20419651277992373
1,5.155545614259576,3.127769371267673,3.127769371267673,5.470620345389627,1.0,1.0,1.0,0.0,1.0,0.0,0.06004462090342911,0.5387125124120316,0.5138929722966581,-0.02045592561369236,2.232223494787478,0.23378232578769664
1,1.2783470448824814,-0.516053992916436,-0.516053992916436,-0.04407734465113822,0.0,0.0,1.0,1.0,0.0,1.0,-0.12055562718904525,0.017490816929783715,1.8865069140345492,0.3925040783387015,1.068889437379164,-0.06302079161422047
1,3.934717005974669,3.3730298306745734,3.3730298306745734,1.2321203093261235,1.0,1.0,1.0,1.0,1.0,1.0,-0.2723852975503151,-0.10086750621209495,-1.530864521639084,-1.608566512745969,-1.209267909195513,-1.0927237270202692
0,1.0397252366610668,2.855170693407147,1.7382548282824324,2.855170693407147,0.0,0.0,0.0,0.0,0.0,0.0,1.7531650179556748,-0.15542814910351027,0.24205616279567935,1.258934161674309,-0.15997845640586073,0.17223807237940342
1,0.3707188986733254,-0.5515853943612812,-0.5515853943612812,1.1140110605964737,1.0,0.0,0.0,1.0,1.0,1.0,-1.2653693356601494,-0.08288401143388602,0.9814672121802283,0.2665755915864718,-1.3764712116753495,-0.2632517713566118
1,3.690923632539817,2.016113113464249,2.016113113464249,3.224875526309548,1.0,0.0,0.0,1.0,1.0,0.0,0.5840950947579691,0.2963624392646319,-0.5780676514163292,0.2501620226589706,0.8253065235517161,1.4316489937192096
1,5.1646905771666765,3.0153024044518504,3.0153024044518504,4.2745787400380255,0.0,0.0,0.0,0.0,1.0,0.0,1.3584901341697646,-0.02223162087784486,-1.0845728144854896,1.0015567005142967,0.3869543875874802,1.7943845395236069
1,-0.01918223820116216,0.876864996409227,0.876864996409227,0.6633867635422837,0.0,0.0,0.0,0.0,1.0,1.0,-0.32262245866059774,-1.0375804774453383,-0.9706525224085697,2.008163659176668,0.4996884926491717,0.36301816386582775
1,3.3097903400358915,0.0377092881503745,0.0377092881503745,-0.529279206518622,1.0,0.0,0.0,0.0,1.0,1.0,-1.225531036064592,0.9446919672230489,0.38419933849436905,-0.4643727731829205,-0.0873690991281253,0.8408602643365258
1,2.1128198914153478,-1.5102951125711577,-1.5102951125711577,0.7301253021733882,0.0,0.0,0.0,1.0,1.0,1.0,-0.6392223277724748,0.4968938951346587,0.5198809524842565,0.6230044692984205,2.0972579866319028,0.6611129046958981
0,-0.5919387272465781,1.2581337693621377,-0.1570828385632016,1.2581337693621377,1.0,0.0,0.0,1.0,1.0,0.0,-0.5720193442310632,-0.8484351590569152,0.7603796825837956,-1.4851277474304125,-0.5212066364397098,-0.02900259372160116
0,3.956600966691351,4.871959065596483,3.9251327044153284,4.871959065596483,0.0,1.0,0.0,0.0,1.0,1.0,0.17563010323542966,0.8798134939123524,-1.9585162787314854,0.4264289032922205,-0.23083252620796998,0.6877060892320928
0,-2.5286872692811824,-1.503923271381439,-1.1181227223109824,-1.503923271381439,0.0,0.0,1.0,0.0,0.0,0.0,-1.3789454086677093,-1.5970985982565327,-1.9326244205788417,-1.4352509052253084,-1.3830852103849292,-0.04769173788199699
1,6.825178191689767,4.268761320130518,4.268761320130518,5.066995866246631,0.0,1.0,1.0,1.0,0.0,1.0,1.7226358686579004,0.4424099813167415,1.7475172590281063,2.375158289997112,1.5205882514009246,0.34839584405215307
0,2.343773234300121,4.435839276944328,1.9108149455553973,4.435839276944328,0.0,0.0,1.0,0.0,0.0,0.0,0.06149646173956754,1.5384256630420179,-0.4578868684394155,1.0407414644127728,3.0537683433437417,0.7529598720775947
0,2.3052815220286758,3.029491166184168,2.350246758881246,3.029491166184168,0.0,1.0,0.0,0.0,0.0,0.0,1.173862411128577,0.16511136529039094,-0.547531134849359,0.8650128824491369,-1.3966191553535636,0.6265553126411196
1,4.569535652509866,1.7640750327058632,1.7640750327058632,3.370294597253973,1.0,1.0,1.0,1.0,1.0,0.0,-0.3147535079639568,0.7920372662129891,0.585010970118421,1.174430228841372,0.07646350676374869,-0.7009095284274324
0,1.6911855743870259,2.044070339249755,1.397352210131241,2.044070339249755,0.0,1.0,0.0,0.0,0.0,1.0,0.08341473727576737,0.5604622277105086,-0.09033067789369109,0.17160868476058316,1.7738778535833335,0.1043277516924323
1,3.5494634297358223,3.313634972013309,3.313634972013309,6.1872150678078395,1.0,0.0,1.0,1.0,1.0,1.0,0.1998250274975081,1.1182390595538902,0.35006400110432034,0.3659243523286873,0.00949467867346121,-0.36298061952310284
0,3.768769134736453,6.116383505140573,5.280746183775352,6.116383505140573,1.0,0.0,0.0,1.0,0.0,1.0,1.9333673642986307,0.5944296190339278,0.36851623461882793,1.4888793974470904,0.5649002700342801,2.2234521066027213
1,-0.05119012242009591,0.6204205156827516,0.6204205156827516,0.5808455788330404,0.0,0.0,1.0,0.0,0.0,1.0,-0.4901055489167151,-0.5463499281166175,-1.2543377963973232,-0.40006827629960673,1.4207589987651599,0.22024848680456988
0,-0.02015924341899189,1.9976680697412252,-0.6133661797429618,1.9976680697412252,0.0,0.0,0.0,0.0,0.0,1.0,-0.21067041520455923,0.6323776278542932,1.6822327380108828,0.2076906115257832,0.7543242343969344,0.617203176963599
1,3.1220649632636888,0.7741029052725295,0.7741029052725295,3.630065965208163,1.0,1.0,0.0,0.0,0.0,1.0,0.24531348690982285,0.021337230175662414,0.06883525281300484,1.1610368254974484,1.3072501756917676,-0.3635610710985057
1,0.2869950515239028,0.7457306239956738,0.7457306239956738,1.844377727859797,1.0,0.0,0.0,1.0,0.0,1.0,-0.3443972593515027,-0.7480593725186293,-0.36510826246797107,0.37334984205107413,-1.058808711164636,1.088065850334084
1,8.124728902583373,4.430103182852524,4.430103182852524,5.48421007599638,1.0,0.0,1.0,1.0,0.0,0.0,2.97137656863462,-0.636461830205313,0.24568579286935516,1.3715910561221194,1.8952777764008513,1.3049001644512033
1,6.369947891404967,3.33782644161938,3.33782644161938,5.655725140370839,1.0,1.0,1.0,0.0,1.0,1.0,0.7641510547779161,0.549098475307071,0.5861632613659147,2.8647980707387273,0.2939939764267735,2.028628877907476
1,3.348190798037684,2.6869005070662637,2.6869005070662637,4.574123737731954,1.0,0.0,1.0,0.0,0.0,1.0,1.1738602817539856,0.2254086473015423,1.8836654618088415,1.1365494016161626,-0.9788278791304545,0.06784629898533895
0,2.7634458983740826,3.7759684731986596,1.1939788213534483,3.7759684731986596,0.0,1.0,1.0,0.0,0.0,1.0,0.04229681691554795,1.5901523055758886,-1.6270016877392477,0.17905491916096228,0.2646764392959873,-0.22365070813742735
1,5.4208001033032645,4.415841951055272,4.415841951055272,4.977165622647647,1.0,1.0,1.0,1.0,1.0,1.0,1.2751782854421587,0.05198699447551469,0.29906072407985096,1.0428557357181252,0.2242709507158357,2.270956704594345
0,-2.64596885684868,1.5553919248419585,-1.5683937191619723,1.5553919248419585,0.0,0.0,0.0,0.0,0.0,0.0,-1.810453622602252,1.4384394482770015,-0.7584789281663542,-2.9969339388410545,-0.09507021703848773,0.3008845971688927
1,2.437595719142907,1.7577843229160646,1.7577843229160646,-1.0999525401695518,0.0,1.0,1.0,1.0,1.0,0.0,-0.3446304527722724,-0.6220431403168092,-0.39759998480989306,-0.18029197201992167,-1.3290971330149546,0.8377473569767722
1,-1.203978936286303,1.542496693855833,1.542496693855833,1.7510326688889877,1.0,1.0,1.0,1.0,1.0,1.0,-0.832933066287993,-1.1860862732874404,0.6548650833235806,0.4983459983312216,-0.6040291391125492,0.05782138666457359
0,3.266629382852908,3.37177955850284,1.969098614259008,3.37177955850284,0.0,0.0,0.0,0.0,1.0,0.0,1.3451835777142505,-0.22184543235917464,-0.05157107558469423,2.205528978233446,0.5978694855196987,0.2950531242263839
1,2.985066455562001,1.0900074692994384,1.0900074692994384,3.324336684224994,0.0,0.0,1.0,1.0,1.0,1.0,0.3676178056445254,0.15040020756892455,-0.10542096739645836,0.5168014086713253,-0.9586121631359303,1.0282737563439954
1,4.879786606574528,4.064107224322068,4.064107224322068,4.190055621124204,1.0,1.0,0.0,1.0,0.0,1.0,0.6254015047754486,0.7827394130240809,-0.8456772869418892,-1.3746238960087025,-0.3087992420157795,-0.11746724854035706
1,6.776414870399153,2.375778034181857,2.375778034181857,6.2633036815636185,1.0,1.0,1.0,0.0,0.0,1.0,0.6977265498615478,1.0093299610531334,0.31282872839551745,0.8036210000299078,0.8697294937586455,-0.43857177367946637
1,-0.8256772488071479,-2.0928546817868408,-2.0928546817868408,-0.9616540913207103,0.0,0.0,0.0,0.0,0.0,0.0,-0.8542956727501292,-1.6706899461119538,-0.5018437740198989,-2.343014789059617,0.590702629078923,0.9587598703272195
0,3.9769852480229,4.845678958755984,2.7763841041568647,4.845678958755984,1.0,0.0,0.0,1.0,1.0,1.0,1.519743582570575,0.4267527769137831,-0.577240933326187,0.008733648905434988,1.5552068673205688,-0.7341641808178833
1,3.3132408973351106,-0.011743198515866471,-0.011743198515866471,2.8986977696495297,1.0,1.0,0.0,1.0,1.0,1.0,-0.1785485786547541,-0.5150510441028182,0.4661162032846823,0.057801089168217024,-2.26330227101995,0.05930592038510418
1,2.313880935836769,0.3626184943963622,0.3626184943963622,3.17879388032881,0.0,0.0,1.0,1.0,0.0,0.0,0.9249142398158646,-0.055331558555221205,1.3132278756724047,1.2120975764186475,1.928383029516052,0.9816460625948477
1,3.087120448821199,-0.7159215510928975,-0.7159215510928975,0.8654421318529846,0.0,1.0,1.0,1.0,0.0,0.0,-1.0736867296653383,-1.5272850249976933,-1.6408281545885983,-0.5432102211189643,-1.9545722248865758,-1.623761842155628
1,2.8663725058705944,0.8099947596466635,0.8099947596466635,1.919467367126479,1.0,0.0,0.0,0.0,1.0,0.0,0.46397077726977837,-0.6605112234443994,1.3976543471565788,-0.4177529124909193,-0.7153570955629802,1.9112384001685514
0,1.9308981867798625,4.245507633570358,1.9664295250083583,4.245507633570358,1.0,1.0,0.0,0.0,1.0,0.0,0.7767257701721129,-0.9333613824750471,-0.8054779620920451,0.9395579322737811,-0.3860926195184087,-1.0987024877034426
0,-0.4537030429912737,1.003208853250678,0.7930236697598764,1.003208853250678,1.0,1.0,0.0,0.0,0.0,1.0,-0.6811725470537012,-0.5196147878534623,1.0802433379614995,-0.9837598881587046,0.02391957288551752,-0.2448235227878962
0,1.6962362199296583,3.3500587514814697,0.7715371416813612,3.3500587514814697,1.0,0.0,1.0,0.0,1.0,1.0,-1.329604294305219,-0.8597903561599123,-1.582020862125579,0.8088764118570769,-0.4481531775775897,0.486466495413171
1,3.7543544530957376,3.7718347910250714,3.7718347910250714,5.127128883236235,1.0,1.0,1.0,1.0,1.0,1.0,6.126870988710442e-05,0.14808725526527178,-0.4330877392398709,0.38226619212861734,0.4362164325283896,1.5606740265387828
1,4.243464201029744,3.752409914360559,3.752409914360559,3.6015922313175204,1.0,1.0,1.0,1.0,1.0,1.0,0.8340403277133828,-1.5194444448090831,-0.7369994401638463,-0.32873396007829864,-0.41890776411633723,-0.5638917114484484
1,-0.4653679924002334,-0.18559047699283915,-0.18559047699283915,-1.4277980028524904,0.0,0.0,0.0,0.0,0.0,0.0,-0.22945596008232527,0.010719323317688545,-0.08255922077853979,-1.4646383983249713,-0.02175756411440538,-0.7739169540363181
1,3.3426604573107026,2.0852554270568797,2.0852554270568797,2.1968589038085184,1.0,0.0,1.0,1.0,1.0,0.0,0.6046418191615127,-0.11344607080529345,0.5489475416700734,0.9975653609754305,0.05712759948543461,-0.3565148220911465
1,4.408129392872924,1.9815333578310617,1.9815333578310617,1.0878932903880552,0.0,1.0,1.0,1.0,0.0,1.0,1.005098037033344,-0.4101206559925058,0.9615626256507942,-2.1642357985404326,-0.50014116593156,1.2614753232718983
0,1.0594480161493298,0.8675118556568724,1.9087850859412048,0.8675118556568724,0.0,1.0,1.0,0.0,0.0,0.0,-0.24111324007088328,-0.5955047965659859,-2.3098333291347606,0.33779233717435136,-0.4799206267920507,-0.6350926214204969
1,1.2672745873242786,-2.558480146275151,-2.558480146275151,-0.9615634324091423,1.0,0.0,0.0,1.0,1.0,1.0,-1.3315425628738178,0.562788447002404,0.8835792734939358,-0.53939891197417,-0.4109075488448338,1.030348618867755
1,1.5539712251627353,0.9909685905430726,0.9909685905430726,4.122444187290399,0.0,1.0,0.0,1.0,0.0,0.0,0.2199351677609098,-0.09291931581161617,-0.1755076997924092,0.4393977929199191,1.8228972286370457,1.4604695629977056
1,2.231744122621378,0.9123767018004235,0.9123767018004235,3.8965549990893917,1.0,0.0,0.0,0.0,1.0,0.0,0.7249866151651075,0.2780929254649847,1.2778940431398758,-0.5494796905323556,0.7504500886510512,-0.6900131344389395
1,2.304168942525081,0.4516091239377016,0.4516091239377016,1.3095130680106548,0.0,1.0,0.0,0.0,0.0,1.0,-0.7129874496023355,1.10228686643742,-1.4557352388155276,-0.44193876068850624,-0.5284434892114143,-0.15916149695221427
1,4.720843410498781,0.404917415531052,0.404917415531052,3.3675153965075886,0.0,0.0,0.0,1.0,1.0,1.0,0.7715214318430109,0.7892259727827037,0.9557896704916751,2.9334405315928898,1.9383703270105257,1.7323982230664923
1,8.528316497754728,4.293061131459187,4.293061131459187,4.925021506804949,1.0,1.0,1.0,1.0,1.0,1.0,1.3643532093655717,0.6677400559169934,0.8153586299545337,1.3388541064760546,1.0908905412151775,1.2680304294279534
1,2.2120175246014115,-2.2066903652348007,-2.2066903652348007,-0.6702563647987945,0.0,0.0,0.0,0.0,1.0,0.0,-0.18209460272979594,-1.2675088763753246,-1.6359493974284154,0.557135052160275,-0.29575044937420425,-2.434547065708429
0,1.3131144766014353,1.096779503152276,1.0795455287986975,1.096779503152276,0.0,1.0,0.0,0.0,0.0,0.0,-0.24657237871454124,1.4491543824017445,-1.1477902027877298,-1.2149546002705915,-2.5046045136848827,-0.45886766131955353
0,1.6219194510792836,3.3567633471406086,0.27592660645901124,3.3567633471406086,1.0,0.0,1.0,1.0,1.0,1.0,-0.1846120720152789,0.42857165609756337,1.5561579803176309,-0.10072896964008485,0.3075953436488259,1.2546163440724258
1,-0.6603353639174567,-1.9861971677547496,-1.9861971677547496,-0.21995352379426278,0.0,0.0,0.0,0.0,1.0,1.0,-0.14867432870851283,-1.6738624499613044,0.6139192290728382,-0.9917190829937579,0.8593766354017064,-0.06062600589371142
1,4.970800292929091,3.368915790011,3.368915790011,3.669645953306584,0.0,0.0,0.0,0.0,1.0,1.0,0.5461336915278464,1.0249933317415185,-0.7092816908856137,-0.22569093399829207,1.556167896912716,-0.7884761963352112
1,1.5741912089051862,0.8316189608868743,0.8316189608868743,1.908528379035042,0.0,1.0,1.0,1.0,1.0,0.0,-0.12849953187994834,-1.3336606259964925,-1.2437347179797307,0.20213403529786164,-1.0134945959307926,-1.5111963217067348
1,1.34785673465769,-0.28080523096432447,-0.28080523096432447,0.8466313188832869,0.0,0.0,1.0,0.0,0.0,0.0,-0.4357419850481212,-0.27285744630147035,-1.183483982357184,-2.515058232806642,-0.7873420104041613,-2.0654505284535696
1,4.250565062686426,1.4341024355250633,1.4341024355250633,4.660638140685711,0.0,1.0,1.0,0.0,0.0,0.0,1.0374357988494656,-1.3626362063686275,-1.355067586980883,-1.2572457677942535,-1.4963076706381055,-1.6033447633012867
1,2.273902246687325,1.2358374997044317,1.2358374997044317,1.7264451786768724,1.0,1.0,0.0,0.0,0.0,1.0,-0.5528117136542084,0.3184587323117688,0.032138144624918374,-0.832863593251808,-2.026616451301115,-1.1977155772354822
1,2.2618629460063335,2.1266310784720885,2.1266310784720885,3.9621652347901404,1.0,1.0,0.0,0.0,0.0,1.0,-0.3367174676597048,-0.22915561027312054,0.4225872624874227,1.1149306072068188,0.17613463607599378,0.15995045363517274
1,-1.9598713097490892,-6.286226154869446,-6.286226154869446,-1.9261714415717417,0.0,1.0,0.0,0.0,0.0,0.0,-2.936754425107593,-2.229476144936595,-0.7564987161698888,0.5672659563495515,0.5725267986506762,-1.157438149583528
1,2.339558914372046,1.5252549587479498,1.5252549587479498,0.9770168435173618,0.0,0.0,0.0,0.0,0.0,0.0,0.4773271232918082,0.5383644842237882,-0.5710278670572636,1.081615121441693,0.9044507130466529,1.7169760043184965
0,1.182789227678752,3.267146169553537,-0.6706459412342811,3.267146169553537,0.0,1.0,0.0,1.0,1.0,1.0,-0.841953314438121,1.4527314393351305,0.3914825700121284,0.7270517457545033,0.5659832508500218,0.16626237595220367
1,5.393765653476647,3.7273080158548417,3.7273080158548417,5.95141369639218,0.0,0.0,1.0,1.0,1.0,1.0,2.8478658616561905,0.13838112378244782,-0.7681654879615478,-0.6739758626920297,0.710003872091804,0.9218994385855654
1,3.8303740267243676,-0.04401536032594078,-0.04401536032594078,2.7664192901549693,1.0,0.0,0.0,0.0,0.0,0.0,0.9631504000943589,-1.2168217526215501,-0.05905802934974497,0.07995735773510057,1.2150096225227336,0.2853583118640556
0,-1.8526662925527233,1.0500524654501686,0.6569836486483502,1.0500524654501686,1.0,0.0,1.0,1.0,0.0,1.0,-1.9041263548715657,-0.22318895685312024,-1.0683057336058712,-1.1957975310292128,-0.9082567815354337,-1.177835292454346
1,6.858211647821945,3.7908812326165475,3.7908812326165475,6.008864091283171,0.0,0.0,0.0,0.0,0.0,0.0,1.6854861988433394,1.998328833963785,0.5979228239554905,0.654838685410166,-0.7651582243108714,-0.6371857174283126
0,2.590161829838635,2.1439312397728374,0.9115356980034758,2.1439312397728374,0.0,1.0,0.0,0.0,0.0,0.0,-0.9912489165095014,1.6724879377421487,-0.2957580741332889,1.172331149598661,1.399079852609276,0.4372031624966116
1,5.143588949255108,2.5423058696012224,2.5423058696012224,5.190901175810565,1.0,1.0,1.0,0.0,1.0,0.0,0.10742916173012748,0.16417700583349548,-0.8116595942191512,0.011692564261067157,-0.2096785146461308,-0.15873855581178659
0,3.045048564625188,3.471193774397287,1.9479171706665253,3.471193774397287,0.0,1.0,1.0,1.0,0.0,1.0,0.9175852168245598,1.1865363109734144,1.6251458666082654,0.8901072753753179,1.1107347989347196,0.005085379130395973
0,-3.745223762493451,-1.0563908621208011,-1.768093852202406,-1.0563908621208011,0.0,0.0,0.0,0.0,0.0,1.0,-0.7702517357313508,-1.8659368872342257,-0.8790075340391981,0.3896862037549732,-2.2494176990507873,-1.5315473569098264
1,2.7002812682250417,2.583054109789993,2.583054109789993,2.9961613410167227,0.0,0.0,0.0,1.0,1.0,0.0,0.8325303270527985,0.03041071167946513,0.7405667726537968,0.7064398016417683,0.31836735625206725,0.41961902367046783
1,5.87456923361613,1.7289494763491218,1.7289494763491218,4.411264891128418,1.0,1.0,0.0,0.0,0.0,0.0,0.9359317208940989,0.37710766814566454,1.0476668030908467,2.0282623435493043,0.8300889667481526,1.0259664498271874
1,-1.333882343563472,-2.0347390573774535,-2.0347390573774535,-0.5985298561079566,1.0,0.0,1.0,1.0,1.0,0.0,-1.9223046375977364,-0.8754117160285919,-0.5625124956353902,-0.32005440730969076,-1.191255755966421,-0.44174742586362176
1,-0.22951780347461015,-0.49478143787122913,-0.49478143787122913,1.6984601181451184,0.0,0.0,1.0,0.0,1.0,0.0,-0.12184575400384627,-0.342580811460795,1.4803560980715487,1.0323448399341388,0.1476604899837417,0.48465246545387286
1,4.239366762269332,4.12767078344596,4.12767078344596,5.24967544067009,1.0,0.0,1.0,1.0,1.0,1.0,0.5298707223255698,1.3414750953060381,-0.23145274509929364,0.5914635045414642,-0.5137851532001472,-1.0040465622229044
1,-0.7955136303063305,-1.6042774108931361,-1.6042774108931361,1.3711461373370102,0.0,0.0,0.0,1.0,1.0,0.0,-0.22499670213626066,0.06235210970006588,1.1784019825801297,0.014410253930721012,0.6589062528886834,0.8130701462338074
1,7.653075019897917,4.0441681164896846,4.0441681164896846,7.675803925186553,1.0,1.0,0.0,1.0,0.0,0.0,1.6930801063309253,-0.143059544644073,0.678607451899236,1.9093665233766595,0.7040922871099917,0.8947614413258309
0,-0.41160368098527034,0.4855514277056441,-1.562015544821072,0.4855514277056441,1.0,0.0,0.0,1.0,0.0,1.0,-1.9047738368170946,-0.8168568228655608,0.5542777456929494,0.41393378168517586,0.010087794468445654,-1.6982390287618772
1,3.749728179432363,3.007105789358258,3.007105789358258,3.9677422059897838,1.0,0.0,1.0,1.0,1.0,1.0,0.6437503519241103,-0.7868513130220843,0.31668316607269875,0.432250595029784,-0.3046912394388399,0.39499675372424764
1,4.037543348700933,1.7102945334240907,1.7102945334240907,6.683989476402974,1.0,0.0,1.0,1.0,0.0,1.0,1.659266592794098,-0.18125881033159846,-0.23898514685471628,-0.504356846314052,-1.7176134946419408,-0.45355117490083163
0,0.5560129814624069,0.8563267138150041,2.834694736452136,0.8563267138150041,0.0,1.0,1.0,1.0,1.0,1.0,-0.728104279578978,0.9797496395708144,-0.29760454845217,-0.563611274786586,-0.28019858914467666,-0.23393561946284422
1,3.0884529017971634,1.2089893046250806,1.2089893046250806,3.5852739717852056,1.0,1.0,0.0,1.0,1.0,1.0,-0.9742206576494475,0.7760589499342503,-1.266093772596043,-0.31512261800169356,-1.7127014230231576,-0.620484964469489
0,1.5744517138446976,3.7239114760587517,1.58066872225666,3.7239114760587517,1.0,1.0,0.0,1.0,0.0,1.0,0.5045548235332097,-0.6794919969689177,0.7302397773471334,0.2644791196764489,1.6471743319262129,0.11646301193218939
1,1.5425697310142545,0.4139994548806064,0.4139994548806064,2.133149665868019,0.0,1.0,0.0,1.0,0.0,1.0,-0.8422325627560793,1.0121504344752088,-0.952775614925273,-0.17129405672660108,-0.5484055594637984,-0.27372904858480657
0,1.1157682484374587,2.4587661792693716,2.8654131559489273,2.4587661792693716,0.0,0.0,0.0,0.0,0.0,1.0,-0.8476588552646298,2.1720916935289574,0.754551046789078,0.8641975845918229,0.6466167686984022,-0.8360153170343058
1,4.864888038223365,4.28708128529616,4.28708128529616,5.942552259130712,1.0,0.0,1.0,0.0,0.0,0.0,0.41512732563193544,0.859930039378296,-1.133542662295365,1.8871360306225573,0.04012641200895534,1.8823005462110194
0,1.3829060363085217,0.6860563597734268,0.403459370002035,0.6860563597734268,1.0,1.0,1.0,0.0,1.0,1.0,-0.3592704090486703,-1.093563989968962,0.17603485738244884,-1.8161442538714505,-0.9675341959565475,-0.6414673845194838
0,4.036741703309717,6.039910069660081,2.970624858170926,6.039910069660081,1.0,0.0,1.0,1.0,1.0,1.0,1.1209991543479503,0.6464111303957119,0.3505640869373057,-0.5772236893143918,0.38172890821172833,2.0594960290033475
1,4.063929647032097,1.7858302298034177,1.7858302298034177,2.49514790043106,1.0,1.0,1.0,1.0,1.0,1.0,-0.6694246311703735,-0.7118096773534355,-0.4430385877218105,0.5958195208182377,-0.8008040709812806,0.26073317275075214
1,4.756625465366969,2.513974467393069,2.513974467393069,7.196951440939886,1.0,0.0,1.0,1.0,1.0,0.0,1.9759353047627313,0.43601440560655025,1.342980958290592,1.6836319025183464,2.199820440924195,0.8794392563433409
1,0.15007333678666857,-2.525968206155577,-2.525968206155577,1.4733487015590814,0.0,1.0,1.0,1.0,1.0,0.0,-1.036256005176817,-1.1084667078601511,-0.1676416530733833,0.23141745290577842,0.5141302637335688,0.5724647421400543
1,7.594412684171566,3.565336432913395,3.565336432913395,5.270939874422854,1.0,0.0,0.0,1.0,0.0,1.0,1.183898765674295,0.6256083035695181,-0.33745410572615,0.9410108760262887,3.334837458176744,1.567449003934376
1,1.8775411801483037,-0.24723379422276448,-0.24723379422276448,2.6388709383323823,0.0,0.0,1.0,1.0,1.0,0.0,1.4046797654499747,-1.0356633449691808,1.4966025515189214,0.26717953371105374,-0.4276973880634969,1.5898502739279214
1,1.967015476962076,3.983159117563639,3.983159117563639,1.1577715888564992,1.0,1.0,1.0,1.0,0.0,1.0,-0.5831662969407028,-0.3532482600513706,-0.6060452981497385,-0.6115433423962103,-0.3366746438174585,-0.3387683006770393
1,-0.5723227025418541,-1.2697086737396837,-1.2697086737396837,-1.1657469039177095,0.0,0.0,0.0,1.0,1.0,0.0,-1.5411172288184838,0.09780915389869604,1.3801034779407195,0.13161758498807624,1.2009585240695575,0.30426801539285403
1,4.196256432906953,2.2278977099113604,2.2278977099113604,4.5232152002728885,1.0,1.0,1.0,0.0,1.0,0.0,-0.6012099799446389,-1.6050517923369891,-1.412473046001764,-0.7866274349086173,0.27917991337952786,0.29426751644703164
1,2.4988620771589436,0.5566030806172885,0.5566030806172885,2.969895578971694,1.0,0.0,0.0,0.0,1.0,1.0,0.9098303913798292,-0.41079509951374515,1.225623892085565,0.4250283498568907,1.129129115463535,1.1423620738189193
1,0.6853909528900072,-0.6163949378883583,-0.6163949378883583,1.3862186961090324,1.0,0.0,0.0,1.0,1.0,0.0,-0.15149755735201503,-0.6736764787303184,-0.24008165352888056,-1.1541404306257983,0.7489036589128377,-0.3964256860208253
1,2.5256737844601496,1.3679170871637198,1.3679170871637198,1.5256110373628737,0.0,1.0,0.0,1.0,0.0,0.0,-0.6552514933724332,-0.14217435587574823,-1.5601998986251617,0.6824033157714224,0.6339632211505828,0.23990934529362973
1,5.334375635430003,3.0671917096608543,3.0671917096608543,6.974377832216446,1.0,1.0,1.0,1.0,1.0,1.0,1.4317895143877224,-0.1308544395252274,-0.23782043204332493,0.21155199434328276,-1.448312195541705,-0.44820855766262574
0,-0.19445712459334197,-0.7608746902698607,-2.705324552442738,-0.7608746902698607,0.0,0.0,0.0,1.0,1.0,0.0,-1.3644537320382093,-0.7373828960051121,-1.1223286269898016,-1.6569901122033135,-0.06047690146029189,0.9918674403337289
1,4.296137805936819,5.045406182091407,5.045406182091407,4.996752335867528,1.0,0.0,1.0,1.0,1.0,1.0,1.846426606114825,0.19110385075192102,1.2600414241337334,0.6253520856293648,-0.13126302303138554,0.23053865290720454
1,1.9393560085572559,3.439567833388315,3.439567833388315,2.0667180474151845,1.0,1.0,0.0,0.0,1.0,1.0,0.2805586585662452,-1.919591111217207,-0.6494582134400455,0.05424645433867059,0.7879573252407688,0.13554377037719106
0,1.1323014068912003,0.9881249357716999,2.993625862277735,0.9881249357716999,1.0,0.0,0.0,0.0,1.0,0.0,-0.7485038776302461,-0.3926983421088688,-1.1546113810142913,1.96714705370881,0.27228913452367287,1.2781005505399472
1,4.210944591124115,3.483286891266407,3.483286891266407,6.0392786167952,1.0,1.0,1.0,1.0,1.0,1.0,0.8701899165692829,-0.0322159945938878,-0.3028771645303794,0.25380994843767407,0.9297227357549033,-0.10577788918652539
1,2.4672774055884825,0.5803847742210744,0.5803847742210744,1.0094556082189472,1.0,1.0,0.0,0.0,0.0,0.0,0.09341604988533739,-0.4353675347128677,1.242473264433345,-0.20909512620024917,1.2119250453663333,-0.7300047350493175
0,3.048741939362348,3.4637693232967495,3.0765376429860725,3.4637693232967495,1.0,0.0,1.0,0.0,0.0,1.0,-0.7684513687750117,0.8764988427185688,-0.597085969666834,-0.03945819617567958,0.5072126711622578,-0.5995348609094765
1,1.6630360341414312,1.257266754115486,1.257266754115486,2.0353078668139983,1.0,0.0,0.0,0.0,1.0,1.0,-0.6053577567245677,-0.23772688381401155,-2.0097573543677214,-0.05371184747809504,0.8576675781782767,-0.3452710912016711
0,4.16740260885581,7.177513337638128,2.121157364804014,7.177513337638128,1.0,1.0,0.0,0.0,1.0,1.0,-0.1598518804869947,2.126394033634429,0.4226025341935273,1.2783233945422716,0.1352665248622506,-0.852552045735098
0,-0.27238788023811966,3.724670325924932,1.0959260950432297,3.724670325924932,1.0,1.0,1.0,1.0,1.0,0.0,-1.0701203372965473,-1.2434325157512252,-1.073457362941462,-1.198842197814779,-1.8446446497921976,-0.9058488545567444
1,5.232523856887815,3.5745269160364206,3.5745269160364206,3.3444177383549083,1.0,1.0,1.0,0.0,1.0,0.0,1.2603812679744915,-1.513265967010426,-0.6393113410195587,-0.12960403268394802,0.6363473293378944,-0.8152081257898682
1,-0.07202335650707958,-2.46382952491914,-2.46382952491914,0.12653264912778583,0.0,1.0,0.0,0.0,1.0,1.0,-0.4150884701381582,-0.4614770246055866,0.312993021253971,-0.32672801161940357,0.03325332961099587,0.3028485417013288
1,5.464130159384317,3.314839792692814,3.314839792692814,5.325117700877153,0.0,1.0,1.0,1.0,1.0,1.0,2.240108574897939,0.013200852058954382,0.7604237459860735,0.6275474938442969,1.0398067816726035,1.7505107091931356
1,2.134792136312758,2.7543105868423106,2.7543105868423106,4.026787550313236,1.0,1.0,1.0,1.0,1.0,0.0,-0.7473512030773876,-0.9996722875537263,-2.1937809940124104,-0.0971238020453439,0.6902880316872602,-0.882974706696268
1,-1.5077368605730364,-1.342740779679307,-1.342740779679307,-0.1571474088991388,0.0,0.0,1.0,1.0,1.0,1.0,-1.5634228513833324,-1.6282651101519805,-1.4597335408067504,-1.2063221962712596,-0.7102274074475536,-1.2082112491763843
1,4.793501784150199,1.5107476376174207,1.5107476376174207,4.699576652920735,1.0,0.0,0.0,0.0,1.0,1.0,0.4909648721163535,0.17276854870666658,-0.9635578350675642,0.8426016064645379,1.4085350391861156,0.2884806701991251
0,0.23704220575057378,1.0834009212789522,-2.4046306439878156,1.0834009212789522,0.0,0.0,0.0,1.0,0.0,0.0,-0.0037703821704866483,-0.40136744178384365,0.22576566842952234,0.3865710456715337,0.4406671562204256,-1.3655187715980712
1,3.457358631096124,2.628868767524386,2.628868767524386,2.791471762688052,0.0,0.0,1.0,0.0,0.0,1.0,0.5028385516072376,1.1624167907083214,-0.0973896412643348,0.5858866968056978,1.271949160020656,1.0423323263839277
1,3.338442126985196,1.3055713470618198,1.3055713470618198,4.600537326467291,1.0,0.0,0.0,0.0,1.0,0.0,0.41151018678449997,0.33932011565877374,0.5805791813551571,1.1434020523446744,1.7789745513459074,0.45967996330918537
0,1.4680084269792606,2.1071739630260122,1.6812856660731765,2.1071739630260122,1.0,1.0,1.0,1.0,0.0,0.0,-1.1143935922589152,0.21632400313840605,-0.1497560916368299,1.6000954692789702,-1.20526361893235,1.45367610505718
0,2.7688954971937987,3.6134267826625477,2.551211882071067,3.6134267826625477,0.0,0.0,0.0,1.0,1.0,0.0,1.6117450433734337,0.25407627185426374,1.6091506126220307,0.3239836077592507,1.7200135100820253,1.4988360149366837
1,2.378521625223968,3.1826176672798407,3.1826176672798407,1.0482983557661696,1.0,1.0,1.0,1.0,1.0,1.0,-1.2218921923421275,0.16621833564678237,-0.45149632787199667,-0.8451090661644709,1.0001112524619584,0.13062811062922022
1,2.423196698007194,1.9770859531039107,1.9770859531039107,0.5427359208775,0.0,1.0,1.0,0.0,0.0,0.0,-0.5246975460640961,0.5110536577528415,-0.2850423159311559,-0.929820524525633,0.28567266520418777,0.49275823150558906
1,2.7839695459235916,0.581017831970438,0.581017831970438,2.216963206107544,1.0,0.0,1.0,0.0,0.0,0.0,-0.2155355662258694,-1.537959719730335,-1.2276384782198029,1.5426244224817482,-2.0070580852761224,-1.0837318096671524
1,4.8488116081049775,1.5606728745853444,1.5606728745853444,4.504501423433561,1.0,1.0,1.0,1.0,1.0,0.0,-1.0460437879670046,1.374330130648585,1.3670526220899966,0.9368447515418408,0.6366416333302121,0.2518457487737701
1,3.1310371449115393,1.189750577110325,1.189750577110325,3.105783222195201,1.0,0.0,1.0,0.0,1.0,1.0,0.43018271012035597,-1.0684039936515903,0.7742874072819941,0.8755671368830562,0.8141771370848709,0.7032945205866616
1,6.08574238293626,2.358254481294024,2.358254481294024,2.765258895210247,0.0,1.0,0.0,1.0,1.0,1.0,0.8095371672958689,1.9885523632430895,1.8605431014127904,1.7566820768999207,1.3636191496178702,1.0567602811022971
1,3.8088597060660367,4.71383418905284,4.71383418905284,4.22564184296497,0.0,1.0,0.0,0.0,1.0,0.0,1.2499619538787254,-0.10005765129705284,-1.4399274652291756,2.021270867412425,-0.6744905534639103,0.6210888127871581
1,1.5634448534704186,0.2150599899890262,0.2150599899890262,3.4561142063154637,1.0,1.0,1.0,1.0,1.0,1.0,-1.3553809497976383,-0.018880805022779456,0.5513369870467195,-0.09816770978470757,0.41084044411773735,-0.6990588336796961
1,0.9118389728714151,2.6485845621656536,2.6485845621656536,1.9500597241252446,0.0,0.0,1.0,1.0,0.0,1.0,0.30527942082366133,0.6921641288706027,1.3845592359454912,1.1775670886914864,-0.06511039068580599,-1.066537210195855
1,1.1812067682130911,1.0043156953610848,1.0043156953610848,3.1039775634634736,1.0,0.0,0.0,0.0,1.0,0.0,0.38033715371429594,0.8183562711372956,1.389971710820022,-0.7773096450812339,1.141827126654672,-0.5014246648027154
0,-1.140735765060571,-0.9415758350395769,-1.7020653963554166,-0.9415758350395769,0.0,1.0,1.0,1.0,0.0,1.0,-1.5128873758659096,-1.4195163056333016,-1.1382661998419248,-1.6816013473417792,-1.365562313007271,1.6912893709417625
1,5.4063338273117605,2.361921476983296,2.361921476983296,4.858419359194083,1.0,0.0,1.0,0.0,0.0,0.0,0.14396827147297997,0.6499565615339993,-0.0723751011142372,2.01599333969415,1.1524223687591477,0.8427542976083594
1,4.981150330010627,3.3909296758863405,3.3909296758863405,3.284650523181785,1.0,1.0,1.0,0.0,0.0,1.0,-0.33606889794001277,0.05748392103703123,-0.6998708729735047,2.126546914494705,-0.5630665672824254,0.20918692279335013
1,6.808739575323917,3.6879551073246235,3.6879551073246235,5.081231645437127,1.0,1.0,0.0,0.0,1.0,1.0,0.719468685461557,0.22943512326215598,-1.5077462516261724,0.21748004195159565,0.5230770558948007,-2.097079410860689
1,3.5932775634233947,0.9895717878874997,0.9895717878874997,3.3411559124164585,1.0,0.0,0.0,1.0,1.0,0.0,0.8223998396631329,0.21474795112410466,0.3781194858394974,-1.4128674891129138,-0.03948815035634545,0.34993061398829944
1,4.41970714633747,5.841412662815965,5.841412662815965,6.441120903439228,1.0,1.0,1.0,1.0,1.0,1.0,2.0472313800965316,-0.5189083437949868,-0.8210622023494886,-0.7793522285823629,1.0170810651952702,0.02770372484384276
0,2.564786116791682,2.0987029436626705,0.584470401857085,2.0987029436626705,1.0,0.0,0.0,0.0,1.0,1.0,0.2546963013340196,-0.19819738628383987,1.0805916482413005,0.12412725438191718,-0.06561479932004988,1.3978835340464555
0,2.308991634307797,3.5232308365986875,3.717913523250757,3.5232308365986875,0.0,0.0,1.0,0.0,0.0,1.0,1.4347195572796083,0.8526625011544665,0.8382250366981404,1.082045701101984,1.0328120153376734,0.8038390307562944
1,7.859011069171312,5.339885071594241,5.339885071594241,7.455776987930616,1.0,0.0,1.0,0.0,0.0,0.0,2.0213176008762854,2.6291997994053196,2.018269670456493,-0.6657131107996064,1.4416886266076316,1.8227897214196678
1,1.1514035879294715,-1.4281976629595106,-1.4281976629595106,1.5403673821933124,0.0,0.0,1.0,0.0,0.0,0.0,-0.5235844903720188,-1.1133946423766103,-2.2433699589337293,-0.2872185273101032,-0.8260284988814339,0.8654780649219839
0,-3.2654413692515036,-0.052216559933528695,-1.0526909467571786,-0.052216559933528695,0.0,0.0,1.0,1.0,1.0,1.0,-0.7403173185973729,-0.6963713954211177,-0.22072980687672722,-1.728199372149843,-0.7763274121821027,-0.5301448901280748
1,5.7863643576257235,3.235792676276314,3.235792676276314,5.117978831546802,1.0,1.0,1.0,0.0,0.0,0.0,1.0098811052134293,0.7056800517847338,0.519762253480759,-0.27516739677913227,-1.100519208410002,2.4845147655734503
1,6.376481411936544,5.459064957276883,5.459064957276883,8.846699969994596,0.0,1.0,1.0,1.0,0.0,1.0,1.5333978170215345,2.410738565621804,2.450405117259875,1.6573222670636407,1.9230928307521884,0.7713377853469097
1,2.4636970659011803,1.1636307720855297,1.1636307720855297,2.788906795176527,0.0,1.0,0.0,0.0,0.0,0.0,-0.1632188617124592,-0.037581687988841816,-1.4234010478986485,0.2027563055247444,0.5176477527679352,-1.398394506387565
0,-1.5817912245753116,-1.3674406012281104,-3.3142833937683065,-1.3674406012281104,0.0,1.0,1.0,1.0,1.0,0.0,-2.9470191620115562,-1.2472529437854352,-1.4200580635360516,-0.9559275501274116,-0.16216641830576584,-0.4243219855778015
1,6.90525526837177,4.288137249769757,4.288137249769757,6.396063528079579,1.0,1.0,0.0,0.0,1.0,0.0,0.8173481418203947,1.2845840786020337,-0.41172887303606764,-0.02885589811140915,0.18134823307110176,0.7910189226338757
1,-0.293820730158474,-1.415238468590124,-1.415238468590124,-0.7580968158636955,0.0,0.0,0.0,1.0,0.0,0.0,-1.1118107997954538,-0.260505781629191,-0.26750504733377206,-0.5022532024345262,0.29321400189190805,0.9122899581323294
0,0.5903807764473321,1.9437248125408568,0.4355556906288016,1.9437248125408568,1.0,0.0,0.0,0.0,1.0,0.0,-0.28455234533299095,0.676189779432173,0.12431205385087721,0.32972699127317856,1.1668982891642723,-0.29502792587555443
1,4.903014327461015,1.9063530852451016,1.9063530852451016,4.918224532282099,0.0,0.0,1.0,0.0,1.0,0.0,0.732733751353439,1.270495920906112,-1.6608381883909813,-0.11095167265285233,0.6989923963643155,0.6883288338214092
1,1.979490051103845,0.5167555720312615,0.5167555720312615,0.6226512883145658,1.0,0.0,0.0,1.0,0.0,0.0,0.5277765828964214,-1.6985595469325325,0.7274617060399917,0.06886471782928416,-0.08663920189216795,-1.6428685726672232
0,3.8350550739767106,3.7244881409684747,3.906619228429917,3.7244881409684747,0.0,0.0,0.0,0.0,0.0,0.0,0.9363797381775746,1.9769278150841254,2.9122122104395607,1.7526129055411483,3.3005369266070006,1.4124429943503602
1,-1.1718076576972105,-0.5975774865125284,-0.5975774865125284,-0.41671984577514354,0.0,1.0,0.0,0.0,1.0,0.0,-0.9035798821130823,0.01084076475883311,0.4676537664828221,-0.31853526577061353,-0.8182673484025953,-0.945944798892536
0,-0.150734458196858,-0.07333565634563999,-0.11497400800390667,-0.07333565634563999,0.0,0.0,0.0,0.0,0.0,0.0,-0.14672583029093866,-0.31950599419336256,-1.1130247387587588,-0.4355408181771767,0.5951121104216216,-0.5986220872146787
1,8.081222750684915,4.327521641918892,4.327521641918892,6.771945650625589,1.0,1.0,0.0,1.0,0.0,0.0,1.4980950083234539,1.1215478984380307,-0.8935689983259657,0.4852223725217056,-0.15254431940723082,0.041770125688933075
1,3.140296966848091,2.3637502916159963,2.3637502916159963,4.523923949999718,1.0,1.0,0.0,1.0,0.0,0.0,-0.07901309180380234,0.275302751551193,-0.638202925083035,0.9183673596603212,-0.9154766029715443,0.0002600160451823319
0,-1.5360417001979905,-0.09517673222377077,-2.779846836624623,-0.09517673222377077,1.0,0.0,0.0,0.0,0.0,0.0,-1.3620779251396253,-2.733650331710875,-0.4272613731940067,-0.4819325762728495,0.11929024988160863,-0.9758386579259103
0,-2.0551312436610463,1.383166510058075,-0.09950964757838926,1.383166510058075,0.0,0.0,0.0,1.0,1.0,0.0,-0.9299244411914365,-0.30695958420033886,-1.3486355266123937,0.060132889231311853,-0.496902701498129,-0.35855589301623164
1,-0.7296350491718236,-0.9931211637966573,-0.9931211637966573,-0.4634152835190579,0.0,1.0,1.0,0.0,1.0,1.0,-0.6764677163698664,-0.8054280730940282,-0.5114392021483491,-0.9375350174506016,-1.6553015721291686,-0.5858665692251626
0,0.8378300940697107,3.330517059379266,1.1239148899495361,3.330517059379266,1.0,1.0,1.0,1.0,0.0,0.0,-0.48793548897581623,0.5007989857788712,1.6760693690635102,0.07921201350178014,0.10832782073951341,0.7541220042732654
0,0.22925087454328472,0.4025983767409582,-0.7703460616008613,0.4025983767409582,1.0,0.0,1.0,0.0,1.0,0.0,-0.7683450671912481,-0.87398148071549,0.017311903131563666,0.25036114657025765,-1.089997039995519,0.5904585829865828
0,1.2506833113505167,3.6526750470781235,1.6902385127304453,3.6526750470781235,1.0,0.0,0.0,0.0,0.0,0.0,0.14040955843962838,0.5749326378129567,0.5782832159778042,0.523092935708304,0.5105393533857377,-0.5095242881536253
1,4.353172990125384,2.373080602091361,2.373080602091361,3.066564649108712,0.0,1.0,1.0,0.0,1.0,1.0,1.1045934864071596,-0.7917432869510719,-0.9492545227984888,0.3727904020976549,0.4171549201694091,-0.1512461174336295
1,0.5482952489566777,0.7253642489379598,0.7253642489379598,1.061164998772337,0.0,0.0,1.0,0.0,1.0,1.0,0.42294354820706354,-0.18603562190008743,-0.4241610623986514,-0.19941853864557696,-1.41427073997309,-0.5826952838109987
0,1.1147508064073421,1.1408670427171244,0.6321006024553278,1.1408670427171244,1.0,0.0,1.0,0.0,1.0,1.0,-1.4218166035261122,-0.4539901961710636,-1.8972057866603045,-0.48259226710878056,0.32833435379695686,-1.116499511505738
1,3.096536314850645,0.09208637183203128,0.09208637183203128,2.327388091262184,0.0,0.0,0.0,1.0,0.0,0.0,0.08598004380855659,1.434288260202283,-0.7698058119989339,0.14968830256893856,0.7728735345282649,-0.29051676420174377
0,0.4854746770110543,-0.6408225430029161,1.525065140053612,-0.6408225430029161,0.0,1.0,1.0,1.0,1.0,1.0,-2.8547015238675186,1.0421489481201196,-0.6082796904632373,-0.027110785576247964,-0.13928796591739762,-0.13704604065198045
1,1.5233427318650876,-1.582398577080997,-1.582398577080997,0.17981370354982829,0.0,0.0,0.0,0.0,0.0,0.0,0.19305528656832155,-0.24962158729303902,0.899708144446329,-0.011578653767397917,-0.2189458575591659,0.983255374655206
0,-2.145580008460009,-1.6490998367258727,-2.7546403049018653,-1.6490998367258727,0.0,0.0,0.0,0.0,0.0,1.0,-0.7436586190098998,-1.2083449864570563,-0.46905959553091614,-1.8551044748542518,-0.6180084728110243,0.006031697117162449
0,0.6736945742697616,1.634133629357784,-0.23560123127076038,1.634133629357784,1.0,1.0,1.0,1.0,1.0,0.0,-1.7629815471173662,-1.3132661932077532,-1.5809868405721303,-0.6646044700502134,-0.9166782979342625,-1.240385602829256
1,3.006668998150577,-0.9349592076157798,-0.9349592076157798,2.184017687755338,1.0,1.0,1.0,0.0,1.0,1.0,-0.1116338713508132,-0.798565772799028,0.27801107395976565,-1.7943917846812454,-1.0117948128901941,-1.9337005641827854
1,-0.8345729481606898,-2.408255676559129,-2.408255676559129,0.5244465473191833,0.0,0.0,0.0,0.0,1.0,1.0,-0.4844158194975184,-0.5340168426595395,0.3334312025262389,-0.4558503041141415,0.0961381752948473,-0.20227889739892171
1,2.053533457222444,0.08787988430823857,0.08787988430823857,0.6776991047721751,0.0,0.0,1.0,1.0,0.0,0.0,-0.046932273632092285,0.317649937135901,-0.28070914354581533,0.30326256974590854,-0.5086743611916602,-1.4234767035350773
0,0.1409813057435083,2.3719687216132375,0.09457575664234763,2.3719687216132375,1.0,1.0,1.0,1.0,1.0,1.0,-0.5620955003907179,-0.4872488297861584,0.5999368777203622,-0.48650991017897205,-0.264945421818334,-1.2347894480261294
1,0.8483239805719609,-2.038122744655558,-2.038122744655558,2.2121930378036874,1.0,1.0,1.0,1.0,1.0,1.0,-2.412341862548644,-0.6101760547758512,-0.24067214935388492,-0.7859670556549857,1.071359356126111,0.023977003123490635
0,1.394569308902974,4.738105693167254,2.640517110036487,4.738105693167254,1.0,1.0,1.0,1.0,0.0,1.0,0.346291538119619,-0.2110076324702933,0.9546697009188654,0.7187374323647997,0.9786873125246573,0.9597963659631328
1,1.1067122423378217,-0.6096934696135277,-0.6096934696135277,2.3397254628585387,0.0,1.0,1.0,1.0,0.0,0.0,0.16757511446412127,-0.5759125819742876,-0.33681647465881,-0.3067765157098431,0.6245327482240235,-1.2312925932020835
1,6.309969644513448,4.654272722918909,4.654272722918909,6.773634312884828,1.0,1.0,1.0,1.0,0.0,0.0,1.4351572382865663,0.04545911134656322,-0.09906167155379597,0.6766921574203162,-0.18393738418792704,2.3647636012422852
1,5.747834464639096,4.415079007191789,4.415079007191789,6.241619569198419,1.0,1.0,0.0,0.0,1.0,1.0,0.3287342638615284,1.4344164239710182,-1.867318879155141,-1.1340152951606015,-0.3924471873493084,-1.1910158274318936
0,-0.60074038986694,-0.9314729988860326,-0.4705424351229779,-0.9314729988860326,0.0,0.0,0.0,1.0,0.0,0.0,-1.3267906265194462,1.1107302006099478,0.7086365292617536,1.016243085043015,0.37977257157152566,0.8562339803592544
1,0.808443810565898,0.11524316586282393,0.11524316586282393,1.6727734406723864,0.0,0.0,1.0,0.0,0.0,0.0,-0.11719304471791746,-0.48880502121866043,-0.33281078387314145,-0.7375466281529455,0.21135889350120937,-0.20743660829174512
0,-1.0956618346974298,0.4804466981264426,0.502972944152068,0.4804466981264426,0.0,1.0,1.0,1.0,0.0,0.0,-0.010647723749147082,-1.3736942998923358,-0.7596841072073021,-0.8476020063788163,-1.107771119474726,0.059235194906099076
0,0.6756026526845704,0.5613178752649792,1.638111544533059,0.5613178752649792,1.0,0.0,1.0,1.0,1.0,1.0,0.38706957625021166,-0.5804749045923506,1.6896158982131604,-0.11555118018222044,0.9186112744599192,-2.239376138313072
1,5.564919972870152,1.9208416985929009,1.9208416985929009,5.513368757307825,1.0,1.0,1.0,0.0,0.0,0.0,0.5519335100922217,0.34440552345120445,-0.6527868946358821,-0.24751154536240222,-1.1066765311474245,-0.7812031734196958
1,3.4378464347367914,1.4577964818624891,1.4577964818624891,2.8395137399624195,0.0,1.0,1.0,1.0,1.0,1.0,-0.4126723384096998,0.7284024699722804,0.6902195877645021,0.1432603356300721,0.2727311478967591,0.9023104443743659
1,1.455555111570254,0.7010222096585143,0.7010222096585143,3.2357854401916573,0.0,1.0,1.0,1.0,0.0,0.0,0.3431573973947086,0.21252535082156707,0.8246921531532059,-1.2107351357485832,0.3456692392264042,0.07176989659599134
1,0.06104719896688304,1.25632053860055,1.25632053860055,1.4289479635090616,0.0,0.0,0.0,0.0,0.0,0.0,-0.1903936987301866,-0.2613495277430406,0.10726752348330504,1.8414170549348647,0.3614687562408886,0.021136976999935414
0,-1.8719303829804343,-0.589671596070649,0.2868028902707601,-0.589671596070649,0.0,0.0,0.0,0.0,0.0,0.0,-0.04288718214478671,0.24121947458388243,0.2022376681632779,-0.9745531749037323,0.06703720345820335,0.10660768144506967
0,1.703326450689629,5.3952145656874615,1.673192206652242,5.3952145656874615,1.0,1.0,0.0,0.0,1.0,0.0,1.0290383511422934,-1.4524067871191855,-1.2295591298809962,-0.05449848757709092,-0.298653701995513,2.0484729095314975
1,4.5309480008767515,1.3929404026711167,1.3929404026711167,3.206097728912697,1.0,1.0,1.0,1.0,1.0,0.0,0.10987875071116011,-0.7142965542528144,-0.14227026802067239,-0.7369768509676862,-0.39392916057320615,0.8200234090705055
1,4.041304098006765,4.8516018569643915,4.8516018569643915,4.392730335844859,1.0,1.0,1.0,0.0,1.0,1.0,1.2523997762993089,0.08509393072644277,0.30368743020422745,1.21943588196682,0.01666811726865488,-0.6471719661759817
1,0.4455820039882874,1.9045609882988825,1.9045609882988825,-0.6496352175691422,0.0,1.0,1.0,1.0,1.0,1.0,-0.7208224439227161,0.23544132303525478,-0.5813074620763221,-0.6265275896355172,-0.6053618456039425,-1.4078795176405543
1,2.0161308081161176,0.9897908592970326,0.9897908592970326,0.9333793213936977,0.0,0.0,0.0,0.0,0.0,0.0,-0.3976004921576143,0.7263450511202814,-0.4733524538282643,0.5695315411741586,1.7317196114753322,0.7448419550351473
1,2.228817419270052,-0.833417957652735,-0.833417957652735,1.7898395883401543,0.0,0.0,0.0,1.0,0.0,0.0,0.5493167605097925,0.2324456009598442,1.0813530662394075,-0.33174107530736097,0.09586154900977195,0.37600147823401353
1,7.08287493807862,4.067203938841864,4.067203938841864,5.408995732887894,0.0,1.0,0.0,1.0,1.0,1.0,1.5532148335214988,1.4273668646183335,0.12269722033339137,-0.4764622626021493,-0.2828876927999088,1.233030029922734
1,5.075480158189175,2.998486123756563,2.998486123756563,4.371960508902768,1.0,0.0,0.0,1.0,0.0,0.0,1.1908579904933663,1.2096805359401939,0.5186987409473658,0.07421728926280774,0.0955906009807228,-0.3006944323765018
1,4.4474524758343685,0.582367188240688,0.582367188240688,3.6900489934152,1.0,0.0,1.0,0.0,0.0,1.0,0.21371668044426517,1.8345638655758545,1.7863028451766159,1.1595067184308407,0.5337667180156417,-0.206922097384161
0,-0.5407197692681251,0.5309171021474685,-0.023131266598240385,0.5309171021474685,0.0,0.0,0.0,0.0,0.0,0.0,-0.39711105098942634,-1.0355288962301965,-0.9651095538047347,0.6668010442748505,1.274994868014153,-0.0169985886532891
1,3.6465483127399247,1.647987628005208,1.647987628005208,4.516619086709067,0.0,0.0,1.0,0.0,0.0,1.0,-0.09578090419863873,1.0669459885593842,0.01345737538134717,0.5685278433656971,1.7567270121181098,-0.06847404254236678
0,-0.3859851191878476,-1.3433014758642634,-0.7056086235941939,-1.3433014758642634,0.0,1.0,1.0,1.0,1.0,0.0,-0.9272657384840239,-1.287332269007762,0.6092652175827067,-0.5454879353359423,-0.5574961853349205,-1.0218830172944735
0,-0.7009463540129662,0.4786032815731404,0.5643818255254132,0.4786032815731404,0.0,0.0,0.0,0.0,0.0,0.0,0.14221896801563313,-0.14361461779111012,-0.4777222778689235,-0.5145743014125822,-0.36057249936059,-0.08287216818541726
1,4.405851718273753,1.620976197467886,1.620976197467886,4.070437678295102,0.0,1.0,0.0,1.0,1.0,1.0,0.6353699100374133,-1.9088925011444107,-2.0163889831118804,0.7282495298214341,-0.5847607892728164,-0.5045520121902793
1,6.238927979627663,2.931510492032034,2.931510492032034,5.684716809246344,0.0,1.0,1.0,1.0,1.0,1.0,0.7733680376884686,0.41411048199202166,-1.516645019277889,-0.12986955871010608,0.5232055557195682,0.660856417223789
0,2.3290749649850655,3.5925351787291886,0.5403020726438784,3.5925351787291886,0.0,0.0,0.0,0.0,0.0,0.0,0.24515112011991838,1.0864490964864333,0.32915104409359086,0.3536834315675767,1.7306387632963096,0.8342193941259399
0,1.6118658914340747,2.3762980485576346,1.9084898200525946,2.3762980485576346,1.0,1.0,0.0,1.0,1.0,1.0,-0.11286551741138268,-0.5893606954344723,-0.4991066526581579,-0.02769002276355291,-0.49960420354283996,-0.7384598374265114
1,-2.4435160092205606,-0.7035715899034205,-0.7035715899034205,-0.7076025636009151,0.0,0.0,0.0,0.0,0.0,0.0,-0.9866216748164068,-1.4569133821638351,-0.837130215239628,-1.1699478956617118,0.7192644274211503,-0.29799630555581946
0,1.6526862131512154,2.9302977251177365,2.3539033979829984,2.9302977251177365,0.0,0.0,0.0,0.0,0.0,1.0,1.9476377810029506,-0.013907116876179987,-0.21948745069676406,0.7416930291415528,0.48688335199375826,-0.010865676998407514
1,4.563499690460817,3.0216949687884216,3.0216949687884216,4.752528061329224,0.0,0.0,1.0,1.0,0.0,1.0,1.1346784150339126,0.8981367672649623,0.9105336245069987,2.0363341368691383,1.1912268786431581,1.8898188292699452
1,2.0129038048512014,1.264049192696467,1.264049192696467,2.187069136831342,0.0,0.0,0.0,1.0,1.0,0.0,1.125441941517778,0.4486517692766427,-0.8966791102199444,-0.6914012544675228,0.26957193766366216,-0.10035935068098124
1,0.33610872828342675,0.43367622135366024,0.43367622135366024,2.6455432427899197,0.0,1.0,0.0,1.0,1.0,0.0,-1.6202575994773665,1.1563939801230587,0.9383303848468114,-0.07747620974042756,0.34268137018573036,-1.4024903536120792
1,3.6473476221565724,0.45550389817249104,0.45550389817249104,2.486957280583226,1.0,1.0,1.0,1.0,1.0,1.0,0.3985059878977418,-1.6823957873235047,0.5950699953765038,0.7824790135430497,1.567041954128533,-0.47905817796067457
1,3.299584382053367,0.8563092119152697,0.8563092119152697,1.484997815779794,1.0,1.0,1.0,1.0,0.0,1.0,-0.11987448365094565,-0.24729907408263374,1.4787012728849274,1.1743516043060407,0.06059377900673557,0.09212187110543024
0,0.527586664144926,2.185012808723704,1.6851252899807942,2.185012808723704,1.0,0.0,1.0,0.0,0.0,0.0,-1.9218482985030438,0.4905997511883081,-1.54322156928317,0.7795668443520634,-0.024509965440923653,-1.4014469304742052
0,2.988020527640927,4.207119472312206,1.4805938215674823,4.207119472312206,1.0,1.0,1.0,0.0,0.0,1.0,-0.470936503176473,0.6804563891842244,0.2085079742018906,-0.07501620106937713,-0.5068837164052089,-0.7102859431449255
1,5.446995486214655,4.517855572074419,4.517855572074419,4.990924579184934,0.0,0.0,0.0,0.0,0.0,0.0,1.488031106452493,1.0844412616986983,-0.3353504179004924,1.9446878125225817,-0.3527641345115268,0.7440329704418019
0,1.107207922910102,0.11618974596029474,0.8032191005887696,0.11618974596029474,1.0,1.0,0.0,1.0,0.0,1.0,0.054878141499726446,-0.38728089955592343,2.2819425301817855,-0.3735234418268202,0.45687915503273757,0.2619698063024067
1,1.285949223884609,-0.038959263267449,-0.038959263267449,1.4115098188199093,1.0,1.0,0.0,1.0,1.0,0.0,-1.432317624476557,-0.40982714697450945,0.08107643415313892,-0.35580712442010587,-1.408185894385494,-1.5691045156898098
0,1.0382013755366892,0.3339864207186556,0.8265649324438864,0.3339864207186556,1.0,0.0,1.0,1.0,1.0,1.0,-1.551708690539872,0.3389893037589506,-0.00016167650761739205,1.0078280030443352,0.6709853181103872,0.8443451671049067
1,2.9250890038305988,2.782269012356695,2.782269012356695,4.165998701886384,0.0,1.0,1.0,1.0,1.0,1.0,0.5274737773584404,-0.2537642616529139,-0.3763169576334613,0.5404079167229604,1.2875377222885622,0.5072580916984439
0,0.035205340092973714,2.001235363050932,1.4230475508003064,2.001235363050932,0.0,1.0,1.0,0.0,1.0,0.0,-0.0725057161667183,0.6427178734308685,0.4006230868856158,0.7467703960592167,0.3892803152700822,0.15853776991794705
0,2.5534859019665253,1.993975818558347,2.643822657735692,1.993975818558347,0.0,1.0,0.0,0.0,0.0,1.0,1.0171578607504759,1.2995907889476017,1.302053155306203,0.3685937527714613,0.5994236362402109,1.617413187800052
1,2.277770272886721,1.5002271541256338,1.5002271541256338,2.553870260414666,0.0,0.0,0.0,1.0,0.0,1.0,-0.41406237853725136,0.936570899317308,-1.5494455657486768,-1.2773563960910033,-0.13784217335985754,-1.09090006108031
1,4.793306218249423,3.869772681844307,3.869772681844307,5.66376248242664,1.0,0.0,0.0,0.0,0.0,1.0,1.4024893756989691,-0.355194387725991,-1.5785547171138636,1.758980842262908,0.43069582549061913,0.8449838815925047
1,5.802512794944112,3.093511692237907,3.093511692237907,5.26663326238677,1.0,0.0,1.0,0.0,1.0,1.0,0.9972102939917057,0.12733392007620958,0.7718832001677809,0.9627448662951474,1.315626424039222,0.25947139731671737
1,4.8739865528737525,4.772602261399886,4.772602261399886,4.333034068891449,0.0,1.0,1.0,1.0,0.0,1.0,2.0621600307391015,-0.19971555732838459,0.7450918427085882,-0.2165700388049081,-0.1695877819023161,1.2777096105287824
1,1.5933658142362424,0.9002503211197526,0.9002503211197526,2.810462370917533,0.0,1.0,1.0,1.0,1.0,0.0,-0.5057695975900742,-0.2629590968671499,1.4149613416969185,1.0969282605199198,-0.19478611670188756,-0.4008737859081359
1,4.269523668939815,2.6961723596050606,2.6961723596050606,5.205643690866739,1.0,1.0,1.0,1.0,0.0,1.0,0.7479319876738798,-1.4591503233861256,-1.0831323345575314,0.4541275021289838,-0.12007881394609032,-0.23066002364794735
1,3.8477201965609735,3.934360389285659,3.934360389285659,5.370147724504495,0.0,1.0,0.0,1.0,0.0,1.0,1.1197817106006183,0.12269086269339813,0.20317396979652486,1.499117555337519,-0.41048576806592546,0.8119174320639277
1,4.6569959988957494,3.0410978600423,3.0410978600423,5.192021124570519,1.0,1.0,0.0,1.0,1.0,1.0,0.4765059546518997,0.9055929014588058,-0.09422718824213927,0.4580476359679207,-1.5405437009370715,-1.706723541011871
1,1.6017723559860706,-0.30441586584812136,-0.30441586584812136,-0.054633190227695305,0.0,0.0,1.0,0.0,1.0,1.0,1.085162670482374,-1.6643858939189229,2.081083074610574,0.095242326656932,1.4807794096264195,-0.15539805015659736
1,3.265119135520754,0.5633049133448397,0.5633049133448397,0.9000923747883856,1.0,1.0,0.0,0.0,1.0,1.0,0.5543088880936131,-1.6194292363836065,0.06445341237643554,-0.6649783373788548,-1.7385464077270885,-1.7226182394362537
1,3.415158737217446,2.2104039912385955,2.2104039912385955,2.305451349353194,0.0,1.0,1.0,1.0,1.0,0.0,1.0796528353096997,-0.7923491474071633,1.2978619274974859,2.051868394241268,0.47733370633486044,1.4852607483707452
0,-2.380892922381499,-0.1334767994851367,-2.8902124797832043,-0.1334767994851367,0.0,0.0,0.0,0.0,0.0,1.0,-1.2604941717310238,-1.4141602315689097,1.3612706480209715,-0.023803554793964565,0.07673362652754995,-1.6338246979927067
1,2.0196916301354007,-2.1669850590511213,-2.1669850590511213,0.7264872062478727,0.0,1.0,0.0,0.0,1.0,0.0,0.3648871881902436,-1.7696014144252348,0.34167630688649064,-2.472486839632367,-0.1302109536912719,-1.2123043870494759
0,2.4936420937935626,2.5145475270123523,0.2580938991405979,2.5145475270123523,0.0,0.0,0.0,0.0,1.0,1.0,0.44302561311645533,0.3563054882412375,-1.9802765349224207,0.61763766230248,0.027983078904296632,-0.1719851559757819
1,3.378014418433647,0.6193425892356476,0.6193425892356476,-0.1259637216258056,1.0,0.0,0.0,0.0,0.0,0.0,-0.8232886327536809,-0.0019719649085908203,0.242142281869898,0.14740482963958407,0.25764317915029106,-0.37027296937606874
1,3.0202700385654113,0.7503154075789035,0.7503154075789035,1.6833512015223495,1.0,0.0,1.0,0.0,0.0,0.0,0.3721029374809983,-1.0444292095380874,-0.6099022612845961,-0.8501630007423517,-1.6038366400170025,0.029974546080200226
1,2.5019171681594257,0.8678432371348417,0.8678432371348417,1.7707112827766838,1.0,1.0,1.0,0.0,0.0,0.0,-0.28909865178510297,-0.037196624846048854,-0.17627708025741218,-0.09122797101880833,-1.8532957918054351,0.5878521287871321
0,1.0861394298105633,1.7922884101114462,-1.1521569428765552,1.7922884101114462,1.0,0.0,1.0,0.0,1.0,1.0,-0.2176777167360127,-1.8276591690561848,-0.7088542423394077,-0.8474816441113625,-0.9993227432304981,0.5968519842404841
1,1.0043388037773189,1.0783582932277493,1.0783582932277493,1.6980993594143223,0.0,0.0,1.0,1.0,1.0,0.0,0.13408803489576637,-0.378789402942471,-2.1633167753544345,-0.7822922380350598,0.9528017415257481,-0.6033817670881102
1,5.8448479288158515,2.84200229086609,2.84200229086609,4.671194155357687,1.0,0.0,1.0,1.0,1.0,1.0,1.0971883476459459,0.04535033027740093,0.350353813029987,0.2695835791183323,-0.2109858295732855,1.9322513361914795
1,0.976621002206477,0.09857668351473688,0.09857668351473688,1.0871256873655029,1.0,1.0,1.0,1.0,0.0,1.0,-1.3005811761870076,-0.7300473560838645,-0.26814241180284365,-1.0615745851786207,-1.37549300889244,-0.7492606254101744
1,0.35490830761959646,-0.7436098277001884,-0.7436098277001884,-0.019800584534973686,1.0,0.0,0.0,0.0,0.0,1.0,-1.1556690517495904,-0.6546414197373212,0.045385252318388955,1.0096286399036314,-0.11356955499449009,0.9473915368328802
0,0.2247008181945433,0.3348299899333892,-0.0018524665796503526,0.3348299899333892,0.0,1.0,0.0,0.0,0.0,1.0,-0.8217254054257511,0.2784127674564022,-0.05867480307518014,-0.24750090485438542,-1.0660301249327704,1.2094420110823103
1,2.4996862970003977,0.38036617280160523,0.38036617280160523,1.6964685208935073,1.0,1.0,0.0,0.0,1.0,0.0,-0.6955138168573877,-1.2733550629908617,-1.5530551604943288,-1.65227719320566,-1.9160973086385173,-0.18143248988477412
1,0.055794452790339566,0.7037164158769793,0.7037164158769793,-1.8517695414181279,1.0,0.0,0.0,1.0,0.0,0.0,-0.8057638580308268,1.068390950513162,1.7993605921008298,0.04081091724509332,1.0005355396631517,-0.11494971608128646
1,3.0294523362882977,-1.0787887400747609,-1.0787887400747609,-0.5131717521889213,0.0,1.0,0.0,1.0,0.0,0.0,-0.5453136135919436,0.5294044606536626,2.4507146190693283,-0.48131850722964664,0.5483305926711709,-1.2167439587316968
0,2.0158431668375867,2.0553260133060283,1.5711239349441364,2.0553260133060283,1.0,1.0,1.0,0.0,0.0,0.0,-1.0731364683112763,1.2830129711009204,1.90908293567681,0.7250812765729803,2.0187993461735934,0.4262400825149335
1,-0.7996213878515326,-1.0646560386637927,-1.0646560386637927,-2.892047153711918,0.0,0.0,1.0,1.0,0.0,0.0,-1.4897467086388678,-0.37366862140181445,-0.46152534515441657,-2.0545693682210695,0.753851775336385,-0.3623273724062182
1,3.990615351815953,3.589481494587251,3.589481494587251,3.774424415818772,1.0,1.0,1.0,1.0,1.0,1.0,0.23376698028975673,0.13456500178775377,-0.15805735502972218,0.4469376172338211,-2.9269082635289068,-0.34269671934178686
0,2.8190888594301677,-0.8953929231906308,0.31838381011719663,-0.8953929231906308,0.0,0.0,1.0,0.0,0.0,1.0,0.028827458374149992,-0.302081113166069,-1.9655843114911002,-0.4339746855690935,-0.017988135019042506,-0.9654565710265762
0,0.75324017376605,1.0386355835202057,1.2306300805374273,1.0386355835202057,1.0,0.0,1.0,0.0,0.0,0.0,-0.7044018971643745,-0.14388829634496947,0.09372040458318853,-1.5390129807917496,-0.08843671273496197,-0.29351968230809733
1,0.7287762798884776,0.9795043085677283,0.9795043085677283,1.3374120285487718,1.0,1.0,1.0,1.0,1.0,0.0,-0.639041817313635,-0.6976637640808644,-0.5008067317056589,-1.2411864841458815,-1.1613493038007325,-0.32079977901394596
1,3.3426691587048127,4.095723202688995,4.095723202688995,4.5483969997734945,0.0,1.0,1.0,0.0,0.0,0.0,0.7225927931285823,-0.7180416087944439,-1.6685286472852874,-0.5968159998189478,-2.0066554164454455,-0.1990587158400876
