1,6.376463769893653,4.979980321106111,4.979980321106111,4.0772434064728555,1.0,0.0,1.0,0.0,0.0,0.0,1.7505918256077497,0.9042624308442793,1.1250808863235282,1.1983804676727334,0.7718218711935021,0.43730827747124656
0,-1.064621762488507,-1.2086767674672259,-1.0106231006115027,-1.2086767674672259,1.0,0.0,1.0,1.0,0.0,1.0,-1.5166396249327514,-1.3279020845295528,-0.8559998100076198,-0.7314477498907237,-1.1803823150115726,-0.1676949931201568
1,-1.2186842606515917,-2.267568247256632,-2.267568247256632,-1.375524920568024,0.0,0.0,0.0,1.0,0.0,1.0,-1.6729787391440298,0.720901030537679,1.49779207494052,-0.02755017256879383,-0.5957860678145426,-0.6683577553183351
1,2.4807007083616925,1.198415024938483,1.198415024938483,2.1956626839480955,1.0,1.0,1.0,0.0,1.0,1.0,-1.1238250400756513,-0.9020083008979456,-2.9145305743453944,-1.6293484049158156,-0.3845762853678736,-2.1260341603671176
0,0.5632253463377629,1.5901577153614315,-0.19040084608268437,1.5901577153614315,0.0,0.0,0.0,0.0,0.0,0.0,-0.7564519553059514,0.746401897778711,-0.14693230103618776,1.2603943202983185,0.45014015949286035,0.6817695686626003
0,-2.2063248506230675,0.5483421678052263,-0.6106085937683375,0.5483421678052263,1.0,1.0,1.0,1.0,1.0,1.0,-1.3372067491770077,-2.4258105362341693,-0.7959647800119608,-1.4961664326966446,-1.967391463789383,-1.6916029558279637
1,4.160456983609826,4.5325018103373464,4.5325018103373464,6.115381165551961,1.0,0.0,1.0,0.0,1.0,1.0,0.7415256466576213,1.0391594147015397,0.02950010298742068,1.2051162203367218,-0.2593023384886006,0.7022322612472577
1,4.210001925096168,0.17252623090266717,0.17252623090266717,5.029052468435042,0.0,1.0,1.0,0.0,0.0,0.0,1.204155819050456,-0.08833018729650555,-1.3650332771451876,-0.020643834495062297,-0.7640161878971365,-0.33364164276799385
0,1.1346295204529524,1.0374433960031695,2.6058796250479657,1.0374433960031695,0.0,0.0,0.0,0.0,1.0,0.0,1.275624846049601,0.8175075738083752,1.746622730917327,-0.3941188101845882,0.8945057435121666,0.5802074802575505
1,3.8099304427767695,-0.24051168384206134,-0.24051168384206134,2.2995094060139105,0.0,1.0,1.0,1.0,1.0,1.0,0.7404055007131317,-0.8609786998767553,0.8065108907317471,-0.2834470656339129,-0.45281476436606183,-0.422619454748851
1,3.844527491537156,2.0824651388487028,2.0824651388487028,5.040494706887131,1.0,1.0,0.0,0.0,1.0,0.0,0.9941293755640866,-1.2935297222660826,-0.07576057058736142,0.2141100816349224,0.0927626393347329,1.3310616565302709
0,3.826573226089554,5.465774881087412,5.732948441788162,5.465774881087412,0.0,0.0,0.0,0.0,0.0,0.0,1.205108213069264,0.7079354804609707,-1.4733434975588295,0.8626817269279653,0.6627540741503721,0.2893399165866478
1,7.074919132331021,4.242447147250441,4.242447147250441,6.846329030154828,1.0,1.0,0.0,1.0,1.0,0.0,0.5044974861555156,2.7276251951234745,0.8842364383969203,-0.8823392776916783,-0.9743012229773572,0.5586553652906463
1,2.630450284129216,1.4459139334173357,1.4459139334173357,2.978844415277022,0.0,0.0,0.0,0.0,0.0,0.0,1.0738378144746523,-0.3514614169774977,-0.18833311332927616,-0.775210134972004,1.3616273854502596,0.5704766503684675
1,3.373553411011283,3.27125107878265,3.27125107878265,2.523919209551601,1.0,1.0,1.0,0.0,1.0,0.0,-0.5894560113271817,0.40044505471812275,-0.015193438073245247,0.6796521379400858,1.4658002175078317,-2.355910107536178
1,4.751870067897538,2.762395386732042,2.762395386732042,4.62766603769566,1.0,1.0,0.0,1.0,0.0,0.0,0.18161184983024964,0.6116161745561185,0.2710799346639821,0.3272811886471923,0.30917450551598635,-1.0010046930309389
1,4.542533529568263,3.549104010222316,3.549104010222316,3.9269546285406998,1.0,0.0,1.0,1.0,1.0,1.0,0.5101651730674479,0.640169142682917,-0.56894449409212,-0.26561635661092065,1.395482223318381,0.36287198528950493
1,1.9519326475617622,-0.8988661401855342,-0.8988661401855342,1.999939644187546,1.0,0.0,1.0,1.0,1.0,1.0,-1.1474959205303807,-1.8851426917198975,-0.1493880203753486,0.3012782049965812,0.8510425607264317,-1.6976759028554063
1,2.612046625683656,0.23990218685214434,0.23990218685214434,2.055764509002791,0.0,1.0,1.0,0.0,1.0,0.0,0.21142979726358369,-2.3155877734711194,-0.6652259010974704,1.1082495003760102,-1.5807684926421892,-0.23025973814750056
1,6.125652413387941,2.3503374023922317,2.3503374023922317,5.650385693244367,1.0,1.0,0.0,1.0,1.0,0.0,2.9272059135227275,-0.7555559786190609,-0.3185666096640827,0.13591476415786308,-0.40464419455048284,-0.21656585010549126
0,0.5882348044203096,3.442924902750734,2.1131176940077947,3.442924902750734,1.0,1.0,1.0,1.0,0.0,1.0,-0.5042273324624752,-0.635965014031987,-1.7565933786131367,0.2778679543943702,-0.2986810995214558,0.9384674294402999
1,7.459804244426516,4.466463835463996,4.466463835463996,6.80955611547785,1.0,1.0,1.0,1.0,0.0,0.0,0.0628153104545552,1.2508136059160082,0.7429393522638634,0.2872485809417913,0.9255928540698115,-0.41903138454867417
1,4.568693332070272,4.738212009230375,4.738212009230375,6.14384921334667,1.0,0.0,1.0,1.0,0.0,0.0,1.4405483387113696,0.31328819836093336,-0.6377281980777592,0.8030317600779759,0.19958283439812913,0.24862322298961076
1,2.9384042082459376,-0.0734845693085231,-0.0734845693085231,2.1078437805710704,1.0,1.0,0.0,1.0,0.0,1.0,-0.3338166519247442,-2.076027235919818,0.7500706989768942,-1.5163423520061703,-1.680223435617845,-1.39223602159582
0,0.614927116653465,2.27341891517879,1.0126644002145615,2.27341891517879,0.0,0.0,1.0,1.0,0.0,0.0,1.056920059339362,-0.8855330391453557,0.21601347299428908,1.0368853507973197,1.6569911112864468,0.9176412961241469
0,1.2074078117129294,0.6903237012607346,-0.2723394415251704,0.6903237012607346,1.0,0.0,0.0,1.0,1.0,0.0,0.18418046668977656,-0.26033824546591655,-0.11521157843452152,-0.8675146867763842,-0.9737415960619167,0.5890545239528597
1,2.6162590766039644,2.2982796913289247,2.2982796913289247,3.474825162128784,0.0,0.0,1.0,1.0,0.0,0.0,0.9590184241695535,0.26006750878001295,-0.07380856651859102,-0.9018902084364124,1.463253995207165,0.4005749528414423
1,3.8637067148997155,1.5773879306253615,1.5773879306253615,3.89163622980998,1.0,0.0,0.0,1.0,0.0,0.0,1.8049500266700853,-0.11774929827816039,2.1455109384312223,0.8538758162877209,-0.2718250946626338,1.441837449607222
1,2.1241282841365345,-1.6506369524145188,-1.6506369524145188,4.286227908925449,0.0,0.0,1.0,1.0,1.0,1.0,-0.8014549916906398,0.014304516399713793,0.6671509748636335,-0.12751189068061541,-0.23647711901837337,0.19476126898298352
1,-0.5114595774534294,-0.8364627555363031,-0.8364627555363031,1.2082580026463308,1.0,1.0,1.0,0.0,0.0,0.0,-1.7731791072850769,-1.1882079959970981,-1.562609303876667,-1.2196365833633058,-0.9775866627688211,-0.22393848235085856
1,4.333457215007532,2.930639523378502,2.930639523378502,2.3963946583919253,1.0,1.0,1.0,0.0,1.0,0.0,0.37283676012299355,-0.10414486263804387,0.12903714278111847,-1.2662201722372817,0.2951092419640451,-0.3423352436460224
1,3.0823372399063467,1.7551335306493419,1.7551335306493419,2.1957141586259574,0.0,0.0,0.0,0.0,1.0,0.0,1.6769885509034799,0.9472609996944223,1.5092668651917818,-0.056024685211703174,-0.4292250395335389,-0.4587146596679121
1,1.2513255701569832,1.1812078521602933,1.1812078521602933,2.733834421920593,0.0,0.0,0.0,1.0,1.0,0.0,0.6796685978214336,-0.9282514163233757,-0.45648798532258394,0.03147553879803319,-0.7783177303850548,-2.3061102214612292
1,-0.2131447553397554,2.7308212024770366,2.7308212024770366,1.689362380335078,1.0,1.0,1.0,1.0,0.0,1.0,-1.3262162754468227,0.6032591322657973,0.0015732302998063673,0.8069028649454091,-1.099885514095763,1.2444195318485243
0,-0.9262524387056015,2.221645671993338,1.1624851587846958,2.221645671993338,1.0,1.0,0.0,1.0,0.0,0.0,-0.8295423456054886,0.35314621833925036,1.628306760255287,0.9773560000089596,0.7740226188232868,0.2936738343358324
1,6.33097200830517,4.062930027935827,4.062930027935827,6.479111758829102,1.0,1.0,1.0,0.0,1.0,0.0,1.34610423250439,0.8681018638881204,0.6112133045255462,-1.7711947699836514,-0.4196310359588637,1.0495248718600714
1,5.316974412925773,3.6843429823513385,3.6843429823513385,7.208767360787702,1.0,1.0,1.0,1.0,1.0,1.0,1.578339798313089,0.4909572345729437,2.1775925176479056,0.7597773152703569,0.9108866878116875,1.2071554474542567
0,2.8381810083363908,6.867505709718515,3.9640330552511434,6.867505709718515,1.0,1.0,1.0,1.0,1.0,0.0,0.050305824692633616,1.6876716707021888,-0.2751466913235606,-0.6389917805266289,0.7400880369828426,1.184888329552414
0,-0.32623331531165145,0.799106147824003,0.7904887998649841,0.799106147824003,1.0,1.0,0.0,0.0,0.0,1.0,-1.6992842086938302,-0.8085881522421947,-0.36941456177692067,-0.9412578393457203,-1.9021637121926596,-0.8498549953451523
1,4.115681709468158,2.838393808299931,2.838393808299931,5.891564744056219,1.0,1.0,1.0,0.0,1.0,1.0,0.7753925689778252,1.3232902707573366,1.3630701060535213,0.6545253259745998,0.6546590355777295,0.7525195746797613
1,4.278813214107064,0.7544906940082121,0.7544906940082121,4.415390661752332,1.0,0.0,1.0,0.0,1.0,0.0,0.7438478179008204,-0.0720492375996529,0.242823984150076,-0.12338678460959965,-0.9283204540755412,-0.6679946102410459
0,-3.30362584407997,-2.4383176224251693,-0.21999532223578377,-2.4383176224251693,0.0,0.0,1.0,0.0,1.0,0.0,-1.922158684887901,-0.26763922768137066,-0.09967938012225175,-1.5211312945087834,1.2407898897551284,-0.16929613118006004
1,5.828643355534966,3.8563211161931386,3.8563211161931386,4.1959074239238605,1.0,1.0,1.0,1.0,1.0,1.0,0.5944134315062269,0.2496188252974198,-0.7489143153437663,-0.3578171960531497,-0.2844565375446835,0.7613278432298581
1,1.0133418309808204,1.088018947352037,1.088018947352037,1.836169122006887,1.0,0.0,0.0,1.0,0.0,0.0,-0.18778442875487772,-0.8982827608739173,-1.569780772691688,-0.16981491530569393,-0.3504668014924778,-0.9337798801828359
1,0.5774957008059785,-0.3738011804437185,-0.3738011804437185,-1.4502797914286898,0.0,1.0,1.0,1.0,0.0,0.0,-1.577487579360995,0.09393965928627296,-0.2219274457811314,-0.1316251602171147,-0.3489005545973518,0.09137307718658882
1,1.077319856995458,-0.6047791165263752,-0.6047791165263752,3.090676520662268,0.0,0.0,0.0,1.0,1.0,0.0,0.22068122177123148,-0.9293398695633677,0.5321524529884631,-0.15517726508893262,2.328357616552784,0.32964818480161395
1,4.777767723683308,3.4251716362695195,3.4251716362695195,4.2898861518711815,1.0,1.0,0.0,0.0,0.0,0.0,0.3080649319395637,0.31531757740646404,-0.4269160458145198,0.7397335694856813,1.4864336332427106,0.2381440275377072
1,2.494146643518858,2.1891935655012738,2.1891935655012738,2.9287321908821395,0.0,1.0,0.0,1.0,1.0,0.0,0.5048182765702898,-0.13475065450069043,0.3773515172786506,0.2818050052227207,-1.14742896225282,0.5572221694973857
0,0.19737679742606062,0.4868813740061091,-0.7586670489465948,0.4868813740061091,1.0,0.0,1.0,0.0,1.0,0.0,-1.3528291554360712,0.14565882248336948,-1.3938976767903064,-2.351135366285452,-2.73836351320067,0.7967646028986404
1,5.9673304149752875,4.17324701870451,4.17324701870451,5.123958048183354,1.0,1.0,1.0,0.0,1.0,0.0,-0.07474583658603558,-0.49593145536087846,-1.5559079685773565,0.3477771972650443,0.32946404234096904,-0.7039545219332303
0,1.6615530552674247,4.3208673823956705,2.923229171286619,4.3208673823956705,1.0,0.0,0.0,1.0,1.0,1.0,0.31780922637173376,0.8577286667905636,-1.3176334851548304,-0.5366768943606602,0.34315133860410835,0.2690161673216777
1,1.3457923343995306,0.720314776462575,0.720314776462575,2.0688125394699686,0.0,0.0,0.0,0.0,0.0,0.0,0.617599137143247,0.8900028797947502,1.0367812777309415,0.07171365183290727,0.37916662697114,0.08241217408376361
0,-1.233387909120852,2.507904392831437,-0.7163487892287408,2.507904392831437,0.0,0.0,0.0,0.0,0.0,0.0,-0.5688577973320398,-0.3150827116814974,-0.39521196830495825,0.802959082353611,0.2577603186730636,0.7956789118681254
0,-1.7471701446989234,0.2817537051486526,0.7426877293042484,0.2817537051486526,0.0,1.0,1.0,1.0,1.0,1.0,-1.032707709354472,-0.8735446335140676,-1.8483439799915278,-0.6310335026278056,-2.2639199460648975,-1.180859192817083
1,5.6710545067135545,1.9391795573653803,1.9391795573653803,4.127260525723896,0.0,0.0,0.0,1.0,0.0,1.0,2.4651464163133485,-0.1617740907216568,0.1887706648316222,-0.0467710820377881,0.4940204765267298,-0.9433367414819127
1,5.208629035995437,2.9763715738351673,2.9763715738351673,2.692010906710903,1.0,1.0,1.0,0.0,0.0,0.0,-0.4036475177460301,1.2083890006282667,-0.02145644625885812,0.11028119959603475,-0.7695193926177097,-0.9311240013558839
1,1.5647183819365378,0.12483409066071072,0.12483409066071072,2.8074045494695192,0.0,0.0,1.0,1.0,0.0,1.0,1.0017218096869083,-1.1992078886351427,1.2450495255709795,2.41652957003621,-0.2576944420021777,-0.35185444741592264
1,5.455501934663806,3.4610190608075393,3.4610190608075393,5.135889871722707,1.0,1.0,1.0,1.0,0.0,1.0,0.5322507710711527,-0.3014719659573249,0.538094696560873,1.1524202115450026,0.6827685122828383,0.29374081108370276
1,3.225915436605302,1.321268445031373,1.321268445031373,3.7172577105828264,1.0,1.0,1.0,1.0,1.0,1.0,-0.00233166830997573,0.7954875647526256,2.4397837785355447,-0.8229638247293309,-0.6535080777672372,0.7652609283047838
1,4.828753601034088,1.0185354860731426,1.0185354860731426,3.3464883433751416,0.0,0.0,1.0,1.0,1.0,0.0,1.2538200370248054,1.3043649477512669,1.8253328651833165,0.6570594065544999,0.3160193005697342,-0.8305886366298639
0,3.7550698553602206,5.160200637495657,1.4719053034985163,5.160200637495657,1.0,1.0,0.0,0.0,1.0,1.0,-0.43014335168257395,1.9707438553645709,0.484467073230464,0.1963186523681622,1.362669488091506,1.35338747034911
1,4.0383475041198515,1.9892617214856925,1.9892617214856925,3.9293808284895495,1.0,1.0,1.0,1.0,1.0,0.0,0.7793188572052155,-0.22892422118868028,1.5781415467104145,1.3620713078592832,0.9318687033588922,-0.01654720662775455
1,3.3515688972306306,2.2940188542294346,2.2940188542294346,3.6018821634108895,1.0,1.0,0.0,1.0,0.0,1.0,-0.07797563718175153,0.11896909439008252,-1.2535545104774735,-1.305590570772412,0.3536710606691565,-0.5238651624188009
1,1.590330827091001,0.6804527355639278,0.6804527355639278,3.2452459706542838,0.0,1.0,1.0,1.0,0.0,1.0,0.02342527820377734,-0.8147585177346,0.39296242616278987,-1.1316758077328775,-0.24663802065720195,-0.5684919395022481
0,2.1152808170668385,4.00260889644349,4.89688888489432,4.00260889644349,0.0,1.0,0.0,1.0,0.0,0.0,0.37645028178311923,0.5684152544560953,-0.754464696905919,0.20928543933508537,0.347278927462924,0.9195810717759894
0,1.4024420880887423,3.4799738830604525,3.945813480908822,3.4799738830604525,1.0,0.0,1.0,1.0,1.0,1.0,-0.6848143348646644,1.3917523098062081,0.5943121564991819,0.02657839676162485,0.5517431835180869,0.7653780455683616
1,1.0298512148861596,0.630475368017221,0.630475368017221,0.41216663802756115,0.0,0.0,1.0,0.0,0.0,1.0,-0.329550359733854,-0.9892261720905916,-1.124904345884152,-0.35776313912578395,-0.6763683343388289,-0.37686340751064307
1,3.2632323251029867,1.4284004588813815,1.4284004588813815,2.518695666640007,0.0,0.0,1.0,0.0,1.0,1.0,1.2469821883267915,-1.6294736227969122,-0.3180617785836477,0.2164273863650785,1.0408021416120135,-0.3243714838606117
0,-0.6324659498193576,1.9227702033984015,-0.8207695868020854,1.9227702033984015,1.0,0.0,0.0,1.0,1.0,1.0,-1.001706386371564,-0.9234624795112242,0.07860888252496706,0.23199340278643493,-0.4215647889079387,0.696944024125329
1,3.8468535420656975,2.013933097997052,2.013933097997052,4.74967808400523,0.0,1.0,1.0,0.0,1.0,0.0,1.5954719423127082,-1.0526918902344176,-0.4539947417071477,-1.036259446705785,-0.33418831584055847,-0.21316422098080784
1,3.8484966071537543,1.6656056915212838,1.6656056915212838,2.697729485801729,1.0,0.0,1.0,1.0,1.0,0.0,-0.06017284833575849,0.29057981530839366,0.5617131716996735,-0.1436198698700163,-0.7475913577849946,0.22533100052367355
0,2.161182583296348,3.4702902408938865,-0.28702388404980517,3.4702902408938865,1.0,0.0,1.0,1.0,1.0,1.0,-0.6789851337759233,0.15280094844070544,0.025869233002382808,0.5804643579069567,1.162049846309493,-0.1922772540961143
0,1.660058863695418,1.2302584954312232,0.9855882906534372,1.2302584954312232,1.0,1.0,1.0,1.0,0.0,1.0,-0.9782274136627802,-0.1486847086739525,0.10013144639690968,-0.2907003149721594,-0.007697933346244877,-0.12128303894569288
1,2.7754371623527425,0.8794552404922683,0.8794552404922683,1.8795396561648636,1.0,0.0,0.0,1.0,0.0,0.0,-0.2020486895127431,-0.619953057310136,-0.7551037079508429,0.486198061841449,0.10422988092098445,-0.18757254144223276
1,0.3866546706621685,0.5082950277770716,0.5082950277770716,3.0218652837577813,1.0,0.0,0.0,0.0,1.0,0.0,-0.6946772914784812,0.7691944135420226,-0.18015057472305157,0.7651195144288451,-0.12216974449708781,-0.8355842202455489
1,-1.8840447077802231,-3.3632952415457265,-3.3632952415457265,-1.631246782922866,0.0,0.0,0.0,1.0,0.0,0.0,-2.0237015807155516,-0.9121402044215319,-1.5988040697584758,-1.709966094355046,-1.3910240271880825,-0.20251279047912552
1,4.356018806027913,1.2298390040141245,1.2298390040141245,6.668953872764731,0.0,1.0,0.0,0.0,0.0,1.0,1.478501638039185,1.2535160235338103,-0.10244011486907884,-0.9663675023674235,-1.1290528496905414,0.6080125129594857
0,1.1192599774384888,4.061003889626681,1.9546220336422917,4.061003889626681,0.0,0.0,0.0,0.0,0.0,0.0,0.5065881763294353,0.6921606458867696,-1.2504178695113595,0.3684322035291426,-0.7156821597655143,0.04015926335087344
0,-2.0960528105406357,-1.7128464507529797,-0.9994763464690428,-1.7128464507529797,0.0,0.0,0.0,1.0,1.0,0.0,0.44692997458016853,-0.5915770160305341,0.3559330748862157,-1.9104384753777122,-0.7358240975435671,-0.4064438917880602
1,-0.026073626342293155,0.3383741728693482,0.3383741728693482,1.9673346312042104,0.0,1.0,0.0,1.0,0.0,0.0,0.7191128864301797,-0.7576844873942639,1.3283014515085303,0.25505484780316046,0.9014774419586833,-1.1960448204168703
0,-1.6467128534432935,-0.5199065061251416,-1.7768812201195112,-0.5199065061251416,0.0,0.0,1.0,1.0,1.0,0.0,-0.15136978943214083,-1.4089604753868734,-0.9942545750877965,0.09490094581831515,-0.6560290664323054,0.30764269775899655
1,7.849206848594879,4.720570995363364,4.720570995363364,6.418802678901824,1.0,1.0,1.0,1.0,0.0,0.0,1.3121872211246017,-0.22709349284118985,-1.6599191116000829,0.22053314135021607,0.5573269313835028,0.3004936833016431
0,3.06356160920575,3.083780683593112,3.212931421549797,3.083780683593112,0.0,1.0,0.0,1.0,0.0,1.0,-0.2980956227129977,0.9857711135657817,-0.07088055566955959,0.8938473079960907,0.8157839614982776,0.1359889593618137
1,3.054354338220909,4.017242404147791,4.017242404147791,4.614826078629439,1.0,1.0,0.0,1.0,0.0,1.0,2.02221064340278,-0.8604354573101345,1.4802304851372743,-0.5996494681140649,0.7711234894027309,0.7955022722919207
0,0.03897564748970522,1.7826234541175965,0.23603346934854436,1.7826234541175965,0.0,0.0,0.0,1.0,1.0,0.0,0.2478561003572018,-0.754979977905939,-0.5159370650049737,-1.4591832701535963,-0.49847932585936333,-0.2635935941421102
1,1.3661995490054957,1.7615480042698988,1.7615480042698988,1.6380505737084063,0.0,1.0,1.0,1.0,1.0,1.0,-0.19594955727498364,-1.9139691602393025,-0.1548412674836419,1.6696510680411862,0.5222426304713206,0.28542901508910423
1,6.270067669860797,2.9130912396461763,2.9130912396461763,7.287630643338672,1.0,1.0,1.0,0.0,0.0,1.0,2.075872645662012,0.8028082957500544,-0.3004200696198847,-2.2494715674884214,-0.30499503158328034,0.15846745914686583
1,5.98459454715214,1.0933148885070378,1.0933148885070378,7.195557533991575,1.0,1.0,1.0,1.0,1.0,0.0,0.6201847319317876,-2.330323291354413,-2.526597463242374,-1.1774454606078706,1.0681965557201303,0.24650054321629578
1,5.864015640072282,0.6350075441666255,0.6350075441666255,2.3606202561770866,0.0,0.0,1.0,1.0,1.0,0.0,0.4231052564572316,1.24407885056427,0.7691900461036165,-0.8477848363711998,-1.3840850261040878,-0.38535521677373424
1,4.022138024637004,1.6133275102853457,1.6133275102853457,4.15124515437777,1.0,1.0,1.0,0.0,0.0,0.0,0.7418202608472773,-0.6222116113944669,-0.25760132741284303,-0.9883938355415213,-0.6129396862384584,-1.8773464916962663
0,-2.6114832231117613,0.6938996272463205,-3.04191090647839,0.6938996272463205,1.0,0.0,0.0,1.0,0.0,1.0,-1.9810684058813801,-0.6305350598015249,0.36168998336155855,-0.4742662782183898,-0.1953865168848984,-1.7439512535067405
1,2.6427259494918527,1.7466803904537713,1.7466803904537713,3.8081424324398903,1.0,0.0,0.0,1.0,0.0,0.0,-0.7548209834984156,1.0071799149631686,-1.0848935086056115,0.6699880673616307,-0.5102112223783737,1.821613009289781
1,4.216492985467337,0.6933853020392713,0.6933853020392713,2.27310138593028,1.0,1.0,0.0,1.0,0.0,1.0,0.5610578667793602,-1.6702969112226218,0.1083622091542154,0.0003472620913557156,0.7184821431866268,-0.8104803310343152
1,7.5037032794390965,2.5008481271973686,2.5008481271973686,8.763139096161717,0.0,0.0,1.0,0.0,0.0,0.0,1.9003533932434615,3.0738555549351556,1.5707093916765997,0.7629688809624298,0.7848377043626628,2.1309723385587165
1,1.5406102949280545,-0.5402012287058067,-0.5402012287058067,1.9477508782614381,1.0,1.0,0.0,0.0,1.0,1.0,-0.6253639429891562,-0.3627682945342151,-1.1463451369183315,-1.6016458124023027,-0.40614644827951174,-2.3140329883560486
1,2.405352379861256,3.5876844668581103,3.5876844668581103,2.9026693060307127,1.0,1.0,0.0,1.0,0.0,1.0,-1.5337226541198947,0.5082272487319857,-1.523477850304574,-0.14362005572748598,0.5223112529265364,0.14874131624383957
0,-1.5491556074843325,-1.0073146350354119,-4.356544442755522,-1.0073146350354119,1.0,0.0,0.0,0.0,0.0,1.0,-1.8329150051203584,-2.1452820769355605,-1.3005910837673356,-1.7904942197326197,-2.010809745668097,-1.666169201142105
1,3.2661348937732595,1.171077118665718,1.171077118665718,3.525276540757066,0.0,0.0,1.0,0.0,0.0,0.0,0.8419829270186895,0.3437201013280018,1.1668668981359596,0.9346503287915335,0.33115406181287627,-1.0215982020315728
0,-0.7868753326264403,1.4302927891113681,-1.5780180152061687,1.4302927891113681,1.0,0.0,0.0,1.0,1.0,0.0,-1.2958930633547117,-0.0023264034026737185,-0.08844791707528625,-0.05634048634150496,-0.5102634575182161,0.11527539636840277
0,-2.7959384856181746,-2.381988572437485,-2.4297609584159265,-2.381988572437485,0.0,0.0,0.0,0.0,1.0,0.0,-1.3096997646839128,0.004886734556206418,-0.11775565704783503,0.02256210562671625,-1.556474695641787,0.5398665711545074
1,4.399998920086696,3.1004723274785038,3.1004723274785038,2.7456980025627478,0.0,1.0,0.0,1.0,1.0,1.0,1.0239051375525063,-1.264402730249861,-2.4340071643753625,-0.12019219378898828,-0.5145016749833472,-1.14196510078856
1,1.0910904955753828,2.1112648319425347,2.1112648319425347,1.052183130211599,1.0,1.0,0.0,1.0,1.0,1.0,-0.9508067021901642,-0.5049380978607997,-1.915421566024798,-1.5101721889402704,-0.8340687127232962,-0.15365296006205875
1,1.3950077638212552,0.45371378715406296,0.45371378715406296,0.18561979672920792,1.0,1.0,0.0,1.0,0.0,0.0,-1.6820709685862831,0.7208950854606428,-0.19977943303523743,0.13153195798898834,-1.0598264776232662,-1.4948479069664489
1,6.970292358574778,3.677313706617384,3.677313706617384,5.764679247914954,1.0,0.0,0.0,0.0,0.0,0.0,1.2509989293934738,2.0557784413167792,0.9440197103589532,-1.2071574958350941,0.1802780783553113,0.07241763170809601
1,-1.4898100200372788,-1.7007654786891706,-1.7007654786891706,-1.9623979304895376,0.0,0.0,0.0,0.0,0.0,0.0,-1.9312429795320225,-1.5424341815936904,-2.020000250699645,-0.31363733194207577,-0.24864107313357553,-2.163736272369833
0,-1.5299856477236942,-2.266214792315623,-2.8614953141459276,-2.266214792315623,0.0,0.0,1.0,1.0,1.0,0.0,-2.137756680134212,-0.9706427398427684,-0.41201508833091366,-0.26820010082609885,-1.7565336223761423,0.6767789072392998
1,-1.0679738412607431,0.14617053900075416,0.14617053900075416,0.9367525320544414,0.0,1.0,0.0,0.0,0.0,0.0,-1.0614990715446357,-0.27380501298289317,0.1676203980396303,0.5386193479245461,0.6127377682260949,1.0910366037635297
1,4.339409461600666,2.9516495562412626,2.9516495562412626,3.817592057820114,1.0,1.0,0.0,1.0,0.0,1.0,-0.34734930662301006,0.3073054456900448,0.4961376849349743,0.9629153780252174,-0.8441645988873854,-0.36731523554809714
0,-0.7694744038559929,-0.3419262988471552,0.6556482565730177,-0.3419262988471552,1.0,0.0,1.0,0.0,0.0,0.0,-1.8530174890437463,0.017485999938378738,-0.4953623045648339,0.8238627013999623,-0.5728267975830104,-1.72052155540088
0,5.304178768837529,6.14814180440813,4.165902108264787,6.14814180440813,1.0,1.0,1.0,0.0,0.0,0.0,1.63852287067988,0.45325038773046467,1.2019630588083312,0.8762372056022372,0.07740077021344827,2.658616624047715
1,-0.418718783380432,-2.2640770654024633,-2.2640770654024633,-1.0899891506501678,0.0,0.0,1.0,0.0,1.0,0.0,-0.8236808934825119,-1.6335686216378427,-0.4265445277775637,-0.3448829860589077,-0.6739802254458225,-0.6445581152759763
1,2.980812337978547,0.48931519646043586,0.48931519646043586,4.131197168450337,0.0,1.0,1.0,0.0,1.0,1.0,0.8248736315697766,-0.39808351067624326,0.2407116745195153,0.9879769870589626,-0.533380356989055,2.353054159218531
1,4.237834318655526,2.831062147842241,2.831062147842241,5.661614326430083,1.0,1.0,1.0,0.0,1.0,1.0,0.7520723734200043,0.9728567168682585,-0.33376521826835653,0.07775132995082112,0.9391762236419942,-0.6454408089404486
1,-2.159410262882425,-1.5747324759684957,-1.5747324759684957,-3.1647505270985423,0.0,0.0,0.0,0.0,0.0,0.0,-1.291511443514911,-1.0996806117728406,1.665707304865964,1.679071136637365,0.19258371516865105,0.09072041521133845
0,2.235883509356095,2.1183497712226105,0.7641849409124751,2.1183497712226105,0.0,1.0,1.0,1.0,1.0,1.0,-0.013405875174181629,-0.6076381679848473,-1.089534679197566,-0.05113456467123608,-0.8874352370984824,-0.3730649291311515
1,1.9416569368449088,-3.08730159938078,-3.08730159938078,-0.14671829837712452,0.0,0.0,0.0,0.0,0.0,1.0,-0.1336912454201019,-2.936425356904617,-0.2401599027109118,-1.373301032499934,-2.140693873269382,-1.3675980579640714
0,0.8836993141724259,2.081467741572417,1.8306583347574565,2.081467741572417,1.0,1.0,1.0,1.0,0.0,0.0,-0.8718950991519835,-0.5783617285397555,-1.6008590964133458,-0.5269136011832145,-0.9833153776185846,-0.847940689900379
1,3.6871624976448656,2.326980135345115,2.326980135345115,4.408067996161624,1.0,1.0,1.0,1.0,1.0,1.0,-1.07514419316027,0.25857111782430603,-1.6888225384419895,0.8096575036950575,-1.589061904956782,0.43023652529528755
0,-4.122798853707599,-2.201892750821768,-3.632659199549649,-2.201892750821768,0.0,0.0,0.0,1.0,0.0,0.0,-1.4952641796808264,-1.5251702779520726,-0.46895515239424235,-0.47532683932286457,-0.7420916097239085,-2.4568252321411594
0,4.943410579697117,8.695500731546845,3.7416072436670977,8.695500731546845,1.0,1.0,0.0,0.0,0.0,0.0,0.8363778375210642,2.0421079737027683,0.07971059263780944,1.4176413239428869,1.00885552738646,0.11601110000200465
1,8.253254851249343,5.422547530245726,5.422547530245726,6.040099796219448,1.0,1.0,1.0,1.0,1.0,1.0,2.0343378818453397,1.2053271447585376,1.1508434274292503,0.6212414895356788,0.28567370735806885,0.8950428296309512
1,3.501365476390362,3.5134056428778995,3.5134056428778995,6.204206092254115,0.0,0.0,0.0,1.0,0.0,0.0,1.9315241474268723,0.6658045021908039,0.7075802588954229,1.526326817032149,1.2765605651622804,1.5011827652328165
0,-0.10143192416741131,-0.3199553914448544,-3.0332920599657895,-0.3199553914448544,0.0,0.0,0.0,0.0,0.0,1.0,-1.0327371443042535,-0.5076248337197219,0.47290202267920145,0.07312435752179729,-0.05521564432554221,1.3662871562105985
1,6.109844736745715,5.361357314820919,5.361357314820919,6.3964015754912715,1.0,1.0,1.0,0.0,0.0,1.0,0.9847836910875613,0.9026102558892292,-0.516165221751935,1.241720648384214,-0.4816896954063218,0.8649537651063977
1,6.069366502835439,4.11261512507933,4.11261512507933,6.396443429478193,1.0,1.0,0.0,0.0,0.0,0.0,-0.1995971020490326,1.8453304433421764,0.4015527017501679,-0.20087254941381863,0.9910628401965618,0.3424389454926509
1,3.947453662620651,1.6576597503042412,1.6576597503042412,5.925501959539827,0.0,1.0,1.0,0.0,0.0,0.0,0.7786175635952914,0.8327907847098538,0.25268655294414155,-0.5784742145559506,0.45022955949951715,1.6362949401417697
1,2.4422360176975415,-1.1619932158839756,-1.1619932158839756,2.643442399739884,1.0,1.0,1.0,1.0,1.0,1.0,0.40861358029266387,-1.414599337311428,0.5150264864494256,-1.4275938985694874,0.06972515806916324,-0.15588127062141524
1,3.5164467377512034,2.4094657160900876,2.4094657160900876,-0.097303340729334,1.0,1.0,1.0,1.0,0.0,1.0,-1.7639530907044907,0.5638501286288662,0.46709966705400635,-0.5519015340159746,0.0967496673585949,-0.6012206247804643
1,4.422791860285274,1.4224636778636097,1.4224636778636097,5.6257234029498875,1.0,1.0,0.0,0.0,1.0,0.0,0.06930925735896981,0.7010049988124458,0.605350015631458,1.0027904975182294,0.7468289323063284,1.0842627937664333
1,5.221217739992395,3.2214127146485625,3.2214127146485625,4.82610056052009,1.0,1.0,1.0,0.0,0.0,1.0,0.6011573612859591,-0.40599909104487597,0.4476573641578302,0.21514378455470262,-0.060492291856363845,0.556377180118916
1,1.0476701050547355,-0.5252171249971078,-0.5252171249971078,2.078309102349379,0.0,1.0,0.0,0.0,1.0,1.0,-1.4981010267432002,-0.01707602570240374,0.3775478806469501,0.15572556854877126,2.5180583467902347,1.4836968048042052
1,-0.5818064504895932,-2.2395582420524027,-2.2395582420524027,-0.3395066774369493,0.0,0.0,1.0,1.0,1.0,1.0,-0.5723651291939271,-1.282090930388683,1.563365628776876,1.255203965379195,0.0480707676140012,1.5889720626954627
1,0.833956579733158,-1.131549826276799,-1.131549826276799,1.5791312912908642,0.0,0.0,1.0,0.0,0.0,1.0,-1.715308727846126,0.14538908803194378,-1.4943475904867274,0.9357295457804848,-0.16223416050770298,0.17908844561714893
1,2.0241679723241255,-0.31850309486975015,-0.31850309486975015,1.1183747326795634,0.0,0.0,1.0,0.0,1.0,0.0,1.0069901792540685,-1.0854008747103885,1.8628971391615363,0.9456099862435197,1.27161298382513,0.40984867965358474
1,7.34575314983443,4.495720119265313,4.495720119265313,8.338065687439613,1.0,1.0,1.0,0.0,0.0,0.0,1.171020375922245,1.6633120467585223,0.9625791982008159,0.2577628402605653,0.9928249237646569,1.6849821151873616
1,5.214930781423483,2.6488346666132414,2.6488346666132414,4.561059423504119,1.0,0.0,1.0,0.0,0.0,1.0,0.44507084962716303,0.21746245652219676,-1.4759242199348892,-1.5022685635623727,-0.4004769364696089,-1.7922467134658064
0,0.34210569256954637,2.5830363676687935,-0.5366088882148052,2.5830363676687935,0.0,0.0,0.0,0.0,0.0,0.0,1.0817663976581111,0.07933033112587912,-0.9050434681811037,-0.8365631379372414,-0.26459506369126073,-0.16755131856295946
0,-0.5017383066992778,3.486102859569901,-0.07326442930975063,3.486102859569901,1.0,1.0,0.0,0.0,1.0,1.0,-0.5784751560632639,0.8632080039964695,1.441065323723768,-0.5653460476364335,-0.3790434148699845,0.23948197364186047
0,2.7752628204813643,3.3475689243065525,1.071048290041636,3.3475689243065525,0.0,0.0,1.0,1.0,1.0,0.0,-0.2558312881138949,0.17757769927932143,-0.5392178235524717,-1.1028414571725393,-0.8836252113377232,0.1886542408315811
0,2.2818303331259555,4.026792589806301,2.7071767759454075,4.026792589806301,0.0,0.0,0.0,1.0,1.0,1.0,0.7464981148894587,1.8992478947857336,0.3286939024008324,-0.46908305977460624,1.3931886898598258,1.2727300928591663
1,3.1544819558018444,1.4346716144947962,1.4346716144947962,4.235675962599493,0.0,1.0,1.0,0.0,1.0,0.0,1.6047078411011269,-0.9403723494442076,1.4897214389246038,1.8344211537438593,1.0257092733121231,-0.8042865430535955
0,-1.243414511637825,0.34250605520943345,0.30438818202244056,0.34250605520943345,1.0,0.0,1.0,0.0,1.0,0.0,-0.7215980252326212,-0.533003504165109,0.3407209789224467,-0.307372650839306,0.12943378512381157,0.16919176043183026
1,1.3649360420627152,0.5797912567562443,0.5797912567562443,1.6922980682001307,1.0,0.0,1.0,0.0,0.0,0.0,0.4635989042193378,-1.0028440513677535,0.15343017755906688,-0.7379900347414876,0.2369649004694172,0.18764329201292934
1,1.0763897178091049,0.30664319451954725,0.30664319451954725,3.127505743287231,0.0,0.0,0.0,1.0,1.0,0.0,0.2838957117095827,1.036806334637336,0.6123525641964781,-0.09615975941036302,0.9511225004001194,-1.4216198295684965
1,1.4250875275737862,2.654465358878305,2.654465358878305,2.62779500961196,0.0,1.0,0.0,1.0,1.0,1.0,1.102646612223288,0.5328334116260509,1.4586382471378787,-0.012558951023048104,0.5006848944317872,-0.20430602022655808
1,3.248842060578005,0.7284825188044413,0.7284825188044413,2.8667329687876286,1.0,0.0,0.0,1.0,0.0,1.0,0.40053288010522164,0.6778846923426183,2.094403788962885,-0.5326658307169908,1.1569849756135748,0.8772485144018303
0,2.2773474351740264,1.9403341158526308,2.4848076413248474,1.9403341158526308,1.0,1.0,1.0,1.0,1.0,0.0,-0.027062336319970154,-0.6274043429858387,-0.4892569030830322,0.21709589550647623,0.12883539151519835,-0.4692486729462202
1,3.600693878035424,4.07517412349682,4.07517412349682,6.018570109390902,1.0,1.0,0.0,1.0,1.0,1.0,0.5516444255822018,0.5338676712273152,1.0632292491726911,0.5055778365661011,1.6601561761752164,1.7138074535180494
1,1.8370908840880964,1.0288855437412967,1.0288855437412967,2.8375189945954804,1.0,1.0,0.0,1.0,1.0,1.0,-0.6246128494247504,0.5374978599205325,-0.5928771853897739,0.48591239594671065,0.037867231794767114,-0.4476965056656308
1,3.149584263624266,-0.08125441682545476,-0.08125441682545476,3.238037387538571,1.0,1.0,0.0,0.0,0.0,1.0,-0.17954908185029334,-0.8134809670541063,0.8090054206517698,1.4380560684982224,-0.6362597815537661,0.7636574416249232
0,3.0333868449941748,5.1807083875706255,1.796581015725688,5.1807083875706255,1.0,1.0,0.0,1.0,1.0,0.0,0.6645814455265839,0.6417431385296558,0.248001498729357,-1.4875326839353926,-2.6427255712088873,-0.125758345087926
1,2.4907384344553645,1.4529050460609423,1.4529050460609423,0.5834065372436832,1.0,1.0,1.0,0.0,0.0,0.0,-0.3086896556109004,-0.7051130545176847,0.8977328943024752,-0.3714734630170309,-0.35100490970747933,0.20400893795449962
1,-2.8491492238355427,-2.551542999819664,-2.551542999819664,-1.2084315434793873,0.0,0.0,1.0,0.0,1.0,1.0,-1.7140326451660024,0.0480669944125145,0.8548550488798351,-1.420848839563865,-0.42281946535040166,-0.9272617619131605
1,-0.5966058825992862,-1.6127031210871197,-1.6127031210871197,-0.6215649137347752,0.0,0.0,1.0,1.0,1.0,1.0,-1.1139394394976152,1.000749801568678,-0.2899254884524054,-0.13590463421373544,-1.032423431429046,-0.8546618525648579
1,0.06244999719933153,-0.9766856749643644,-0.9766856749643644,1.314003721860459,0.0,0.0,0.0,0.0,1.0,1.0,0.015788961244837717,0.5535921552250159,1.5341503395768032,2.086814452946485,0.8652499117736562,0.6812347229197357
1,0.27170817755328214,1.5870292993282076,1.5870292993282076,2.615025533182307,1.0,0.0,1.0,1.0,0.0,1.0,0.1906199715985766,-0.08898007870221664,-0.015253994182134273,-0.5492934494131602,-0.045356599179428025,-1.1446005140257138
0,1.7842328792853508,2.908623216808852,0.7440614811421234,2.908623216808852,1.0,0.0,1.0,0.0,0.0,1.0,0.035758931432001616,0.44034555581622403,1.3507645296847366,-0.2922054195819393,0.61717360893006,0.7555146376970735
1,-0.4425368851278989,-1.0284603040972844,-1.0284603040972844,1.6328919783740894,0.0,0.0,0.0,1.0,1.0,1.0,-1.4166180810599902,0.21753250396830448,-0.5441146751881318,-0.6595812637254592,-1.5898762075323667,0.22016353082345086
1,5.063077619997717,4.170931000165236,4.170931000165236,4.319132778259896,1.0,0.0,1.0,1.0,0.0,1.0,0.5930825370527842,0.7897562633455627,0.12357528612704155,0.8328554896103617,1.4953330960626734,0.1457308555226366
0,-1.1979797250226965,-1.0789207117196793,-0.5869907079471023,-1.0789207117196793,0.0,0.0,1.0,1.0,1.0,1.0,-1.2742294039642255,0.42697830454374586,1.0492936348208712,-0.9307922933573347,0.9109499189154588,-0.7339481877093812
1,-0.3359714357374682,1.0367715419156764,1.0367715419156764,0.22421807068768737,0.0,0.0,0.0,0.0,0.0,0.0,-0.44555286296033414,0.6391318351336956,1.4029968719421915,0.5477045133162858,1.9728229956294783,0.1400305271181449
1,3.2902268699986763,3.0468676782828856,3.0468676782828856,2.028741847664281,0.0,1.0,1.0,1.0,0.0,1.0,1.0852281128787498,0.12152243720272826,-0.4689828986305946,-1.1061173551312402,-0.6340853313842401,-2.0848647561445333
1,6.51014767825588,3.880529400071186,3.880529400071186,7.07101760849061,1.0,1.0,1.0,1.0,1.0,1.0,1.4673720974807338,0.32467056531192795,0.5384082016864209,1.5151951936597279,-0.7981415318789105,0.9938286535600198
1,0.8122343533992862,-1.4332719299183914,-1.4332719299183914,-0.4616387671161367,0.0,0.0,0.0,0.0,1.0,0.0,-1.0837126946957558,-2.00793296774252,-1.5277126416813842,-0.020776429229084514,-0.8882115529042679,-0.9041893970928747
1,1.4872571410243443,0.7813029070147117,0.7813029070147117,0.7434536696103028,0.0,0.0,0.0,1.0,0.0,0.0,0.5523823036925495,-1.057354885348471,0.6719277593117663,0.4266293690742786,-0.9714838965921775,1.7279329736234132
0,2.934213216254954,2.504798816029874,1.0855226138801775,2.504798816029874,1.0,0.0,1.0,0.0,0.0,0.0,0.8745479210611804,-0.8969918099594214,-0.6776786546364373,-1.801276426816391,-1.133269180829571,1.0015172538587138
0,3.9731479852023197,8.466462535812742,5.345258744940617,8.466462535812742,1.0,1.0,1.0,1.0,1.0,1.0,0.9754460735288731,2.6184247995821908,1.1211254094837424,1.2426387312241531,1.0796452398774579,0.7795015270029442
0,3.2792098377672803,3.3562331626343163,3.858861943397315,3.3562331626343163,0.0,1.0,1.0,1.0,1.0,1.0,-0.23228245488073282,0.7935713842974907,-0.6285254645771924,0.016325084470675544,0.9559757048356803,-0.8823873649875321
0,1.8747708334320239,3.3512799819242756,2.133959789988791,3.3512799819242756,1.0,1.0,1.0,1.0,1.0,0.0,-0.4452517696123827,-0.8955976010240729,-0.96456098373415,0.051530919276384236,0.19836243393599218,-0.4647328669422694
1,5.782798678087857,3.2467660022719627,3.2467660022719627,7.165516104709229,1.0,0.0,0.0,0.0,1.0,0.0,1.3640674836712505,0.6426477182244026,-0.6765116464521288,0.1838782982871307,-0.49088431980388525,0.8461598961771483
0,0.5814810692642987,-0.46183647192603483,0.9462690158681294,-0.46183647192603483,0.0,0.0,0.0,0.0,0.0,0.0,-0.8675326224250925,1.292163817422522,0.6879507858758199,1.4967093983125965,-1.164747983939904,-0.4626393226573605
1,2.9895617403606107,1.7798820053106297,1.7798820053106297,2.300835518290671,1.0,0.0,0.0,0.0,1.0,0.0,0.6564041404415617,-0.27189682939351284,-1.008297916080117,-0.3588996851323789,-0.02674616465794577,0.2841905107718408
0,-0.5558850016578978,0.8715549075345039,-2.033940350076541,0.8715549075345039,0.0,1.0,0.0,0.0,0.0,0.0,-0.06664560141485759,-2.4441276425964302,0.21198928153924268,0.3070856581225456,-1.6956510578628712,0.7641849121418086
1,1.788863421289021,1.5214772942027235,1.5214772942027235,0.12773100646042224,0.0,0.0,1.0,1.0,0.0,0.0,-0.05209036588790842,-0.16259068365034987,0.13613054982634776,-1.5491253995607914,1.188027355806668,0.35234927470519745
0,0.5131441625091371,3.3742380564248333,1.7581686853721161,3.3742380564248333,1.0,1.0,1.0,1.0,1.0,1.0,-0.0710322108282884,-1.2294115407284987,-1.648109249341382,-1.7226795636646797,-0.6832112292686993,-0.5765274107741848
1,4.17924316873213,0.5506646231775185,0.5506646231775185,3.346506223704131,1.0,1.0,1.0,0.0,1.0,0.0,-0.6266114890468025,-0.25362818670367365,0.4207151803070579,1.2546607682874218,1.2390642240513448,-0.7192821719703989
0,0.573188300450856,3.687616384570807,0.45474897879989257,3.687616384570807,1.0,0.0,1.0,1.0,1.0,0.0,-0.1305813247122054,-1.6634670186904996,-1.804586774675172,-0.8797534120974172,-1.1128506410063435,-0.3044490972979259
0,0.26573881094484375,0.33408653011657613,-0.18460077415243428,0.33408653011657613,0.0,0.0,0.0,0.0,1.0,0.0,-0.08097577568155023,-0.12713082247459517,-0.9359039473167017,-0.9636908978303014,-0.5722995221668805,-1.4878839491065186
1,2.347026872260068,2.2078320801573126,2.2078320801573126,1.950708315844437,1.0,1.0,1.0,1.0,1.0,0.0,0.05696528435212977,-0.4582488947494029,0.38879277236602844,0.16878093012689002,0.6986669691107793,-0.27846874156783463
1,2.22432386131065,1.7570067098616895,1.7570067098616895,1.92292633340245,0.0,1.0,0.0,1.0,0.0,1.0,0.2641652101602832,-0.27098307856780374,-1.9913996231531959,0.8888874847680466,0.4122775369070387,-0.7794183767569862
1,0.6311479900362438,0.06623161252628329,0.06623161252628329,3.6173326565885535,1.0,1.0,1.0,1.0,1.0,1.0,-0.6986697776350221,-0.6825561817163006,-0.2648081566889675,-0.5725999455411257,-1.84704862666594,-0.8038235453867312
1,-0.561404558320516,-0.09454877844640852,-0.09454877844640852,-0.9708318979735677,1.0,0.0,1.0,0.0,0.0,1.0,-1.4570689339303886,-1.6834987312875733,-0.6816181579956053,-2.3772097425291228,-1.1770503213633083,0.15610225045028425
1,1.5562975540115178,-0.3308718320580952,-0.3308718320580952,-0.9153503168751244,0.0,1.0,1.0,1.0,1.0,0.0,-1.2601752654838996,-1.4856363674613466,-1.767390328047646,-2.4787170018116953,0.9518065002124751,-0.3076356582418493
1,0.39656472014679783,-1.9390851055144847,-1.9390851055144847,1.382803211686014,0.0,0.0,0.0,0.0,1.0,0.0,-0.07547110206374494,0.1179169673414422,1.063074011958564,-0.2555948545507977,-0.23067056968851868,-0.9232416351025727
0,-0.3778599503835506,3.0682122461575565,-0.5860509251891577,3.0682122461575565,1.0,1.0,1.0,1.0,1.0,1.0,-0.557376480406369,-0.5346061992358213,2.493679753976838,0.6305966961368127,-0.6328037343102387,0.13321914529753065
1,2.4935950958696855,1.5418307540398675,1.5418307540398675,1.0802538042682648,0.0,1.0,1.0,0.0,1.0,0.0,-0.8715267847145192,-0.22480983782703357,-0.5873247788140016,-0.023227856268341215,0.3776672346516886,-0.3513283585773248
0,1.0911815720527973,5.147790087338486,2.9887232910884096,5.147790087338486,0.0,0.0,0.0,1.0,0.0,1.0,1.5233713669454256,1.3633869948434587,0.8475922059986307,1.307998115262608,0.8140363614798921,-0.33122117195580336
0,3.8592777874249213,4.333627616595676,4.0673534140311975,4.333627616595676,1.0,0.0,1.0,0.0,0.0,0.0,0.18003918049149784,1.087633159537776,-1.7785084995938778,-0.245237212945831,-0.5413585566735266,-0.468609794499186
1,2.5804541426679872,0.42089397606279805,0.42089397606279805,1.371135462515159,1.0,0.0,1.0,1.0,1.0,1.0,-0.5595194220940353,-1.0433261391933224,-0.8936517989711016,-0.4186885875836695,1.5318653726519094,-1.0864984526757444
1,5.936994915332501,3.2490530445288375,3.2490530445288375,5.657469276904321,1.0,0.0,1.0,1.0,0.0,0.0,0.8232583893350877,1.5728790196760776,0.8438881433008748,-0.8722104619295066,-0.8485202094433788,-0.006633301136052705
1,3.1160518800108146,0.9972308157590749,0.9972308157590749,2.823222321291011,0.0,1.0,0.0,0.0,1.0,1.0,0.34735624475164073,0.2047763510502556,-0.2583384977949985,-0.6182036519880612,1.269370288564672,0.5137112511952602
0,0.43303166195484755,1.7803085982460245,2.223547548131108,1.7803085982460245,0.0,0.0,1.0,1.0,0.0,0.0,-0.21527709536420386,1.383322369613652,0.04393880775640502,-0.8918913803603734,0.27966213160590225,0.8937115835365701
0,0.916983090700152,2.1131068039367484,2.7975194738855444,2.1131068039367484,0.0,1.0,0.0,0.0,1.0,1.0,-0.4940588353516284,0.26286892222634883,-1.2672672574829462,-0.29377220419256267,1.3553219451396596,-0.8993512419680431
0,0.7461990120239932,2.2051953903035466,-0.311319507939923,2.2051953903035466,1.0,0.0,1.0,1.0,0.0,0.0,-0.9515105000098931,0.00495652467361718,0.5225990757125649,-1.0533364479305078,-0.8707113037621128,-1.1761881374298886
1,4.293237966112374,1.5679859677477896,1.5679859677477896,5.159458651488633,0.0,1.0,1.0,0.0,0.0,0.0,1.3250663334821664,-0.7400447136780661,-0.6086030130289327,0.4427457026151964,0.3150322690516954,0.044929561934766216
1,1.9617077494343085,0.5552740401307468,0.5552740401307468,2.01615610709279,1.0,1.0,0.0,1.0,0.0,1.0,-1.6086857399686445,1.1577686435937442,0.4302372885808083,-0.07240861183434974,-0.45864685826795165,0.18984842183669293
1,5.191886886687634,1.1852475254308115,1.1852475254308115,4.256791613468613,1.0,1.0,1.0,0.0,1.0,0.0,-0.27045159974649957,0.0332453950706213,0.048160394426948694,1.6433843237034862,0.7637542671432714,-0.24385110382648556
1,3.7512318092080417,4.008833884584478,4.008833884584478,4.38731563809661,0.0,1.0,1.0,0.0,0.0,1.0,0.892909137558642,0.27645212367516114,0.6857738528592509,1.3688050502807128,0.5313948357793615,-1.0431392013100966
1,-0.04678104304453723,-1.6448423449467637,-1.6448423449467637,0.499936965637506,1.0,0.0,0.0,1.0,1.0,0.0,-2.0074870794159185,-0.29645411191141385,-0.8993817732021289,-0.8856324065974435,-0.9693264628660198,-0.7325327566147096
0,1.5038393798285619,3.98986720086243,4.755102041681772,3.98986720086243,0.0,1.0,0.0,0.0,0.0,0.0,2.298579406025845,0.46229933357885006,0.6815865354958094,0.8492642275212139,0.5950566269118069,0.6483396092386534
0,-3.351250641353289,-1.3601146901081371,-2.9202748637786082,-1.3601146901081371,0.0,0.0,1.0,1.0,0.0,0.0,-1.7711063273211685,-0.4241452300253156,0.5790286139181111,-1.1133923392821274,1.2232340437267382,0.0740546363108831
1,1.955766905579438,0.2977203371849503,0.2977203371849503,1.0000453121968431,0.0,0.0,0.0,0.0,1.0,0.0,-0.08987184221538165,-0.17036714319195717,-0.06753149325508082,0.12413464864524179,0.4493600232149777,0.7290474094752802
1,3.6365549554432097,1.546412390465488,1.546412390465488,1.912641302012023,0.0,0.0,0.0,0.0,0.0,0.0,0.2244145464127094,0.9348419481030508,0.6574805329965113,0.31721147043607284,1.1700454877180135,0.6284799721504737
1,0.14478787315917663,-0.057434117383639904,-0.057434117383639904,-0.5291798929244149,1.0,0.0,0.0,0.0,0.0,1.0,-1.5832655111965337,0.043756079855043595,-0.7865999230961521,1.0956864648900118,-1.2828243146865688,-0.467520744230181
0,-0.6320236463339841,2.8719190606517433,-0.9390714049923445,2.8719190606517433,1.0,1.0,0.0,0.0,0.0,0.0,-0.5791152912887321,-0.8612090594495312,-0.2420485239989581,-0.23280797837339612,1.1881518383542604,-2.4000678223527827
1,2.9729523779804437,2.0781559970488974,2.0781559970488974,5.085669465006586,1.0,0.0,1.0,1.0,0.0,0.0,0.5443335435879001,-0.09260056733211008,0.8447773428305023,0.673171517978983,-0.8604914005489168,-1.7825116712550801
0,5.018546703469616,5.730697576472169,4.264158544898187,5.730697576472169,1.0,0.0,1.0,1.0,0.0,0.0,2.151722632254643,1.914949503307328,2.501573853804473,0.3984398023582437,-0.11278454435503393,-0.19010897728768406
1,2.6198750520233185,0.849526657474756,0.849526657474756,1.5535760007073267,0.0,0.0,1.0,0.0,0.0,1.0,0.0817274216022343,0.030205434766771705,-0.014826276884917944,1.469278764075029,0.5011641356786936,-0.694096976098563
1,-0.9936069813075439,-2.975647334556747,-2.975647334556747,0.4191197707879837,0.0,0.0,0.0,1.0,0.0,1.0,-0.5522409308590438,-0.6925578364624597,-0.2241435054342315,-0.49529820743455527,-1.3128177488776571,-0.10085901280474507
1,1.4818795078358484,1.7893015161981214,1.7893015161981214,2.990384900998597,0.0,1.0,1.0,0.0,0.0,1.0,-0.09549988206011785,1.1901528959060175,1.3001983150680247,0.18612356764213744,0.7738206891810576,-0.8806257461458994
0,0.5132335820678531,0.18502008180724017,-1.6428656541486244,0.18502008180724017,0.0,0.0,0.0,1.0,0.0,1.0,0.35937450611816674,-0.5946304644302793,0.5610672171768731,-0.9896435829173925,0.05394771135588969,1.0100048632671086
1,0.8547192436643134,-0.35076781055308726,-0.35076781055308726,1.380897985241821,1.0,1.0,1.0,1.0,1.0,1.0,-0.4985982582044005,-0.7526053777557373,1.5655267784752387,0.24404124621060475,0.8847726082369365,-1.1056492514393428
1,4.108609060765409,3.038613324046851,3.038613324046851,3.963457743205319,1.0,1.0,0.0,0.0,1.0,0.0,0.3726261788410627,0.5239830494954741,-0.41013797553105935,0.7707938497534481,-0.9475031935868343,0.4529049216770094
1,-0.5464779835631095,0.9601490985384564,0.9601490985384564,1.8849270191943872,0.0,1.0,1.0,1.0,1.0,0.0,-1.0697425592296328,0.3106443426952611,-1.716601706697869,-0.4588227748724504,0.3864175843498176,-0.11083296303643142
1,5.0755579469624,2.3049585539206903,2.3049585539206903,4.703673920962604,0.0,1.0,1.0,1.0,1.0,1.0,1.576107877649264,0.37372761847808983,-0.10725306745979135,-0.11287750843804724,0.07403831879884554,1.0388158535250631
0,3.591952628563355,6.109614304382358,2.3760762309688435,6.109614304382358,1.0,1.0,1.0,1.0,1.0,1.0,-0.3392406324956104,0.8886310574276347,-1.8248949783272306,0.3556432077077103,-0.24081944182047224,-0.20040540056148112
1,5.446958180434551,3.690327377807368,3.690327377807368,3.5187773846551544,0.0,1.0,0.0,1.0,1.0,1.0,0.471907908935687,1.7471785394263049,-0.5042472665385698,1.1769526784528743,0.3691610803782861,0.6012301932508619
0,0.2062817848554439,0.6593184741784552,0.9200813300727965,0.6593184741784552,1.0,1.0,1.0,1.0,0.0,1.0,-1.587452141533658,-0.31443127395239545,-0.7710874773353593,0.281981467060447,-1.0001391615539958,-1.0026673117162441
0,2.06574917565392,1.6522305955172327,1.0388485464861732,1.6522305955172327,1.0,0.0,1.0,0.0,1.0,1.0,-1.2401954471903611,0.6868518025346733,-0.9641324567515654,-1.0208647009949838,0.3816475784571123,1.139190690785666
1,2.080560495557539,1.7187167959029233,1.7187167959029233,1.2812234327657226,0.0,0.0,0.0,0.0,1.0,1.0,0.5075832166030375,0.5783087109569789,0.5330065985663075,-0.4385920925889779,-0.9038475322545814,0.9149412815297865
1,1.8943652623109881,-1.777888670887081,-1.777888670887081,-0.1742808117432615,0.0,0.0,0.0,0.0,0.0,1.0,0.5653559007080501,-1.038274115641916,0.19444509350378075,-1.200210727256494,-1.0411510366798524,0.011062604755381955
1,2.0728781442340782,1.4494297311249178,1.4494297311249178,2.005466730961951,0.0,0.0,0.0,1.0,1.0,1.0,-0.19127525847573928,0.39340025457290184,-0.05857079467122049,-0.016747741502530486,1.2004691589074479,-1.2261356980787754
0,1.9540953168170407,3.2378585993290687,1.7535999350593743,3.2378585993290687,0.0,0.0,0.0,0.0,0.0,0.0,0.4139598964817184,0.9621454737611475,0.04445145479227375,0.4228365307313053,1.060187585105882,1.7978500560222588
0,4.439558831700469,4.771010969138115,3.5847614333266486,4.771010969138115,0.0,0.0,1.0,0.0,1.0,0.0,2.0661044488206093,0.34903389070523394,2.2144443738148682,1.892382991458807,0.8354589796239406,1.762609888768358
1,1.480416556243148,0.5956210925335674,0.5956210925335674,1.5817228779999908,0.0,1.0,0.0,0.0,0.0,0.0,0.3487627608293744,-1.1968423570807525,0.7756606473974621,-0.21763094320086912,1.4204983193574647,3.1242337331754593
1,0.49927766824074893,-0.20831579568584307,-0.20831579568584307,1.5834492182235995,0.0,0.0,1.0,1.0,0.0,0.0,-0.0967943254520343,-0.33701813549654247,-1.0463729866122686,-0.883821839482654,0.27818900257018553,-0.2485836664144274
1,5.071262247675241,2.913200492460462,2.913200492460462,5.0304490058969975,1.0,0.0,0.0,0.0,0.0,0.0,0.9929754606420936,0.9086903641450994,0.42519985206606925,0.8880775946217961,0.0032668619554793166,0.1530686291517672
1,5.266122897248404,0.26371103897681225,0.26371103897681225,3.726407467764222,1.0,1.0,0.0,0.0,1.0,1.0,0.09894637544033495,-0.2650792512275335,-1.1785839174447386,0.6030164543715737,1.2853636038798348,1.026495189040739
1,2.3796336248745447,0.5550240567234366,0.5550240567234366,3.018693033249911,0.0,1.0,1.0,1.0,0.0,1.0,-1.06223790529911,0.3522306129203505,-0.9662161437379877,-0.41926704292487194,0.3814143440605929,0.2097084640695947
1,2.578174082124046,1.612559319714327,1.612559319714327,3.544678828863277,1.0,1.0,1.0,0.0,1.0,0.0,0.10055493062707614,-0.5827745063962725,-0.5380795944166459,-0.1794391682336588,-0.842229091429524,0.29250616867180407
1,2.2236759743335917,-0.6492130250865338,-0.6492130250865338,3.6178764460616515,1.0,0.0,1.0,0.0,1.0,1.0,-0.06360678815847669,0.4445403426099822,-0.8620795997257996,-0.006312810389093204,0.5968987491652508,1.0796999405999455
1,3.2297994420681615,1.5457775620955947,1.5457775620955947,2.7803217600871055,0.0,0.0,0.0,1.0,1.0,1.0,0.458572528193253,0.5214702686853376,-1.5056764166935237,-0.9021600073815765,-0.8900864332075362,-2.303290864350938
1,3.311911036739564,-0.34165228037557194,-0.34165228037557194,1.5251678214384927,0.0,1.0,1.0,1.0,0.0,1.0,-0.20808469322918224,-0.1305797842481788,-0.9933967473551923,0.40538491094808615,-0.6548415951798022,-0.5444792601059304
1,3.0748949306898505,0.4932466889474416,0.4932466889474416,2.5302934711853458,0.0,0.0,1.0,0.0,1.0,0.0,0.7948163670100826,0.2980399679434822,1.2787004406022153,1.5506788157672804,1.6050853186749685,-0.602431035642893
1,1.0659640161240174,-2.176386830094868,-2.176386830094868,-1.125145232036733,0.0,0.0,0.0,0.0,0.0,0.0,-0.6020099584394971,-1.4006416003493263,-1.3858398145652195,-0.43977292369336923,0.4796422643989652,-1.1281165196823495
0,2.1453334676805107,3.185095267777844,0.7001740860499072,3.185095267777844,0.0,1.0,1.0,1.0,1.0,0.0,0.17987791927249963,-0.47075223020267687,-0.688483105994797,-2.3528006569531255,-0.9667683033803995,-0.10245632960049555
1,-1.164843503430295,-4.286162572087189,-4.286162572087189,-0.5849827602327695,0.0,0.0,1.0,0.0,1.0,0.0,-2.502783090541222,-2.77494609103128,-3.1244326800666373,-2.4317319217104636,-1.391225242275079,-1.221635092431205
1,1.2742228561923445,-0.7417622930932652,-0.7417622930932652,3.308462762173234,1.0,0.0,0.0,1.0,1.0,0.0,0.9118104039804007,-2.097709076136205,0.4450719421945257,-1.2687872442830384,-0.9840981460422219,-1.4537747094674414
1,3.5006636553152615,1.6554592668032153,1.6554592668032153,4.707622722863084,0.0,0.0,0.0,0.0,0.0,0.0,0.6704346762307528,0.3804548099612808,-1.6535731626028496,0.3922110469008763,-0.863478439956355,-0.7216883244871997
1,3.972363426692827,4.422287976974672,4.422287976974672,4.923274619739119,0.0,1.0,0.0,0.0,0.0,1.0,1.066365518682731,0.7621058117865199,0.45609661899767084,0.15936645621758036,1.070541080977291,1.0132615979245039
0,-1.765030430572516,0.15871967797730208,-1.8604848865515036,0.15871967797730208,0.0,0.0,0.0,1.0,0.0,1.0,-0.8948561875838945,-0.6083580939183011,-1.1940810610562917,-0.05780522365617672,-0.6139008973074035,-0.299820792370848
1,7.084197138120768,4.063850499039191,4.063850499039191,7.039066266579336,1.0,1.0,1.0,1.0,1.0,1.0,0.54229814940252,2.010097289137062,0.3589275302526044,0.6064269811237752,0.520187180513859,0.24099483922536064
0,-0.579701055928963,1.7130523285299568,-1.5502723440099189,1.7130523285299568,1.0,1.0,0.0,0.0,1.0,1.0,-1.2867832713381995,-1.3235341632466084,-0.8905971619262705,-0.949277378881663,0.3674667525380142,-0.784922039238138
0,2.7983996464812053,4.84628704335052,2.0445319593206177,4.84628704335052,1.0,1.0,0.0,0.0,0.0,0.0,-0.42746426639667834,1.4822329676621968,-0.16834144101117093,-0.11852994736348749,-0.5958317993909824,-0.7235663237351785
0,-0.23459009885570598,1.5101269194761344,0.9756729769475738,1.5101269194761344,0.0,0.0,1.0,1.0,0.0,0.0,-0.0845393304630854,0.19912421832462102,-0.1203713797120516,-1.4777384790276655,0.018218477711395564,-1.202120265419335
0,0.9563138165463361,0.5240605083969646,-0.20431290736536012,0.5240605083969646,1.0,1.0,0.0,1.0,0.0,0.0,-1.3070154955452364,-0.4135582353953724,-0.8108591659135391,-1.0869948914972907,-1.4877167486108993,0.05831976580272913
1,2.9745206683271395,3.0792742442116046,3.0792742442116046,1.2235938174771162,1.0,1.0,1.0,0.0,0.0,0.0,-1.4416224759760274,0.6630322596831023,-0.5001176928046325,0.3096655658600981,-0.05154867138419795,-0.24720567222910034
1,1.2629031122418906,0.6109243636628304,0.6109243636628304,2.413856191940155,0.0,0.0,1.0,0.0,0.0,1.0,0.21439884287259767,-0.11845633745950468,-0.8496336492693497,0.6709634826568563,0.7740548364791924,-0.2218015383032556
1,1.9568660378038956,1.0574214934024826,1.0574214934024826,2.7882025476819776,1.0,1.0,1.0,1.0,1.0,1.0,-0.4528910595014418,0.26022541103996105,1.2311886637313536,-0.32587729955838596,-1.0653433618170678,0.19233038634427457
1,0.32313450604760297,1.2289581725272472,1.2289581725272472,2.392927250537341,0.0,0.0,0.0,1.0,1.0,0.0,1.2570277621765193,-1.4403343168470801,-0.4887921870074459,-0.7443326060052297,0.059936181976053104,-1.9323527669609217
0,2.067216471450617,1.4101997640897173,0.7737231336965057,1.4101997640897173,1.0,0.0,0.0,0.0,1.0,0.0,0.6112320693939138,-0.22053225403116694,2.3582398864292298,0.47775445742012007,2.0492625790639485,1.7749566268162098
0,2.437508549461514,5.713994234051658,4.099152409956604,5.713994234051658,1.0,1.0,1.0,0.0,0.0,1.0,1.1699310355444037,0.5116157095070227,0.6275935395380361,0.7313816356891707,-0.05802736247469374,-1.049688307565442
1,5.347393627771188,1.756484107768088,1.756484107768088,5.302788713702253,1.0,0.0,1.0,0.0,0.0,0.0,0.9827273828762262,0.788511748586826,0.6553978657605858,0.46573932737919005,0.17768699727220494,1.2027590390993539
1,2.467918441524279,0.04521378852548641,0.04521378852548641,4.169615753351183,1.0,0.0,1.0,0.0,1.0,0.0,-0.05799766245088815,-0.3197450633576717,0.7123260434492507,-0.21204428318608975,-0.27026002375243835,0.8089728914450158
0,-0.5582843566060076,0.5348731137643414,0.4595865212318886,0.5348731137643414,1.0,0.0,1.0,0.0,0.0,0.0,-1.9272082059848048,0.5931322998363533,-1.0409490851124559,-2.2810361749799757,-1.3319591101124812,-1.3768690366278409
1,6.740901079647358,3.2183818809241034,3.2183818809241034,6.394738402136662,0.0,0.0,0.0,0.0,0.0,1.0,0.3669112197049641,2.499388277158868,-1.2825906180143127,-0.7036203351210152,-0.9721472313641878,0.5598708973895867
1,4.274083003974498,2.8421210049915633,2.8421210049915633,3.320978195113944,1.0,0.0,0.0,0.0,0.0,0.0,-0.3516014019734437,1.1831272031257123,-0.4899308040686935,1.5311643892061175,0.17345948279233436,0.6656998456361687
1,3.0950879289857345,2.155651963638933,2.155651963638933,3.650750081750606,1.0,0.0,1.0,0.0,0.0,1.0,0.4547806384711874,0.7384208164952363,-0.9375275760161166,-0.9358093591703589,0.7488906839916986,0.18161841563393225
0,2.345066964369388,4.236640911666144,1.7881718129077098,4.236640911666144,0.0,1.0,0.0,1.0,0.0,1.0,0.816164345168112,-1.7736229374737413,-1.6501702989753677,0.5588733608679544,-1.296981993973191,0.7836894992543162
1,2.3522038464348043,2.919515373124183,2.919515373124183,2.3184556551606854,1.0,1.0,1.0,0.0,0.0,0.0,-0.053238325708965535,0.010618650122602435,1.1638315661067316,1.3784414033271188,1.892789274025295,0.9549008320820562
1,3.256243843466969,0.9042104696949209,0.9042104696949209,3.3006400080368823,1.0,0.0,0.0,1.0,1.0,1.0,1.0074088169765258,-0.2656889044820885,-0.7077924050465236,0.9218090906989415,-0.5571497403100809,0.34921517001063673
1,4.576674437200321,3.1665093811636247,3.1665093811636247,3.3094528098015923,1.0,0.0,1.0,1.0,0.0,1.0,0.7310343485202941,0.17794467025776595,1.126741989726593,0.35911584109137473,1.466858360698374,1.0715063959473212
1,0.8668397749879986,-1.268026302240064,-1.268026302240064,1.9069690469893616,0.0,0.0,0.0,0.0,0.0,0.0,-0.787464061685728,-0.569440105131586,-1.5472831217762422,-0.689926788453242,-0.04971686521238394,-0.7888386595913454
0,3.831994201129796,5.99311019327782,4.64289625073815,5.99311019327782,1.0,1.0,0.0,0.0,0.0,1.0,1.451220198194971,1.3476200012710062,1.3951931855007027,1.991216592482916,1.29449636998556,0.5272678274679937
0,2.3562078838304386,2.7954334164639683,2.6270923165282007,2.7954334164639683,1.0,1.0,1.0,1.0,0.0,0.0,-0.9813599055458219,0.15731921920638503,-1.6011005016188382,-1.1780431071988111,-2.038971804058776,-0.7854524535582728
0,1.2387890793613092,2.3036477397063484,1.1783241925333972,2.3036477397063484,0.0,0.0,1.0,1.0,0.0,1.0,0.37992176207653555,-0.05838506996698103,-0.2571236442106213,0.32957517104209777,-0.9694664223141564,0.6744687811077689
1,3.4968590274857667,3.0625401920474413,3.0625401920474413,2.5061089185986036,0.0,0.0,0.0,0.0,0.0,0.0,1.579313533465595,-0.3216743014204573,-0.14663207218686658,0.1955747535284795,-0.8050252022874907,1.4245511799442618
1,1.5237952253083165,-0.02247851399795131,-0.02247851399795131,-1.3041803123623465,0.0,0.0,1.0,1.0,0.0,1.0,-0.932864721654626,1.1827980396259399,0.060709345711643325,-1.8281956191286108,0.09312221640886362,0.14009485815064804
0,1.7579567637259608,2.1213016299901457,0.9668879076238039,2.1213016299901457,1.0,0.0,0.0,0.0,0.0,0.0,0.176076642041194,0.5927352661853723,-0.17562502819869918,-0.0009546684569043118,-0.09973861487321921,0.27724598374782256
0,2.0878474843281927,4.046418800288677,-0.1354072942248732,4.046418800288677,1.0,0.0,0.0,0.0,1.0,1.0,-0.9383571845653457,0.8952743125454193,-0.495237418567555,-0.340466249800075,0.46157159150670246,-0.09180631026577094
1,0.7385634197547233,0.4150892082596565,0.4150892082596565,2.7004836555410465,0.0,1.0,1.0,0.0,1.0,1.0,-0.08054767674314772,-0.2631165032354788,0.5486231027217217,-2.394193387326726,-1.5275976405930747,0.03436027919754642
0,2.0791662087266376,5.546559261262101,5.841690686624811,5.546559261262101,1.0,1.0,1.0,1.0,0.0,1.0,0.37396032091898107,1.1784492888931328,0.0034128252429510564,0.8241359543977151,0.8086919217781969,0.07113194544108664
1,1.3272579648234206,1.048180150135572,1.048180150135572,3.520361982117964,1.0,0.0,1.0,1.0,1.0,1.0,-0.2760400869432399,-0.7655615392816935,-0.8241082862952959,-0.3417638484663297,0.10760438757789095,0.6832075660343607
1,2.964274431776371,1.4220367129228613,1.4220367129228613,4.15134391429118,1.0,1.0,1.0,1.0,1.0,1.0,-0.7597821997396478,0.22157936924471305,-1.0475667658056853,-0.6486462083207731,-0.6333636593001194,-0.08645091426226847
1,3.8303675867239133,4.025029180387911,4.025029180387911,4.673229362675899,1.0,1.0,1.0,1.0,0.0,0.0,-0.701783113527268,0.9978997267611895,-0.491498658024646,1.171796872892833,-0.9364530082279857,-0.16714742396932863
1,5.68653770633982,3.522520512659838,3.522520512659838,4.981437678098418,1.0,1.0,1.0,0.0,0.0,1.0,1.4070573391373706,-0.07108695737457293,1.9243133511885835,0.7383217832966924,0.31975361448555806,0.5639379132969974
1,5.07622951150406,2.0010158121561754,2.0010158121561754,5.66842982702354,1.0,1.0,0.0,0.0,0.0,1.0,-0.1149986956921843,1.7761513687823491,0.0886584699497351,0.4579688913951865,-0.8035080297233597,0.32747111013573416
1,2.1198058228377015,-0.3042215970629275,-0.3042215970629275,2.52258397506004,1.0,1.0,1.0,0.0,0.0,0.0,-0.7702810848732535,-0.23999244268650674,0.5437342642734012,-0.6730932300076159,-1.3965626487440665,0.42807194191456377
0,1.9953586630791715,2.798465784023123,0.8565093567636003,2.798465784023123,1.0,1.0,1.0,0.0,0.0,1.0,-1.128077817064045,-1.0041019073127095,-1.5935709642243008,-1.0101007344235533,-1.9185669069877291,-0.9172152679958807
0,0.8023798130604732,0.7141477585700551,-0.6931987168859471,0.7141477585700551,1.0,0.0,0.0,0.0,1.0,0.0,-1.5905878273732206,0.18975963216438912,0.01062648963423704,0.6736576930688157,-0.7841881479660378,0.6995914160080317
0,0.9674628709437115,4.116108933532615,1.251465303031856,4.116108933532615,0.0,0.0,0.0,0.0,1.0,0.0,0.07482173436631,0.17428449456363648,-0.052268104259079684,1.2987909037264702,0.5167503439981377,1.5709139963085863
1,3.5377532683613966,0.12979366350755006,0.12979366350755006,3.767463771739247,1.0,0.0,1.0,1.0,0.0,1.0,-0.26910351271529187,-0.7319479206179993,0.710886997887883,1.086862065419259,0.031055095492355078,1.0644904897767726
0,-0.2845722175743143,1.4824786378388952,2.3386198365648987,1.4824786378388952,1.0,0.0,1.0,1.0,0.0,1.0,0.22569175114650028,-0.6781590636964678,0.863776717900476,0.056049964181027756,-0.026036472478263017,0.30422867113752583
1,3.1426790597356646,-0.7192319107282316,-0.7192319107282316,3.28045785307565,1.0,1.0,1.0,1.0,0.0,1.0,0.10567870263615978,-1.9883781982498439,0.2511189158577499,-1.0142352854410879,-1.6872704404585686,-1.1018829330820552
0,0.6495919155704177,0.9272940925397686,1.8717284750642025,0.9272940925397686,0.0,0.0,1.0,1.0,1.0,1.0,-0.8843497074232156,0.6692741334034263,0.380681280282044,1.1017097930218103,2.38861036992009,-0.11563522980534424
1,2.8728257204139114,3.2870332177496318,3.2870332177496318,6.246410530812213,1.0,1.0,0.0,1.0,1.0,1.0,0.7759995251129482,0.00928770732411055,-0.2903097423194595,0.017594505207285005,0.5500688232054782,0.7180641310517821
1,-0.33017767016979105,-2.0469977416446383,-2.0469977416446383,0.34524580751253786,0.0,0.0,0.0,1.0,1.0,1.0,-0.698135584006359,-0.997014841080792,0.33152671916918597,0.30404247628972675,-0.19999424979210523,1.0206973975171958
0,2.3543760003728718,3.7803415694603,2.11887236867745,3.7803415694603,0.0,1.0,1.0,1.0,0.0,1.0,0.0038871131671768676,0.12128009159138808,-0.07971416529935171,0.09450913912628135,0.439811899480936,0.8612147116049529
0,2.185559269403854,4.3253909854513255,2.1246201998154786,4.3253909854513255,1.0,0.0,1.0,0.0,0.0,1.0,-0.46454543729400416,1.3723638036907257,0.4016535778453668,-0.5224804686017336,0.14824313211697457,-0.10625152165535062
0,-1.586417324301737,-1.2804578969430132,-2.892218499591104,-1.2804578969430132,0.0,0.0,0.0,0.0,0.0,0.0,-1.2106742498724827,-0.40052024924228835,-1.4443564204114425,-1.4997550219920415,-1.243536824519842,-0.23650639606043877
0,-2.6853819335721574,-3.814674709086827,-4.494319626765661,-3.814674709086827,0.0,0.0,1.0,0.0,0.0,1.0,-1.4736259021931606,-1.1843996619961352,0.38922505720002715,-2.4657003472647743,-0.7467499805080138,-0.07947659449062772
0,3.570832873004563,3.580873512488777,1.548755207649764,3.580873512488777,1.0,0.0,0.0,1.0,0.0,1.0,0.6236310924824577,0.7486920409878037,1.9599077270572367,0.7844555271926164,0.7001015619570387,1.0848804466452213
0,2.8575171569288704,2.475922588461236,2.198623041994282,2.475922588461236,1.0,1.0,1.0,0.0,1.0,1.0,-0.6255515634391183,0.5418724772141572,1.2372895538007236,0.9522377775893913,0.5628359572597561,-0.40890297558824706
1,2.132145638937251,0.6925220703325741,0.6925220703325741,1.7796703421422158,1.0,0.0,0.0,0.0,0.0,1.0,-0.5264738651065423,-1.036914827279379,-1.901461099667031,-2.5003407457697167,-0.872832481185586,0.4245242362771051
1,1.2627826974097207,0.649348215074349,0.649348215074349,1.93127412275879,1.0,1.0,1.0,1.0,1.0,1.0,-1.6525786737841999,0.7475852444917376,-0.1355739426165949,-0.36404363671514306,0.6979203877678668,-0.7533773782226393
1,4.17063606460191,1.2436998625790037,1.2436998625790037,2.8604234281589465,1.0,1.0,1.0,1.0,0.0,0.0,-0.3543286797144135,-0.90969598303027,-1.4291210092775373,-0.44325630376160124,-0.7133903965254812,-2.0726028645983368
1,4.350176646363135,4.069875792426188,4.069875792426188,4.530864263345755,1.0,1.0,1.0,1.0,0.0,1.0,-0.2901407796020255,1.0012661894353143,-0.4896240071906729,1.0968051567454564,0.9338289538896726,-0.8629080513469749
1,3.30273289265279,2.556962126855909,2.556962126855909,3.5553954090319446,1.0,1.0,1.0,0.0,1.0,1.0,-0.30762666642234165,-0.30719136020500337,-0.3330733461346583,-0.5209444703345553,-1.0268209018273722,0.17540720235554025
1,3.623066046612285,1.6519646268804475,1.6519646268804475,4.424401357144622,1.0,1.0,1.0,0.0,1.0,1.0,-0.07686190859807701,0.7473085849781224,1.4186334266609921,1.0013886320829013,1.2351936353556443,-0.4622384148519382
1,1.7594640227133809,1.6740201930617464,1.6740201930617464,1.3103930662172336,0.0,0.0,0.0,0.0,0.0,0.0,-0.12957162984585013,-0.32555358048908284,-0.35519430675094155,0.2431976549785855,-0.347382849533459,-0.46152713848428595
0,4.446964642792785,6.017676816597505,3.202347448349851,6.017676816597505,1.0,1.0,0.0,0.0,0.0,1.0,0.32644686594085015,2.1739035705921146,1.9614048561475597,0.5268964369680338,1.6448142640480081,1.5035884195272562
1,3.8072861055953786,-0.24081415985228372,-0.24081415985228372,2.6060664222517786,1.0,1.0,1.0,1.0,1.0,0.0,-0.037158118848104736,-0.8098735088653598,0.5763438758142941,-1.0572396980240175,0.9816735185392157,-0.828543542827504
0,5.061397380520286,7.0386054769161355,4.022036318004214,7.0386054769161355,1.0,0.0,1.0,1.0,1.0,1.0,1.911196862147832,1.3595303949057662,1.450904213525066,1.014840111761051,0.8697404366630532,1.4329087218725052
1,0.7715379435106979,-0.2715068013815162,-0.2715068013815162,-0.5073938307671746,0.0,1.0,0.0,0.0,1.0,0.0,-1.1938907546345312,0.024838230755947377,-0.9010639517066075,-1.007481387689236,-0.6922416714773552,0.41137222445210736
1,3.276584687144327,-0.7169868664346601,-0.7169868664346601,2.0758087246473673,0.0,1.0,1.0,1.0,0.0,1.0,-1.2578272176680056,-1.3333757861947084,-1.1351468371485096,0.2912060903785006,-0.9820705537580732,-2.5915703072754366
0,-0.4207178909410283,4.824715231266264,2.5950433751827227,4.824715231266264,0.0,1.0,1.0,0.0,1.0,1.0,0.12476316852420094,-1.6288672672260125,-1.61331422054543,-0.4558836779928377,0.4953993482700503,-0.5802884245254801
0,0.32895821818402005,2.126574006612964,3.7375843592628737,2.126574006612964,1.0,0.0,0.0,1.0,0.0,0.0,0.2252044730325986,-0.28683437993027705,-1.3427433856044955,-0.3691727766026201,0.5818089106728509,-0.7858945724103317
0,-1.6845855637716496,1.9534883027995749,-0.8865572541691031,1.9534883027995749,1.0,0.0,0.0,0.0,1.0,0.0,-1.103455224516567,-1.3046041527602292,-2.0384962829702493,-1.3837499040148384,-1.354614330873493,0.30142783212666524
1,-1.2815570092884072,0.01398010868479016,0.01398010868479016,0.9513409159690268,0.0,1.0,0.0,0.0,1.0,0.0,-2.085385075403052,-0.3968348024030961,-2.015421479746091,-0.6865351700919713,-2.2482573202823612,-0.9095013266202764
1,1.476553078582288,2.106185830791326,2.106185830791326,2.753428344158973,1.0,1.0,0.0,1.0,1.0,1.0,0.19500934010905044,-0.45318974885412433,-0.32852628338552115,-0.5572671762385365,-0.943640827991674,-0.5513294061679233
1,1.4359841499466819,-1.7935877120460437,-1.7935877120460437,2.0741096878344973,1.0,0.0,0.0,0.0,0.0,1.0,0.06947377393874443,-0.8990114930112746,-0.4975475478095529,0.6838361436851994,-0.4772209388309151,-1.110613545176681
1,2.3851583914435817,0.9952370089566116,0.9952370089566116,1.7599055858227306,0.0,0.0,0.0,1.0,0.0,0.0,-0.40874926336568607,-0.19987292327222123,-0.7760787655219406,-0.11800918769663468,-0.10549066461833895,0.08143357780067784
1,6.070866059485612,2.4561263678333223,2.4561263678333223,3.4957160513032512,1.0,0.0,1.0,1.0,1.0,0.0,1.2779353119799834,-0.15234778504260843,-0.287455912140799,1.367299076952554,0.19423462307251776,1.0483992602147727
1,4.475246639054069,3.9611870056651086,3.9611870056651086,4.435094910884361,1.0,1.0,0.0,1.0,1.0,0.0,0.2016266708150397,0.9906641135424916,-1.474361121293939,0.3905003678601896,-2.5008651592499467,0.24922393817901456
1,5.68392523601029,3.529696001165905,3.529696001165905,5.62645748701161,0.0,0.0,0.0,0.0,1.0,1.0,0.7102349013858095,1.7644204460758255,-1.6474217640180124,1.4967045263112235,0.4170320315070326,0.7854285300747146
1,5.568006961073123,3.3125088347766334,3.3125088347766334,2.768178881090606,0.0,0.0,1.0,0.0,0.0,0.0,1.2024911438840482,-0.3495612888932447,-1.7538605550438908,-0.3159978225417801,0.2614578176677811,0.5325776641218546
0,3.8096481141390433,8.405035162287557,3.9047027454941645,8.405035162287557,1.0,1.0,1.0,0.0,1.0,1.0,-0.09085161244257724,1.383463994142276,0.21429188174936087,-0.7306074810820606,1.4764751953951554,1.4302943584464982
1,6.048897770767801,3.7704894142956684,3.7704894142956684,4.481421493608172,1.0,1.0,0.0,0.0,1.0,1.0,0.5936262855097967,0.9295213728750586,0.706302124305868,0.6645708891770511,0.746887521368434,1.400361624371115
0,-0.28278714237586666,0.9577371811594793,0.26651986159500696,0.9577371811594793,0.0,1.0,1.0,0.0,0.0,0.0,-1.0444135834618673,-0.6081222231175634,-0.24773037456676525,-1.5511512490623276,0.7729183942056415,-1.0633228183549663
1,3.950224537855589,1.1849320999431048,1.1849320999431048,3.773620356057885,1.0,1.0,1.0,0.0,1.0,0.0,-0.5991894428852585,0.8600473806058766,0.13596549616227305,-0.10571075184837211,0.8611987388968805,0.04378684690770546
1,2.075255902193932,0.5323252498774904,0.5323252498774904,4.157252501428442,0.0,0.0,1.0,1.0,1.0,1.0,0.037359689418286955,0.08886451528436529,-0.980614989095528,0.702915848277227,1.842044159633763,0.9209162244836973
1,-0.12181829570375147,-0.5769416932280771,-0.5769416932280771,2.549311721335094,1.0,0.0,0.0,1.0,0.0,0.0,-1.0619404134607684,0.39016967152963944,-1.4931744101408573,-0.7984971929060067,-0.9018762488935167,-1.508388814111918
0,-0.21768404997919,0.4626524103999874,-0.27615359211194596,0.4626524103999874,1.0,0.0,0.0,0.0,0.0,0.0,-1.7272593611081255,-0.1270768457698953,-0.5092045557935245,0.9254954027684605,-3.1509167335361665,-0.9079677584484764
1,3.5690604205068204,0.21695114588287012,0.21695114588287012,2.0443153689664557,0.0,1.0,1.0,1.0,1.0,0.0,0.545828120813751,-0.7179645229101779,-0.9920306940054183,-1.8787203680086666,0.17733984011947646,-2.056346387875793
1,4.071078555660504,0.44242000491349176,0.44242000491349176,1.2539970063040484,1.0,1.0,0.0,1.0,0.0,0.0,-0.972089894637721,0.12892765842957193,-0.5560462208723989,-0.5485656482785173,1.2642881952810316,0.17983820818846358
1,-2.624683848968566,-3.0843932639611342,-3.0843932639611342,0.444193555835721,0.0,0.0,0.0,0.0,0.0,1.0,-0.08110958799069391,-1.8844527421927966,-0.28148803214466445,0.10723003631238526,-0.9563362117712416,0.25727542393969494
0,2.66884302507444,5.00114787539345,0.2712457921358489,5.00114787539345,1.0,1.0,1.0,1.0,0.0,0.0,0.43741088628784874,0.5151928583633942,0.34387175608566634,-0.7920373902096051,-0.35051627986590816,-0.4396645695871654
1,0.7676360833519038,2.1658684462871705,2.1658684462871705,1.1789273425146873,0.0,0.0,1.0,0.0,1.0,0.0,-0.8519430926687387,0.0007564236137734826,-1.4435118951882155,-1.0689564272683794,0.17284149090889844,-0.2589448989734868
0,1.856618187120082,3.742461855367274,2.034743372044219,3.742461855367274,1.0,0.0,1.0,0.0,0.0,0.0,1.227498015020999,-0.9940057942883509,1.3740390918673107,0.1815274027170785,2.2126414249356507,3.000703398608539
1,1.6225927927057997,2.2621301573610593,2.2621301573610593,2.9271746575707924,0.0,0.0,0.0,0.0,1.0,1.0,1.341833015850215,-0.7065353212836152,0.0457387844861733,-0.28709299603956595,0.00018352905340918158,2.3631207753774843
0,0.1227913642562809,-1.1955186496200598,-1.0696702313251252,-1.1955186496200598,0.0,0.0,0.0,0.0,0.0,0.0,-0.2962899070977974,-0.48633953606831226,-0.6399349498756594,0.05254450874462302,-1.792122330515753,-2.3914076532069375
0,-0.7788460201616072,3.2553715440114424,-1.8616542931286908,3.2553715440114424,1.0,1.0,0.0,0.0,1.0,0.0,-0.20748950126792665,-2.624626389407196,-0.4135351567824036,-0.8328129453416457,-0.9649460305409694,-0.8336000905025072
1,5.461904488070102,5.130187711898207,5.130187711898207,8.92568209586739,0.0,1.0,0.0,0.0,0.0,0.0,1.842251275102681,2.316803694450728,1.1099303657307806,1.9821936479538753,-0.08778267733982648,-0.7974310077822274
1,0.29682065303780014,0.8120814120370201,0.8120814120370201,-0.13452128600528712,0.0,0.0,1.0,1.0,0.0,1.0,-0.4714450561169451,-0.5018842974751313,0.6190231324501024,1.327641677337413,-0.7449829154719722,-0.8584796361525467
0,1.5294991314268591,2.4147712810150757,1.9655179874777997,2.4147712810150757,0.0,0.0,1.0,1.0,0.0,0.0,0.06010897158866203,1.7414003671128344,1.0130397412124248,1.3518027459914674,0.3228304838764954,-0.07423873174787543
1,4.3559183082725506,2.163168498675578,2.163168498675578,5.1176526416814925,1.0,1.0,1.0,1.0,1.0,1.0,-0.0749541551469238,-0.963575968870863,-1.7005305635938257,0.010368254471430416,1.0933341434440338,1.439625889800986
1,6.687677139675909,3.332110340460389,3.332110340460389,6.640923675903617,1.0,1.0,0.0,0.0,1.0,0.0,1.5808914330962993,0.6214476991163209,0.7681684610410697,0.17224399089012887,-1.4824359125165643,-0.9314961778509959
0,5.124785398749014,9.968026455885024,3.7949744614786374,9.968026455885024,1.0,0.0,0.0,1.0,0.0,1.0,1.224936529082375,2.544401916591319,0.7271082113975994,1.9527232571569828,2.196844682598106,0.07320619291502761
0,-1.3776843559576388,2.9421074220458756,-1.0173313038869463,2.9421074220458756,0.0,0.0,0.0,1.0,1.0,0.0,-0.30852356582135737,-2.0879822944253554,-1.5955722364220246,0.5500761013958414,-2.4608291050216726,-0.5051270241738739
0,2.8459601273065096,1.4399661987661994,2.845493426981861,1.4399661987661994,0.0,1.0,1.0,1.0,0.0,0.0,-0.590074706678145,0.41007441216356455,-0.3553062672855033,-0.505643449142329,0.368977002067198,-0.49226716508336615
1,0.4441889603341234,-0.7653317720932459,-0.7653317720932459,0.724994205888831,1.0,1.0,1.0,1.0,0.0,0.0,-2.2327453981977508,-2.053854644975001,0.037768930279933555,0.15423814978986,-0.043664386054951154,2.3842323645350807
1,4.813359784649318,2.124206967789078,2.124206967789078,3.376046643629077,1.0,1.0,1.0,1.0,1.0,0.0,-0.6930947988688482,1.4168983737465006,0.5582732692047336,0.5292818523819866,-0.7136982941293681,-0.20566857066406974
1,3.8528402269652546,3.651093655997682,3.651093655997682,3.990649205993524,0.0,0.0,0.0,0.0,1.0,0.0,0.7239110503086053,0.7935513815381466,0.1450896906443364,0.6188683872140238,-0.911173446832695,0.4513154053464595
1,3.2465291375704424,2.411174486314898,2.411174486314898,0.9151018073644583,0.0,0.0,0.0,0.0,0.0,0.0,1.8451495576019852,0.4363307500722454,1.3895492767889122,1.5530030066172014,1.15517786033927,1.3631868595428287
1,2.3842671842078706,1.6680158865187784,1.6680158865187784,2.977242815985228,1.0,1.0,0.0,0.0,1.0,0.0,0.01743530981548406,-1.7518392273642442,-0.6173977860792604,-0.42404166567852997,0.8752986552690056,-1.7198217974842434
1,-2.4648931305067845,-3.4212833252727473,-3.4212833252727473,-3.4526974214908472,0.0,0.0,0.0,0.0,0.0,1.0,-2.9612593407823753,0.40797191367591235,-2.0048619195156645,-1.4750342445112972,-0.5703376141185341,-0.056515408783822885
1,4.4975434175215225,2.232754312992803,2.232754312992803,4.465125069163345,1.0,0.0,1.0,1.0,1.0,0.0,0.37713573963422503,0.5840810161400336,1.0551032507620504,1.238621528917518,-0.23315275328915808,0.9879435419252298
0,1.8867635697631966,1.0018949797663805,1.481465014927629,1.0018949797663805,1.0,1.0,0.0,1.0,0.0,0.0,0.10546437100250514,-0.38523996158204943,1.503785537312154,-0.3238087297997596,0.3949501133175337,2.712044105283992
1,5.565252601783067,3.674888465539864,3.674888465539864,4.261951401955656,1.0,0.0,1.0,0.0,1.0,0.0,0.7794065826839534,-1.4842511961908396,-1.2591731329733475,2.436574941907285,-0.30737933020140645,1.8544361998480232
0,0.4592841222668438,1.6670042501253486,-2.577753497519413,1.6670042501253486,1.0,0.0,0.0,0.0,0.0,0.0,-1.1198828382498593,-0.7895825008779607,-0.19505228848822204,-0.654695454407466,0.16278611468930904,-1.0194059324339124
0,-1.2549869779313125,1.206723399525135,-0.9980589691459808,1.206723399525135,1.0,0.0,0.0,1.0,1.0,0.0,-1.6222420975172576,-1.0353019836743393,-1.846343466066988,1.1269378271969244,-0.02626552640088098,-0.7136636184907365
1,-0.0028840109429094166,0.5911343579189612,0.5911343579189612,-0.6626696244960897,0.0,0.0,1.0,0.0,1.0,1.0,-1.870912301900154,0.10345300092772669,-1.4229779629892925,-0.712532368568481,-0.9871668489052412,0.8292602166058198
1,5.221501182583474,2.8935861999635817,2.8935861999635817,4.345570767586336,0.0,1.0,1.0,1.0,1.0,1.0,0.1868490412812298,0.593431407683032,-0.5695540524001586,1.452587077999345,-0.7424815205518878,1.850347663509495
1,2.139726357475795,2.0637457314125456,2.0637457314125456,4.0143412505460585,1.0,0.0,1.0,1.0,1.0,1.0,-0.5091046026523619,0.6083785401186217,0.30935776890059585,0.3835804400290636,-0.45480284979493074,0.5973745367762489
0,1.059218947728203,1.5632423032572862,2.3450195075730664,1.5632423032572862,1.0,0.0,0.0,0.0,0.0,0.0,-0.08959957103712236,0.2810616619793099,0.20411370944269186,-0.0696699524095252,-0.6286774498251861,-0.08352580512567517
0,-1.2201713096103144,1.9305449160162755,-0.9405444149705293,1.9305449160162755,0.0,0.0,0.0,1.0,0.0,0.0,0.5607809342584744,-1.7592508905612552,0.22177257910240689,-0.16751356762526481,-1.6379358096733876,0.7142372087756538
1,2.292672903066887,-0.8473454186942665,-0.8473454186942665,1.3524967683049325,0.0,0.0,1.0,1.0,0.0,0.0,-0.4811899805544693,-0.041573044263257475,0.17342021871756622,1.5126956751774367,-0.5805520336558316,1.9382944541851546
1,-0.5153838056179283,2.1868217134441195,2.1868217134441195,0.12918892037526963,0.0,1.0,1.0,1.0,0.0,1.0,-1.2022692122068985,-1.409841882181301,-1.5716058809742335,-0.9758102889417136,1.6871583204603673,-0.17172516231037038
1,3.367899783143664,-1.2178853798698963,-1.2178853798698963,2.118893285778113,0.0,1.0,0.0,0.0,0.0,0.0,0.8670586114352244,-0.4126449232048709,-0.5297261675516501,-0.1327807899854893,0.2855253446717251,-0.05439269540933572
1,1.9830913236726975,-1.5074072642616814,-1.5074072642616814,2.1100178592871135,0.0,0.0,0.0,0.0,1.0,1.0,-0.38923856679706387,0.7550143592546521,0.3219005453957428,1.5357193338914914,0.6539158465887078,0.910255572630736
1,5.959870869905441,2.0643868131232033,2.0643868131232033,4.014756530886509,1.0,1.0,0.0,1.0,0.0,0.0,0.9160395357633607,-0.6042395801085367,-0.22028675041218207,-0.2593151972547778,-0.39216764767620294,-0.35898099009941237
1,-2.482189546897308,-3.628304889937478,-3.628304889937478,-1.871120999078266,0.0,1.0,0.0,0.0,1.0,1.0,-2.1747771329508137,-1.6729484987112844,-1.2735307270684508,-1.0794259720833375,-1.829222770248879,-1.2750349726334276
1,-0.026918130362598686,-1.124036683683438,-1.124036683683438,1.279708062493705,0.0,1.0,1.0,1.0,1.0,0.0,-1.164498048475322,-0.6112713909978262,-0.0866614481019227,-1.0295003310047868,0.8672646674774313,-1.3237607021207616
1,4.47485014562754,2.2419685018532656,2.2419685018532656,2.1976285024246143,0.0,0.0,1.0,0.0,1.0,1.0,1.2874580993386069,0.25177497695516526,0.9663632507782767,-0.3896403425604362,0.06871015977889394,0.16455335113476205
0,0.15294586136734278,2.445618123081873,-0.13351073674093772,2.445618123081873,1.0,0.0,1.0,1.0,1.0,1.0,-0.6077148437115288,-0.5382517049181312,0.09454498852212315,0.7353563347608985,0.2975990529622289,0.7029446412148589
1,1.0741592194346294,0.9137490295035428,0.9137490295035428,1.747047691841102,0.0,1.0,0.0,0.0,0.0,0.0,-0.6024765015957446,-0.6042392293545249,-1.740659344782089,-0.8612294484139094,1.602806617096353,0.9022279240793436
0,1.1616180020652882,4.891940961844952,2.6622890145586644,4.891940961844952,1.0,0.0,1.0,1.0,1.0,1.0,0.07528810470314286,0.39027012201090805,0.37137829867276523,0.46733734459973764,0.12561033082715423,2.054935472105936
1,4.668585821955517,1.2976493289808864,1.2976493289808864,3.7792348352351093,1.0,0.0,1.0,0.0,0.0,1.0,-0.6527497724792625,1.3999937069060506,-0.16568142339361486,1.3820816881665676,-0.20936631745885248,-1.2216627565701548
1,1.108179662194027,2.070231808871285,2.070231808871285,1.572459470067774,0.0,1.0,0.0,1.0,1.0,1.0,-0.04867998233803611,0.0430551386399743,0.702391592332472,0.9430282219261735,0.4326765652023336,-1.3808664370551598
1,2.699885908651597,-0.01675552783276113,-0.01675552783276113,4.087675708343456,0.0,0.0,1.0,0.0,1.0,0.0,0.09890981636366646,0.8406891610547662,0.43903869816837426,0.6889670213022082,1.185891322365134,-0.8433375362894978
0,1.0417806633763833,2.6480865761322523,1.3906859437047254,2.6480865761322523,1.0,1.0,0.0,1.0,1.0,0.0,-0.3301067012593729,-0.6387018668797242,-0.10016234725270512,-0.052521489371876146,-0.43048745292099333,-1.1883800777351738
1,7.3191674989700095,4.665896290494207,4.665896290494207,6.294183923726656,1.0,0.0,0.0,0.0,0.0,1.0,2.707866283337721,0.7525629915002119,0.4842435715480059,0.30731908476765235,-0.567866836236837,-0.040831522249365704
1,1.6205933974626499,-0.04466468315370095,-0.04466468315370095,-0.09062900704210586,0.0,0.0,0.0,0.0,0.0,0.0,-0.5395423965764993,0.43575764566614783,-0.518151037374792,-0.027666379971659966,-1.2067663479284758,0.5548571425358229
1,4.849351226556815,4.294592965706976,4.294592965706976,6.203696948562806,1.0,1.0,1.0,1.0,0.0,1.0,1.7607982426844062,-0.21220302626921533,-0.9900205725401492,1.3563365112606673,-1.7962506247098926,-0.11282945945090106
1,3.18054215548743,1.1587401432178663,1.1587401432178663,3.226614112756308,0.0,0.0,0.0,1.0,1.0,1.0,0.7171064896647952,0.6352570292831087,0.6319339266828967,1.1663505495458897,0.711318697026196,1.1050072106158602
1,2.764617033829887,3.5543147321708606,3.5543147321708606,4.0421461510877625,0.0,1.0,1.0,1.0,1.0,1.0,0.4988804696144546,0.5492376146549354,-0.5295455427035567,-0.0057788526491550085,-0.1681482555820466,0.9699063711266409
0,-1.173295113467953,0.3947157288093799,-2.6038760071685068,0.3947157288093799,0.0,1.0,1.0,1.0,1.0,0.0,-1.480143319899833,-1.5838701537544453,-0.7616155934727614,-0.709315457370511,-0.9728598364341119,-0.2110356240389758
1,0.5462879309870097,1.306769844153396,1.306769844153396,4.8455080613027075,0.0,0.0,0.0,0.0,0.0,0.0,1.0059113322307178,-0.440491249192425,-0.2640206802209926,0.5164594430349714,0.8996243263197053,0.8697585371947147
1,4.9553330171869145,2.9504939977856646,2.9504939977856646,2.611920252185416,1.0,1.0,0.0,1.0,0.0,1.0,0.8477264281094854,-0.10692269926642742,0.1251383410611849,-0.16408368988606448,0.45099224304895286,-1.1377583200786363
1,-0.13766842445350136,1.8645950437998078,1.8645950437998078,1.486572555315619,0.0,0.0,1.0,1.0,0.0,0.0,0.06332771065896134,0.18803914626003232,-0.014183566173872453,0.23023185264204102,-0.8445485910988167,1.6926810237733163
1,4.305953356778096,4.302083148749059,4.302083148749059,3.5295434152054357,0.0,1.0,1.0,0.0,1.0,1.0,0.5568253391019352,0.13047570997184216,0.3509609392438886,-0.5289918907900324,1.1379556055105762,-0.6119346949926787
1,-1.2295236138761405,-0.14651681548386505,-0.14651681548386505,2.2051612269961143,1.0,0.0,0.0,1.0,0.0,1.0,-0.3956278451962301,-0.1282185296781827,0.6364891309453106,-0.9974082884404669,-0.9479118646495512,-0.7514835348071719
0,3.62845794127875,4.920306143262322,4.300085448335218,4.920306143262322,1.0,1.0,1.0,1.0,1.0,0.0,0.22377122101527067,0.46711660768766117,-0.5143570076878826,0.5311575998685444,-1.6195911786582666,0.8797685288974204
1,5.009174841654273,1.784678852646792,1.784678852646792,4.421464288838604,0.0,1.0,0.0,0.0,1.0,0.0,0.5297960694938028,0.8927663128160754,0.4861628817246874,-0.4982893899520987,1.0972493146801345,0.28212959096410456
1,1.0631632953288495,-1.6863733414484856,-1.6863733414484856,0.6091197639223829,1.0,1.0,0.0,1.0,1.0,1.0,-1.1123912302643177,0.25532194391040536,1.7457682459930521,0.2645468296845547,0.5436673347563401,-0.573182870159347
1,1.8815147989079049,1.413418170639839,1.413418170639839,2.7036165542266315,0.0,0.0,0.0,0.0,0.0,0.0,0.6578923935895079,0.40999964025655977,0.06903392439142092,1.4365258769443907,1.8941591096893726,-0.044743587403781815
1,2.7056305953826083,2.2148684644742285,2.2148684644742285,2.4750699454177614,1.0,1.0,1.0,0.0,1.0,1.0,-0.3873316183164093,0.531713613094772,-0.5485710324916006,0.21045787527894722,0.8795821089721604,0.47850637571937893
0,2.4631864592143984,3.720649124924896,3.854671524881983,3.720649124924896,0.0,1.0,0.0,1.0,0.0,0.0,0.02221929611617027,0.6267083013485077,-0.916139113203229,0.4556656365730597,0.02375822643040354,-1.3959204591515413
1,2.6913084976344215,-0.29599486276038034,-0.29599486276038034,3.010108712052763,0.0,1.0,1.0,0.0,1.0,0.0,-0.19251015443046707,-2.6799482338014102,-2.024782452078389,0.982646760671622,-1.6074798008089468,-0.7928616728099863
1,1.853722151923852,-0.34844333316595755,-0.34844333316595755,2.1928090898468,1.0,0.0,0.0,0.0,1.0,1.0,0.28509036968892776,-1.4894382003610214,-0.47859653151274323,-0.7195422241306166,-0.7246919434460792,0.7810523256640522
1,1.8614728512716316,0.21315269711805698,0.21315269711805698,-0.010435467237429052,0.0,0.0,0.0,0.0,0.0,0.0,-0.16927735452087514,0.413244028440642,-0.21012426809172985,-0.8073745193196085,0.4686008872834862,-1.0065570465151974
0,-0.6517037117778703,2.7554356404480522,1.2986768408864713,2.7554356404480522,0.0,1.0,1.0,1.0,1.0,0.0,1.2281140838305733,-1.0256066170931002,1.4845823545784227,-0.09506425999193613,0.25039873196308104,1.0910669162274673
1,0.4951753344559078,-1.4868166342561966,-1.4868166342561966,-0.16996957265569884,1.0,0.0,0.0,0.0,1.0,0.0,-1.9516177807995412,-2.1054876819593353,-1.0554999373423761,-0.11337097819696246,-0.41712112873104223,-0.18761252655596183
1,1.8582116029787272,-1.3327772057595804,-1.3327772057595804,1.5692947846548844,0.0,1.0,1.0,0.0,0.0,0.0,0.284538702362705,-2.1699228650636675,0.6944955272352124,-1.7615320463809652,-2.051313502506292,-1.3569834158591005
0,0.7866864520669752,2.7666874513267334,0.618590096152237,2.7666874513267334,1.0,1.0,1.0,1.0,1.0,0.0,-0.9048130914235955,-1.0170564016266908,-1.7386698194926773,-0.2591657173287133,0.07796147356742478,-1.0970597613317996
0,-3.458668139617174,1.3048418090999916,-2.3509691455838513,1.3048418090999916,0.0,0.0,0.0,0.0,1.0,1.0,-1.1715435204855034,-0.39945618316465126,0.7514082232892109,0.6918813296136923,-1.0320729969711495,-1.9961715368743107
0,-1.0602433159845415,0.0489569921485595,0.31545503601986535,0.0489569921485595,0.0,0.0,1.0,1.0,1.0,1.0,-0.9881669381993293,-0.3506069240201916,0.31988639407485164,-1.0637610984486605,-0.26812499449707494,-0.6625939300747433
0,-3.6052066131314,-0.9860369099929864,-1.3917282608499495,-0.9860369099929864,0.0,0.0,0.0,1.0,0.0,0.0,-1.1537006694967662,-2.310833224997364,0.04798448286337975,0.36590500811828547,0.8794715771145094,-0.27392595509173007
1,4.108302695554013,1.121229965168703,1.121229965168703,1.1345933220456457,0.0,0.0,0.0,1.0,0.0,0.0,0.8138114653107665,0.3533922241943537,0.530061727869609,0.11117382346712891,0.33258778151232476,-0.09152901709459266
1,5.9219817726476744,4.2795820124404695,4.2795820124404695,6.783411991207743,1.0,1.0,1.0,1.0,0.0,0.0,1.339200893778691,-0.9011858378639036,0.15698464797453465,1.2048625149461003,-0.829453050219387,0.6410458255739697
1,1.793713336012549,-0.07297212356114896,-0.07297212356114896,0.4495081496547926,1.0,1.0,0.0,1.0,0.0,1.0,-0.9277044703882957,-0.7667520811890832,0.0975108807413738,-0.6693951414484476,-0.12519996865107297,0.24087184085817623
1,4.10939455360848,-0.40988338469493724,-0.40988338469493724,3.284724618264388,1.0,1.0,0.0,0.0,0.0,1.0,-0.0642781259681771,-0.49448259235947767,0.15962449401721732,0.1450134816585879,0.13864371539482667,-0.1407983599435624
0,-0.284647585736832,2.3683726909467833,0.35948610337258596,2.3683726909467833,1.0,0.0,0.0,0.0,0.0,1.0,-0.05052231460792986,-1.326092011536905,-0.005178378399663258,0.48983927816367456,0.12203727253249702,0.3633873955056949
1,3.8272876791339403,1.849118890832801,1.849118890832801,4.094672532834618,1.0,0.0,1.0,1.0,1.0,0.0,-0.21788177341071563,0.8405453444712578,-1.461269580610016,-1.0036798054453118,-0.6007964434726641,0.024018109331990445
1,5.467767603198195,4.89161190260702,4.89161190260702,4.852355289249938,1.0,1.0,1.0,1.0,0.0,0.0,1.2036852587462914,-0.5851248500233155,-0.12558323783729586,0.27008319476254405,0.4040515717337107,0.6790759340256542
1,2.137028965565379,3.126187728189529,3.126187728189529,1.72379105613468,0.0,0.0,1.0,0.0,1.0,0.0,0.244630178883253,1.4537778600810916,-0.10735668742905374,-1.442079395520043,-1.9529254258242434,1.4276677083129818
0,0.35473567244547866,1.2992180384558927,-0.7519299106508728,1.2992180384558927,0.0,1.0,0.0,1.0,0.0,1.0,-0.44953572499652183,-0.36465876586964774,-0.04675217276523233,-1.098283806328587,-0.3062912698122926,-1.0220811851389144
1,2.4588469800908164,1.4667910728498357,1.4667910728498357,3.370210510879557,0.0,0.0,0.0,0.0,0.0,0.0,0.8693099566522293,0.8307041865387783,-0.33697116959129225,1.6923228444246223,1.1559274902993082,0.21102053199773663
1,3.6484296177312023,1.3595566519825766,1.3595566519825766,5.494150448710171,0.0,1.0,1.0,0.0,0.0,1.0,1.0144021585493472,-0.0196272756541504,0.7211894088154537,1.172672041683009,0.5221034291794153,-0.11556099370279715
0,1.4536163759219436,-0.1261684998653123,2.0601511395191068,-0.1261684998653123,1.0,1.0,1.0,0.0,0.0,1.0,-1.6314083005046605,-0.3097484985046264,0.27880262270002765,-0.26655576568617334,-0.725935061456369,-0.6240815381148527
0,2.36626196138365,4.957573303207472,1.393229318996226,4.957573303207472,1.0,0.0,1.0,1.0,1.0,0.0,0.8878676259222699,0.6129749003051677,-0.08224349391800811,-1.3709014064075737,0.5798970286664551,-0.5507857336415138
0,2.783711620404258,2.21725777270315,1.446487004763645,2.21725777270315,1.0,1.0,1.0,1.0,0.0,1.0,-0.1087796941219477,-0.920833791341896,-0.20071862020209844,-0.6415834192280204,0.6871706324130638,0.4996989734365918
1,2.559866886566171,0.6386540793028407,0.6386540793028407,1.819102380249838,1.0,0.0,1.0,1.0,1.0,1.0,-0.23706038098933588,-1.6280428134531668,-0.8502887871709248,-1.0254584232424524,-0.9171038242855811,-0.6779044783443469
0,1.419820340866764,3.058975834407965,1.492354429418909,3.058975834407965,0.0,0.0,0.0,0.0,0.0,1.0,0.4065578442330322,1.0864166432287583,-0.23933822250108172,-0.9752398471099126,-0.08317148269931599,0.4303376211920068
1,3.1120845975982268,3.11444570569541,3.11444570569541,3.8758182748858068,1.0,1.0,1.0,1.0,1.0,1.0,-0.32857325945937843,0.5555925656596002,-0.04394596226603373,0.5160193328930737,-0.9242289231987362,-0.014640275794290253
0,0.7940727451641619,2.845237539020196,1.144693444888581,2.845237539020196,0.0,1.0,1.0,0.0,1.0,0.0,-0.08722453915151736,-0.48130736259311724,-1.0741285351601517,-0.7507180207447232,-0.8052568350971908,-2.063237580332842
1,-2.79806520544468,-4.209311876392287,-4.209311876392287,-0.588473240916225,0.0,0.0,0.0,0.0,1.0,0.0,-1.212590316509184,-1.4051144811249836,0.7430924906407275,-1.7877849554988736,0.5394306511049216,-1.623966672085757
1,5.643481801386102,1.7658191664310552,1.7658191664310552,6.633391312297583,1.0,1.0,0.0,1.0,1.0,1.0,0.31064534962173657,1.3388501772557304,0.20600928982582034,0.8807898120671596,0.7043501549372444,-0.3353485066423791
0,0.6518601881843864,1.647002712151179,1.8786124591745916,1.647002712151179,0.0,1.0,0.0,0.0,0.0,0.0,0.2397305991444072,0.012280652263272074,-0.1316972286949562,0.3279383703793515,0.05809267076167834,0.45951555218419726
1,5.043713996128961,3.042140132541207,3.042140132541207,5.211955578645426,1.0,1.0,0.0,0.0,0.0,0.0,-0.08075613313746956,0.8059648789115723,0.7079595152992502,0.029288883212037042,-0.11929485645792537,1.6833952505486867
1,2.746345652141189,1.1184870916925695,1.1184870916925695,3.1885519711025694,1.0,1.0,0.0,1.0,0.0,0.0,-1.2062822174728938,-1.8319915574171,-1.311690437671993,-0.06271385596398107,0.16842331671638489,-2.2037194656146637
1,4.409866504135085,2.7784088177684216,2.7784088177684216,2.662887738752253,1.0,0.0,0.0,1.0,0.0,1.0,-0.07915910846975148,0.34449709045346427,-1.0348901937099915,0.843345713414189,-0.30706411857393223,0.12856469351625577
1,3.8191348091965573,3.2803821786233693,3.2803821786233693,5.737575586204671,1.0,1.0,0.0,1.0,0.0,1.0,0.4265807463308941,0.07177685796909927,0.4749646615067182,1.891863477372981,0.9706676247275035,-0.4513371937512803
1,0.4459585508796351,1.5576786418609465,1.5576786418609465,2.443591060503321,0.0,1.0,1.0,0.0,0.0,0.0,-0.9131559000813445,0.5825308111996947,-0.9187619060867845,1.1455449595636475,-1.757925634379791,-0.2738301836267969
0,4.242416901975311,4.426539024943182,3.3232863977163114,4.426539024943182,1.0,1.0,1.0,1.0,1.0,1.0,0.07959094900539503,0.7938840662537456,0.6181667666141698,1.5469505135914126,0.6352390276228603,0.7356826954300169
1,1.7726347106987996,-0.15664211765183755,-0.15664211765183755,1.5140819104594176,0.0,0.0,0.0,0.0,0.0,0.0,-0.4694412169483328,-1.66489186711133,-1.0715227635513844,0.12112249573397328,-0.00033932289686755546,-0.4990167143341626
0,0.9035030424509276,3.528523736673091,0.12386266902712384,3.528523736673091,0.0,0.0,1.0,1.0,1.0,1.0,0.11957766206152541,-0.24257014502416227,-0.6484431686563643,0.8908644238584187,-0.27560853656495987,0.44541893477859607
1,5.083962740835079,3.6977581092465597,3.6977581092465597,6.392269307556082,1.0,1.0,1.0,1.0,1.0,1.0,0.26446787457950843,0.12137159142068588,0.10795444289984779,1.271795914644372,1.3284699486280578,1.3034981824160907
1,5.433180220638528,1.145598609367556,1.145598609367556,4.359430903544315,1.0,1.0,1.0,1.0,1.0,0.0,0.49845077132159044,0.9211114651891896,2.9487992057190597,0.05252749907121129,-0.22021268884904688,-0.9220328762564833
0,-1.7960240652043304,-2.8389725082599213,-0.8386976762682732,-2.8389725082599213,0.0,0.0,0.0,0.0,0.0,0.0,-1.865083842274865,-0.5116302058944069,0.7566100546643181,0.7807079047997834,0.17080052745991758,0.2072613894353195
1,0.46753382058379,-2.273185420850747,-2.273185420850747,0.37601980143540575,0.0,0.0,0.0,1.0,0.0,1.0,-0.3571452422652401,-1.1099946248300436,0.6974996021705465,1.2082236787001532,0.23859051799884892,1.0836893721739176
1,3.9989973430694876,4.553463355909594,4.553463355909594,3.5854864027413687,0.0,0.0,1.0,1.0,1.0,1.0,1.1365054429597665,-0.029996593511539715,-0.4036170403458477,1.1528516153148751,2.2464484394364144,0.6050075272600277
1,4.8149498096043715,-0.5513033407611179,-0.5513033407611179,5.4906951009618075,1.0,1.0,1.0,0.0,0.0,1.0,0.4688199896592077,-1.0345486343433998,0.8481089204749025,-0.16876967545682692,-0.8426994385247086,0.28046804724057034
1,2.5115340804757214,2.5541356032157654,2.5541356032157654,2.5459074414968885,1.0,0.0,1.0,0.0,1.0,0.0,-0.7500615252246423,1.3051638920333017,0.3356458101436342,0.24540235214834633,-0.2443158686689344,1.1507175991554695
0,2.4104798911817107,3.3253658445134517,2.322830111220444,3.3253658445134517,1.0,0.0,0.0,1.0,0.0,1.0,-0.033704053589391714,0.6897623180066162,-0.6356177107089623,-0.2840180930582612,-0.09827151035991084,0.4485191394862501
0,0.44856655612956864,1.250054039545978,1.289051170538954,1.250054039545978,1.0,1.0,0.0,1.0,1.0,0.0,-0.9708407186989293,-0.9015130292806971,-1.1081929947006612,1.123119942649593,-2.5395714417251742,-2.7987639808382774
0,3.5963006099148886,4.8041396612662375,3.2440495743065467,4.8041396612662375,1.0,1.0,0.0,1.0,1.0,1.0,1.6995295036834892,-0.03926964622129803,1.4612646368470894,0.3509341462163035,-0.2312346925251245,-0.6031851666210875
0,2.8374924271364317,4.764517640690565,2.3435169358969823,4.764517640690565,1.0,0.0,1.0,1.0,1.0,1.0,0.5789146366889352,-0.5184472803487501,-1.959255406840025,-0.3241004740298863,0.8026552969761725,-0.15167274444225015
0,0.39647040617062346,2.521107188247607,0.6652259695976699,2.521107188247607,0.0,1.0,0.0,1.0,0.0,1.0,-0.7527592614692215,0.6779507767189357,-1.4069993868739177,-0.8412045600487994,2.3078645956631405,0.22829837036304293
1,0.549273430393787,-2.4415750191845507,-2.4415750191845507,-0.6116666410909137,0.0,0.0,0.0,0.0,1.0,0.0,-1.623960894483944,-0.5777562821720613,0.03573911456063639,0.3507450574462463,-0.3226596340600528,-0.8407173385743617
1,4.773652677136972,1.5699411202356695,1.5699411202356695,4.592341568481725,1.0,1.0,0.0,1.0,0.0,0.0,1.140219237448154,-1.733761342272044,-1.1754817155631205,-0.12597066907676172,-1.688800787414832,0.23123111864045054
1,3.509291495010563,4.523032572135673,4.523032572135673,6.492315926081477,1.0,1.0,0.0,0.0,1.0,1.0,1.1300575279710916,1.2882450715718439,1.0986594196173738,0.7829939700836812,0.20659185786997103,0.22456111069519769
0,-1.9337657635865035,-0.6052542568888561,-2.5926788354770585,-0.6052542568888561,1.0,0.0,0.0,0.0,0.0,0.0,-0.6482861263576368,-2.5893343026779165,0.08457210273339288,-1.8828993813502124,-0.09610641593672054,-1.5893823502514055
1,-0.31741403933878987,-0.6161328231467395,-0.6161328231467395,0.4640701166036909,1.0,1.0,1.0,0.0,1.0,1.0,-2.2917575632128466,-1.1289131643644694,0.08990696317569191,-0.8530675724572734,-1.62470332179757,0.682985696833873
1,1.7944352425751071,0.30186675465225427,0.30186675465225427,1.9717277501727772,0.0,0.0,0.0,1.0,0.0,1.0,0.4727081584883265,-1.2975994987843458,-1.0879119664856918,-0.10496462169378855,-0.5717284492714627,2.4464058137898514
1,1.0624482206198314,1.91234934492421,1.91234934492421,3.3708542839928812,0.0,1.0,1.0,1.0,0.0,0.0,0.4459493694892873,-0.784741468195987,0.8194134971631625,-0.4757354207289916,0.5866633512489227,-0.9061727036036684
0,-0.578483081883956,1.4565752435350086,-0.6065237457852064,1.4565752435350086,0.0,0.0,1.0,1.0,0.0,1.0,0.03076252977362413,0.062266084492134166,0.49385570011078783,-1.9371953415741219,-0.994640822652211,0.28323159407904797
1,2.9258548058882705,-1.5767709608080867,-1.5767709608080867,1.3204088052402736,1.0,0.0,0.0,1.0,1.0,1.0,-0.6241978763775855,0.8194928536082842,1.2773001445146541,0.3304881077949434,1.601244296355809,-1.7150645098749855
0,1.0379032409380498,0.9791977007854574,0.020405652037068123,0.9791977007854574,0.0,1.0,0.0,1.0,1.0,1.0,-0.2974288353582652,0.13038575963130772,-0.8338704377525238,-0.8697984319923481,-0.7335889452658501,-1.1634333560364665
1,5.266290182864651,1.5933979887560428,1.5933979887560428,3.8655007114094904,1.0,1.0,0.0,0.0,1.0,1.0,0.3729983188261359,0.2604344995697742,-1.6645523642437845,-0.40316289357526347,0.4522926195654879,0.44503058367818954
1,3.942524861111956,3.663517192469369,3.663517192469369,6.408829671777998,0.0,0.0,0.0,1.0,1.0,1.0,1.6901429709519211,1.1483192262599395,1.4646898564934203,0.7309702058699448,-0.46063289410149855,1.9232367235701102
1,-1.9170829743987607,-1.064155564822116,-1.064155564822116,-2.9423731863758533,1.0,0.0,0.0,1.0,1.0,0.0,-2.0008004344934283,-0.4780501056342774,1.4665435355520375,-0.9773897460637191,-0.5526861537389862,-0.6650949100412724
1,5.1676230889338735,4.1561590360127125,4.1561590360127125,5.506209903732616,0.0,1.0,0.0,1.0,0.0,0.0,0.9256444036603084,0.7035633615966945,-1.4321174502950118,0.830371773655755,1.5912406058686703,0.2845376137501716
0,0.5781855993021323,0.4216033244617793,0.4371828024694803,0.4216033244617793,1.0,0.0,1.0,0.0,0.0,0.0,-1.5364490998056042,-1.2951950556921283,-1.3400429281894235,-0.6642115445859054,0.9344147092278036,1.188241720272315
1,6.736395983505128,4.291250075248149,4.291250075248149,5.083660708919857,1.0,0.0,1.0,0.0,1.0,0.0,1.3853489362366547,-0.33882806804817756,-1.1067327085367555,1.599061282740507,0.1960634618911813,-1.279578563049896
0,-0.12765757722000592,1.8110010058268124,1.211931783921074,1.8110010058268124,1.0,0.0,0.0,0.0,0.0,0.0,-0.6109063274449558,-0.8785209118161839,1.0560018062328005,-1.3429987276247861,-0.15797232304179762,0.12388321898136476
0,4.257780164908739,6.478984467823925,4.469676203152112,6.478984467823925,1.0,0.0,0.0,1.0,0.0,1.0,1.818341237697606,1.8721972371629474,1.7011444889228775,1.3808991344250385,0.610711897679126,-0.536440531968497
1,3.7378812087320794,3.6909608399868956,3.6909608399868956,4.297462696809375,0.0,0.0,1.0,0.0,1.0,1.0,0.8635225305126303,0.9049438656097823,0.1441659384334032,1.2774386658345183,0.9233725196206954,0.004533834239574208
1,2.9500753042984655,2.348816520259677,2.348816520259677,3.813469772180264,1.0,1.0,1.0,1.0,0.0,1.0,0.191619033060376,0.27774411073575794,1.0054224699177874,0.2938789464569262,-0.11951977582938811,0.033795723866855754
1,1.4195045715592038,-2.420542818245643,-2.420542818245643,-1.10026430996327,0.0,1.0,0.0,0.0,1.0,1.0,-1.976319763899014,-2.1254390079467047,-2.9982024732933965,-1.3293750896787837,-0.323705450443021,-1.28702682819264
1,2.3628379621829363,0.20697053045000913,0.20697053045000913,1.8335738297089497,0.0,1.0,1.0,1.0,0.0,0.0,0.9821073588664059,-0.8651942931767062,1.7849521993180781,0.9429139931832651,1.1129805122612506,-0.2671575403820493
0,0.04699958391839898,4.291517802028061,0.4300542003542924,4.291517802028061,1.0,0.0,0.0,0.0,0.0,1.0,0.046481933074072466,0.4896931386147225,-0.012290740537575645,-1.4489384838086652,-1.0529869234563711,-0.7761031977566588
1,3.80111983503865,2.2309956909550666,2.2309956909550666,4.266345891135169,1.0,0.0,1.0,1.0,1.0,1.0,-0.02279889077718631,0.5457436009282899,-0.5636205630825539,-0.1403106627678185,0.6261382461096212,-1.2897468106019347
0,-0.7735879697156388,1.4695450360241569,-1.0330136766158633,1.4695450360241569,0.0,1.0,1.0,1.0,0.0,0.0,-1.1429575331191497,-0.8481550226929321,0.8893542340147366,-0.3787933224161723,1.5103747348445937,0.9041869960721033
1,3.849060759644332,2.2099419708678556,2.2099419708678556,2.7825868226545367,0.0,0.0,0.0,1.0,1.0,1.0,0.31345655734390904,0.6285843647622664,0.38611556197684194,1.8793615890000248,0.6963138881951751,1.6055451022890088
0,-0.5583003291862175,-0.7177470331523348,-0.7264190447169503,-0.7177470331523348,0.0,0.0,1.0,0.0,1.0,0.0,-1.2058453469393122,-0.3901125802867209,-1.0024390443413562,0.04785462942485485,-1.2704172029483622,-2.3118541682091935
0,3.7133106015485966,3.6692603076354047,2.4720002801691,3.6692603076354047,1.0,1.0,0.0,1.0,0.0,1.0,1.145135313500201,0.2529306727504862,0.2367574626282318,-0.055197234168064616,-0.4588633932890054,-0.8990916881082798
0,-3.2595166031044713,-0.2138668993923718,-3.38648869868447,-0.2138668993923718,0.0,1.0,1.0,1.0,1.0,1.0,-2.1439303600295774,-1.5784155848173287,-0.8019617373353479,-1.3633936737916552,-1.3743365683542157,-0.228493249141705
1,4.38346144227915,4.232259748294106,4.232259748294106,4.150775776415959,0.0,0.0,0.0,1.0,0.0,0.0,0.7513893989768875,2.4025592279260453,-0.44553980056334397,-1.4037996892450753,0.6553793624511906,1.2005711472703693
1,4.4125772200960185,2.306233189931042,2.306233189931042,5.671138502650015,1.0,1.0,1.0,1.0,1.0,1.0,0.46854447710330294,1.4165396794393956,2.1720475511585065,0.6203520376892695,1.69743024997344,0.31837478440195777
1,4.66637887587823,0.9968321712338767,0.9968321712338767,1.7504328069304287,0.0,1.0,0.0,0.0,1.0,0.0,0.22263952472267187,0.7516541511636954,0.4551708939986067,-1.1117734121114566,0.6011640745249609,-0.17819292800678554
1,1.957654430540726,1.6180619126395004,1.6180619126395004,2.5349622072649636,0.0,0.0,1.0,1.0,1.0,0.0,1.2650760657872546,-0.16306020445823954,0.48961616715163075,1.8770366892235213,-0.10231803681068918,1.7597869732803382
0,1.831830618260729,4.695448250347717,5.117682757114125,4.695448250347717,1.0,1.0,0.0,0.0,1.0,0.0,0.24761465777486802,1.5217285515976458,0.11088862927679377,0.5416586961478375,1.2739756734909267,-0.6762868117718427
0,0.8128299435554353,-1.1904023847550738,-0.00982149540962618,-1.1904023847550738,0.0,0.0,0.0,0.0,0.0,0.0,-0.10770063016327378,0.1697073938858108,1.4217317110757277,0.05033267703808464,-1.3404504387794516,0.5364065130907719
1,4.912830281812288,4.304931589700836,4.304931589700836,5.7084761419281405,1.0,1.0,0.0,1.0,0.0,1.0,1.1116769810020084,0.7608842787877028,0.8907453002956396,1.9626211954221007,0.4743347590799032,0.3877445108747959
1,2.9713270125146085,3.096034703018736,3.096034703018736,4.518700130671487,1.0,0.0,0.0,1.0,0.0,1.0,0.5380892922721979,0.45967642885021814,1.4424691098128926,0.10649420202637752,0.027403656282484035,-0.2771903874245882
1,3.510871346267918,1.5572129205785088,1.5572129205785088,2.9399704916105946,0.0,1.0,1.0,0.0,0.0,1.0,1.231471331890245,-2.814866663452719,-1.6011545602040262,-0.0513861664962314,-0.8989398012459379,-1.2072041829513434
0,-0.06426780434395019,0.9924813213978692,1.9443498338712635,0.9924813213978692,0.0,0.0,0.0,1.0,0.0,0.0,0.9082755899507147,0.1278614796220106,0.6007460202919545,0.8790277913522115,-1.1031253283614628,0.6878984950038833
1,3.9123624739886527,1.8499966883065977,1.8499966883065977,3.1952825376805167,1.0,0.0,1.0,0.0,1.0,1.0,1.1571605486844967,-0.7874034168402653,1.0684820302484557,-0.0914896417896367,0.647005263381623,0.38853290028083726
0,2.8721461559078207,2.7588600692355723,3.8569156501228763,2.7588600692355723,1.0,0.0,0.0,1.0,1.0,1.0,-0.34251861033808084,1.1816426249485954,0.8786522602508293,0.8077589080628227,0.7538003422530153,-1.137852666668946
0,0.5754726253891571,-0.008024911656272615,0.22524318385365655,-0.008024911656272615,0.0,0.0,0.0,1.0,0.0,0.0,-0.7457371793213179,0.7675219090069694,-0.1324965784711442,-0.14258323540372242,-0.8996918307784052,1.1415590968687452
1,2.625515359254181,3.755850222839774,3.755850222839774,3.6682656335791415,0.0,1.0,0.0,1.0,1.0,0.0,1.5492204362336661,-1.0998839999314638,-1.0286956650592227,1.053524116743808,0.737686488810043,-0.5934101424718325
0,0.7169690777165451,1.8688039036620625,2.5261246185266923,1.8688039036620625,0.0,0.0,1.0,1.0,1.0,1.0,-0.016117974239103442,-0.8604166692341635,-2.128419975483469,-0.8149187781862297,-0.45547763721716705,-1.26802617116437
0,-0.15807139216427268,2.835021069626048,1.1752920553356234,2.835021069626048,1.0,1.0,1.0,1.0,0.0,1.0,-1.0392449195010849,0.5715330964513062,0.5238736215535833,0.6236290592985532,-1.069657071631915,0.46185049990647137
1,2.777347364397001,-0.8398793561594693,-0.8398793561594693,1.303701427837519,0.0,0.0,0.0,0.0,0.0,0.0,-0.3734990895490187,-0.9695213122862858,-1.3398914549240268,0.22499225669411999,-2.4564167251178723,-0.2390742710043562
0,1.1939111782591803,1.4387566207341158,-0.29040041981803194,1.4387566207341158,0.0,1.0,1.0,0.0,1.0,1.0,-0.9467408197900254,-1.551172219017074,-1.6628989331202355,-0.39303168982867026,-0.43461722545983356,0.6198352774609257
0,0.6066998652591955,3.180520771310384,0.3356164332769265,3.180520771310384,1.0,1.0,1.0,1.0,1.0,1.0,-0.5052581660223252,-2.359760255238966,0.9129967142531356,1.7172091669507603,-0.942930564548919,-0.5398491680905959
1,2.6504435992992224,0.7330734870852146,0.7330734870852146,3.408372967927412,0.0,1.0,0.0,1.0,1.0,1.0,0.842475105634295,-1.0357443390149668,0.23986372199964745,0.28394909552596004,-0.5864112699390451,-0.02795834076519718
1,-3.4169184747132326,-3.0594655175638614,-3.0594655175638614,-1.6474966143676157,0.0,0.0,0.0,1.0,0.0,0.0,-0.4733240589341195,-1.0151666422442513,1.0986920147387478,-1.1994066201317777,-0.38486692351501844,-1.2002867501537486
0,3.1607671844102576,2.7113138746776237,1.6324886580679316,2.7113138746776237,1.0,1.0,1.0,1.0,1.0,1.0,-0.029964640391104733,-1.1686696883939984,0.16254914513728758,1.2080289230225658,-1.253246728296976,0.25872322351915317
1,6.673557802166261,2.6807099639020713,2.6807099639020713,5.485905585609217,1.0,1.0,0.0,1.0,1.0,0.0,0.690390894418486,2.0600698035662606,1.66929757294403,0.6304800018847255,0.5980047806240125,-0.1464504336701531
0,-1.0803775653571743,2.872150554166671,-0.48876685434938755,2.872150554166671,1.0,0.0,0.0,1.0,0.0,0.0,0.045995849266613625,-1.913637380966883,0.0967117500547037,-0.2851351129704328,0.6556405769298923,-0.2703759372628209
0,-0.08239836607634499,1.3723666188825927,-0.6500427333640562,1.3723666188825927,1.0,1.0,1.0,0.0,1.0,0.0,-1.4305840381193113,-0.06086861668905464,1.0406650181399937,0.3152009786232001,-0.19252643877667963,-0.811106214090461
0,4.531638037149287,6.4396457824857265,3.5987954833829305,6.4396457824857265,0.0,0.0,1.0,0.0,0.0,0.0,1.7113287303083247,0.832442864561945,0.171930142874996,1.6251508974046875,-0.22752430392574607,0.7003909183384447
0,3.901640913573387,1.6082912679074726,2.9316089957593863,1.6082912679074726,1.0,1.0,0.0,0.0,1.0,0.0,-0.6088384982051871,1.2015360891415434,-2.0759578260534273,-0.395860104709549,-0.1437287681056605,-1.3374317517675252
1,2.4901753052237634,1.1186857357810283,1.1186857357810283,3.1848179609815968,1.0,0.0,0.0,0.0,1.0,0.0,0.3244917399939054,-0.10210375294601981,0.15264376516895947,0.0824495028445733,-0.010508256463177146,-0.04424750367991556
1,3.6069033993186532,1.0557070735177043,1.0557070735177043,2.463621758584046,1.0,0.0,0.0,0.0,1.0,0.0,1.4184137449284184,-0.6577019788580091,1.7494610585705492,1.8586208198554077,0.23699829507239023,1.455498258041926
1,5.213135158982444,2.4426061088705198,2.4426061088705198,6.3106456522615755,1.0,0.0,1.0,1.0,1.0,1.0,0.02839139954322458,1.8876831178757003,-0.4395786610678578,-0.3503532323369801,0.36062932186892366,0.1438550844946316
1,5.302054015353644,3.4710021388889314,3.4710021388889314,6.065811838089938,1.0,1.0,0.0,0.0,1.0,1.0,0.8832464366463223,0.9393203873027576,0.1531019528095191,0.7178601350335837,-0.1183998361745757,-0.41344516299835865
0,2.168041457914122,6.226439514153054,2.854456893573843,6.226439514153054,0.0,1.0,0.0,0.0,0.0,1.0,2.16080762678852,1.451870435344242,1.742528081094764,-0.6162622660377115,0.65078659418507,-0.396058628221473
1,2.3464629536408697,2.619772455949324,2.619772455949324,2.2761617774163114,0.0,0.0,0.0,1.0,1.0,0.0,0.5826099069709442,-0.09559181625317868,-0.9928255267791475,-0.2924214787581931,-0.07662798245505041,1.0363716681584827
0,-1.2870064281641413,-0.5404572261718459,-2.5261647187701515,-0.5404572261718459,0.0,0.0,0.0,1.0,0.0,1.0,-1.603526114216185,1.0008337203219848,0.1506020364767584,-0.5902491599618698,0.09943764025453139,1.0030161556974018
1,0.9860369860532305,0.12221158763959478,0.12221158763959478,0.7148940916308169,0.0,0.0,0.0,0.0,0.0,0.0,0.31784678150206025,0.1455880137844085,0.5548658887027431,0.24542876309163913,-2.2630773584012203,-1.1088488789230915
1,1.2066928785251796,1.0716336866598906,1.0716336866598906,1.3083261686099439,1.0,0.0,0.0,0.0,0.0,0.0,0.08406188709579988,-0.9354993010081972,-0.30723930708403546,-0.051551198183173275,-0.7581956991363261,-1.4428950386062436
0,1.779198123080055,0.39063101565144587,-0.4192105736780862,0.39063101565144587,0.0,0.0,0.0,1.0,1.0,0.0,-0.25702135211564503,0.8868988712607696,0.4409662858960955,-0.5718461702994391,1.3451726117310736,-1.2082516429151848
1,-0.10652139404369432,-2.787797959086636,-2.787797959086636,-0.41788495460552677,0.0,0.0,1.0,0.0,1.0,0.0,-0.18845279048667218,-1.3812005866284476,0.9401791220759022,0.12825336646471314,-0.4457547510258291,-0.38041585582608406
1,7.160313523780318,3.0935659778666915,3.0935659778666915,6.23427632853994,1.0,1.0,1.0,1.0,1.0,0.0,-0.1376010264077278,1.21153761693179,0.6707294901231835,0.8640436977552493,0.9560955763818769,1.5260306243849229
1,2.8154179975540305,-1.197914171463692,-1.197914171463692,2.132271190722164,0.0,0.0,1.0,0.0,1.0,1.0,-0.3366558156924048,0.032415857911062496,-1.5073972566048186,-0.6751230955382521,-1.3652088040636918,-1.4867675472844846
0,-0.425208586473216,1.7724240076426236,-0.5983471061284227,1.7724240076426236,1.0,0.0,0.0,0.0,1.0,0.0,-0.8803311224017688,-0.8253443876462665,-0.5419759111528172,-1.2210325799353048,-0.5511882505680064,-1.6182703002579828
1,-0.8531627136757014,-2.0260975008018867,-2.0260975008018867,-0.43457381377188287,0.0,0.0,0.0,0.0,0.0,0.0,0.38800533706928864,-2.1052945794516646,0.6792433190075372,-0.4049358770507624,-1.5461243000176408,-0.13146766642069674
1,1.054577078556437,-0.5006031446608156,-0.5006031446608156,-0.11290868953562173,0.0,0.0,0.0,1.0,0.0,1.0,-1.4989872598471154,0.49100216875581404,-0.15430098458425562,0.43190050268866154,1.3185328348496719,-0.08217748878622505
1,5.2254678759218205,4.364588272414364,4.364588272414364,4.696290124315485,0.0,0.0,0.0,1.0,0.0,0.0,1.1627487987582636,0.2930349510884941,-0.733740169957442,1.1280499118727711,-0.011905731563819216,-0.4174656477057499
0,-1.359786721984727,0.46340469033188875,-0.3964897931973539,0.46340469033188875,1.0,1.0,0.0,1.0,1.0,0.0,-2.143353544536459,-2.607432615165516,-1.9166860522985287,-1.182919536762453,-0.2791390713554045,-1.3073243396534542
0,0.5352717452552938,1.6212723252005972,0.7277716764299325,1.6212723252005972,0.0,1.0,0.0,0.0,0.0,0.0,0.3334360719979098,-0.5887002541359544,0.10213863805160206,1.1134766026485983,-0.932002191848394,0.1299518275842248
1,4.980287404043185,5.40604961832666,5.40604961832666,6.959980957668264,1.0,1.0,1.0,1.0,1.0,1.0,0.9340388698659599,0.062155826918516004,-1.0278573455900857,0.08229335283261813,0.1502193820826047,0.977658610241894
0,-1.900800439090775,-0.1622806930793897,-1.3363929037516218,-0.1622806930793897,0.0,0.0,0.0,0.0,1.0,0.0,-0.9694099354655127,-0.5436285147353894,-1.4668334513933097,-1.3385006094794252,-0.880395367084081,-0.9003116681424068
1,8.238955012353149,3.8429041423673405,3.8429041423673405,6.3504454298097786,1.0,0.0,1.0,1.0,1.0,1.0,0.6405166545471156,1.5570149959491901,-0.014750296668528617,1.2337388727247809,-0.246655045254476,1.0468405967927148
0,2.230708289250709,3.0848433292555764,2.1783449574117486,3.0848433292555764,1.0,1.0,1.0,1.0,0.0,1.0,-0.04741906025965316,-0.7330835402854301,-0.41113103946245944,0.48921118565409916,-0.2986203880522275,1.2593953478561124
0,-0.42260917147473936,-1.0382249650237165,0.07421286252203453,-1.0382249650237165,1.0,1.0,0.0,1.0,1.0,1.0,-1.7381896897839493,-0.11866795515796152,1.081178306479416,1.168120073960589,-0.557450141709303,0.49978541694074763
1,0.16823824980647395,-1.0756887735046048,-1.0756887735046048,2.6762536397308168,0.0,0.0,0.0,1.0,0.0,0.0,-0.11922782792952084,-0.26455564738030385,-0.5244462571167278,-0.27275966047930655,0.7319043916002826,0.6730227585359038
0,0.6301939377651796,1.9184531181011666,0.2646974925620848,1.9184531181011666,1.0,0.0,1.0,0.0,1.0,0.0,-0.4038333726970554,-1.6377662524247412,-1.296205741809808,-0.9902006550167068,-0.9901211874083687,-0.11064930800598649
0,3.0490516932221197,3.6011499963018907,1.8843520728273047,3.6011499963018907,1.0,1.0,0.0,0.0,0.0,0.0,-0.5530307770211953,0.920717735875249,-0.2171478231585079,0.48831735098482737,0.3995134116695946,-0.028565759494195764
1,-1.0483673561652973,1.7325304274162785,1.7325304274162785,-0.17491771821957053,0.0,0.0,1.0,1.0,1.0,0.0,-1.0181875995624297,-0.512503685814426,-1.3194672324062677,-2.8811980375773745,-0.41877872370647873,-1.7631996601385511
1,4.317970418690016,3.451104749901867,3.451104749901867,5.3744722785844035,1.0,1.0,1.0,1.0,0.0,1.0,0.018107692534439657,-0.4718917081792704,-2.3825872172087648,-0.4355699658993332,0.07301584266244532,-0.9344975887772957
0,1.2452907071755561,2.408277014784235,2.7061430937418147,2.408277014784235,1.0,1.0,0.0,1.0,1.0,1.0,-0.2833164627510314,0.05456400556997823,-1.1506049080468683,-1.4136442825292221,0.3576438747390505,1.077215556926969
1,2.016230404377245,0.08240399162333256,0.08240399162333256,2.4167895086276285,0.0,0.0,0.0,1.0,1.0,0.0,0.5911567694966583,0.08053989692595506,0.396144823075733,0.7406795123079132,-1.0435454713476509,0.12865180221229114
1,2.810909923667363,1.3809393701918204,1.3809393701918204,3.808032447876865,1.0,1.0,1.0,0.0,1.0,0.0,0.6069712312757102,-0.8279579634568354,0.01350008674842118,0.04245364194313572,0.06253092054260176,-0.08063955548789326
1,3.6811790075415973,2.1754796751497834,2.1754796751497834,5.202669194936848,1.0,0.0,1.0,1.0,0.0,1.0,0.9565779842484078,-0.4222806607520098,0.6056906878343467,0.25552177144192245,0.9007635869199637,0.9698656055329995
1,2.3702029833829323,1.6358321858559184,1.6358321858559184,3.3945758271870488,1.0,1.0,1.0,1.0,1.0,0.0,-0.25412063044456007,0.1604108463795848,-0.4723521570040948,-1.2820044854782802,-0.11972176932124928,0.13692797115841937
0,1.268411482055218,0.7945774586395704,-0.0016287388536996295,0.7945774586395704,1.0,0.0,1.0,0.0,1.0,0.0,-1.4894703581735915,0.6495618722367507,-1.0552917151658376,-0.3363564771893731,-1.53886946072513,-1.436119699245534
1,0.9324299970452856,-3.3106221952713044,-3.3106221952713044,-0.7615208948562666,1.0,1.0,0.0,1.0,0.0,1.0,-1.9319264105253973,-1.6279789128066775,-0.13514405499790832,-2.2262588585152474,-0.393918849306538,-0.4658241892770349
1,4.706928609878883,0.511253667312802,0.511253667312802,2.4253544574325083,0.0,0.0,0.0,0.0,1.0,0.0,0.6231952116900851,0.8518430601782621,0.2964918404851743,0.6027600714188296,0.3574281869788934,-0.24085496374670518
0,-0.9091454728844839,2.7166157557291633,0.054930818660145264,2.7166157557291633,1.0,1.0,1.0,1.0,0.0,0.0,-1.441904537941635,-1.4889061775444752,-0.6480161936266764,-1.4469969591526552,0.07183037187304686,-1.511134122654075
0,0.28916541962927744,2.2063051552508828,-0.4199852790758657,2.2063051552508828,0.0,1.0,0.0,0.0,1.0,0.0,-0.4294817203801067,0.16700524545460274,0.5622959680508146,0.30194363613795633,0.22562830893136188,-1.4830511441072343
1,3.4102421886594625,2.7997886031536785,2.7997886031536785,2.1111066075481744,1.0,0.0,1.0,1.0,0.0,0.0,0.9110631254041115,-0.6007357773169606,0.5236518278224223,0.16014691872027864,0.6501729710151216,-0.9648348222738521
1,4.441612401427028,1.225312959870466,1.225312959870466,3.0206367106950727,0.0,0.0,1.0,0.0,0.0,0.0,1.0774480873800236,-1.2973237802986932,-1.4296518022969762,0.007336338548034088,2.020222390522725,-1.3692318043768212
0,3.1334578660226393,4.227212051060686,1.9107396949244966,4.227212051060686,1.0,1.0,1.0,0.0,1.0,0.0,-0.213375413245816,0.08899540740130796,-0.5387985277491368,0.6061922935624348,-0.3709052496375844,-0.595913073562752
1,2.5190242344632883,1.0963750666432592,1.0963750666432592,3.5748545418046707,0.0,0.0,1.0,1.0,1.0,1.0,0.5808921495930102,0.3824958594957031,0.5191862012540391,0.182388418386631,-0.20038259018080026,-0.8606376261994029
1,2.502520416287526,1.6932888492408256,1.6932888492408256,4.554122927494867,1.0,1.0,0.0,1.0,1.0,0.0,0.4416502710530434,1.1695045440623866,1.537601634608123,-1.2244965478653067,0.0981243752332317,0.7854863423463052
1,3.018136796145633,3.1254071108933603,3.1254071108933603,3.590322767531795,1.0,0.0,0.0,0.0,1.0,1.0,0.8733566139493432,0.22891089120779695,-0.9822903908009994,0.1316982662778796,-0.5550952528788363,-0.6090470037961606
0,-3.81475731546472,-2.0106438261206447,-4.655152799110172,-2.0106438261206447,0.0,0.0,0.0,0.0,0.0,0.0,-1.4306063740262618,-1.216435800020207,-1.185804429233157,-2.95514056696445,-1.094208275700439,-1.0090182297632424
1,6.877216490207546,2.9798429926726033,2.9798429926726033,5.9346627057059544,1.0,1.0,1.0,1.0,0.0,1.0,1.3425657292829523,-1.722307212966106,0.6575025213310115,-0.41305248594816435,-0.3942343724196518,-0.9214151219021101
0,-2.834432485359538,-0.8311068942000477,-2.7667788160942512,-0.8311068942000477,0.0,0.0,1.0,1.0,1.0,0.0,-1.2409182623421728,-0.5804055913698151,0.4782099296489242,-0.13172136435073722,-1.6984014946002595,0.7921712551893225
0,4.2544255538535936,5.0303723076031535,3.6487791707189494,5.0303723076031535,1.0,1.0,0.0,1.0,0.0,0.0,0.8425829234679539,1.5221833987468192,1.0457918509178763,0.9017192393702698,0.9578331994879262,0.43302404617088475
1,4.8533789414790025,4.752539373340978,4.752539373340978,6.048703911986156,1.0,1.0,1.0,1.0,0.0,0.0,1.27771060718221,-0.07536847513368025,-1.2526872478425304,0.672644313513411,-0.24032487432745409,0.3350141842836062
1,-0.09017737474393361,-1.0392474486723784,-1.0392474486723784,2.149072495351647,0.0,0.0,0.0,0.0,0.0,0.0,-0.25929167915257306,0.4070460790163348,0.3575653365166137,-0.04486850690919236,1.1257022037567688,1.4283866248191361
0,2.7223103950200334,3.2693381744410046,1.0612956560689824,3.2693381744410046,1.0,0.0,0.0,0.0,0.0,1.0,0.42268641491363695,-1.0123541658788995,0.6118678377751191,-1.7409353105113436,0.5439939291806903,0.763255979590076
1,-0.926796182060946,-2.701547368572184,-2.701547368572184,-1.6113967548337873,0.0,0.0,0.0,0.0,0.0,1.0,-1.3987598003688428,-0.13807295500614214,-0.44616210797050615,-2.897245399683742,-1.5725791215963068,-0.74802244983032
1,6.494758843774234,2.7220317436389943,2.7220317436389943,6.526793186150038,1.0,1.0,0.0,0.0,1.0,1.0,0.920864702093205,0.8175960420351918,0.0292213531419806,0.8610399567706795,0.6121470836217916,0.8731705085962191
1,-0.8642825769321283,-0.9641151405990078,-0.9641151405990078,-2.3953526976059774,0.0,0.0,0.0,0.0,0.0,1.0,-1.9120411185780188,0.6294665620364017,1.1886794435103565,1.649302596832822,-0.0316839057970455,1.582519538476208
1,3.1589490467095414,1.3493370433901435,1.3493370433901435,1.9991439016831039,1.0,0.0,0.0,0.0,0.0,0.0,0.23006463309436026,0.3397592422484768,0.8255047258668864,0.5656876137851902,0.30162581390799614,-0.35664050870643255
1,2.809471607156111,1.5359781118362026,1.5359781118362026,4.646239185902503,1.0,0.0,0.0,1.0,1.0,0.0,0.5407284819851178,1.605634678062092,2.092214913031346,0.3121087438179868,0.6728443895527835,-0.7309779306926497
0,3.7318199203344067,3.9826691514373853,3.923632034390092,3.9826691514373853,1.0,1.0,1.0,0.0,1.0,1.0,-0.35378355997114525,0.8429974796777937,-1.3556084143943243,-0.5549705232476261,-1.0451853833465334,-1.0674338579780493
1,3.535756022921861,1.5277978949533824,1.5277978949533824,4.6745659599407965,1.0,1.0,1.0,1.0,1.0,1.0,0.1464345603560997,0.13181261804333294,-0.5532651200975619,-0.7327258604591879,0.7221560406455271,-0.46936411377951276
0,1.7060154647792425,4.529624775902788,1.7829381121667285,4.529624775902788,1.0,1.0,1.0,1.0,1.0,1.0,-0.6195395390459901,0.3183761468645283,-0.9476447676406388,-0.8149004269860323,-0.4609474274176486,-0.8321953168363088
0,1.5278451772733808,0.9277105509498595,-0.6618336057856427,0.9277105509498595,0.0,1.0,0.0,1.0,0.0,1.0,-0.7972099629060098,0.3173933255034458,0.08548659370290418,-0.8198127434336768,-0.19404876701608184,-0.4212185092274158
0,0.2341615275467448,2.582821535351836,1.9411838680679638,2.582821535351836,1.0,1.0,1.0,1.0,0.0,1.0,0.039756176770508654,-0.26788466263851834,0.49046226332178267,-1.8283799960559892,-0.555097368928585,0.25313721588874843
0,-1.1837221729624527,1.3636341713018627,-1.4752438856081016,1.3636341713018627,0.0,1.0,0.0,1.0,0.0,0.0,-0.9097498824180409,-1.108710145938958,-0.6664367646851264,-1.5267741216472253,-0.4923339682198685,-2.0496012932500003
0,-2.3459885263009106,0.5235146720815569,1.4915159701670135,0.5235146720815569,0.0,0.0,0.0,0.0,0.0,1.0,-0.03976406529521099,-0.9750635657167945,-0.6468041149394966,0.673544866590749,-0.15020059230492466,-0.23533875581249342
0,1.0269865060383774,1.4841933452344738,0.9751063228040184,1.4841933452344738,0.0,0.0,0.0,0.0,0.0,0.0,-0.10630378659603043,0.9021945569770784,-0.02413384924151607,-0.12116478747428538,0.0730241723054168,1.9468524766210704
1,3.4985741645386335,2.418607713487239,2.418607713487239,3.652648900648718,1.0,1.0,0.0,0.0,0.0,1.0,-0.2702406978259573,-0.6504321910285085,-1.5315426073433023,-0.20876331310744103,-0.6702817485892749,0.4587929776982096
0,-1.302380378145033,1.0100021217115696,-0.07681309103764322,1.0100021217115696,1.0,1.0,1.0,1.0,0.0,1.0,-1.6889084895794406,-1.4440008396367439,-0.49183663123949733,0.7810798038432214,-0.6336502541111816,1.3300966086784876
0,5.200483848828927,4.516882617173672,3.6135801546109403,4.516882617173672,1.0,1.0,1.0,1.0,0.0,1.0,-1.3692582111077471,1.7129020444560767,-2.205155903708288,0.5093311008648497,-0.3685883433653561,-1.6397536014117635
1,6.814778619821144,3.750457499418263,3.750457499418263,7.288744453977081,0.0,0.0,1.0,0.0,1.0,0.0,2.6893856049864784,1.0561003168600998,2.290537756204243,0.9008154443240894,-0.003597188866557577,2.5302646526352306
0,1.2147627073842173,3.361686029422528,0.5437277350479784,3.361686029422528,1.0,0.0,1.0,0.0,1.0,0.0,-1.5246517137541549,0.6915913943502638,0.4287240566746307,-0.47997880300928686,0.244969069741272,-0.3129608581218865
1,-1.3660473867518745,-1.9109043290484535,-1.9109043290484535,-0.6008113134323058,0.0,0.0,0.0,1.0,0.0,1.0,-1.1203377643772854,-0.6483817746490042,-0.052413340451631804,-1.274896290886806,-0.14681912846995795,-0.4634615440783862
0,-0.14425813346554023,-1.8690641452197436,-1.0940862072176367,-1.8690641452197436,1.0,0.0,0.0,0.0,0.0,1.0,-0.9106274106357055,0.035074526091555536,1.348508401817122,0.9838162346856703,-0.36733688803812303,0.09746738437648306
1,1.4341129790192624,1.2455976507475597,1.2455976507475597,0.6681031403413459,0.0,1.0,0.0,0.0,0.0,1.0,-0.16088506405811523,-0.6515033377432821,0.9721815885707542,0.5406680040972816,-0.3352762756599853,0.36505480726069184
0,-0.6271140073145968,-0.08371383078075922,1.7313730240318257,-0.08371383078075922,0.0,1.0,0.0,0.0,0.0,1.0,0.8055942244136424,-1.2028541442989078,-0.46986566582741796,-0.47280570176305664,1.5645271356327184,-1.3287694400942378
1,-0.8616293712681494,-3.448958027145794,-3.448958027145794,-1.7229009803572177,0.0,0.0,0.0,0.0,0.0,0.0,-1.4015144466888119,-1.083577354065692,-1.728725023911358,-1.5612803752346747,-1.9224296125705713,-1.096186649616215
0,6.114037562194433,3.4194162121045544,1.8531078501814642,3.4194162121045544,0.0,1.0,1.0,1.0,0.0,1.0,0.3545325953445448,0.8858279128316731,-1.8279701525038896,-0.3695903638088364,-0.1625949691316087,-0.4251742925887302
0,1.2350765433802737,4.663956427805783,-0.12514647014846603,4.663956427805783,1.0,0.0,1.0,0.0,1.0,1.0,-1.1640556334265144,-0.3687479960177764,-1.8956853374189082,-0.5041023633205816,0.22710322607848488,-1.0241534057875041
0,2.8598856156856,4.876504592771209,4.378601266924445,4.876504592771209,1.0,1.0,0.0,1.0,1.0,1.0,-0.24656452482830646,1.1121017325122047,-1.7732673045119314,-1.407493630998455,0.2386873017350596,-0.7363481039471564
1,5.285030557303584,5.036374014740738,5.036374014740738,4.629295359947641,1.0,1.0,1.0,1.0,1.0,1.0,0.3696063521451514,1.013015994800364,0.3492653426544896,0.6073623803240153,0.6318085321761696,0.3304868022594472
1,1.5715016643979878,2.8224093609789938,2.8224093609789938,1.584403432721678,1.0,0.0,0.0,0.0,1.0,1.0,-0.10783205081624564,-0.17496622219666008,-0.6019671814278802,-0.1570374072350741,-1.3529311761081373,-0.9411953697572105
1,6.560032959146831,5.646558962017556,5.646558962017556,7.7418896937373525,1.0,1.0,1.0,0.0,1.0,0.0,1.7012290785697137,2.0279733021888395,1.4404981548592855,0.4364602036939642,0.06434368612807084,2.1885781731979432
1,-0.09699054635687165,2.33733826935086,2.33733826935086,1.9147906193011779,0.0,0.0,1.0,0.0,0.0,1.0,-0.24688393705475892,0.5035034073104346,0.07393879831651394,0.04233561391064741,0.029026314904800912,-0.25900973226588997
0,-2.4512904482940563,-2.402695716442646,-1.8633393451706266,-2.402695716442646,0.0,0.0,0.0,0.0,0.0,1.0,-1.2861103676991799,-0.23892567493636407,-0.300632648068149,-1.8398584167923455,-0.9210137849091589,0.17558889280028195
0,-0.38660334452420175,1.7833629352502371,0.05879392172822702,1.7833629352502371,0.0,1.0,1.0,1.0,1.0,1.0,-1.1578827163106253,0.3607285872112491,1.172174082277105,-0.5475657360752414,0.40250088590616684,-0.2057234518919367
1,1.4165846491275778,2.5660444708588415,2.5660444708588415,1.3747522173294737,1.0,1.0,1.0,0.0,0.0,1.0,-2.3200009676120175,-0.04614309450808185,-1.8211805734989552,-2.0108908781780457,-0.9173128931958308,-0.4819797861605252
0,2.098199706654642,2.1981005439800176,1.55560980640844,2.1981005439800176,0.0,1.0,1.0,0.0,1.0,1.0,-0.6154087047811302,0.47028193266311114,-1.8870060098550385,-0.4782742075110765,-2.3129611682449536,-1.5369383021097336
1,4.445952664315102,2.0889564045187314,2.0889564045187314,3.7565791806016895,0.0,0.0,0.0,0.0,0.0,1.0,1.2605654387292708,1.7507409103985596,0.7028009814136005,-0.40492872414240216,1.0788302507472523,-0.36808906873923786
1,5.864258206450166,2.9384912253967927,2.9384912253967927,4.72478020552443,0.0,0.0,0.0,1.0,1.0,0.0,1.3970462086172901,1.2749659409714402,-0.10259265085318424,0.7389276869435764,-0.1663909951519837,-0.35373793635380596
1,1.263329426014141,-0.013633008142831082,-0.013633008142831082,2.33359859859343,0.0,1.0,1.0,1.0,1.0,1.0,0.19345375021050198,-1.322127797503939,0.7988488103158073,-1.6582007439112512,-0.8020720546898197,0.7682376564956698
1,3.0191902948021054,0.9031375197203855,0.9031375197203855,0.9212660387168774,1.0,1.0,0.0,1.0,0.0,0.0,-0.5317533521660661,-0.9757598901328371,-1.4128375830716662,-0.18641494453185856,-0.06620952578218475,-0.6298306836710543
1,2.4053157237977167,2.3505510403029923,2.3505510403029923,4.90855662522853,1.0,0.0,1.0,0.0,1.0,0.0,0.9666515386320368,-0.18356826957638167,0.8608071806750291,-0.30162061998905104,0.36880381170313326,1.369918010173725
0,3.412137788532263,2.9438763037965825,1.2448577127125993,2.9438763037965825,1.0,0.0,1.0,1.0,1.0,0.0,0.17315843627785507,1.1795961813092886,1.8762568112673872,0.589173894419908,-0.18780149331317664,-0.9387485967364044
1,1.5569625589543308,0.8088523947840538,0.8088523947840538,-1.1314609336161026,0.0,0.0,0.0,0.0,0.0,0.0,-0.8629567750380408,-0.2580118765593079,-0.356532331947528,1.7923846814341489,-0.06002017242109048,1.7270755176253034
1,5.53118395730473,2.1281657090160495,2.1281657090160495,7.000715331358071,0.0,0.0,1.0,1.0,0.0,0.0,0.7413236441265729,1.352838427809138,0.4591479907862102,0.6437361588674969,0.48317302793088174,0.08502710067973568
0,2.582004538274894,2.855989557300202,3.232266634666172,2.855989557300202,1.0,0.0,0.0,1.0,0.0,1.0,0.09401066379810472,0.6711338751047048,-2.0753021941771066,-0.23793943761600514,-0.5950283696927892,-2.29757243256795
1,0.8159716647296551,2.0130272187927853,2.0130272187927853,0.5550478088572732,1.0,0.0,0.0,0.0,1.0,0.0,-1.27210520259042,0.048661884337520916,0.038275806892964864,0.48822380838440466,-1.0490207346731886,1.9650485951205519
1,8.47677253829514,6.7812717636265685,6.7812717636265685,7.4351466348749335,1.0,1.0,1.0,0.0,1.0,1.0,0.7824239017589997,2.3191995269782444,0.7032938673554987,1.8967006549309955,2.401144965906242,0.39913998382687677
0,2.587967293165787,3.5713845601704404,0.8760733385159557,3.5713845601704404,1.0,1.0,1.0,1.0,1.0,1.0,-1.3271495295587572,0.3510605723464536,-1.342063949423982,-1.1819975821037303,0.19508066148160175,-1.0651821272143855
1,2.9796496669995842,2.599963055683672,2.599963055683672,1.5084385286530035,1.0,0.0,1.0,0.0,1.0,1.0,0.5412333196571035,-0.16949935682204476,-0.08661444081654013,-1.1087589788518124,-1.08267903678888,-0.9911586757444868
1,2.5050943229088394,5.357926052321277,5.357926052321277,3.944076904663323,0.0,1.0,1.0,0.0,1.0,1.0,0.7568206783944922,0.6708167615892311,-0.27468502497213,-2.032354931058552,0.969630846633096,-1.2542904032160058
1,2.136511826581749,-2.354317955418373,-2.354317955418373,1.97387651333187,0.0,0.0,0.0,0.0,0.0,0.0,0.7418963205317649,-2.089351280821324,-0.10815806892093738,0.8317478083548451,-0.7766919690972269,0.3154234787050997
0,-0.09465605724359424,1.5111155870290776,-0.055497954860287996,1.5111155870290776,1.0,0.0,0.0,1.0,1.0,0.0,-1.2691167864935469,0.17926271032142718,0.6070042252278426,1.2947430677742808,0.9501504835669106,-0.965195181665957
1,3.090891756264902,3.2384664444588056,3.2384664444588056,5.432468935914262,0.0,1.0,0.0,1.0,1.0,0.0,0.6530617945367173,-0.38577314547038544,-0.9592984179128021,1.8912759390800868,-0.16203723005389728,0.3235063920983233
1,1.8905247896109207,1.4657381170229618,1.4657381170229618,2.139100991912258,0.0,0.0,0.0,0.0,1.0,0.0,0.6052764343886768,1.4924610755281,1.635960925193816,1.0013428298470597,1.9514238888868212,-0.3508618911776713
1,3.519488038037963,1.8863874886097745,1.8863874886097745,4.049887834539953,0.0,0.0,1.0,1.0,0.0,0.0,1.334277103306966,0.010021549712791067,0.3207414308686253,-0.14987869094227466,0.8268935941413763,1.0809703022787902
1,4.828448140550241,1.0863398845762622,1.0863398845762622,4.68438523750853,1.0,1.0,1.0,1.0,1.0,1.0,0.9247148359790348,-0.0766557430855841,1.7311917455800256,0.3625463929447865,0.725530919671755,0.5619912105754628
1,0.6795431945989965,-2.702681382442021,-2.702681382442021,-0.23031534172332868,0.0,0.0,0.0,0.0,0.0,1.0,-0.7651303521448766,0.5099045133207954,0.83605533881091,0.05239847617418007,-0.5656491295357334,0.7600018796816796
1,5.790073080478466,1.4363315421199494,1.4363315421199494,2.293993337656106,0.0,0.0,1.0,1.0,1.0,0.0,1.9831298865433535,-0.4693390599500869,0.26784631746470006,-0.026811508226797315,-1.4169503622768684,0.06196881666962867
1,2.17236181296125,0.8724136927650895,0.8724136927650895,4.945391449285586,0.0,0.0,1.0,0.0,0.0,1.0,1.752173759778488,-0.4645956216790552,0.6000494690701141,-0.38842827176999756,0.04380224434629948,1.2552318678148287
1,2.125542261658835,2.20047652757946,2.20047652757946,2.0971909968816806,0.0,0.0,0.0,0.0,0.0,1.0,-0.35019318212202466,1.3746473512453794,-0.8181627691831997,1.057317459481514,0.59653724468878,0.5799386498816295
1,0.9023518215152866,1.6434893943073934,1.6434893943073934,1.8659192643964702,0.0,1.0,1.0,1.0,1.0,1.0,0.3839333706342154,-1.319829326562998,-0.3358292685957851,-1.8409821542627984,0.39645739484162495,0.1417428253982949
0,6.114570661017881,8.047359800988712,5.402951947044666,8.047359800988712,1.0,1.0,1.0,1.0,1.0,1.0,1.7859675026226614,1.9632564397418677,1.7279418221227716,-0.2143941343030361,0.029471296751519716,0.30905872556831426
0,3.8734839841583586,5.723216284592853,1.4876985798011726,5.723216284592853,1.0,1.0,1.0,1.0,1.0,0.0,-1.046062783050446,1.1834721392669312,-0.6621778753001022,-0.4349796227523378,1.2791412145255712,-0.40882654522274997
0,3.2730506030770874,2.4042479498141085,1.7664393208264255,2.4042479498141085,0.0,1.0,0.0,1.0,1.0,1.0,0.06861893786436918,0.9842092751215574,0.7089629054544372,1.268925927282172,0.636425887830808,0.14141288140969832
1,0.7522387084160691,-1.0076029129502115,-1.0076029129502115,-0.15883501318998972,0.0,0.0,0.0,0.0,0.0,1.0,-1.0409745809438846,0.47897837549115213,0.7845005974326618,0.026315285897774113,0.08562077069143914,-0.3535612713378836
1,5.6839257823431435,4.675370228547835,4.675370228547835,4.379100240252877,1.0,1.0,0.0,0.0,1.0,0.0,0.7558208160641778,0.24312143720443424,-0.37677210283156204,-0.07053096368504924,1.6987252597167064,0.7981983699971121
1,2.741985003974627,1.2937943240459708,1.2937943240459708,1.204312361936941,1.0,0.0,0.0,0.0,1.0,1.0,0.2692786533778013,-0.0011617326723601202,0.9318153617355422,-0.6887520095174107,0.6862537412543197,-0.9183195561309065
0,-1.086819722393623,-1.168430412411578,0.808117684134007,-1.168430412411578,0.0,0.0,0.0,1.0,0.0,1.0,-1.1532852675905156,0.3426118776992283,1.693705798209834,-0.31897259176563,-1.0253443359922578,0.9672470788201266
0,2.622277429359909,1.7948836980800282,0.9896258690686721,1.7948836980800282,0.0,1.0,1.0,0.0,1.0,1.0,-0.07143552662290786,1.042552012809321,1.0222528789833445,-0.9531905876690903,0.509078066840688,1.3156525539504969
0,-0.6334732859535279,0.30477946466696243,0.4412707305526499,0.30477946466696243,0.0,0.0,0.0,0.0,0.0,0.0,0.02775778703158584,0.29010512796815,1.6026873148825234,1.2573937532384363,-0.2485331987805407,0.6442300458375435
1,1.301021155132593,-0.15376512931267494,-0.15376512931267494,2.333475202283664,1.0,1.0,0.0,1.0,1.0,1.0,-1.3096433598098873,-0.8457468535735813,0.5753110471385987,-1.2986901073182715,0.5318448008283867,0.7892204012314772
1,1.38698975444923,-0.03736894867457368,-0.03736894867457368,0.7513112998480715,0.0,1.0,1.0,1.0,1.0,1.0,-0.15874167258117544,-2.3606167449815225,-0.8693207974932691,-0.2537616775405472,-0.5076896050881752,1.5616625935534307
1,1.9884857838101389,0.9077061305322974,0.9077061305322974,2.3847348193497093,1.0,0.0,1.0,1.0,1.0,0.0,-0.19620171258931357,-0.9378600891991147,0.46013426335565927,-0.744502980128997,-0.1904619019323676,-1.2043768113479394
0,-1.6902349004543922,0.7414268394094874,-1.8431643969556946,0.7414268394094874,0.0,0.0,1.0,0.0,0.0,0.0,-0.20662740043228198,0.29707010500198217,1.6144441466022368,-0.2593126637611268,0.38168892523615827,0.6474011376649933
0,-0.18153391571737193,2.376963244982834,-0.8632370688116318,2.376963244982834,0.0,0.0,0.0,0.0,1.0,0.0,0.10256097841374323,0.28512533793947287,0.3814739975073176,0.8529848512435071,-0.658015536800346,0.5284011779764077
0,1.9859295968219328,6.54844854557035,3.041743437928334,6.54844854557035,0.0,1.0,0.0,0.0,0.0,0.0,1.827540851961819,1.132660971014532,-1.066547970713434,-0.392913129169676,0.06446739846316069,-0.5658621640030506
1,-0.9724445434358483,-0.9795411267814723,-0.9795411267814723,-1.3798474887022532,0.0,1.0,1.0,1.0,1.0,1.0,-2.2706947132302,-1.3834832497393577,-0.6523730986212596,0.3971274106014162,-0.5053503826267083,-1.8813518015996626
1,4.224170475975143,0.9157472095056061,0.9157472095056061,3.774883577184659,0.0,1.0,1.0,0.0,0.0,0.0,0.04425954882716089,1.3402982590358803,0.07981015368322716,-0.16133885274232407,0.13471199574696718,-0.3263618765484825
1,-1.1253225857224085,-1.1949169871470042,-1.1949169871470042,-0.6985949799494411,0.0,1.0,0.0,0.0,1.0,0.0,-2.14302866646047,-0.7067273032117963,-1.5709994399435652,-1.5336744891091492,-1.1076666816057845,0.06939485421591085
0,3.8421440798628237,4.506364531102779,0.9253156273888627,4.506364531102779,1.0,1.0,0.0,0.0,0.0,1.0,1.2412793790045056,-0.37465898884745485,0.4029543499536677,-0.5127694672749185,0.09737775111338562,-1.1146628360269752
0,2.82092163470538,5.687639325033181,2.108526507633445,5.687639325033181,0.0,0.0,0.0,1.0,0.0,0.0,1.6566084359214621,1.4969772830097878,0.17658010277603542,-0.3645312154414057,1.2526760116236484,1.6441703906734069
0,1.6418858081178103,3.9349943839548827,1.1219288407298476,3.9349943839548827,0.0,0.0,0.0,1.0,1.0,1.0,-0.053994334143695144,-1.8882176214300594,-1.8153051401804716,-0.52205340766887,0.030688610937988137,1.9211553644809216
1,5.659684840068213,1.9925526186816005,1.9925526186816005,5.163608073919272,1.0,1.0,1.0,0.0,1.0,0.0,0.24798904336682795,0.08916455095460335,1.357105016036816,-0.6085286687268627,0.5448878872558056,0.9428994865380351
1,6.778287022015419,3.5330687232388684,3.5330687232388684,5.017052698609371,1.0,1.0,0.0,1.0,1.0,1.0,0.819668085817097,0.973687182683008,0.2556205585792769,0.6191068639906817,2.4319749235027035,0.7128113151005311
1,2.1296192571255714,0.5005882348754488,0.5005882348754488,1.5292746427673523,1.0,1.0,0.0,1.0,1.0,0.0,0.20672146810960132,-0.9676907726610163,1.314274477563246,0.6018593612148101,-0.7919301179057531,-0.027890832110604523
1,6.192667861051351,2.327703101620349,2.327703101620349,2.9299109151463893,1.0,1.0,0.0,1.0,1.0,1.0,0.22892721577002584,0.429696983744028,0.5936238318486052,0.45802332001405704,0.17597307398493428,0.6773741425869174
1,1.5995422347962458,-0.5191439857978613,-0.5191439857978613,0.05605531683075604,0.0,0.0,1.0,1.0,0.0,1.0,-0.6003002423057143,1.459976633304382,2.406271537853161,0.1898415883296298,0.11320907024694349,2.163239249768027
0,-0.3930076410272993,1.5241798720597894,0.605022474005601,1.5241798720597894,0.0,0.0,1.0,0.0,1.0,0.0,-0.1986022563038361,-1.029769768122132,-1.4028089185601624,-1.586220968051974,-1.423923487849672,0.1280310415275212
1,6.755145187995224,2.4986121740734206,2.4986121740734206,5.707053404424197,1.0,0.0,1.0,0.0,1.0,1.0,1.1963847106477237,1.2978475301735406,1.3677654773818175,1.2292641625915206,0.6789789096644824,1.8222659325403332
0,0.3122159728777586,0.9976826220717936,0.46924052734777427,0.9976826220717936,0.0,1.0,1.0,0.0,0.0,1.0,-0.40990241357109863,-1.4892561416087517,-0.5276431751179835,-0.27398093272896146,0.497348063003503,0.49215605903550397
0,-1.1526459840758387,1.473439851179802,-0.09838482762916823,1.473439851179802,0.0,0.0,0.0,0.0,1.0,1.0,-0.17734923950861994,-0.984421168893961,1.2262219590693648,0.9430421744879922,0.7382248875794915,0.05322718382315367
1,2.9213675327081288,2.632178183709862,2.632178183709862,1.3729890328882055,1.0,0.0,1.0,0.0,0.0,1.0,0.6240769539628601,0.21792735077794775,1.5771866229954667,0.7656734135211452,-1.2592909253286055,0.7843777010747106
1,3.8939793456300125,1.3806275525769314,1.3806275525769314,2.7305645497306625,1.0,0.0,1.0,1.0,1.0,0.0,0.7256561254913487,-0.9124201751431844,1.673446495486138,1.5896697048987851,0.11603551725035594,0.581249447165188
0,0.3855250980808007,2.55491305925996,2.5460570510557075,2.55491305925996,0.0,0.0,0.0,0.0,0.0,1.0,1.9054474357113913,0.3280318443235282,0.7095730978835715,0.29584978700438175,-0.028402724179509842,0.08794783474404305
1,3.761293293399238,2.8139009611626724,2.8139009611626724,6.024542138213597,1.0,1.0,1.0,0.0,0.0,1.0,0.12347339154748466,0.10798488645540359,-0.032924603296069554,-0.8103846031144096,-0.428848551492605,0.9245286996105484
0,-2.5682301263234604,-1.9454322645177309,-2.212900540687872,-1.9454322645177309,0.0,0.0,1.0,0.0,0.0,0.0,-1.518656640873395,-0.20605068254601672,1.5842178219069016,0.250873596941124,-0.8381189418658563,-0.15293949240159133
0,0.6308280044294341,1.9211624104696068,-0.5561450427413027,1.9211624104696068,0.0,0.0,0.0,1.0,0.0,0.0,0.10791309428517427,0.19545819927399727,0.7942804498538358,0.5773447318678002,0.16180273926076144,1.0100511261683551
0,1.747691620484699,4.069399571656898,3.7286858727639225,4.069399571656898,0.0,0.0,0.0,1.0,0.0,0.0,0.8778266111072413,1.5863113277838434,-0.5757328391967981,1.462443749424429,-0.012308692508517849,0.23199958424997288
1,-1.620658893710603,0.27114598137766643,0.27114598137766643,0.7907476827344376,1.0,0.0,0.0,0.0,0.0,0.0,-0.2951325628591074,-1.517509287504108,-0.5464178362198621,-1.216943614763597,-1.9008396238201457,-1.142137937632797
1,2.529389502995301,0.8273183902534292,0.8273183902534292,-0.23362957325505307,0.0,0.0,1.0,1.0,1.0,0.0,0.3517082645416495,-0.5589153615008511,-0.23765495555746913,-0.33602497928270386,0.6518908896204445,0.24194062083412532
1,4.439209176766633,1.3742990966820867,1.3742990966820867,3.2045662412235623,1.0,1.0,0.0,1.0,1.0,1.0,-0.26998523661298207,0.39348531359514827,0.4172070788796072,-0.17046896020673047,0.3294975638847361,0.7369040400186102
0,0.26678965060714277,3.897022412564958,1.024027790837807,3.897022412564958,0.0,1.0,0.0,0.0,0.0,0.0,0.40742167295565723,1.5589731384629224,1.4129137777705072,-0.466466197539334,0.4014567234264735,0.012772699382026187
0,-2.09032401010024,3.1585284086104597,0.355822353983402,3.1585284086104597,0.0,0.0,0.0,1.0,0.0,0.0,0.8005483261709696,-0.24827898416961203,0.16407725843862186,-0.15607308180286664,0.47854087026579056,-0.3729764858296012
1,2.548912221265015,0.8649614104089928,0.8649614104089928,0.3390238506273593,1.0,0.0,0.0,0.0,0.0,0.0,-0.28706747464018983,-0.5323137459753897,1.0315817842516273,-0.220495323530336,0.03688964716733134,1.7886100503263291
0,1.2507339124299217,2.029090651395109,0.5125037851949056,2.029090651395109,1.0,0.0,1.0,1.0,1.0,1.0,-0.49655993118015357,-0.5233919548752534,-0.2682803033278426,-1.861742994576053,0.3159081557915185,-0.3845236572733689
1,-0.21804117355874553,-0.43201450921623086,-0.43201450921623086,3.3268067229758076,0.0,1.0,0.0,0.0,0.0,1.0,0.26608397579158277,-0.2902999018642385,0.5957412316413803,0.0017277343028828385,-0.14004155100507798,1.3463292503474853
0,1.1327319243715572,3.7233661081088476,2.111044688221972,3.7233661081088476,0.0,0.0,0.0,0.0,0.0,0.0,-0.2549436389822805,2.0646035829330307,2.1709530407840045,2.7941174271239095,1.596908845775884,-0.4625387873947113
1,5.381291254668122,2.144420151540992,2.144420151540992,3.7339643878262545,0.0,1.0,1.0,1.0,1.0,0.0,1.717173740365445,-1.0962018471312285,0.24566210873357863,1.229936801297074,-0.05353003355978864,-0.7912447946112937
0,2.50672086816899,5.5082085429126675,2.8397422026951054,5.5082085429126675,0.0,0.0,0.0,0.0,0.0,0.0,1.1761757653120795,2.4045739843738283,0.4260295764342894,0.06454046929322022,2.666671453723558,2.4664637507649085
1,1.7144948787053522,1.610190233853753,1.610190233853753,1.9000119035669445,0.0,0.0,0.0,1.0,0.0,0.0,0.10449964160166282,0.009577601527035684,-1.567567712337512,-0.9517961441883556,-0.8477040938421749,-0.015672777830242124
0,2.436821419309144,2.427699910480635,2.3409853125678426,2.427699910480635,1.0,1.0,0.0,1.0,1.0,1.0,-0.30988392841215934,1.1837796671921965,0.29252269150711796,-0.715476448044037,0.9422620217279604,2.0027743047830526
1,5.583192079915951,3.66970176920929,3.66970176920929,7.188741963029585,0.0,0.0,0.0,0.0,1.0,1.0,1.5087530249422698,2.5028585354299597,0.11657958012077496,-0.3273830317073302,1.8914677250242857,0.5192013839733415
1,4.235997901699412,2.072514751304559,2.072514751304559,1.0641050047156662,0.0,0.0,1.0,1.0,1.0,0.0,0.5367797252077404,0.18252132173240865,0.7387681269137549,1.4845175744099817,0.43473570918415283,0.8561386084369569
0,2.1721898229648957,1.5690287310538407,2.051603873301432,1.5690287310538407,0.0,1.0,1.0,0.0,0.0,0.0,-0.8438577796641017,-0.07003595085964673,-1.139927278928694,0.5668309571102694,-0.06308732133235839,0.5894348371763969
0,-3.400566827678749,-0.49446328881417334,-2.39668605539223,-0.49446328881417334,0.0,0.0,1.0,0.0,1.0,0.0,-0.7979040858095042,-1.811396428554578,-0.3819969335974181,-2.532840435170277,-0.6599016867936845,-2.3386908422394463
1,1.9494277098100343,0.4606840067699262,0.4606840067699262,1.0393566437326736,0.0,1.0,0.0,0.0,0.0,1.0,-0.7533351574119496,0.057155365589001805,-1.5122003830332729,-0.0889276023514217,-0.41968616280029947,-2.6810210095830245
0,2.600748692283368,3.6216385260492063,1.4126995286762924,3.6216385260492063,0.0,1.0,1.0,0.0,0.0,1.0,0.4199706018587358,-0.9601578804375783,-1.881587775249228,-0.2814175171380182,-1.1405231786139918,-1.819341152059222
1,2.9109732125650973,0.7462719596319849,0.7462719596319849,3.146447598434011,0.0,1.0,0.0,0.0,1.0,1.0,-0.20726843955671234,0.1215185506331686,0.2041835416305363,0.7866816159002173,-1.0515226199757453,-1.210092835272532
1,6.016260830445255,3.0396394703974474,3.0396394703974474,4.143482700822667,1.0,1.0,0.0,0.0,1.0,1.0,1.2004291412782757,0.42329939928544025,0.8986038382166077,-0.2873641680400936,-1.0770173047174276,0.42363832022512715
1,2.231439825350681,0.16508296318674087,0.16508296318674087,2.2853068505189587,1.0,1.0,1.0,1.0,1.0,1.0,0.12374965335484132,-1.1863953947177772,0.03159051493349796,-1.033366691288706,-2.0579853685240526,-1.2292904232846538
1,1.438863952681338,1.6303675630639582,1.6303675630639582,4.894509350179357,0.0,0.0,0.0,0.0,0.0,0.0,-0.8696184408837527,1.7824431515382415,-1.3549112929666438,0.7388495018827023,0.6091267980526103,-1.677722707009273
0,3.6944396820955303,5.347545254631691,2.5878578666263214,5.347545254631691,1.0,0.0,1.0,1.0,1.0,1.0,0.5258519668224425,-0.23344305531003534,-1.1684025143082253,-0.5830098109085802,-0.5930415021206732,-0.10410095046484313
0,2.1388693389804,1.112528868913092,0.835412803244279,1.112528868913092,0.0,1.0,1.0,1.0,0.0,0.0,-0.45008008976276975,0.7342700662667949,1.0536332563210458,1.3089279012736044,1.8279798604099926,0.4513921761948303
1,3.587040571055665,2.7074486959450015,2.7074486959450015,0.7545462728348646,0.0,1.0,1.0,0.0,0.0,0.0,0.1862912628515916,-0.3148019057113299,0.8595645204553795,0.9256485560946807,0.8586608647249955,-0.8086903383728884
1,5.487520294567801,3.6631353086593847,3.6631353086593847,5.248062341690744,0.0,1.0,1.0,0.0,0.0,1.0,1.8883564529969996,-0.45612231023669814,1.04841067467465,1.4175292204307566,1.5499405899028589,-0.1812273517680798
1,5.100429783048877,4.452540229191885,4.452540229191885,4.054289853204986,1.0,1.0,1.0,1.0,1.0,1.0,0.015515165197289871,-0.587262795329433,-0.2634662196791095,1.426150701184947,1.0849715227374446,-0.28464647301473095
0,-0.13333916697579784,2.95883816156525,-0.11723413164737573,2.95883816156525,1.0,1.0,1.0,0.0,0.0,1.0,-0.682869716913624,-0.8323808072794453,-0.05997727791838692,-0.476427409845274,-1.58828016131354,-0.50953205588562
1,-0.01191773280866465,-0.08811089414439333,-0.08811089414439333,-1.7896537822702765,0.0,1.0,1.0,1.0,1.0,1.0,-1.228859244415477,-1.3555512329387756,0.10841843277235308,-1.4784429399229577,-1.5521805491706167,-0.7137205299480417
0,1.0868500108463868,2.944260031358114,1.7720013126138214,2.944260031358114,1.0,1.0,1.0,0.0,0.0,1.0,-0.20462995095128877,0.6332183504142536,0.16091016459230834,-1.106531171532596,0.04861199961714413,-0.6058525298529521
1,4.034188164797513,4.2859440535699065,4.2859440535699065,4.079109609358241,1.0,1.0,1.0,1.0,0.0,1.0,0.591720526891683,-1.3787074667961514,0.0068944122276882736,-0.15339548553743654,-1.6974263922410668,0.05141299691126999
1,3.2040045731428224,3.470515057155516,3.470515057155516,3.5894723757847524,1.0,1.0,1.0,1.0,1.0,1.0,0.8690064623950473,-0.2095705392719537,-0.8657132360966808,-1.0067809043526703,1.4568433181360934,0.06651080736091564
1,3.6940677855938797,2.358300676109297,2.358300676109297,3.3986623657154023,1.0,1.0,0.0,0.0,1.0,0.0,0.21742517685797605,0.03627028681603653,-0.8033457572870197,-0.9580282097571279,0.13537764400896232,1.1739654389113616
0,2.534557609217602,2.517515264940997,3.733482890330369,2.517515264940997,1.0,1.0,1.0,1.0,0.0,1.0,-0.39743965077223625,-1.122097641275814,-0.6443831655161145,0.1669257728814647,-0.7580389531547818,0.08651936971494978
1,2.5983499543121096,1.673824580839493,1.673824580839493,2.3585236687313906,0.0,1.0,0.0,0.0,0.0,1.0,0.36854536548195194,-0.3031610900119812,-0.02191595138665886,-0.47619431002254253,1.0392464750750519,0.07376236326141285
0,0.5089028984471966,0.5763562419291772,0.06690085759940739,0.5763562419291772,0.0,0.0,0.0,1.0,0.0,0.0,-0.6766038845633239,0.43326998778207354,1.2000428137194183,1.2090225675516293,-0.735630251319213,2.3575382326801972
1,2.6037003894344872,-0.1130747085824817,-0.1130747085824817,3.635148812251019,0.0,1.0,0.0,0.0,0.0,0.0,1.295547292477096,-0.7557312923682855,0.2589550656230498,0.19054437064236968,0.5295983845186547,1.1834943773067255
1,2.204870563847913,0.4747164228330756,0.4747164228330756,0.44842611103428043,0.0,0.0,1.0,1.0,0.0,0.0,0.614407535537476,-0.7689353528976199,0.9812112714534764,0.5935833316487412,-1.3685979591994488,0.21060210047091793
0,-3.8311302960379474,-2.1934717355098377,-2.898315887412349,-2.1934717355098377,0.0,0.0,0.0,0.0,1.0,0.0,-1.1977027764896915,-1.379690026521092,0.12763030916156778,-1.575142996264368,-0.3661968102591517,0.3209590165115278
1,1.2496610803266046,-0.06325772424294296,-0.06325772424294296,1.6187721739456178,1.0,0.0,0.0,0.0,1.0,0.0,0.17782668895561768,-0.31565352743531117,0.8668866385791238,0.11913702535854909,-1.1783026667408858,-0.9002656069876135
1,0.6414297543982096,-0.3170864819549353,-0.3170864819549353,2.598525900190781,0.0,0.0,0.0,1.0,0.0,1.0,0.15430816890428123,0.8750551478878401,-0.3345644267635304,-2.356908975006529,0.7618976313211727,-0.40014754827465776
0,4.174885834423484,2.1643335884174735,0.09662954333773854,2.1643335884174735,1.0,0.0,0.0,1.0,0.0,1.0,-1.5324867328316625,0.6765502978609738,-1.1357278126002852,0.8230283559575629,0.9002330503959493,-1.1608296559974738
0,-0.6413588824991474,1.2012331947591033,1.0215187553534775,1.2012331947591033,0.0,1.0,1.0,1.0,0.0,0.0,-1.1051231271366813,-0.05318442041123514,-0.4585364497033918,-0.6427985615175974,0.2127809489555818,-0.1967192134475046
0,-1.5170847620000387,-0.4439066666871831,-0.9953015329387305,-0.4439066666871831,0.0,0.0,0.0,0.0,0.0,0.0,-0.7756200233455159,0.016163701062903532,1.015855864979538,-0.22892759672553625,0.7494563254652162,-1.03075590760008
1,1.5621006886897717,-0.3539577965773811,-0.3539577965773811,0.9318293524079876,1.0,1.0,1.0,1.0,1.0,1.0,-2.321036474914662,-0.5862695808895227,-2.417759704832571,-0.9229880087009898,-1.4021138822621102,-1.2412856771552179
1,2.162221330189561,0.030708771102831545,0.030708771102831545,2.1017925117295664,0.0,1.0,1.0,1.0,1.0,0.0,0.35864532226926155,0.4446151392695932,2.0135840330558574,0.6955519145186464,0.5889846017650677,1.1343579209114456
1,-1.5720276815225989,-2.941091507850645,-2.941091507850645,-3.3839893456559156,1.0,0.0,0.0,0.0,1.0,1.0,-3.129880279771617,-0.37375739786858464,-1.6333795346304112,-2.0760314782784532,-1.147763453284155,-3.315653043329281
1,2.437594777325766,0.12047230929363484,0.12047230929363484,2.717417861175094,0.0,0.0,0.0,1.0,0.0,1.0,0.4073427838987396,0.6703022129972394,1.0881245881636723,1.4430312563497614,0.83898813349478,1.481893604445549
0,-2.2137143790346427,-1.8559450104900412,-1.5306352653324482,-1.8559450104900412,0.0,0.0,0.0,1.0,1.0,1.0,-1.772893172596526,-1.6647593344916891,-0.6420090416621762,0.575717102133096,-0.051544635365296354,-0.18395498048102799
1,3.0883099240813396,3.3258642515825074,3.3258642515825074,3.419240740736002,0.0,1.0,0.0,1.0,1.0,0.0,1.286385587117294,0.29426505273219344,-0.21247008889358837,-0.47608573766455287,-0.05937076097848015,-0.9367465029044995
0,2.2667042241529765,5.162657388286146,2.3635625452697373,5.162657388286146,1.0,1.0,1.0,1.0,0.0,1.0,-1.3685752388425843,2.3314445567888797,0.7127968955064666,0.33224468505990634,-1.703324985194015,-0.08163119798413726
1,1.334474157188743,1.1963488220298668,1.1963488220298668,3.521408352826781,0.0,1.0,1.0,0.0,1.0,0.0,-0.01761601193636692,0.33291769375352476,-0.6316995281197492,0.41089739794533897,1.0625378852207634,0.5179485496742291
1,3.684773662425172,3.7362474588076013,3.7362474588076013,3.515152343354862,1.0,0.0,1.0,0.0,0.0,0.0,-1.2060888824215317,1.4414044514049302,-0.5901988411988867,1.7554308271147785,-0.19055257690666882,1.5962753699160355
1,1.127724386924453,-1.089368985472584,-1.089368985472584,-0.6918006819445413,0.0,0.0,0.0,0.0,0.0,1.0,-1.4950044047439777,-1.0383669451222883,-1.0032909971939181,1.6283786684892667,-0.028946676961315254,-1.0246133096844023
0,4.313222039341066,3.6557316125305173,4.497222914152394,3.6557316125305173,0.0,1.0,1.0,0.0,1.0,1.0,1.327852745393296,0.05480611116166556,0.7723498492817308,1.047454417513837,-0.6467977698762392,0.17136244196479025
1,5.163288803144523,2.8353531114930877,2.8353531114930877,5.210573320128728,1.0,1.0,1.0,0.0,0.0,0.0,0.966203642821732,-0.24787140734220964,-0.08922525139001898,0.5265957326393567,0.11389729698072391,0.877080028453445
0,-1.4367806783103796,-0.24816684218056212,-1.3517442666345676,-0.24816684218056212,0.0,0.0,0.0,0.0,0.0,0.0,-1.4282056778052552,-1.132543682361013,-1.9793830857521244,0.12206302501398,-0.9985390642246779,-0.5323423515487802
0,0.9160897076306764,4.020277565349123,0.23432890218426006,4.020277565349123,1.0,1.0,1.0,1.0,1.0,1.0,0.10333380483144727,-0.7650629998603893,0.5408819488959864,-1.8075712457392288,-0.26892549299603674,-0.3870352698414641
0,1.4951487077457395,0.9452233585552299,3.1266899032440505,0.9452233585552299,0.0,0.0,1.0,0.0,1.0,0.0,-0.4820939790279881,0.8475040824735462,-0.09512660292935388,0.7489237740372607,0.8647944476406992,0.2957350932681021
1,5.15277037485052,3.389363625509032,3.389363625509032,5.026712654098055,0.0,1.0,1.0,1.0,1.0,1.0,0.6020558075223725,0.6938385676055652,0.41264147214909586,2.242362148692711,1.7647698741954976,0.6002812633514925
1,4.773178866732169,2.274734326930308,2.274734326930308,4.707970026750365,1.0,1.0,0.0,1.0,1.0,1.0,0.6650671495371593,0.9316160030507724,0.1733059730798146,-0.14954638676998178,0.8333782342424594,0.46050533510465785
0,2.261416603871646,5.581820945285139,2.0431772114612783,5.581820945285139,1.0,0.0,1.0,1.0,1.0,1.0,0.008590983036196985,-0.0698146648829403,0.04201078752653334,-0.778561380585453,-0.8554201627884827,0.9213971303007746
0,5.813712457147477,7.1316283410945065,6.370918141832963,7.1316283410945065,1.0,0.0,1.0,1.0,0.0,0.0,1.3715946164537849,2.1445752043896773,1.4996490992971858,1.3153431151163755,-0.753452517066205,0.7905874475289327
1,8.86912620346675,5.751043636632484,5.751043636632484,6.5361473215098735,1.0,0.0,0.0,1.0,0.0,0.0,2.4368998736797667,1.7869727563980153,0.6503325805663975,0.47751257298098404,0.08810237199730409,0.129757257589402
0,2.33750755762951,4.378081401297424,4.299343173637823,4.378081401297424,1.0,1.0,0.0,0.0,1.0,0.0,0.022017495034971746,1.3541277569675683,0.6450918949929566,0.0718878860136905,0.2828576723879256,-0.3276875185396091
1,0.3832107398174416,-0.5179177428038477,-0.5179177428038477,0.15990282249483062,0.0,0.0,1.0,1.0,0.0,0.0,0.3159969633324943,-0.9377352913280312,-0.5087867262647336,-1.6844723561300536,-2.947852017444749,-0.3708976433178509
1,9.306542473197483,7.664248800801995,7.664248800801995,7.322915794390105,1.0,1.0,1.0,1.0,1.0,1.0,1.227287103887952,1.5734186560834553,-0.8744147340272918,1.457568466775179,-0.256666703983089,1.5278875530795841
1,7.021778837213196,5.450670965289906,5.450670965289906,7.1674155681164144,1.0,1.0,1.0,1.0,1.0,1.0,1.310839823108673,0.44219105345823406,-1.349527001658822,0.5115597160946666,0.36208959002590557,-0.12119234079582503
0,-2.101175319611533,0.7002787908731514,-2.6582001992125033,0.7002787908731514,0.0,0.0,0.0,0.0,1.0,1.0,-0.5673996062886083,-0.05300403036677162,0.6809192853043303,0.6282320563735686,-2.224168220192051,-0.19183752787472508
0,1.3434963554444275,3.7318039070842506,2.676003869867666,3.7318039070842506,0.0,0.0,0.0,0.0,0.0,0.0,0.4517768952666796,1.6362025815962384,0.614743175703315,0.36875857882849056,-0.17980252608396663,1.2661516473631136
1,4.389753585047862,0.9093363713154978,0.9093363713154978,5.492015855234335,1.0,1.0,0.0,1.0,1.0,0.0,0.3771806174956793,0.26248919961399897,-0.2993055889050438,-1.162611814125656,-0.22832385404759895,-1.0511885492747177
1,3.1952441952673856,0.18945698354229157,0.18945698354229157,3.744398506474946,0.0,0.0,0.0,0.0,0.0,1.0,0.8076674975831664,-0.4585402593236747,-0.8255839126620842,-0.5582226082181058,-0.5347980978225961,-0.6121938525094247
1,9.05428766494408,5.209050069884892,5.209050069884892,9.18699577265271,1.0,1.0,1.0,0.0,1.0,1.0,1.2808169452873046,2.3513050431675024,1.121680345927241,1.5674531923683386,1.6365670066982072,1.006360889952306
1,6.08615169355253,3.5493375235439557,3.5493375235439557,3.3301651237088774,0.0,1.0,1.0,1.0,0.0,0.0,0.317665066299721,2.1169199740271227,0.6657819366783968,-0.02509838994211283,0.32723800652755775,0.32663326562871603
1,3.010579739055659,-2.326593305606959,-2.326593305606959,1.8094680207368525,1.0,0.0,0.0,0.0,0.0,0.0,-0.05578590460815229,-0.5231089476022657,-1.8034482427768388,-0.9236251210669861,-0.07385241907810725,-1.3369009087819665
0,-0.8244605350864043,0.22663372678512017,-1.8202161702108466,0.22663372678512017,0.0,1.0,1.0,0.0,1.0,0.0,-1.2482213972272589,-1.4584582527242085,-0.002033344842697238,-0.4321441536083287,-0.7545157991278018,-1.7096803943222783
0,0.31981016737665313,1.0236901324351337,1.1299722239833114,1.0236901324351337,0.0,0.0,0.0,1.0,0.0,1.0,-0.35422003462744495,0.19763191779216246,-0.637169297948775,0.24924592154587538,0.4908026031284988,1.1838432834963921
0,-0.06106605209992888,2.5582249872065113,0.43915558349588113,2.5582249872065113,0.0,0.0,0.0,1.0,0.0,0.0,0.36771508536109376,-0.0964513624315485,-0.15556256656589756,0.06188598836051468,0.5145985345407507,1.409013498354721
1,3.7137161735832867,2.345429161345353,2.345429161345353,4.325596145327545,0.0,0.0,0.0,1.0,0.0,1.0,1.111509649475802,1.0216222239850319,-0.35381053186121064,1.8135581291365124,0.8662185368162394,-0.10173385923869266
1,-2.474178069861173,-5.6034096511492635,-5.6034096511492635,-3.325162118708369,0.0,0.0,0.0,0.0,0.0,0.0,-1.901316836995241,-0.17193490868350114,-0.20338570677225076,0.09868190893082497,-0.5270195284106526,-1.8900559228466882
1,4.303577123874841,2.621674049638939,2.621674049638939,2.247574372915458,1.0,0.0,0.0,1.0,0.0,1.0,-0.43431383928476835,1.1421088037603604,-0.3907508007667017,1.4587908763226682,-1.0312325134978455,0.7114449799918444
0,1.088851630825041,2.2487440584691045,2.4130529825527094,2.2487440584691045,1.0,1.0,1.0,1.0,0.0,0.0,-0.2199259032041069,0.4704843889211456,-0.22805411657916574,0.14772940402986695,-0.4135166250981463,-1.1840505871385305
1,2.7450617141234153,0.698865468856492,0.698865468856492,0.723980756456744,1.0,0.0,0.0,0.0,0.0,0.0,-0.6745170256263254,1.0129694988380569,1.1639664314158158,-0.38203214060871593,0.26589386958608763,1.82038937974702
1,8.716295021168104,7.341319059252275,7.341319059252275,7.471520082547634,1.0,0.0,0.0,0.0,0.0,0.0,2.3437286698843196,1.7982039565574501,-0.2934500324961494,0.7035356557344064,0.6874123267003834,1.1980492836975531
1,-4.082443228150948,-4.676788328242502,-4.676788328242502,-1.0359456920965155,0.0,0.0,0.0,0.0,0.0,0.0,-2.896064669427085,-1.4180069701987363,-1.3068644119121335,0.26777185115815766,-1.2912138865193512,-0.17612778707219667
1,2.8224599851420096,3.4514439360818847,3.4514439360818847,2.5511231807410093,1.0,0.0,0.0,1.0,1.0,0.0,0.9053152263731996,0.361284025078621,1.5531342345802808,1.2301040804927594,2.5874311012862856,0.17343218279828387
1,4.211019620796904,2.3555070033560574,2.3555070033560574,4.1583154389706785,0.0,0.0,0.0,0.0,0.0,0.0,1.4254697392564397,0.3840124151394543,-0.3418499570093222,0.4380551967435478,0.16915976395349674,1.0051495305880251
0,-1.3772882635694284,1.0303875976987926,0.09685092989653077,1.0303875976987926,1.0,1.0,1.0,1.0,1.0,1.0,-1.5777877642163218,-1.4489540632173228,0.4310607587274343,-1.4549403121702909,-0.9869298960694152,-1.3224821024075233
1,-1.2716802871762685,-2.7696649573820804,-2.7696649573820804,1.741459421418245,0.0,0.0,0.0,0.0,0.0,0.0,-1.4532731453549437,0.5656913184868959,0.7314448812461484,0.23035254832785546,-0.009468138130130366,-0.22449391221093434
0,3.5634874394948195,4.508961407250014,2.1750839512584736,4.508961407250014,0.0,1.0,0.0,0.0,0.0,0.0,1.2697904026881195,0.328846593819761,-0.37954829948931557,0.5012661930202104,0.5029956676935856,0.32575918710630003
1,3.2662589221045017,2.264361951328414,2.264361951328414,3.2385003560214343,0.0,0.0,0.0,0.0,1.0,1.0,0.7105662253081325,-0.49629010106944804,-0.37048638524467536,1.768594321997311,-0.010669857302851748,-1.167779312502787
1,-0.3885603204119642,-1.6472044918151,-1.6472044918151,-2.2984883894089974,1.0,1.0,1.0,1.0,0.0,0.0,-2.3842142839197407,-1.143729026821228,-0.44389857303975605,-1.5793529777104174,-1.3994806753866231,-0.8731222872996356
1,1.7065867190076165,0.5608120963911902,0.5608120963911902,0.0377049469131685,0.0,0.0,0.0,1.0,0.0,0.0,-0.12616730929025688,0.43935975216175027,-0.8559055781216679,-0.5065515904510945,1.198122466479371,1.4444832570505337
1,0.8853553754229239,-8.491192374449064e-06,-8.491192374449064e-06,-1.454456186710912,0.0,1.0,0.0,0.0,1.0,1.0,-1.252594641530368,-0.920407171675431,-0.6176641394549448,-0.4277898368757332,0.18736401522717439,-1.2046993717708272
0,2.7270539428124714,3.908244850252867,3.8910050035053656,3.908244850252867,1.0,1.0,1.0,1.0,1.0,1.0,0.3500863560501774,0.6210079015125582,-0.9214853837595806,-2.046808085176596,-0.802578182333932,-0.08025457637874145
1,3.2865211954273157,0.1802467232862961,0.1802467232862961,1.3972980896574225,1.0,0.0,1.0,0.0,0.0,0.0,-0.7084535075668739,-0.3597946606572987,-1.8376671552283212,-1.0205647442799353,-0.6742124497487101,-2.363062258334552
0,3.198236068854095,6.830781160980959,4.712328830878821,6.830781160980959,1.0,1.0,0.0,1.0,1.0,1.0,1.5546042822143011,-0.24402750389394312,0.06460523187950845,2.2264544029031432,0.6792959504378728,1.467574625797067
1,4.0860597891233015,2.332852700120397,2.332852700120397,2.944702895291245,0.0,0.0,0.0,0.0,0.0,0.0,1.331405300095271,-0.043764613609483805,-0.2345827079131077,2.3325265211050663,-0.2725749242413378,1.9738979590360604
0,-0.8844028490770617,1.1672580304090994,-1.3715537605842705,1.1672580304090994,1.0,1.0,0.0,1.0,0.0,0.0,-1.5390721765755966,0.4009472644118429,1.5727131476019862,-0.7545016610946005,1.6120978930873102,-0.4470562915894234
1,3.7534125695303575,2.3561545580437104,2.3561545580437104,4.979637940490151,0.0,1.0,1.0,0.0,0.0,1.0,0.6249433280180838,1.299939227710117,2.2566298050041453,1.1661612393045608,0.5693369406930633,2.592776358346578
0,-3.1472908826377513,0.7050600574353272,-1.8722311825526,0.7050600574353272,0.0,0.0,0.0,1.0,1.0,0.0,-1.2867902774990447,-2.0970488761078174,-0.39109220606919853,0.0537580327992892,-0.9064951289618186,0.2010193996838957
0,1.3927042027396528,1.761976646453427,1.0016867876977038,1.761976646453427,1.0,1.0,0.0,0.0,1.0,1.0,0.0628863590594829,-0.3197132710365777,-0.355690400784001,-0.773858629058443,-0.051296376705855073,-0.43700310744671267
1,2.3285463990718367,1.3163972566676978,1.3163972566676978,2.4973455961849815,1.0,1.0,1.0,1.0,1.0,1.0,-0.9685434773144288,-1.6122289232398455,-1.0964993958732303,0.10571486875079893,-0.9578298471868837,0.8701287117892939
1,2.707096996988417,2.5226552061053327,2.5226552061053327,4.291929257150478,1.0,1.0,1.0,0.0,1.0,1.0,-0.7430773631949766,0.6043125636244937,-0.5522934652656459,0.22370514063942853,2.1828587493681377,-0.8013724062339717
0,-0.45860699133330773,0.7148355894424364,0.6174222578234598,0.7148355894424364,0.0,0.0,0.0,0.0,0.0,0.0,-0.49972797252528606,-0.6854916032595447,0.20661947507405354,0.13110394654720048,-0.6521202835024421,-0.5727522889040868
1,-1.6393057038658325,-2.290762606869771,-2.290762606869771,-1.1303024868291478,0.0,0.0,0.0,0.0,0.0,1.0,-1.2867848925788856,0.034719235833509984,-0.019481703735269862,-0.5960676864605188,0.5076084214080027,0.03661053520018759
0,3.4300137563243127,2.9261686931292106,3.241946605114326,2.9261686931292106,1.0,0.0,0.0,0.0,0.0,0.0,0.30865655202168724,0.9580287186852745,1.5122443884596002,1.3771029077991486,2.421654152708614,1.109679005841705
1,3.6128233655647253,2.149381146989908,2.149381146989908,2.294913677334324,0.0,0.0,0.0,0.0,1.0,0.0,0.5489132694818106,0.17147392311476106,0.07566979808367744,1.7518678093851558,1.222278245823264,0.3515737621603782
1,-0.280326588281965,-0.5030826996354553,-0.5030826996354553,1.666265457315652,0.0,0.0,0.0,0.0,1.0,1.0,0.28178705887003647,-0.6658161676612347,-0.8790671914075628,-0.6112700318555744,-1.0015974516897415,-0.035029947223411795
0,0.49469644801589924,0.20056131564758384,-0.3481759693153245,0.20056131564758384,1.0,1.0,1.0,0.0,0.0,0.0,-1.2788933765920358,-1.6554086830434933,-1.0726125455488134,-0.7303664858504932,-1.0568710393223515,0.7457277004778771
0,-0.7173138069711431,0.10669387583298284,0.5618176450780604,0.10669387583298284,0.0,1.0,1.0,0.0,1.0,1.0,-1.5575732542474665,-0.09144261760799732,-1.0548092665611286,-1.163184965847595,-0.9967818150449922,-0.9068477316383903
1,4.181712052656461,4.249391855458749,4.249391855458749,6.657647256847606,1.0,1.0,1.0,1.0,1.0,1.0,0.5903108392779292,0.8468071264995758,0.3322302867778701,0.6651616661432653,-0.6299810387284563,-0.6728920408341718
1,0.17125612705703164,-1.3420467231990596,-1.3420467231990596,2.527896031485997,0.0,0.0,0.0,1.0,0.0,0.0,-0.0679077759423525,0.07763167663617543,-0.22436865791956462,-0.1379429432572436,0.019739620544827752,-0.7815794339003391
1,2.1849712153884786,0.034436869108001034,0.034436869108001034,3.057437258193129,1.0,1.0,0.0,0.0,0.0,1.0,-0.12311214589650465,-1.2263813934248398,-0.6114142472917445,-0.16847359052319258,-0.9302147185753196,-0.06575491736982919
1,-1.7334364109715592,-2.6879856251352683,-2.6879856251352683,-3.2155831735281497,0.0,0.0,1.0,1.0,1.0,1.0,-2.3564536541956005,-0.7034500294641721,-0.8824755360719438,-2.110919348072897,-0.1195410290999328,-0.3366249491244828
1,3.3012840231685026,0.9548935076469414,0.9548935076469414,4.333920748269751,0.0,1.0,0.0,1.0,1.0,1.0,1.2833303987823854,-0.2704151502395011,0.1230278645429666,0.8216590363299467,-0.6657225065837002,0.4249643077323394
0,4.030277628652911,5.552730108149043,2.767469705848861,5.552730108149043,1.0,0.0,1.0,1.0,1.0,0.0,1.1666671095984587,0.19919960719592744,-0.7550118441636537,-0.6800782723663575,-0.9053444897906653,-1.115402570213528
1,-0.19618838045717502,-2.7901351782656136,-2.7901351782656136,-0.06715115966050855,0.0,0.0,1.0,0.0,1.0,0.0,0.06705634195741648,-1.3469750825373046,1.3860508290661446,0.25439276951079526,0.5808427277533914,1.1121689817883593
1,-0.059747267721596,2.037899164198569,2.037899164198569,1.278100250592974,0.0,1.0,0.0,0.0,1.0,0.0,0.7255735598568205,-0.559505323830081,-0.17281083915037732,-1.3818543025186196,-0.7258909245011441,-0.4954898237048953
1,1.1284721641043147,0.6767150619455098,0.6767150619455098,1.4738866692495451,0.0,1.0,0.0,1.0,1.0,1.0,0.1820940655016553,-0.6195316790738115,-0.3346226629764743,-1.2981624553447768,-0.8491265789550305,-1.7671275999469835
0,4.564119498704603,4.667953251961262,2.5603270789594452,4.667953251961262,1.0,1.0,0.0,0.0,0.0,1.0,1.3350542271972359,1.0160750072893607,1.2287302194386542,-0.3307080322896472,1.3301842190105782,0.20405449906747264
0,-2.455758299348662,-0.883768315661773,-5.399392953229037,-0.883768315661773,1.0,1.0,0.0,0.0,0.0,0.0,-2.6316177188527776,-1.9609832126710645,-1.0669541682035972,-2.3313448870679863,-2.941981743429515,-2.1622648031042537
0,1.4592457200900075,3.0641730082200147,0.5615590953925849,3.0641730082200147,1.0,1.0,0.0,1.0,1.0,1.0,-0.33794636637944714,0.8543303147666053,1.3913184785934443,-0.8986167115794889,0.26735210110544727,1.525923465326309
1,3.0560149466116218,2.828012999536069,2.828012999536069,4.320553060729161,1.0,0.0,0.0,0.0,1.0,1.0,0.3385380324888114,-0.6491291624177346,-0.1984378917818843,0.5132005786450888,0.16575269983006602,-1.611601779146835
1,3.695412330526786,2.039741924215115,2.039741924215115,2.3680572011365966,1.0,0.0,1.0,0.0,0.0,0.0,0.3748821420641392,-0.10849945918976714,0.061891535361427,-0.12162698180636866,1.0315632014203744,0.08354388574098318
0,-2.3593164990965456,-0.18976593397323882,-2.5424010206891694,-0.18976593397323882,0.0,0.0,0.0,1.0,1.0,1.0,-0.9865890399194304,-0.02926412400443923,0.3584892863712882,-1.1889899025322814,-1.1344088685327565,0.1996101260991453
1,0.9717232212345245,-0.5705339587771462,-0.5705339587771462,0.8042607266684205,1.0,0.0,0.0,0.0,0.0,0.0,-1.2198284214276152,-0.20224590778540835,-0.30813873451579105,-1.2614212478763758,-0.13305384320225763,0.06697778833774798
0,3.65638281757458,2.8094625621160403,3.176059832626002,2.8094625621160403,1.0,1.0,0.0,0.0,1.0,1.0,-1.2829671508903944,1.0508885044737102,-0.8683903803307471,0.3086298382796821,0.9890715190440744,0.8576151780641064
1,10.112539638377422,6.387341159916929,6.387341159916929,9.227692925219193,1.0,1.0,1.0,1.0,0.0,1.0,1.8434009750955291,1.8081350148478288,0.4702270211229842,0.5639028404631508,1.555462041422201,1.3333078915754317
0,4.312237501665396,4.366939224806713,3.4530443734676224,4.366939224806713,1.0,1.0,1.0,1.0,1.0,0.0,-0.011792501020841896,-0.8567550590663139,-0.3444872658235263,1.3674006858231527,0.939422419803789,1.6695734225597807
0,-0.04944904126117766,3.4184539817832746,-1.6620643454657622,3.4184539817832746,1.0,0.0,0.0,1.0,0.0,0.0,0.16269119684699396,-0.36209795531710187,0.5599539082834807,-0.05158521220076835,1.8473221741504986,1.946135285417083
1,1.4800990944325785,1.074029510504372,1.074029510504372,2.274858895271844,0.0,0.0,1.0,0.0,0.0,0.0,1.127243444426845,-0.3922537923586821,1.3379884401348596,0.984244025198285,0.13743953370781578,-0.29468476816717926
1,-1.0041235016576069,-0.2414118638420426,-0.2414118638420426,-0.845228631578915,0.0,0.0,1.0,0.0,1.0,0.0,-0.8692429216661568,0.13472571651846915,1.2327923833275884,-0.5542899709755624,-0.0933569273509403,-1.0456484722277357
0,-0.28861079117962096,-0.39365975482228627,-2.438138523051048,-0.39365975482228627,0.0,0.0,1.0,1.0,1.0,0.0,-1.3583802635982678,-0.9628328733139588,-0.41381879357183216,0.40013714608343265,-0.2577406997877607,-1.6917299136655557
1,0.1801100447335312,-0.1572820413359307,-0.1572820413359307,0.9972209986639934,0.0,1.0,0.0,1.0,1.0,1.0,-0.9959480681186325,-0.9186848064862274,-0.6442982502669794,-2.0603514950625375,-0.6409619146523554,-0.16298433782730348
0,0.9721659075228866,3.279416879522683,3.8956653061264825,3.279416879522683,0.0,1.0,1.0,1.0,1.0,1.0,0.15787002328966263,1.5083814159084465,0.08874429734961228,-0.7313913393587438,-1.180931078795227,0.31526219870175065
1,2.091591218061204,2.699432496750595,2.699432496750595,3.1246113555797725,1.0,0.0,0.0,0.0,1.0,1.0,0.09414088971080761,0.9654459951658494,-0.02398989372770899,0.2896443637206393,-1.4388171395448208,0.10305924839344492
1,5.485162085084864,0.6504066572824785,0.6504066572824785,3.5650752824324177,1.0,1.0,1.0,0.0,0.0,1.0,-0.06816491597070803,0.047950319615170156,0.5724462642872321,0.6493903941006542,-0.8029205245157358,2.130931740715509
1,2.9813096688071914,-0.537578632715181,-0.537578632715181,4.276550149268563,0.0,0.0,0.0,1.0,1.0,1.0,1.7086098126535871,-0.024053054515979055,0.7433312423472609,0.48175865274024743,1.1688137253979929,0.21429090429701209
1,0.9468600981286238,-1.5848411773161213,-1.5848411773161213,1.8827389049814145,0.0,0.0,1.0,0.0,0.0,1.0,-0.8329911745925154,-0.023726131691169522,0.20895469132973116,-0.821286749619411,-1.0323592219368232,0.6953706446051012
1,3.43447937668484,1.1959799962136062,1.1959799962136062,0.9045125356704133,0.0,0.0,1.0,0.0,0.0,0.0,0.7417649084640935,0.17285154817694975,0.4972411243162451,0.58801009150301,-0.5730769792055292,0.8700293033525377
0,0.4252409295711922,2.8173912397169083,-0.5463315323798947,2.8173912397169083,0.0,0.0,1.0,0.0,0.0,1.0,-0.4729851415529664,0.10922806141184471,0.16067671374964426,-0.17064701366504473,1.5606841338859496,0.2873364900955879
0,1.3242747281152072,2.9603440425875105,-0.04403289744705208,2.9603440425875105,1.0,1.0,0.0,0.0,0.0,0.0,-0.2707560788789704,-0.3930458559860138,-0.4420068014884698,-0.2900320344265953,-0.41718421221708313,1.0045236353968223
1,4.962921738125751,2.6962188513303382,2.6962188513303382,4.665386713365807,1.0,1.0,1.0,1.0,1.0,1.0,0.8701890521908674,-0.6900240322184061,0.5216353607731335,1.4428417766841735,-0.5646040576760933,1.1023817493191472
1,4.324044340960402,4.0267527466958235,4.0267527466958235,6.1642193379401675,1.0,0.0,1.0,0.0,1.0,0.0,1.540608335824318,0.3956737471448125,0.14083285467195036,-0.037992504841934005,-0.944447131345115,-0.2657895115689459
1,1.4048592974960248,2.0863045494308183,2.0863045494308183,1.612158814602701,1.0,0.0,1.0,1.0,1.0,0.0,0.1327292154340531,-1.0393130338548313,1.3048008255194954,0.8001295914214726,-0.30494262405303674,0.18627560654924405
1,6.917316961687006,3.67301935619644,3.67301935619644,5.851232017472322,1.0,1.0,1.0,1.0,0.0,0.0,0.23982850095673766,1.8012894270511435,0.2613255158713544,-0.31288093609646356,-0.5893288292452417,0.8011972513676953
1,0.5046932849311481,0.5525363432639242,0.5525363432639242,1.4562466697975909,0.0,0.0,0.0,0.0,1.0,1.0,0.4997074511736246,-1.014291000126081,1.1055870758520832,0.10268742688922211,1.0722881063547365,-0.3960094344595241
0,-3.3211884103762017,0.35090903902817955,-2.4762171631401806,0.35090903902817955,0.0,1.0,0.0,1.0,0.0,1.0,-1.0613119701188363,-3.0473830823094006,-2.6313451730602724,-1.6058753033369673,-1.1594658178944666,-1.2690446279232082
1,3.2619133590584726,2.790637092038455,2.790637092038455,4.7859523565457875,1.0,1.0,0.0,0.0,1.0,0.0,-0.05263951522744694,1.1778105257805316,-0.19498708366092593,0.6841699843515141,-0.40057555062016015,-0.09262756405275599
1,0.6309242928470253,0.19228197670529013,0.19228197670529013,0.9695861712477583,0.0,0.0,0.0,0.0,0.0,0.0,-0.8159831864302176,-0.3361680454376008,1.324932265343347,0.14573465384066053,0.9608716331652658,0.9777158983827399
1,-0.7188479553139104,0.5391036233517825,0.5391036233517825,-0.3391547173077862,0.0,0.0,0.0,1.0,1.0,1.0,-0.6901014694145202,-0.1374086225734028,2.159718341723175,0.7131203887613184,-0.1826596632732035,0.03933372119235112
1,1.2671868824780177,-1.716019510101392,-1.716019510101392,0.31186893911895575,0.0,1.0,0.0,0.0,0.0,0.0,-0.48124635370640434,-2.390563521648676,-1.3777241243500213,-0.012192893728641047,-0.23846800729614948,-0.5583284888206563
0,2.6935901126896162,6.961306284758794,2.90713019208171,6.961306284758794,1.0,1.0,1.0,1.0,1.0,0.0,0.2811627933135515,0.5678441746603227,0.03219405343336523,0.1248222457981491,0.7940612307466948,1.0137795452607263
1,11.849201900867998,5.626489326114145,5.626489326114145,10.627965240366779,1.0,1.0,1.0,0.0,1.0,0.0,1.1908159887771415,3.613764293344457,0.4340065573942431,0.5743737679360892,1.0312713148420214,3.2797944418172014
1,2.9330457388590236,2.3689840234628026,2.3689840234628026,2.76293796489561,0.0,1.0,1.0,1.0,1.0,1.0,-0.716655548786097,0.11027419877990427,-1.227815388316539,-1.0900624561210237,1.3487789754562158,1.3953109631576288
1,-1.4727236185318264,-3.38899035853127,-3.38899035853127,-2.088694536301221,0.0,0.0,1.0,1.0,0.0,1.0,-1.8356404360642395,-3.6968547876120192,-1.0535719458979382,-3.0921110256313673,-1.9885281730749957,-0.5974876770009014
1,2.867239093654401,-0.01868332864097444,-0.01868332864097444,0.6049248756819017,0.0,1.0,1.0,1.0,0.0,0.0,-0.3068016467453374,-0.0837167605745982,-0.6004662513492611,-0.4519526004771026,-0.22167994794097184,-0.3291406725006146
1,2.166981147477497,1.6183341869520764,1.6183341869520764,4.305684500722499,1.0,0.0,0.0,1.0,0.0,0.0,0.4651934311389184,0.506080806013599,0.7395818630636863,-0.9819369588307765,0.23987143215186885,-0.6996629233508751
0,-0.9303048850914589,3.09336470075669,0.7287271030846416,3.09336470075669,1.0,1.0,1.0,1.0,0.0,1.0,-0.893221404597455,-1.3829503674799026,-1.3025667860788916,-0.31884729216740393,0.12338073268348437,-1.045867724626055
0,2.976320245743914,3.911883017439102,2.264255256863919,3.911883017439102,0.0,1.0,1.0,1.0,0.0,0.0,1.6997893401039488,-0.4163020620451751,1.164380394642219,0.15017647595162287,-1.3109820540942816,0.3765921752139908
1,2.0467597494027756,3.6206413841130862,3.6206413841130862,2.5252867676236317,1.0,1.0,1.0,1.0,1.0,1.0,0.4234172563135305,0.08657727033875495,0.5659862000764647,-1.838456296471183,-0.9906034082120845,-0.4470684127167875
1,4.333314287492677,3.9014928751294966,3.9014928751294966,4.494602143467292,1.0,0.0,0.0,1.0,1.0,1.0,2.0116896343329302,0.4203820979433579,0.01009773204951775,-0.7965646791187223,-0.8721775413281876,-1.2369782085861796
1,3.175523598553458,1.6514102056820554,1.6514102056820554,4.156020190279875,1.0,1.0,1.0,1.0,1.0,1.0,-0.7504211605862772,-0.4610860545392505,0.2324920585482605,0.9932145967642678,0.055979438770691725,1.4636556924291013
0,0.7997963837897104,2.137966332960286,-0.16260034769649578,2.137966332960286,0.0,0.0,1.0,0.0,0.0,0.0,0.24186648972851774,-0.5361465639716688,0.06893115706649691,-1.5346446082810226,0.5993389903683497,-1.9724654710106975
1,3.0890438058007796,1.5734845505625408,1.5734845505625408,3.191930057724993,1.0,1.0,0.0,0.0,1.0,1.0,-0.008326452288990618,1.3776376659745366,1.9854266456621819,-0.356097801166981,0.1734948133245875,1.6954320629752704
1,1.5998772210434349,-1.0800977076514824,-1.0800977076514824,0.33607610144136557,0.0,0.0,0.0,0.0,0.0,1.0,0.46071543448512214,0.407601050359489,2.2875935448603313,1.0353111471235104,1.248469720908417,0.9939335374609644
1,3.6072196734117608,2.5181283105018277,2.5181283105018277,4.4888193597707335,1.0,1.0,0.0,1.0,0.0,0.0,0.03044863298485381,1.5019034810380718,0.9036002745663158,0.3049356623397596,0.2812976150587924,0.36514767534673503
0,1.017534294093187,0.37254398174679054,-1.4054440700541113,0.37254398174679054,0.0,0.0,0.0,0.0,0.0,0.0,0.12750621984844948,-0.3948441398002823,-0.18591357257185942,-0.08320904019899719,-0.16491842252425631,0.28370254293041436
0,3.3914128032387243,4.400478723651306,0.9496713099164582,4.400478723651306,1.0,0.0,0.0,0.0,1.0,1.0,1.5928722247461666,0.996723939048429,0.4626047830395229,0.39322664041176486,0.6460869267827689,1.7907284670500137
1,1.5212616027799564,1.0824999688382546,1.0824999688382546,1.0999349672671954,0.0,0.0,1.0,0.0,0.0,1.0,0.5520161395153128,0.0039909308946269595,-0.31378071133755375,-0.9415171804161893,0.7916978104230166,0.15700562727807515
0,0.8600040640060125,0.10154144465575343,0.5624601023218018,0.10154144465575343,0.0,0.0,0.0,0.0,1.0,0.0,-1.1081636844803098,0.7403048028547757,0.1272052980442151,1.0121179684441535,-0.512134161398405,-0.09984595943539953
1,-1.3762545917089735,-1.7765680374317077,-1.7765680374317077,0.7418695010197547,1.0,0.0,0.0,0.0,0.0,1.0,-1.569677634657732,-2.02955550120241,-0.3264111246218411,-1.480828136475507,0.23896794696477153,0.7992251269538285
1,0.4526247088039781,1.0813941833181864,1.0813941833181864,0.8712576065865802,0.0,1.0,1.0,1.0,1.0,1.0,-1.5874858494079882,-0.23134535271941317,0.08933073341899123,1.3410790690536778,-0.2390525348972341,-0.4908896945284167
0,-1.1043095813662926,-2.704563028175677,-3.579999823387472,-2.704563028175677,0.0,0.0,0.0,0.0,0.0,1.0,-2.5069352881263334,-0.7418598152931962,-0.9356635100521251,0.12179028370063391,1.3516490243706603,-0.3921248688470462
0,0.24530600777767098,0.5955241768120094,0.8831741109533804,0.5955241768120094,0.0,1.0,1.0,0.0,1.0,1.0,-0.5151582214507417,0.13771087251574277,-0.2824756310825762,-0.5275207901013785,-0.9363409018200907,1.3628864894661068
0,0.10251115378727715,2.918995972718604,1.6503170597020274,2.918995972718604,0.0,0.0,0.0,0.0,1.0,0.0,0.40826184554227013,0.0035717272068664097,-0.19126791079193778,1.7305918189462526,0.6502344246581906,-1.1810671941483617
0,1.4016342573621037,2.4236746996238745,1.5982520007581988,2.4236746996238745,1.0,0.0,1.0,1.0,1.0,0.0,-0.5264831974382007,0.8348146904303667,-0.46004259768475064,-1.039074192855511,2.3428581281909757,2.345783782854502
1,-1.4712778870337897,-2.1374705175641004,-2.1374705175641004,-0.8132029700898251,1.0,1.0,0.0,0.0,1.0,1.0,-3.25409289994157,0.26466880166667756,-0.7630510693573581,1.0731081054223925,0.1554404521169651,-1.802914854534075
0,1.1677694739816578,0.8097945505295017,1.0904598116507465,0.8097945505295017,1.0,1.0,0.0,0.0,0.0,1.0,-0.40216043138012825,-0.9609838444655256,-1.2330164467533669,-2.013154855325293,-0.6628192108131657,0.13115813799254505
1,4.628214874164109,1.3718197401930645,1.3718197401930645,3.109425464573185,0.0,1.0,1.0,1.0,0.0,0.0,1.0386681264969586,0.5803046983494733,-0.26994860631572215,-2.1381971332323877,0.16361604272223582,-0.6538769676584217
0,-0.15803368105466997,1.9513627832577636,-0.04258206869917658,1.9513627832577636,1.0,0.0,0.0,1.0,1.0,0.0,-0.6310701883581697,-1.2338359996874615,-0.960795481956811,1.4794208588409454,1.5229713905828317,-0.8742057911533343
1,-2.540633443553238,-1.6904736231798203,-1.6904736231798203,-0.7626336519308454,0.0,0.0,0.0,0.0,0.0,1.0,-1.6837885308261809,-1.3249825998393303,-2.7010264424496135,-1.7697209916643954,-1.0494253064671974,-2.708680233669415
0,-1.0378474672418405,1.0614441138556863,-0.30622493945071755,1.0614441138556863,0.0,1.0,1.0,1.0,1.0,0.0,-0.11412955319242982,-1.390178170308646,-0.3828154839696979,-0.33774524054696087,-0.3481169214132802,-0.21055698297497033
0,2.403850260212834,4.143546982263847,1.7612226074175477,4.143546982263847,1.0,1.0,1.0,1.0,0.0,0.0,-0.09873796146012212,-1.590971182458102,-0.2057625062842356,1.1854016071164282,1.5894570910019539,-1.5563399980131034
1,7.623139979221965,4.093373295892852,4.093373295892852,7.012038524063064,1.0,0.0,1.0,1.0,1.0,0.0,1.8797240817972616,1.8462500273815459,2.167833173700196,2.4368990579189087,0.9839981089644131,0.7182707500440879
1,1.4387756059678718,0.4553832145304069,0.4553832145304069,2.0655951206792236,0.0,0.0,1.0,0.0,0.0,1.0,0.5871668192893645,-0.15480443790191162,1.570065531564496,0.08341148138974303,0.01839473845824141,0.33040697157368487
0,-0.15460212062188727,0.9135560253901428,1.8166844776824997,0.9135560253901428,0.0,0.0,1.0,1.0,1.0,1.0,0.17512820866276846,-0.33069998042214843,-0.9931806121580009,-0.912348510765485,0.23492907629231968,-0.5619380603013254
1,2.0610954780771613,0.5968940837161922,0.5968940837161922,1.6645170275012033,0.0,0.0,0.0,0.0,0.0,0.0,-0.919793154731462,2.193586267094344,1.4787145308107623,2.0982159162812053,0.36905786489196124,-0.677862740720007
1,2.551131983953544,2.2176761117538364,2.2176761117538364,3.3868695997912366,1.0,0.0,0.0,0.0,1.0,1.0,0.38421679944879294,-0.42208628304098406,-0.8306840157611324,-1.1805023804783592,-1.1865430655044273,0.6783332786964598
0,0.403715484901326,3.66932854645798,1.5083729902434613,3.66932854645798,1.0,0.0,1.0,1.0,1.0,1.0,0.9577783951150088,-0.4349773487745682,0.09237388399108401,-0.884402265408191,1.0850714545773201,-0.8636421167226667
1,7.514495473406915,4.745658852936159,4.745658852936159,7.572541366795431,1.0,0.0,1.0,1.0,1.0,1.0,0.8167185300575786,1.525403695380376,0.9960285439451226,1.2123354403928632,2.564942108042243,1.7505930353232597
0,-0.495633518126973,1.480881136095078,-0.5866548810580822,1.480881136095078,0.0,0.0,1.0,1.0,0.0,0.0,1.4035174535475432,-1.2003854632690916,0.5210940751049835,0.8018897302383038,-1.5453471069987863,-0.0776944645429204
1,1.6644672928155229,-0.5707529796072599,-0.5707529796072599,-0.3142536111596257,0.0,0.0,0.0,0.0,0.0,0.0,-0.6365235514792869,0.10213129150990408,-0.6591839024176833,-1.8906633352671214,0.36755034230052736,0.7957136696976288
1,5.793432892589464,3.143249071055138,3.143249071055138,7.692209206741033,1.0,1.0,1.0,1.0,1.0,0.0,0.6148131983133021,0.2200148221369348,0.7350425878795077,0.7783499389527885,0.39359648657250634,2.900739989834893
0,-2.280133282651429,0.6510246713460632,-0.8987958679543485,0.6510246713460632,1.0,0.0,0.0,0.0,0.0,0.0,-0.700634827302762,-0.04874928811272969,0.12898976976023352,-0.5080243041777118,-0.2671705830497889,-0.3007355419719682
1,4.099025337426367,2.258536300701347,2.258536300701347,2.297521599176125,0.0,0.0,0.0,1.0,0.0,0.0,0.8887134853545537,-0.5792151181199963,-0.4740695862155385,1.030762666028559,1.9868384856767463,1.4243423568789884
0,-1.982327010485136,0.07111720141244637,-0.20757712645838033,0.07111720141244637,0.0,0.0,1.0,1.0,0.0,1.0,-1.25464787725796,0.37051329415456263,1.3843634299440146,-0.793633384528533,0.9572335776266758,-0.10595186520088407
0,-1.1519906129902169,0.01280838711597626,-1.362778803728583,0.01280838711597626,1.0,0.0,0.0,1.0,1.0,1.0,-0.5286512772451301,-0.9095090848589986,0.8402587096267752,-2.11920558968017,-0.13627169914265186,-0.8305715346987673
1,4.708083769586992,2.1691938798218913,2.1691938798218913,4.610367690961128,1.0,1.0,1.0,1.0,1.0,0.0,0.4045757621502959,0.09617214200885593,1.2926286758091727,1.8329166139864366,0.27517305620569965,0.16782460626367562
1,2.7482396470326993,0.4540104691963951,0.4540104691963951,3.196709890619555,1.0,1.0,1.0,0.0,1.0,1.0,0.36216353006660756,-0.9800612395661263,1.632048586939154,-0.32347249404474376,2.1573923725045687,1.9830132080952252
1,5.0528697292468285,3.532736573541819,3.532736573541819,5.0346080741618495,0.0,0.0,1.0,0.0,1.0,0.0,0.9307376137790405,0.8912266182821773,-2.215007506381905,0.07949643176076016,2.2237582347862954,0.8925296975340083
0,4.173862915140568,7.04113195177184,5.126229633823556,7.04113195177184,1.0,1.0,1.0,1.0,1.0,0.0,1.4026570183885174,-0.5806524159387061,-0.8050595594521013,1.0083279794699112,0.1099524512926154,1.0372795050965176
0,-1.504484353011259,0.2394958112559049,1.9789534153333297,0.2394958112559049,1.0,1.0,1.0,1.0,0.0,1.0,-0.9273255863273405,-1.5816223059569552,-0.3698162546730731,-1.4806587348408495,-1.1586124468023298,-0.9918646824310674
1,4.866859985964941,2.5190008578769776,2.5190008578769776,5.450439533545868,1.0,1.0,1.0,1.0,1.0,1.0,-0.972508683181317,1.2097522895132797,-1.824895293463805,1.455528342704154,-0.07255601106716442,-0.9522976660344096
1,0.1318717286179525,0.6076953510940946,0.6076953510940946,0.0678863523503761,1.0,1.0,1.0,1.0,1.0,0.0,-1.7932813207788694,-1.3372743469659878,-2.650872856103282,-2.868650800703565,-2.1089358703190975,-1.696177088834656
0,1.3938963904072796,2.4849114105975465,0.40259997078614584,2.4849114105975465,0.0,1.0,0.0,1.0,0.0,1.0,0.3081371736747023,-0.17834823466963676,0.491972423674821,-0.6714863767416493,1.6296398640488157,-0.39489650986011277
1,1.561220843556224,-1.3561656540622455,-1.3561656540622455,2.3031388532845534,0.0,0.0,0.0,0.0,0.0,0.0,0.6683632740951787,-0.06082901408347283,0.7255439426718706,-1.3185332448876432,0.6396068347228692,1.233484787825887
0,2.3783103051243426,4.547334773065945,3.7201719236259327,4.547334773065945,0.0,0.0,1.0,0.0,0.0,0.0,1.2793036570153729,0.9304529580859779,-0.5607236588259787,-0.2664944838723438,0.8278169080650919,0.36283090045560057
1,1.4578612026984872,3.5773890510963984,3.5773890510963984,2.95158448840973,1.0,0.0,0.0,0.0,0.0,1.0,0.37071705280338574,-0.6335421974085556,-1.0635349803431684,3.3927319676837064,-0.6421741972785138,0.05282473379356478
0,0.5870572519892983,4.595343588786088,2.223250364165872,4.595343588786088,0.0,0.0,1.0,1.0,1.0,1.0,1.8960630490281947,-1.8311439069828115,0.1761740028445533,-0.15432049182752255,0.6123995483027459,-1.698766192258165
1,1.5054344168197704,1.9638385865237167,1.9638385865237167,2.436633003850037,1.0,1.0,1.0,0.0,1.0,1.0,-0.5435790247524457,0.0712047683335548,0.06307641544635853,-0.48372870190333306,-0.17335278039201446,-0.7269231953881569
0,2.3549375479123484,3.03202787981013,1.1427340221914333,3.03202787981013,0.0,0.0,1.0,1.0,1.0,1.0,0.2614148504360755,1.6157726164224233,0.7129607863749792,0.7366485856234654,0.8114105865836126,0.8007214820966594
1,2.8727801553297794,0.17119534471698772,0.17119534471698772,4.540187319081814,1.0,1.0,1.0,0.0,1.0,1.0,-0.14532983174782807,-1.7148522790290162,0.35920004431173114,0.04429058296179805,-0.500893531962531,1.5866612975232561
0,5.336367605870348,6.475095047910758,3.7755999542346728,6.475095047910758,1.0,1.0,0.0,1.0,1.0,0.0,0.22953195189916226,1.815100220944108,-0.11952261502732764,1.4916237259008698,0.4218687487598902,-1.5128127815011763
1,1.356303531882881,-0.6495896755860961,-0.6495896755860961,1.870614148724103,0.0,0.0,0.0,0.0,1.0,0.0,0.07717115799026704,-0.001404548436182651,0.639880981570504,-0.08550668624976054,-0.8886459369380593,-0.7803782320363035
1,-1.5051009510381133,-3.788399529418833,-3.788399529418833,-2.1377922632310447,0.0,0.0,0.0,0.0,0.0,1.0,-0.2563513002356914,-0.8359867171408737,1.772309001194221,-0.5107227734010187,-1.2601054289130365,1.8275582506178956
1,-0.9723120326409729,-1.077868989173107,-1.077868989173107,2.5616885347077947,0.0,0.0,0.0,0.0,0.0,0.0,-0.8349193482141771,0.29356267233998107,-0.3808103710735602,1.4301389816856882,-3.187301318807817,-0.5273067060119135
1,6.663539722607112,3.858990208653791,3.858990208653791,6.806129622887154,1.0,1.0,1.0,0.0,1.0,0.0,2.0100935116854983,0.2006014551267717,2.029046568092283,1.1710745703053174,0.6209438751268272,-1.3181428567367481
1,3.018129791569799,2.040629747870421,2.040629747870421,3.4971463968305376,1.0,1.0,1.0,1.0,0.0,1.0,0.4158903285125562,-1.5610470964222054,0.885105265408761,1.8944698416182377,0.5246215038372536,0.4657325838759542
1,3.965947248580234,1.3933439026113352,1.3933439026113352,3.131382462427873,1.0,0.0,1.0,1.0,0.0,0.0,-0.6307858297318186,1.0104186255088154,0.7923022364950124,1.8025844158952562,0.3193727693355072,0.38931864879692196
1,2.5073590729435264,0.5370398553612312,0.5370398553612312,1.851556659427772,1.0,0.0,0.0,0.0,0.0,0.0,-0.8009617442292571,0.4719833599730816,-0.041151624371127044,0.6249606486010625,-0.32843484706947224,-0.2564832158971025
1,6.252047631898739,3.777400732770471,3.777400732770471,6.476868994127496,1.0,1.0,1.0,1.0,0.0,1.0,2.1452887670791116,-0.34882182828018116,-0.10333795231308085,-0.17334514466930218,-0.572133868938142,1.1863807882774162
1,6.903715806683835,3.4417232984197375,3.4417232984197375,3.7218105341679406,1.0,1.0,1.0,1.0,1.0,1.0,0.5663635192671145,1.0514661059102794,0.392617554206017,0.5757817070766288,0.993601564894228,-1.0851148367750822
1,3.2133965004064757,1.050041461962997,1.050041461962997,5.181971206291039,0.0,0.0,1.0,1.0,0.0,0.0,2.200495952165768,0.755083563919342,1.561850044396461,1.195175296684043,-0.5244327299862388,0.7912555707084583
1,6.539604574620191,3.3948277575812833,3.3948277575812833,4.546875795427386,1.0,1.0,1.0,1.0,1.0,1.0,0.5361133906345523,0.8693624652338727,-0.3755381954248934,1.0605749147412933,2.1664057872671623,-0.5013451557413094
1,4.140657130460051,0.998197829211011,0.998197829211011,3.89174285170967,1.0,1.0,0.0,0.0,1.0,0.0,0.5446241964250541,-0.2340766367276726,-0.9055638914963753,0.2729995658491393,0.1734378216130199,-1.1061612717559428
1,1.702444762154955,0.3501975791052361,0.3501975791052361,1.4260392553546837,0.0,0.0,1.0,0.0,0.0,0.0,0.6717784590465203,-0.9388990374415019,-1.0146416984990243,-1.1025695599945344,0.25971291458997203,1.5103973109783062
1,4.717886243468543,2.3322946350597618,2.3322946350597618,5.105821292522949,1.0,1.0,1.0,1.0,1.0,1.0,0.12174056856449308,0.4975553408429152,-0.23846129415417577,0.1863042828836966,-0.910265180846108,0.24627245848857499
1,6.330333324565765,5.069469067753646,5.069469067753646,6.6226008875522195,1.0,1.0,1.0,1.0,0.0,0.0,2.099419179293448,-0.832144727511844,0.12810520885302518,-0.1706756177464826,0.824813904817099,-0.40465131335099913
0,-0.6276671390843127,3.2802653657181593,1.2063716413432743,3.2802653657181593,1.0,0.0,0.0,0.0,1.0,1.0,-0.11838154654370361,-0.500242180438439,-0.8083340754611463,-1.3620983472642905,0.7302956564392055,0.5872457248969146
0,0.7700229004222271,1.223710930948395,-0.5967348916701527,1.223710930948395,0.0,0.0,0.0,1.0,0.0,0.0,-0.20701252205405468,-0.12057367840314215,0.5131685293582848,1.4776476208267355,1.4218313011602381,1.1496450505837652
1,2.8881916543030863,1.3012563873384668,1.3012563873384668,3.285683454606915,0.0,1.0,1.0,0.0,1.0,0.0,0.589646191326411,0.27038585461956277,0.10104588584205537,0.252372433724467,-1.065086863959807,-0.12566608316738836
0,3.3342294611649756,2.251758598303778,4.563690011685903,2.251758598303778,1.0,0.0,1.0,1.0,0.0,1.0,0.5516016962928174,0.5694348608193468,-0.11473422672623301,-0.8587353779340051,-0.9225687630288288,0.887028611495401
0,-1.9404548203495555,-0.46519193076294574,-1.5097446563944241,-0.46519193076294574,0.0,0.0,0.0,0.0,0.0,0.0,-1.3639419783307565,-0.7665597270595862,-0.5870233359110323,-0.4991565665961193,-0.43409869438623294,-0.2689429067587905
1,4.246002933256528,1.4494561241691821,1.4494561241691821,2.934675192260071,0.0,1.0,0.0,0.0,0.0,0.0,0.6254414363482413,1.2625805703637862,0.15496958242257264,0.41511804587598605,-0.9639962574645197,-0.2541867656052113
0,4.380976986278043,7.305059713612977,6.3791251189645495,7.305059713612977,0.0,1.0,1.0,1.0,1.0,1.0,1.81270612094596,1.0593203222756986,-0.49064463549853793,1.0490981348907513,1.2436812245147975,0.9385568317579208
0,-0.3892144033324674,-1.0012706597359977,0.22633190101493272,-1.0012706597359977,0.0,1.0,0.0,0.0,0.0,1.0,-0.711026910260007,-1.0924993172891058,-0.5286180442382027,-1.584661628143815,-0.8737264287241449,0.20120227282127023
0,3.5078725261835633,1.3128275075016376,0.38314910029349536,1.3128275075016376,0.0,1.0,1.0,1.0,0.0,1.0,-0.040488175957904604,-0.8025430233548576,-0.7116430462881357,-0.5139298240088481,-0.34541160201928317,1.4743900078757735
0,3.939811003738413,6.787724249548711,4.248019266144451,6.787724249548711,1.0,1.0,1.0,1.0,1.0,0.0,0.30122880573797683,2.021093651065618,0.02467050179536523,-0.7044706592549673,1.7874078385140657,0.517530490831733
1,3.2991224753799955,-1.794664054185131,-1.794664054185131,1.285290549573631,1.0,0.0,0.0,0.0,1.0,0.0,0.4993451886767315,-1.1680731168871277,0.08487061968868899,0.24157795188418837,0.046543168845166745,0.7766929981577976
0,0.1297479183356366,4.680904014605872,-0.8255180003300012,4.680904014605872,1.0,1.0,1.0,0.0,1.0,1.0,-0.39622293172762685,-1.4595957653102423,-1.1593208965786284,-1.3613884349880379,-0.854663259286278,-0.03341153651844375
0,3.9919655328496826,7.247804366538701,3.810309436949364,7.247804366538701,1.0,0.0,1.0,0.0,1.0,1.0,1.2959007715515107,1.8477583773948987,0.9821057090033005,0.9939428003969176,2.732919895551288,1.6959955338047115
1,2.6183802464368684,1.3333334760640674,1.3333334760640674,3.2251453572629756,0.0,0.0,1.0,0.0,1.0,0.0,-0.05590837614524189,1.1268523542785505,1.3359689191322204,0.9929139201464033,0.07477104167775417,-0.002538636836618813
0,3.095525729682507,2.835787119816361,1.8394667748688427,2.835787119816361,1.0,0.0,1.0,0.0,0.0,0.0,-0.03672852661409625,0.3255161203791216,-1.5210090126165663,0.21187028088627863,-0.3436098693745247,-1.4005941240907482
0,-1.6163354062013826,0.9554934566354427,-2.7648442923812517,0.9554934566354427,0.0,0.0,1.0,0.0,1.0,0.0,-1.44661511029512,-1.841427228676522,-2.1701516032692276,-0.41664078496797985,-0.24945975680941646,-0.6528528581707299
0,2.594124435097159,3.7193244674425117,2.7910552283578958,3.7193244674425117,1.0,0.0,1.0,1.0,0.0,1.0,-0.6463141366823056,1.8445836692045487,0.6237822643007935,-0.4182605779203597,0.8764233937687141,0.0791701009596254
1,4.292493319422094,1.691078732182656,1.691078732182656,5.3062847484717794,1.0,1.0,0.0,0.0,0.0,0.0,0.7690259965445163,-0.72172506899575,-1.5232413483583338,-0.2617205247045834,0.2564876795390827,-0.49813241621880466
0,-1.7708920034718938,1.1031281238459039,0.5843339318244497,1.1031281238459039,0.0,1.0,1.0,0.0,1.0,1.0,-1.0682205674046508,0.15738225392295616,1.2423667234736793,0.7691610541990819,-1.3116465334631562,0.7358374019889573
0,-0.9819789848686172,-2.5539745068318256,-1.4285868682985319,-2.5539745068318256,0.0,0.0,0.0,0.0,0.0,0.0,-1.1971866502607522,-0.04208029768533689,-0.47247863614193525,-1.140258011326476,0.7164448949661275,-0.9925528691669714
1,4.636973716605275,2.444590482497042,2.444590482497042,6.486721903254224,0.0,1.0,1.0,1.0,1.0,1.0,1.013198625719882,0.8191931136541654,0.5390974409757744,0.7416089749977455,1.3439914003795446,-0.32314211606682675
1,1.8464406732741026,2.5845422533701523,2.5845422533701523,1.9054455075485173,1.0,0.0,1.0,1.0,0.0,1.0,-0.03684378423340546,-0.1987220796859886,0.9300591267466716,0.4651308057206242,1.4816495972973,-0.6334623758013016
0,-1.238863690152299,-0.07413999242365249,-3.284755068138384,-0.07413999242365249,0.0,0.0,1.0,0.0,0.0,1.0,-0.6301320123618336,-1.2026779314474036,-0.6382936709983963,-1.0629102513732946,-1.0452447706515158,-0.1007025676792439
1,7.096772717549233,3.325083922069223,3.325083922069223,6.1543457033729325,1.0,1.0,1.0,1.0,1.0,1.0,1.5825001800714975,-0.01054003885867083,0.20537139604737414,1.3946675749011503,0.7801807614198262,0.34469501683020953
1,7.941866503946164,5.0381142552203615,5.0381142552203615,9.19942552413054,0.0,1.0,0.0,0.0,1.0,1.0,3.408285678805241,2.067751353962244,2.1846145149820053,2.0576937017584025,0.8071930554791515,2.2847402326408752
1,3.0614482517526382,1.5463633931216068,1.5463633931216068,2.4028232297014247,0.0,1.0,1.0,0.0,1.0,0.0,0.9283040159071874,-0.05976114121624243,-1.3836750630360948,-1.0619644069424254,-1.9912987603109953,-0.9873795044983416
1,5.2391380651485555,3.304794082245017,3.304794082245017,5.825478592331829,0.0,0.0,1.0,0.0,0.0,1.0,2.0249811791656884,0.375567360559264,0.22293723851155456,0.748525044920837,0.13110246374676915,1.335900180928073
1,5.11542998291147,1.5924973813767285,1.5924973813767285,5.4794389128185035,1.0,0.0,1.0,1.0,1.0,1.0,1.5950846994755854,-0.1136924445783048,0.3923128102969999,-0.09349874303761024,1.4387686292949375,0.3079879681328388
1,-0.4012173434195552,1.0215106977861834,1.0215106977861834,1.928380729552221,1.0,1.0,0.0,0.0,1.0,1.0,-0.44232221411419587,-0.9024560215656479,1.0853279346692346,0.7018582371789647,-0.9527052948986734,-1.8816969972609225
0,2.0057860073058498,4.119672937400975,2.089614384465313,4.119672937400975,1.0,1.0,1.0,0.0,0.0,1.0,0.605142582756469,-0.8152598357988543,-0.9523490745018623,-0.36607438867821585,0.4985293254112978,-0.2979860370761863
0,3.0710566380697957,3.611125363896842,3.1562190670177124,3.611125363896842,1.0,1.0,0.0,0.0,1.0,0.0,-0.18022686911032854,0.8768003265043187,1.7984373068695838,0.1767637744899447,0.5879138842707752,2.092418124954431
0,2.6682811569830327,4.1552338321220255,3.1611915674592637,4.1552338321220255,0.0,1.0,0.0,1.0,0.0,1.0,1.3684783675249887,0.4303217224105882,1.6730375260111292,2.359263494372246,-0.10991771991595978,1.5890769532830804
1,2.0623181792948513,-0.7157145954400209,-0.7157145954400209,-0.07751018194439202,1.0,0.0,0.0,0.0,0.0,0.0,-0.8023789635147995,-0.21551603423976085,1.3769785158755337,0.4725696627968853,-1.141897403161567,0.500907991555232
1,5.794323414451675,3.727444841234429,3.727444841234429,4.941765873154255,1.0,1.0,1.0,1.0,1.0,1.0,1.17316641703952,0.37698106782205093,0.9792647825874983,-0.6552882400770635,0.5177094804283213,0.9653319796303187
1,3.7941795792507382,2.371855259226029,2.371855259226029,3.798427265932042,1.0,0.0,1.0,0.0,1.0,1.0,0.9731222780776779,0.9447416436880032,0.3436650410887309,-2.2408653764374886,-0.41886673180381695,-1.3649673399131814
0,3.255144740161415,6.259838854464388,3.86844876412294,6.259838854464388,1.0,1.0,0.0,1.0,1.0,1.0,0.5335935264685646,0.8345536513382981,-0.606219348484967,0.46811607348342005,-0.08990328605144149,0.5768317473734167
1,-0.46352256130225933,-0.6019001406601419,-0.6019001406601419,-3.5491410272549495,0.0,0.0,1.0,0.0,1.0,1.0,-1.8617426925123202,-1.0292784071029604,-0.5878839934976665,0.27672033808300595,-0.9586212287897576,-1.3690048469394687
0,3.448014608137866,4.848406790542283,2.987159607726606,4.848406790542283,0.0,1.0,0.0,1.0,0.0,0.0,0.984272094534845,1.172134269184679,0.37526762726946905,0.5122472402573421,1.046547208374151,0.46991804682081395
1,1.553058809669588,0.6373827621035306,0.6373827621035306,1.3344472590312089,0.0,0.0,0.0,0.0,1.0,1.0,0.5693498304186893,0.7843214645869334,0.7839944108523487,-0.47236548318193594,0.0976962276000695,-1.2690134844387433
1,3.1929027661935967,0.4516111045515811,0.4516111045515811,4.778223160787952,0.0,0.0,1.0,0.0,0.0,0.0,-0.2728714159759323,0.4351395803023036,0.4501277361333531,-0.18594843989692056,0.7421824297775638,0.5215952987924859
0,0.9764224346484174,3.6486810120860556,1.9463901645547714,3.6486810120860556,0.0,1.0,0.0,0.0,1.0,0.0,-0.4373965406079711,1.1202728778529316,0.5014537808128239,0.7963750692819548,0.5953317501849757,-0.11592116520041107
1,2.559843510860009,0.22428902506593407,0.22428902506593407,1.7142786560773362,0.0,0.0,0.0,0.0,1.0,0.0,0.195130677721935,-0.5516551123492115,-2.1038158036676307,-0.06457005605028826,0.17781936904568885,-0.7401454212171531
1,4.751554027620358,1.9414702032902635,1.9414702032902635,4.746761744578329,1.0,1.0,1.0,1.0,0.0,1.0,0.31033362770180206,0.09756204902704149,0.33912763003711843,0.634850529934093,-0.5636791513225875,-0.08849923768686731
1,0.8488653591277378,2.712153275455426,2.712153275455426,4.390651738428689,1.0,1.0,1.0,0.0,1.0,1.0,0.3085437358779948,-1.2097836844100551,0.026974109153425685,-0.850428315153168,-1.0768707678181058,-0.6765674012479845
0,0.20443384127031555,2.588970219843262,-2.4178906751930724,2.588970219843262,0.0,1.0,0.0,0.0,0.0,1.0,-0.3346416452004999,-0.7637210029078062,0.19138268498965483,-0.04064024747520062,0.24114278577938275,-1.2963912916300209
1,4.844715738948668,2.809287195049436,2.809287195049436,4.152391035632074,1.0,1.0,1.0,1.0,0.0,1.0,0.817422868543979,0.4441815032112624,1.6952367154442594,-0.7296546130102676,1.0080604835779656,0.772999054218481
0,0.07987901472157177,0.6045016798184711,-0.2757022325564362,0.6045016798184711,0.0,0.0,0.0,1.0,1.0,1.0,-1.4952723540260506,0.2746820171206926,-1.2006307770587752,-0.6063877671620452,-0.5756494201352409,0.03023807017255742
1,2.790324777556356,2.3844871592729264,2.3844871592729264,5.733994255210599,0.0,1.0,1.0,0.0,1.0,0.0,1.1592932854046505,0.5801290330314985,0.39390844158820437,0.778280555949328,-0.09930292676411495,-1.6551193460892268
0,-4.923228272211794,-1.3995849352850032,-3.19269647240302,-1.3995849352850032,0.0,0.0,0.0,0.0,0.0,0.0,-1.0215599008404967,-1.81267529880257,0.5173587065420823,0.19939165365308026,-0.1685746478900209,-0.2051264954408787
1,1.435963299937617,2.0562985118878574,2.0562985118878574,1.4389281619042955,0.0,1.0,1.0,1.0,1.0,0.0,-0.32815646951228883,0.21869129536038207,0.10203485348914765,1.7783516417193883,0.40515689540395305,-0.8210874235389878
1,2.4254526471304847,-0.7789972841026201,-0.7789972841026201,1.6321023816878824,0.0,0.0,1.0,0.0,0.0,0.0,-0.20529728257528604,-0.42212188566977893,0.12360744683132363,0.8506328865729351,0.6254438960876656,0.7906213687976433
1,0.037264782429446974,-1.7319115380531613,-1.7319115380531613,-1.3435199672165747,0.0,0.0,0.0,1.0,0.0,0.0,-1.2002558893133344,-1.1636864234637645,-0.04024294863079428,-0.938116419297583,0.22922014885356418,-0.6814528227943748
1,0.8740167139267878,-0.178701588275058,-0.178701588275058,2.2646629814456363,0.0,0.0,1.0,1.0,1.0,0.0,-0.9324418198817354,-0.44124999489520095,-1.302339368970649,0.13917254273187016,0.447199072795574,-0.20211137736527804
1,5.032054234079654,3.9384306129799,3.9384306129799,6.337024279751727,1.0,1.0,1.0,1.0,1.0,1.0,-0.10523523619653165,-0.35540324312526744,-1.044202951384714,0.06835742572918568,2.3450846966694243,1.1685528817498243
1,2.5781861627942293,1.7640355467551143,1.7640355467551143,1.6009209608414046,0.0,1.0,1.0,0.0,0.0,0.0,0.5811213060584608,-0.2506023420872785,1.3614759172895172,1.1435654488021356,-0.2172784470247937,0.7935822863874593
0,3.5762716007377175,1.6441597506424699,2.3793871102364346,1.6441597506424699,1.0,0.0,0.0,1.0,1.0,1.0,0.3143227227853128,0.21493106464555511,-0.3600044291682092,-0.9840739774516923,-1.0977258746440248,-0.11446211924076294
1,2.560848613070617,2.1036040899219026,2.1036040899219026,3.3284975691822924,1.0,0.0,1.0,0.0,0.0,0.0,0.6246834828771058,0.04398786026646723,-0.6960759418797642,-1.187809516014271,-0.09406686344552383,0.907734479994474
1,5.322371498949416,2.78069745652934,2.78069745652934,4.310902383643902,1.0,1.0,1.0,1.0,1.0,1.0,1.7530309993484978,-0.6893067066186007,0.7564006918667159,-1.421743586395079,-1.5249654335578096,-0.7981567950542559
0,3.843440973984857,5.206465152098904,5.108310542814165,5.206465152098904,0.0,1.0,0.0,1.0,0.0,0.0,1.17614965256446,1.2949540998121647,0.801161982272715,1.2499479104349556,0.5096317287721508,2.4433963988797496
1,4.5161863576253385,2.0083363960562215,2.0083363960562215,2.4344627347631187,1.0,0.0,0.0,1.0,1.0,1.0,1.4681231607035738,-1.2354226584860626,0.8665293123150217,0.1786118610531099,0.8112006846059951,0.751975035257697
1,1.475126410901875,0.5730298571885297,0.5730298571885297,2.9471582814470123,1.0,1.0,1.0,0.0,1.0,1.0,0.2809880182632508,-0.7378435395537917,0.9730113434600012,0.36892702958965096,0.4457542918730094,0.39177227210573984
0,1.6404606501628407,1.9329346889838392,1.3320818125349871,1.9329346889838392,0.0,1.0,1.0,0.0,0.0,1.0,-0.24223454682214543,0.09420280742871834,-0.07905925745045593,1.7264975371219324,0.266394896660449,1.0065938363433211
0,2.8822949377634846,3.7720747083911945,3.747895729852563,3.7720747083911945,1.0,1.0,1.0,1.0,1.0,0.0,0.05228808086775722,0.4390653929134288,-0.439575124432858,-0.2352464044496976,0.3922490056638063,-0.26181496272089183
1,1.1650963217657515,1.9281624372772619,1.9281624372772619,4.008637248579182,1.0,0.0,1.0,0.0,0.0,1.0,0.688882972271903,-1.0766399606924106,-0.9026622519682805,-0.03576121992454859,-0.26876970938963074,-0.9254167840316204
1,-2.279184847835177,-2.2746404252435144,-2.2746404252435144,-0.014414983685346772,0.0,0.0,0.0,0.0,0.0,1.0,-0.7810704743495184,0.0061866254942885,0.0498684207572834,-1.7094639913564105,-0.6226326402974472,-1.2988272252904527
0,2.958827471691949,3.7770543710462734,4.2371648711578835,3.7770543710462734,0.0,1.0,1.0,1.0,1.0,1.0,0.1856860713972064,1.7026028193260654,-0.13601172186184798,0.8645832848266009,-1.1479339371808592,-0.09930978416310418
1,2.9970851033102246,-0.37827364927282625,-0.37827364927282625,0.5907464496815318,0.0,1.0,1.0,1.0,1.0,1.0,-0.4881346568304482,-0.503096859832032,-0.473681702121093,1.2254596299127605,-0.8072140613064511,-0.5086080310905087
1,3.481913339874293,2.8007879344909954,2.8007879344909954,3.9823297334275485,1.0,0.0,1.0,1.0,1.0,1.0,0.41986329055179505,0.3480413624889158,0.9727364350233816,0.3083568559296479,0.45855655154376584,2.1139369179394105
1,2.9596460031163065,1.4567538905962207,1.4567538905962207,3.635871749443758,0.0,1.0,1.0,1.0,1.0,0.0,0.15687795844487354,-0.017944375770741816,0.7887345402013031,1.8042186823557889,1.0753693446848498,1.3632868723968126
0,-0.2828841057885524,0.9092579437237897,-0.11960964993709355,0.9092579437237897,0.0,1.0,0.0,0.0,1.0,0.0,-1.1142789278057084,-1.1716852197225092,-0.949626960190013,-1.4944694762477628,-0.06961048087951793,-1.5156925262945864
0,-1.0077608583239805,-1.2555690368509453,-0.9795012976652249,-1.2555690368509453,0.0,0.0,0.0,0.0,1.0,0.0,-0.03149153554624763,-1.1287968139385025,1.0209814603778864,-0.7986354536268536,-1.7025544876047616,0.8557001652848054
0,2.6753391722647035,4.735477386593721,3.210483944570059,4.735477386593721,1.0,0.0,1.0,1.0,1.0,1.0,-0.29145636273675574,0.8845543901769426,-0.01792805313594063,1.7419569719663395,0.8835704601139269,-0.24105441166933728
1,1.3497748083362502,-0.6918518486078971,-0.6918518486078971,3.8862424679323455,1.0,0.0,1.0,1.0,1.0,0.0,0.12954877692522138,-0.5330436683067634,-0.32816217050260665,-1.0687010843362124,-0.34499996067333283,-0.44707172533624595
0,-1.916902695648764,0.8694211242729273,-1.4901851133869433,0.8694211242729273,1.0,0.0,0.0,1.0,1.0,0.0,0.30976306348697413,-1.3944747878908959,1.3374049978309834,0.4478788515354095,-0.6712458562384137,1.7839373449452909
1,0.6016215479673128,-1.2650017418626809,-1.2650017418626809,0.2392111115778866,0.0,0.0,1.0,1.0,1.0,0.0,-2.2859379255022043,0.48926464657699564,-2.896575630640114,-2.3139441648867747,0.7559960339108505,-1.4805992418989866
1,0.419334365866911,-2.6887991714550377,-2.6887991714550377,-0.08691021906804641,1.0,0.0,1.0,0.0,1.0,1.0,-1.442888574746985,-3.3681683555197743,0.06362228327010966,-0.18279051394827162,-2.6757686387826505,-0.9931145486822135
0,1.48523424753749,3.4059202012001464,0.5018675658951524,3.4059202012001464,1.0,1.0,1.0,1.0,1.0,0.0,-0.3307000472219937,-1.2250706510496852,-1.3475744275490973,-0.19513933007666845,0.73376741104956,0.15970859665034792
1,-1.5180381003213084,-0.735753482535127,-0.735753482535127,-0.47388027824195544,0.0,0.0,1.0,1.0,1.0,1.0,-2.1519943685192398,0.4580607495566753,0.4944003389264879,-1.4702570354563769,-0.03797855429297026,0.6475622458442221
0,0.34280553837235067,-0.8481124174065626,0.5059605563904761,-0.8481124174065626,1.0,1.0,1.0,0.0,1.0,1.0,-1.9815936150189002,-0.9711881152640842,-1.307267422637339,-0.7848790600596072,-0.5144017250345588,-1.9310188017009866
0,2.7358082080040256,4.371585077035397,3.7129459116381374,4.371585077035397,0.0,1.0,1.0,1.0,1.0,1.0,0.7382868686293474,1.823100153392175,0.8029818113633732,1.0736993896079925,-0.41628345644887504,-0.5287951457448916
0,-0.03850362169171789,0.8967257057647691,0.37247170821173825,0.8967257057647691,0.0,0.0,0.0,0.0,0.0,0.0,-0.3764185093355215,0.9568621792793025,1.4450722951856934,1.6325978457982064,1.0007932250684048,0.2979674240131758
1,-0.8864808165793636,0.021565030781347583,0.021565030781347583,0.36148348021086796,0.0,0.0,1.0,0.0,1.0,0.0,0.6486141926441887,-0.594189867763273,-0.058226172388329,-0.6744530390502603,0.5845854670867525,-1.4783747307227264
1,4.832719877282828,2.988164993948801,2.988164993948801,2.5004942420826746,0.0,1.0,1.0,1.0,1.0,1.0,0.4373568634966002,-0.48965150331918594,1.5342042035572885,-0.0015623703179220017,0.8116012590208779,0.6155585362740964
1,2.5502852333944523,1.2215949671755577,1.2215949671755577,4.318330163370513,1.0,1.0,0.0,1.0,1.0,1.0,0.7685909378565839,-0.06211086969888607,1.6594524272305637,-0.8148279992993614,0.9821735995889407,-0.40289126596795
1,1.6178567967770934,-0.09543008962641442,-0.09543008962641442,1.4120674250205747,0.0,0.0,1.0,0.0,0.0,1.0,-0.270164419107697,-0.0786909862443656,0.1015990062728751,1.8059795334133537,-0.46176470657913654,0.2749903158295856
1,1.2926784105040647,1.1010535335089304,1.1010535335089304,3.675543660628269,0.0,0.0,0.0,0.0,1.0,0.0,1.1458815939751998,-0.12671981648079034,0.45106240808052933,0.5045574142963446,-0.20425929241928667,0.3313595979933104
1,0.0469109925726815,-0.9062717476935389,-0.9062717476935389,1.8044249071976701,0.0,1.0,0.0,1.0,1.0,0.0,-0.5637447365553168,-1.3650985443502126,-0.4027829780173062,0.9812766386549688,0.5883632182947266,0.8505144854019088
1,-1.475158103516827,-2.4533982510480916,-2.4533982510480916,-0.9402723309399292,0.0,0.0,0.0,0.0,1.0,0.0,-1.9088597133553271,-0.5321341667491516,-0.13913050930114512,-0.359214724987702,-0.3280071798483116,-0.24384490443109952
0,2.6636084213239717,2.4698469252482815,1.084055810519379,2.4698469252482815,1.0,1.0,1.0,0.0,0.0,1.0,-0.6775576528441319,0.030060643274299276,0.22585943990575028,-0.37324488886537305,0.12861027126462035,0.8815073674683871
1,1.0625901724207414,1.9086518904620897,1.9086518904620897,1.7360923504206163,1.0,1.0,1.0,0.0,0.0,0.0,-1.3304024935297756,-1.1891296112126433,-1.4296579148075337,-0.7010871317171531,-0.8777775748250034,-0.24218702779313006
0,-0.8306815468194595,2.6231871464941245,-1.7120418032099707,2.6231871464941245,0.0,0.0,0.0,0.0,1.0,1.0,0.7418170017826234,-1.13040897902904,0.21612571092227983,0.41123231667653454,0.38492460682623814,1.1370340867634383
1,6.000468958390388,3.01793519621977,3.01793519621977,5.975977415298806,1.0,1.0,1.0,0.0,1.0,1.0,2.2685652210907405,-0.05487421441776874,1.758909286029218,0.5921144150369289,0.9222114560057186,1.4936607432015707
1,4.182288228299061,3.108730850043891,3.108730850043891,3.6395142063536374,1.0,1.0,1.0,1.0,0.0,1.0,0.5127538827115554,-1.1116947849768004,0.23605668630780602,0.17574619711143072,-0.5739123309133052,0.20415225400825512
1,-1.5236519924791954,-0.9261728523400689,-0.9261728523400689,-2.5120590466097297,1.0,0.0,1.0,0.0,0.0,1.0,-1.7818380590827372,-0.7916928051942115,1.3931524483486935,1.030809106559363,0.04564393016944951,-0.8825095904793179
0,0.9044532722807852,1.7109795199398143,3.6590043059242277,1.7109795199398143,1.0,0.0,0.0,1.0,1.0,0.0,0.24138860912491877,0.5294454278317968,-0.07040204673243866,-0.9464536018299861,0.3708957335958215,-1.3696559807897861
0,0.7928901879682948,-0.9642472650868397,-1.890644966331296,-0.9642472650868397,0.0,0.0,1.0,1.0,1.0,0.0,0.28458248183046136,-0.5837612667729137,-0.22143560437433302,-1.8431468314406534,-0.5836644585414823,-0.2398265268982446
1,6.666507127073416,3.4590695146921693,3.4590695146921693,5.382657386211139,0.0,0.0,0.0,1.0,1.0,1.0,0.4619280210599693,2.2723453900217176,0.06338175607248991,1.104808491515277,-0.15376241864060314,1.10163109479894
1,2.0362381678619355,2.7407873880102778,2.7407873880102778,3.0192405409838674,1.0,1.0,0.0,1.0,1.0,1.0,-1.3554501125675138,0.9382427560487757,-0.47625151625861395,1.1950165922162512,0.9248372225385834,-0.4603623876643148
0,-0.6622522893241772,-0.829633986033119,-1.404492254173873,-0.829633986033119,0.0,1.0,0.0,1.0,0.0,0.0,-0.30013040795118845,-2.510692460663043,-0.9661335304291596,-0.23494754901464732,-0.17783497526696912,-0.4867543372945467
1,3.140215360137307,0.7821366917539394,0.7821366917539394,3.6015918981327752,0.0,1.0,0.0,0.0,0.0,1.0,-0.5231608068671831,-1.8726375144169816,-1.0957903696468918,-0.05595418126664663,0.33894676932735623,-0.16921599807091398
1,2.32517510466294,1.5030150341882318,1.5030150341882318,2.8278191251893205,0.0,0.0,0.0,0.0,0.0,0.0,0.5543196741658254,-0.03118107099615597,-0.910039459898913,0.21166206385851555,-0.5168572892179708,0.3072893100063418
0,-0.19076980113474917,2.5872628427263726,1.4959610924418587,2.5872628427263726,1.0,0.0,1.0,1.0,1.0,1.0,-0.506003241019637,-0.2773166560125446,-1.6313768793868297,-1.4904893260377348,-0.4987802301535198,1.3088318388597706
1,1.3251914316958708,-0.8319578152195317,-0.8319578152195317,1.4656640707862318,0.0,1.0,1.0,1.0,1.0,1.0,-0.7139396193099099,0.2529625264656463,-1.2057230100615395,-1.7367709110372513,-1.3485281278729273,-0.04149675686059617
0,1.0504957197803555,0.5111328395065012,-1.5076028348108375,0.5111328395065012,0.0,0.0,0.0,0.0,0.0,0.0,-0.7855459761306082,0.8724118376550928,-0.21728674884405208,-0.10122616363751846,1.6573498253922274,0.9629243065982297
0,2.4726627502205063,2.91085275090569,1.7402635897383503,2.91085275090569,0.0,0.0,1.0,1.0,1.0,0.0,0.122488146582072,0.6661755126162787,-0.5568404701129768,1.2700301969552625,-0.2612621133427504,0.8905490786037761
0,0.5813489017822138,2.576042424221745,1.5662532818375867,2.576042424221745,0.0,0.0,0.0,0.0,1.0,1.0,0.23268664768377728,0.5163572852519015,0.7234256872153835,0.7932339180565084,-0.1597686949868266,0.5603052409251077
1,2.8027519607081626,2.8338399180435374,2.8338399180435374,3.3809789461366475,0.0,1.0,1.0,1.0,1.0,1.0,0.24866495460979143,-0.23319387771355662,0.3199132792834477,-0.0655944996160787,0.15780850094459536,0.2825805939994787
1,1.0548853943817802,0.2942516394636853,0.2942516394636853,2.584901445689277,0.0,1.0,0.0,0.0,0.0,0.0,-0.85477773318078,0.9099666557030296,-1.562336301612611,-2.090698663866356,0.5411871363937029,-1.3690396544547303
1,4.097753415926066,1.3530327167507008,1.3530327167507008,1.378559471365053,1.0,0.0,1.0,0.0,0.0,0.0,0.4168679784870987,-0.17091532601094342,-0.33939624871204055,0.41405471929898596,0.4626568446953946,-0.3360525822233673
1,1.705078140450178,-0.4241791842283775,-0.4241791842283775,4.080570932650961,0.0,0.0,0.0,0.0,0.0,0.0,0.36096440508080707,0.11128604318926871,-1.1287344339088983,0.18730307931813106,-0.978584122046354,0.615936751013505
1,7.138672268678149,1.3463977919043741,1.3463977919043741,5.489380857406816,0.0,0.0,0.0,0.0,0.0,1.0,2.2444428961958467,2.3317707796759284,2.0900568105763773,1.5468495986473667,1.1605385383012325,1.262256992157868
1,0.48868321849332585,0.4370680120376491,0.4370680120376491,-1.822106773454688,1.0,0.0,0.0,1.0,1.0,1.0,-1.153064861403857,-0.9946510246499457,-0.023188707192723756,-0.6108622933753713,-1.4877839889078945,0.16766493081646594
0,3.300609276100803,2.94969773297141,3.2834011733440107,2.94969773297141,1.0,1.0,1.0,1.0,0.0,1.0,-1.1228005716039469,1.3584996749947253,0.39592803452634356,0.09564352578254992,-0.5657601548501829,0.1824404616669939
0,2.333676819699975,3.426167640313765,1.4200207211377247,3.426167640313765,1.0,0.0,1.0,1.0,0.0,1.0,-0.648433685735785,0.9180778146631959,-0.5342740529585696,0.31369001406182007,0.7060952269964055,2.803647110324652
0,1.3437164679232265,1.4010708218201984,-0.5373680097083772,1.4010708218201984,1.0,0.0,0.0,1.0,1.0,0.0,-0.5929872285259377,0.8856343045216554,0.913615767669985,0.0861771600790473,0.8062042921582211,-0.7042945386110904
0,5.81029561864856,6.862285897650413,5.277498396423642,6.862285897650413,0.0,1.0,1.0,1.0,1.0,1.0,0.6538998220419644,2.3898681037798504,-1.1136287426684448,0.1233487995120165,1.7723086126358263,0.3744049050856028
0,-2.9420386467882977,-1.5935571182401393,-3.9928540527277026,-1.5935571182401393,0.0,0.0,0.0,1.0,0.0,0.0,-0.8616971510468482,-2.5939244803468213,-0.2940350633538068,-1.0936077245963378,-0.14366742300933655,-1.0616681355706925
0,2.1257560886394753,3.7774935799372344,0.6289941060949789,3.7774935799372344,1.0,1.0,1.0,0.0,1.0,0.0,0.12188810168305046,-1.0373021112480236,-1.71414927449187,-1.9387376053111958,-0.39837112722324,-1.5443759799759533
1,4.164570151219019,2.90865829272237,2.90865829272237,3.4087777077252706,1.0,1.0,1.0,1.0,1.0,1.0,-0.0034333032543029914,-0.6021107782293478,-0.07502198534747095,-0.6725913752806318,-1.274600091096,-1.1174369170446818
1,6.041660756646031,5.279049666439358,5.279049666439358,5.147393481724076,1.0,1.0,1.0,1.0,1.0,0.0,0.28608079090066885,0.6514684528102954,0.10495955901657328,1.3251406864777298,0.49641463639941447,2.2985686591397343
1,1.8403765744168363,0.5592485372793787,0.5592485372793787,4.273688460306757,0.0,0.0,1.0,0.0,1.0,0.0,0.16561484594833656,-0.34123736505555424,2.5864819945663875,1.406032425041191,0.6858578530942137,-0.05778802630028612
1,3.1949557723205664,2.1992164215414314,2.1992164215414314,4.373241916851734,0.0,1.0,1.0,1.0,1.0,1.0,-1.4964969700233208,2.058312356335385,1.6789437815053512,0.41175009479291214,0.42366769065496285,-0.8755916552765374
0,0.6785627934286418,4.091715363070771,0.6963633797232505,4.091715363070771,1.0,1.0,0.0,1.0,0.0,1.0,0.46058091385337646,-1.388528815089094,-1.761958048378045,-0.09162002570823805,0.5575761762338889,-1.0362996355057152
1,3.8480601398727368,1.70182616643653,1.70182616643653,3.1769693095518816,0.0,1.0,0.0,1.0,1.0,0.0,1.0029756204405496,-0.6719600421762459,0.29999779117644426,0.18327161333963177,-1.5285246808572108,0.03345381163317257
1,-3.5405369326745477,-0.7056499031671515,-0.7056499031671515,-2.9971291658926527,0.0,0.0,0.0,1.0,0.0,1.0,-1.9764956241767226,-0.8506778008160119,-0.6745221578924894,-0.45484884889219646,-0.05449136975080898,-0.36140127732208405
1,2.1870251212356924,-0.5132498499735001,-0.5132498499735001,0.6843875906855185,0.0,0.0,1.0,0.0,1.0,1.0,-0.16649213162662582,-0.018538911794049512,0.20100225478019546,0.14453608702837756,-0.989060032524573,1.5938587776074225
