1,2.47573472112649,2.292923063714504,2.292923063714504,3.1371237595927726,1.0,0.0,1.0,0.0,0.0,0.0,0.7890190270859786,-0.9984738243487419,-0.510404600795539,1.1846585738547746,-0.44008941777005284,-0.36589020741827116
0,-2.0482687253716954,1.9860299904949936,-1.487601479350506,1.9860299904949936,0.0,0.0,1.0,0.0,0.0,1.0,-0.7170546577776672,-0.21900750007073988,0.7981788244012222,-1.1677845665871707,0.16994512365523395,-3.188209464206092
1,5.6449967302252775,3.2737137049531366,3.2737137049531366,4.873875074693975,0.0,0.0,1.0,0.0,0.0,1.0,0.8787119739441684,1.3328624353185488,0.4134766264614319,0.9298533469796123,0.13905061756343673,-0.26127057413932253
1,4.924704263245516,4.161401135340084,4.161401135340084,5.721374555484078,0.0,1.0,1.0,1.0,1.0,0.0,2.2877942543032637,-0.25392054593093116,-0.4213007922807587,1.5125775702293143,-0.8780842515485695,-0.5764477855465263
1,6.598107963594165,3.9975747404513724,3.9975747404513724,5.1251132584062375,1.0,1.0,1.0,0.0,1.0,0.0,2.0810875157133135,0.9912064309154727,0.0046414660628777415,0.1916771317149199,-1.474177200940185,-1.0797616189733317
0,-1.5689151521257905,-0.7714940226617726,1.2033294920015754,-0.7714940226617726,0.0,1.0,0.0,0.0,1.0,0.0,-0.5935353379526429,0.009239956076159128,-0.4549110347021448,0.4054571159151481,-1.3556660426765341,-2.40491116055391
1,3.5133774474137196,4.344839598355982,4.344839598355982,4.024254768961124,1.0,1.0,0.0,0.0,0.0,1.0,0.7230306337307415,0.3730389769873677,-0.4073095583436996,0.15082417211236898,0.48525665145401664,1.299071309240206
1,1.4767585421842535,-1.1563694302925565,-1.1563694302925565,-0.4677501605281189,0.0,1.0,0.0,1.0,0.0,1.0,-1.444176117514123,-0.7966679686942969,-0.037702328627320036,-1.2595638075677353,-1.250083647063346,-1.712509345210921
1,4.410316311643401,1.3898604734597648,1.3898604734597648,3.3858240660802514,0.0,0.0,1.0,1.0,1.0,0.0,0.6282559968912361,-0.4976047361646971,-0.5028283011914039,2.051978726699689,0.08304420705877674,-1.5403938033618758
0,0.2078551355318914,1.338918605861749,-0.7171029401169595,1.338918605861749,0.0,1.0,1.0,1.0,1.0,0.0,-1.4589302381509899,-0.5003713101970424,0.06574673657652691,-0.4310419836725266,-0.40294820909862755,-1.0394676531098443
1,0.501620566733229,1.2196451368474353,1.2196451368474353,1.71985304948591,0.0,0.0,1.0,1.0,1.0,0.0,-1.2587544518100071,1.0358781479506263,0.9112958236024666,2.930307814685362,1.8318665657166786,0.22886812158990588
1,2.2644061193634917,2.142080584856759,2.142080584856759,1.3676001239899145,0.0,0.0,1.0,0.0,0.0,1.0,0.366521736735763,-0.1075295379268682,0.8048254919294776,-0.3648608594078291,2.0014786459717633,-1.0821662048767426
1,3.8645149257659965,3.1648150280741287,3.1648150280741287,2.8974648151950375,1.0,1.0,1.0,0.0,1.0,0.0,0.28203058024660016,-0.35382192943967417,0.31477002315634467,-1.6248356358081444,0.6914815631540236,0.31575410188563
0,-0.33605791366892335,1.8307346611018902,-0.7023528559626883,1.8307346611018902,0.0,0.0,0.0,1.0,1.0,0.0,-0.8697925559379118,1.3754487582009935,-0.5557613267549286,-0.3465674732806506,0.6719736505539323,-0.1421266424761607
0,0.8575979160778878,2.8337849665619865,0.8138447818392713,2.8337849665619865,1.0,0.0,0.0,0.0,0.0,1.0,0.21313975724974973,-0.2754298198124494,0.49071294408268273,1.0477116259478592,0.28424769813709905,1.1848373820249463
0,2.238040953804882,0.4924929985058568,3.7734501589909697,0.4924929985058568,1.0,0.0,1.0,0.0,1.0,0.0,-0.8073988457012619,0.47774148458148,-0.4236209718859175,0.035604727047405776,-0.554207012787679,1.174076387234014
1,2.6410545005748114,0.7421205247233809,0.7421205247233809,3.4160925991952893,0.0,0.0,1.0,0.0,0.0,1.0,1.0116585919659693,-0.3647708111241423,-0.026898783061896206,0.4527157661827286,-0.4180903277973147,0.5932786114518324
0,4.290886721585431,6.5346322772060335,2.9503692845516447,6.5346322772060335,1.0,1.0,1.0,1.0,1.0,1.0,1.9075048934389918,-0.4560829540636381,0.1229966230915217,0.5966397979491304,0.18044019757809454,0.5094376439141044
1,0.537776534515524,-1.109634651710342,-1.109634651710342,-1.1592050856550553,0.0,0.0,0.0,1.0,0.0,0.0,0.11700864564982556,0.2804375547067631,1.8108488166741439,-0.7693882113632773,0.4483924163033906,-0.05109177769720441
1,4.52887750003586,3.9769045483826173,3.9769045483826173,3.953847033627732,0.0,1.0,1.0,0.0,0.0,0.0,0.05545425783031322,1.2232946158231106,-0.3234835594665277,0.44867747407796454,-0.2342994470157413,0.13801821928638508
1,1.3528089939559016,1.309918462388,1.309918462388,2.588623267115268,1.0,0.0,1.0,0.0,0.0,1.0,0.5311747164746662,-0.920461915079716,-0.010683104032047641,-0.4589893625220347,-0.4720094904188059,-1.3737046534829787
0,2.5795523883092,1.7652294445290102,1.481470575113187,1.7652294445290102,1.0,1.0,0.0,0.0,0.0,1.0,0.43674155982603197,0.5418229297067476,0.2829096746937537,0.010424437196864367,-0.8851512698620925,-1.2989044632685904
0,-2.424471305464889,-4.491513922572271,-3.0553574434920123,-4.491513922572271,0.0,0.0,0.0,0.0,0.0,1.0,-1.492884524931616,-1.6260696688073792,0.03117527067272946,-1.3311550804902264,-0.43107713280236376,-1.0329752797958835
1,3.7385611571047663,3.2213612599356978,3.2213612599356978,4.55894311962966,0.0,0.0,0.0,0.0,0.0,0.0,2.93411585879716,0.13238066579415342,0.6711335918957998,-0.8932514050938967,-0.5826391181488466,0.6692860067475159
1,3.9411754148700004,1.5684811983446507,1.5684811983446507,3.091257497741666,1.0,1.0,0.0,0.0,1.0,1.0,0.24181474508328604,-0.703610161800247,0.15817767868452645,0.2455441188929327,-0.4932535521356644,1.1196976634106202
0,-2.7467704667091493,0.051579959008274806,-2.033613791527712,0.051579959008274806,0.0,0.0,0.0,0.0,1.0,0.0,-0.671807878459523,-2.604620624742853,-1.2863356357558813,-0.4010741425686243,0.4732780645173593,-1.1119073326940856
1,1.6384358576530424,-0.16303677247622145,-0.16303677247622145,2.1376512968251165,0.0,1.0,0.0,0.0,1.0,0.0,0.041243824673021484,-1.513777237010896,0.3166986576988612,1.2765806208070059,0.5161400092720296,0.27634435510545724
1,3.4497415715346866,0.9105521563575261,0.9105521563575261,3.931347023730831,0.0,1.0,1.0,0.0,1.0,0.0,1.2096197643234983,-0.43635166564866046,0.21606491204974645,-0.07591278284148742,0.21239160538106408,-0.23734636402697978
1,-0.2586433954959072,0.3041392079565104,0.3041392079565104,-0.011895148104231978,0.0,0.0,1.0,0.0,0.0,0.0,-0.6056278974810895,-0.35617761849930674,0.3715739425020579,-0.6571305927308704,0.8088558685237128,-0.05577744962876349
1,3.344741658243417,1.4127101643391353,1.4127101643391353,3.537828361174656,1.0,0.0,0.0,1.0,0.0,0.0,-0.11708050602041238,0.7918821808804265,-0.03214747928568007,0.24766718440395022,0.18013167290415982,0.21753349463904015
1,3.565246335077844,1.1664354151333227,1.1664354151333227,3.4105567061010094,1.0,1.0,0.0,0.0,1.0,0.0,0.12842260246488946,-2.110862688620913,-1.245898911316121,-0.27199235674112654,-0.11124080527784952,-1.1854707418672876
0,1.1208601248811838,3.2074063827653516,0.33650722006375566,3.2074063827653516,0.0,0.0,1.0,0.0,0.0,0.0,0.3011784556842913,-0.17242298502571546,-0.7860907419076069,-0.5037128713331772,0.4243002368792442,1.026870034362545
1,4.423671631178584,1.7337105502922299,1.7337105502922299,3.424065022536461,1.0,0.0,1.0,0.0,0.0,1.0,0.29697939700832504,-0.0972901666091612,-1.5264670649725158,-0.5586976520048937,-0.18308873504582826,0.6404895359941449
0,-0.5409447958020914,0.8835743805966065,-0.2862601905644946,0.8835743805966065,0.0,0.0,0.0,0.0,1.0,1.0,0.1605603411954152,-0.8433744910660852,0.2931023154553161,0.7184027986048138,0.39178889868014444,-0.887362390415831
1,6.889868961603783,1.7482387719518937,1.7482387719518937,5.564993881275663,1.0,0.0,0.0,1.0,0.0,0.0,1.317850919391722,0.9210534198946554,1.0678878454312808,-0.5733954039992664,1.452167797452938,-0.03183382409889812
0,-1.0259545433251933,1.3864057878653848,-0.2573397556608232,1.3864057878653848,1.0,0.0,0.0,1.0,1.0,0.0,-0.37152428125026077,-1.1867738469122031,-1.4260485556070763,-1.6921154064477324,-0.7390949614686212,0.4907181681428533
0,0.7166380660491631,-0.6619825558423793,-0.41056818472667606,-0.6619825558423793,1.0,0.0,0.0,1.0,1.0,1.0,-0.8441051270634042,0.2967115700463594,0.15742075454551951,-0.5557741256396797,0.2530607512966064,-0.868796444093613
1,1.4804836911749337,0.00321055263387815,0.00321055263387815,3.532616634900056,1.0,1.0,1.0,1.0,1.0,1.0,-0.7354289728634956,-0.1965622120052546,0.8041417822904959,-0.4375520632069536,-0.42772700011564546,0.5362385176046859
0,1.1580464873294143,1.9135201827143165,1.427311672747541,1.9135201827143165,1.0,1.0,0.0,0.0,0.0,0.0,-1.4399488239130303,-0.31655846703626356,-2.1866322799069366,-0.43180741733337413,0.15283881068924876,0.4030108484180084
0,2.328642590219663,3.5002447291016607,3.610041784584147,3.5002447291016607,0.0,1.0,1.0,1.0,0.0,1.0,0.7966364535784223,0.700210372057714,0.7118478312911725,0.047165684229096366,0.7786349082053103,-0.4120214659454487
1,2.976852090278699,2.2700440062854357,2.2700440062854357,3.224104556568799,0.0,1.0,0.0,1.0,1.0,0.0,0.9040006041906239,-0.3642858104801546,-0.2772255796358669,0.9909273871772671,0.16499047407417305,1.4051592296734692
1,3.3952140144838485,0.5526934187995929,0.5526934187995929,3.912767237618493,0.0,0.0,0.0,0.0,0.0,0.0,1.9810996859411258,-1.041136045469289,0.7010004601004747,0.18618833584262856,0.5521235161785351,1.2457128628498602
1,4.029932860014651,2.9648061712541236,2.9648061712541236,4.032350289284147,1.0,1.0,0.0,0.0,0.0,0.0,0.7102043865056189,0.3163535384452166,0.2047178395563689,-0.41815162149652985,-0.4368188089160577,-0.2736553296136106
0,1.8372339663788673,3.152465808098261,2.4268448676492214,3.152465808098261,1.0,1.0,1.0,1.0,1.0,1.0,-0.01815507013848098,0.6822442303669038,1.8495037515134167,-0.6295179848062881,1.158838190037451,-0.9345358557774663
1,1.2313253222779994,-1.6283565552646344,-1.6283565552646344,-0.4598014830154167,1.0,0.0,1.0,1.0,1.0,1.0,-1.3355610375981926,-1.5720706496645342,-0.469651613008491,-0.6784766679225875,1.3065127392994225,-0.7562607042132439
1,4.553336379294764,2.539319975305592,2.539319975305592,1.4507999804867007,0.0,1.0,1.0,0.0,1.0,0.0,-0.24342870046775567,0.08204742996301573,-1.9021816756995236,-0.08767886043751405,-0.32022859726542485,0.35055200007910003
0,-1.5412697416284704,-0.6136584726462564,-1.4743588422704679,-0.6136584726462564,1.0,0.0,1.0,1.0,1.0,1.0,-2.1377027229599688,-1.1476740690169933,1.5886844085230651,0.6958922172992835,0.32979392757859494,0.5720205132937005
0,2.4190313600729842,3.6506148061588224,1.769382341411555,3.6506148061588224,0.0,0.0,0.0,0.0,0.0,0.0,1.4064706947758459,1.1008939066034125,2.1823795205211542,1.0817273245736208,0.6231869114417021,-1.0809301738273718
1,1.1326484963725423,2.257166127480025,2.257166127480025,-0.5321183940006888,0.0,1.0,1.0,0.0,1.0,1.0,-1.343771600031047,-0.16846338609270972,-0.5067201253534013,-1.747062680326728,-1.436525361546165,-1.4667802859304468
1,0.9518098821167029,1.9530031274207418,1.9530031274207418,2.357481896050502,1.0,1.0,0.0,1.0,1.0,1.0,-0.43855408040075855,-0.8722149491189597,0.17112919115933206,-1.1260891162599667,0.1311242438981055,-0.3165044405672587
1,2.028425897240159,-2.1433242602564597,-2.1433242602564597,-0.438162054066056,0.0,0.0,1.0,1.0,0.0,0.0,-1.2603163963711148,-2.7839363473648744,-1.2926411783306062,-0.8620185690303643,0.8826966557498831,-0.5546115300110466
1,2.5585324860651215,2.173635513606192,2.173635513606192,1.4032874413233158,0.0,0.0,0.0,1.0,0.0,0.0,0.36406231903091263,1.0444050353447991,-0.9012702351522346,0.10891657147745537,-0.3688655217356811,-0.6970636074486541
1,8.36304650773679,5.081790505587178,5.081790505587178,7.565441570433764,1.0,1.0,1.0,1.0,1.0,1.0,1.359156972168228,1.6674339011276917,0.38527332199633285,1.0802751477036827,0.19851357269257464,0.8289645883678568
1,1.6570124146749001,-1.1457471653482432,-1.1457471653482432,3.485320944716312,0.0,0.0,0.0,1.0,0.0,0.0,1.6720041048032472,-0.4332939396744548,1.1754680812862914,0.27015031795845473,0.8472339422455818,0.3356507314928666
0,3.5540249602771175,5.257213560023214,3.7133438797580998,5.257213560023214,0.0,0.0,1.0,1.0,1.0,1.0,2.1261241927110173,0.025950406610970228,0.1380636143449608,-0.4983073472285478,0.5118499602930104,-0.5823525082879089
1,-1.4653828891803347,-0.3465258138607661,-0.3465258138607661,-1.0186118174069851,1.0,0.0,1.0,1.0,0.0,1.0,-1.8618396126535652,-1.1088160063994206,0.19357432067192842,-1.41225237441628,-2.484351276344568,1.1788085771969996
1,0.21750880388723554,0.30659204582527716,0.30659204582527716,2.4267211673425697,0.0,0.0,1.0,1.0,1.0,0.0,-0.2442222653604469,-0.958078551014606,-2.365538977762488,-2.806956976625507,-2.017583637580195,-0.07183606278468013
1,1.6834929279961108,0.6021659031425662,0.6021659031425662,-0.08079830337423988,0.0,0.0,0.0,0.0,0.0,0.0,-0.3015606835203047,-0.5880611056558848,-0.3807832174391117,0.30986941258417267,0.33241678476852277,0.8466847138793347
1,7.312320983415624,5.0272917289420604,5.0272917289420604,7.865772187109042,1.0,1.0,1.0,1.0,0.0,1.0,0.38489766630215905,1.4062395351143597,-0.27979515332634963,1.307736132899336,0.2273049231782654,0.20681445979768107
0,-0.052089957671610065,1.42638919291345,-0.16371787036503244,1.42638919291345,0.0,0.0,0.0,0.0,0.0,0.0,-0.8880243498967945,0.11072148793881723,-0.15182082055768203,0.9545809318887581,0.03821620172207296,-1.4144132445210735
0,-0.43201688368574903,0.6399297082891456,0.5697210031820776,0.6399297082891456,0.0,1.0,1.0,0.0,0.0,0.0,-1.2155218968856099,-0.6173682642921969,-0.6680787106646601,-0.6238961840818953,-0.08502417456802408,-0.4603019751980922
1,3.218372969709628,2.5777087332868467,2.5777087332868467,2.1433396280806636,1.0,1.0,1.0,1.0,1.0,0.0,-0.6294942574500002,-0.5835360899386579,0.12279631852126505,-1.6628600568693626,0.6825897922277194,-0.3659713798069921
1,5.567611566707625,2.779516152924594,2.779516152924594,5.238720122569482,1.0,1.0,1.0,1.0,1.0,0.0,1.4014603073819591,-0.005105319357571865,1.1785265057944514,0.10515047227451801,-0.7405618067139978,-0.32657767359678297
1,2.7691492833816627,0.08214727894753027,0.08214727894753027,3.761522927214977,0.0,1.0,0.0,0.0,1.0,0.0,0.23604933829190658,-0.7100314733120017,-1.4185314914262537,-1.185182257409406,-0.018308509756930325,-0.482352225215405
0,-1.4585816707077786,-1.3565829516525076,-2.5698934518775483,-1.3565829516525076,0.0,0.0,0.0,1.0,0.0,0.0,-0.10327922587104436,-0.21722907912855194,1.202600459133493,-0.733139089342926,-0.7101896168945833,0.16899181392829093
1,0.17021073066284972,-0.6557465517205414,-0.6557465517205414,0.045144756153292664,0.0,0.0,1.0,0.0,1.0,1.0,-0.7110599648368418,-0.6821449673050728,0.4331142198213581,-0.06545305910577601,0.449093475524137,0.3805181904246592
1,4.8831789403503665,2.093741925429624,2.093741925429624,0.6082534238625292,1.0,0.0,1.0,0.0,0.0,0.0,0.6287508853083863,-0.4378643227960698,2.559476360533374,-0.06333255998141185,-0.014899039917337875,0.4750728799326259
1,2.792190298543929,2.752841722124841,2.752841722124841,4.102106799755217,1.0,0.0,0.0,0.0,0.0,1.0,1.2726701597978687,0.5567838746376486,0.445949489677036,0.5390353781880576,1.313794611793353,-0.6292280719017931
0,1.200517425277515,3.704193485471259,0.5914349264410168,3.704193485471259,1.0,1.0,1.0,1.0,0.0,1.0,-0.258798624864717,-0.6596976179242295,-0.7860121167671076,0.04472374668294951,-0.3998967050906168,0.9536802223249935
0,-1.130288820396085,0.28684963332628555,-0.8412234610318494,0.28684963332628555,1.0,1.0,0.0,1.0,0.0,1.0,-1.3306589349443902,-2.9317265915066817,-0.9315432534819577,-2.5839152188042225,-1.956329191326424,-1.6886946481243807
0,0.5471722991041275,2.4948281739643026,1.0620409467973266,2.4948281739643026,1.0,1.0,0.0,1.0,0.0,1.0,-1.48333826252864,0.6104274107041635,-0.2838350065094944,0.5398165387048678,-0.1435960043224026,-0.3521537205930476
1,2.2193802127303672,2.111337717854003,2.111337717854003,5.173126880501397,1.0,1.0,0.0,0.0,1.0,1.0,1.0450067637196123,0.3231844639733892,1.0902632485992285,-0.7209594815146122,0.9488199502565018,0.6902084115558005
0,2.0242004747545352,5.147940662401962,3.4879705550406928,5.147940662401962,1.0,1.0,0.0,0.0,1.0,0.0,0.004957581412247599,0.6730258986520026,-0.36434148951544504,1.3704270779610548,-1.3857675898514878,-0.4136104787477776
0,1.562655808545101,-0.24955837074794052,-0.3032694865831792,-0.24955837074794052,0.0,1.0,1.0,0.0,0.0,1.0,-1.3724489378056302,0.743182828436398,1.2297966087113381,1.7719995161373903,1.764493986480438,0.8040605889179443
1,5.816977236551381,1.8861213478697245,1.8861213478697245,5.405877239665585,1.0,1.0,1.0,1.0,0.0,1.0,0.29219866340341094,0.4723404815279464,0.1276004246273783,-0.9484139143614884,0.4496819680914949,-0.16258959976905407
1,0.8038102960687945,-0.5094923478969631,-0.5094923478969631,0.24373405601089404,0.0,0.0,1.0,0.0,1.0,0.0,-0.20165590721947338,-0.8836395342802432,-1.2462997444009252,-0.5380045007557063,-0.7627038205606148,-0.24737053528819286
0,2.0604304726125573,1.6022537211729655,1.671840509782619,1.6022537211729655,0.0,0.0,1.0,0.0,0.0,0.0,0.7601916099582303,1.0499971876844072,0.29018308811003496,0.43951869865940835,0.8594934677734424,-1.9578521711726933
1,5.320165561328365,1.8456699034401072,1.8456699034401072,4.700721964341265,1.0,1.0,0.0,0.0,0.0,0.0,0.8978763491125984,0.24780590019432558,0.029927243234962903,-0.35645022741086835,0.1272365333903202,0.0736944004204962
0,1.7406122126517523,4.3012525021342505,0.39520555885817665,4.3012525021342505,1.0,1.0,0.0,0.0,1.0,1.0,-0.5446796064819984,0.802101636667029,0.6594416954313803,-0.6987834696188283,-0.6347041212053763,1.7096705940438865
1,5.0818306287319865,2.0139622867002673,2.0139622867002673,3.4214760762335983,1.0,1.0,1.0,0.0,1.0,1.0,0.2368531326009557,-0.5132856128488771,1.1815312807580418,0.39177097727728744,-0.12717524202773944,1.714048249411304
1,0.9258233814548513,1.8096913656587312,1.8096913656587312,3.3493964331287867,1.0,1.0,0.0,0.0,0.0,0.0,-0.80381816852263,0.2986067608478448,0.6930636100187046,-0.3479659773645962,0.6432272155097648,0.6858595256941276
1,5.688469793902416,2.548334970041782,2.548334970041782,6.017284306313558,1.0,1.0,1.0,0.0,1.0,0.0,0.5050278514216668,0.5123701305688358,0.5702784538867747,0.25770034052735546,0.38619752883486147,0.8860183868954267
0,3.1644433201628415,6.644482253055109,2.7944826921371213,6.644482253055109,0.0,1.0,0.0,1.0,1.0,0.0,-0.38389287512478903,1.8410855697835566,-0.6985008891948875,0.3026190052600295,0.4081113831222146,1.0209402621946837
1,2.859886916745845,2.1981314919289847,2.1981314919289847,2.6111405055086987,1.0,0.0,1.0,1.0,1.0,0.0,-0.002895649768848899,-0.5593269487768673,1.055679347441331,-0.5640803291432588,-1.100471243030134,1.0882360830880304
0,-2.1805894869675653,-1.1437311040234448,0.8546483115773982,-1.1437311040234448,0.0,0.0,0.0,0.0,0.0,1.0,-1.4757641601915867,0.6171764052938761,0.275827939062574,-1.1671384169993884,-0.9262806103598339,1.0503866703949525
1,2.9924867943968243,0.547939252910727,0.547939252910727,-0.09473170893213512,0.0,1.0,1.0,0.0,1.0,0.0,-0.7603804155882222,-1.0200007830410047,-1.6541763277393762,-0.8670988347327091,-0.7553025706727254,-0.22034935722118654
1,0.4908177047385569,0.878099990069759,0.878099990069759,2.0430548600755,0.0,1.0,0.0,0.0,1.0,1.0,-0.6190153084635762,1.18253657733989,0.437705785276443,0.41621356155191414,-1.4675007391808323,-0.5123067265687398
0,-0.47934345175549864,1.9687718656784456,0.9607880755356975,1.9687718656784456,0.0,1.0,1.0,0.0,0.0,0.0,0.12582148174852023,-1.6830729815553995,-0.8786135405502609,-0.2839636044817001,-0.7609497085306373,-0.3350545170555508
0,0.9127339139979731,1.2664962469276122,-0.5075211435136451,1.2664962469276122,1.0,0.0,1.0,0.0,0.0,0.0,-1.4168081774361951,0.26444962605039035,0.36333259485062025,-0.1307499693912277,0.8696838246096321,0.7892066872222451
1,2.4818802784675342,1.2069287825439927,1.2069287825439927,-0.7715886649290364,0.0,1.0,1.0,1.0,0.0,0.0,-0.2223591254961003,-0.2054567443699291,1.0138048428522561,1.2024552172516219,1.4281553926091055,-0.5043794945025283
1,5.298303129284397,4.3254704869440985,4.3254704869440985,6.600647964879788,1.0,0.0,0.0,1.0,1.0,1.0,1.3184986286308213,1.1062588272001337,-0.4193956711546755,0.6309120966900702,1.4053181362129676,-0.05986608798592663
1,0.4508081780314957,-1.072421245553883,-1.072421245553883,0.35330359823334934,0.0,1.0,0.0,1.0,1.0,0.0,-0.16025000587754304,-1.911041959049228,-0.1678547808143852,-0.8932743010172174,-2.051464146320499,-0.061481135059919256
1,2.5713831991219234,3.387682569207743,3.387682569207743,3.16420103274394,0.0,1.0,0.0,1.0,1.0,0.0,-0.03950036364002295,1.8157427717221042,1.5998016080697872,0.7703245336118468,0.703166769740678,0.5351236748163216
1,4.02877204872646,1.877864216628112,1.877864216628112,3.4807361833578883,0.0,0.0,0.0,0.0,0.0,0.0,0.9397854413111426,1.2358635640103355,1.7391352545897267,0.37801207139634097,1.326225370719439,0.9669881611519147
1,-2.0105995923418947,0.9488645078956577,0.9488645078956577,-1.6595886888937257,0.0,1.0,0.0,1.0,1.0,1.0,-1.5783446493714985,-0.9591220244965127,-0.7218878812594076,-1.0680004484974313,0.04240800131372324,-0.5600829961270113
0,2.0159443938106065,3.7864953031050277,-0.17055647781128735,3.7864953031050277,1.0,1.0,1.0,1.0,1.0,1.0,-0.45464233562437506,0.6438948621240255,0.9478085988786107,-1.4968831999774588,-1.212267511898855,-0.9089561986436376
1,-0.12072176937575796,-1.6083602502155847,-1.6083602502155847,-0.7888460414512438,1.0,0.0,1.0,0.0,0.0,0.0,-2.8121349660222097,0.01018827578795084,0.053175103148748126,-0.7250311763785781,-0.8101408045311911,-0.634378172607152
1,3.6568286760979447,2.907366748342094,2.907366748342094,1.5810547335068204,1.0,0.0,0.0,1.0,1.0,1.0,0.3673991299080241,-1.4398144315128831,-1.3639823297363038,-0.36055526696015044,0.5650539012658586,0.11849922610684083
1,6.636809443566287,8.013371591779098,8.013371591779098,9.677619663536932,0.0,1.0,1.0,1.0,1.0,0.0,2.6812204809729367,1.2012059366138064,0.42241341802949617,-0.09005395279786563,-1.7638637939265347,0.8032730236986433
1,2.0566360530257146,0.3918263019314896,0.3918263019314896,4.046357430231535,0.0,0.0,0.0,0.0,0.0,0.0,0.3665980082707471,1.2225826368499821,0.8587313700648129,0.8904919126971177,-0.6630225312119798,0.36792574083338736
1,0.9097386557896933,-0.009178118817950942,-0.009178118817950942,2.169568146798464,0.0,1.0,1.0,0.0,1.0,0.0,-1.3547249596167008,-0.37307756071807896,-1.7459847099476993,0.07942500132095953,1.3607970221519616,-0.2105060745495889
1,4.720478717770039,3.2232874945596555,3.2232874945596555,6.2119940935295475,1.0,1.0,1.0,1.0,1.0,0.0,0.05732870523729276,0.9974408429759085,0.9579624290945596,1.9268224021198956,0.6369934047649038,0.15586587123879125
1,8.817589276264224,4.110616348225711,4.110616348225711,7.398793168333251,1.0,1.0,0.0,0.0,1.0,1.0,0.8063705738858619,2.719422831145784,1.2694757127367458,1.5963116504398047,2.4986864587771485,0.3958105815315498
0,-2.080666536375651,-2.030542640549044,0.4755972552148746,-2.030542640549044,0.0,0.0,0.0,0.0,0.0,0.0,-0.9651905474782295,-0.017698746838642143,-0.4288595404098606,-1.7658810168241104,0.5942148316783351,-0.5905864473784788
1,9.348268405782228,6.050718686811892,6.050718686811892,7.728414214987464,1.0,1.0,1.0,1.0,0.0,0.0,2.222256508687842,1.3354040551821615,0.4335941398640546,-0.22854683643692805,0.8322891979307414,0.7748363751062378
0,5.699366813109203,5.356416311567955,2.793675554462516,5.356416311567955,1.0,1.0,1.0,1.0,1.0,1.0,0.13374766391076498,1.7489763091050647,-0.24870450736552144,-0.19771444876031247,0.055864455907326596,-0.8390706300187615
1,-1.2067818628319793,-1.015607270394443,-1.015607270394443,0.4092463814980435,1.0,0.0,1.0,0.0,1.0,0.0,-1.667455739203706,-1.4723196117540533,-0.4964914550378131,-0.14022042117333045,-0.6630206189659394,-1.3062769017922866
0,0.9296543839158995,0.4065336872508469,0.6162580673648319,0.4065336872508469,0.0,1.0,0.0,0.0,0.0,0.0,-1.329999509660816,-0.11318607695960481,-2.0152203334265923,-0.5992336071375426,-0.23041140768529678,0.16182148144591235
1,2.1145131563615753,0.7402175442088026,0.7402175442088026,0.35839352724798024,0.0,0.0,0.0,0.0,0.0,1.0,0.5922532454492245,-0.8859600377494781,0.8376902071813735,0.3722002340014737,0.39647671931350564,-0.309326906417928
1,3.8103774236709738,2.586151861722026,2.586151861722026,3.5581554215455027,0.0,1.0,0.0,0.0,0.0,0.0,0.9352670622934689,0.6174131534926008,1.0283397864319674,1.1988284314110318,0.3107040817351383,0.2004786122055049
1,2.8146880854619534,-1.672443620345531,-1.672443620345531,0.716227478178839,1.0,0.0,1.0,0.0,1.0,1.0,-0.6846818483444336,-1.4466621350721396,-0.5234017118029295,-1.294009868573875,-2.4593581261803914,-0.8685787737237943
1,7.727795315880386,3.0012140890074255,3.0012140890074255,4.914539650669148,0.0,1.0,1.0,0.0,0.0,0.0,2.0424728684932494,1.230821887849318,-1.0481181615485144,-0.7390649537655765,0.6734232314986736,0.9410475237731883
1,1.963866326230852,1.46998472353129,1.46998472353129,2.989933766104774,0.0,1.0,1.0,0.0,1.0,1.0,0.2039043761037586,-1.279257640791765,-0.8674569101953643,-0.9535572101577768,0.4369820394171692,-0.7184271519688372
0,-2.2545379928200493,-1.9523992203376999,-1.7381172434341317,-1.9523992203376999,0.0,0.0,1.0,1.0,1.0,0.0,-2.002533856318391,-0.6596051201564364,-0.7381652832742163,0.14480548337678475,-1.507793706922238,-1.4721093619768935
1,2.895891263880227,2.614290801859476,2.614290801859476,3.3919169511461016,1.0,1.0,0.0,1.0,1.0,0.0,0.8183149921212418,-1.5328971377423493,-0.09525931159063078,-0.32392762865040425,-0.5617984864398806,-0.45069430823095014
1,1.4359494172587852,1.1658003053874597,1.1658003053874597,2.8095987421333413,0.0,0.0,1.0,1.0,1.0,1.0,0.6460573293024227,-0.15178729145709585,0.26166833634568776,0.5766988127151407,-1.2951497790973807,-0.9880120489663401
1,3.9976481236699835,1.462384579349444,1.462384579349444,4.443425627389416,0.0,0.0,1.0,1.0,0.0,0.0,1.4910010856421325,-2.1872963871613016,0.20089711680116384,0.7625698680080241,1.34649648218517,0.8191356236396397
0,-1.8439536164582582,-2.655964980688068,-2.8530018570287736,-2.655964980688068,0.0,0.0,0.0,0.0,0.0,1.0,-1.4423217967774324,-1.1654880068750126,0.44284160174294246,-1.3035001279758491,-0.2863883581004052,-1.4973331533065037
0,1.1063173173353782,0.5644265226214481,-1.5685249129014696,0.5644265226214481,1.0,0.0,0.0,1.0,0.0,1.0,-0.4804587792242344,-0.7594099805043156,-0.06601015551252604,-0.9644638549418956,-1.2271685621404362,1.5511596630405724
0,0.08212852399045689,1.5336437251749038,-2.486034640160905,1.5336437251749038,0.0,0.0,0.0,0.0,0.0,0.0,-0.3105134512569759,-0.7311496654623293,0.33170341350558463,0.4336359819560963,-0.8355561857742706,0.9553834187642523
0,1.4999107315931726,1.969017005854718,0.6971685328783588,1.969017005854718,0.0,0.0,0.0,1.0,1.0,0.0,0.7254463244394045,-0.4510652123302189,-0.20173428390215775,0.22743715229206002,0.627957458713883,-0.08542046113513968
0,0.890451846012235,-0.267678469116607,-0.9891347796242046,-0.267678469116607,1.0,0.0,1.0,0.0,1.0,1.0,-1.0368201103457566,-0.3791226006079241,-0.2412600271891292,-0.8148823095601652,-1.339533758477771,-1.4017926065392108
0,4.864769293018379,4.939685808765639,4.426296087068795,4.939685808765639,1.0,1.0,1.0,1.0,1.0,1.0,1.5678511177941998,-0.19273227924688321,0.07299718064743466,1.6412330458261915,0.3103283117412207,-0.6578364393570233
0,4.092231179252669,4.757329556309046,6.492850203743105,4.757329556309046,1.0,1.0,1.0,1.0,0.0,1.0,0.49105190712541147,1.212965341032218,0.2879686238353346,0.19114162345893682,2.47887238220609,0.701438767623503
0,1.6929075367612654,6.130849422994472,2.5839854904695736,6.130849422994472,1.0,1.0,0.0,1.0,0.0,0.0,-0.22921793886521977,0.3603255981885839,-0.7584000910406297,0.998392803063524,1.143898791594948,-0.8589175093704614
0,4.237165669423608,6.930602510692795,3.792663511016031,6.930602510692795,1.0,1.0,1.0,0.0,1.0,1.0,1.69364809058069,0.6557668573857913,1.2798812661889372,1.9401813254345597,0.3545124152664606,1.344688699388075
0,0.9481670138977916,3.692189419041985,1.3896911568825105,3.692189419041985,0.0,1.0,0.0,0.0,1.0,0.0,0.07087713914093305,1.007238993620852,0.0564907404779339,0.04441570156521857,-8.797470851640288e-06,1.1784932591207222
0,0.7792831110305117,2.4676312428783174,-0.2751457108729678,2.4676312428783174,0.0,0.0,0.0,0.0,0.0,0.0,0.12987645898473554,0.1273663624139223,-0.754641470847577,-1.2741924391301243,-0.14522367234643407,-0.9457307438286132
1,-2.4766230278855237,-0.1852112147386773,-0.1852112147386773,-0.38136515110625924,1.0,1.0,1.0,1.0,0.0,0.0,-2.513093899267747,-1.2775684920440142,-0.6492883342351383,-0.7830977423490206,-2.5218134201971814,-2.1925782640175075
1,0.5971269049237817,-1.025487032303379,-1.025487032303379,3.0390945579555213,0.0,1.0,1.0,1.0,1.0,0.0,-0.9984191493575705,0.8218220528352236,-0.21459050091409038,-0.43132725933757904,-0.7862599245619236,-0.4413623766381334
1,5.112158837802612,4.03563382490519,4.03563382490519,4.658537673333739,1.0,1.0,1.0,1.0,1.0,1.0,0.6150191552238952,0.21877412284069597,0.6972544731269297,0.8379062301030126,0.4420421303667549,2.050854095074997
1,2.050878556878427,-0.5068893948807629,-0.5068893948807629,0.016504105801551816,1.0,0.0,0.0,0.0,0.0,0.0,-0.5867318238725165,-0.05327543608152796,-0.23452566536535382,-1.312538054075563,-1.3679103558267793,0.10719701564224093
1,5.156435742557264,5.019868878931681,5.019868878931681,8.595107206583712,1.0,1.0,0.0,0.0,0.0,0.0,1.8463023964839194,1.4959195530698615,1.5481306266591077,1.506264205799494,0.9276143981885094,0.5940388963937523
0,4.772717647487766,8.179268265466968,5.8778263130583595,8.179268265466968,1.0,1.0,1.0,0.0,1.0,0.0,1.5796327168697013,1.48946118880168,0.9303826411481395,0.6086442697734715,0.48772011591085684,-0.5656775178660947
1,2.749553967963756,2.3705988791781376,2.3705988791781376,4.641617512178776,1.0,1.0,0.0,1.0,1.0,1.0,1.0503838229689717,-0.5044549233790572,0.9445161009370383,0.03688837063093753,1.1733514644972092,0.6677428010572959
0,3.0764205381875835,4.532987721596897,1.8471716354769518,4.532987721596897,1.0,1.0,1.0,1.0,1.0,1.0,-0.5645262710230408,1.4283425530998035,1.1782801777245995,0.4314056383020617,1.8769874246932752,2.0499023892745942
1,2.694166251113611,2.253503443712439,2.253503443712439,3.3851295007127304,1.0,1.0,1.0,0.0,1.0,1.0,-0.3545460763438881,0.7997442684635867,-0.010409108915109488,-0.5536481578740464,0.36943342930589257,0.4505676016825416
1,3.3526477160178336,1.367341041515556,1.367341041515556,3.1703776762082683,1.0,1.0,1.0,0.0,1.0,1.0,-0.6793030893666867,-0.37479460679103643,-0.8191637581996747,0.6779289582523911,-0.20149877957259416,-0.7688335476654752
0,2.6800845955193973,4.27548025857593,2.950832339025084,4.27548025857593,1.0,1.0,1.0,0.0,1.0,1.0,-0.3029584328873921,-1.2497311734456606,-1.665283076653399,0.6740144421758996,-1.2427940582117183,-1.947653072136445
1,3.5562719955058237,1.0971663390133717,1.0971663390133717,4.000815739656426,0.0,1.0,1.0,0.0,1.0,1.0,1.195616472875526,-0.9136277305614009,0.7054189629251985,0.4391373117479874,1.8664313387191227,-0.07861081179924506
0,3.552168996978038,5.093982332098054,2.6065585848844415,5.093982332098054,1.0,0.0,0.0,1.0,1.0,0.0,-0.1332558149920503,1.2057506569785517,0.6573584816982385,1.6566309808406143,1.2708477283885804,1.755705551657479
0,-1.9743900908217222,0.9756539570407442,2.471172877025247,0.9756539570407442,1.0,0.0,1.0,1.0,0.0,0.0,-0.41533042635055684,-0.24509258652018087,0.6703643381443669,-1.0600118414682402,0.6998322902734403,-0.6983323461167744
0,1.2791556475720633,2.1751796223674686,0.7677385138896561,2.1751796223674686,1.0,0.0,1.0,1.0,1.0,0.0,-0.8552042508479664,-1.1628198708032378,-0.9185562634712031,0.8871737640816953,1.6001778734612013,-1.2519513358354917
0,-1.2311893645306382,-0.02122852977756394,-0.6038640797433994,-0.02122852977756394,0.0,0.0,0.0,0.0,0.0,1.0,-0.38817610809514075,0.01535117590749202,-0.3875298198682447,-1.4537653339992809,-1.1867962352829542,-0.21029166260613819
1,2.6369847116377256,0.6581394906105901,0.6581394906105901,2.676633787130992,1.0,0.0,0.0,0.0,1.0,1.0,-0.3903228347124859,1.818406504247473,1.0106953296216858,-1.9473128893123999,-0.2541624648314761,0.8449158508058958
1,6.593562301060985,2.750946601199255,2.750946601199255,5.24500613435188,1.0,0.0,1.0,0.0,1.0,1.0,1.387956261276745,1.4530075650539522,1.6856899521307342,-0.6903632041756905,0.4018883915225264,0.5790558376980035
1,2.1155469432023333,3.0125372831323007,3.0125372831323007,2.4812118714649114,1.0,1.0,1.0,1.0,1.0,1.0,0.8231052079117697,-0.8932908689226491,1.5209487805322899,-0.1748685433255185,-0.23089651613809387,-0.5580065364746225
1,4.798007115269389,2.9473313760142754,2.9473313760142754,5.444224999556096,1.0,1.0,1.0,1.0,1.0,1.0,1.063749657556564,-0.1980235653015543,-0.15186327450231263,-0.6267467530325714,-1.1919872014799329,-1.4982799504505744
1,4.986461920452177,4.059890864477628,4.059890864477628,6.477283057473963,1.0,1.0,0.0,1.0,1.0,1.0,1.3760129374426426,1.0257607203461785,0.23276470379137898,-0.6016834554726065,0.2618754742200492,0.3951081823998484
1,3.3154068173668816,3.0245607834952652,3.0245607834952652,2.176096378090081,0.0,1.0,1.0,0.0,1.0,1.0,0.021932419100192398,-0.8074536597282016,-2.8518852176743796,-0.615105175957909,-0.2752783325407615,-0.03685189965847879
0,2.3428922985845486,2.5592314747760194,1.798859739217399,2.5592314747760194,0.0,0.0,1.0,1.0,0.0,1.0,-0.011024102169848553,1.7381574076380601,0.2247645192019766,0.9341410679453461,-0.32267780709676863,0.3099336535234656
0,0.59186001273506,4.212392004883626,3.9019871051283452,4.212392004883626,0.0,1.0,1.0,0.0,0.0,0.0,0.05571463599245904,0.6727384050064269,-2.041760641466852,-1.1059994849116694,-0.6451776808725507,0.3370392687840379
1,6.321061118855702,3.095550201984859,3.095550201984859,5.558774668288975,0.0,1.0,1.0,1.0,0.0,0.0,0.9293490325281615,0.6303781715229435,-1.8109654682441638,0.43583020073059936,-0.5825002453034367,0.37242690088433344
0,1.8973560612556222,0.25588066334800086,0.018265319381906453,0.25588066334800086,1.0,1.0,0.0,1.0,1.0,1.0,-0.519867271616955,-0.3525643442074834,-0.7689241492221492,-1.0582742542614971,0.6685956544088723,0.6203045478123309
0,3.034951943539568,5.340560272898725,3.7116598850828284,5.340560272898725,1.0,1.0,1.0,1.0,1.0,0.0,0.1845562712559676,0.8701708971010579,-0.2617629177295943,-0.4034805523294821,0.8108434073432417,0.08047508367007103
0,3.615472167251266,3.766666579494159,3.2434301355205832,3.766666579494159,0.0,0.0,1.0,0.0,1.0,0.0,1.969585834082652,0.2172002789717195,-0.46805734096285356,-0.00127225731953709,-0.6980034880790564,0.5479313174387298
0,-2.016539964733321,1.9705608111094373,1.5084185589076302,1.9705608111094373,0.0,0.0,0.0,0.0,0.0,0.0,-0.19148732514973563,0.6402768120115416,-0.9808276515771428,-1.5162600451739507,-1.0431789228563482,-1.1211524092398266
1,6.017499581092076,5.500604409154908,5.500604409154908,2.8865385258639007,1.0,1.0,1.0,0.0,1.0,1.0,0.1576595711623287,0.49497996671888633,-0.2421047464246251,-0.3338734818127002,-1.2286422471078733,0.9384793901789202
1,1.2484954101573227,1.8533800534445675,1.8533800534445675,3.3697562346601626,1.0,0.0,0.0,0.0,0.0,0.0,-0.10051638231304715,0.21229078981401242,0.21940203082375148,0.6755679733262361,1.3722710509061293,-0.2604885828739723
1,4.336398050199442,1.7744017645697001,1.7744017645697001,3.5609471300121487,0.0,1.0,1.0,0.0,0.0,1.0,-0.09502380187732512,1.1857148962072632,0.42707269944769377,-0.0951181396583401,-0.0238660522831301,-0.4122402917423574
0,-2.2493773481987565,2.2832433637194223,-2.170762542533934,2.2832433637194223,0.0,0.0,1.0,1.0,0.0,0.0,0.17536451259342936,-2.2742824734759783,-0.984844570364934,-1.412242506799897,0.8209275234765686,-0.08012837950277507
1,0.8878690285862301,1.1639132023291974,1.1639132023291974,2.8458132621361187,1.0,0.0,0.0,0.0,1.0,0.0,0.1947420797143798,0.8272694619728623,0.5130820262247286,-0.4742192789926801,0.21021725386822382,0.8652011988953864
1,1.6435802147867002,3.1866099127067287,3.1866099127067287,2.06995281263717,1.0,0.0,0.0,1.0,0.0,1.0,-0.4304053831736094,0.045320865435375945,-0.9668821131947011,0.09980829229943586,-0.9895739635418492,-0.7007454211022626
0,-2.0813460834029622,-1.503807245709428,-0.3632947340877718,-1.503807245709428,0.0,1.0,0.0,0.0,1.0,1.0,-0.9989448634210011,-0.4375801916173414,0.9436605476910545,-0.9630203843935952,-1.5566017344670837,1.0427983643751726
0,1.6606954973662411,3.428318509069645,0.0373148363348863,3.428318509069645,1.0,0.0,1.0,0.0,1.0,0.0,-0.19455470038243333,-0.5761868342269827,-0.018541218767475227,0.954185693132863,0.5671555388556282,0.7193061424848575
1,4.017035636640159,2.375711055866086,2.375711055866086,4.3947907822723575,0.0,1.0,0.0,1.0,0.0,1.0,0.22796603738719579,-0.3756177378770561,0.02408013271834886,1.5673328502272943,1.6215922600507529,-0.21052637697319776
0,5.0040137038458585,6.323051306161872,2.361566874128809,6.323051306161872,1.0,0.0,1.0,0.0,0.0,1.0,1.6031946105646173,0.5311732263934392,0.8678648646147771,-0.5925981117403156,-0.13209294664787244,-0.30931620376477276
1,1.7117072588510456,0.6354742914918885,0.6354742914918885,-0.010111255735685276,0.0,0.0,0.0,0.0,0.0,1.0,0.5740042550083801,-1.098721221325912,0.12446260904901518,-0.8154200191198735,-0.2402306122484912,-0.04388189874924214
0,2.7941415551108437,5.457350205283875,3.8137701638830666,5.457350205283875,1.0,1.0,0.0,1.0,1.0,1.0,0.07641612840449535,1.205701323891171,0.877743246810818,0.40791817425539767,-1.060160887310322,0.6293733629727396
1,0.007923614695989789,-0.7237189139666147,-0.7237189139666147,0.8746707399855969,0.0,0.0,1.0,1.0,1.0,1.0,-0.3595283220230424,-2.449384084264369,-2.395090685796089,-2.455197921206246,0.4315116250944999,-1.5980188255800618
0,1.3291466572561723,3.436009754919704,1.877934902084242,3.436009754919704,0.0,0.0,1.0,1.0,1.0,1.0,-0.29657114053950273,1.7577858266873458,0.6659941862544159,1.1574133896604863,0.6004325867659568,1.6091005990143976
0,1.4185573468193606,2.874568207799226,2.811777555471997,2.874568207799226,1.0,1.0,0.0,1.0,1.0,1.0,-0.23119727528132566,-1.2978786174986192,0.6063065161093676,1.2155358553925937,-0.2166943184270551,1.9817610202383196
1,5.515713753907118,3.461433412616363,3.461433412616363,7.520029180420685,1.0,1.0,0.0,1.0,1.0,0.0,1.910191967063591,-0.009047749489501683,-0.35770771338734564,-1.6180914602090315,-0.09601066377150469,1.2494954237878353
1,4.426877140349097,1.1424729100909377,1.1424729100909377,6.369886877540332,1.0,0.0,0.0,1.0,0.0,1.0,0.24901621542852984,1.7731648270259188,0.3430730379270964,0.2585202546208443,-0.46476625478534817,1.3057780182009615
0,2.054933028072326,0.7859621167280237,1.1141429844215311,0.7859621167280237,0.0,1.0,1.0,0.0,1.0,0.0,0.37967926313863937,0.2282464792603891,0.6680190579051963,0.41093069489667944,0.3107180638048784,1.913792622647141
0,2.141260519459738,1.8306721668427675,2.389593220990134,1.8306721668427675,0.0,1.0,1.0,1.0,1.0,1.0,0.1532840254369809,0.16711199270439187,0.4490617554847093,-0.4030632204122743,-0.15849538570314103,0.021943287161452135
1,3.475681592330185,2.358356437540794,2.358356437540794,1.6689434222006418,1.0,1.0,0.0,0.0,0.0,1.0,0.3215297546802607,0.1673910691615163,1.1180857691102457,0.5102764072692427,0.7088412691858272,0.1706775362508191
1,3.8081040820210217,0.8174886505688947,0.8174886505688947,4.757551009458699,1.0,1.0,1.0,1.0,1.0,0.0,0.9327614706706346,-0.44102075935637086,-0.22162916580538194,-1.179823003085904,-2.297601046099918,-0.7370057870012264
1,2.6976228681284242,1.043809590502737,1.043809590502737,3.645504728183268,0.0,0.0,1.0,0.0,0.0,0.0,0.46309273580788485,-0.1860484636867068,-0.41786443870100426,1.1175009028785177,-1.8241387501740394,0.43246113890865995
1,6.561132821041441,3.7627727747012845,3.7627727747012845,6.590343475565374,1.0,0.0,1.0,1.0,1.0,0.0,1.2097257020413257,1.0180240520322577,0.027459938824211994,1.8833525640405027,0.6076711966619112,0.8679399217547515
1,4.501319388845575,4.1424224991000775,4.1424224991000775,5.961735300103402,1.0,0.0,1.0,0.0,0.0,0.0,0.8626937331225868,0.21163744992956357,-0.6907925793294796,1.2729935748866554,0.6027855053327111,0.17168306550804047
0,-2.816065667051554,-2.87026562324379,-3.3534529155718547,-2.87026562324379,0.0,1.0,0.0,0.0,0.0,1.0,-2.0438723770061666,-1.436343648538576,-0.3178685533581527,0.06575234476683905,-2.277444814736879,-1.8507947850424467
1,5.324613228813207,3.069403636315212,3.069403636315212,4.9363339239159565,0.0,1.0,0.0,0.0,1.0,1.0,1.221647398679477,0.7215049142497361,0.4634366452466132,1.1678148450359527,0.5916829116561045,0.2971238579837608
1,2.8557246086110903,3.143610871901699,3.143610871901699,2.0120083182911017,1.0,1.0,0.0,0.0,0.0,1.0,-0.009808261828343079,-0.4031423511708547,-0.5372455935415866,0.3495250115108367,-1.636640218851444,0.042876443680104015
1,8.517314358739279,5.334363732019826,5.334363732019826,8.612237800645644,1.0,1.0,0.0,1.0,0.0,1.0,1.7334197653309888,1.2692366912828261,-0.820630851506718,2.4784081127333653,2.3535179447552386,0.821547182020207
1,0.9342558777114577,1.4959735222014285,1.4959735222014285,3.6190639565180067,1.0,0.0,1.0,1.0,1.0,1.0,-0.06786111536980337,-1.8539508073160844,0.12620129146428657,-1.288144732199048,-0.46508487421070877,0.2121011298733662
0,1.4542731797889807,2.9520679938607852,1.947904109398381,2.9520679938607852,0.0,0.0,1.0,0.0,0.0,0.0,0.818023625456163,1.2574213651692399,1.3833822285988562,1.46686402662258,0.5255265861324885,-0.03442664715477817
1,3.9309038281204565,-0.10153745838049377,-0.10153745838049377,2.7746347997585556,0.0,0.0,1.0,1.0,1.0,1.0,0.5155023370321213,-0.23409237753415688,-0.025704750809158933,0.4658574406241384,0.04777774587611079,-0.36208820419215004
1,5.934681526767208,4.228720406362579,4.228720406362579,5.368572864268765,1.0,1.0,0.0,1.0,0.0,1.0,1.1548460577520459,0.2632482335543886,0.3680996279410377,-0.45320566059916007,-0.10273540649678742,-0.2558803244652729
1,6.366010586966616,3.422999220372912,3.422999220372912,4.5096531092790775,1.0,1.0,1.0,1.0,0.0,1.0,0.10555449237044184,1.1686820191049954,-0.11691239645554165,0.8838846531812898,-0.21723651604875266,-0.26301984429413566
0,2.8721542311950206,4.075289835177069,1.6875811346512337,4.075289835177069,0.0,1.0,1.0,1.0,0.0,1.0,0.17188241992893386,0.39186617811506763,0.314917601886443,-0.07062414279616083,0.769835287976772,1.436226562287395
0,2.9622287246802497,1.8618923336473885,2.1178727997774938,1.8618923336473885,0.0,1.0,1.0,0.0,0.0,0.0,-0.44955801068463414,0.37443892942339074,-1.4953344732447724,-1.4631896672830615,-0.7390901013604735,-0.8129187870979511
1,-2.947940223529252,-2.7164550384202113,-2.7164550384202113,-1.3142401494473719,1.0,1.0,0.0,0.0,0.0,0.0,-2.2323764020672057,-1.3676894368156014,-0.45839316561557797,-1.1725208728455543,0.38090152898537566,-1.393030375929488
1,2.3405685202685076,-0.2457618449562688,-0.2457618449562688,2.0206894263895907,0.0,1.0,1.0,0.0,0.0,0.0,0.0354854040432276,-1.0218960489842244,0.19364444366407774,-1.1042334715937836,0.5969032803985969,1.5647455659322103
1,6.190570389506829,6.279987761029654,6.279987761029654,8.156646163925172,1.0,1.0,1.0,0.0,0.0,1.0,0.6742583437909153,2.147401043628352,0.08253712539093344,0.13334840632350747,0.4474163739632364,-1.2423263909013706
1,2.6963129362509286,0.6755641469568068,0.6755641469568068,4.078954816863571,0.0,0.0,1.0,1.0,0.0,0.0,1.2914658153976981,-0.32665802510523384,-0.28424340217097577,0.8828629732781375,1.233880218095025,0.08815926862348757
0,-0.1667202371605928,0.7712240062081596,1.4845131146799297,0.7712240062081596,1.0,1.0,1.0,1.0,1.0,1.0,-1.5532444198210873,0.15202092974368275,-0.4300844993699391,-1.2396919149921841,-1.6342181951585681,-0.734709940345684
0,3.6217254867137636,6.900391441591627,3.3030645084158112,6.900391441591627,1.0,0.0,1.0,1.0,0.0,1.0,2.473434633138148,1.0996202766925263,0.9951077229021846,-0.28750991052648667,2.172306079581513,0.483301601687932
1,3.550511220044848,-1.8794928102289923,-1.8794928102289923,1.674972842269046,1.0,1.0,1.0,0.0,1.0,1.0,-2.4494395316501656,-3.146534855007384,-1.6074753315199233,-0.2926825334006571,-1.87137288451253,-2.6731254641540496
0,-0.2740224197613303,2.733933408812768,0.7069777459579893,2.733933408812768,1.0,0.0,1.0,1.0,1.0,1.0,-1.261963495384714,-0.7242531946254673,-0.6403380978122902,-0.48528457490781157,-1.128890502680438,-0.28467404965234105
1,4.90583175680601,3.3063749122838475,3.3063749122838475,4.711866487342872,1.0,0.0,1.0,1.0,1.0,0.0,0.9830992206899368,0.9125685269929591,1.0012090856332834,1.0263715398934883,1.520755362117334,0.38271575375240696
0,0.7558251695691556,2.206676820919222,0.23119073158289596,2.206676820919222,1.0,1.0,1.0,1.0,1.0,1.0,-1.845676215063289,-1.3081658344681657,-2.778781443305893,-1.6307977393404012,-1.4137959532848599,0.07641499373128058
1,2.0054080964116077,1.4700801804746102,1.4700801804746102,5.090968985194463,1.0,1.0,1.0,0.0,0.0,1.0,-1.580710268186524,0.6035875435910862,-0.31309921835073784,1.3285678050896204,0.5115462575702916,-0.3903648981178156
1,5.420687109332057,5.9576273448730035,5.9576273448730035,4.85683507020766,1.0,0.0,0.0,1.0,0.0,1.0,1.2595124072953827,0.737070769423168,0.03446981764610041,0.011775191035731741,0.5635942231004876,0.6902709870331663
0,2.308461121073152,3.655099381894277,1.6936809175040701,3.655099381894277,0.0,1.0,1.0,0.0,1.0,1.0,0.30242476838880333,-0.24454276141739584,0.4491116204747282,-1.0775886227048956,-1.4530717806781164,0.7205671216122883
1,3.7473695770742292,3.5966528523643553,3.5966528523643553,5.963434157645276,1.0,1.0,1.0,1.0,0.0,1.0,0.9608683109294214,0.8040340859790509,1.3582107919089617,1.749113144498247,0.07528500977890096,0.43439469557219595
1,-0.21716787314025043,-1.0966796617560193,-1.0966796617560193,1.3670953306787672,1.0,0.0,0.0,0.0,0.0,0.0,-1.0815135521162473,-0.5089327054202017,-1.9550740516188716,0.1634426650807196,-1.4522296317196763,-0.8558520292246441
1,0.8965772259338397,1.424409384151906,1.424409384151906,1.0912950797078869,0.0,0.0,0.0,0.0,1.0,0.0,0.9452681161803472,0.34592199563941967,2.029258422568697,0.42046173987689633,1.2661196868834819,-0.01854246911384394
1,1.78904639145431,-1.257029672145822,-1.257029672145822,-1.06584081403374,0.0,1.0,1.0,0.0,0.0,1.0,-1.542423990466988,-0.19027558347911194,-0.10230843067241147,0.9484310094922042,-2.015747476780223,-0.674490444072717
1,3.230406697161015,2.3262961970689013,2.3262961970689013,2.878025025045158,1.0,1.0,1.0,0.0,1.0,1.0,0.3050635694047167,-0.23031051415924775,1.2418816559846917,0.6418813523073832,1.0130991770487374,0.4532601055628025
1,-0.08728583238018511,-1.9501482770099696,-1.9501482770099696,0.6797017870991213,0.0,0.0,0.0,0.0,0.0,1.0,-0.5849830143500457,0.4803106772397686,0.9217138676149101,-1.015453114954956,0.6594009544017913,0.557621820563255
1,4.033102724150802,4.21338988540233,4.21338988540233,5.141442967411039,1.0,1.0,0.0,1.0,0.0,1.0,0.4818753119801714,1.1704007972219717,1.1664167180294605,0.5024992299537606,0.5804447235827516,1.0828418131091575
1,6.387374831179786,2.570175887035799,2.570175887035799,6.909639404428397,1.0,1.0,0.0,0.0,0.0,1.0,0.7864342700170353,1.1963306696458544,-1.0445532731071487,1.246782009839317,1.7835756243887921,-0.23229888340718063
1,-0.4205480421365033,-0.41520942144454365,-0.41520942144454365,-0.367762688582464,0.0,0.0,1.0,1.0,1.0,1.0,-0.7079437425222306,-2.0197122977845154,-0.24134941964849788,-0.3787494180300528,0.03496084328844984,-0.1551654599702048
1,3.8646885061162912,1.2914904726541727,1.2914904726541727,5.541592559008452,0.0,1.0,1.0,1.0,1.0,1.0,0.10507810284525845,1.614509323249925,0.5101117054787695,0.9956214667063654,2.210902369646867,0.43241897333567436
0,3.01927355096169,4.026003601285719,3.0851755735563198,4.026003601285719,0.0,1.0,0.0,0.0,0.0,0.0,0.976387955992309,-0.5527479552177226,-1.2033327048605063,-0.8746430546835122,0.7973608188735061,0.7875740349607546
1,-1.0412880590835307,-1.0140812977922316,-1.0140812977922316,-0.706017582826289,0.0,1.0,1.0,0.0,0.0,1.0,-1.7082995812820898,0.2138839251035468,0.3959501675352339,-0.6384712205857617,0.7765490594703104,-0.7357341460662332
1,3.5384282885185785,1.7682989568576906,1.7682989568576906,3.200689915551681,1.0,1.0,1.0,0.0,0.0,1.0,0.1595978238509086,-0.0011282975021231767,1.3277300801563323,-1.0887483642997333,0.6701391490721132,0.9645676958039493
1,2.0371737067975695,0.042821179287713895,0.042821179287713895,1.1296636894038403,1.0,1.0,1.0,1.0,0.0,0.0,-1.3810980753329847,-0.34458307705162994,0.2695992591353855,-0.8469317738245017,-0.40129205990960065,-0.46251729619347914
0,3.3643145134970713,8.993264545849044,3.9393427840628052,8.993264545849044,1.0,1.0,0.0,1.0,1.0,1.0,0.8185806745596915,1.3961212573355721,-0.7781379609454597,-0.46695544005396916,-0.24029524027593313,-1.6619418528306114
1,4.1833624443042146,1.4047991145903016,1.4047991145903016,3.587980358231561,0.0,0.0,1.0,0.0,0.0,0.0,1.2866185280314455,0.23421926086487482,0.37326778436631347,0.4513064409365408,-0.18509476407548636,0.7055621473142474
0,-0.43181055770344084,2.938966555053082,0.3261425139422228,2.938966555053082,1.0,0.0,1.0,1.0,0.0,1.0,-0.6504973845924727,-0.9721970343348443,-1.3262938731537566,-0.9064420828478978,-1.3577054849975765,-1.7549973956232225
1,2.2596465907609944,2.447913587664675,2.447913587664675,4.527098555759298,1.0,1.0,0.0,1.0,1.0,0.0,0.2874869785190293,1.3246050215507317,1.1487540259989748,-0.2751311524161742,0.7252253336295491,0.23708742244474024
1,5.784468477087599,2.7104432278667736,2.7104432278667736,5.22784051164974,1.0,1.0,1.0,1.0,1.0,1.0,1.2199016541100514,-0.3115633889807202,-1.023161879292503,-0.32819032830487893,0.34249917716624106,0.15652377828439173
1,4.014305067450589,-0.003002252429601393,-0.003002252429601393,3.72223969444752,1.0,0.0,0.0,1.0,1.0,0.0,0.9755278766229852,-1.222480806696517,0.46746749314744784,-0.7300744397886441,0.4522873831968959,-0.5917007876223497
1,3.330592929344196,0.4825448326212576,0.4825448326212576,1.93461615113293,0.0,1.0,1.0,1.0,0.0,1.0,0.2745394679336003,-0.8206254882632484,-0.09324343964383297,-0.3560558465596408,-1.7087092043739913,0.12540372687329993
0,1.0195852824941594,3.248618217295744,1.726707719460534,3.248618217295744,1.0,1.0,1.0,0.0,1.0,0.0,-0.787262547682001,-0.06772191321720594,-0.217163270024803,0.2728687610404948,0.32181314787905635,0.3769717550507128
1,8.336931919046165,6.338931796076277,6.338931796076277,6.892856161758317,0.0,1.0,0.0,0.0,1.0,1.0,2.9732570420127495,1.7974366108165702,2.4985297130492192,0.5053276295875386,1.6742414051245886,0.6309552535737835
1,4.830514624637317,1.082075652390802,1.082075652390802,3.5406180797812796,0.0,0.0,0.0,1.0,1.0,1.0,0.6366769217271291,0.6220701563857823,0.17462095671786437,0.4896213077809298,1.3492933199154544,1.6105796247171165
1,6.304133334011941,3.203473641139546,3.203473641139546,7.883469637600943,1.0,1.0,1.0,1.0,0.0,1.0,1.9278999673722204,0.0034151279519268884,-0.516175662065711,-0.7069637161168739,0.1482686780780773,-2.043926495076998
1,3.8348871648146075,2.944739655476627,2.944739655476627,2.331026300463508,0.0,0.0,1.0,0.0,0.0,1.0,0.49684740352169393,0.9650035472524932,1.1993077732384516,1.6239239647471657,0.8994805542396179,0.12343989429184732
1,1.978444177187867,0.1330919220717546,0.1330919220717546,1.8668882100797632,0.0,0.0,0.0,0.0,0.0,0.0,0.6866837198814396,-0.08423569914466619,0.6850222024825474,-1.29505882063605,-0.216179372705627,-0.43549739387281844
0,0.12651935659878522,1.9275763682810294,0.45447022459924014,1.9275763682810294,0.0,1.0,0.0,0.0,1.0,1.0,1.142337126556808,-0.971275251207534,0.4487127629956832,-0.6157553028702475,1.3880404486348472,-0.5603365022885148
1,5.43257456514982,0.7765472213391527,0.7765472213391527,3.610729370708065,1.0,1.0,0.0,0.0,1.0,0.0,0.4005344786510645,-0.07811052156263604,0.27817824905266153,-0.759001527642589,-1.5823535353309088,0.24482915751687234
0,-0.070361485960718,1.0932777131807887,-0.918327577578995,1.0932777131807887,0.0,0.0,0.0,0.0,1.0,0.0,-0.8221767279791016,-0.04151184879995029,0.15474625625516672,-0.08999995431624716,0.476341091857892,0.25325500673090906
1,5.174227194857097,4.386746899472331,4.386746899472331,3.723576744375868,1.0,0.0,1.0,0.0,1.0,0.0,1.3630881417757499,-0.2469935866675497,0.18387625471723867,0.9561919767513634,-1.0071827024089222,-0.47265484803766195
0,3.0853681179588697,4.551429844441079,-0.5924223182841319,4.551429844441079,0.0,1.0,0.0,0.0,1.0,1.0,0.09364344280737825,1.5508164292817503,1.9411405046735164,0.8306810481125035,2.280354620477498,0.27381486876254346
0,2.1317353536137027,-0.3302261427615756,1.5319700854228602,-0.3302261427615756,1.0,1.0,1.0,0.0,1.0,1.0,-1.507861387377556,-0.42112956277055613,-1.0946534827261565,0.08070748835592986,-1.5390514404788238,-0.07065334501541631
0,3.6313874570650833,4.377103967831427,1.7694340579201069,4.377103967831427,0.0,0.0,1.0,0.0,1.0,0.0,1.0526291054032533,1.0766328855916867,-0.29785615858829634,1.531083252326333,-0.9197821166969765,0.6153516526927912
1,4.46549993892337,2.511530087730568,2.511530087730568,5.245738036862365,1.0,1.0,1.0,0.0,1.0,1.0,0.9833328416581186,-0.7084997596019367,0.4529823298678772,0.1415503046511277,-1.9103951673732444,0.2844770979635316
1,1.0095720716183414,1.3763102131134257,1.3763102131134257,1.6477170759301547,0.0,0.0,0.0,0.0,0.0,0.0,0.6437145372462786,-0.27621256185248555,-0.8748551865685059,0.10491419236833928,0.09862888314735552,-0.749023186503127
1,-0.26684210621917787,-1.270828644700109,-1.270828644700109,-1.02044125040561,0.0,1.0,0.0,1.0,1.0,1.0,-1.6377326275271165,-1.2380474700677366,-1.9807951854491188,-0.28759593716749,-1.8796113520978401,0.43561246903985995
1,3.2361241355566253,0.8253481124652832,0.8253481124652832,1.5704266337558646,0.0,1.0,0.0,1.0,0.0,0.0,0.06633754050432791,-0.29102466124948245,-1.2677123644249617,-1.7014673417443498,-1.3453978626374712,-0.2653228783153945
1,1.2703898812371492,-0.2689757333802078,-0.2689757333802078,1.0981740219734193,1.0,0.0,0.0,1.0,0.0,0.0,-0.3399206797395618,-0.4510422086094475,-0.022319106333228422,0.39798818393047153,-0.8432256333216259,-1.16630782718048
1,-1.3294147853724505,-2.9970283736462817,-2.9970283736462817,-1.4849781321316442,0.0,0.0,0.0,1.0,1.0,0.0,-0.7112458271975962,-1.9000753968666761,2.550422883496592,0.3991532350768421,1.1876226013493847,-0.05814126191142788
0,3.2011654790052657,4.7064819488630985,4.596868658041155,4.7064819488630985,1.0,0.0,0.0,1.0,1.0,0.0,0.19753159925400227,1.6759337041328637,-1.3373675779354626,1.646110886839878,1.1211731221328947,0.29406207556816416
0,0.27528968380743823,1.155348325207401,-2.432316645942673,1.155348325207401,0.0,1.0,0.0,0.0,0.0,0.0,-0.7935953649279591,-0.29147637355173145,-0.21582182655475912,-0.8187094326265184,0.4209408551378584,0.7537810931781572
1,2.882195198225592,2.990305643843447,2.990305643843447,4.648272289791384,0.0,0.0,1.0,0.0,1.0,0.0,1.6115210501091264,-1.1910786820594383,-0.22726058382936273,-1.2296374250155464,-0.36705990105639796,-0.3192358355912611
0,2.0599818622485326,0.9223655091770533,2.8639469256478245,0.9223655091770533,0.0,0.0,1.0,0.0,0.0,1.0,-0.1701629386667127,-0.10505268682260527,-0.5017209664974023,1.0881543237012086,1.6905239431737429,-0.07692268025520593
1,3.323764704654331,3.1970336045322942,3.1970336045322942,3.687529721236789,0.0,0.0,1.0,1.0,1.0,0.0,1.0703121967453402,1.1379540468177853,-0.7455007208835107,-0.1788586331699188,0.08758018918899348,0.5429519794261316
1,1.9278889118680702,1.5920888912158158,1.5920888912158158,0.7124401590646054,0.0,1.0,1.0,1.0,1.0,0.0,-0.7806748686803197,-1.1652337672568118,-1.0588232967200273,-0.9122211437025163,-0.8593742334023368,-0.6157541364362314
0,0.5929066588196382,2.2058068837677327,1.196469281989299,2.2058068837677327,0.0,0.0,1.0,0.0,0.0,0.0,-0.13294182088638873,0.1639887257845161,-1.061165403507503,1.323801238040938,-0.40746026934743607,0.20007527883621248
1,2.5916021527856485,0.5255581800002065,0.5255581800002065,3.673896719205089,0.0,0.0,1.0,1.0,0.0,1.0,0.7007806311044166,0.041145821269734595,-0.05049327853870994,0.7616816185980929,0.5138068472556253,1.2603839011556486
1,1.5799049599175818,0.16794564896398867,0.16794564896398867,2.22099265932741,1.0,1.0,0.0,0.0,0.0,1.0,-0.6942569709467045,-1.4952953235987216,0.20166411275295015,-1.6725751701501614,0.406624735255975,-1.3472379808787895
1,5.565715444566605,2.9305241949749528,2.9305241949749528,4.896603545559438,0.0,1.0,1.0,0.0,0.0,1.0,0.8494744988022729,1.5320889333240575,0.7187292184043164,0.6947191145692686,0.9195301964467483,1.0216898194826438
1,2.7668115078674473,3.588256319178187,3.588256319178187,6.081905470085175,1.0,1.0,1.0,1.0,1.0,1.0,0.87691224478486,-0.16562537871923155,1.5729055399110954,0.14724737313347888,0.517329115618458,-0.3813486039231283
0,-1.5552072559921548,-0.9053467499744025,-0.8842911779640021,-0.9053467499744025,1.0,1.0,0.0,1.0,1.0,0.0,-1.6638811394792137,0.012754034692023186,0.5338123046460899,-0.6458076424364202,-1.2880775599603738,-1.631512332106863
1,2.8833927165594613,-0.6814444729962931,-0.6814444729962931,1.3048358267030786,0.0,0.0,1.0,0.0,1.0,0.0,0.13643160918874606,-0.9090237084807016,-1.3123392563089271,0.03627738736396682,-0.0589322789201745,-1.0228240177754873
0,3.5277919839377176,1.4494519868974498,0.574252672957126,1.4494519868974498,0.0,1.0,1.0,0.0,1.0,1.0,0.3606491054552485,-0.22401219910857428,-0.3857732170770501,0.08363961861718971,0.036607169096152886,1.3543748927860213
1,3.116023882595522,2.678883009567837,2.678883009567837,2.824992306907672,0.0,1.0,1.0,1.0,0.0,0.0,0.259800612484961,1.1035813151440586,0.10566725114023273,-0.6163782887035216,0.16030283003203705,0.22360397369520357
1,2.2532435004181632,2.369767924183027,2.369767924183027,4.590310008759391,0.0,1.0,0.0,0.0,1.0,0.0,1.3217162651605707,0.9449692710688542,2.2991115403057822,1.0124400717248419,0.12374820043232426,0.6852459170010878
1,7.188211988888803,3.277483023562815,3.277483023562815,6.141745914384911,1.0,1.0,0.0,1.0,1.0,1.0,1.1821757788292273,-0.9645007768542191,-1.94649165186703,0.5899963507075718,1.5812878768947396,-0.32382839963994164
0,-0.9962188891087003,-1.3496941700135858,-1.8527974900597686,-1.3496941700135858,0.0,0.0,0.0,0.0,1.0,1.0,-0.21064145193084985,0.19217211350582986,1.5338549945121707,-0.5918569711811058,-0.6826015411652143,2.654403549496403
0,-1.4872891652782658,-2.430993366714495,0.3778726793087954,-2.430993366714495,0.0,0.0,0.0,0.0,0.0,0.0,-1.4824482249445272,0.34277578280180787,-0.12645846866207955,-0.9561121413855282,0.21563933211615716,1.0150168179393986
1,4.883354277420798,0.28287533550359745,0.28287533550359745,0.39021501370947176,1.0,0.0,1.0,0.0,1.0,1.0,-0.20040186818220931,-0.14655419927487734,-0.8514538469619131,-1.7494397385989175,-1.5846092316720015,-1.5808909126946005
1,0.7811790664608931,0.8355549549095236,0.8355549549095236,0.4220133261064459,0.0,0.0,0.0,0.0,1.0,0.0,-1.101610080925722,1.281425143305615,-0.21384812207102877,-1.4522339707949727,-1.0672185976731943,0.0712085028080427
1,-0.20401674002584236,-3.4034317568666532,-3.4034317568666532,-1.5088563741357306,1.0,0.0,1.0,1.0,1.0,0.0,-2.413033694277301,-1.7341412805159238,-0.7135963008333259,-2.1363722421159563,-1.6140102958055087,-1.2524153897120156
1,1.6830812137110915,0.5359976725874079,0.5359976725874079,3.017313646209346,0.0,0.0,1.0,0.0,1.0,0.0,0.11937617020072806,0.049986706995807484,0.4261960744306804,0.043627140898022984,-0.20818262977308377,1.8125205018595154
0,-0.4246338726981551,0.8865707951443267,-2.540862949664263,0.8865707951443267,0.0,0.0,0.0,1.0,0.0,0.0,-0.16771129797578374,-1.5974782904727678,-0.7838801971412086,-1.0972707691840908,-0.743721267061185,-0.8885466643864518
1,5.096966611836202,3.4141140135380774,3.4141140135380774,5.014754717594021,1.0,0.0,1.0,0.0,0.0,0.0,1.9600062636766664,-0.23870368844934725,-0.014994088284643048,-0.3478086355021086,-0.42392023790643935,-0.7094291768413459
1,0.5347708680684405,-1.0769526393739497,-1.0769526393739497,2.3529349198110383,1.0,1.0,0.0,1.0,0.0,1.0,-1.6237214945244165,-0.5712704978598742,-0.16638524093490226,1.4462793450301419,1.5086686903056783,-0.0446127427848364
0,0.06706427873842769,2.8423233791023637,3.2822833610752644,2.8423233791023637,1.0,1.0,0.0,1.0,0.0,1.0,-0.03398275057327699,-0.3750692919116072,-0.13254406116997713,-0.26343569879158973,0.4353413265666158,-0.08478883950330238
0,0.4180557363622285,3.073696997165519,1.1793833225923,3.073696997165519,1.0,0.0,0.0,0.0,1.0,1.0,0.2542266466925117,0.24335038476883572,0.23518729520407827,-0.4708720717742122,-0.8461145762308955,-0.19096953574733766
1,2.266874557649223,1.5343500401815542,1.5343500401815542,1.8706433611941615,0.0,0.0,0.0,1.0,0.0,1.0,0.7278893560766502,0.22098633582915547,-0.15116706926209122,0.4280866479324413,0.1925889464987463,-0.12706190699256953
1,0.9245042225334096,-0.9744211278384085,-0.9744211278384085,1.8588555964077207,0.0,1.0,0.0,0.0,1.0,1.0,-1.2939595839229645,-0.4166756010203465,-1.315326838590241,-1.3205140288608896,-0.9712996402827812,-0.15386309896978123
0,0.07756252881785136,1.0461335609072249,0.9730348546709826,1.0461335609072249,0.0,0.0,1.0,1.0,1.0,0.0,-0.3160932440421117,-0.5906332581766963,-1.1610081284575602,0.3305738065070302,-1.1332534242700738,-0.6482828267628562
1,1.5890947216098177,-0.480265352123738,-0.480265352123738,-0.7035937257211651,1.0,0.0,0.0,0.0,0.0,1.0,-0.6698819823282448,0.8735860526471169,1.422337991914491,-0.6116787642754744,-0.4298977113817768,0.5791645923282268
1,2.1008907546121365,2.1367274038748887,2.1367274038748887,1.9025440258491622,0.0,0.0,0.0,0.0,1.0,1.0,0.9235369290252544,0.34393997598737874,0.5718530118902423,0.7606741181031567,0.48336792707682175,1.1246402583813004
1,3.628455011716466,0.9505355521817545,0.9505355521817545,0.32395718876115076,0.0,0.0,0.0,0.0,0.0,0.0,0.8296577938171555,0.5525932012308225,0.8365579489971371,0.4111668719354699,1.064916895959993,-0.10227721849477545
1,2.5357039024677976,0.7593824277446726,0.7593824277446726,2.401839760603232,1.0,1.0,1.0,1.0,0.0,1.0,-0.8536211047021767,0.9116896875545517,0.3353026510360899,-2.383638940502148,-0.7719827812665746,-0.9703519769134429
1,-0.04741911660291587,-0.10054014454464666,-0.10054014454464666,0.19445175009884597,0.0,1.0,0.0,1.0,1.0,0.0,-0.9671437273797604,0.685153752702172,2.6694123517086163,0.6942569585877015,-0.9048048087141782,1.7994178636303428
1,2.146569495171704,0.6885368933869584,0.6885368933869584,0.9685497479015137,0.0,1.0,0.0,0.0,0.0,1.0,-0.6284714024263385,-0.1865174580939987,-0.2651347942940528,-0.045079469238232826,-0.8478868917562328,-0.2914646455801156
0,0.7874620828258043,2.1747505437704735,0.29704940347950526,2.1747505437704735,0.0,1.0,0.0,0.0,0.0,0.0,-1.666558670846666,1.7345562541694242,-1.0761234398835904,0.46001646045878863,0.2596628211068413,-0.9718764337935525
1,3.9947973719681613,2.597624530799414,2.597624530799414,4.628630454185423,1.0,1.0,0.0,1.0,1.0,0.0,-0.6140202423946959,0.09628396405914458,0.6055827747008715,1.7336490622430847,0.3420420703715256,-1.005565249095079
1,0.5992726513272655,-0.6985359592423337,-0.6985359592423337,1.4329154240312412,0.0,0.0,1.0,0.0,0.0,1.0,-1.3683173635833066,-0.21580033395974113,-1.8246974770791484,0.06357863500240568,-0.4254228613689872,1.5747390832961385
0,-0.781563171505382,0.06365787672425904,-0.529174594747468,0.06365787672425904,1.0,0.0,1.0,1.0,1.0,0.0,-2.3676289986516355,-0.6510829851806486,-0.7129676311067901,-1.3335960453593176,-1.373513862812564,-2.2344872924088035
1,8.707371275517273,4.590233203715793,4.590233203715793,8.620556992758381,1.0,1.0,1.0,1.0,1.0,1.0,1.9934820845985253,1.179299241455913,1.517211383926279,1.0082653690034962,1.0197251337471847,1.6511557570840318
1,2.500823180246126,-0.48405694632646235,-0.48405694632646235,2.451686730977474,1.0,0.0,1.0,1.0,0.0,0.0,0.4373388960555745,0.47590240634644043,1.9227801722701712,-0.8194147740131807,-0.735035952094654,0.4410082088558471
0,4.611642370043805,5.983261183120535,2.2900713103843664,5.983261183120535,0.0,1.0,0.0,0.0,0.0,0.0,1.0340149185471341,1.6325311383624952,0.4212657368907748,0.23765443158870528,0.5174822926971084,-0.8288311733761908
1,2.5549091288373855,-1.5563153566396757,-1.5563153566396757,4.27293179067466,1.0,0.0,1.0,1.0,0.0,1.0,-1.2024621691939057,-0.3647128272314671,-0.10867111066009827,0.6240933191166358,-1.912889871525124,0.436941565095537
1,4.092336002178219,1.6537308847922694,1.6537308847922694,4.299911187313305,0.0,1.0,1.0,0.0,0.0,0.0,1.0734041016890368,-0.009431709032664992,0.7312657958668208,-0.021715067502244084,-0.05526320441502039,-1.0603402585852633
0,3.4010329132874877,4.268908206999269,1.1574646408797533,4.268908206999269,0.0,0.0,0.0,1.0,0.0,0.0,1.1663042990420143,1.131043002156254,0.9527439568100593,0.42735086583307313,0.5023999441812499,1.2052485960947215
1,6.36181853025049,5.055656902665495,5.055656902665495,8.619085889844357,1.0,1.0,0.0,1.0,1.0,1.0,1.3960244406003466,1.6056518424190864,1.4870249045508146,0.6080185369947064,1.370787104282434,-0.1021199735940419
1,5.543664043388057,-0.9010395303225432,-0.9010395303225432,4.130178666127202,1.0,1.0,1.0,0.0,0.0,1.0,0.00597939368813381,-3.1643846046698583,-0.874459917678791,0.1589666228347167,-0.9874577493599972,-2.123501981617323
1,5.624441719315952,2.6930009921116795,2.6930009921116795,2.8867904077093858,1.0,0.0,0.0,1.0,0.0,0.0,0.9583464579941148,0.6452110378571492,0.083061094451434,0.18981321305893523,-0.010001912233244481,0.5053521640870652
1,7.308639849591035,4.240366867450879,4.240366867450879,5.215310818072075,1.0,1.0,0.0,1.0,0.0,1.0,0.7937232100311812,1.6516361256265009,0.2838040277466475,-0.5808621933932494,1.2304282447903105,-0.27382377541069036
1,5.090740200745988,2.2795515570408247,2.2795515570408247,5.5790249034131785,0.0,1.0,1.0,0.0,1.0,1.0,0.8826111037330796,-0.28703336234345944,-1.5823146337751932,-0.4928503747578296,1.5559728359006846,1.401715816426383
1,5.58834415044525,2.8838394143312005,2.8838394143312005,3.617538508708413,1.0,1.0,0.0,1.0,0.0,1.0,0.8377001961455326,-0.5071286235828149,0.30012423508660535,0.7919958438868068,-0.39861271600971365,-1.3724545527631715
0,-1.7033554936124307,1.2248551195600186,0.13856302810989773,1.2248551195600186,1.0,0.0,1.0,1.0,0.0,0.0,-1.1956591811062018,-1.7951212230040192,-0.5317802407347805,0.20851906869885695,0.06028409339141205,-1.386915414286947
0,1.3963582457785528,2.33020304117994,0.2900606169237232,2.33020304117994,0.0,0.0,0.0,0.0,1.0,0.0,0.14377126551509004,0.5399348728948978,-1.0022616316825106,-0.7215457329188162,0.5647913557384204,0.5721153608820019
0,-1.2286760580539262,4.069836838168964,0.9790719893468094,4.069836838168964,1.0,1.0,1.0,1.0,0.0,1.0,-1.7307987100034283,0.43420207552573886,0.594072349703112,-1.3709214740417512,-1.0978593621096175,0.6385588006738767
1,4.247807209606272,2.350154404593696,2.350154404593696,3.1796760383330493,0.0,1.0,1.0,0.0,1.0,1.0,-0.7620953401250402,0.15532405068472377,-2.352806423913187,0.3566682044465857,-1.9981827740982783,-0.47853927024837084
1,0.10573823549299188,0.2958419792598984,0.2958419792598984,2.9672528810836964,0.0,1.0,0.0,0.0,0.0,1.0,0.4358588434868347,-0.9518587240116418,1.1077098641211824,1.6736631463169098,-0.3253109077500396,-0.5549056487239394
1,3.18720667980804,1.900119649457673,1.900119649457673,4.369233825559003,0.0,0.0,1.0,0.0,1.0,0.0,0.6855290132357843,1.3445986427746717,-0.6800615009415374,-0.7066140578961704,-0.19011961563644517,0.43042705347258714
0,0.159688778423687,3.7223925634972894,0.5114943081969706,3.7223925634972894,1.0,0.0,0.0,1.0,1.0,1.0,-0.2521665766598262,0.326931971081826,0.3743279858640921,-0.8412524749865454,0.49857981045218913,0.3464887981473064
1,4.9201623552451,1.585922361809374,1.585922361809374,4.737313719010917,1.0,1.0,0.0,0.0,1.0,0.0,0.8084249180310532,-0.5583505819748379,1.2856493610413482,1.3402522337170304,-0.010918440456793799,0.6500192798365598
1,6.860801054824753,4.171109877659584,4.171109877659584,6.638718928615914,1.0,0.0,1.0,1.0,0.0,0.0,0.6400127085074239,1.3851947825840003,0.34932641975017087,1.0987418308659556,1.932761902153712,1.1306406751962816
1,2.6925405576159664,2.050396872568723,2.050396872568723,2.2891471590905903,0.0,1.0,1.0,0.0,0.0,1.0,-0.11132015924666917,0.5282001076275091,0.5035627383243317,0.3744364481043113,-0.3240645768581588,0.8415348659477089
0,-0.19076723958084263,0.4734392070797585,0.6853350185025131,0.4734392070797585,0.0,1.0,1.0,1.0,1.0,0.0,-1.3521559418110014,-0.3310696774634768,-0.10559677040339982,-0.05309362405538631,0.09754824438295204,-0.6236450406822096
1,3.0764626518354534,2.563989840235238,2.563989840235238,5.268374227521961,0.0,1.0,0.0,1.0,0.0,0.0,1.63802700878674,-0.30433235829173877,0.27567828415623574,0.8487759125433767,2.7722235965417874,2.1974057329198464
0,-0.18321908057469294,-0.05911316776714062,-1.9736461905972722,-0.05911316776714062,0.0,1.0,1.0,0.0,1.0,1.0,-0.7549260078701857,-1.0928232431465572,0.7208409732285911,-2.026058129677327,0.5442512783673501,0.27406929830401916
1,3.6395761329203515,3.2790783063621793,3.2790783063621793,3.7239701209665794,1.0,0.0,0.0,0.0,0.0,0.0,0.6144371788926895,-0.5220845437747889,0.1568979703574963,0.8493142372979052,-0.5848639403364377,-1.4051290444127855
1,5.926917844051053,3.258424026156359,3.258424026156359,6.648240969836731,1.0,0.0,1.0,0.0,1.0,0.0,0.5646132931275647,1.012850033322974,-0.2705427394074914,-0.27759968303389526,1.1810520284848347,1.6876865444614633
0,0.17918775755022642,2.0183511276326445,0.00976716781955933,2.0183511276326445,0.0,0.0,0.0,0.0,0.0,0.0,1.1585753735631008,0.6259839819258334,1.5196408789603426,-0.6811006745027589,0.3562131852732716,0.21524814126693986
0,3.6675408263558777,3.241708166429909,2.5302931723466586,3.241708166429909,1.0,0.0,0.0,1.0,1.0,1.0,1.091332709478236,-0.7635869160063087,-0.9985545341041975,-0.47536558248351096,0.18467419925805084,-1.576814205371622
1,-1.7006850524730943,0.682193227664361,0.682193227664361,-0.49432287780119466,0.0,0.0,1.0,1.0,1.0,0.0,-0.9120188294399516,-0.46969967357705084,1.2766632945146419,1.396868172803334,-1.7722287309555433,0.1026642831835605
1,2.610057544781201,1.5558806349277288,1.5558806349277288,4.290978178315226,1.0,1.0,0.0,0.0,1.0,1.0,0.42221673621467504,1.4503242207093328,1.9802569123074967,-0.6604458575981516,1.099873281048136,0.2925833080989241
1,2.051432436551406,3.3609358993344745,3.3609358993344745,2.7316169875122434,1.0,1.0,1.0,1.0,1.0,0.0,-0.6602224973780979,0.8166261517488789,-0.6102637142339741,0.10513739207676209,1.0710724117612223,-0.7897561202931704
0,1.6388044014216494,2.234313881574978,0.7167944506976822,2.234313881574978,1.0,1.0,1.0,1.0,1.0,1.0,-0.9512082091682023,-0.4954422450188636,-0.4602631171101746,-0.1659840489536754,-1.9810779046183682,-0.1156873965218449
1,5.4648625463685665,3.3032099718168784,3.3032099718168784,5.4068546488673235,1.0,1.0,0.0,1.0,1.0,1.0,0.8985156601875236,-0.08840395799663492,-0.5186866051954832,0.8213439864540145,1.2857493905416462,0.9399209796251984
1,-0.29508127844821763,-2.4978164780856056,-2.4978164780856056,-2.099497924089393,1.0,0.0,1.0,1.0,0.0,1.0,-1.5299969483892908,-1.4719907648645947,1.0715869505803988,-2.1108372187083693,-0.49377877835837136,-0.7256410201452783
1,2.188824929306751,0.5723298707016644,0.5723298707016644,2.3192237956744783,0.0,0.0,1.0,0.0,0.0,1.0,0.6958717597161328,-1.1148661544426322,-0.427676698802411,-1.1978514487169711,1.5969152887380613,-1.1634527231348841
0,-1.2051139195485225,2.408702263187052,-0.9936305882274507,2.408702263187052,0.0,0.0,1.0,0.0,1.0,0.0,0.9982678220912554,-2.309418273543956,-0.5023804822244571,-0.44149910075743887,-0.5261635108624156,0.5739415394006864
1,-2.745354118374244,-0.29743175690447055,-0.29743175690447055,0.32344865929936295,0.0,0.0,1.0,1.0,1.0,0.0,-1.200077376386225,-0.8374565929034032,-0.38909074498222096,0.6172636610830908,-1.308778604501231,1.1282166086170147
1,3.363200013001253,1.7119490362767715,1.7119490362767715,1.2320692675294387,0.0,1.0,0.0,0.0,0.0,1.0,0.21851631004671113,-0.08697720481865989,-1.5585217258884292,-1.5026436170677702,-0.9025296118046324,-1.966515926889975
1,3.9653756421150996,4.467226476936884,4.467226476936884,3.6697884596698174,1.0,1.0,1.0,1.0,1.0,1.0,0.7192912529144698,-0.4842452017009409,-0.8821977088807104,-0.8814769934284332,0.24474353891712464,1.1714443493135318
1,-1.969072880347715,-4.335569325734471,-4.335569325734471,-2.305407106684594,0.0,0.0,0.0,1.0,0.0,0.0,-2.1947265150868804,-2.4915975165443256,-1.0583254381723786,-2.1119781546386465,-0.5925670080420079,-1.432605175026981
1,2.187440484139345,3.485795774064192,3.485795774064192,3.5976256725324975,0.0,0.0,0.0,0.0,0.0,1.0,0.767412894435381,0.9448274204271383,0.6203851038990239,1.006091940725639,0.6266783621121054,0.055251844527299254
0,2.642296504603861,3.2227652528851487,3.9434683630418528,3.2227652528851487,0.0,0.0,0.0,0.0,0.0,0.0,0.7046457017072897,1.4372901198239358,-0.9800727025493366,-1.153791916441791,0.9108636608491432,0.36765771663025504
0,2.034241604797196,3.8238899297211786,1.2251787116509216,3.8238899297211786,1.0,1.0,0.0,1.0,1.0,0.0,0.7475415220219374,-1.7756292805944147,0.37812674382828415,-0.7781119517364955,1.2038751095064435,-0.966614730100399
1,1.750967785467871,2.3469969925816363,2.3469969925816363,1.2853499029558209,0.0,0.0,0.0,0.0,0.0,1.0,1.0149875275515918,-0.15522058978614878,-0.01597209939165789,0.9867328264439196,-0.15948506932293618,0.18760151721706309
0,0.12060142155969711,1.2542046318079025,-1.7700090969427944,1.2542046318079025,1.0,0.0,0.0,1.0,0.0,0.0,-0.03350794925440359,-1.5240421634822214,1.428827566699396,-0.3158704342109273,-0.37531826747894326,-0.4172310485163646
0,1.5180986117696227,1.4639175335527541,1.9153316930646618,1.4639175335527541,1.0,0.0,1.0,0.0,0.0,1.0,-0.5888080339520511,-0.2912607713902413,-0.10040863387470694,1.031036306974029,-0.7943294175124027,0.37783132219407717
1,4.2217422112431064,5.125785849312576,5.125785849312576,4.7758985156698035,1.0,1.0,0.0,1.0,1.0,0.0,1.0309355104702467,0.40740679637834015,-0.03966526214215406,-0.2664718639817122,0.7115657001286733,-0.852750607720627
1,2.3820162499632627,1.099735261957697,1.099735261957697,2.3907518531950296,1.0,1.0,0.0,0.0,0.0,1.0,-1.4069124428362991,0.31174978918468643,-1.6733312394497348,-0.4298644698109694,-0.3951346656914522,-0.9213482323085112
0,2.515804753182731,4.6839863682021665,1.564088393498774,4.6839863682021665,0.0,0.0,0.0,0.0,0.0,0.0,-1.0694684260671716,2.56044748077312,-0.09758882236837352,0.5560436844890759,0.6055190856558867,-0.3472141398456946
0,2.132639591589516,2.0308359868003705,2.6475248336531365,2.0308359868003705,0.0,0.0,1.0,0.0,1.0,1.0,0.8683089075940784,-0.42910193837593064,-0.7895004036362832,-0.1094996435268728,0.2678256614520171,-0.634673334986732
1,3.6754514374024385,2.9800277790722944,2.9800277790722944,4.824390827030818,0.0,1.0,1.0,1.0,0.0,0.0,0.18449244213988,1.8321939063872166,2.420333141604176,-0.2649726127395169,0.7858775792044067,1.2877479112279655
1,3.8599495719929653,2.5639927526453508,2.5639927526453508,4.943709931617416,0.0,0.0,0.0,1.0,1.0,1.0,0.9456484410982933,0.35246172341504656,-1.6725942929055093,0.2711019177798796,1.2206594255179728,-0.6161319711782809
1,0.15366422595513862,1.0474066264370567,1.0474066264370567,1.962609413892981,0.0,0.0,0.0,0.0,0.0,1.0,0.6541735354200178,0.576326236789698,0.6274674120262953,0.1558267948809182,0.9896753170784494,0.6075056878271056
1,0.9851113651516996,2.035597625457472,2.035597625457472,2.682764095066345,1.0,1.0,1.0,0.0,1.0,0.0,-1.3348670283188693,0.48093120613939705,-0.45202179333225223,-0.6969020812148355,1.3043586112364403,0.2628115800365504
0,0.9779704416131931,1.5049130383024925,1.8531964065804232,1.5049130383024925,0.0,1.0,0.0,0.0,1.0,0.0,-0.7859157326860547,0.9224605768467007,-0.8644842476216982,0.3959983932016159,-0.7971406692488285,-0.3587779462040921
1,5.16370849484308,3.783887898436966,3.783887898436966,4.148914203526676,1.0,0.0,0.0,0.0,0.0,1.0,1.914601630179152,-0.17161500153884204,0.06515575181994279,-1.3089835874776266,0.1175256001203625,-0.5960382514567728
1,5.5125060880721595,5.3442680917738805,5.3442680917738805,6.253279261631079,1.0,1.0,1.0,1.0,0.0,0.0,0.1336400644167651,1.4357897833736275,-0.22826006157520923,0.3996897842234195,0.0072642460889565386,1.0936885492980506
1,2.820670854550759,3.7104899304323733,3.7104899304323733,5.775546113340158,1.0,1.0,0.0,0.0,1.0,0.0,0.5749714071610128,0.291820692133004,0.16982730614600938,-0.8445480901831253,0.3848199077441943,1.8216636473183638
0,1.9848833283329324,3.3183950231270067,1.0769637342699045,3.3183950231270067,1.0,0.0,1.0,1.0,0.0,0.0,-0.5408436241198523,-0.11381016035778198,0.714296498532005,-0.21840391577239882,0.0962141879304828,0.13127245043267166
0,-1.5656620526343275,-0.22639632620847983,-1.945913259210926,-0.22639632620847983,0.0,0.0,0.0,1.0,0.0,0.0,-1.2035952112873023,-0.8413286297853337,-0.10020849395402578,-0.019654335287190308,0.3960971178456933,1.2149754457133892
1,0.20603655503055274,2.061047932279548,2.061047932279548,1.773847986103265,0.0,1.0,0.0,1.0,1.0,1.0,0.43690068196334575,-0.6384661480238032,-0.3174565899022627,0.7067261396411583,-0.07604834424521112,-0.9929123510402129
1,3.707232646567078,1.713138196630195,1.713138196630195,4.51670407242195,1.0,0.0,1.0,1.0,0.0,0.0,-0.35470153876637694,1.0956832586023761,-0.3458419919311924,0.3498303606454191,-0.08895396012802664,0.44698734052575084
0,2.1316509545348277,6.579015702992685,3.568899149097524,6.579015702992685,0.0,1.0,1.0,1.0,0.0,1.0,1.4477151497993406,0.916129761818027,-0.8079238761527725,-0.29462956338711044,0.5415630997159312,0.4810210539364763
1,1.453419579035894,-1.2080304929188275,-1.2080304929188275,-1.9219450682276757,0.0,0.0,0.0,0.0,1.0,0.0,-0.3575625444130058,-0.9206475800897748,-1.1138970635305705,-1.5377038681636708,-1.507249700274263,-1.2344623432440995
0,1.546702301541201,4.139829212386885,2.7647491293034037,4.139829212386885,1.0,1.0,1.0,0.0,0.0,0.0,0.331179783217879,-0.1877544788859653,-1.8603534723592372,-0.03928272911659256,-0.01964805092209332,-1.4000968345197626
0,1.9273894734973127,1.1947977739458975,0.986874319415433,1.1947977739458975,0.0,1.0,0.0,0.0,0.0,0.0,-0.6815986699578701,-0.11363457217780323,-2.125793190762597,-0.5288586351792527,-0.1304247523589637,1.3630013226391968
1,3.468218622631628,1.4564624503015808,1.4564624503015808,1.0492147502135938,0.0,0.0,0.0,1.0,1.0,0.0,1.1848665030194552,-1.8763527111936724,-0.45933752853357035,0.5089826367956802,0.9960590488627674,0.4881245838388763
1,4.6210810008035095,3.728601488137406,3.728601488137406,6.329084525632988,1.0,1.0,0.0,1.0,1.0,1.0,0.21679442009338112,2.0505181403438884,1.5403895830590442,1.3788946826142863,1.5283624140128886,1.5816805088447985
0,-0.8339315544753044,1.2044598406855014,-0.9907852639865169,1.2044598406855014,0.0,0.0,0.0,0.0,0.0,0.0,0.172195042281506,-0.6864701859039158,-1.1034503343668058,-1.1640673460464284,-0.17654381784483986,0.5379513355897575
1,5.3421509612003515,2.7708567729452267,2.7708567729452267,6.385544663574859,1.0,1.0,1.0,0.0,1.0,1.0,0.6346530702176799,-0.5584068890245262,0.5407709773894007,2.220262166321545,-0.17012391146551414,-0.13610491308763373
1,0.9939644958064496,-0.2825422496631355,-0.2825422496631355,2.05593726595627,1.0,0.0,0.0,0.0,0.0,0.0,-0.1648805192376717,-0.5528962526478578,1.4321215671055765,-1.0229727755096274,0.29399447034733805,-0.3386295287652844
0,2.003981996995052,3.258214849894762,2.374291648549195,3.258214849894762,0.0,0.0,1.0,0.0,1.0,1.0,1.603481166468917,-0.5447496000701357,-0.29122116165588546,0.2972660040677108,0.7889851607401648,0.7889087763589041
1,4.6387870068130255,2.838360279872376,2.838360279872376,4.997649201935351,0.0,1.0,0.0,0.0,0.0,0.0,0.8519163372548381,1.5670740702633332,0.25185427352679607,0.8858483049291199,0.21211706917932446,-0.24656602914668563
1,5.2294111504795575,4.054257092042237,4.054257092042237,5.256123725744711,1.0,1.0,0.0,1.0,1.0,1.0,0.25707744271806493,1.5469730381172422,0.6924020726184444,0.24256322355350485,-0.38068338043859323,-0.5832638879921326
1,4.474737599663543,4.362148667353363,4.362148667353363,5.784578751536501,0.0,1.0,0.0,1.0,0.0,1.0,0.7412033622683786,1.393280729010973,0.7324587908316429,-0.10248558392019008,2.4048979375061554,2.7608442452682542
1,5.499546311116902,2.3484913918354944,2.3484913918354944,3.7754089944016904,0.0,1.0,1.0,1.0,1.0,1.0,0.8473089885736362,0.05552996522093223,0.7790046028162373,0.2545201316731418,0.8556163538239026,1.0726192034533666
1,5.738839044975923,1.1534216865228852,1.1534216865228852,6.694746795953881,1.0,1.0,1.0,0.0,1.0,1.0,0.8527743225089591,-0.31733865908862857,0.5172023248724456,0.18115825177885528,0.11494439354680885,1.954817356552895
1,2.2196943252350243,1.5646269175219136,1.5646269175219136,2.867155150049638,0.0,0.0,0.0,1.0,1.0,0.0,0.3529499038243308,0.35649923458501126,0.038891963636581595,0.7851041389681975,1.1064346416949997,0.7281959493456258
1,1.4208567856674494,0.7747182854470271,0.7747182854470271,1.4900185782624773,0.0,0.0,0.0,0.0,0.0,0.0,1.072536348977929,0.12295167180974885,-0.32487527611725564,0.015493323318603008,-0.189069145281632,-0.06711490214288635
1,0.4606108158774709,-2.615867223989098,-2.615867223989098,0.20687613016351286,1.0,0.0,0.0,0.0,0.0,0.0,-1.2165538945590517,-1.437019732843066,-0.6241352826805497,-0.21943387455398855,-1.5730624132447366,-0.8660783243408416
1,0.2320864484045949,-1.7862506939372667,-1.7862506939372667,-1.10200179151061,0.0,0.0,0.0,0.0,0.0,0.0,-0.8129568032917797,0.07430402115176982,2.47550045670256,1.1171133344423945,0.3855686243423912,-1.3066433292055095
1,3.8118941733702325,2.063390185947797,2.063390185947797,4.9405330491142765,1.0,1.0,0.0,0.0,1.0,0.0,-0.0856748503783366,-0.6741673544348716,0.3085395323689393,2.3734827600179296,0.2880726757949285,-0.6951338594598828
1,0.07367750431442577,0.4446834854442171,0.4446834854442171,0.4186486259657838,1.0,0.0,1.0,1.0,0.0,1.0,-0.03183066176656615,-1.1288823264210903,1.0542904053151703,-0.9609897459013488,-0.3739037086645686,-0.8177187875624305
0,-1.422906340301039,-1.786767645073759,-1.506968177767388,-1.786767645073759,0.0,0.0,0.0,1.0,1.0,1.0,-1.0030349545572013,-0.7821124902506258,0.005035683464588048,0.25384280016892136,-1.105051090935591,-1.4384549391628387
1,4.582520926258135,1.8933226838323978,1.8933226838323978,3.667022192663068,0.0,0.0,1.0,0.0,1.0,1.0,1.581702684627769,0.3029220947724323,0.14966937074585285,0.13874036139169876,1.0041204685352823,0.2058993435136752
1,5.0017766846191805,0.8061387259063022,0.8061387259063022,2.842707646995583,1.0,0.0,0.0,0.0,0.0,0.0,0.11048622383352469,-0.40691642202088657,-0.5990716457559953,1.0522337060826474,1.7569245441408656,-1.0783686117415539
1,2.9184683725786846,1.5329139440552104,1.5329139440552104,5.327091235825406,0.0,0.0,1.0,1.0,0.0,0.0,1.8756223019646545,-0.42655261704272296,2.1383008700568267,1.1211761182531281,2.466713728452244,2.7932417725977867
0,1.2855348008952667,4.624553476708832,3.0660526963433172,4.624553476708832,0.0,0.0,0.0,0.0,0.0,0.0,1.9862741018905996,0.8399465479648571,0.20108165860126026,-0.3053936784572762,0.8471018567428024,0.6673449926728432
1,-0.035621490002927914,1.723073251629223,1.723073251629223,2.5930449273167375,0.0,0.0,1.0,1.0,0.0,1.0,0.3491844325816425,-0.3017850753247787,-1.0933475100310845,-1.116106092202372,-0.1725103389924283,-1.4456641882159267
0,1.4126359425387274,2.205870706102016,0.18751975237903695,2.205870706102016,0.0,1.0,1.0,1.0,1.0,1.0,-0.5040571132904887,-0.6523056614033284,-1.8203530688773482,-2.1613507164760564,-1.9527920902005984,-0.7048487163145353
1,5.0827065775909706,2.5208227672333927,2.5208227672333927,1.9964000998457463,0.0,0.0,0.0,0.0,0.0,0.0,1.1318809406721642,1.0622479526128568,0.6110912744098573,1.1234693246076084,1.504551665903827,0.7760889532686344
1,2.543782421809304,1.036195281740776,1.036195281740776,1.4734417946009661,0.0,1.0,1.0,1.0,1.0,1.0,0.8619704807803628,-0.525532124550267,-0.6480008889461315,0.38905177608646924,-1.169200826648032,1.6631120030722495
1,7.6295944470467205,1.7534843450615774,1.7534843450615774,7.89882160934407,0.0,0.0,1.0,1.0,1.0,0.0,1.7992901133671486,1.263487339307234,0.2794779616276305,2.1888021308257253,-0.27480354283821024,-0.3497804159725753
0,1.731283476591231,-0.40246353932750134,2.528129958929929,-0.40246353932750134,1.0,0.0,1.0,0.0,1.0,0.0,0.04313039308725475,-0.3462246889215297,-0.2568333516164568,-0.9401641087919547,-1.143088038599556,0.608851020321399
0,-4.060049735825134,-1.5626020486450705,-3.818211317218956,-1.5626020486450705,0.0,0.0,0.0,0.0,0.0,0.0,-2.124581637330451,-1.56853014226755,-1.42991163640423,-1.3524010395226653,-0.8020374981832689,-0.43232362909636346
1,3.394106561264417,2.811588922869045,2.811588922869045,3.0572017726391136,1.0,0.0,0.0,0.0,0.0,0.0,0.6920683394737845,1.8833201607126313,-0.42857994925512655,-0.527474080335141,-0.7943667343454142,-0.5786529948857764
0,-0.6323635908848056,-0.7800716581895427,-0.5623219835398144,-0.7800716581895427,0.0,0.0,1.0,1.0,1.0,1.0,-0.6222986394301757,-0.6808797601208424,1.5387618188743133,-0.9968429958287865,0.6208506210758951,-0.649713830474446
1,5.5004949539786505,3.5824165239627512,3.5824165239627512,4.682401318150183,0.0,1.0,1.0,0.0,1.0,0.0,0.5322439191465439,1.2142409290023053,0.07485729317568901,-1.3538163655429472,0.7794359402811163,1.0346691423687275
1,4.024787354305435,1.4799928567114795,1.4799928567114795,3.244303324565138,0.0,0.0,0.0,1.0,1.0,0.0,0.0006487930410099492,-0.802876067624199,-1.356951279312927,2.0114368164253977,1.7676153172349398,0.08005360476155839
0,0.911999487424247,1.3324296643377183,2.1188719082005787,1.3324296643377183,1.0,1.0,1.0,1.0,0.0,0.0,-0.7741820046548711,0.4572701470771863,1.8286028608129674,-1.1720926377772727,-1.1037781175763572,-0.16122038191460214
0,1.9985155242046677,2.1257803542458067,1.8349460226150978,2.1257803542458067,0.0,1.0,0.0,0.0,1.0,1.0,0.39844989901678396,-1.1638901479689405,-0.26867137674464137,0.948888793623254,-1.654910934776758,-0.07980083819783834
1,4.471949631297493,1.820507447898871,1.820507447898871,1.3364663184605088,1.0,1.0,0.0,1.0,1.0,1.0,0.40644461852304786,-0.04265546577980517,0.474533494308483,0.10226567879921819,0.17114949445377312,-0.13284817892401268
1,4.868721412221457,3.1802366204498584,3.1802366204498584,3.332111185942249,0.0,1.0,1.0,1.0,1.0,1.0,0.44709446705442774,-0.6516363685298887,-1.764902484161389,-0.7678063120464673,-1.9107734746001426,0.1735631946396048
1,2.242868537590226,1.256220331050949,1.256220331050949,1.9401200339254483,0.0,0.0,0.0,1.0,0.0,0.0,-0.19130868953469632,0.794498889187516,0.8722001931875073,0.13562880978726266,1.2206929160591988,0.46687866200888284
1,6.7170337897497285,2.01092912303477,2.01092912303477,4.235897023522513,1.0,0.0,1.0,0.0,1.0,0.0,1.7240907882243468,0.03291497176231417,0.7533507914066331,0.8882701966898414,0.6258745446807112,-0.7156157438276725
0,1.7293102986251174,1.0323966572729963,-0.44119417268886485,1.0323966572729963,1.0,1.0,0.0,1.0,1.0,1.0,-1.079455937476909,0.8163336453807858,0.6373834756568258,-0.12833601195544106,0.704712312474377,-0.5845092841848585
0,1.754178740549574,2.3298520145079906,-0.12574270261652143,2.3298520145079906,0.0,0.0,1.0,1.0,0.0,0.0,0.81631743609455,-0.021379519843466255,0.8537014529281448,0.7364167251089482,-0.772473537588873,0.9255744078081629
0,1.2941936502243843,1.4335364559611479,0.622742017879599,1.4335364559611479,1.0,0.0,0.0,0.0,0.0,0.0,-0.4360678792759913,-0.10487142876837523,0.5093135813529741,0.6384841882853571,-0.8269801473476105,-1.3384916382446916
1,2.474901153039247,1.6456845663878383,1.6456845663878383,3.089360754458115,0.0,0.0,1.0,1.0,1.0,0.0,-0.46196757653765874,0.8316295250488023,-0.03144086204886848,1.110953971385515,-0.15945326043737482,-0.7668433149257887
0,2.495065193970526,3.5741836947224725,1.3428401949467144,3.5741836947224725,1.0,1.0,0.0,1.0,1.0,1.0,0.15835959256574345,0.5862380027477374,0.6238923237291013,1.4744987718807216,-0.10932095926029545,-0.08547754162063131
0,0.47569310227923367,3.5969781564458563,2.5083117572398548,3.5969781564458563,0.0,0.0,0.0,1.0,1.0,1.0,1.1870268247119578,-0.974454479753252,-0.15951370519746955,0.37408326150540816,-1.7788062644106781,0.6178604702847036
0,0.7762463787882433,2.4619411565773444,0.20580631084447049,2.4619411565773444,1.0,0.0,0.0,1.0,1.0,1.0,-0.334428645379043,-1.368768862267542,-0.1792725173220162,1.2860722697473657,-0.14755966244169336,-0.38011465196381633
0,-0.5690343406528032,-0.521868153722062,-1.3601698336124937,-0.521868153722062,0.0,1.0,0.0,1.0,1.0,1.0,-0.38475544374632736,-0.9786331074433264,-0.490425005895278,0.4400753755945507,0.08555543942484273,-0.6772177768875015
0,2.8017777506342227,3.4772149955770995,2.3086224145807055,3.4772149955770995,0.0,1.0,1.0,1.0,1.0,1.0,-0.08662960425702698,0.6614858382632848,0.11266430222686982,0.47693671192575765,1.1853113801060222,-0.1891277267802668
0,2.7041382093339057,4.635256947283353,0.8985975250899263,4.635256947283353,1.0,0.0,0.0,0.0,0.0,0.0,-0.07656540208417245,-0.1269330201364024,-1.012807366064627,0.29968352997723147,0.0878147909039165,0.30867066898129847
0,-0.09436365559131676,2.2141900580848284,3.668479098386743,2.2141900580848284,1.0,1.0,1.0,0.0,0.0,1.0,-0.6687051517309606,-0.1046420989301041,-0.4565942645359572,-0.3305257222942999,0.36573783716233454,0.697295023952764
1,4.829495027568507,1.8876111888583982,1.8876111888583982,4.740278661386199,1.0,1.0,1.0,0.0,0.0,1.0,-0.4651708172896028,0.7288436642797341,0.4086456269811454,-1.1638532056570585,0.6618691590414952,0.023922974724873702
1,-0.10248420806989378,0.9845587902330701,0.9845587902330701,1.0024830496046149,0.0,0.0,1.0,0.0,0.0,0.0,-1.1414640941357206,0.8547703305340548,-2.967393485925883,-2.1707145611438206,-2.293357427641889,-0.8207865664335472
0,0.9414252086574726,3.177851431898609,0.8403397554269565,3.177851431898609,1.0,0.0,1.0,0.0,0.0,1.0,-0.9447864851712189,1.2264067446673472,0.6667131102179662,1.8997644473234359,0.43453227971159664,0.4295128881334383
0,2.437615529553468,2.03031412722956,2.6150692771637702,2.03031412722956,1.0,1.0,1.0,1.0,0.0,0.0,-0.21531470439428996,-0.2848529839697769,-0.4229710000068036,1.1790378969821658,-0.7598329372933327,1.4133786459673554
0,1.8304823398535808,2.3791677871195587,0.7421988569448068,2.3791677871195587,0.0,0.0,0.0,1.0,0.0,0.0,-0.37594564661268404,0.08992500014666188,-0.8489505441851921,-0.9101758262732206,0.4993139728456737,0.09297870442866399
1,4.046603526346627,0.8767916011245771,0.8767916011245771,3.635138458657897,1.0,1.0,0.0,0.0,1.0,1.0,0.46523917922153407,0.26519619706182523,0.15994536563149458,0.35567795285788734,-0.319801191533703,-0.5215538888157916
0,6.221763974339998,6.310882905558044,2.6872540497913504,6.310882905558044,1.0,0.0,1.0,1.0,0.0,1.0,1.1290973140237277,1.2271766453547999,-0.6090189257640137,0.39992257480191296,1.2880552539141619,0.7801459616253894
1,0.6465271336775817,-0.15802006717932604,-0.15802006717932604,1.8715476348556448,0.0,0.0,1.0,0.0,0.0,0.0,0.992842341200664,-0.7637217746212843,-0.7196870940167944,-1.0993687258326683,-0.31961568031370463,-1.0940579176613903
0,-1.601872206994662,-0.5904241515081572,0.6861166664347218,-0.5904241515081572,0.0,0.0,0.0,0.0,1.0,0.0,-0.6615868559139739,-0.3409237264126558,-0.2728832472980822,0.015125448570429065,0.8679456124511147,-1.9431788627226914
1,2.979489387389916,0.42070781533130774,0.42070781533130774,2.94646817197659,0.0,0.0,0.0,0.0,0.0,1.0,-1.4004856243482011,2.631015829417213,-0.9600766156366725,0.37684591972452763,0.5863510539179969,0.3490907299018776
1,2.8222140856925266,3.537175013641467,3.537175013641467,6.094223375314741,1.0,0.0,1.0,1.0,1.0,1.0,0.5839838548699898,0.9632801503363858,-0.40443081044079093,-1.3582534997043842,-0.15124037360509807,0.5172084389227545
0,0.7578683355429456,2.4119364647968595,1.0462851980922687,2.4119364647968595,0.0,0.0,1.0,0.0,0.0,0.0,0.6330694945477772,-1.6527494040289032,-0.686987406034864,-0.27390492567955327,0.13176679544840486,-1.3569219458887312
1,1.6605522448046721,2.948718390067243,2.948718390067243,1.9717756086652263,0.0,1.0,1.0,1.0,1.0,0.0,0.7519442693862897,0.13461201518285765,0.5217988307718227,-1.0827175744825348,0.39800014555895746,-0.024991119536764916
1,1.7947164931732629,1.250456091528817,1.250456091528817,0.8070329144164436,0.0,0.0,0.0,0.0,1.0,0.0,0.18646111699694531,0.3969347674312086,-0.15268249682752072,0.3773143522242671,1.8633638100615186,-0.3014616176735659
1,6.771021174630961,3.997788798018236,3.997788798018236,5.1933792314385485,1.0,1.0,1.0,0.0,1.0,1.0,0.9165244467882899,-1.1855637448661205,-1.7411104220482938,0.21240122418482682,1.3813296230588827,0.3144707248363686
0,-0.028154742083642187,1.3859706892018426,0.1748654318801377,1.3859706892018426,0.0,0.0,1.0,1.0,0.0,0.0,-1.3350471992070267,0.4103399017871253,-0.35117927917437286,0.11446559305369572,-0.4030827658416013,1.0067231863914794
0,1.340088576951611,3.718348617709243,1.6786750969009638,3.718348617709243,1.0,0.0,1.0,0.0,0.0,1.0,0.11173816294089946,0.31435828575005575,0.18675421230008285,0.8212434185858251,-0.2643308164747523,0.8564966858250134
1,1.3071410833309218,-1.2468806958416594,-1.2468806958416594,1.0166139168611668,0.0,0.0,0.0,1.0,1.0,1.0,0.11927451739762762,0.3313243108200945,1.471736121202782,-0.14512333738312877,1.5947212751278552,-1.6577264644094034
1,3.108045846790192,1.025707328386412,1.025707328386412,2.0455054616125103,1.0,0.0,1.0,1.0,0.0,1.0,0.5548727579516246,-0.3667205298117408,0.7084058262444843,-1.2154502568841767,0.24800388773008725,0.012814888860987639
0,-0.6070087911123698,2.2526831585297513,1.0784050215441274,2.2526831585297513,0.0,0.0,1.0,0.0,1.0,1.0,-0.35054220234702965,-0.6168898706749109,-1.3370336844668946,0.4468497985209311,-1.1286579874069351,-0.806011811954702
1,1.0041306890915132,0.43490015175322994,0.43490015175322994,-0.23707318326872717,1.0,0.0,1.0,1.0,0.0,1.0,-1.215692356766882,-0.3672903567650281,0.021806264915796736,-0.9781593284989031,-1.1693867775475297,-1.1823751459294725
1,-1.6837472637915185,-2.722692548754308,-2.722692548754308,-0.8998090944968027,0.0,1.0,1.0,0.0,1.0,0.0,-1.9408494845591038,-1.5403641956231782,0.9032539738618706,-1.2944302855947254,0.47586441233496124,-0.08067974937326969
0,1.5521721331967913,2.4802320219438068,1.5448207973316852,2.4802320219438068,1.0,0.0,0.0,0.0,1.0,0.0,1.1254185279070577,-1.129396452276077,0.5243047185396302,-0.31908626833758663,0.9209376945101435,-0.38404184203507186
0,3.449509516965472,5.988627909730557,4.70000008961169,5.988627909730557,0.0,0.0,0.0,1.0,0.0,0.0,2.361628433850704,1.0015648339711085,-2.520075131593308,0.12128640639656751,-0.5699827139351623,1.2836005286400325
1,2.689415882674255,1.7931540532870989,1.7931540532870989,5.423529134074638,1.0,0.0,0.0,1.0,1.0,1.0,0.836265444193297,0.10930793119580129,0.791891540683014,1.2675387213172504,0.21742900019770314,0.2583412687085149
0,5.011889041885365,7.949459551496278,5.157009156077819,7.949459551496278,1.0,0.0,1.0,1.0,0.0,1.0,2.2508508363006157,2.3342456193786107,1.270027427379909,0.18337604186660783,1.6489979638330174,1.4403307301764103
1,0.3489596754393438,-1.6525646425790184,-1.6525646425790184,-0.1258251054027565,1.0,1.0,1.0,0.0,1.0,1.0,-2.2499849916311936,-0.16997388369517097,-0.1543914003262775,-1.1572279346878283,0.4670970840270465,-0.38455730834986523
0,1.0094514251812214,2.4244842328132674,1.792634935525356,2.4244842328132674,0.0,0.0,1.0,0.0,0.0,0.0,0.5920256685553741,0.3126774290959067,1.3035492034986629,0.8702146860071585,1.2447470374451022,-0.914647975247693
0,-1.3116139071820931,-0.19461304542372615,-3.555267916290452,-0.19461304542372615,1.0,0.0,0.0,0.0,0.0,0.0,-1.3734175838476819,-1.0980356485715854,-0.046077382490883674,-2.5569733936516763,-0.4789002390639836,-0.4665759527102795
1,8.496895287281582,6.047936281895398,6.047936281895398,6.491110793323973,1.0,0.0,1.0,0.0,1.0,0.0,1.1806405009645995,2.0069685189398467,0.11180808563477729,1.1487747013874563,0.10477430399315579,1.0415971774247024
0,0.7507922095038626,2.396176842376615,2.0251640983039794,2.396176842376615,1.0,0.0,0.0,0.0,1.0,0.0,-2.046039141652322,2.2924894653007284,1.0001747602731903,0.16746418341365385,-0.6788933750913215,0.5584406802499633
0,0.25330215854495564,2.852259714124564,1.0404923253612528,2.852259714124564,1.0,1.0,1.0,0.0,0.0,1.0,-0.6589507861003291,-1.5837103998858075,-1.756837378082535,-0.4511302085651091,0.025472678738251542,-1.7801173240614965
1,5.6849434507361005,-0.0752270140743017,-0.0752270140743017,3.276546259818215,1.0,1.0,1.0,1.0,1.0,1.0,-0.19157767421940855,-2.659515521822855,0.06303171673905471,-1.0045718315446006,0.8994162703587363,0.3377711563788854
0,2.9660228294593693,5.373417091439989,4.062449557095327,5.373417091439989,0.0,0.0,0.0,0.0,1.0,1.0,2.4501797728933994,-0.3191777255561038,-1.37642356406562,0.4979189607641741,0.11508390658539397,0.3266598729573317
1,3.182954070853346,4.754939214821804,4.754939214821804,4.830758828849607,0.0,1.0,0.0,1.0,0.0,0.0,1.0575180346893347,0.8248406832453705,-0.6866600232108758,0.6139836905100493,2.355342378152585,0.5917056699853469
0,1.2507362762688163,1.6750061277001187,2.7666997540327034,1.6750061277001187,1.0,0.0,0.0,0.0,1.0,0.0,0.5524821882802203,0.1669881176735612,0.19911828864538925,1.3435539035826558,-0.06933950731908411,0.8024235148498038
1,1.2810893649035202,0.2659797285246595,0.2659797285246595,-0.3206035824850064,0.0,0.0,1.0,0.0,0.0,0.0,-0.8933817596173764,0.8721859600759749,0.6123782859584268,0.6962617129674481,-0.4879695896887293,0.5922733796615552
0,2.0062047319661493,2.239016697356454,3.6518030089845426,2.239016697356454,0.0,1.0,1.0,0.0,0.0,0.0,-0.8296895727543819,1.2153450092788347,-0.9457149757797623,-1.798179238451955,-0.9201573581643977,-1.6221770972077558
1,5.5129323131919925,2.83729642532661,2.83729642532661,3.8799021040863835,1.0,1.0,0.0,0.0,0.0,1.0,0.8402605024855324,0.15030926858196977,0.2617853264515667,-0.1788293319863282,0.24773425648024108,0.3644653806747015
1,0.8422175758199297,-1.5439471897655674,-1.5439471897655674,2.6878730262081687,0.0,0.0,0.0,0.0,1.0,0.0,0.41364262011996156,-0.19962185168347835,1.9275295162613097,0.06702751000416246,0.45006999205337667,-0.6037097594833978
1,-0.06997879176804556,-0.27502800712880116,-0.27502800712880116,0.3626719609826093,0.0,0.0,1.0,0.0,0.0,0.0,-0.239330292387538,0.755760947198362,1.5137233009570057,0.0011840592549544893,0.13644754900555567,-0.7679999433427285
1,4.499315671034332,0.8881232554021838,0.8881232554021838,2.9660776720594297,1.0,1.0,0.0,0.0,1.0,1.0,-0.6001545347994511,0.0252940547368867,0.0033286064611594,0.6749730698538977,-0.24223824493874538,0.8196046487489775
1,0.1501092163915535,1.380674190555217,1.380674190555217,-0.1295678070665977,0.0,1.0,0.0,0.0,0.0,0.0,-1.1568273975228056,0.2121177077758334,-0.22636517901543607,0.17263970036095266,0.18799362103230272,0.34869226852364077
1,6.614487926017025,4.581433228935987,4.581433228935987,5.940794631215245,1.0,0.0,0.0,1.0,0.0,0.0,2.5373620717512986,1.4197053371969577,1.1984506996466362,0.6088458011566003,1.059598287417375,1.9803618164608174
1,5.720576932200022,0.24779145444647477,0.24779145444647477,2.2126601471662433,0.0,1.0,0.0,0.0,1.0,0.0,1.1046105145183758,0.24930906236777756,0.45054520931165815,-0.277520797971294,-0.8221471114357357,1.0608572716994302
1,3.8633992757743503,1.9008504312889862,1.9008504312889862,3.384557609108107,1.0,0.0,0.0,0.0,1.0,1.0,0.7598850190552692,0.9823275237586822,0.6924829995516324,0.8997253012041763,-0.07860052835354048,0.6463585252249147
1,5.65536060553315,3.6478074539239262,3.6478074539239262,3.0386739366465445,0.0,1.0,1.0,1.0,1.0,1.0,0.37863396403674987,0.37204965900253173,-1.1423980861973768,0.9058343602496242,1.7586150410812473,-0.7984635024708874
1,3.4280088729408535,2.75141544113791,2.75141544113791,2.3886530617544004,0.0,1.0,0.0,1.0,0.0,1.0,-0.48958562641144815,-0.2775711886225805,-2.458015826402122,0.7780652506871766,0.5965028254194245,-0.5487689385693035
1,4.393086384699087,1.6910268709095262,1.6910268709095262,3.413611031274667,1.0,1.0,0.0,1.0,1.0,1.0,0.33598513117679574,-1.635137066870047,-0.7162208674973325,-0.0777119993109569,-0.4500344214212638,-1.3519967599753095
0,2.5110249634817667,1.5212849939975863,1.4888140421128777,1.5212849939975863,0.0,1.0,0.0,1.0,0.0,0.0,-0.2623772149169827,-0.7393091546405546,-2.592455449136831,-1.287441412617584,-1.2052808707755807,-0.581207881444205
1,7.802090251789143,4.523486510598715,4.523486510598715,8.623853342299194,1.0,1.0,1.0,0.0,1.0,1.0,1.729698368187703,1.9919737506638346,1.064602895423036,0.5801742018356015,0.7473955869746443,-0.06537199536972493
0,-3.2997007398253775,-1.6062685108361943,-2.936017402256476,-1.6062685108361943,0.0,0.0,0.0,0.0,1.0,0.0,-0.8578554825867872,-1.6965954941119938,1.0589143664385787,-1.1290359607189335,0.00585150215852015,-1.775356812342186
1,7.683155163916514,3.3297827974239205,3.3297827974239205,8.538833573492159,0.0,0.0,0.0,1.0,0.0,0.0,0.3847845360580907,3.0936096288436947,1.1107167438103014,1.01978209894406,0.8010836453678546,1.89987347827598
0,-3.6197658157009203,-0.27543154559915606,-3.8700802526589246,-0.27543154559915606,0.0,0.0,0.0,0.0,0.0,0.0,-1.223712751322674,-1.3044819218551815,-0.024910506511692243,-1.2284396081624147,-1.6961275232613833,-0.8089715514842113
0,-0.06251249080860444,2.057502920144992,-1.0774341256405264,2.057502920144992,1.0,0.0,0.0,0.0,0.0,0.0,-0.2971626327462588,-0.6399200990758908,1.1395118166841747,-0.8832158266707641,-0.8135728078516146,-0.9992000290302793
0,-0.9774027836944967,0.7527702935152565,-2.5075326497842765,0.7527702935152565,0.0,0.0,0.0,0.0,0.0,0.0,-0.986818082649808,-0.023174606802617,0.24292929648132477,-0.5136797246795389,0.10934671683210859,0.46745384642712995
1,4.00036145125907,1.7026968675986716,1.7026968675986716,3.5264887018993982,1.0,1.0,1.0,0.0,1.0,1.0,-0.03993840847117914,-0.2088017157877938,0.9500890136454996,-0.36196098391774933,0.1999282230040342,0.04035180080018261
1,1.8477020837322773,-0.04978732160901478,-0.04978732160901478,1.5036932881324843,1.0,1.0,0.0,0.0,1.0,0.0,-1.0068679084528824,-0.7601251342431102,0.4140753033356544,0.5283645544656107,0.8420611828990414,-0.664298005262407
1,7.339413412990569,2.789438715631505,2.789438715631505,6.1545136465715045,0.0,0.0,1.0,0.0,0.0,0.0,1.471250568044321,1.9216069052293496,1.0115889443264496,1.5052810998712385,1.562596491465578,2.8139024783049766
1,4.069328640572369,3.1958528709254437,3.1958528709254437,5.052879216379309,1.0,0.0,1.0,0.0,0.0,1.0,0.6995131888876694,0.878334154445225,-0.024185408560438715,-0.1285197079373815,0.03407517202837082,0.5046385047786419
0,-1.5120936635490432,2.271817958496294,0.6290794645433272,2.271817958496294,0.0,0.0,0.0,0.0,1.0,1.0,0.931627691260578,-0.3297777132033323,-0.14776223180530051,-0.616303467312385,0.25796899957977176,0.9331143270422784
1,3.7707421968760513,4.099859388690052,4.099859388690052,6.301726682372047,1.0,1.0,1.0,0.0,0.0,1.0,0.32784470487791567,0.742398269387325,0.17498209105510693,0.9145948253517582,-1.029214465976582,-0.18773869828022813
1,0.18454561914655235,-0.8828585717764279,-0.8828585717764279,-0.27492441739068574,0.0,0.0,1.0,0.0,0.0,0.0,-1.098765632131814,0.8495407314905288,1.2136368979763326,0.7047498000144956,0.9605249082987052,0.2940350223130843
1,0.6108141008765123,0.16937707955731496,0.16937707955731496,1.1697135678326047,0.0,0.0,0.0,0.0,0.0,0.0,-0.16290912043138253,0.06325576596824878,0.5880085069847836,-0.04942304723672192,-3.0003938731176776,-0.6124750703107109
1,4.420551766524679,3.331028745245223,3.331028745245223,4.3757089357869745,0.0,1.0,1.0,0.0,0.0,0.0,2.030428545368806,-0.8171551035578923,-0.20454738457494065,-0.45697502328031836,-0.010212055842888118,1.724180147682786
1,2.3116466616016624,3.4759452999328877,3.4759452999328877,4.928640219093232,1.0,0.0,1.0,1.0,0.0,0.0,1.1751071597396374,-0.1273969228917426,-0.06176047589168762,-1.0105706515000674,0.10752354358255538,0.006244845577102226
1,4.111907590866186,1.2050470781363218,1.2050470781363218,3.8577495676585523,1.0,0.0,0.0,1.0,0.0,1.0,0.7739453418976111,-0.6194837560644452,0.4108237485108822,-0.08693577039912362,0.890343910442095,0.008881185011528375
1,2.8587175383850054,-0.519385868825502,-0.519385868825502,4.566772643950294,1.0,0.0,1.0,1.0,0.0,0.0,-1.3430114912213447,0.7791044343415634,0.13879184997884686,0.7318951853347162,-0.6529674646168508,1.8501675040183256
1,8.022707830079087,2.6278554381869252,2.6278554381869252,5.350459119499204,1.0,1.0,0.0,1.0,1.0,1.0,0.9477665042350428,0.5984804724665158,-0.6158839466834963,1.7459950606398116,0.3862467458330382,0.7831017338305459
1,6.522854874129607,6.363697538955476,6.363697538955476,5.780969528093291,1.0,1.0,0.0,1.0,0.0,1.0,0.669146470402939,2.068523872199895,0.8875007816736858,0.1015814051219236,1.7023005444295114,-1.1202793868644907
0,2.0493738167826425,0.1287858526546085,-0.686726749932332,0.1287858526546085,1.0,0.0,1.0,1.0,1.0,1.0,-1.1114020839062817,-0.7231148062011182,-0.8108387931404213,-0.9301101834283374,-1.2676109956457262,-0.7282691933864069
1,7.527254409467703,2.685394029102423,2.685394029102423,7.166255083240616,1.0,0.0,0.0,1.0,0.0,1.0,2.4724022912369725,0.5731518673012406,0.5387516527681877,-0.006699307958731776,2.052010817399303,1.1247510515869745
0,2.4433175894342263,3.8975780863783367,1.0678679223370857,3.8975780863783367,0.0,1.0,1.0,0.0,1.0,1.0,0.4995657079732168,-1.3109170510554096,-1.4585965553912885,-0.32947852480626894,-1.2442300067844316,-0.31192176159029006
1,0.6650564666719154,-0.22634523144737725,-0.22634523144737725,2.4272178905731794,1.0,1.0,0.0,0.0,1.0,1.0,-0.6250875616205767,-0.9408946410743236,1.399181960364532,-0.5752586999604181,0.5132460562480642,1.4020839767662472
1,3.187081912561954,1.0293498833094872,1.0293498833094872,3.7492824172412877,1.0,0.0,1.0,0.0,0.0,0.0,0.6322307618319666,1.254607395252297,1.3388266909747641,0.2867889230731229,0.1611350927430073,0.1855258936540385
1,3.3533917867770624,2.01258822308699,2.01258822308699,1.8378437933309575,1.0,0.0,0.0,0.0,0.0,0.0,-0.09275530725994724,-0.4002101695588042,-1.041088117890709,1.247989481997425,-0.442638082366206,1.496640863711624
0,0.8455113713836826,0.7168765114445165,1.49690493006369,0.7168765114445165,0.0,1.0,1.0,0.0,0.0,0.0,-0.7673166071261986,0.08170643040614989,1.6068763857415402,0.7795437849819304,0.8175665580904167,0.3739729222255938
1,1.4569737517682229,-1.1700603642691294,-1.1700603642691294,0.12444385470032815,0.0,1.0,1.0,1.0,1.0,1.0,-1.0092810925502642,-1.3242368909814994,-1.6232052179373335,-0.8382367757641269,-0.7848390982635765,-1.4896803494837938
1,6.65466228955113,1.9520926907318816,1.9520926907318816,4.247755451561429,1.0,0.0,1.0,0.0,1.0,1.0,0.829919525506261,1.178003468435918,0.3506386211060228,-0.7923198312973333,0.07729356916069632,-0.48892438152093676
1,3.9027213876708,4.799701937503919,4.799701937503919,2.4122005945439184,1.0,1.0,1.0,1.0,1.0,0.0,0.6318361505717193,-0.7482811774398193,-0.5922214262152518,-0.011390027355238225,-1.3059157981158986,-0.9958413489299173
0,4.038386487186904,6.683254932979122,6.017909798347899,6.683254932979122,1.0,0.0,1.0,1.0,1.0,1.0,0.636342483531681,1.9253233854057743,-0.07878143265945255,0.33391413646497353,-0.5712978811347543,-0.8137926846147177
1,0.5503268238566617,0.09928767954327888,0.09928767954327888,-0.35218337662333754,0.0,0.0,1.0,1.0,1.0,0.0,-0.5000705849889271,-0.8959890480327992,0.5531621162142129,0.425908213557575,-1.897740609232383,-1.8059965445018031
0,-2.187648593550078,0.9475807413205037,-0.5969836313840413,0.9475807413205037,0.0,0.0,1.0,0.0,0.0,0.0,-1.8211421553679061,0.1868659668001894,-0.9293844313909692,-1.398369964186396,-0.7230735791997103,0.06487248750118646
1,4.39920426331047,3.113126427141296,3.113126427141296,3.958051457803594,0.0,1.0,0.0,0.0,0.0,0.0,0.10497869190525558,1.652530174776662,-0.8392690995549066,0.6871342864536525,0.3019571976357135,0.6570425747720985
0,-0.4279017981688069,0.5099957332411345,0.052050663870302216,0.5099957332411345,0.0,0.0,0.0,0.0,1.0,0.0,-0.04548845190794042,-1.4127761601019313,-0.8332704566128952,-0.5291499255265159,-2.741638205703892,-0.20314793772567308
0,2.4599531942417334,5.98358400001963,2.151264387697611,5.98358400001963,1.0,0.0,0.0,1.0,1.0,0.0,1.1284630373948126,1.3515906717490211,1.0080612533316653,0.6983437196916786,-0.19672589756934633,1.3853235336259044
0,1.9128895432235713,-0.5781064493499075,-1.544025976517848,-0.5781064493499075,0.0,1.0,0.0,1.0,1.0,1.0,-0.5171406385056285,-0.0033502779024769946,-0.49870046109885613,-0.27230502838973286,-1.1171180994040577,-1.4262466612743618
0,-1.4085138624231657,-0.19311709883422257,0.10243642187237678,-0.19311709883422257,0.0,1.0,0.0,0.0,0.0,0.0,-0.22166003099724413,-0.55591809032079,0.6213442077481965,-2.5380354131169534,0.7217291850490044,-2.6039800776530773
1,0.1404171726009127,-0.7587183199809571,-0.7587183199809571,1.5929726960337791,0.0,1.0,1.0,0.0,1.0,1.0,-0.24490896327198305,-1.236007768573957,1.4288769160626398,1.8299119351431685,2.0905980185800024,-0.14103337771622204
1,-2.226852174436042,1.225820125778689,1.225820125778689,0.5250179911979667,0.0,0.0,0.0,0.0,1.0,0.0,0.13639114391726057,0.34865791260788237,1.3346741279637044,0.013762827754041973,0.2756853303359049,-0.03256738080828536
0,-0.36878389745478923,1.7990368806887742,1.4119115760145475,1.7990368806887742,0.0,0.0,1.0,1.0,0.0,1.0,-0.13813514398961677,0.10449928048081725,-0.7238237939881411,0.09921990910668597,-2.7897994537135986,-0.5236524974952965
0,1.8621959739546197,4.847067799106397,1.334917766972868,4.847067799106397,1.0,1.0,1.0,1.0,0.0,1.0,-0.7031152565493202,-0.5616685533651401,-0.20722797554142663,0.47599578678194465,-0.6344800814625523,-0.1538950494543298
0,2.739587660840307,4.508919042467254,2.531648156147311,4.508919042467254,1.0,1.0,0.0,1.0,1.0,1.0,-0.04263871136294385,1.4254659169377577,1.275444059928397,-0.25052286478974495,0.7288269838241875,-0.32887773736265025
1,1.0401436360394916,-2.860489103886866,-2.860489103886866,1.4278006372742533,0.0,0.0,0.0,1.0,0.0,0.0,0.5522173003077162,-0.6689163279837524,1.8084367243652482,1.7290252412460907,2.060430481740296,1.0165603750045815
1,0.09725353940294013,-1.7803441976868046,-1.7803441976868046,-1.4874665770088786,0.0,1.0,0.0,0.0,0.0,1.0,-1.2778604740764903,-1.1726566172114707,0.32727286288872537,1.762173178259574,-0.29805882676336154,0.485886734208236
1,1.517295683058293,3.081703216685346,3.081703216685346,2.42679110752219,0.0,0.0,1.0,1.0,1.0,0.0,0.3156318748748257,-0.24434754939833542,-1.4540172716790467,0.5007687731202124,0.07734746078044416,1.179951207449151
1,6.619371537749654,3.8346178262985746,3.8346178262985746,7.437894500155084,0.0,1.0,0.0,1.0,1.0,1.0,1.2857613683419307,2.558516399966921,1.9686440550680349,1.4608924636643688,0.4670171476279217,1.9074350041616395
1,4.165991271815336,2.64194752593473,2.64194752593473,4.508475306074604,1.0,1.0,0.0,0.0,0.0,1.0,0.6628449137696288,-0.29710553895964037,-0.11147713042421602,1.3264973867898175,1.0604929741319808,0.14386470207041252
0,-0.6189678895240515,0.09254835735343753,-1.670565147296053,0.09254835735343753,0.0,0.0,0.0,0.0,0.0,0.0,-0.7472526062693916,0.07275260689008783,-0.4655746780854765,-0.4509821250563283,-0.44079177179146667,-0.9563573937080581
1,4.706392123330974,3.4777050653986703,3.4777050653986703,5.9339333184461145,1.0,1.0,1.0,0.0,1.0,1.0,0.7037032421418811,-0.302425726549714,0.7053297434298162,0.8443286996729498,-0.4038958828075544,0.6373074490044894
0,1.7890297736662217,3.2359313253562965,2.5510153805786304,3.2359313253562965,1.0,0.0,1.0,1.0,0.0,0.0,0.3311795943410116,-0.9645905824351968,-0.4721723533003467,0.9392513770911644,-1.47111659004733,-0.6041679238185231
1,0.21896855327336395,0.7686742935395738,0.7686742935395738,-0.7000933468495028,1.0,1.0,1.0,1.0,1.0,1.0,-2.612195438369033,-1.13612397277591,-0.23626720744207785,-0.15541098241547663,-1.2829667187306533,-1.3803429525907243
0,1.8857345038085256,3.215053735474649,2.4158727212987507,3.215053735474649,0.0,0.0,0.0,0.0,0.0,0.0,1.0129033970320316,-0.020084689305968295,-0.22937791164191274,1.2516704186721272,0.5258580375739839,0.3130612879008239
1,-1.2677303817467056,-1.3584038387258028,-1.3584038387258028,0.9492710864434728,0.0,0.0,0.0,0.0,0.0,0.0,-0.1852955363863439,-0.5847026263672183,0.16665068103661224,-0.9954240264550659,-0.9793301349827331,1.598875804490261
1,3.2189385193165645,2.573522965484022,2.573522965484022,3.690761080561437,1.0,1.0,0.0,0.0,1.0,1.0,-0.35911104636867347,-1.0470914900298207,0.6584099320420718,0.8399258319447057,0.05256451579937603,0.5082501612948445
1,1.955252023015841,0.264405112959761,0.264405112959761,0.22341728703147434,0.0,1.0,1.0,0.0,0.0,1.0,-0.14040244953517264,-1.369160571961992,-0.9509028226112545,-1.2693302084818385,-0.529758414966312,-1.7341873145175108
1,3.2475887805410952,2.7736185976944734,2.7736185976944734,6.109581152175121,1.0,0.0,1.0,0.0,0.0,1.0,0.11581104382366687,1.2026597658803686,-0.22869146410201152,0.08622215302482339,-0.42762199886068475,0.38812468815557893
1,1.5088592009205006,0.14808722371441085,0.14808722371441085,2.8199556984562535,0.0,0.0,0.0,0.0,1.0,0.0,0.8577641126557203,-0.7816004013840325,-1.199553689886087,1.4221196152125046,0.627217327754827,0.84371097444661
1,4.295196888397174,1.6589015821267545,1.6589015821267545,3.2436486217826173,1.0,0.0,1.0,0.0,0.0,0.0,0.4166091221914042,0.22490554278026303,0.1343197760313241,-1.1290404224168318,-0.662180250986749,-0.22074506519824538
0,0.36267756029911025,1.1305400961242673,0.5976065569746114,1.1305400961242673,0.0,1.0,0.0,1.0,0.0,0.0,-0.4336661445681905,0.6715692811728404,0.16123309381245993,-0.10462555987600045,0.9725365948830832,-1.4500192454985066
1,7.030369676964465,3.2083839959809852,3.2083839959809852,4.197870300585509,1.0,1.0,1.0,1.0,1.0,0.0,0.28391926879684437,0.596028051539748,1.6318703076867005,1.0733428961379654,0.48612387032669296,0.7476521565516125
0,1.74172608744646,2.604716009998698,1.7278924217735168,2.604716009998698,1.0,0.0,0.0,1.0,0.0,1.0,0.044239554524987935,-0.0011739840302485427,-0.250328255265621,0.8136658041216619,0.5900732603614576,0.11694769345705498
0,0.074381628275064,1.998134520377461,-0.284323833076896,1.998134520377461,0.0,0.0,1.0,0.0,0.0,0.0,-0.0819225436167395,0.5279980114973218,0.08726351431528312,-1.03254961471191,0.787391673248421,0.607022126945588
0,3.713538066503279,4.053679821068596,2.0448807009825445,4.053679821068596,1.0,1.0,1.0,0.0,0.0,0.0,-1.1345903446681032,0.5862175550444394,1.178240364301574,0.3559082354717382,0.5574943789077058,-0.37953223842911255
0,0.2386191321657436,3.858110499841763,0.5514231821496538,3.858110499841763,1.0,0.0,0.0,1.0,1.0,1.0,0.07383056129187991,0.4158666098366543,1.6638659691668067,0.3198416589329035,-0.8691580981190055,0.9084657037069411
1,2.2731187983636354,0.9034553441870112,0.9034553441870112,0.12344706615627365,1.0,1.0,1.0,0.0,1.0,1.0,-0.4085893180901205,-1.109639562094622,1.459233300631342,0.21306697881549042,0.38300768850710565,1.046260076176424
1,2.4984715603727023,3.601127681161733,3.601127681161733,4.634136132267799,1.0,0.0,1.0,1.0,1.0,1.0,0.3262148061279068,0.2872858887340674,-0.7847547475282397,0.058301408006154326,0.025031276000935132,-0.10548080625257354
1,1.3935910736879245,1.4759456803999784,1.4759456803999784,1.1601058549354826,0.0,0.0,0.0,0.0,1.0,1.0,0.35733436132186247,0.7709538195954311,1.3108088129855449,1.5198434031261534,-0.45751463560306793,0.9730299249162155
0,5.412418489069115,4.337081481255887,2.3000480380671107,4.337081481255887,1.0,1.0,1.0,1.0,0.0,1.0,1.3342938871196444,1.5511522587185809,1.843591916132666,-1.2804195483926721,1.8558458141357836,0.2540845170393591
0,2.130599637586635,1.7428368818373792,1.018517707323618,1.7428368818373792,0.0,0.0,1.0,1.0,0.0,1.0,-0.12741317589983997,1.8887382260345973,1.8011475491714464,-0.06703344007627335,1.9782141446122568,0.49982087870797487
1,-1.0024457988767246,-1.6036193439790019,-1.6036193439790019,0.2290447162589182,0.0,0.0,0.0,0.0,1.0,1.0,-0.7870966641698398,-0.7053137956571491,-0.4112064404128991,-1.4672057786819344,-0.20239472584210583,-1.5397700405881962
1,3.9231067391300534,1.3804402263080449,1.3804402263080449,5.3097966065366515,1.0,0.0,1.0,1.0,0.0,1.0,1.0620488654717228,-0.20809104331544484,1.1331251605116661,1.0779512285418011,-0.42371393696816106,-0.7486387340827174
0,1.5774933960223554,5.716889930288928,2.222829333629624,5.716889930288928,0.0,0.0,0.0,0.0,1.0,1.0,1.9784976008663535,1.5659260604360399,2.165795590789446,0.6394879346241706,0.2415488496433521,0.24441827715605713
1,-1.773108433552974,-0.6939176300773515,-0.6939176300773515,-0.8765793370330647,0.0,0.0,0.0,0.0,1.0,1.0,-1.5418421945106864,-0.0010341259160145944,0.3573987185630071,0.006919466622154674,-0.667609801267256,-1.3919444024362864
1,1.952361102820004,0.3760971506676898,0.3760971506676898,2.411595580198091,0.0,1.0,0.0,0.0,0.0,0.0,-0.09250306204417916,-0.5748709741868876,-0.8545232649752184,0.2814127811934408,-0.31575138818524173,0.26176160589452674
0,0.8230047356735053,3.0598892075301727,1.3853710400161612,3.0598892075301727,0.0,0.0,1.0,1.0,1.0,1.0,1.2416720532643646,0.01842119917308238,2.015559393537189,0.09031581169004133,1.988989186939548,-0.4254745351268636
1,2.696359263052698,2.209616254580684,2.209616254580684,3.479653547000607,0.0,0.0,0.0,1.0,0.0,1.0,1.3459228133334387,0.07582067940363843,-0.6161485184544688,0.29695843531724175,1.302253854039586,0.3478385554772238
1,5.510493676236112,4.151809552481329,4.151809552481329,5.795207130701234,1.0,1.0,1.0,1.0,1.0,1.0,0.2973297883852123,1.3295111758521068,0.5662544895246292,-0.20652761686311133,0.7188962790875835,1.604856067865688
0,1.5136154422788994,3.3749137148029575,1.5494543885852439,3.3749137148029575,0.0,0.0,1.0,1.0,1.0,1.0,-0.21296772224428376,1.5075007185721478,0.5897521364679904,0.14262017645988084,0.4883227206928243,-0.20091344111266485
1,4.396165508847217,1.647820984254786,1.647820984254786,3.4202950659617275,0.0,0.0,1.0,0.0,0.0,1.0,1.2506290235159965,0.2169564174601662,0.6381197474701648,0.7250919651851585,0.0018191959553321424,0.9425413375345273
1,6.080716410453306,3.341697267375749,3.341697267375749,7.994808224292101,1.0,1.0,1.0,0.0,0.0,1.0,1.526382250198212,0.06112606670817167,0.5418016251186843,-0.5698997641096448,1.5358875141287358,0.8803901060916364
1,4.109174579034021,-0.2402575591908389,-0.2402575591908389,1.9757483752662222,0.0,0.0,1.0,0.0,0.0,0.0,0.44560121258232877,0.06058271308985308,-0.778883118113463,0.2429371651589869,-0.8490951784336666,-1.2654702561403783
0,1.3391535572012438,2.823521289824083,0.5770921830596373,2.823521289824083,0.0,0.0,0.0,0.0,1.0,0.0,0.4502631452937184,0.8022207302237867,1.4648148129229588,0.891557326738712,1.0885728838623716,0.4021052105689453
1,0.4011060387182307,-0.31629583925651583,-0.31629583925651583,1.3137145042792224,0.0,0.0,1.0,0.0,0.0,1.0,0.1951060827164858,-1.3755887487528216,0.21048858647586072,-0.23092130074407205,0.3471751007248598,1.321427699249682
0,-2.2212515581514403,-1.5136579664492587,-1.126965310508491,-1.5136579664492587,0.0,0.0,0.0,1.0,0.0,0.0,-0.8852140923129422,-0.24289200108115416,-0.810589906447406,0.31950183658678805,-0.08493758811421342,-0.8583710162918228
1,2.8251541530425115,-0.4926509300400224,-0.4926509300400224,0.25554400774730723,1.0,0.0,0.0,0.0,0.0,1.0,0.16976641893408503,-1.4359631416948049,-0.5571750264599841,-1.0520434171397919,0.10291690991584113,0.40490520462888985
0,-1.6522831822622437,1.9274614522819709,0.5533790193448639,1.9274614522819709,0.0,0.0,1.0,1.0,0.0,1.0,-0.5058642153735332,0.03721548351700382,-0.03394544529348324,-0.5928276554569314,-0.2969797320919601,-0.04287345922852408
1,2.015322093557816,2.1092354765136307,2.1092354765136307,1.6510489501321624,1.0,0.0,1.0,0.0,1.0,1.0,-0.5022043364694596,-0.5392445380348005,-1.503084256462316,-1.297025349933796,0.7769224756224838,-0.3975641553378287
0,-0.43127645228641537,0.8261486073506769,-2.0730682282646904,0.8261486073506769,1.0,1.0,0.0,0.0,0.0,0.0,-1.3909812689059442,-1.4834365979048316,-1.6172550848941807,-0.47629291295023907,-0.8664088670724106,-0.1648370782026738
1,3.743499482765952,1.2413876005305668,1.2413876005305668,3.0855229202094043,1.0,1.0,1.0,0.0,1.0,0.0,-0.18996150915623297,0.40435901302096194,0.5536562862805366,-0.4671238861333886,1.193719283583656,-1.2100171233178805
0,0.2075598958878806,4.187702382999629,1.8967067902356323,4.187702382999629,0.0,0.0,0.0,0.0,0.0,0.0,0.12528487922922574,2.070310669012247,0.6427134824061471,-0.19368060770628276,-0.8378965383061123,-0.3073338104338492
0,5.453554263409665,7.826478612162807,4.94984089215934,7.826478612162807,1.0,1.0,0.0,1.0,1.0,0.0,1.287808575121532,1.306518324658467,0.8789327264522688,1.2789885956237377,2.5346176039209376,0.8334576282937087
1,5.6818325788918775,3.7023062975704355,3.7023062975704355,6.747339916695676,1.0,1.0,0.0,0.0,0.0,0.0,1.2024155831496357,-0.1299047412025348,0.20753159457340667,1.4528604027197694,0.9600158903969293,0.4987881570343546
1,8.166003525270126,4.919297332977811,4.919297332977811,7.5210948111171625,1.0,1.0,1.0,1.0,0.0,0.0,0.41942947722030854,2.469663500774601,1.1253510946172096,1.793133549975363,1.7716862185098141,0.7883617418553316
1,2.516455584687471,0.8515254922041064,0.8515254922041064,1.982963200545582,1.0,1.0,1.0,1.0,1.0,0.0,-0.38339300923330116,-1.470648883635897,1.0206450023385283,0.447307325935787,1.4251040705450464,0.9427252803810178
1,0.0286209015660408,-0.262144828892737,-0.262144828892737,1.248943140922378,1.0,0.0,0.0,1.0,0.0,0.0,-1.6682687794392934,-0.984097594453365,-1.8898800065185715,0.33314233364798135,-0.814004240252799,-2.53975170313233
1,3.5313996625399233,1.9058529504435147,1.9058529504435147,4.163047175287493,1.0,1.0,0.0,0.0,0.0,0.0,1.114947580284991,-0.5630210076134866,-0.4882701712378623,-0.18255980759057278,-1.1281170695177818,-0.32982858161579526
0,2.589235081628408,5.912893803885066,5.054195868474236,5.912893803885066,0.0,1.0,1.0,1.0,0.0,0.0,-0.17350627835231702,1.7172722311015207,-1.2414353515937588,1.305804371414088,-0.5867882438030506,-0.994463697910299
0,-0.24993008959231117,-0.16413086837596796,-2.4281532197789044,-0.16413086837596796,0.0,0.0,1.0,0.0,1.0,0.0,-0.3979081343819403,-0.8175119742844683,-0.3989624103587336,0.2228706050055179,-0.23867458503726496,-1.8190136388924918
1,0.01644843735736856,-1.1373878370176023,-1.1373878370176023,0.925056580422977,0.0,0.0,0.0,1.0,1.0,0.0,-0.39184152390776,0.24346402444994367,-0.6292301318878428,0.49346369619720354,0.2737945584364033,-0.5613783516391074
0,1.8128082847867357,3.686802251843563,1.314920080383284,3.686802251843563,0.0,0.0,1.0,0.0,0.0,1.0,0.9987045372925496,0.05270766700691465,1.2654086256247683,-0.23981333423338855,0.9449574685839874,0.20240239251862724
0,-1.7181584427925354,1.4811860044035803,0.08027556627462706,1.4811860044035803,0.0,1.0,0.0,0.0,0.0,0.0,-0.21058189471203606,-1.9051683560924684,-1.2138450440743478,-0.5556836105660836,-1.4706218245746483,-0.2483490439462539
1,6.455510939555876,2.619938620803,2.619938620803,6.9229372227917665,1.0,0.0,1.0,1.0,1.0,1.0,1.2750728003251919,1.4821840523391923,2.267896328993063,-0.16110051875690032,0.9123777210984859,1.7142090340356453
1,5.442988359573416,1.3468221564291043,1.3468221564291043,3.6910799384290938,0.0,1.0,1.0,1.0,1.0,1.0,0.7792547738132184,0.08041738959852429,-0.9953447049872688,0.6025237159063037,1.0491094773409588,1.6474146148521818
1,4.217334379608583,1.2918300173943371,1.2918300173943371,3.961288300706992,1.0,1.0,0.0,1.0,0.0,1.0,0.6565871830632802,0.20884039239410696,0.3115588794501095,-0.4839591896761647,-0.4160944344545648,0.5692702040723632
1,4.951744664087285,2.4666785199727386,2.4666785199727386,3.4100775260856278,1.0,1.0,1.0,0.0,1.0,0.0,0.5913413299704536,-0.7262823550979335,0.19028708925841914,-0.32928061131467834,-0.31267257739343135,0.7067510120583357
1,9.328016873715642,6.996132921934844,6.996132921934844,9.263543237492273,1.0,1.0,1.0,1.0,1.0,1.0,0.9045159793978114,3.6227252124501224,0.9171570624109889,0.20994962102687043,-0.41419986574033407,0.5933641160482852
1,2.4335465300138974,-0.5077142549474094,-0.5077142549474094,1.7278857722304113,0.0,0.0,0.0,0.0,1.0,0.0,0.03331937543278892,0.8674065218302451,1.6949650184598433,0.8663858986985977,0.7041113997256363,1.207650351168311
1,2.6863045452685284,0.4592782343278321,0.4592782343278321,4.490758517999057,1.0,0.0,1.0,1.0,1.0,1.0,0.2219022451524017,-1.0306045762468354,0.2552286580302451,-0.6487709240777514,2.682966717241592,0.2680439771378694
1,1.7850025707037576,-1.1340180374347009,-1.1340180374347009,1.6602618182944389,0.0,1.0,0.0,0.0,0.0,0.0,-0.681111585678869,0.3041524749575961,-1.1532850773754566,-0.5917044113409876,-1.2969428227250304,-1.683486908261086
1,0.16427869405895779,-1.6969784037246884,-1.6969784037246884,0.5511624111608882,1.0,0.0,1.0,0.0,1.0,1.0,-1.692348898330988,-1.1610728894276243,2.1625800211996404,1.5028990896997985,-0.5125815916410604,-1.1887434845659726
0,0.41256922757417147,2.436387007839593,1.8439607704533896,2.436387007839593,1.0,0.0,0.0,1.0,1.0,0.0,1.5902582640107847,-0.4353857644630895,0.6370388176755737,-0.6821764693900373,0.2950419378422706,-1.3643946041916548
1,0.3653614276942105,-0.8986619686253013,-0.8986619686253013,-1.7123306861192866,0.0,0.0,0.0,1.0,0.0,1.0,-1.0508671039039914,-1.319646616802899,-1.2502834805634877,0.5727522149511597,-0.7997305044313203,0.08930218040902693
0,-3.0539048941868105,-0.2725623818199058,-1.7727709665583293,-0.2725623818199058,0.0,0.0,1.0,1.0,0.0,0.0,-0.837316353147663,-2.559968049441867,-2.8691360361309433,-0.14457448951824425,-2.8810151449252697,-0.4142384118060092
1,4.478421636949749,4.742347046470719,4.742347046470719,4.572181615947942,1.0,1.0,0.0,0.0,1.0,0.0,1.7605163619169288,0.24030544684717575,0.9243723361982008,-0.44995674662896806,0.16597016989701296,1.7406632672856959
0,1.4624129300405557,2.085412266022848,0.7062990564773222,2.085412266022848,1.0,0.0,0.0,0.0,1.0,0.0,-0.13988934638836398,-0.7599005906014761,0.697948633317004,1.406294028668344,-0.500598055607486,0.14213006139896658
1,0.13088848675298415,-2.209190004048353,-2.209190004048353,0.6391313629663806,0.0,1.0,1.0,1.0,0.0,1.0,-1.1764287903034076,-1.080527147093382,-0.441744575154544,-2.5056266630821034,-0.5002413157875639,-1.7586983893182944
1,3.2358652776123424,-1.5263127616560412,-1.5263127616560412,2.044252309954602,0.0,1.0,1.0,0.0,1.0,0.0,-0.5796826511545351,-0.03866751141476463,0.34007127163362405,-0.027101092604077226,-0.8748398007612093,-0.5102302731135837
0,-1.8538344597211107,0.9388993669276442,-1.2588589732249686,0.9388993669276442,0.0,0.0,0.0,0.0,0.0,0.0,-0.11228323795623743,-1.3986025776621132,-0.44194984169398766,-0.23556198772733303,-0.11152101867935205,-0.24103442960987614
1,1.1730096523260087,0.8316986878850083,0.8316986878850083,3.2406092909989663,0.0,0.0,1.0,1.0,0.0,0.0,0.5673855158998453,-1.2811868896438305,-0.8978702514386536,-0.5552752065697122,1.260545793878733,-0.18319652528500668
0,4.159373884555641,5.585664503666102,3.5011032681631176,5.585664503666102,1.0,1.0,1.0,1.0,1.0,1.0,1.6962772682127176,0.5888111627690049,1.2149514619842334,1.1645455440304975,0.26935298184053547,-2.0034169389517356
1,3.552945481073509,1.051794038316166,1.051794038316166,4.252845878808804,0.0,0.0,0.0,0.0,0.0,1.0,0.8591707236026142,1.539598995439582,0.08061293859801055,2.4387136387972173,0.38162097712199294,2.743872816776981
1,1.9856950366587447,2.603950197169306,2.603950197169306,5.046865768799181,1.0,1.0,0.0,0.0,0.0,0.0,1.1203721817230736,0.03192854967762629,-0.2338048886725267,-0.04270864568867949,-0.14157180951638632,0.9656267309424601
0,0.5208397259447959,4.613430654222615,2.6734650490709733,4.613430654222615,1.0,0.0,1.0,1.0,1.0,1.0,0.8007087298852623,-0.7389121115905213,-1.1132371923791775,-0.5358281304298198,-1.1280894221359368,-0.2425405699262707
0,5.284680572088462,6.221681878514976,2.2653474993427305,6.221681878514976,1.0,1.0,1.0,1.0,0.0,1.0,0.32385761301251575,0.7884162153112608,-0.009928237743275642,0.2899477948419536,0.49180095308296107,0.03563380373102226
1,0.46695315882095445,-0.5749269906676261,-0.5749269906676261,0.3235539404360246,0.0,0.0,0.0,0.0,0.0,0.0,0.47854512882643147,-0.8404500258605462,1.4724880063574801,0.1507702214593845,2.386506556252257,0.5699348070016563
1,4.079848670607979,2.6011246280583533,2.6011246280583533,4.736404096409904,0.0,1.0,0.0,0.0,1.0,0.0,1.8923438683660916,-0.12451062242810451,0.9838388873089605,0.2631235979873113,-0.4602841052374901,1.6904106120862012
1,1.5878906277680032,0.8077154323282942,0.8077154323282942,3.0876260013765324,1.0,0.0,1.0,1.0,1.0,1.0,0.19275626245424,-0.8668974087977648,-0.2576321846694424,-0.452784513027196,-1.0289927137136257,-1.151533969465132
0,0.2038860424641234,2.975393386295433,0.5300119732572797,2.975393386295433,1.0,1.0,1.0,1.0,0.0,0.0,-1.2639427718986946,-0.9770204316955606,-0.4033187924721602,-0.8914346744673526,-0.45506373828746527,-3.0937815190487274
1,2.1009912174953813,0.7487166011251991,0.7487166011251991,1.1141001057166589,0.0,1.0,1.0,1.0,0.0,0.0,-0.7626696124707252,0.4618005527957145,-0.20689466868856918,0.07441781879811546,-0.5903482491846237,0.3940710103971821
1,1.976441560581419,-1.4074111095585717,-1.4074111095585717,-0.02152249191720801,0.0,1.0,0.0,0.0,0.0,0.0,-0.7202280164100059,-0.805211316112696,0.22630064709040876,-0.5615590306968804,0.20762893436250543,2.2697637767347048
1,0.5716287527515949,1.0023807523889772,1.0023807523889772,2.31777227189456,0.0,1.0,1.0,0.0,1.0,1.0,-0.0620485856240221,-0.11492883829212469,0.6812852787732109,1.3963112722795314,0.2863679304241049,-0.6961051458929568
1,5.02257043602445,4.413211199659397,4.413211199659397,6.123908147249946,0.0,1.0,1.0,0.0,0.0,0.0,0.6254286619287761,-0.07001644464196027,-0.7449682673566298,0.15926096932408798,0.13948559853526327,0.023229197820327147
0,3.8010191608128707,3.6489500578723773,2.3700964762996293,3.6489500578723773,1.0,1.0,1.0,0.0,0.0,0.0,0.7412770556276462,0.8838056527192375,1.136775596558486,-0.36420793846933797,0.4429599933957435,0.2659217102650698
0,2.407960925863838,3.98168089734125,1.7522401471466178,3.98168089734125,1.0,0.0,1.0,1.0,1.0,1.0,0.15878909564162913,0.6940749047908843,-0.19367705084325015,0.02102229653212484,2.7515229868267905,1.5685781633186466
0,2.803913793573698,3.413482159529223,1.5897195361078578,3.413482159529223,0.0,1.0,1.0,0.0,0.0,0.0,1.4111653841422647,-0.11881885522816699,0.6957300448334662,-1.7295748045616417,0.27521093224761983,-1.3415047229980097
0,1.4072053832287759,0.5844501354078899,0.3607911661667135,0.5844501354078899,0.0,1.0,1.0,0.0,0.0,1.0,-1.4318713240390157,-0.3028699058557486,-2.150006180686024,0.863693532158218,-0.8210189808456869,-0.10702486019395607
0,-0.6425555619673522,1.7834846028622968,-1.632728185133312,1.7834846028622968,0.0,0.0,0.0,1.0,0.0,1.0,-0.7581651011678466,0.4755276944293102,0.5047523918165823,0.12301630039004693,0.5605450108542351,-1.3886993726645993
1,2.0394180608111223,0.7155715700977371,0.7155715700977371,1.1768998491912166,1.0,0.0,0.0,1.0,1.0,0.0,-1.4472119043777985,-0.22261724175135078,-0.7685021894175936,0.8073005314553021,-0.7300163383591316,0.6649650559045943
0,-1.091120975172356,3.0196233946153654,0.7575114998691295,3.0196233946153654,1.0,1.0,0.0,0.0,0.0,1.0,0.0363497456595026,-1.889680110735206,-2.7799589051873785,-1.9248291209072415,-2.7277510754846572,-1.0448023429203
0,1.4190578796743787,3.1600912611083722,1.0776330131401268,3.1600912611083722,1.0,1.0,1.0,0.0,1.0,0.0,-0.43618238732247716,0.20597508520724897,-0.03721685717955292,-0.48341136284941816,0.560277946097676,-0.28820993940350514
1,2.447490576504367,-2.3503622789800325,-2.3503622789800325,2.3462570812875025,1.0,0.0,1.0,0.0,1.0,1.0,-0.6108921940135172,-3.0213486727421044,-1.4497168619487006,-2.3114836088116424,-1.5968960776981842,-1.3595057990187156
0,0.08666699749242812,1.3785321522247085,1.7834233337050067,1.3785321522247085,0.0,0.0,1.0,1.0,1.0,0.0,0.28678463146571503,-0.6797296330517196,-1.7715327216614742,-1.0298170171635586,0.7917789802481818,-0.5168597652394228
0,3.680493787731966,4.184891299958349,3.441310556684713,4.184891299958349,1.0,1.0,1.0,0.0,1.0,1.0,-0.24320840464495114,0.6858575809559267,-0.7274642398749678,0.43801808732433983,1.152084790163245,0.15374072683521667
1,1.6321071755321375,0.7553142038487866,0.7553142038487866,1.6807317088208074,0.0,1.0,0.0,1.0,0.0,0.0,0.5640253710216087,-0.718362511553913,0.5368155081174097,0.3599281650269889,-1.937534953513033,0.7690119789149101
0,1.6357813077039196,1.760990875326217,0.21379291097539804,1.760990875326217,0.0,0.0,1.0,1.0,0.0,0.0,-0.09384175631605188,0.35371274116223206,-0.016751996190897067,-0.7750960726699596,-0.97726943268347,-1.3206520754625832
1,4.756467588819893,4.015799755896343,4.015799755896343,6.172722661798713,1.0,1.0,1.0,1.0,0.0,1.0,0.9337524080928361,0.7208281936492328,1.8401309305354476,1.7344880583223363,1.2523882717480033,2.3701222254588723
1,0.3795511217923452,-1.1300873317144027,-1.1300873317144027,-0.6029360780620538,0.0,1.0,1.0,1.0,0.0,0.0,-1.24865545437355,-1.4872975199717673,0.5376945031935181,-1.0919911542108585,-1.159139763571659,-1.221592981163607
1,3.6978223020845045,2.1496727476592783,2.1496727476592783,1.9048144443025967,1.0,1.0,1.0,1.0,1.0,1.0,0.042664945127611105,-0.010416999828822382,1.6385518039868878,-0.29816873966716456,0.4031619071766992,0.7990306601882372
1,1.9726489199747816,1.47469709844838,1.47469709844838,1.964417513229089,0.0,0.0,0.0,0.0,0.0,1.0,0.7449642065433287,-0.20553527966160273,-0.258743890836295,-0.11918312599407554,-0.10231034806069786,-0.25456521027090173
0,1.0899755721441264,0.855270830840007,-2.0880894844702476,0.855270830840007,0.0,1.0,1.0,1.0,0.0,0.0,-1.5287972865017456,-0.29171896576575473,0.8399128034160659,0.6526611383888297,0.46536596554601106,-0.39815970128828937
1,-1.6528547301212733,0.03323571935506098,0.03323571935506098,0.6466031380227987,0.0,0.0,0.0,0.0,0.0,0.0,0.2129073423425606,-0.9485593810243238,-0.24787355879297035,-1.1176873537610754,-0.05883257671152031,0.36823074188687893
0,0.7396217217786838,1.7238293599086232,3.7297418860752325,1.7238293599086232,0.0,1.0,1.0,1.0,0.0,1.0,-0.7642840927274719,0.08453943573720257,-1.4020780555770527,-0.23557439353384846,-2.9458046349641966,-0.1750091150628107
1,-0.8197086242047287,-0.7637109443965426,-0.7637109443965426,-0.8042968533835364,0.0,0.0,0.0,0.0,1.0,0.0,-0.8114390143228135,0.00834055767115316,1.0295751622669629,0.27909917765815956,0.3494209491539513,0.22436097511761594
0,-2.711130636805578,-1.753947719584325,-0.9263493369605266,-1.753947719584325,0.0,0.0,0.0,0.0,0.0,1.0,-0.9365308237352281,-0.7048379276695645,-0.3128056990786431,-1.3294401387255943,-0.9826093098263358,-1.0686256621096435
1,1.713463825841821,4.266673895752701,4.266673895752701,2.573044373967436,0.0,0.0,1.0,1.0,0.0,0.0,0.11631183272914482,0.22108769579655224,-0.948205492838968,0.3699307739929752,1.163319720271396,-1.418605974531445
1,5.637444985757215,3.5065783009167792,3.5065783009167792,7.8359615694828655,1.0,1.0,0.0,1.0,0.0,0.0,1.6170751907039442,0.03539778199599797,0.2002207461306216,0.3397677103774879,0.8991249559455677,0.2963319837621763
0,-1.6372541717148477,2.964701176487414,0.2195633933067721,2.964701176487414,0.0,0.0,1.0,1.0,1.0,1.0,-0.3938708017594099,-0.6069723758442332,-1.4769889365232172,-1.4924770893299248,-1.608781570385999,-0.8244816371630751
0,1.3457884174326922,3.874699954453033,1.790506256325984,3.874699954453033,1.0,1.0,0.0,1.0,0.0,0.0,-0.6421530052613136,1.231642360268937,1.5735283518902468,1.3106308930671333,0.962146124924215,-0.5714587476027714
0,-0.038606420095982086,2.0389388000905715,0.23060718655140758,2.0389388000905715,0.0,0.0,0.0,0.0,1.0,0.0,-0.6768868773086366,-0.34571658522320814,-1.9711442864501452,0.9174629739767527,0.22813821432235803,0.378218297284467
1,-0.3982274276264799,-2.330020027260624,-2.330020027260624,-0.09379209310042924,0.0,0.0,0.0,1.0,0.0,0.0,-1.3511043492201154,-0.1873406212330491,-0.32386110753968916,-0.49486830053760983,-1.1943880455461837,0.24630140949267143
0,-0.9547130590988713,0.9832267334200272,-1.1748844206528917,0.9832267334200272,1.0,1.0,0.0,1.0,0.0,0.0,-1.418514644593571,-0.9538395169372472,-1.0218598067677847,-1.6903598627781637,-0.18577414530302266,-0.035703660315329566
1,3.749982280559397,1.250458568871004,1.250458568871004,4.58025220478939,1.0,1.0,1.0,1.0,1.0,0.0,0.03774481179334943,-1.3486588435063744,-1.2556702055181623,-0.9666586859344712,0.8969395929674637,-0.3987571905613016
1,-0.4630050322290358,-0.709095029420209,-0.709095029420209,-0.055216934275487684,0.0,0.0,0.0,0.0,0.0,1.0,-0.0006271112566694541,-1.9995984416794412,-0.7874104038696927,-1.8304085355474973,-0.007039902704023104,-1.5793291667375242
0,1.4551657029325713,3.730872815659231,0.025564256883087166,3.730872815659231,0.0,0.0,1.0,0.0,0.0,0.0,0.6132971508013861,1.2803446265724083,0.7908067308830087,-0.3688262072330545,0.35967820340606443,1.1320711268662462
1,2.826914492985154,2.157610987047799,2.157610987047799,4.012245956726652,1.0,0.0,1.0,0.0,1.0,1.0,0.777564701353955,0.1790150397331357,-1.307314051194965,-0.7218065457480376,0.9270980784745169,-0.6682834994113163
1,3.2241213332770897,-1.032470607162706,-1.032470607162706,2.7343301861527722,1.0,1.0,0.0,1.0,1.0,1.0,-0.5271250980696317,-1.2973495537408166,-0.40089939618216264,-0.18753570655704158,0.6570635376872334,1.146557048237737
1,1.2064262757323387,-0.11218827614883953,-0.11218827614883953,-0.35646992722236176,0.0,0.0,0.0,0.0,0.0,0.0,0.09987684890153821,-0.44453760279527127,0.6647075052598599,-2.2008623133594374,1.2165711018771617,-0.8745945656794087
1,2.4036298955471307,1.2348744704908932,1.2348744704908932,2.00500727045477,1.0,0.0,1.0,1.0,0.0,0.0,-0.34217164418714313,-0.8719899227142773,0.2917985491082215,1.3568522392360975,0.6215948578393973,-0.8860941127467971
1,5.635587183838299,4.903187346710153,4.903187346710153,6.581673478886422,1.0,1.0,1.0,0.0,1.0,1.0,1.2715227032039733,0.11226811395435124,-0.813589493576508,-0.2756980134619075,-0.3773634487194205,0.7100674240345894
0,3.357139878854283,8.306733215219896,6.164751848944379,8.306733215219896,1.0,1.0,1.0,1.0,1.0,1.0,2.348258198526614,1.0886935603698862,0.44660379092268515,0.5731418982496058,0.4767964666582304,0.523039047746261
1,3.575951329468546,3.7417274236825815,3.7417274236825815,1.5836504961842643,0.0,1.0,0.0,0.0,0.0,1.0,1.5908684010642438,-0.5944595404903369,0.13916987318877946,0.9459380911819995,1.3350903428571677,0.4943488242905529
1,2.478385669966011,0.2940042759471291,0.2940042759471291,3.9569312025709946,1.0,0.0,0.0,1.0,0.0,0.0,0.12668844385486516,0.054217489386471585,-1.73854186669562,-0.8004872192485255,-0.13298053776520877,0.7973518909845997
0,-0.22687172352627671,0.8454098652469489,-0.6615918330947432,0.8454098652469489,1.0,0.0,0.0,0.0,0.0,1.0,-0.7596632249345795,0.920621658592442,1.33849177716403,-0.16548644445264366,0.8578314615225079,0.28231300753062305
0,2.222317271346577,2.082255537889599,3.1303511925713323,2.082255537889599,0.0,1.0,1.0,0.0,0.0,0.0,0.1407426878289842,1.0945443351098563,1.630981670015936,1.2345519208108784,0.37373665862698624,-0.7042473617023565
0,2.080024998826455,4.4857280550336505,4.453433546089392,4.4857280550336505,1.0,1.0,0.0,1.0,0.0,1.0,0.3404614157834941,0.2690434985002596,-0.5179167110895861,0.3289791263993612,-1.1846611444533253,-0.47977178454679476
0,4.172251117643915,7.050888322355791,4.321212086876433,7.050888322355791,1.0,0.0,0.0,0.0,1.0,1.0,1.0810405486288968,2.345464702196012,2.2163458721995553,0.8030542062047527,-0.1208257690670278,0.13343005690659782
0,4.473832916346881,4.3858288809573205,3.061784480454582,4.3858288809573205,1.0,0.0,1.0,1.0,1.0,1.0,0.43412919695326546,0.966322783222402,-1.0644764535982636,-0.04439651572553366,0.09733247242833043,-1.6724642142489548
1,1.328149578815411,-0.6106875118535876,-0.6106875118535876,1.4266205794958324,0.0,1.0,1.0,1.0,0.0,1.0,-1.7438150090821214,-0.4987764851387263,-1.0648022527134524,-0.6610080980044586,-1.0689306060846266,-0.6119949599355871
0,2.22089983560401,4.613223152367306,3.877409604981848,4.613223152367306,1.0,0.0,0.0,1.0,0.0,0.0,1.2262309791293833,0.840473941987015,0.19548026657130346,-0.4861116199383284,0.6799863427950971,0.6868523965024949
1,3.9293365266496956,5.554690909123813,5.554690909123813,5.152811765567035,0.0,1.0,0.0,0.0,0.0,1.0,1.561843199132372,1.108789172577708,-0.8789147536206603,1.081034135274803,-0.033833644869783436,0.7789069989692698
0,-1.3586640580963973,0.4602714226361846,-1.3128461721849207,0.4602714226361846,0.0,0.0,0.0,1.0,0.0,0.0,-0.8923992249436216,-0.19021714878642543,0.21420660619509296,-1.1846140396919014,0.7780689287057068,0.43708830332690957
1,5.111463201455158,2.7021676063451157,2.7021676063451157,4.361906743028228,1.0,1.0,1.0,0.0,0.0,0.0,-0.17492792471724078,1.0934706890995942,-0.023099212565555916,-0.4398926074873992,0.9444430797366445,-1.11352357658678
1,2.5480655264669734,2.783260337518441,2.783260337518441,2.452603423067987,0.0,1.0,0.0,0.0,0.0,0.0,0.6401551678319826,-0.6689755093334251,-0.24105801160699736,1.4565164196630105,-1.1808344019942651,0.5285999975982048
0,2.9795555888920786,0.7283041051638697,2.6322219081075104,0.7283041051638697,0.0,1.0,1.0,1.0,1.0,1.0,0.42833805418857296,-0.19981986593390988,-0.8362130061473905,-0.32562045166054404,-1.3024769875746658,-0.6797897272692469
1,5.113207353486906,0.8361182475272586,0.8361182475272586,4.477883281131804,0.0,0.0,0.0,1.0,0.0,0.0,1.0366064146754277,1.4274001465348196,0.22066326886264911,1.4211630046938046,-0.4414102774141674,1.8305534022477459
0,1.9459160045435722,5.270974294276869,1.9152835448083072,5.270974294276869,0.0,1.0,1.0,1.0,0.0,1.0,0.5997190528394817,2.1616352944258583,0.8662273095676268,-0.20042614743643267,0.051905109053157816,0.30387170694237925
0,2.6996004193997254,3.7844433699295887,1.9864143956387779,3.7844433699295887,0.0,1.0,1.0,0.0,0.0,1.0,0.19191845334954194,0.7326162857264171,-0.08959802527653093,1.3352250480458132,0.1040613806117629,-0.13526836620569535
0,-2.3151264664884725,2.1861852180248946,0.43069007559042183,2.1861852180248946,0.0,1.0,0.0,0.0,1.0,1.0,-0.027259813686679995,-0.633061291436076,0.7638327494609589,0.18086311777513747,0.5164410838029534,0.06964726167406099
1,7.165135227823415,3.317546489326397,3.317546489326397,7.957530057263783,1.0,1.0,0.0,0.0,1.0,1.0,2.188771347010395,0.508707167788762,0.6315453943168645,2.0595093698235476,2.5844175427959106,1.8298057047778233
1,1.6775590401802303,1.8518224667151548,1.8518224667151548,2.5106689461109184,1.0,1.0,1.0,0.0,1.0,1.0,-0.42656428973064614,-0.4479077713862336,0.2939881919988795,-1.3117108564251414,-1.7061524476222245,-0.1757846294219808
1,3.3859814370387618,2.42177298851509,2.42177298851509,5.165535092630337,1.0,1.0,1.0,0.0,0.0,1.0,-1.356190280096603,1.881496931029056,0.33874953034043714,0.17285286010966971,0.6622398936664289,0.4225780855312722
1,6.711769346870618,3.9650381008029196,3.9650381008029196,7.489388655766347,1.0,1.0,1.0,0.0,0.0,0.0,0.41169873439081894,0.5825866460354208,-0.8933467425649894,2.446671141224959,-0.9378116655331049,-0.35863849377017043
1,0.04280795317787006,-1.543296948743234,-1.543296948743234,-0.9949276634850718,0.0,0.0,0.0,0.0,0.0,0.0,-1.5353563637300638,-0.06548409912494768,0.15965952678130352,1.908367770979652,0.014150935620545368,0.7131047660031372
1,3.55278012358909,3.7949369263246897,3.7949369263246897,6.191134543136766,1.0,1.0,0.0,1.0,0.0,1.0,0.3888083440120829,0.4086369364669827,0.7812403543790568,0.2912618158214166,-0.25919084499083,1.3179120881145214
1,2.0042843988951504,0.06908058106778961,0.06908058106778961,0.7092523411151566,1.0,0.0,0.0,1.0,0.0,1.0,-1.3926670992488568,0.2128794820175947,-0.10344755707140509,0.40004416104365115,-0.08138598271886871,0.058055912493951256
1,2.4533297514084422,3.231418135036512,3.231418135036512,2.922297369297302,0.0,1.0,1.0,1.0,1.0,0.0,0.3045785156910298,0.7847082719378999,0.12034589512386198,-0.028232159477335525,0.03335110212010977,-0.9543786611142107
1,4.049234595179749,3.6387318702132387,3.6387318702132387,6.3350920612948105,1.0,1.0,1.0,1.0,1.0,1.0,0.320464231063431,-0.47137451512639417,-0.15381790477762003,2.3783890730607973,1.079311797230912,2.2506002481787375
0,3.5097630623024236,6.858600147834765,3.115849541177112,6.858600147834765,1.0,1.0,1.0,1.0,1.0,0.0,1.473799091350509,-0.644380898704157,-0.7379233853702343,-0.47953609307531986,-0.3784597959686965,0.12657932771030656
1,-0.698126246645741,-1.3339242302367373,-1.3339242302367373,-1.043598503541862,1.0,0.0,0.0,0.0,0.0,1.0,-2.396313003983081,-0.10000625999964131,-0.7142042262870203,-1.381747988249681,0.25757718673845686,1.1083206591280266
0,3.708598923019428,5.3783896035837,4.977090812691873,5.3783896035837,0.0,0.0,1.0,1.0,1.0,1.0,1.067965687396646,1.07318825443343,-1.0729456932898083,1.3050182669400134,1.0326155772324694,1.0077997183248177
1,6.235960962480972,3.6103749458999186,3.6103749458999186,7.235309779661872,1.0,1.0,0.0,0.0,0.0,1.0,1.5281486171155185,-0.33804919439753256,0.5917804284582561,0.8039388440873914,0.7858366780949704,1.4466212074012685
1,1.6655176915736851,1.1239272400940807,1.1239272400940807,3.1503933844229683,1.0,0.0,0.0,0.0,1.0,0.0,-0.10850396556599547,-0.7670774812034353,0.11740461781173132,-0.03071578438210812,0.6187133732811232,0.22301467180518364
1,-0.6420155627884423,-0.6907144514437807,-0.6907144514437807,2.0121238410363227,0.0,1.0,1.0,1.0,1.0,1.0,-1.3294546489568269,-1.0521577305090817,-0.6954860344917557,-0.03235933548103481,-1.3978658513842532,-0.19783511958087407
0,2.0850730258523402,2.001461448426805,-0.2718839661743322,2.001461448426805,1.0,0.0,1.0,1.0,1.0,0.0,0.2988940832576241,0.10477430550331901,2.0812666009397818,0.0047790749048253756,-0.35529478485613164,-0.3929054268122796
1,0.5054107689537162,-0.07284963877830414,-0.07284963877830414,-0.4750646069542499,0.0,0.0,1.0,1.0,1.0,0.0,-0.20216585850890387,-0.6294323397954593,0.22575386566162942,-1.1024626573074918,1.182309305362386,-1.8518358992332686
1,-1.362935602479739,-0.870008198553547,-0.870008198553547,-1.3622777768968124,0.0,0.0,1.0,0.0,0.0,1.0,-1.5209584794152415,-0.7686650807634663,-0.1780788414309025,-1.6506598031258668,0.28350982078592135,-0.16866302553929208
1,3.3140292772150914,1.7597161712611045,1.7597161712611045,3.8833662456685354,1.0,0.0,0.0,1.0,0.0,1.0,0.7059652093910049,-0.2631932785793471,-0.3573003518395291,-0.17200326407143704,0.39187096499650537,-1.1283825018450597
0,0.07318702306344915,0.27334542454888,-1.754286230560917,0.27334542454888,0.0,0.0,0.0,0.0,0.0,0.0,0.07047063213563315,-1.0298921447044118,-0.27190691309986004,1.015145567122207,-0.9353244550462739,-1.2788378258126263
0,-2.625078514138756,-1.298854006894533,0.39416697897980346,-1.298854006894533,0.0,0.0,0.0,0.0,0.0,1.0,-0.43764365118879484,-0.6028257209551211,0.9945551652867859,0.5272995106711803,0.7843189829299638,0.3335049691995967
1,1.9052644706527557,-2.2905323504549355,-2.2905323504549355,1.9409837560059082,0.0,0.0,0.0,0.0,0.0,0.0,-0.9428293095723072,1.0323498282979844,-1.7431059622246743,-1.7922758139556905,-0.5688272316573612,-0.36958580090917953
1,-1.8421507456144246,-0.46998699816260947,-0.46998699816260947,-0.9741583717551003,0.0,1.0,1.0,0.0,0.0,0.0,-2.092309095265544,-0.21406475592410942,0.8109215509451853,0.530098110212661,0.3445814239126047,-0.22261558749975088
1,3.0631419807994558,1.1251229589328329,1.1251229589328329,3.9166706492444856,1.0,0.0,1.0,1.0,0.0,1.0,-1.243398594186839,-0.13363311727339677,-0.9673528999070584,1.7262381949178922,0.4286814762880304,0.7467962198876542
1,0.42834019550676217,-1.3841273515166397,-1.3841273515166397,2.855492958069386,1.0,0.0,0.0,0.0,0.0,0.0,-0.21459781895842286,-0.5834626787687109,-0.6655789947821084,-0.8553229566825795,-1.0665511285303397,-0.9835739090272297
0,0.5970091346189954,3.792946802397941,3.8324235255326604,3.792946802397941,1.0,1.0,1.0,1.0,1.0,0.0,-0.9416609009587411,1.1050481356479487,0.5055329974653814,0.2918486380399672,0.240611531194952,0.8872160719887795
0,1.321385215013716,2.620176950728245,1.4598005816038673,2.620176950728245,1.0,0.0,0.0,1.0,1.0,0.0,-0.37380211893315524,1.419467279348855,0.9167215484955146,1.296772988357971,-1.3091163398511014,2.016380705374458
1,-0.24815902201445916,-0.5214382283972079,-0.5214382283972079,2.588774819185091,1.0,1.0,0.0,0.0,1.0,0.0,-1.4086365662758524,-2.91265999510329,-0.3845801479744775,-0.4207199923725743,0.11938714789841132,-0.5777253023945166
0,1.4744146437651136,2.4515620554432687,0.6990895835246472,2.4515620554432687,1.0,1.0,1.0,0.0,1.0,0.0,-0.8049663440435472,-0.4423746214818502,-0.4136369609220621,-0.2083954687406444,-0.6906047179922051,-0.8871580216127251
1,2.6386500457321067,2.399439395204199,2.399439395204199,0.6922352776073601,0.0,0.0,1.0,0.0,0.0,0.0,0.3323216491096957,0.2725442324508222,-0.21857282147659896,-0.1585390220253981,0.4725014507528629,1.5000570976786878
0,-1.123207443439021,1.810375609890953,-0.017532035437653963,1.810375609890953,0.0,0.0,0.0,0.0,0.0,0.0,-0.14393080777295789,0.08112846589532358,0.175214710732633,1.0360903607474876,-0.6181569624686949,-0.5330195637663546
1,4.913240267744625,2.5503044812364513,2.5503044812364513,3.5948166498553524,0.0,1.0,1.0,0.0,1.0,1.0,0.025006769482590636,2.2248448925580533,0.26354810962469155,-0.8812485916008588,0.4279120046947539,-0.35676456720041244
0,-0.6975888061411086,2.263996207680804,0.19242742825503678,2.263996207680804,1.0,1.0,0.0,1.0,0.0,1.0,-0.25435613562302556,-2.6428167540784626,-2.5530427516498406,-1.8248459678977444,0.9666617610787516,0.9186848153483596
1,2.0814968421216653,1.7017190456538827,1.7017190456538827,0.7280019371709934,1.0,1.0,1.0,0.0,1.0,1.0,-1.4798477770236425,0.008211334826614618,-0.42847030828535393,0.9039133447345242,0.3146471047886039,-0.8977599413916185
1,-0.3451366049460566,-0.3623085687646705,-0.3623085687646705,-0.6024288385352672,0.0,1.0,1.0,0.0,0.0,1.0,-1.1860978786903884,-0.33626853702603354,-0.42482032840872097,-0.3617438205283263,-2.1607778754745732,-2.210073490487166
1,5.625614473750051,2.570411006774015,2.570411006774015,6.716916024022193,1.0,1.0,0.0,1.0,0.0,1.0,1.9623640377022207,-1.2552101229664923,1.1428483511436809,1.4111084802767815,0.9090080226003142,2.0001551435679508
0,3.1848253151811097,1.8455254285049594,1.3821004970992128,1.8455254285049594,1.0,0.0,1.0,1.0,0.0,0.0,-0.36116266620048443,0.7282080426455623,0.28018469232556986,-0.10264314269241076,0.3185011252600595,-0.13067260811582043
1,2.570350660268855,1.0505164609051638,1.0505164609051638,0.12537469182110694,0.0,0.0,0.0,1.0,0.0,0.0,0.8019544114962776,-0.025116676465533422,0.11989437806071868,0.5128809742753642,-0.07903827610390518,-1.6846471434572672
0,3.5100642000941873,5.57592628193476,3.4474706784684015,5.57592628193476,1.0,1.0,1.0,0.0,0.0,0.0,-0.06419529938579363,0.45569578688526846,-0.3465652002649192,1.4170941316647203,0.18634900725226566,1.0527384153235808
0,0.06940832206489124,2.311170574746024,0.9254358307576033,2.311170574746024,1.0,1.0,0.0,0.0,0.0,0.0,-0.6750470245611675,-1.3598532223033302,-0.9829786495621933,-0.7367005623723377,-0.9542982569290883,-1.5984997132744132
1,3.301911427548376,2.3313472976480396,2.3313472976480396,1.7486687385063107,0.0,0.0,1.0,1.0,0.0,1.0,0.42498713952541967,0.20576240694940312,-0.3526508424224583,1.1844145029465718,0.8958420577166308,-0.06844525012698427
1,1.2632366056376525,0.9941765630296859,0.9941765630296859,0.44709600507546887,0.0,0.0,0.0,0.0,0.0,0.0,-0.07971117625828329,0.5649540218295561,0.048594108246895584,0.28484018569485964,2.115646677749745,1.20518319713101
1,2.80924511736856,0.5650297863508277,0.5650297863508277,2.4526353735787465,1.0,1.0,1.0,0.0,1.0,0.0,-1.1833143290245234,-1.2327206531411892,-1.0133740435871257,-0.8678300091214618,-1.3580671769330888,-0.8435977161991214
0,-2.28813731811044,-0.14541282772822306,0.9294659836051962,-0.14541282772822306,0.0,0.0,0.0,1.0,0.0,1.0,-0.44218848853337456,-0.6412420966839938,-0.05940928757809248,1.162027359603399,0.15480472129316952,0.8699072454503777
0,2.5678576218574727,2.255377810166263,3.742565485338193,2.255377810166263,1.0,1.0,1.0,0.0,0.0,1.0,-0.9405817871882085,0.09997757253590644,-2.415924479828313,-0.8528760394327252,-0.5339460497339943,-0.43797766014548056
0,2.2676532162339775,2.80251182119562,-0.48510197005214417,2.80251182119562,1.0,1.0,1.0,1.0,0.0,0.0,-1.5039236095103496,1.0072869255626467,0.2710729025052345,-0.7580967975821462,-1.084546047995223,0.8588797900472394
1,4.2282639815853,2.835606781980778,2.835606781980778,3.1726272158911173,1.0,1.0,1.0,0.0,0.0,1.0,-0.6874749323078202,-0.05279068042410358,-0.9045615294978929,0.6550739986625775,-0.3460975943338806,-0.2125677045832579
1,3.387495478664945,1.3762961642807783,1.3762961642807783,2.2382600168971525,1.0,1.0,0.0,1.0,0.0,0.0,-0.4731479089946648,0.07097079019791491,0.675894403555363,-0.11729050943023209,-1.79429414364921,0.6915511571967697
1,2.9125860340449137,-0.7996409576784791,-0.7996409576784791,1.0914357913093045,0.0,1.0,0.0,1.0,0.0,1.0,-0.23677027389844507,0.33772558871888697,-0.09511114826656597,-0.9402521119056066,0.3489147363305694,0.8251824626532582
1,-0.6000374209481568,-0.9061789628393289,-0.9061789628393289,-0.8653606766752914,0.0,0.0,0.0,0.0,0.0,1.0,-0.15163621107546207,-0.08955883872407855,1.2162476651769218,0.7425003128163891,-0.5649436918505775,2.3536491899878715
1,1.8851756193997267,-0.580812104065649,-0.580812104065649,2.051949634606253,0.0,0.0,1.0,1.0,1.0,1.0,0.02713525249945602,-0.8795173015858282,0.4368256058198978,1.2981736278426406,0.39207591152949106,1.424980052539894
0,0.6073906575839041,3.3494976749479837,-0.2685929396253315,3.3494976749479837,1.0,0.0,1.0,1.0,0.0,1.0,-0.6461512119380686,-0.056625017587087934,0.310667877329629,1.2864075534362485,0.17399380844491313,0.04369075177460721
1,4.880219625143721,2.249039002963304,2.249039002963304,3.231140806019339,1.0,1.0,1.0,1.0,1.0,1.0,-0.3722878442305317,0.3319074478540773,0.27156704285817435,0.5837381948536664,-0.05390209506570509,0.4646055406160129
1,7.791778079517562,2.8037224602576245,2.8037224602576245,6.971096724797272,1.0,0.0,1.0,0.0,1.0,1.0,1.7463908128559984,0.9953205963443625,0.8707120734950452,-0.47062354081077457,0.6260719919801814,0.7754301727969979
1,2.0160888176790426,3.2585186926572884,3.2585186926572884,5.053012259750779,1.0,1.0,0.0,1.0,0.0,1.0,-0.2225536768676281,1.171267805679455,0.8401222999232744,0.3565619972559172,0.1324451590994089,0.72836776987505
0,1.320747892399479,5.732268288767169,3.5835153635343886,5.732268288767169,0.0,1.0,0.0,0.0,0.0,0.0,0.56444749284646,1.3127521145118006,0.3590848509947708,2.0496171481107415,2.1581156606953353,0.32205503966264215
1,0.8593708985168955,1.2489252680891654,1.2489252680891654,1.841783416425955,1.0,1.0,0.0,1.0,1.0,1.0,-0.8007010684413649,-0.16981737653418016,-1.320377660026208,-2.1424093318468165,-1.1565734830280558,-0.9293084036933704
0,1.9962222706216306,3.438367360343221,3.6653596075827535,3.438367360343221,0.0,1.0,0.0,0.0,1.0,0.0,0.8817810180487323,0.9242739370855896,1.5709289662852872,0.2785712587206131,0.10093173624575563,-1.100113361710856
0,3.5348627951021565,4.42837990800738,3.2715326476282924,4.42837990800738,0.0,0.0,1.0,0.0,1.0,0.0,2.321342956880362,0.7592871657591227,0.358668000555866,-1.0307370508214417,0.8171402066371232,-0.8168480270800071
0,0.2909662046280569,2.5917300536133476,2.530814864192539,2.5917300536133476,1.0,0.0,0.0,0.0,0.0,0.0,-0.4686896083951176,0.754846630981471,-0.05002040067304868,0.37339265159801005,0.30815768080121353,-0.34781827462508075
0,1.0478060150078286,3.055376397707157,1.2610604467034623,3.055376397707157,0.0,1.0,0.0,1.0,1.0,0.0,0.293323982593679,0.5615244921861233,-1.1377308319337645,-0.8731143459768806,-2.2232995322302287,-1.5639438625183582
1,0.767650517698453,0.9247057915732169,0.9247057915732169,1.62095252434558,1.0,1.0,0.0,0.0,0.0,0.0,-1.3278484558388366,-0.35791058931092545,0.27526910507493174,0.039894968143789684,0.7436210722246426,0.23702907915862453
1,3.3909561577063876,-0.03538846315180688,-0.03538846315180688,4.18065953032472,1.0,1.0,0.0,1.0,0.0,1.0,0.05490656653799307,-0.5436072097809508,-0.5167897890662534,0.5250643406453925,0.45393916953014185,-0.9211650872282771
0,4.058057311537826,3.631320465297853,3.3632709296497842,3.631320465297853,1.0,0.0,1.0,0.0,1.0,1.0,0.4028182332048658,1.413336961747437,0.9933745076274967,0.6272391904814324,1.9221001220668577,1.8090368700059796
1,4.205359176745341,2.875720312161256,2.875720312161256,4.356939272330288,0.0,1.0,0.0,1.0,0.0,0.0,1.3635699496628475,-0.1832890111610032,0.556976601602829,0.40943319060568284,-0.08855108541480422,1.61625546026431
0,-1.226163413854719,0.493518211426548,-0.22024266958833305,0.493518211426548,0.0,1.0,0.0,0.0,0.0,0.0,-0.34923375001283974,-0.7620803560406859,0.7876855418391309,-1.5490470764136455,0.5728572286261848,0.0034008739662429455
0,3.319416696329429,4.494732244150336,4.475287808118263,4.494732244150336,0.0,1.0,1.0,1.0,1.0,0.0,1.0824157585575975,0.4921777831046895,0.5093978485730182,-0.25047318077394437,1.7660098706830527,-0.02846473234450142
1,0.8566351143262121,-1.4188811147674185,-1.4188811147674185,0.07392520428134292,0.0,1.0,0.0,0.0,0.0,1.0,-0.8781544601715388,-0.06889258761605858,0.18734129308337139,-1.1850139361837837,0.3751979939398312,0.019888034699278287
1,-0.2469644066628639,-2.067260925741634,-2.067260925741634,-0.5081432606895605,0.0,0.0,1.0,1.0,1.0,0.0,-2.0005627949256453,-0.5272278001163568,-1.0311798584965537,0.4421603145320803,-0.0861835385852357,0.2396327960863856
1,5.17165613009572,2.148046667507438,2.148046667507438,4.579197097053805,1.0,1.0,1.0,1.0,1.0,1.0,0.17289270572101645,0.9073224482316691,-0.9174116445042649,-0.9926629147979291,-1.70933924513698,-0.965585520320021
1,3.4810093086340697,3.218702014403546,3.218702014403546,3.868875571220935,1.0,1.0,0.0,1.0,1.0,1.0,-0.5360631603229448,0.01218173940287598,-1.8852300757305103,1.259494737666119,1.4142937390989263,0.8101266907004335
0,0.9451573176077916,0.5894469162484489,-0.7794457340135275,0.5894469162484489,0.0,0.0,0.0,0.0,0.0,0.0,-0.004845665490867444,0.8588236615170852,-0.4260654732302269,-1.3351001210270435,0.42927210614445854,0.14920361160178744
1,0.9543722119397882,-0.8485933430529431,-0.8485933430529431,2.2570199952417798,0.0,1.0,0.0,1.0,1.0,0.0,0.8909497459995543,-1.1668705221404214,0.18687102703527864,-0.22632777794469128,0.5518597277929397,-1.8586163440409473
1,3.412770664695729,3.0542517448748883,3.0542517448748883,3.0014627161603147,0.0,1.0,1.0,0.0,1.0,0.0,0.9724779664366534,1.1124194329952275,1.5951321788878496,0.43212098110907193,0.74535160022763,-1.2551516327905723
1,4.694360343837943,2.487913252292077,2.487913252292077,1.839415960700439,1.0,0.0,1.0,1.0,1.0,1.0,0.7625727054846803,-0.6732385792981052,-1.275429100300614,-0.5520073878489571,-1.4790984205609772,0.4216996950909244
1,3.9467183389339655,-1.1717397906742901,-1.1717397906742901,3.2858550624019016,1.0,1.0,1.0,1.0,1.0,0.0,0.06410416497799853,-2.8124281032322433,-0.608799210578813,-2.3251232030176197,1.2802795499897055,0.13153620244212194
0,4.910055941879252,7.307724840886422,4.603919913896886,7.307724840886422,1.0,0.0,1.0,0.0,0.0,1.0,1.9676633476480085,0.6678741067304486,0.13044151252189315,1.3543131752120126,-0.6135937266898264,0.8916868250064829
0,1.9005630271823817,5.973821225546058,4.6623731165612465,5.973821225546058,1.0,0.0,0.0,0.0,0.0,0.0,1.8319761333561555,0.14438642935858226,0.34453611085722263,1.0135450225612626,0.9795203957997756,1.013978113541792
1,4.050913645177968,1.2432118081681913,1.2432118081681913,3.22231696929759,1.0,1.0,1.0,1.0,1.0,1.0,-0.3425591451864744,-0.750186944927151,-0.1330128375935576,1.3257122138178121,0.3748046234467622,-0.7355873485573314
1,4.602327979622899,4.179788319633406,4.179788319633406,6.891540099969086,1.0,1.0,1.0,0.0,1.0,1.0,1.2904016418331645,1.2054610074349903,-0.6217625107370199,-0.13939144834025785,-0.8093775060357032,0.8633002459522343
1,5.195996359671743,3.5451578556467247,3.5451578556467247,4.698179381741624,1.0,1.0,1.0,1.0,0.0,0.0,0.48673340272478094,-0.2204391109626277,0.7783841402190299,0.4372666200597172,0.11977341499181349,-0.378897162736344
1,1.0498251468870605,4.10593061272316,4.10593061272316,3.769887980720706,0.0,0.0,0.0,0.0,0.0,1.0,1.0489801537880512,-0.8481239472971746,0.8677899325844847,1.672378396668453,-0.4139433726450723,-1.0831220714295977
0,-0.7832533389565163,0.1206678973905545,0.31492063290568584,0.1206678973905545,1.0,0.0,0.0,1.0,0.0,1.0,-0.7817751183021869,-0.9063521919742217,-0.7165925843063736,1.0814223213136032,-3.032248379843801,-2.497274745559732
1,4.2751406981992215,2.432787929177656,2.432787929177656,4.597082804358048,0.0,0.0,1.0,1.0,0.0,1.0,1.3943990732063791,0.8891626032106579,0.10891316497294357,-1.576697057205101,-0.04156044078197063,2.347964690390141
1,3.7931624989871673,1.9930042566240422,1.9930042566240422,0.4916215306150953,0.0,0.0,1.0,1.0,0.0,1.0,0.8805202873247541,-0.018418131920836522,1.0981972838351726,0.023390945199185914,0.40672536319545716,0.26732132018857285
1,3.3340958796126436,2.26352926918422,2.26352926918422,3.980629016239571,1.0,1.0,1.0,1.0,1.0,1.0,0.437808411638558,-0.18441797323042108,0.251247328466493,0.13204295575247973,-1.5573578359227747,0.01759527279015033
1,3.952048655236724,2.565834989864083,2.565834989864083,6.008556510342249,0.0,1.0,0.0,0.0,0.0,0.0,1.1983335904420267,1.2039814204856034,1.066962412589037,0.24630456161130043,-1.5992431131758948,1.0375202001692867
0,2.2058311378769417,2.8854295440829434,1.5394182219713404,2.8854295440829434,1.0,0.0,1.0,0.0,0.0,0.0,0.1677020898941236,-0.4290918884401378,-0.08479520396423135,-0.1614421243731769,-1.469198014982328,0.6389540481106643
1,2.4600256728143384,-0.6814129088886055,-0.6814129088886055,3.951419757221121,0.0,0.0,0.0,1.0,1.0,0.0,0.8735664521156391,-1.3088155531636292,-0.09416460824018319,1.627888150028665,0.05725782890048614,0.18104892912167425
1,0.44567305465266727,1.2058064287463446,1.2058064287463446,1.6373906699117193,1.0,1.0,0.0,1.0,1.0,1.0,-1.510122661152133,0.26890495559759564,-0.45385827060843403,-0.278816936927016,-1.6237341605212214,-1.233594753563407
1,2.5747388763205983,0.5936739018115557,0.5936739018115557,1.2978279211293824,0.0,1.0,1.0,1.0,1.0,1.0,-0.6323957721430442,0.318132381857365,0.9735114406439132,0.9038966034297117,1.1074886036424727,0.2564711067158514
1,2.9312691110669067,3.5030770042324297,3.5030770042324297,3.7298660054863197,1.0,1.0,0.0,1.0,1.0,1.0,0.5056553713844977,0.444223506588537,1.7153111875073555,0.2746988886354177,-1.7357693447562959,0.08343034187632287
1,3.262830604572565,1.4182996337318268,1.4182996337318268,3.8333843067505438,1.0,0.0,1.0,1.0,1.0,0.0,0.9319556266764787,0.10417818547783211,1.1767639230919724,-1.0143193802144446,-0.8749361530526032,-0.30010429584405907
1,2.2335991673992046,-0.3432822257115278,-0.3432822257115278,1.160032242790958,1.0,0.0,0.0,1.0,0.0,0.0,-0.4780698966464207,-0.6716710696141048,0.1487567594130167,0.9095165403277585,1.1077245354829117,-1.8190973038955451
0,0.06492185919065896,1.569303942389813,0.14444278033238622,1.569303942389813,0.0,0.0,0.0,0.0,0.0,1.0,0.25733148166928277,-0.06212778298822846,-0.635357898778821,1.5037593642503053,-0.9865369501851645,0.4455244899683629
1,4.1199845682089915,1.8832120803199177,1.8832120803199177,3.091940995659687,1.0,1.0,0.0,1.0,1.0,1.0,0.38451675599238083,-1.1869907310115113,-0.728434574905334,-0.6190975742822343,-1.5599675089445642,-0.9090363228467291
0,2.123485026228963,2.6949044794133417,4.237322348696932,2.6949044794133417,0.0,1.0,1.0,0.0,1.0,1.0,-0.3660659074033044,0.6749339456605306,1.6649899341981995,2.1343912625171333,-0.45989986127637605,1.81103381612483
1,4.501464505045425,4.485501519625698,4.485501519625698,5.1669503128502985,1.0,1.0,1.0,1.0,1.0,1.0,1.4083704847265086,-0.4810166242922038,0.1968223559870757,0.7402076296172769,-0.2950763077894236,1.128648653315247
1,6.63328549723166,5.19956624279517,5.19956624279517,3.313682209784657,0.0,0.0,0.0,1.0,0.0,0.0,3.267621293411912,0.03941116851310489,1.3252386174625885,1.840583983295036,1.605604457215742,3.5068874063533246
0,5.013927639663505,4.597468307488911,3.906536616251869,4.597468307488911,0.0,0.0,0.0,0.0,0.0,1.0,1.45844370115024,2.0144589229168006,0.7863129467323408,1.7614653462272925,1.4776473345686159,1.058351213108668
1,1.455874705801536,-1.0174989125651324,-1.0174989125651324,0.5183517727934098,0.0,1.0,0.0,0.0,0.0,1.0,0.09307969127518555,-0.3972653765370717,1.8307952104474001,0.06461705202387041,-1.1610985311897983,0.6498850998547986
1,4.4289799956038385,0.4839158342179406,0.4839158342179406,3.216520881157536,1.0,1.0,0.0,1.0,1.0,1.0,0.48202767178645217,-0.05529643527783542,0.5416205609524498,-1.1505791305460944,-0.6136293976906771,1.3680312728102162
0,1.1235030263027852,4.2095625775337595,1.7953920702421158,4.2095625775337595,0.0,0.0,0.0,1.0,1.0,1.0,1.9496427647886436,-0.04695354382135908,1.0632399765301772,0.59461621629821,0.7966749644473956,0.01943252645476279
0,-0.1076999755877115,1.3900955940092896,1.8596739322842113,1.3900955940092896,1.0,1.0,1.0,1.0,1.0,0.0,-1.821263807203312,-0.249049725560118,0.07423477026236536,0.5218231842412084,-0.196983735374555,-1.3311752900360143
1,0.17068872677943991,-1.9808431296929423,-1.9808431296929423,-0.5038407469432906,0.0,0.0,1.0,0.0,0.0,1.0,-1.043177629013611,-0.4827267371906043,0.6206205826702079,-0.6236046926064762,1.3079235124810427,0.018804821150583906
1,5.835273057057578,4.679900732456892,4.679900732456892,6.576934494224367,1.0,1.0,1.0,1.0,0.0,1.0,0.9907972145076338,1.0471555023774177,1.1207598096337448,0.9832301856724791,0.7511985752930952,1.679612330393656
1,2.5730220987308567,-0.29081132776179097,-0.29081132776179097,2.8644987205247183,1.0,1.0,0.0,1.0,1.0,0.0,0.23256739728404824,-3.169763788145674,-0.5553955708647236,0.585454917190053,-0.7200125734971028,-1.275874015115776
0,-0.25822152262877685,1.4529537406027864,-0.43099333990908173,1.4529537406027864,0.0,0.0,0.0,0.0,0.0,0.0,0.2431763580757495,-0.07144608810465544,0.08442291488512416,-0.509670430739421,0.648068462968796,-0.298173588229154
1,-0.2869419197629297,0.28687597973197243,0.28687597973197243,0.8816756457502091,0.0,1.0,0.0,1.0,0.0,1.0,0.10925051818694677,0.1171689263413013,1.5638027564587424,0.3231555243472133,0.1987616837561691,-0.8681580920073309
0,-0.546007851333759,-2.602375799601405,-0.5356330977738922,-2.602375799601405,1.0,0.0,0.0,1.0,1.0,1.0,-2.019542790606484,-0.36634190442424014,-0.5181492398829369,0.44466025978636925,-1.2675559498208053,0.478357137448571
0,2.4784260729024075,1.4728481332172065,3.5169741324171975,1.4728481332172065,1.0,0.0,1.0,1.0,0.0,1.0,0.4092509742249721,0.23704820252553604,1.0900922042699885,1.1289446624071953,1.0078951136160694,0.2269963459099471
0,2.9319369039695515,4.77133997887262,2.9572223046975097,4.77133997887262,1.0,1.0,0.0,1.0,1.0,1.0,0.5626153193028263,-0.3346411185257382,-1.5150683598299808,-0.6327109650624274,0.8683619692247374,-1.9365134236788522
0,-0.5926226407329032,0.30211106118989783,-0.7871197729305366,0.30211106118989783,0.0,1.0,1.0,0.0,1.0,1.0,0.7148103272862042,-1.4137050148470798,-0.18629641075533632,-2.59269512076936,-1.0046737125856011,-2.059993198650527
0,3.5331992912776773,2.6936363321099694,1.7144512524327318,2.6936363321099694,1.0,1.0,1.0,1.0,1.0,1.0,-0.819424411147425,0.37219532223845475,-0.4009371702424245,-1.268987014787026,0.5165087965472287,-1.6945596426299883
1,3.923412606904675,1.0811750354517868,1.0811750354517868,2.625078526967599,0.0,1.0,0.0,1.0,1.0,1.0,-0.07556002460118307,-0.7832747870767565,-1.2532929660850871,0.44930959997886055,-0.7514931646774191,-0.8359622949750715
0,1.603397337112451,2.16278063984851,-0.02499648089043638,2.16278063984851,1.0,0.0,0.0,1.0,0.0,0.0,0.48792771112323624,0.38064527913258356,1.5708042121229275,-0.027559008664701762,0.8000508773259603,1.5109736954079709
1,1.7628321283858983,0.3526316643887891,0.3526316643887891,2.8190666851669905,0.0,0.0,1.0,1.0,0.0,0.0,0.2902717572991191,-0.2816741105464934,-0.1746888838606676,0.23549754940563544,-0.0833318430500928,0.7938866864325577
1,1.2236005314393146,-0.33507705417761374,-0.33507705417761374,1.6300630182709388,0.0,1.0,1.0,1.0,1.0,1.0,-0.731881761426876,-1.1686861825658887,0.6379514005792102,0.8782155923304421,-1.4361085623284906,-0.8470202423581022
1,2.7545686686319657,0.28102508998823306,0.28102508998823306,3.221302894744467,0.0,0.0,0.0,1.0,0.0,0.0,0.8606224365106503,0.38056432604839446,0.8061631019840624,0.32436095490304173,-1.7387494127130387,0.32980264453676766
1,6.853714766547268,3.1578534327671286,3.1578534327671286,6.139975083230889,0.0,1.0,1.0,1.0,1.0,1.0,0.5112560968824371,1.8260908357242198,0.6118973995393433,1.391791964188061,2.1873264324909396,0.8542970672067545
1,1.181017115054579,0.582520604557696,0.582520604557696,2.584060428686661,0.0,0.0,0.0,0.0,0.0,0.0,1.0538355350456423,-0.6894892358942197,1.0050300136825616,0.193220531143523,0.759651541279797,0.9806090818674957
1,3.8973742144285564,3.7604899552875386,3.7604899552875386,1.6614254212651063,0.0,0.0,1.0,1.0,1.0,1.0,0.633929699055861,0.5037223912575073,-0.2412167754857482,0.9921979406397333,0.7763937064982144,1.2383094235444592
1,3.8320124439265784,2.085775386134259,2.085775386134259,1.1812068188823395,1.0,0.0,1.0,0.0,1.0,0.0,-0.06350888415205964,0.3267204848508638,2.3064389947803954,1.2680959887284908,1.5216032373333,1.4191265522608942
0,2.0061035130639855,3.4334766494185534,1.9861507476064078,3.4334766494185534,1.0,1.0,0.0,1.0,1.0,0.0,0.1742532208634437,-0.3974639664839049,1.2180471567645643,1.1785092441464866,-0.09597199373206933,1.3219492248184737
0,-0.26544380702015813,4.232825238323302,1.645642229701127,4.232825238323302,0.0,1.0,1.0,0.0,0.0,1.0,-0.007313603449644787,1.5826564892087607,0.4005870367738943,-0.254343039322099,1.1212485641283156,0.6526554909781436
0,-2.3337906471858716,-1.1095854380022852,-1.016908690117838,-1.1095854380022852,0.0,0.0,0.0,0.0,0.0,1.0,-2.101203783230012,0.9045086762101747,-0.19452347958416683,-2.820962786383162,-1.668893064660475,0.7460988819440083
1,1.6308338987324973,1.612488590643728,1.612488590643728,1.5347969499044414,1.0,0.0,1.0,1.0,0.0,0.0,-1.2513623307419124,-0.7381206129277098,-1.694602054376406,-0.23716318574058848,-0.3147785940942125,-2.796490040348825
1,3.2929362450867914,-0.49748383554806064,-0.49748383554806064,2.415705920022204,0.0,1.0,0.0,0.0,0.0,0.0,0.012722101571644722,-0.3020948628229493,0.49008633685210856,-0.7469676890313469,-0.28015892813454196,0.20081727136258146
1,5.05029440374528,1.9986116537328926,1.9986116537328926,3.237485553569581,1.0,1.0,0.0,0.0,0.0,0.0,-0.8288783343410635,0.49540297917606196,-1.7768901879171102,0.870596813491272,-0.7222955894425165,-1.3196474930842477
1,4.827173845410896,2.108587578460532,2.108587578460532,4.779849294964265,1.0,0.0,0.0,0.0,1.0,0.0,-0.424594776205527,1.885020201677093,-0.5834373814927619,0.9519946452842335,-1.4674802620587775,-1.8409495435211767
1,1.8584857749365353,1.2664210812641896,1.2664210812641896,-0.02382570246623028,0.0,0.0,0.0,0.0,0.0,1.0,0.980840102351598,-0.8124368507719123,0.4697996403447844,-0.6832596784173377,-2.1000725094827315,-0.9182572063813911
1,-0.04573957830930164,0.11225715122519297,0.11225715122519297,0.5025327420749215,0.0,0.0,0.0,1.0,1.0,1.0,0.32636491303151516,0.2983138961076406,1.7455491539191086,-0.962893801571199,-0.2466133860752625,0.5177814261146255
1,4.050440796512389,3.9464247737810947,3.9464247737810947,4.412402469097642,0.0,1.0,0.0,1.0,1.0,1.0,1.7485430400022768,0.6420104709156842,0.8513028555095192,1.4807425102749963,0.4839745252099621,2.177311967215168
1,6.37308449957767,3.3145188042826383,3.3145188042826383,5.661264013906869,1.0,1.0,0.0,1.0,0.0,1.0,0.6561252948203963,1.3941861408182255,-0.053377579676314096,0.873013657383672,0.5654171492395235,-0.27409981236880027
0,2.9149673631058435,3.480705183488201,3.9177934517187047,3.480705183488201,1.0,1.0,1.0,1.0,1.0,1.0,0.3062873427771493,0.3481466607966721,0.10316580494839417,0.6851522137121933,1.4306608065369724,0.24079760261542643
1,3.894094956543431,1.3666652378602087,1.3666652378602087,3.0693303292717427,0.0,0.0,0.0,1.0,1.0,0.0,1.1359228950850095,0.8098855330831425,-0.5303479318622136,0.771123231868454,-1.7933646003027515,-1.2858656815513387
1,2.2059579806055623,1.1713712300900299,1.1713712300900299,2.1795931695846416,1.0,0.0,0.0,0.0,0.0,1.0,0.9709241179115856,-1.0479242417799357,-0.1698765228607021,-1.7713213832140964,-1.1062719128398693,-0.1335862296992948
0,0.7496906584115595,2.2805444788329066,2.538422784492806,2.2805444788329066,0.0,0.0,1.0,0.0,1.0,0.0,-0.38036510198708445,1.497406069442175,1.1173926495752782,0.6571579864755142,-0.6585215317857854,1.2473405252583412
1,5.210978191388794,1.9314088496010413,1.9314088496010413,4.731245272088992,1.0,1.0,1.0,0.0,0.0,1.0,0.30291175563942996,-1.1072921103686364,-1.0669753366415944,0.13996345302658275,0.05895902546223836,0.4579869954949238
1,-0.6821210417938421,-1.4468127126506953,-1.4468127126506953,0.21615513624069183,1.0,0.0,0.0,0.0,1.0,0.0,-1.4958244237926257,0.37637643142653976,1.3836722825003531,-1.5329334063074465,1.1991492939299007,-0.44681223059903097
1,5.61386202884942,3.7582202528418227,3.7582202528418227,5.660254306233425,1.0,1.0,1.0,0.0,1.0,0.0,-0.05547467334386721,-0.03648060233288647,-1.2300991805846921,0.6243117330404179,-1.04637157493016,-0.6470632390646385
0,0.007671282516528488,0.718252687946171,-0.6439755440488999,0.718252687946171,1.0,0.0,1.0,0.0,1.0,1.0,-0.13855856983264284,-1.6053512428759906,-0.5342497617343908,0.6151263094693995,-1.048549388132141,0.5119927946806477
1,3.320229210203251,1.805016169871492,1.805016169871492,4.164125668623781,1.0,1.0,0.0,0.0,0.0,1.0,0.2730831548127151,0.26318056225967335,0.2286838558670512,-0.7219133615493645,-0.2199972081528938,-0.6089790863190696
0,1.1273871959600228,2.571810471977355,0.6553264422709799,2.571810471977355,0.0,1.0,1.0,0.0,0.0,0.0,0.10155809745388437,-0.0023656316290759927,1.3346596677670821,-1.0863044536179256,0.9783865977791752,0.7952078058756389
1,5.572358922180507,4.878666514078408,4.878666514078408,3.5581610193462656,1.0,1.0,1.0,0.0,0.0,0.0,0.8594819241733294,1.1492752009007328,0.42910826385436085,-0.9343832414916221,-0.24925751815262331,1.736571174587882
1,1.5391013779324647,-0.5325192562222791,-0.5325192562222791,2.9054469952411672,1.0,1.0,0.0,1.0,0.0,0.0,0.30380647740377253,-2.213148116863185,1.0779140994729213,-0.5242690944594915,1.020450133774701,-0.3013308085537279
0,-3.8624653836230443,-2.0457283483564463,-3.000655558597682,-2.0457283483564463,0.0,0.0,0.0,0.0,0.0,0.0,-0.8123879653486853,-0.9011390463814211,0.003031928057093236,-1.5029868101011363,0.2590589047155112,-1.9473757870798787
1,2.554551668641549,2.931515262606185,2.931515262606185,5.241635992834042,1.0,1.0,1.0,1.0,1.0,1.0,0.38849308538404687,0.6646329312010899,-1.2271890629772926,-0.08728845807539481,0.06856736692621962,-0.3655235768117182
1,-0.7927326881987714,-1.322281113122147,-1.322281113122147,-1.4897314245232878,0.0,0.0,0.0,0.0,1.0,0.0,-1.0110718355267179,-1.1237643838420077,-0.9392556953029263,0.20858282685756263,-0.11837745389031112,0.8948903416450475
1,5.703383070385445,2.9244768171461377,2.9244768171461377,3.812047673826351,1.0,1.0,1.0,0.0,1.0,1.0,0.06578265270525366,0.7462625821514377,0.5244466498073005,-0.016275923649897023,2.5182002839244246,-0.6211984284642013
1,6.905374783393261,4.400866185031732,4.400866185031732,6.7215750958662985,1.0,0.0,1.0,1.0,1.0,1.0,1.9004368068596913,1.6272142717299507,1.4671956784813456,0.6953846991900982,-0.22701309309158102,0.537599493750895
1,3.9883782350066856,0.2799701173046907,0.2799701173046907,0.8980052964112653,1.0,1.0,0.0,1.0,0.0,1.0,0.9495883476700563,-1.5067456798898005,-0.018503687297753535,-0.2775526257657741,-1.5690148515622528,-0.09890989275038065
1,-0.4379283717099789,0.4862987061377748,0.4862987061377748,2.3546714680556797,1.0,0.0,0.0,0.0,0.0,1.0,-0.3198292336807188,-1.1330884826698449,-0.756806566749873,-3.1752811444491464,-0.5595403562552259,-0.5541366305828628
1,5.796895134257531,3.5422718260798334,3.5422718260798334,2.372585455395712,0.0,1.0,1.0,1.0,1.0,1.0,1.2622935414188377,0.5296310899962191,-0.19198125512753716,-0.022415517756275233,-0.5161847538504194,-0.47914442216205255
1,3.8465586356313044,0.6765543306531807,0.6765543306531807,4.724622735329926,0.0,1.0,0.0,1.0,1.0,0.0,0.5203933250338632,0.021326863861042045,-1.4465492748821438,0.11969026301901559,0.41710763759330105,-1.0150628863302888
1,2.5207554106892225,0.128948800427791,0.128948800427791,3.3757903518921144,1.0,0.0,1.0,0.0,1.0,1.0,-0.14361077127771993,-0.10990560554886147,-0.43114141250105487,0.1386154744610965,-0.40215080957897203,0.12788898208747285
1,2.6606863447577096,0.24410691406058171,0.24410691406058171,2.8015753654860687,1.0,0.0,0.0,1.0,0.0,0.0,0.1449196509397158,0.5587273158388838,1.0989657865380775,-1.2813831330322014,1.2316463516059857,1.1674883901122501
0,2.3825545895146774,2.87624000683253,3.009988528008968,2.87624000683253,0.0,0.0,1.0,0.0,1.0,0.0,0.9281720344564103,0.3150936178779123,-0.2521094112762925,-0.40207787930246097,0.5359695149911732,0.2712683404549666
1,4.030345843504353,2.369470778100288,2.369470778100288,4.911292520852794,1.0,0.0,0.0,1.0,1.0,0.0,0.14659428113720444,1.6095453682801317,2.6199048092741943,1.2844409544990154,1.1538529289498125,1.4140933591944411
1,4.937701195128832,4.010172285183544,4.010172285183544,6.381870588908301,0.0,1.0,0.0,0.0,0.0,1.0,2.1629056971974525,0.9066601170348003,0.9070381401469332,0.3327562510148174,0.53372494684646,0.9473422328268993
1,7.008891111444824,4.748374528549774,4.748374528549774,7.2612793637338475,1.0,1.0,1.0,1.0,1.0,1.0,1.3827299816784675,0.5116073456858663,-1.4064849316345291,-0.0719478926081265,-0.1730841496003559,-1.1638363574504793
1,3.2055926411028453,3.5526521168265046,3.5526521168265046,2.3219082721713455,1.0,0.0,0.0,1.0,0.0,0.0,0.5818254064280419,0.7756314153250105,-0.12788529835176443,0.7935057308454814,-0.7164573291290276,0.7757986721142105
1,7.645860948969994,4.331929790887268,4.331929790887268,6.400249665281196,1.0,1.0,0.0,0.0,1.0,0.0,0.4126481136883346,1.8408530648191193,-1.542261994728518,1.4328472188244592,-0.4205810774713845,0.10860585728533359
1,3.178957309578849,0.14499360928472055,0.14499360928472055,1.67759941946173,1.0,1.0,0.0,0.0,1.0,0.0,-0.2855227033891173,0.022719454973836317,1.3959866966502625,-1.9372864505160703,-0.16215743465865978,-1.3030715046978916
1,2.9223977089428694,0.779905026046996,0.779905026046996,3.825615734790866,0.0,1.0,0.0,1.0,1.0,0.0,1.2161623075416377,0.7634294394147871,2.2430146368228843,0.1306042022585972,0.9307855579320139,0.3142211398241287
1,4.911027990145794,3.4829945081836184,3.4829945081836184,5.020809344177738,1.0,0.0,1.0,1.0,0.0,1.0,0.9189064555800617,0.2600842210378365,-0.9920902760195002,-1.0996545574746945,-2.3404664427705306,2.472631959072907
1,5.397442975448687,5.893623197604526,5.893623197604526,6.427278013573672,1.0,1.0,1.0,0.0,1.0,0.0,1.1423022412825865,0.6162990185950621,1.0843294454225365,1.5556184938235857,0.3359992131548716,1.0103550278311186
0,-0.20359207903191776,2.0015333722661888,1.304682527596934,2.0015333722661888,1.0,0.0,1.0,1.0,1.0,0.0,-0.5081536687440107,-0.6843793664761457,0.3651982335549354,-1.5791105765938611,-0.7085949044810861,-1.3507999287265515
0,0.4449548611356433,4.944040980203312,2.457148120438147,4.944040980203312,0.0,1.0,0.0,1.0,1.0,1.0,0.8421640419769901,0.22126390156337727,0.6460981712075969,-0.86753697612025,0.47886176572214223,-0.07505617107015322
0,1.8499099339744665,2.0348099775114603,1.4380074101102784,2.0348099775114603,0.0,1.0,1.0,0.0,0.0,0.0,-0.07549228657087127,1.0216793806050277,1.2667669146302079,1.4870646310839593,1.6622671901689703,0.5527698390691023
1,0.9793108522677274,1.766585987690172,1.766585987690172,4.889741483578137,1.0,1.0,0.0,0.0,0.0,0.0,0.2182549826521266,-0.8595916712590104,-1.2576077105545296,0.8414197848712057,-0.712894802103728,-0.7341133468259358
1,5.214973509352514,2.4783539045524927,2.4783539045524927,5.437035981208148,1.0,1.0,1.0,1.0,1.0,0.0,1.5776377757550488,-0.2718382597423874,0.872477889194984,0.9378519319620977,-0.5944896633490578,1.8702600275077765
1,-0.885825637860914,3.258902108617688,3.258902108617688,0.9739946939852533,1.0,0.0,1.0,0.0,0.0,0.0,-0.8766391712134878,0.25326037722387773,-0.32693146036191967,0.7038376173945042,1.626987659403126,-2.3042450163598733
0,0.24091610232854022,1.341492028266353,0.2336682723487924,1.341492028266353,1.0,0.0,1.0,0.0,0.0,1.0,-0.4952754355595076,-0.6532937731910398,1.315790610446734,-0.1371237766124933,-0.15239095481483236,-1.2297130520632316
1,3.5381219029810977,2.133116201221644,2.133116201221644,4.303388351377152,1.0,1.0,1.0,0.0,1.0,0.0,0.5294627098946334,-0.44447379700552025,-0.45300184874995597,-0.33127384139125504,-0.4556950301580749,-0.9954200621519561
1,0.6665352307041117,0.844119124671408,0.844119124671408,1.4150219639721606,1.0,0.0,0.0,0.0,0.0,0.0,-0.7502365015777879,0.36877552331769115,-0.3860608653464656,0.1354011455726523,0.7171075640256439,-0.2435472886009184
0,0.1795066423689944,4.4200067986321105,-1.6635364417457539,4.4200067986321105,1.0,1.0,0.0,0.0,0.0,1.0,-0.6743674249188749,-0.9306970361462421,0.7893947391462574,0.3824667571856323,1.1439120799558935,-0.38486117254634866
0,1.879583578070204,2.0964130515495323,0.8794012005756291,2.0964130515495323,0.0,1.0,1.0,1.0,1.0,0.0,-0.23505819166456113,-0.05754242391448419,0.14743503161357419,-0.8277398718719767,0.6511104951326726,0.8860191193110514
1,5.4294026596664695,3.36832316654151,3.36832316654151,5.358899751726288,1.0,1.0,0.0,1.0,1.0,0.0,1.6298691080908667,-0.2781616797021721,0.5599845049690205,0.6048162125230245,0.5156149883306185,0.38338767082783287
0,1.0069343933769976,1.5751690601236268,1.6937627049383932,1.5751690601236268,1.0,1.0,0.0,0.0,1.0,1.0,0.03679273472577307,-0.09808651114847478,1.8597115611782866,0.7062314225283435,-0.09931527028083886,1.3065574587282633
1,2.8310942116236455,2.6898246385082176,2.6898246385082176,2.7391844207159393,1.0,1.0,1.0,1.0,0.0,1.0,-1.1400124462698549,0.4920712215108928,-0.31331138607850995,-1.3309653908740247,-0.13508019120632708,-1.5240625325066852
1,0.6527629345686266,1.8805631515936145,1.8805631515936145,2.7759524795942285,0.0,0.0,0.0,0.0,0.0,0.0,1.2200080888069984,0.6883721332480842,0.9435080639519473,1.2839682899438205,0.6406121896192207,0.1635039968755181
0,4.780581052245186,6.96881142670779,3.385150042218489,6.96881142670779,1.0,1.0,1.0,0.0,1.0,1.0,1.181351526127889,1.212711290030332,1.7804296510222928,1.1208594206132296,0.29927749375491086,-0.5792458744404326
1,3.2994269135448917,1.176644729151826,1.176644729151826,1.992271126800824,1.0,1.0,1.0,1.0,0.0,1.0,-0.21761288707822787,-2.0442643216761605,0.03267690599131301,-0.1949341709779222,0.14630940326849678,-0.5316677229677232
0,2.0708120671053356,2.4165170770122466,0.49079897982270926,2.4165170770122466,0.0,0.0,0.0,1.0,0.0,0.0,0.19285684188953237,0.3005774495428135,-1.4697601287460802,1.1502597500735523,-0.22102607129912238,-1.065300085771224
1,5.7601522543780455,4.058863359336977,4.058863359336977,3.052977475450412,1.0,1.0,1.0,0.0,1.0,0.0,1.4000275444098182,0.04955843614095362,0.07146974113263777,-0.161235083314608,0.684121851383975,0.7422853250915484
1,3.4090729004609344,2.0636692529957594,2.0636692529957594,0.5036809598883258,1.0,1.0,1.0,0.0,0.0,1.0,-1.1797750731330467,-1.2674344061903344,-1.2011329054711777,-0.22796553710516804,-0.2809610105854387,0.48129077915166074
1,1.799125997536262,1.4187311474929485,1.4187311474929485,0.04005318282052461,0.0,0.0,0.0,0.0,0.0,0.0,0.16491109352710465,-0.26885316785076396,-0.10931178966242477,0.8801666501975989,0.3305089531299371,-1.3248074340925031
1,2.3026145575316757,-1.0605128530267116,-1.0605128530267116,3.211469421978187,1.0,0.0,0.0,1.0,0.0,0.0,0.17233608001746792,-1.5185634593637438,-0.12422184487251064,0.8938360019986656,-0.8971198080884635,0.139390626534738
1,1.4386377708227893,0.9720444646778201,0.9720444646778201,1.6511847947988068,0.0,1.0,0.0,0.0,0.0,1.0,1.0678149981519234,-1.2460695398123276,1.5120524570412806,0.08838352936886507,0.606796294620936,0.5122569689085662
0,0.36850711114201773,2.4653820440313803,0.4125591991967603,2.4653820440313803,1.0,1.0,1.0,1.0,1.0,1.0,-2.6526203166695184,0.2678194034890607,-2.0365606422803433,1.329233513721411,-0.10334122834978782,-0.06429079885449468
0,1.831850473391377,6.949363569847122,2.1908130151810483,6.949363569847122,1.0,1.0,1.0,0.0,0.0,1.0,-0.5411286083198492,2.069862456932226,1.458064013715509,-0.10567081876862583,-0.03930831069342977,-0.5980664416045938
1,5.435090237021418,4.227813563044359,4.227813563044359,5.000594458456514,0.0,0.0,1.0,1.0,0.0,1.0,1.00834061090232,1.3594842654388843,-0.750571588091153,0.7047222201625182,1.0753587654234529,-0.3848244249227265
1,5.220109621282024,4.3220909909800485,4.3220909909800485,3.0051337658869923,1.0,1.0,0.0,1.0,0.0,1.0,0.995749809356897,-0.8769918122716172,-0.15811098222053088,0.2351276825084181,1.4552290164693011,0.6943846520025434
1,4.021562263311753,-0.1340570749133998,-0.1340570749133998,3.646295937820546,0.0,1.0,0.0,1.0,1.0,0.0,0.12180317099449169,1.0006247505312182,0.16740609735033601,0.29486148893035635,1.313971513800967,-0.25220019618883205
1,3.174729698556534,4.711639439105977,4.711639439105977,2.979259671865873,0.0,1.0,1.0,1.0,1.0,1.0,0.92416060652488,0.2548727528983449,0.4288096549746976,-0.05915289287103073,-0.8155077300667428,-1.1878440638297947
0,-2.5883425955001482,-0.3846112291350545,-0.8801679367053696,-0.3846112291350545,1.0,0.0,1.0,1.0,0.0,1.0,-1.5065290258084305,-1.0732575672564622,-0.07017516671845858,0.2598867808886596,0.5478744252473471,-2.3403788794190135
1,4.332156563987242,1.384491524092768,1.384491524092768,1.4026976641402318,0.0,1.0,1.0,1.0,0.0,0.0,0.4415460035823944,0.401598661065432,2.314395900501938,1.554098893635358,-1.1563093960185606,0.10314395066690707
0,4.8765173974453315,7.3331011284571135,5.563532862948908,7.3331011284571135,1.0,0.0,0.0,1.0,0.0,1.0,3.2383912052661095,0.4892238570389984,-0.7096934742930778,-0.2737583605989019,0.14716359504317614,1.864486603016557
1,8.874670925673204,5.831574792818853,5.831574792818853,6.401154885774316,1.0,1.0,0.0,0.0,1.0,0.0,0.9887254159152469,2.0150370775912503,-1.2455611763621568,-0.9940865922628082,2.4511955108405656,0.36239838592716406
1,4.030976514343765,0.19150072287973097,0.19150072287973097,3.158946526540154,1.0,0.0,1.0,0.0,0.0,0.0,0.06345185001238411,1.2688043127328794,1.9651949995148839,-0.9795059054450763,-0.056497112099046176,0.8170320810922571
1,5.134576224724945,4.182704218880627,4.182704218880627,5.712602610712986,0.0,1.0,1.0,0.0,0.0,1.0,1.5345996471029388,0.848129045909441,0.09464935970028425,0.40708765929305596,0.28553011814676343,-0.31867770881560264
0,0.7567943118160033,2.1603104397934993,3.375028195314137,2.1603104397934993,0.0,1.0,0.0,0.0,0.0,0.0,0.5923578434317499,0.9573128773986317,1.1943572613863136,-0.5323737197819144,0.04105076450664702,0.6813041687524017
1,2.6221986669088637,-1.180322774935496,-1.180322774935496,0.6626847842771332,0.0,0.0,1.0,0.0,0.0,1.0,-0.06759014839096567,-0.5340470543593487,-0.7655049355050925,0.5647636063415001,0.39059704902708725,-1.5977278232029306
0,4.4789764090555515,5.255757134486154,4.644116932831065,5.255757134486154,0.0,0.0,1.0,1.0,1.0,1.0,1.942135007801622,1.2649107690882049,2.335350062722393,0.7388534607072278,2.4248375210336848,1.3891131653684783
0,1.7117628454046845,4.8602372290594,4.065765713531216,4.8602372290594,1.0,1.0,1.0,1.0,1.0,1.0,0.9310686767086772,-0.17121518181583706,-1.1233327902645986,-0.08914852557052781,-0.9040056664312851,-0.8302327821034602
1,3.6146114383445225,0.20655756770180655,0.20655756770180655,2.892629165474673,0.0,0.0,1.0,1.0,0.0,1.0,0.7628743166865862,0.04790435195507542,0.31789471743807995,0.01563546144545993,-0.33382374693586925,0.8375494357970952
1,2.6576792933182003,0.6574076433652936,0.6574076433652936,3.813431130467971,1.0,1.0,1.0,0.0,1.0,0.0,-0.42031627433136937,-0.7232323238247513,-0.04944606004972085,-0.7304950483991852,-1.4006557068959102,0.27268147476542587
1,2.5021497930823586,1.2201534800565323,1.2201534800565323,3.6555802215769395,1.0,0.0,0.0,1.0,0.0,1.0,0.3710085061205048,-0.04138483631774928,0.30716366189793015,-0.22550436724854045,1.0963987471239505,-0.5779351307232549
1,5.709540718715608,2.5249342819132945,2.5249342819132945,4.36206975790043,0.0,0.0,0.0,1.0,1.0,1.0,1.5242258872578038,0.9224462281206304,0.386323240292969,2.801929201038836,1.6627280296737117,0.43169941571410253
1,5.400513019257825,3.8226621247984087,3.8226621247984087,6.96788118323515,1.0,1.0,1.0,1.0,0.0,1.0,0.535326096707715,1.82484797369364,0.48872653570573,0.8397473569371798,-0.4695855473064653,1.6886726532339353
1,5.342280242780284,2.6535168039998527,2.6535168039998527,4.885840826484831,1.0,1.0,0.0,1.0,0.0,1.0,1.0916286284037826,0.14965181490843027,0.619557138186221,-0.3366811458579435,0.7865230679161412,0.5501271727833215
1,5.246530826291603,3.8566202330305863,3.8566202330305863,8.06507175798577,1.0,1.0,1.0,1.0,1.0,1.0,1.3955817202254137,0.6614743878900313,0.5489353074844645,0.511786309482237,-0.6736195125760851,0.5522808878390464
1,3.5312583852865727,0.6322128677933756,0.6322128677933756,0.2759025557293753,0.0,0.0,0.0,0.0,1.0,1.0,0.6784808682365282,0.3186139174162345,0.5426129681020707,-0.5997828726958426,-0.2634527925346819,-0.4999076894954997
0,-0.04361114549995204,1.9009883610238085,0.18773639818034749,1.9009883610238085,1.0,1.0,0.0,0.0,0.0,1.0,-0.9076398395878369,-1.6067019199164032,0.7686230085211658,-0.552584624168136,-0.1004642459672477,0.08386579419225773
1,2.444500609652863,-0.5450650935341921,-0.5450650935341921,1.0643616114479488,0.0,1.0,1.0,1.0,1.0,1.0,-0.45389792476892515,-1.3786815675318014,-1.3772149357314878,-0.8934358789795325,0.27678195519869664,-0.5210894194487781
1,3.17209286796268,3.670237716180969,3.670237716180969,4.176459523822399,1.0,1.0,0.0,1.0,0.0,0.0,0.3682191697291426,-0.32169520314319805,-0.6443479490823102,0.9815756660476002,1.5463678667285308,0.51045310200026
1,2.710352285187805,1.3430347629570427,1.3430347629570427,2.0367505349932675,0.0,1.0,0.0,0.0,0.0,0.0,0.5704042994400346,0.33679799638681057,0.6506220306245492,0.9823749506912854,0.7423769168398308,-0.40547321777019507
1,-0.04919465068729732,-1.6604769113655475,-1.6604769113655475,1.2854243540530645,0.0,0.0,0.0,0.0,1.0,1.0,-0.3014785948495503,-0.4577770072823666,-0.1252920413919747,-0.8031510078299849,-0.7261677058658031,-1.3866858137538864
1,3.3213434049382022,2.030230132901839,2.030230132901839,2.057446018973284,1.0,1.0,0.0,1.0,1.0,1.0,-0.54961989319047,0.09292629159600097,0.18345238649102338,-0.33809846531077614,0.47936045869471655,-1.852964038936771
0,3.037054905823548,4.351966593547763,1.3831217383749042,4.351966593547763,1.0,0.0,0.0,0.0,1.0,0.0,0.04756239541089736,1.7497101684687641,1.7045656123830175,1.1990748939427163,0.12092534150388246,2.160829829181318
1,3.0342805359573592,0.3785466261511921,0.3785466261511921,1.3098779491221653,1.0,0.0,0.0,1.0,0.0,0.0,-1.0060471725973372,0.2096310283572803,-1.2228768769839087,-2.102316754183895,0.05271426916241467,-0.09610674784532786
0,-0.030034731536700887,0.43054064332930103,0.24914350995922308,0.43054064332930103,0.0,0.0,0.0,1.0,1.0,1.0,-1.4501816950843365,0.67105547760252,0.1467413980693832,-0.5042910257772735,1.2807777461282333,-0.41518665166473917
1,5.378842358210861,2.8201114224203865,2.8201114224203865,5.2615927659671335,1.0,1.0,1.0,0.0,1.0,0.0,1.9667216018824398,0.2892705245435667,1.444868331022503,0.16062826101445776,-0.7182511234353891,1.2552358586959298
1,5.732842170723697,4.291727757708182,4.291727757708182,5.206484838022423,1.0,1.0,0.0,0.0,0.0,1.0,1.406746117994032,-0.40708355495074067,-1.5844820208973656,-0.22310393833011363,0.19218049321045036,1.1348808417875909
1,2.802031332439809,0.5971476828513391,0.5971476828513391,3.2518420646702,1.0,0.0,0.0,0.0,1.0,0.0,0.6485353024762531,0.015789260699571206,-1.0682331810974854,-1.7524988739709229,-1.6016339492843792,0.541688882499159
1,3.7233890130380587,-1.6239822772180534,-1.6239822772180534,-0.21198755817881665,1.0,1.0,1.0,0.0,0.0,1.0,-0.3750635899239764,-1.4551823717778913,0.7232837716018525,-0.4022968287562664,-2.989849516855362,-2.9245217202772507
0,3.6906265838715635,5.224144435112587,3.610514789023129,5.224144435112587,1.0,0.0,0.0,1.0,1.0,1.0,1.3669533565251046,1.2460863831714275,1.4622187540602942,-0.28392579058857337,0.19451219423170657,-0.015850136399813808
1,6.012365982764241,2.8659544472521605,2.8659544472521605,7.410549590462215,0.0,1.0,1.0,0.0,1.0,0.0,0.8905354394736374,0.14838763358261403,0.6678313801717067,1.853721024874821,0.32525474635528995,-0.112162079567596
1,5.16720717767212,3.121207983488289,3.121207983488289,3.525289148136335,0.0,1.0,0.0,1.0,0.0,0.0,1.3131943307556906,0.24345075067961103,-0.7010821042314701,0.7730423716024282,1.259879504024931,-0.9453297103136061
1,3.628837175302436,2.6071407111426397,2.6071407111426397,4.165787828637395,1.0,1.0,1.0,1.0,1.0,1.0,-0.7325053550228132,0.8887104758530084,0.8599563146615865,0.07737420815957524,-1.726198216807225,0.19283276915242614
1,3.526433785772153,2.447214943548663,2.447214943548663,4.311133349448238,0.0,1.0,0.0,0.0,0.0,1.0,1.2596075353960525,-0.04716193007323427,-0.04864996074194505,-0.1326509970797053,-0.25801273095022476,-1.1198850801486433
0,1.1004917770279623,1.4564981989925725,0.8608078413080044,1.4564981989925725,0.0,0.0,0.0,1.0,0.0,1.0,0.36560512382370974,0.27042306231560936,-0.5488001606098595,0.04636706102251455,-2.368937649324493,0.6864896981915807
1,4.979866282518931,3.6852370275695634,3.6852370275695634,4.477636548509361,1.0,1.0,0.0,0.0,0.0,0.0,0.25629973436007475,-0.779991510369368,-1.3166096109154033,0.6117710282940307,-3.1624819324797704,-0.6860481981717947
1,4.474071802376493,3.9429578002385477,3.9429578002385477,2.944876321180402,1.0,1.0,1.0,1.0,1.0,1.0,-0.27706832936674225,0.26565173585124024,-2.5471954853420193,-1.2371557637976465,-0.10477201064686059,-2.1040125346077305
1,1.6782811948961605,0.4546875913386018,0.4546875913386018,0.2646668958458094,1.0,0.0,0.0,1.0,0.0,0.0,0.16331394199807192,0.10659126624194187,1.5323166369901662,-0.6991229245293228,0.4149499459454812,1.3719313968065656
1,4.928094821286731,0.31514704673769023,0.31514704673769023,2.712919536205927,1.0,1.0,0.0,0.0,0.0,1.0,0.24872211612022294,-0.9047952021495369,-0.9550887164276629,-1.085095938420301,-1.0832765035731515,-0.1387781515407609
0,-0.5873871679762886,1.4814820757460514,0.019837741073566617,1.4814820757460514,1.0,0.0,0.0,0.0,1.0,0.0,-0.9820398706693281,-0.7589884529615427,-0.5895334518215007,-1.111526924650921,-1.3229908584421106,-1.4937028731024293
1,2.3341267509831676,1.997751051123956,1.997751051123956,5.015482033408418,0.0,0.0,0.0,1.0,1.0,0.0,-1.1032123418161475,2.5734803690367993,1.1888818350405508,0.6932402571550169,1.1367154112069555,-0.6906463101793311
0,-0.6191041366897458,-0.12874157614607684,-1.045554928026886,-0.12874157614607684,0.0,0.0,0.0,1.0,0.0,1.0,-2.162925569078012,-0.5660760283476722,-1.7366055072421216,-0.8488824803443071,0.018179725068990682,0.5396668920863422
0,1.0931117232125864,2.9550912270682943,1.6974936166983272,2.9550912270682943,0.0,0.0,1.0,0.0,0.0,0.0,-0.8426388795763795,1.782157474044522,-1.1985784202456955,-1.4751668651637746,-1.4757338214915492,-1.9979896442811864
0,2.1002200289398187,4.614505272279308,1.207491125158735,4.614505272279308,0.0,0.0,1.0,1.0,0.0,0.0,-0.3874711231050579,1.5006959226029317,-1.360926810841779,-0.7424158360323597,0.611705002510513,0.23078008161540017
0,-0.06718365560233774,0.543624562896427,-0.7804304019479789,0.543624562896427,0.0,0.0,1.0,1.0,0.0,0.0,-0.830035304612727,-0.6665480786073761,0.6235007764221375,0.8385427970550137,0.16324368778346104,-0.9927894716769998
0,0.4946290440819251,1.009659612299684,1.8739807545098464,1.009659612299684,1.0,1.0,1.0,0.0,1.0,1.0,-0.5367191060903875,-0.060917082631528174,-0.07405539783438309,-0.7615840707383673,-0.9437441247342028,-1.3625325454953847
0,0.3732250722731927,0.05708995133195005,1.1812221548689623,0.05708995133195005,0.0,0.0,0.0,0.0,0.0,0.0,-0.3177805398128951,0.914206645299844,-0.08648832270347008,0.1983875704585273,-0.36186853969076604,0.07928871819562928
0,2.204244229191105,2.9392584071406618,1.3753733015026324,2.9392584071406618,1.0,0.0,0.0,1.0,0.0,0.0,-0.7150026111932658,1.0910284447357237,0.2251692243960604,-0.14735591823203947,0.107571692383792,-0.48818029659401463
1,3.505107993691559,1.3233295237241212,1.3233295237241212,4.740421464992081,1.0,0.0,1.0,1.0,1.0,0.0,0.06351626662949073,0.23303023733931758,0.24445569602546124,1.2720741293624165,-1.037018318766079,-0.530173000652913
0,3.017316192649205,5.4259738895157295,2.517462673635114,5.4259738895157295,1.0,0.0,0.0,1.0,1.0,1.0,2.1963833567287487,0.393239788061204,0.5358179483248613,0.33897784551782123,0.7925476931172162,1.8519251914959631
1,2.944108386935393,1.3084681873871207,1.3084681873871207,3.4847366737279533,0.0,0.0,0.0,0.0,0.0,0.0,-0.03162908396013707,0.435999465326379,0.5003053431430253,1.9927955097444745,2.4241086392225553,0.9633007145603051
0,2.0986428407189948,1.574246200998694,1.2829213846624836,1.574246200998694,0.0,1.0,1.0,0.0,1.0,1.0,-0.6305673523954197,0.8506782129006356,0.2658861433072762,0.4677524681060836,0.09167773523582057,1.4726667707979089
1,2.3899359839272583,3.892915935316684,3.892915935316684,2.971330209869361,1.0,0.0,1.0,1.0,1.0,1.0,0.7666851678836591,-0.44931630570160613,-0.5625183294710925,0.17715321407051596,0.5392450347428447,0.00799003818904287
0,5.166888074835908,8.368910354044836,4.034875588787748,8.368910354044836,1.0,1.0,0.0,1.0,1.0,1.0,1.1422034261743328,1.819533039218384,1.0156111690986362,2.2126206350912314,1.0492317712793897,0.5555701168033683
0,0.8402366001981562,2.5508626368104905,3.7253055142068883,2.5508626368104905,1.0,1.0,0.0,1.0,1.0,1.0,-0.8515635124572619,0.27659245637457563,-0.7153299523724026,0.08428805785898807,0.11308698626621227,-0.6850697283167575
0,3.0501036810431232,3.1523729651455774,1.0824130734526634,3.1523729651455774,0.0,1.0,1.0,1.0,1.0,1.0,-0.23722894331895195,-0.07683486740570017,-1.5997237537534943,-0.6437204089098741,-0.48697983335521766,0.44353120176407757
1,-0.038607002053054784,-0.12969918380971213,-0.12969918380971213,0.7118116380409664,0.0,1.0,0.0,0.0,0.0,1.0,-0.20885344466216293,-1.6406787637587774,-0.3372002747988503,-0.19740370870036367,-0.15530840125969825,-0.6328737531969919
1,4.852425709842477,3.510045011972946,3.510045011972946,3.3094226596478356,0.0,1.0,1.0,0.0,0.0,0.0,1.3278269852594302,0.8742271281148776,1.678364807103962,0.635310439755752,0.9524740747710602,1.016466587598078
1,9.196651439039716,4.7039838525158855,4.7039838525158855,5.986503298892115,0.0,0.0,1.0,0.0,0.0,0.0,1.492749932887764,2.5839229243622723,0.43009191958890713,1.9041022280385005,1.0245432057641737,1.5408266550830836
1,4.6712409517256805,2.613653317780527,2.613653317780527,4.534168617780517,0.0,1.0,1.0,1.0,1.0,1.0,1.6406589550194512,0.9966189515873479,1.5944010686795438,0.020518713615586492,-0.08526259272200265,-0.39402606440228805
0,-0.883592193766312,-0.37978554063222747,0.070604160368756,-0.37978554063222747,0.0,1.0,1.0,1.0,1.0,1.0,-0.819049709776524,-0.3810532688774292,0.20260704196144347,1.0330095694016972,-0.6735646180003263,-0.04954970611021835
1,-2.5306344672154917,-1.6512447616530146,-1.6512447616530146,-0.7607725582071585,0.0,0.0,0.0,0.0,1.0,0.0,-1.3431245966618797,-0.5455149055751481,-0.20191698033591612,0.01991354223062726,-0.06543286049204118,0.17339690686803416
1,3.53068915248168,2.299205830238476,2.299205830238476,3.198656844156989,1.0,1.0,1.0,0.0,0.0,1.0,-0.3540390295738465,0.31297426822638025,-0.8837672210008725,1.0396257417409016,0.42641445729632393,0.5420181657586913
1,5.318430546437055,3.4390534958116055,3.4390534958116055,5.5049936006651015,0.0,1.0,1.0,0.0,1.0,0.0,1.6329645047262256,1.6742219688181197,1.9090089550486933,1.425155920824116,1.2427776231843146,2.0042999264585095
0,1.2627144683492517,0.9314345038436984,-1.5494625550008245,0.9314345038436984,1.0,0.0,1.0,1.0,1.0,0.0,-0.893196034279687,-1.4046366962476675,-1.1665399375000374,0.881339032898549,-0.9764884299439248,-0.8335790591997682
1,5.483587412948381,2.244188940264097,2.244188940264097,3.695247914078235,1.0,1.0,1.0,1.0,0.0,0.0,-0.006825847255551391,1.330092317943513,1.4641473596373804,0.7622388104968457,0.7884115030320825,0.1164799321528226
1,-0.01874500228562681,0.23825821134904934,0.23825821134904934,2.464444278200748,1.0,0.0,1.0,1.0,1.0,1.0,-1.4903715175823122,-0.21516986243429778,0.4156433841278676,0.16844175338597936,-0.7574962432968939,-0.7738348336502645
1,0.8707232609411375,0.40367088478659996,0.40367088478659996,3.7820673083320733,0.0,1.0,0.0,0.0,0.0,1.0,-0.5047672132874327,1.3819802861420332,1.1135703590916586,1.1358029031003118,2.0068339102019612,0.5077908430309811
0,-0.10572994045725487,0.07218288311507515,1.0487200898771636,0.07218288311507515,0.0,0.0,1.0,1.0,1.0,0.0,-0.008811960897247641,-0.20573098386081434,-0.2234386211330066,-1.5380516902325034,-1.714949859108709,-1.8329100006129053
1,1.5353293899214844,0.4365135784905812,0.4365135784905812,2.293372908020893,0.0,1.0,0.0,0.0,1.0,1.0,-0.6321694445740157,-0.4442315034064129,-0.6978707853684325,-0.252906901988653,1.3488809785039453,-0.17145838746604186
0,0.9285187777042769,4.622954194279236,2.9820132417918095,4.622954194279236,1.0,1.0,1.0,0.0,1.0,1.0,-0.7392374004390956,0.7162463653447084,-0.7369487306920252,-0.6711470470186662,0.41615960212446834,-0.8264466333664715
1,2.4729620426278713,1.7738926337502183,1.7738926337502183,1.9252259004609034,0.0,1.0,1.0,0.0,0.0,0.0,0.25085418907996576,-0.08826754881530062,0.5908648265687864,0.08472643005263009,-0.6500537926349963,-0.1276808348109703
1,-1.7379934359680087,-2.530710517600088,-2.530710517600088,-2.104317483233225,0.0,0.0,0.0,0.0,0.0,0.0,-1.152180740447685,-0.5721148955933373,-0.4754813608317371,-1.636577393915751,-0.10859462272002629,-0.7489170266746991
1,3.063055509877216,-1.9455282266184777,-1.9455282266184777,2.6771835609197523,1.0,0.0,0.0,1.0,0.0,0.0,0.37288771411316696,-3.223308655592978,-0.7883908463417708,0.5338817137204555,0.22361743046452598,-1.6762992913191934
1,-0.5093948950015224,-0.38449890523183067,-0.38449890523183067,0.1528436020782294,1.0,0.0,0.0,1.0,1.0,0.0,-1.9546933383044578,-0.07122173311299076,-0.3544385484773115,-0.5735717936666239,0.6662689011094599,0.36941754374199776
0,1.6607923002927052,1.094907058147752,2.005038813195371,1.094907058147752,0.0,0.0,0.0,0.0,1.0,1.0,0.4716598740410752,-0.05662308096920016,-0.062229866794625124,1.0096905550078994,0.5564657314662426,0.38573437008137657
0,0.5878025304685398,2.7534517347896763,0.619187615231833,2.7534517347896763,1.0,1.0,0.0,0.0,0.0,0.0,0.031634360353928234,-0.6793189156713894,-0.39534054865435114,-1.111721348635942,0.8203620635743838,-0.8725200398097186
0,2.2393935069576574,5.015438235705736,3.111824838174746,5.015438235705736,1.0,1.0,0.0,0.0,0.0,0.0,-0.5123278993108704,0.5456105218085598,-0.4602499787110329,0.613770843862502,0.4827638537578157,0.5077537092336983
1,4.077526926325656,2.6592108908759435,2.6592108908759435,3.2451037404310723,1.0,1.0,0.0,1.0,1.0,0.0,0.603366515427392,-0.10213548142050725,-0.1489874469026245,-1.5481016061924953,0.062048101175307596,0.7725074893364021
0,-3.5909650146750387,-2.1236850306227657,-2.322021783853133,-2.1236850306227657,0.0,0.0,0.0,0.0,0.0,0.0,-1.6673885049777848,-0.07776608409841101,0.05639143844110608,-1.1525557628290417,-0.4403256152978601,-0.0828944569506699
1,6.381183399476631,4.114050325160876,4.114050325160876,7.1668106671861285,0.0,0.0,1.0,0.0,1.0,1.0,2.2521522872583466,0.9510794682407493,0.07956645195222029,1.4900166115670392,1.7044203269086418,-0.8581737987292399
0,-0.615541314733344,1.4908082700853296,-1.2674235431095642,1.4908082700853296,1.0,1.0,0.0,1.0,0.0,1.0,-1.1708626778645719,-1.3785966750984038,0.9972925289291652,0.3612285162423664,-0.745575078014632,-1.1657648268666896
1,6.251049237076394,1.5501249201016645,1.5501249201016645,3.077664615348292,1.0,0.0,1.0,0.0,1.0,1.0,0.9727785741044855,0.6391341173383114,1.4392491834905108,-0.6986587725055438,1.122923791540482,-0.6050248165074186
1,3.497408372166563,3.787412461475137,3.787412461475137,4.900286244851525,1.0,1.0,1.0,0.0,1.0,1.0,-1.1101962800803271,0.7137988801480215,0.5728578463755369,-0.13830907613730073,-0.7908826762956518,-0.6857578755554764
1,3.0128082198291626,2.6698873269507284,2.6698873269507284,3.397631328703761,1.0,1.0,1.0,1.0,1.0,1.0,-0.3785886989044758,0.6992130592122177,1.2035658879319342,0.7617459307531025,0.5626359487160344,1.0492818760868845
0,1.8756049210825254,1.1862468934730652,-0.11133419285711788,1.1862468934730652,1.0,0.0,1.0,1.0,1.0,1.0,-0.9580072331236092,0.7330744223633855,-0.5687823701199293,-0.6755450832900165,-0.16450760874214831,-0.12189412060044683
1,4.513642514101225,1.3798993622447244,1.3798993622447244,4.501881965531328,0.0,0.0,0.0,0.0,1.0,0.0,0.8570326125250017,0.787429786831499,0.010460687415034031,-0.13831920168411524,0.7433594024136108,-0.3268983898776595
1,3.325484391173949,3.180441893667978,3.180441893667978,4.254364420415767,1.0,0.0,0.0,1.0,1.0,1.0,0.8596043984379145,0.6215827006563942,1.9288712498751934,0.38799982807470057,1.683254392851923,1.2460751009384807
1,3.7061796245596397,3.5237661416918584,3.5237661416918584,5.685756141262156,1.0,1.0,1.0,1.0,1.0,1.0,0.2755816461399652,-1.469103380024801,-1.2902006794866139,-0.21765741493149257,-0.534149542198045,-0.051695162469777234
0,-0.18129333169600748,-0.5346817527794219,-1.1565664842065277,-0.5346817527794219,0.0,0.0,0.0,1.0,1.0,0.0,-1.2095966285080595,-0.08510328303454495,0.27772682987204306,0.733690603095565,-0.9584084931402507,-0.16026946539148373
1,3.3475917710522776,4.215230334646383,4.215230334646383,6.259532890669751,1.0,1.0,1.0,1.0,1.0,0.0,0.3168799051663781,0.5652465393601487,0.7861255096563472,0.366814622277699,-0.703317446887597,-0.6452093702640997
0,1.725019745348828,2.969855958666869,1.832095668847236,2.969855958666869,1.0,1.0,0.0,1.0,1.0,0.0,-0.38375247406582086,-0.7717751817400703,-1.5994619578551696,0.3022724093208477,-1.1303574099713594,-1.9570218352101851
0,2.5417614141173646,5.075771380474844,4.03597665880979,5.075771380474844,1.0,1.0,0.0,0.0,1.0,0.0,0.9459863158169779,1.1782141980500127,-0.1523200292989002,-0.7193686665219816,0.8442949472588672,1.2807370448885784
0,-1.278965001972605,3.1122707765029256,1.2369151462991332,3.1122707765029256,1.0,1.0,1.0,1.0,1.0,1.0,-1.2201664732311042,-1.8338284033689236,-0.6439955824822393,-0.5732790153430132,-0.14300141417524598,0.9880327714742803
1,1.0003698909238032,-0.8308744250246262,-0.8308744250246262,0.9656843540691057,1.0,0.0,0.0,0.0,0.0,0.0,-1.1278615599138961,0.04745340228885775,-0.6204909060075665,-0.9859273438648619,0.5700898233928415,0.6604270051379536
0,-1.6142461365913898,-0.16332397646302735,-1.5362075026167834,-0.16332397646302735,0.0,0.0,0.0,0.0,0.0,1.0,-1.0225353852622816,0.15634824597657765,-0.8472178226431039,0.2611590079716581,-1.1380841123880963,-0.3838585596297699
1,4.790745647439515,1.8162259050681964,1.8162259050681964,7.691407184727913,1.0,1.0,1.0,1.0,1.0,1.0,0.3690391031825542,0.204274577032303,0.6313662191479735,1.5146376206788124,-0.07649968850392075,2.0064588096483953
1,4.596457136592654,3.1726907841818077,3.1726907841818077,8.053712265953752,1.0,0.0,1.0,0.0,0.0,1.0,1.0498262252632569,-0.5201121042792543,-0.9651867116447045,0.617385480086672,0.9616630211452338,0.9769104896511209
1,2.871247244607246,2.0631562102246326,2.0631562102246326,2.758541758281745,1.0,0.0,0.0,0.0,0.0,0.0,0.3456015607007218,0.4507132790729239,-1.516864149086979,-1.126762184242692,-0.3136677881442395,-0.5427549180943275
1,3.8979181589803433,0.03821541053002164,0.03821541053002164,2.2215947234522746,1.0,0.0,0.0,1.0,1.0,0.0,0.32201434102673604,-0.3973959624102924,-0.4548060256900519,0.6161237933703988,0.919873741106818,-0.7698618555123019
1,8.01509529524662,7.6771668821466434,7.6771668821466434,7.103314192525124,1.0,1.0,1.0,1.0,1.0,1.0,1.9954963819664997,1.329803021729526,-0.6790591231011779,-0.6215922264306897,-0.20848562492423675,0.6231817116746885
1,1.5454891760666087,-1.1588109439180314,-1.1588109439180314,0.11223512396215864,1.0,0.0,0.0,1.0,0.0,0.0,-1.6337968253315247,-0.5742332276434797,-0.4467074849300118,0.6782137262716049,0.6514269969399277,0.4026333748826754
1,3.9805441710034524,5.684287762607227,5.684287762607227,6.000087429985803,0.0,0.0,1.0,1.0,0.0,1.0,1.6527923024224553,2.411800241169252,1.1508857709065463,1.5373229226561098,0.49801450242106327,0.6234271310665418
1,4.734487246408868,-0.017693807719141974,-0.017693807719141974,3.8473046044968555,0.0,1.0,0.0,0.0,0.0,0.0,1.4905672541808597,0.3608004872601391,2.0621612566637637,-0.44961950128815686,0.41635109434625195,1.227742847636812
1,3.7870410988760668,1.3790609433451353,1.3790609433451353,5.639772249739095,0.0,1.0,1.0,0.0,0.0,0.0,0.8480256304818922,0.7958477544609351,-0.38163699114805455,0.9994287168833886,1.8030761403327922,0.6453482626326068
1,2.0731367265747496,3.674985515297778,3.674985515297778,2.661483574135512,1.0,1.0,1.0,1.0,1.0,0.0,-0.02116737639041891,-0.05324975192394893,-0.7606182556752755,0.00028493405070487143,-0.00907508876674179,-1.6326033238097466
0,0.09986044717789239,1.0486250526076293,0.27011137026486504,1.0486250526076293,1.0,1.0,0.0,0.0,0.0,0.0,-1.419112747534718,-0.7741909592781842,-0.4605529158709351,-0.6806015104462111,0.7001946017527094,-0.9346770781031466
0,0.6978030798517709,4.507099214402066,-0.13189557079060554,4.507099214402066,1.0,0.0,0.0,1.0,1.0,1.0,0.0822128980110849,0.07428256956134122,-0.19108835782231953,1.4301397375033926,0.9547645188730631,-0.15532086720644772
0,2.178716831883939,4.8821173039970684,2.9376816351456907,4.8821173039970684,1.0,0.0,1.0,0.0,1.0,0.0,1.277556179616159,0.8502695661119368,0.8049002488791355,0.7622373038808644,0.14599042268773965,0.4763654507594381
0,0.8672444967657464,1.9528160771190621,0.824161421886204,1.9528160771190621,0.0,0.0,0.0,0.0,1.0,0.0,-0.33057245150853337,0.13851975285557117,-2.3554231895561735,-0.9490909821078428,0.558071227879336,-0.21901326405251365
0,-2.0571898233907717,-2.0044800544983374,-2.6049013671933268,-2.0044800544983374,1.0,0.0,0.0,0.0,0.0,0.0,-0.909848421216306,-0.23479111289960178,1.9402812262784583,-0.7844391532103108,-1.2185095604800193,0.3256891272111071
1,0.9166380605932355,-0.7301697860218924,-0.7301697860218924,0.7242944391566594,1.0,1.0,0.0,1.0,0.0,0.0,-1.3845447534031068,-0.7907417678856508,-0.8141798744491748,-0.83474724734164,-0.7193360583452565,-1.7413216485135226
0,4.615476628942088,2.3663042816245943,3.726923836345026,2.3663042816245943,1.0,1.0,1.0,1.0,1.0,1.0,-0.3594144667903505,0.640475750722822,-0.5399846680064432,0.04580120959185577,-0.38818240056870823,-0.17955639079215213
0,-1.624163657765324,1.654499782234669,0.07819264907512757,1.654499782234669,1.0,0.0,1.0,1.0,0.0,0.0,-0.12717846044470152,-2.368595221971362,-2.008322889378355,-0.49349505929613835,-0.9156237003900988,-1.3302055756383462
0,-0.8360289050028142,2.583244303622578,1.9719564010632544,2.583244303622578,0.0,1.0,0.0,0.0,0.0,1.0,0.017001816772836978,-0.2240975857982178,0.2837378926115244,1.4831563485223214,-0.5374905964426868,-1.3102989456069336
1,6.546022958202796,4.9358532614906245,4.9358532614906245,5.3496933680383885,0.0,0.0,1.0,0.0,0.0,0.0,1.8077145196293332,2.0765330034836604,1.4884899158623381,1.3516242108890637,1.9047426414042072,1.6070369939194722
1,1.9495373683747548,0.5290502624118404,0.5290502624118404,2.892342657251052,0.0,1.0,1.0,1.0,1.0,0.0,0.04564491656816208,-1.4173038052825129,0.6242269856186782,0.7171024213274734,-1.7292287316067343,-0.2958659919468743
0,-0.1553096348713799,1.2858704154842093,-0.522077559141971,1.2858704154842093,0.0,0.0,0.0,1.0,1.0,0.0,-0.9348021765090874,0.5325700944846995,-0.46503158116115045,-0.9183605439588198,-0.4501246838069557,-1.5798444367344975
1,5.456051527196604,5.100206479868355,5.100206479868355,4.582905475579119,1.0,1.0,1.0,0.0,1.0,0.0,0.6196525352496257,1.4118083968967547,0.7168301084973503,-0.49999848854322415,0.5063306609817038,0.5312995805732206
0,0.643559000968879,1.965359268038009,0.2198332391914505,1.965359268038009,0.0,0.0,0.0,0.0,0.0,1.0,-0.2012798437868055,1.979902170039304,3.781272799776244,1.6546749779987742,2.586558146271533,0.797952562035019
1,0.1569125841498834,0.10393648935358812,0.10393648935358812,-0.38768209950417976,0.0,1.0,0.0,0.0,1.0,0.0,-0.4531119590877001,-1.4440492892911971,0.7258282161866066,-0.7072675964291864,0.21862980061896348,-1.0238255757293018
0,-0.43869890987501137,-1.7325617210557342,-2.4585035361661616,-1.7325617210557342,0.0,0.0,0.0,0.0,1.0,0.0,-1.4704513116149835,0.32924529537220143,-0.21287622635242753,-0.24758937494648248,-0.1738393442824941,0.7741807051928076
0,-1.5573327616839023,1.5519988415955166,-0.5380894182031465,1.5519988415955166,0.0,1.0,1.0,0.0,1.0,1.0,-0.9179463020976514,-1.4401680586280807,-0.1505263993183048,-1.4835263652430584,0.16535172671661563,-0.2169205077643476
1,2.907236253843297,-1.2558660098475338,-1.2558660098475338,4.439855085821026,0.0,1.0,1.0,0.0,1.0,0.0,0.3752350229449591,0.14247749646796642,0.4322430223296574,0.7910563866788237,-0.6803542725115248,-0.9564207283951582
0,-2.133483527816026,-1.6098411364630814,-4.205236796187405,-1.6098411364630814,0.0,0.0,0.0,0.0,0.0,0.0,-1.8131723207653057,-1.4579686669602079,-0.8905900398598502,-0.36918742965899976,0.5276465105376927,0.09307857925722884
1,2.6127037287191786,1.6768673422417435,1.6768673422417435,1.917610892468916,0.0,1.0,1.0,1.0,1.0,1.0,-0.3759076800984035,-0.7035436194604776,-0.9424768454691901,0.6075496876338351,0.8727847901358007,-0.19784942405133005
1,2.510316521243559,1.8855181449840817,1.8855181449840817,4.231410508845919,1.0,1.0,0.0,1.0,1.0,0.0,-0.13315041150973111,-0.24585904130962452,-1.2308730587522447,-0.4677638087992476,-0.11133621441344888,-0.03265754430988982
0,-1.951761215850338,1.5965514804718144,-0.08297166919098514,1.5965514804718144,1.0,0.0,1.0,0.0,1.0,1.0,-0.741528471192121,-0.6175537128447781,1.0162345466539644,-1.0418551464946768,0.41712384512484413,-0.6727394628711982
1,3.411863187070848,2.61610873130116,2.61610873130116,5.139994323737634,1.0,0.0,1.0,1.0,1.0,0.0,0.7258779337161388,0.18907334394693437,-0.9081664956096319,-0.5341168209476851,-0.8642525548222244,0.3417333735910279
1,3.4547771944644836,3.0576549617958033,3.0576549617958033,5.87765324764497,1.0,1.0,1.0,1.0,1.0,1.0,-0.352389693002297,0.9219431897003099,0.1037736707646299,0.3509193418285284,0.3886702108303851,0.8126152298443683
1,2.120842445196074,1.7657303871116372,1.7657303871116372,0.8150055174109834,0.0,1.0,0.0,0.0,0.0,1.0,-0.23241793637251718,0.9771090895805492,0.8600562181286457,0.02672993736154196,-0.1298344801175535,0.5019115177326089
0,-0.20358520672277258,2.8203271905111245,1.1755842097085611,2.8203271905111245,1.0,1.0,1.0,0.0,1.0,0.0,-1.5228633243164507,-0.49863365363202916,-1.3790751955543887,-0.14763774492034631,-1.8233354848699546,0.4627194642675213
0,0.6555534649136302,4.001056367874183,2.611533990575345,4.001056367874183,0.0,1.0,0.0,1.0,1.0,0.0,-0.24243597781005982,0.47829449083740927,-0.05931797053201232,0.0008755084177586442,-0.4583639317195418,-0.011446849888662187
1,0.016360613117474943,0.14372972747664317,0.14372972747664317,0.8980790640084674,1.0,0.0,1.0,0.0,0.0,0.0,-1.244495289646979,-0.7092107491691502,0.09414289265584791,0.665486836131989,-0.11943616364238648,-0.5997598279737852
1,2.5714180991654834,1.3888831258183962,1.3888831258183962,0.9836573633303505,1.0,1.0,0.0,1.0,1.0,1.0,-0.2421185116629389,-1.6735678458496035,-1.0997955351168924,0.19356269729068562,-0.6432458206466198,-1.0958822916183115
1,4.2050772954266,4.144494996740695,4.144494996740695,5.613698665151686,1.0,0.0,0.0,1.0,1.0,0.0,0.6368593105943956,1.1632282479105347,0.9279213907957036,0.28817405014653386,1.467706219330077,1.3061034853893732
1,4.966390508615627,2.276248778652496,2.276248778652496,7.494083161249191,1.0,0.0,0.0,1.0,1.0,1.0,1.4673705225421012,1.4750956596217473,1.2868837651888834,2.093191211185137,1.528992437683209,1.2221765721495468
1,2.3081385381475044,0.3039526746360064,0.3039526746360064,3.638743685872671,0.0,0.0,1.0,1.0,0.0,1.0,1.0469372699723751,-0.14572393784557422,-0.08966513732992047,-0.48089272866940236,0.5592120189163047,-0.42644284922460246
0,2.6678245658903688,1.9098408187588172,0.7755817950090482,1.9098408187588172,0.0,0.0,1.0,1.0,1.0,1.0,1.1217568641886553,-1.0876841981068248,-1.3277224758129171,-2.6188429276142697,0.15088556067468994,-1.5352192842060328
1,4.222534959421014,0.2259531474096721,0.2259531474096721,4.827413059241621,1.0,1.0,0.0,0.0,0.0,1.0,0.45351293781699076,-0.5786843124830734,-1.5851126656098233,-0.05805813025922152,-2.5076942909494018,0.5733586066848615
0,3.1404667068049297,5.611228405460356,2.3563248687976954,5.611228405460356,0.0,1.0,0.0,1.0,1.0,0.0,0.8244705898235237,1.9335207554600011,2.1838584926942364,0.694278358887433,1.3334279846880563,0.805224810640777
1,2.9547240600471802,1.7427618613809437,1.7427618613809437,0.7644740404503432,1.0,1.0,0.0,1.0,1.0,0.0,-0.34974008939422885,-0.6942961053497266,-1.0384025460347799,-1.1392663930079996,-1.3120488385539146,-0.15186565302149235
1,6.18547356939357,3.565576193305222,3.565576193305222,5.231338868670494,1.0,1.0,0.0,0.0,1.0,1.0,0.552138178354981,1.413962973429133,1.8013008184094166,1.5001658509985358,1.4486787713015388,2.089273194364754
1,0.6397690942126453,1.2930407141076814,1.2930407141076814,1.6215121241269923,0.0,0.0,0.0,0.0,0.0,0.0,-0.07099339493289565,-0.4309014181348965,-1.377339407654911,0.09170304224361253,1.8187201117828784,-0.3461054368202274
1,1.9839804096012932,2.4524242476378446,2.4524242476378446,3.700682968099494,0.0,0.0,1.0,0.0,1.0,1.0,0.492326622516771,0.9027469042015261,0.6490005957823369,-0.26981342447876594,0.46458984067793213,0.4800478125386818
1,1.3711854222261683,-0.9117598373566218,-0.9117598373566218,0.3808579468750217,0.0,1.0,0.0,0.0,0.0,0.0,-1.512265921270072,1.435765330868895,0.3556502627822078,0.015156930804231972,0.41803855177749455,1.6398605053506947
1,6.5262240983051365,3.97692695618061,3.97692695618061,3.7278629272103028,1.0,1.0,1.0,1.0,1.0,1.0,0.42056747081698287,0.6552205682559248,0.8845007365733463,0.6885010672111338,0.10228971783652618,1.1439150482492104
1,-1.243505609078016,1.160455240808757,1.160455240808757,1.0451025307924058,1.0,0.0,1.0,1.0,1.0,0.0,-0.9026077928977427,-1.6166001229500107,-1.3109112857296883,-2.567709002950317,-1.8025287962640404,-0.1785031933678347
1,9.385700648099883,5.5415401198345595,5.5415401198345595,10.133082952750794,1.0,1.0,1.0,1.0,0.0,0.0,1.42911412694604,1.7891878805904582,0.37944813717123077,0.7706184821635895,0.6242288963291729,0.6632352051326774
0,0.7350024871070695,3.338638336382875,1.336596449976987,3.338638336382875,0.0,0.0,1.0,1.0,1.0,1.0,0.804492595828398,0.17215907514071327,-0.3259725137628978,-0.3896772081630757,0.8361295071036497,1.3095733938632248
0,2.52189695220986,3.6697535102162866,0.5751616030313011,3.6697535102162866,1.0,0.0,1.0,0.0,0.0,1.0,-0.020503326025846938,-0.2864833815264777,-0.21241653668160343,0.43386905065359876,-0.9141975205671449,-1.2319990180587737
1,0.35934476369790425,-0.13955621215039588,-0.13955621215039588,1.3097216167655303,0.0,0.0,0.0,0.0,1.0,1.0,0.48256271611768387,-0.9027000332865567,-0.580406553009285,-0.5560421812859017,0.1668150324125789,-0.2966665359299755
1,2.687897162589306,1.6837973442108487,1.6837973442108487,0.8856313124195963,0.0,0.0,0.0,0.0,0.0,0.0,0.9731412605379801,-0.04287261036946932,1.037001420580431,1.2365117502648504,0.48018037434233696,1.9855408005767425
1,4.236825438329238,3.0735103715230365,3.0735103715230365,4.773488507047427,1.0,1.0,1.0,1.0,0.0,0.0,-0.13612481453837424,-0.2133275924047968,-0.28312015442870053,-0.8659665353247825,1.5917574593121961,-0.502396316763372
0,4.0529048002793715,2.694129723359028,3.2860173969275914,2.694129723359028,1.0,1.0,1.0,1.0,1.0,0.0,-0.7234861980881846,0.5496404586593224,-1.1240462747411808,-0.31435419321578933,-0.6775760181248796,-0.10860864550783855
1,7.063332862979537,3.523507277190274,3.523507277190274,3.8821047871759484,1.0,1.0,0.0,0.0,1.0,0.0,0.7828602291943533,-0.02473548384965299,-1.6162502301831854,0.4377917607776366,-0.5378855726754489,0.4471907699249271
1,5.516669367250032,2.551467349045543,2.551467349045543,3.1449858222339255,1.0,1.0,1.0,0.0,1.0,1.0,-1.2482359646735577,1.8456060627665234,-0.2883448306688038,0.8773687074946099,1.475592536250157,0.629216363988637
1,2.499560964929244,1.6725073669506274,1.6725073669506274,1.4605308035318454,1.0,1.0,1.0,1.0,1.0,0.0,-1.3091242929733622,0.1433394711885585,-0.26934296314330614,0.24559961340412018,1.1754391996473132,-0.7949861071835919
1,3.4880063178431158,1.0581309446803957,1.0581309446803957,3.5980607344731625,1.0,1.0,0.0,1.0,0.0,0.0,-0.3966470747275686,0.9567218555477464,-0.6686133690193505,0.7514472634349731,-0.12839771151738916,-0.39510357591154965
1,1.5414295599647847,1.011119694712892,1.011119694712892,1.6664059929932842,0.0,1.0,1.0,1.0,0.0,0.0,0.1971887491632145,-0.6840936108755155,2.028293657638373,1.1012033734189304,0.0825050964448818,1.6518936331128642
